series_id,FY,pre_rebuild_central,rebuilt_central,published_current_line,rebuilt_equals_published,moved,source_of_truth
coo_revenue,2026,0.0,0.0,0.0,True,False,"app.cached_aligned_scenario_detail_frames line frame, current_basecase, production key (ensemble, delayed_6m, BEFU26 comparator, balanced_structural schedule, BEFU26 shape vintage); cross-checked against the committed policy runtime line_reconciliation for the same state"
coo_revenue,2027,0.0,0.0,0.0,True,False,"app.cached_aligned_scenario_detail_frames line frame, current_basecase, production key (ensemble, delayed_6m, BEFU26 comparator, balanced_structural schedule, BEFU26 shape vintage); cross-checked against the committed policy runtime line_reconciliation for the same state"
coo_revenue,2028,0.0,0.0,0.0,True,False,"app.cached_aligned_scenario_detail_frames line frame, current_basecase, production key (ensemble, delayed_6m, BEFU26 comparator, balanced_structural schedule, BEFU26 shape vintage); cross-checked against the committed policy runtime line_reconciliation for the same state"
coo_revenue,2029,0.0,0.0,0.0,True,False,"app.cached_aligned_scenario_detail_frames line frame, current_basecase, production key (ensemble, delayed_6m, BEFU26 comparator, balanced_structural schedule, BEFU26 shape vintage); cross-checked against the committed policy runtime line_reconciliation for the same state"
coo_revenue,2030,0.0,0.0,0.0,True,False,"app.cached_aligned_scenario_detail_frames line frame, current_basecase, production key (ensemble, delayed_6m, BEFU26 comparator, balanced_structural schedule, BEFU26 shape vintage); cross-checked against the committed policy runtime line_reconciliation for the same state"
coo_revenue,2031,0.0,0.0,0.0,True,False,"app.cached_aligned_scenario_detail_frames line frame, current_basecase, production key (ensemble, delayed_6m, BEFU26 comparator, balanced_structural schedule, BEFU26 shape vintage); cross-checked against the committed policy runtime line_reconciliation for the same state"
coo_revenue,2032,0.0,0.0,0.0,True,False,"app.cached_aligned_scenario_detail_frames line frame, current_basecase, production key (ensemble, delayed_6m, BEFU26 comparator, balanced_structural schedule, BEFU26 shape vintage); cross-checked against the committed policy runtime line_reconciliation for the same state"
coo_revenue,2033,0.0,0.0,0.0,True,False,"app.cached_aligned_scenario_detail_frames line frame, current_basecase, production key (ensemble, delayed_6m, BEFU26 comparator, balanced_structural schedule, BEFU26 shape vintage); cross-checked against the committed policy runtime line_reconciliation for the same state"
coo_revenue,2034,0.0,0.0,0.0,True,False,"app.cached_aligned_scenario_detail_frames line frame, current_basecase, production key (ensemble, delayed_6m, BEFU26 comparator, balanced_structural schedule, BEFU26 shape vintage); cross-checked against the committed policy runtime line_reconciliation for the same state"
coo_revenue,2035,0.0,0.0,0.0,True,False,"app.cached_aligned_scenario_detail_frames line frame, current_basecase, production key (ensemble, delayed_6m, BEFU26 comparator, balanced_structural schedule, BEFU26 shape vintage); cross-checked against the committed policy runtime line_reconciliation for the same state"
coo_revenue,2036,0.0,0.0,0.0,True,False,"app.cached_aligned_scenario_detail_frames line frame, current_basecase, production key (ensemble, delayed_6m, BEFU26 comparator, balanced_structural schedule, BEFU26 shape vintage); cross-checked against the committed policy runtime line_reconciliation for the same state"
coo_revenue,2037,0.0,0.0,0.0,True,False,"app.cached_aligned_scenario_detail_frames line frame, current_basecase, production key (ensemble, delayed_6m, BEFU26 comparator, balanced_structural schedule, BEFU26 shape vintage); cross-checked against the committed policy runtime line_reconciliation for the same state"
coo_revenue,2038,0.0,0.0,0.0,True,False,"app.cached_aligned_scenario_detail_frames line frame, current_basecase, production key (ensemble, delayed_6m, BEFU26 comparator, balanced_structural schedule, BEFU26 shape vintage); cross-checked against the committed policy runtime line_reconciliation for the same state"
coo_revenue,2039,0.0,0.0,0.0,True,False,"app.cached_aligned_scenario_detail_frames line frame, current_basecase, production key (ensemble, delayed_6m, BEFU26 comparator, balanced_structural schedule, BEFU26 shape vintage); cross-checked against the committed policy runtime line_reconciliation for the same state"
coo_revenue,2040,0.0,0.0,0.0,True,False,"app.cached_aligned_scenario_detail_frames line frame, current_basecase, production key (ensemble, delayed_6m, BEFU26 comparator, balanced_structural schedule, BEFU26 shape vintage); cross-checked against the committed policy runtime line_reconciliation for the same state"
coo_revenue,2041,0.0,0.0,0.0,True,False,"app.cached_aligned_scenario_detail_frames line frame, current_basecase, production key (ensemble, delayed_6m, BEFU26 comparator, balanced_structural schedule, BEFU26 shape vintage); cross-checked against the committed policy runtime line_reconciliation for the same state"
coo_revenue,2042,0.0,0.0,0.0,True,False,"app.cached_aligned_scenario_detail_frames line frame, current_basecase, production key (ensemble, delayed_6m, BEFU26 comparator, balanced_structural schedule, BEFU26 shape vintage); cross-checked against the committed policy runtime line_reconciliation for the same state"
coo_revenue,2043,0.0,0.0,0.0,True,False,"app.cached_aligned_scenario_detail_frames line frame, current_basecase, production key (ensemble, delayed_6m, BEFU26 comparator, balanced_structural schedule, BEFU26 shape vintage); cross-checked against the committed policy runtime line_reconciliation for the same state"
coo_revenue,2044,0.0,0.0,0.0,True,False,"app.cached_aligned_scenario_detail_frames line frame, current_basecase, production key (ensemble, delayed_6m, BEFU26 comparator, balanced_structural schedule, BEFU26 shape vintage); cross-checked against the committed policy runtime line_reconciliation for the same state"
coo_revenue,2045,0.0,0.0,0.0,True,False,"app.cached_aligned_scenario_detail_frames line frame, current_basecase, production key (ensemble, delayed_6m, BEFU26 comparator, balanced_structural schedule, BEFU26 shape vintage); cross-checked against the committed policy runtime line_reconciliation for the same state"
coo_revenue,2046,0.0,0.0,0.0,True,False,"app.cached_aligned_scenario_detail_frames line frame, current_basecase, production key (ensemble, delayed_6m, BEFU26 comparator, balanced_structural schedule, BEFU26 shape vintage); cross-checked against the committed policy runtime line_reconciliation for the same state"
coo_revenue,2047,0.0,0.0,0.0,True,False,"app.cached_aligned_scenario_detail_frames line frame, current_basecase, production key (ensemble, delayed_6m, BEFU26 comparator, balanced_structural schedule, BEFU26 shape vintage); cross-checked against the committed policy runtime line_reconciliation for the same state"
coo_revenue,2048,0.0,0.0,0.0,True,False,"app.cached_aligned_scenario_detail_frames line frame, current_basecase, production key (ensemble, delayed_6m, BEFU26 comparator, balanced_structural schedule, BEFU26 shape vintage); cross-checked against the committed policy runtime line_reconciliation for the same state"
coo_revenue,2049,0.0,0.0,0.0,True,False,"app.cached_aligned_scenario_detail_frames line frame, current_basecase, production key (ensemble, delayed_6m, BEFU26 comparator, balanced_structural schedule, BEFU26 shape vintage); cross-checked against the committed policy runtime line_reconciliation for the same state"
coo_revenue,2050,0.0,0.0,0.0,True,False,"app.cached_aligned_scenario_detail_frames line frame, current_basecase, production key (ensemble, delayed_6m, BEFU26 comparator, balanced_structural schedule, BEFU26 shape vintage); cross-checked against the committed policy runtime line_reconciliation for the same state"
current_light_ruc_conventional_modelled_km,2026,12805.016492073193,12805.016492073193,12805.016492073193,True,False,"app.cached_aligned_scenario_detail_frames line frame, current_basecase, production key (ensemble, delayed_6m, BEFU26 comparator, balanced_structural schedule, BEFU26 shape vintage); cross-checked against the committed policy runtime line_reconciliation for the same state"
current_light_ruc_conventional_modelled_km,2027,12884.412921103954,12884.412921103954,12884.412921103954,True,False,"app.cached_aligned_scenario_detail_frames line frame, current_basecase, production key (ensemble, delayed_6m, BEFU26 comparator, balanced_structural schedule, BEFU26 shape vintage); cross-checked against the committed policy runtime line_reconciliation for the same state"
current_light_ruc_conventional_modelled_km,2028,13372.423680284688,13372.423680284688,13372.423680284688,True,False,"app.cached_aligned_scenario_detail_frames line frame, current_basecase, production key (ensemble, delayed_6m, BEFU26 comparator, balanced_structural schedule, BEFU26 shape vintage); cross-checked against the committed policy runtime line_reconciliation for the same state"
current_light_ruc_conventional_modelled_km,2029,13833.483861200531,13833.483861200531,13833.483861200531,True,False,"app.cached_aligned_scenario_detail_frames line frame, current_basecase, production key (ensemble, delayed_6m, BEFU26 comparator, balanced_structural schedule, BEFU26 shape vintage); cross-checked against the committed policy runtime line_reconciliation for the same state"
current_light_ruc_conventional_modelled_km,2030,14129.750867690173,14129.750867690173,14129.750867690173,True,False,"app.cached_aligned_scenario_detail_frames line frame, current_basecase, production key (ensemble, delayed_6m, BEFU26 comparator, balanced_structural schedule, BEFU26 shape vintage); cross-checked against the committed policy runtime line_reconciliation for the same state"
current_light_ruc_conventional_modelled_km,2031,13975.040162956282,13975.040162956282,13975.040162956282,True,False,"app.cached_aligned_scenario_detail_frames line frame, current_basecase, production key (ensemble, delayed_6m, BEFU26 comparator, balanced_structural schedule, BEFU26 shape vintage); cross-checked against the committed policy runtime line_reconciliation for the same state"
current_light_ruc_conventional_modelled_km,2032,13769.766914133534,13769.766914133534,13769.766914133534,True,False,"app.cached_aligned_scenario_detail_frames line frame, current_basecase, production key (ensemble, delayed_6m, BEFU26 comparator, balanced_structural schedule, BEFU26 shape vintage); cross-checked against the committed policy runtime line_reconciliation for the same state"
current_light_ruc_conventional_modelled_km,2033,13508.019574065615,13508.019574065615,13508.019574065615,True,False,"app.cached_aligned_scenario_detail_frames line frame, current_basecase, production key (ensemble, delayed_6m, BEFU26 comparator, balanced_structural schedule, BEFU26 shape vintage); cross-checked against the committed policy runtime line_reconciliation for the same state"
current_light_ruc_conventional_modelled_km,2034,13199.622187405255,13199.622187405255,13199.622187405255,True,False,"app.cached_aligned_scenario_detail_frames line frame, current_basecase, production key (ensemble, delayed_6m, BEFU26 comparator, balanced_structural schedule, BEFU26 shape vintage); cross-checked against the committed policy runtime line_reconciliation for the same state"
current_light_ruc_conventional_modelled_km,2035,12844.602916997665,12844.602916997665,12844.602916997665,True,False,"app.cached_aligned_scenario_detail_frames line frame, current_basecase, production key (ensemble, delayed_6m, BEFU26 comparator, balanced_structural schedule, BEFU26 shape vintage); cross-checked against the committed policy runtime line_reconciliation for the same state"
current_light_ruc_conventional_modelled_km,2036,12443.581128722195,12443.581128722195,12443.581128722195,True,False,"app.cached_aligned_scenario_detail_frames line frame, current_basecase, production key (ensemble, delayed_6m, BEFU26 comparator, balanced_structural schedule, BEFU26 shape vintage); cross-checked against the committed policy runtime line_reconciliation for the same state"
current_light_ruc_conventional_modelled_km,2037,11990.381660963953,11990.381660963953,11990.381660963953,True,False,"app.cached_aligned_scenario_detail_frames line frame, current_basecase, production key (ensemble, delayed_6m, BEFU26 comparator, balanced_structural schedule, BEFU26 shape vintage); cross-checked against the committed policy runtime line_reconciliation for the same state"
current_light_ruc_conventional_modelled_km,2038,11472.172586228144,11472.172586228144,11472.172586228144,True,False,"app.cached_aligned_scenario_detail_frames line frame, current_basecase, production key (ensemble, delayed_6m, BEFU26 comparator, balanced_structural schedule, BEFU26 shape vintage); cross-checked against the committed policy runtime line_reconciliation for the same state"
current_light_ruc_conventional_modelled_km,2039,10911.428835346602,10911.428835346602,10911.428835346602,True,False,"app.cached_aligned_scenario_detail_frames line frame, current_basecase, production key (ensemble, delayed_6m, BEFU26 comparator, balanced_structural schedule, BEFU26 shape vintage); cross-checked against the committed policy runtime line_reconciliation for the same state"
current_light_ruc_conventional_modelled_km,2040,10324.17350200051,10324.17350200051,10324.17350200051,True,False,"app.cached_aligned_scenario_detail_frames line frame, current_basecase, production key (ensemble, delayed_6m, BEFU26 comparator, balanced_structural schedule, BEFU26 shape vintage); cross-checked against the committed policy runtime line_reconciliation for the same state"
current_light_ruc_conventional_modelled_km,2041,9748.6417303738,9748.6417303738,9748.6417303738,True,False,"app.cached_aligned_scenario_detail_frames line frame, current_basecase, production key (ensemble, delayed_6m, BEFU26 comparator, balanced_structural schedule, BEFU26 shape vintage); cross-checked against the committed policy runtime line_reconciliation for the same state"
current_light_ruc_conventional_modelled_km,2042,9219.656159372384,9219.656159372384,9219.656159372384,True,False,"app.cached_aligned_scenario_detail_frames line frame, current_basecase, production key (ensemble, delayed_6m, BEFU26 comparator, balanced_structural schedule, BEFU26 shape vintage); cross-checked against the committed policy runtime line_reconciliation for the same state"
current_light_ruc_conventional_modelled_km,2043,8729.582427324138,8729.582427324138,8729.582427324138,True,False,"app.cached_aligned_scenario_detail_frames line frame, current_basecase, production key (ensemble, delayed_6m, BEFU26 comparator, balanced_structural schedule, BEFU26 shape vintage); cross-checked against the committed policy runtime line_reconciliation for the same state"
current_light_ruc_conventional_modelled_km,2044,8267.862352812681,8267.862352812681,8267.862352812681,True,False,"app.cached_aligned_scenario_detail_frames line frame, current_basecase, production key (ensemble, delayed_6m, BEFU26 comparator, balanced_structural schedule, BEFU26 shape vintage); cross-checked against the committed policy runtime line_reconciliation for the same state"
current_light_ruc_conventional_modelled_km,2045,7845.878538213883,7845.878538213883,7845.878538213883,True,False,"app.cached_aligned_scenario_detail_frames line frame, current_basecase, production key (ensemble, delayed_6m, BEFU26 comparator, balanced_structural schedule, BEFU26 shape vintage); cross-checked against the committed policy runtime line_reconciliation for the same state"
current_light_ruc_conventional_modelled_km,2046,7457.474598258262,7457.474598258262,7457.474598258262,True,False,"app.cached_aligned_scenario_detail_frames line frame, current_basecase, production key (ensemble, delayed_6m, BEFU26 comparator, balanced_structural schedule, BEFU26 shape vintage); cross-checked against the committed policy runtime line_reconciliation for the same state"
current_light_ruc_conventional_modelled_km,2047,7080.815416016549,7080.815416016549,7080.815416016549,True,False,"app.cached_aligned_scenario_detail_frames line frame, current_basecase, production key (ensemble, delayed_6m, BEFU26 comparator, balanced_structural schedule, BEFU26 shape vintage); cross-checked against the committed policy runtime line_reconciliation for the same state"
current_light_ruc_conventional_modelled_km,2048,6725.091690231553,6725.091690231553,6725.091690231553,True,False,"app.cached_aligned_scenario_detail_frames line frame, current_basecase, production key (ensemble, delayed_6m, BEFU26 comparator, balanced_structural schedule, BEFU26 shape vintage); cross-checked against the committed policy runtime line_reconciliation for the same state"
current_light_ruc_conventional_modelled_km,2049,6373.2890576886,6373.2890576886,6373.2890576886,True,False,"app.cached_aligned_scenario_detail_frames line frame, current_basecase, production key (ensemble, delayed_6m, BEFU26 comparator, balanced_structural schedule, BEFU26 shape vintage); cross-checked against the committed policy runtime line_reconciliation for the same state"
current_light_ruc_conventional_modelled_km,2050,6027.296699807985,6027.296699807985,6027.296699807985,True,False,"app.cached_aligned_scenario_detail_frames line frame, current_basecase, production key (ensemble, delayed_6m, BEFU26 comparator, balanced_structural schedule, BEFU26 shape vintage); cross-checked against the committed policy runtime line_reconciliation for the same state"
fed_refunds,2026,72.3868062026043,72.3868062026043,72.3868062026043,True,False,"app.cached_aligned_scenario_detail_frames line frame, current_basecase, production key (ensemble, delayed_6m, BEFU26 comparator, balanced_structural schedule, BEFU26 shape vintage); cross-checked against the committed policy runtime line_reconciliation for the same state"
fed_refunds,2027,80.6529606896518,80.6529606896518,80.6529606896518,True,False,"app.cached_aligned_scenario_detail_frames line frame, current_basecase, production key (ensemble, delayed_6m, BEFU26 comparator, balanced_structural schedule, BEFU26 shape vintage); cross-checked against the committed policy runtime line_reconciliation for the same state"
fed_refunds,2028,91.4673022517422,91.4673022517422,91.4673022517422,True,False,"app.cached_aligned_scenario_detail_frames line frame, current_basecase, production key (ensemble, delayed_6m, BEFU26 comparator, balanced_structural schedule, BEFU26 shape vintage); cross-checked against the committed policy runtime line_reconciliation for the same state"
fed_refunds,2029,97.6737041163894,97.6737041163894,97.6737041163894,True,False,"app.cached_aligned_scenario_detail_frames line frame, current_basecase, production key (ensemble, delayed_6m, BEFU26 comparator, balanced_structural schedule, BEFU26 shape vintage); cross-checked against the committed policy runtime line_reconciliation for the same state"
fed_refunds,2030,102.477188461442,102.477188461442,102.477188461442,True,False,"app.cached_aligned_scenario_detail_frames line frame, current_basecase, production key (ensemble, delayed_6m, BEFU26 comparator, balanced_structural schedule, BEFU26 shape vintage); cross-checked against the committed policy runtime line_reconciliation for the same state"
fed_refunds,2031,105.428538617792,105.428538617792,105.428538617792,True,False,"app.cached_aligned_scenario_detail_frames line frame, current_basecase, production key (ensemble, delayed_6m, BEFU26 comparator, balanced_structural schedule, BEFU26 shape vintage); cross-checked against the committed policy runtime line_reconciliation for the same state"
fed_refunds,2032,107.880660403128,107.880660403128,107.880660403128,True,False,"app.cached_aligned_scenario_detail_frames line frame, current_basecase, production key (ensemble, delayed_6m, BEFU26 comparator, balanced_structural schedule, BEFU26 shape vintage); cross-checked against the committed policy runtime line_reconciliation for the same state"
fed_refunds,2033,109.618818619908,109.618818619908,109.618818619908,True,False,"app.cached_aligned_scenario_detail_frames line frame, current_basecase, production key (ensemble, delayed_6m, BEFU26 comparator, balanced_structural schedule, BEFU26 shape vintage); cross-checked against the committed policy runtime line_reconciliation for the same state"
fed_refunds,2034,110.874936585782,110.874936585782,110.874936585782,True,False,"app.cached_aligned_scenario_detail_frames line frame, current_basecase, production key (ensemble, delayed_6m, BEFU26 comparator, balanced_structural schedule, BEFU26 shape vintage); cross-checked against the committed policy runtime line_reconciliation for the same state"
fed_refunds,2035,111.445970529907,111.445970529907,111.445970529907,True,False,"app.cached_aligned_scenario_detail_frames line frame, current_basecase, production key (ensemble, delayed_6m, BEFU26 comparator, balanced_structural schedule, BEFU26 shape vintage); cross-checked against the committed policy runtime line_reconciliation for the same state"
fed_refunds,2036,111.176191918272,111.176191918272,111.176191918272,True,False,"app.cached_aligned_scenario_detail_frames line frame, current_basecase, production key (ensemble, delayed_6m, BEFU26 comparator, balanced_structural schedule, BEFU26 shape vintage); cross-checked against the committed policy runtime line_reconciliation for the same state"
fed_refunds,2037,110.042913972117,110.042913972117,110.042913972117,True,False,"app.cached_aligned_scenario_detail_frames line frame, current_basecase, production key (ensemble, delayed_6m, BEFU26 comparator, balanced_structural schedule, BEFU26 shape vintage); cross-checked against the committed policy runtime line_reconciliation for the same state"
fed_refunds,2038,107.913508675593,107.913508675593,107.913508675593,True,False,"app.cached_aligned_scenario_detail_frames line frame, current_basecase, production key (ensemble, delayed_6m, BEFU26 comparator, balanced_structural schedule, BEFU26 shape vintage); cross-checked against the committed policy runtime line_reconciliation for the same state"
fed_refunds,2039,104.840874026332,104.840874026332,104.840874026332,True,False,"app.cached_aligned_scenario_detail_frames line frame, current_basecase, production key (ensemble, delayed_6m, BEFU26 comparator, balanced_structural schedule, BEFU26 shape vintage); cross-checked against the committed policy runtime line_reconciliation for the same state"
fed_refunds,2040,100.944261351029,100.944261351029,100.944261351029,True,False,"app.cached_aligned_scenario_detail_frames line frame, current_basecase, production key (ensemble, delayed_6m, BEFU26 comparator, balanced_structural schedule, BEFU26 shape vintage); cross-checked against the committed policy runtime line_reconciliation for the same state"
fed_refunds,2041,96.3322291474112,96.3322291474112,96.3322291474112,True,False,"app.cached_aligned_scenario_detail_frames line frame, current_basecase, production key (ensemble, delayed_6m, BEFU26 comparator, balanced_structural schedule, BEFU26 shape vintage); cross-checked against the committed policy runtime line_reconciliation for the same state"
fed_refunds,2042,90.5422688383918,90.5422688383918,90.5422688383918,True,False,"app.cached_aligned_scenario_detail_frames line frame, current_basecase, production key (ensemble, delayed_6m, BEFU26 comparator, balanced_structural schedule, BEFU26 shape vintage); cross-checked against the committed policy runtime line_reconciliation for the same state"
fed_refunds,2043,84.3336057989786,84.3336057989786,84.3336057989786,True,False,"app.cached_aligned_scenario_detail_frames line frame, current_basecase, production key (ensemble, delayed_6m, BEFU26 comparator, balanced_structural schedule, BEFU26 shape vintage); cross-checked against the committed policy runtime line_reconciliation for the same state"
fed_refunds,2044,78.1830347453577,78.1830347453577,78.1830347453577,True,False,"app.cached_aligned_scenario_detail_frames line frame, current_basecase, production key (ensemble, delayed_6m, BEFU26 comparator, balanced_structural schedule, BEFU26 shape vintage); cross-checked against the committed policy runtime line_reconciliation for the same state"
fed_refunds,2045,72.2614752287827,72.2614752287827,72.2614752287827,True,False,"app.cached_aligned_scenario_detail_frames line frame, current_basecase, production key (ensemble, delayed_6m, BEFU26 comparator, balanced_structural schedule, BEFU26 shape vintage); cross-checked against the committed policy runtime line_reconciliation for the same state"
fed_refunds,2046,66.6787339973973,66.6787339973973,66.6787339973973,True,False,"app.cached_aligned_scenario_detail_frames line frame, current_basecase, production key (ensemble, delayed_6m, BEFU26 comparator, balanced_structural schedule, BEFU26 shape vintage); cross-checked against the committed policy runtime line_reconciliation for the same state"
fed_refunds,2047,61.4417326492604,61.4417326492604,61.4417326492604,True,False,"app.cached_aligned_scenario_detail_frames line frame, current_basecase, production key (ensemble, delayed_6m, BEFU26 comparator, balanced_structural schedule, BEFU26 shape vintage); cross-checked against the committed policy runtime line_reconciliation for the same state"
fed_refunds,2048,56.625431852433,56.625431852433,56.625431852433,True,False,"app.cached_aligned_scenario_detail_frames line frame, current_basecase, production key (ensemble, delayed_6m, BEFU26 comparator, balanced_structural schedule, BEFU26 shape vintage); cross-checked against the committed policy runtime line_reconciliation for the same state"
fed_refunds,2049,52.1359432142043,52.1359432142043,52.1359432142043,True,False,"app.cached_aligned_scenario_detail_frames line frame, current_basecase, production key (ensemble, delayed_6m, BEFU26 comparator, balanced_structural schedule, BEFU26 shape vintage); cross-checked against the committed policy runtime line_reconciliation for the same state"
fed_refunds,2050,47.9565731676092,47.9565731676092,47.9565731676092,True,False,"app.cached_aligned_scenario_detail_frames line frame, current_basecase, production key (ensemble, delayed_6m, BEFU26 comparator, balanced_structural schedule, BEFU26 shape vintage); cross-checked against the committed policy runtime line_reconciliation for the same state"
gross_cng_revenue,2026,0.0,0.0,0.0,True,False,"app.cached_aligned_scenario_detail_frames line frame, current_basecase, production key (ensemble, delayed_6m, BEFU26 comparator, balanced_structural schedule, BEFU26 shape vintage); cross-checked against the committed policy runtime line_reconciliation for the same state"
gross_cng_revenue,2027,0.0,0.0,0.0,True,False,"app.cached_aligned_scenario_detail_frames line frame, current_basecase, production key (ensemble, delayed_6m, BEFU26 comparator, balanced_structural schedule, BEFU26 shape vintage); cross-checked against the committed policy runtime line_reconciliation for the same state"
gross_cng_revenue,2028,0.0,0.0,0.0,True,False,"app.cached_aligned_scenario_detail_frames line frame, current_basecase, production key (ensemble, delayed_6m, BEFU26 comparator, balanced_structural schedule, BEFU26 shape vintage); cross-checked against the committed policy runtime line_reconciliation for the same state"
gross_cng_revenue,2029,0.0,0.0,0.0,True,False,"app.cached_aligned_scenario_detail_frames line frame, current_basecase, production key (ensemble, delayed_6m, BEFU26 comparator, balanced_structural schedule, BEFU26 shape vintage); cross-checked against the committed policy runtime line_reconciliation for the same state"
gross_cng_revenue,2030,0.0,0.0,0.0,True,False,"app.cached_aligned_scenario_detail_frames line frame, current_basecase, production key (ensemble, delayed_6m, BEFU26 comparator, balanced_structural schedule, BEFU26 shape vintage); cross-checked against the committed policy runtime line_reconciliation for the same state"
gross_cng_revenue,2031,0.0,0.0,0.0,True,False,"app.cached_aligned_scenario_detail_frames line frame, current_basecase, production key (ensemble, delayed_6m, BEFU26 comparator, balanced_structural schedule, BEFU26 shape vintage); cross-checked against the committed policy runtime line_reconciliation for the same state"
gross_cng_revenue,2032,0.0,0.0,0.0,True,False,"app.cached_aligned_scenario_detail_frames line frame, current_basecase, production key (ensemble, delayed_6m, BEFU26 comparator, balanced_structural schedule, BEFU26 shape vintage); cross-checked against the committed policy runtime line_reconciliation for the same state"
gross_cng_revenue,2033,0.0,0.0,0.0,True,False,"app.cached_aligned_scenario_detail_frames line frame, current_basecase, production key (ensemble, delayed_6m, BEFU26 comparator, balanced_structural schedule, BEFU26 shape vintage); cross-checked against the committed policy runtime line_reconciliation for the same state"
gross_cng_revenue,2034,0.0,0.0,0.0,True,False,"app.cached_aligned_scenario_detail_frames line frame, current_basecase, production key (ensemble, delayed_6m, BEFU26 comparator, balanced_structural schedule, BEFU26 shape vintage); cross-checked against the committed policy runtime line_reconciliation for the same state"
gross_cng_revenue,2035,0.0,0.0,0.0,True,False,"app.cached_aligned_scenario_detail_frames line frame, current_basecase, production key (ensemble, delayed_6m, BEFU26 comparator, balanced_structural schedule, BEFU26 shape vintage); cross-checked against the committed policy runtime line_reconciliation for the same state"
gross_cng_revenue,2036,0.0,0.0,0.0,True,False,"app.cached_aligned_scenario_detail_frames line frame, current_basecase, production key (ensemble, delayed_6m, BEFU26 comparator, balanced_structural schedule, BEFU26 shape vintage); cross-checked against the committed policy runtime line_reconciliation for the same state"
gross_cng_revenue,2037,0.0,0.0,0.0,True,False,"app.cached_aligned_scenario_detail_frames line frame, current_basecase, production key (ensemble, delayed_6m, BEFU26 comparator, balanced_structural schedule, BEFU26 shape vintage); cross-checked against the committed policy runtime line_reconciliation for the same state"
gross_cng_revenue,2038,0.0,0.0,0.0,True,False,"app.cached_aligned_scenario_detail_frames line frame, current_basecase, production key (ensemble, delayed_6m, BEFU26 comparator, balanced_structural schedule, BEFU26 shape vintage); cross-checked against the committed policy runtime line_reconciliation for the same state"
gross_cng_revenue,2039,0.0,0.0,0.0,True,False,"app.cached_aligned_scenario_detail_frames line frame, current_basecase, production key (ensemble, delayed_6m, BEFU26 comparator, balanced_structural schedule, BEFU26 shape vintage); cross-checked against the committed policy runtime line_reconciliation for the same state"
gross_cng_revenue,2040,0.0,0.0,0.0,True,False,"app.cached_aligned_scenario_detail_frames line frame, current_basecase, production key (ensemble, delayed_6m, BEFU26 comparator, balanced_structural schedule, BEFU26 shape vintage); cross-checked against the committed policy runtime line_reconciliation for the same state"
gross_cng_revenue,2041,0.0,0.0,0.0,True,False,"app.cached_aligned_scenario_detail_frames line frame, current_basecase, production key (ensemble, delayed_6m, BEFU26 comparator, balanced_structural schedule, BEFU26 shape vintage); cross-checked against the committed policy runtime line_reconciliation for the same state"
gross_cng_revenue,2042,0.0,0.0,0.0,True,False,"app.cached_aligned_scenario_detail_frames line frame, current_basecase, production key (ensemble, delayed_6m, BEFU26 comparator, balanced_structural schedule, BEFU26 shape vintage); cross-checked against the committed policy runtime line_reconciliation for the same state"
gross_cng_revenue,2043,0.0,0.0,0.0,True,False,"app.cached_aligned_scenario_detail_frames line frame, current_basecase, production key (ensemble, delayed_6m, BEFU26 comparator, balanced_structural schedule, BEFU26 shape vintage); cross-checked against the committed policy runtime line_reconciliation for the same state"
gross_cng_revenue,2044,0.0,0.0,0.0,True,False,"app.cached_aligned_scenario_detail_frames line frame, current_basecase, production key (ensemble, delayed_6m, BEFU26 comparator, balanced_structural schedule, BEFU26 shape vintage); cross-checked against the committed policy runtime line_reconciliation for the same state"
gross_cng_revenue,2045,0.0,0.0,0.0,True,False,"app.cached_aligned_scenario_detail_frames line frame, current_basecase, production key (ensemble, delayed_6m, BEFU26 comparator, balanced_structural schedule, BEFU26 shape vintage); cross-checked against the committed policy runtime line_reconciliation for the same state"
gross_cng_revenue,2046,0.0,0.0,0.0,True,False,"app.cached_aligned_scenario_detail_frames line frame, current_basecase, production key (ensemble, delayed_6m, BEFU26 comparator, balanced_structural schedule, BEFU26 shape vintage); cross-checked against the committed policy runtime line_reconciliation for the same state"
gross_cng_revenue,2047,0.0,0.0,0.0,True,False,"app.cached_aligned_scenario_detail_frames line frame, current_basecase, production key (ensemble, delayed_6m, BEFU26 comparator, balanced_structural schedule, BEFU26 shape vintage); cross-checked against the committed policy runtime line_reconciliation for the same state"
gross_cng_revenue,2048,0.0,0.0,0.0,True,False,"app.cached_aligned_scenario_detail_frames line frame, current_basecase, production key (ensemble, delayed_6m, BEFU26 comparator, balanced_structural schedule, BEFU26 shape vintage); cross-checked against the committed policy runtime line_reconciliation for the same state"
gross_cng_revenue,2049,0.0,0.0,0.0,True,False,"app.cached_aligned_scenario_detail_frames line frame, current_basecase, production key (ensemble, delayed_6m, BEFU26 comparator, balanced_structural schedule, BEFU26 shape vintage); cross-checked against the committed policy runtime line_reconciliation for the same state"
gross_cng_revenue,2050,0.0,0.0,0.0,True,False,"app.cached_aligned_scenario_detail_frames line frame, current_basecase, production key (ensemble, delayed_6m, BEFU26 comparator, balanced_structural schedule, BEFU26 shape vintage); cross-checked against the committed policy runtime line_reconciliation for the same state"
gross_fed_revenue,2026,2187.5933637741396,2187.5933637741396,2187.5933637741396,True,False,"app.cached_aligned_scenario_detail_frames line frame, current_basecase, production key (ensemble, delayed_6m, BEFU26 comparator, balanced_structural schedule, BEFU26 shape vintage); cross-checked against the committed policy runtime line_reconciliation for the same state"
gross_fed_revenue,2027,2146.0791975224397,2146.0791975224397,2146.0791975224397,True,False,"app.cached_aligned_scenario_detail_frames line frame, current_basecase, production key (ensemble, delayed_6m, BEFU26 comparator, balanced_structural schedule, BEFU26 shape vintage); cross-checked against the committed policy runtime line_reconciliation for the same state"
gross_fed_revenue,2028,2594.3024549141055,2594.3024549141055,2594.3024549141055,True,False,"app.cached_aligned_scenario_detail_frames line frame, current_basecase, production key (ensemble, delayed_6m, BEFU26 comparator, balanced_structural schedule, BEFU26 shape vintage); cross-checked against the committed policy runtime line_reconciliation for the same state"
gross_fed_revenue,2029,2748.8464527727433,2748.8464527727433,2748.8464527727433,True,False,"app.cached_aligned_scenario_detail_frames line frame, current_basecase, production key (ensemble, delayed_6m, BEFU26 comparator, balanced_structural schedule, BEFU26 shape vintage); cross-checked against the committed policy runtime line_reconciliation for the same state"
gross_fed_revenue,2030,2866.359915761655,2866.359915761655,2866.359915761655,True,False,"app.cached_aligned_scenario_detail_frames line frame, current_basecase, production key (ensemble, delayed_6m, BEFU26 comparator, balanced_structural schedule, BEFU26 shape vintage); cross-checked against the committed policy runtime line_reconciliation for the same state"
gross_fed_revenue,2031,2978.9669393768945,2978.9669393768945,2978.9669393768945,True,False,"app.cached_aligned_scenario_detail_frames line frame, current_basecase, production key (ensemble, delayed_6m, BEFU26 comparator, balanced_structural schedule, BEFU26 shape vintage); cross-checked against the committed policy runtime line_reconciliation for the same state"
gross_fed_revenue,2032,3080.122584341381,3080.122584341381,3080.122584341381,True,False,"app.cached_aligned_scenario_detail_frames line frame, current_basecase, production key (ensemble, delayed_6m, BEFU26 comparator, balanced_structural schedule, BEFU26 shape vintage); cross-checked against the committed policy runtime line_reconciliation for the same state"
gross_fed_revenue,2033,3167.214955216043,3167.214955216043,3167.214955216043,True,False,"app.cached_aligned_scenario_detail_frames line frame, current_basecase, production key (ensemble, delayed_6m, BEFU26 comparator, balanced_structural schedule, BEFU26 shape vintage); cross-checked against the committed policy runtime line_reconciliation for the same state"
gross_fed_revenue,2034,3239.798507418344,3239.798507418344,3239.798507418344,True,False,"app.cached_aligned_scenario_detail_frames line frame, current_basecase, production key (ensemble, delayed_6m, BEFU26 comparator, balanced_structural schedule, BEFU26 shape vintage); cross-checked against the committed policy runtime line_reconciliation for the same state"
gross_fed_revenue,2035,3290.289488586898,3290.289488586898,3290.289488586898,True,False,"app.cached_aligned_scenario_detail_frames line frame, current_basecase, production key (ensemble, delayed_6m, BEFU26 comparator, balanced_structural schedule, BEFU26 shape vintage); cross-checked against the committed policy runtime line_reconciliation for the same state"
gross_fed_revenue,2036,3311.2184948829804,3311.2184948829804,3311.2184948829804,True,False,"app.cached_aligned_scenario_detail_frames line frame, current_basecase, production key (ensemble, delayed_6m, BEFU26 comparator, balanced_structural schedule, BEFU26 shape vintage); cross-checked against the committed policy runtime line_reconciliation for the same state"
gross_fed_revenue,2037,3295.2685593300216,3295.2685593300216,3295.2685593300216,True,False,"app.cached_aligned_scenario_detail_frames line frame, current_basecase, production key (ensemble, delayed_6m, BEFU26 comparator, balanced_structural schedule, BEFU26 shape vintage); cross-checked against the committed policy runtime line_reconciliation for the same state"
gross_fed_revenue,2038,3235.0158292999904,3235.0158292999904,3235.0158292999904,True,False,"app.cached_aligned_scenario_detail_frames line frame, current_basecase, production key (ensemble, delayed_6m, BEFU26 comparator, balanced_structural schedule, BEFU26 shape vintage); cross-checked against the committed policy runtime line_reconciliation for the same state"
gross_fed_revenue,2039,3127.5975327148194,3127.5975327148194,3127.5975327148194,True,False,"app.cached_aligned_scenario_detail_frames line frame, current_basecase, production key (ensemble, delayed_6m, BEFU26 comparator, balanced_structural schedule, BEFU26 shape vintage); cross-checked against the committed policy runtime line_reconciliation for the same state"
gross_fed_revenue,2040,2975.9629417895653,2975.9629417895653,2975.9629417895653,True,False,"app.cached_aligned_scenario_detail_frames line frame, current_basecase, production key (ensemble, delayed_6m, BEFU26 comparator, balanced_structural schedule, BEFU26 shape vintage); cross-checked against the committed policy runtime line_reconciliation for the same state"
gross_fed_revenue,2041,2787.9220838360875,2787.9220838360875,2787.9220838360875,True,False,"app.cached_aligned_scenario_detail_frames line frame, current_basecase, production key (ensemble, delayed_6m, BEFU26 comparator, balanced_structural schedule, BEFU26 shape vintage); cross-checked against the committed policy runtime line_reconciliation for the same state"
gross_fed_revenue,2042,2561.068765000006,2561.068765000006,2561.068765000006,True,False,"app.cached_aligned_scenario_detail_frames line frame, current_basecase, production key (ensemble, delayed_6m, BEFU26 comparator, balanced_structural schedule, BEFU26 shape vintage); cross-checked against the committed policy runtime line_reconciliation for the same state"
gross_fed_revenue,2043,2326.1810937234854,2326.1810937234854,2326.1810937234854,True,False,"app.cached_aligned_scenario_detail_frames line frame, current_basecase, production key (ensemble, delayed_6m, BEFU26 comparator, balanced_structural schedule, BEFU26 shape vintage); cross-checked against the committed policy runtime line_reconciliation for the same state"
gross_fed_revenue,2044,2109.6464397940786,2109.6464397940786,2109.6464397940786,True,False,"app.cached_aligned_scenario_detail_frames line frame, current_basecase, production key (ensemble, delayed_6m, BEFU26 comparator, balanced_structural schedule, BEFU26 shape vintage); cross-checked against the committed policy runtime line_reconciliation for the same state"
gross_fed_revenue,2045,1928.789890265451,1928.789890265451,1928.789890265451,True,False,"app.cached_aligned_scenario_detail_frames line frame, current_basecase, production key (ensemble, delayed_6m, BEFU26 comparator, balanced_structural schedule, BEFU26 shape vintage); cross-checked against the committed policy runtime line_reconciliation for the same state"
gross_fed_revenue,2046,1775.9065160755508,1775.9065160755508,1775.9065160755508,True,False,"app.cached_aligned_scenario_detail_frames line frame, current_basecase, production key (ensemble, delayed_6m, BEFU26 comparator, balanced_structural schedule, BEFU26 shape vintage); cross-checked against the committed policy runtime line_reconciliation for the same state"
gross_fed_revenue,2047,1632.9703788364845,1632.9703788364845,1632.9703788364845,True,False,"app.cached_aligned_scenario_detail_frames line frame, current_basecase, production key (ensemble, delayed_6m, BEFU26 comparator, balanced_structural schedule, BEFU26 shape vintage); cross-checked against the committed policy runtime line_reconciliation for the same state"
gross_fed_revenue,2048,1501.8766353535937,1501.8766353535937,1501.8766353535937,True,False,"app.cached_aligned_scenario_detail_frames line frame, current_basecase, production key (ensemble, delayed_6m, BEFU26 comparator, balanced_structural schedule, BEFU26 shape vintage); cross-checked against the committed policy runtime line_reconciliation for the same state"
gross_fed_revenue,2049,1380.037171425426,1380.037171425426,1380.037171425426,True,False,"app.cached_aligned_scenario_detail_frames line frame, current_basecase, production key (ensemble, delayed_6m, BEFU26 comparator, balanced_structural schedule, BEFU26 shape vintage); cross-checked against the committed policy runtime line_reconciliation for the same state"
gross_fed_revenue,2050,1266.9318504423402,1266.9318504423402,1266.9318504423402,True,False,"app.cached_aligned_scenario_detail_frames line frame, current_basecase, production key (ensemble, delayed_6m, BEFU26 comparator, balanced_structural schedule, BEFU26 shape vintage); cross-checked against the committed policy runtime line_reconciliation for the same state"
gross_lpg_revenue,2026,42.0451626401906,42.0451626401906,42.0451626401906,True,False,"app.cached_aligned_scenario_detail_frames line frame, current_basecase, production key (ensemble, delayed_6m, BEFU26 comparator, balanced_structural schedule, BEFU26 shape vintage); cross-checked against the committed policy runtime line_reconciliation for the same state"
gross_lpg_revenue,2027,42.6326898203412,42.6326898203412,42.6326898203412,True,False,"app.cached_aligned_scenario_detail_frames line frame, current_basecase, production key (ensemble, delayed_6m, BEFU26 comparator, balanced_structural schedule, BEFU26 shape vintage); cross-checked against the committed policy runtime line_reconciliation for the same state"
gross_lpg_revenue,2028,42.8533768621873,42.8533768621873,42.8533768621873,True,False,"app.cached_aligned_scenario_detail_frames line frame, current_basecase, production key (ensemble, delayed_6m, BEFU26 comparator, balanced_structural schedule, BEFU26 shape vintage); cross-checked against the committed policy runtime line_reconciliation for the same state"
gross_lpg_revenue,2029,43.0565466561107,43.0565466561107,43.0565466561107,True,False,"app.cached_aligned_scenario_detail_frames line frame, current_basecase, production key (ensemble, delayed_6m, BEFU26 comparator, balanced_structural schedule, BEFU26 shape vintage); cross-checked against the committed policy runtime line_reconciliation for the same state"
gross_lpg_revenue,2030,43.2447778470936,43.2447778470936,43.2447778470936,True,False,"app.cached_aligned_scenario_detail_frames line frame, current_basecase, production key (ensemble, delayed_6m, BEFU26 comparator, balanced_structural schedule, BEFU26 shape vintage); cross-checked against the committed policy runtime line_reconciliation for the same state"
gross_lpg_revenue,2031,43.4201183252799,43.4201183252799,43.4201183252799,True,False,"app.cached_aligned_scenario_detail_frames line frame, current_basecase, production key (ensemble, delayed_6m, BEFU26 comparator, balanced_structural schedule, BEFU26 shape vintage); cross-checked against the committed policy runtime line_reconciliation for the same state"
gross_lpg_revenue,2032,43.5842216228547,43.5842216228547,43.5842216228547,True,False,"app.cached_aligned_scenario_detail_frames line frame, current_basecase, production key (ensemble, delayed_6m, BEFU26 comparator, balanced_structural schedule, BEFU26 shape vintage); cross-checked against the committed policy runtime line_reconciliation for the same state"
gross_lpg_revenue,2033,43.7384421166535,43.7384421166535,43.7384421166535,True,False,"app.cached_aligned_scenario_detail_frames line frame, current_basecase, production key (ensemble, delayed_6m, BEFU26 comparator, balanced_structural schedule, BEFU26 shape vintage); cross-checked against the committed policy runtime line_reconciliation for the same state"
gross_lpg_revenue,2034,43.8839031230627,43.8839031230627,43.8839031230627,True,False,"app.cached_aligned_scenario_detail_frames line frame, current_basecase, production key (ensemble, delayed_6m, BEFU26 comparator, balanced_structural schedule, BEFU26 shape vintage); cross-checked against the committed policy runtime line_reconciliation for the same state"
gross_lpg_revenue,2035,44.0215466525324,44.0215466525324,44.0215466525324,True,False,"app.cached_aligned_scenario_detail_frames line frame, current_basecase, production key (ensemble, delayed_6m, BEFU26 comparator, balanced_structural schedule, BEFU26 shape vintage); cross-checked against the committed policy runtime line_reconciliation for the same state"
gross_lpg_revenue,2036,44.1521704507391,44.1521704507391,44.1521704507391,True,False,"app.cached_aligned_scenario_detail_frames line frame, current_basecase, production key (ensemble, delayed_6m, BEFU26 comparator, balanced_structural schedule, BEFU26 shape vintage); cross-checked against the committed policy runtime line_reconciliation for the same state"
gross_lpg_revenue,2037,44.2764560365186,44.2764560365186,44.2764560365186,True,False,"app.cached_aligned_scenario_detail_frames line frame, current_basecase, production key (ensemble, delayed_6m, BEFU26 comparator, balanced_structural schedule, BEFU26 shape vintage); cross-checked against the committed policy runtime line_reconciliation for the same state"
gross_lpg_revenue,2038,44.3949902416884,44.3949902416884,44.3949902416884,True,False,"app.cached_aligned_scenario_detail_frames line frame, current_basecase, production key (ensemble, delayed_6m, BEFU26 comparator, balanced_structural schedule, BEFU26 shape vintage); cross-checked against the committed policy runtime line_reconciliation for the same state"
gross_lpg_revenue,2039,44.5082819804597,44.5082819804597,44.5082819804597,True,False,"app.cached_aligned_scenario_detail_frames line frame, current_basecase, production key (ensemble, delayed_6m, BEFU26 comparator, balanced_structural schedule, BEFU26 shape vintage); cross-checked against the committed policy runtime line_reconciliation for the same state"
gross_lpg_revenue,2040,44.6167754628172,44.6167754628172,44.6167754628172,True,False,"app.cached_aligned_scenario_detail_frames line frame, current_basecase, production key (ensemble, delayed_6m, BEFU26 comparator, balanced_structural schedule, BEFU26 shape vintage); cross-checked against the committed policy runtime line_reconciliation for the same state"
gross_lpg_revenue,2041,44.7208607201694,44.7208607201694,44.7208607201694,True,False,"app.cached_aligned_scenario_detail_frames line frame, current_basecase, production key (ensemble, delayed_6m, BEFU26 comparator, balanced_structural schedule, BEFU26 shape vintage); cross-checked against the committed policy runtime line_reconciliation for the same state"
gross_lpg_revenue,2042,44.8208820738309,44.8208820738309,44.8208820738309,True,False,"app.cached_aligned_scenario_detail_frames line frame, current_basecase, production key (ensemble, delayed_6m, BEFU26 comparator, balanced_structural schedule, BEFU26 shape vintage); cross-checked against the committed policy runtime line_reconciliation for the same state"
gross_lpg_revenue,2043,44.9171450107643,44.9171450107643,44.9171450107643,True,False,"app.cached_aligned_scenario_detail_frames line frame, current_basecase, production key (ensemble, delayed_6m, BEFU26 comparator, balanced_structural schedule, BEFU26 shape vintage); cross-checked against the committed policy runtime line_reconciliation for the same state"
gross_lpg_revenue,2044,45.0099218130958,45.0099218130958,45.0099218130958,True,False,"app.cached_aligned_scenario_detail_frames line frame, current_basecase, production key (ensemble, delayed_6m, BEFU26 comparator, balanced_structural schedule, BEFU26 shape vintage); cross-checked against the committed policy runtime line_reconciliation for the same state"
gross_lpg_revenue,2045,45.0994562030281,45.0994562030281,45.0994562030281,True,False,"app.cached_aligned_scenario_detail_frames line frame, current_basecase, production key (ensemble, delayed_6m, BEFU26 comparator, balanced_structural schedule, BEFU26 shape vintage); cross-checked against the committed policy runtime line_reconciliation for the same state"
gross_lpg_revenue,2046,45.1859672028516,45.1859672028516,45.1859672028516,True,False,"app.cached_aligned_scenario_detail_frames line frame, current_basecase, production key (ensemble, delayed_6m, BEFU26 comparator, balanced_structural schedule, BEFU26 shape vintage); cross-checked against the committed policy runtime line_reconciliation for the same state"
gross_lpg_revenue,2047,45.2696523640375,45.2696523640375,45.2696523640375,True,False,"app.cached_aligned_scenario_detail_frames line frame, current_basecase, production key (ensemble, delayed_6m, BEFU26 comparator, balanced_structural schedule, BEFU26 shape vintage); cross-checked against the committed policy runtime line_reconciliation for the same state"
gross_lpg_revenue,2048,45.350690485262,45.350690485262,45.350690485262,True,False,"app.cached_aligned_scenario_detail_frames line frame, current_basecase, production key (ensemble, delayed_6m, BEFU26 comparator, balanced_structural schedule, BEFU26 shape vintage); cross-checked against the committed policy runtime line_reconciliation for the same state"
gross_lpg_revenue,2049,45.429243913464,45.429243913464,45.429243913464,True,False,"app.cached_aligned_scenario_detail_frames line frame, current_basecase, production key (ensemble, delayed_6m, BEFU26 comparator, balanced_structural schedule, BEFU26 shape vintage); cross-checked against the committed policy runtime line_reconciliation for the same state"
gross_lpg_revenue,2050,45.5054605024188,45.5054605024188,45.5054605024188,True,False,"app.cached_aligned_scenario_detail_frames line frame, current_basecase, production key (ensemble, delayed_6m, BEFU26 comparator, balanced_structural schedule, BEFU26 shape vintage); cross-checked against the committed policy runtime line_reconciliation for the same state"
gross_mvr_revenue,2026,468.1967134376274,468.1967134376274,468.1967134376274,True,False,"app.cached_aligned_scenario_detail_frames line frame, current_basecase, production key (ensemble, delayed_6m, BEFU26 comparator, balanced_structural schedule, BEFU26 shape vintage); cross-checked against the committed policy runtime line_reconciliation for the same state"
gross_mvr_revenue,2027,558.2001771623538,558.2001771623538,558.2001771623538,True,False,"app.cached_aligned_scenario_detail_frames line frame, current_basecase, production key (ensemble, delayed_6m, BEFU26 comparator, balanced_structural schedule, BEFU26 shape vintage); cross-checked against the committed policy runtime line_reconciliation for the same state"
gross_mvr_revenue,2028,564.0759078180181,564.0759078180181,564.0759078180181,True,False,"app.cached_aligned_scenario_detail_frames line frame, current_basecase, production key (ensemble, delayed_6m, BEFU26 comparator, balanced_structural schedule, BEFU26 shape vintage); cross-checked against the committed policy runtime line_reconciliation for the same state"
gross_mvr_revenue,2029,558.3078428659381,558.3078428659381,558.3078428659381,True,False,"app.cached_aligned_scenario_detail_frames line frame, current_basecase, production key (ensemble, delayed_6m, BEFU26 comparator, balanced_structural schedule, BEFU26 shape vintage); cross-checked against the committed policy runtime line_reconciliation for the same state"
gross_mvr_revenue,2030,553.0031767675906,553.0031767675906,553.0031767675906,True,False,"app.cached_aligned_scenario_detail_frames line frame, current_basecase, production key (ensemble, delayed_6m, BEFU26 comparator, balanced_structural schedule, BEFU26 shape vintage); cross-checked against the committed policy runtime line_reconciliation for the same state"
gross_mvr_revenue,2031,548.1236653539303,548.1236653539303,548.1236653539303,True,False,"app.cached_aligned_scenario_detail_frames line frame, current_basecase, production key (ensemble, delayed_6m, BEFU26 comparator, balanced_structural schedule, BEFU26 shape vintage); cross-checked against the committed policy runtime line_reconciliation for the same state"
gross_mvr_revenue,2032,543.6318608697579,543.6318608697579,543.6318608697579,True,False,"app.cached_aligned_scenario_detail_frames line frame, current_basecase, production key (ensemble, delayed_6m, BEFU26 comparator, balanced_structural schedule, BEFU26 shape vintage); cross-checked against the committed policy runtime line_reconciliation for the same state"
gross_mvr_revenue,2033,539.4923403662387,539.4923403662387,539.4923403662387,True,False,"app.cached_aligned_scenario_detail_frames line frame, current_basecase, production key (ensemble, delayed_6m, BEFU26 comparator, balanced_structural schedule, BEFU26 shape vintage); cross-checked against the committed policy runtime line_reconciliation for the same state"
gross_mvr_revenue,2034,535.6722565897716,535.6722565897716,535.6722565897716,True,False,"app.cached_aligned_scenario_detail_frames line frame, current_basecase, production key (ensemble, delayed_6m, BEFU26 comparator, balanced_structural schedule, BEFU26 shape vintage); cross-checked against the committed policy runtime line_reconciliation for the same state"
gross_mvr_revenue,2035,532.1415118475148,532.1415118475148,532.1415118475148,True,False,"app.cached_aligned_scenario_detail_frames line frame, current_basecase, production key (ensemble, delayed_6m, BEFU26 comparator, balanced_structural schedule, BEFU26 shape vintage); cross-checked against the committed policy runtime line_reconciliation for the same state"
gross_mvr_revenue,2036,528.8727287182977,528.8727287182977,528.8727287182977,True,False,"app.cached_aligned_scenario_detail_frames line frame, current_basecase, production key (ensemble, delayed_6m, BEFU26 comparator, balanced_structural schedule, BEFU26 shape vintage); cross-checked against the committed policy runtime line_reconciliation for the same state"
gross_mvr_revenue,2037,525.84111683754,525.84111683754,525.84111683754,True,False,"app.cached_aligned_scenario_detail_frames line frame, current_basecase, production key (ensemble, delayed_6m, BEFU26 comparator, balanced_structural schedule, BEFU26 shape vintage); cross-checked against the committed policy runtime line_reconciliation for the same state"
gross_mvr_revenue,2038,523.0242916225482,523.0242916225482,523.0242916225482,True,False,"app.cached_aligned_scenario_detail_frames line frame, current_basecase, production key (ensemble, delayed_6m, BEFU26 comparator, balanced_structural schedule, BEFU26 shape vintage); cross-checked against the committed policy runtime line_reconciliation for the same state"
gross_mvr_revenue,2039,520.4020758793362,520.4020758793362,520.4020758793362,True,False,"app.cached_aligned_scenario_detail_frames line frame, current_basecase, production key (ensemble, delayed_6m, BEFU26 comparator, balanced_structural schedule, BEFU26 shape vintage); cross-checked against the committed policy runtime line_reconciliation for the same state"
gross_mvr_revenue,2040,517.9563010223371,517.9563010223371,517.9563010223371,True,False,"app.cached_aligned_scenario_detail_frames line frame, current_basecase, production key (ensemble, delayed_6m, BEFU26 comparator, balanced_structural schedule, BEFU26 shape vintage); cross-checked against the committed policy runtime line_reconciliation for the same state"
gross_mvr_revenue,2041,515.6706165952565,515.6706165952565,515.6706165952565,True,False,"app.cached_aligned_scenario_detail_frames line frame, current_basecase, production key (ensemble, delayed_6m, BEFU26 comparator, balanced_structural schedule, BEFU26 shape vintage); cross-checked against the committed policy runtime line_reconciliation for the same state"
gross_mvr_revenue,2042,513.5303122637637,513.5303122637637,513.5303122637637,True,False,"app.cached_aligned_scenario_detail_frames line frame, current_basecase, production key (ensemble, delayed_6m, BEFU26 comparator, balanced_structural schedule, BEFU26 shape vintage); cross-checked against the committed policy runtime line_reconciliation for the same state"
gross_mvr_revenue,2043,511.52215393912184,511.52215393912184,511.52215393912184,True,False,"app.cached_aligned_scenario_detail_frames line frame, current_basecase, production key (ensemble, delayed_6m, BEFU26 comparator, balanced_structural schedule, BEFU26 shape vintage); cross-checked against the committed policy runtime line_reconciliation for the same state"
gross_mvr_revenue,2044,509.63423431789107,509.63423431789107,509.63423431789107,True,False,"app.cached_aligned_scenario_detail_frames line frame, current_basecase, production key (ensemble, delayed_6m, BEFU26 comparator, balanced_structural schedule, BEFU26 shape vintage); cross-checked against the committed policy runtime line_reconciliation for the same state"
gross_mvr_revenue,2045,507.8558373928368,507.8558373928368,507.8558373928368,True,False,"app.cached_aligned_scenario_detail_frames line frame, current_basecase, production key (ensemble, delayed_6m, BEFU26 comparator, balanced_structural schedule, BEFU26 shape vintage); cross-checked against the committed policy runtime line_reconciliation for the same state"
gross_mvr_revenue,2046,506.17731612325764,506.17731612325764,506.17731612325764,True,False,"app.cached_aligned_scenario_detail_frames line frame, current_basecase, production key (ensemble, delayed_6m, BEFU26 comparator, balanced_structural schedule, BEFU26 shape vintage); cross-checked against the committed policy runtime line_reconciliation for the same state"
gross_mvr_revenue,2047,504.5899822904554,504.5899822904554,504.5899822904554,True,False,"app.cached_aligned_scenario_detail_frames line frame, current_basecase, production key (ensemble, delayed_6m, BEFU26 comparator, balanced_structural schedule, BEFU26 shape vintage); cross-checked against the committed policy runtime line_reconciliation for the same state"
gross_mvr_revenue,2048,503.0860075150547,503.0860075150547,503.0860075150547,True,False,"app.cached_aligned_scenario_detail_frames line frame, current_basecase, production key (ensemble, delayed_6m, BEFU26 comparator, balanced_structural schedule, BEFU26 shape vintage); cross-checked against the committed policy runtime line_reconciliation for the same state"
gross_mvr_revenue,2049,501.658334426522,501.658334426522,501.658334426522,True,False,"app.cached_aligned_scenario_detail_frames line frame, current_basecase, production key (ensemble, delayed_6m, BEFU26 comparator, balanced_structural schedule, BEFU26 shape vintage); cross-checked against the committed policy runtime line_reconciliation for the same state"
gross_mvr_revenue,2050,500.30059702186173,500.30059702186173,500.30059702186173,True,False,"app.cached_aligned_scenario_detail_frames line frame, current_basecase, production key (ensemble, delayed_6m, BEFU26 comparator, balanced_structural schedule, BEFU26 shape vintage); cross-checked against the committed policy runtime line_reconciliation for the same state"
gross_ped_revenue,2026,2145.548201133949,2145.548201133949,2145.548201133949,True,False,"app.cached_aligned_scenario_detail_frames line frame, current_basecase, production key (ensemble, delayed_6m, BEFU26 comparator, balanced_structural schedule, BEFU26 shape vintage); cross-checked against the committed policy runtime line_reconciliation for the same state"
gross_ped_revenue,2027,2103.4465077020986,2103.4465077020986,2103.4465077020986,True,False,"app.cached_aligned_scenario_detail_frames line frame, current_basecase, production key (ensemble, delayed_6m, BEFU26 comparator, balanced_structural schedule, BEFU26 shape vintage); cross-checked against the committed policy runtime line_reconciliation for the same state"
gross_ped_revenue,2028,2551.449078051918,2551.449078051918,2551.449078051918,True,False,"app.cached_aligned_scenario_detail_frames line frame, current_basecase, production key (ensemble, delayed_6m, BEFU26 comparator, balanced_structural schedule, BEFU26 shape vintage); cross-checked against the committed policy runtime line_reconciliation for the same state"
gross_ped_revenue,2029,2705.7899061166327,2705.7899061166327,2705.7899061166327,True,False,"app.cached_aligned_scenario_detail_frames line frame, current_basecase, production key (ensemble, delayed_6m, BEFU26 comparator, balanced_structural schedule, BEFU26 shape vintage); cross-checked against the committed policy runtime line_reconciliation for the same state"
gross_ped_revenue,2030,2823.1151379145613,2823.1151379145613,2823.1151379145613,True,False,"app.cached_aligned_scenario_detail_frames line frame, current_basecase, production key (ensemble, delayed_6m, BEFU26 comparator, balanced_structural schedule, BEFU26 shape vintage); cross-checked against the committed policy runtime line_reconciliation for the same state"
gross_ped_revenue,2031,2935.5468210516146,2935.5468210516146,2935.5468210516146,True,False,"app.cached_aligned_scenario_detail_frames line frame, current_basecase, production key (ensemble, delayed_6m, BEFU26 comparator, balanced_structural schedule, BEFU26 shape vintage); cross-checked against the committed policy runtime line_reconciliation for the same state"
gross_ped_revenue,2032,3036.538362718526,3036.538362718526,3036.538362718526,True,False,"app.cached_aligned_scenario_detail_frames line frame, current_basecase, production key (ensemble, delayed_6m, BEFU26 comparator, balanced_structural schedule, BEFU26 shape vintage); cross-checked against the committed policy runtime line_reconciliation for the same state"
gross_ped_revenue,2033,3123.4765130993896,3123.4765130993896,3123.4765130993896,True,False,"app.cached_aligned_scenario_detail_frames line frame, current_basecase, production key (ensemble, delayed_6m, BEFU26 comparator, balanced_structural schedule, BEFU26 shape vintage); cross-checked against the committed policy runtime line_reconciliation for the same state"
gross_ped_revenue,2034,3195.914604295281,3195.914604295281,3195.914604295281,True,False,"app.cached_aligned_scenario_detail_frames line frame, current_basecase, production key (ensemble, delayed_6m, BEFU26 comparator, balanced_structural schedule, BEFU26 shape vintage); cross-checked against the committed policy runtime line_reconciliation for the same state"
gross_ped_revenue,2035,3246.267941934366,3246.267941934366,3246.267941934366,True,False,"app.cached_aligned_scenario_detail_frames line frame, current_basecase, production key (ensemble, delayed_6m, BEFU26 comparator, balanced_structural schedule, BEFU26 shape vintage); cross-checked against the committed policy runtime line_reconciliation for the same state"
gross_ped_revenue,2036,3267.0663244322413,3267.0663244322413,3267.0663244322413,True,False,"app.cached_aligned_scenario_detail_frames line frame, current_basecase, production key (ensemble, delayed_6m, BEFU26 comparator, balanced_structural schedule, BEFU26 shape vintage); cross-checked against the committed policy runtime line_reconciliation for the same state"
gross_ped_revenue,2037,3250.992103293503,3250.992103293503,3250.992103293503,True,False,"app.cached_aligned_scenario_detail_frames line frame, current_basecase, production key (ensemble, delayed_6m, BEFU26 comparator, balanced_structural schedule, BEFU26 shape vintage); cross-checked against the committed policy runtime line_reconciliation for the same state"
gross_ped_revenue,2038,3190.620839058302,3190.620839058302,3190.620839058302,True,False,"app.cached_aligned_scenario_detail_frames line frame, current_basecase, production key (ensemble, delayed_6m, BEFU26 comparator, balanced_structural schedule, BEFU26 shape vintage); cross-checked against the committed policy runtime line_reconciliation for the same state"
gross_ped_revenue,2039,3083.0892507343597,3083.0892507343597,3083.0892507343597,True,False,"app.cached_aligned_scenario_detail_frames line frame, current_basecase, production key (ensemble, delayed_6m, BEFU26 comparator, balanced_structural schedule, BEFU26 shape vintage); cross-checked against the committed policy runtime line_reconciliation for the same state"
gross_ped_revenue,2040,2931.346166326748,2931.346166326748,2931.346166326748,True,False,"app.cached_aligned_scenario_detail_frames line frame, current_basecase, production key (ensemble, delayed_6m, BEFU26 comparator, balanced_structural schedule, BEFU26 shape vintage); cross-checked against the committed policy runtime line_reconciliation for the same state"
gross_ped_revenue,2041,2743.2012231159183,2743.2012231159183,2743.2012231159183,True,False,"app.cached_aligned_scenario_detail_frames line frame, current_basecase, production key (ensemble, delayed_6m, BEFU26 comparator, balanced_structural schedule, BEFU26 shape vintage); cross-checked against the committed policy runtime line_reconciliation for the same state"
gross_ped_revenue,2042,2516.247882926175,2516.247882926175,2516.247882926175,True,False,"app.cached_aligned_scenario_detail_frames line frame, current_basecase, production key (ensemble, delayed_6m, BEFU26 comparator, balanced_structural schedule, BEFU26 shape vintage); cross-checked against the committed policy runtime line_reconciliation for the same state"
gross_ped_revenue,2043,2281.2639487127212,2281.2639487127212,2281.2639487127212,True,False,"app.cached_aligned_scenario_detail_frames line frame, current_basecase, production key (ensemble, delayed_6m, BEFU26 comparator, balanced_structural schedule, BEFU26 shape vintage); cross-checked against the committed policy runtime line_reconciliation for the same state"
gross_ped_revenue,2044,2064.6365179809827,2064.6365179809827,2064.6365179809827,True,False,"app.cached_aligned_scenario_detail_frames line frame, current_basecase, production key (ensemble, delayed_6m, BEFU26 comparator, balanced_structural schedule, BEFU26 shape vintage); cross-checked against the committed policy runtime line_reconciliation for the same state"
gross_ped_revenue,2045,1883.690434062423,1883.690434062423,1883.690434062423,True,False,"app.cached_aligned_scenario_detail_frames line frame, current_basecase, production key (ensemble, delayed_6m, BEFU26 comparator, balanced_structural schedule, BEFU26 shape vintage); cross-checked against the committed policy runtime line_reconciliation for the same state"
gross_ped_revenue,2046,1730.7205488726993,1730.7205488726993,1730.7205488726993,True,False,"app.cached_aligned_scenario_detail_frames line frame, current_basecase, production key (ensemble, delayed_6m, BEFU26 comparator, balanced_structural schedule, BEFU26 shape vintage); cross-checked against the committed policy runtime line_reconciliation for the same state"
gross_ped_revenue,2047,1587.700726472447,1587.700726472447,1587.700726472447,True,False,"app.cached_aligned_scenario_detail_frames line frame, current_basecase, production key (ensemble, delayed_6m, BEFU26 comparator, balanced_structural schedule, BEFU26 shape vintage); cross-checked against the committed policy runtime line_reconciliation for the same state"
gross_ped_revenue,2048,1456.5259448683316,1456.5259448683316,1456.5259448683316,True,False,"app.cached_aligned_scenario_detail_frames line frame, current_basecase, production key (ensemble, delayed_6m, BEFU26 comparator, balanced_structural schedule, BEFU26 shape vintage); cross-checked against the committed policy runtime line_reconciliation for the same state"
gross_ped_revenue,2049,1334.607927511962,1334.607927511962,1334.607927511962,True,False,"app.cached_aligned_scenario_detail_frames line frame, current_basecase, production key (ensemble, delayed_6m, BEFU26 comparator, balanced_structural schedule, BEFU26 shape vintage); cross-checked against the committed policy runtime line_reconciliation for the same state"
gross_ped_revenue,2050,1221.4263899399214,1221.4263899399214,1221.4263899399214,True,False,"app.cached_aligned_scenario_detail_frames line frame, current_basecase, production key (ensemble, delayed_6m, BEFU26 comparator, balanced_structural schedule, BEFU26 shape vintage); cross-checked against the committed policy runtime line_reconciliation for the same state"
gross_ruc_revenue,2026,2173.6716139131636,2173.6716139131636,2173.6716139131636,True,False,"app.cached_aligned_scenario_detail_frames line frame, current_basecase, production key (ensemble, delayed_6m, BEFU26 comparator, balanced_structural schedule, BEFU26 shape vintage); cross-checked against the committed policy runtime line_reconciliation for the same state"
gross_ruc_revenue,2027,2218.23712273619,2218.23712273619,2218.23712273619,True,False,"app.cached_aligned_scenario_detail_frames line frame, current_basecase, production key (ensemble, delayed_6m, BEFU26 comparator, balanced_structural schedule, BEFU26 shape vintage); cross-checked against the committed policy runtime line_reconciliation for the same state"
gross_ruc_revenue,2028,2812.260006508895,2812.260006508895,2812.260006508895,True,False,"app.cached_aligned_scenario_detail_frames line frame, current_basecase, production key (ensemble, delayed_6m, BEFU26 comparator, balanced_structural schedule, BEFU26 shape vintage); cross-checked against the committed policy runtime line_reconciliation for the same state"
gross_ruc_revenue,2029,3123.061333242758,3123.061333242758,3123.061333242758,True,False,"app.cached_aligned_scenario_detail_frames line frame, current_basecase, production key (ensemble, delayed_6m, BEFU26 comparator, balanced_structural schedule, BEFU26 shape vintage); cross-checked against the committed policy runtime line_reconciliation for the same state"
gross_ruc_revenue,2030,3407.6463794833126,3407.6463794833126,3407.6463794833126,True,False,"app.cached_aligned_scenario_detail_frames line frame, current_basecase, production key (ensemble, delayed_6m, BEFU26 comparator, balanced_structural schedule, BEFU26 shape vintage); cross-checked against the committed policy runtime line_reconciliation for the same state"
gross_ruc_revenue,2031,3641.834650635044,3641.834650635044,3641.834650635044,True,False,"app.cached_aligned_scenario_detail_frames line frame, current_basecase, production key (ensemble, delayed_6m, BEFU26 comparator, balanced_structural schedule, BEFU26 shape vintage); cross-checked against the committed policy runtime line_reconciliation for the same state"
gross_ruc_revenue,2032,3883.9219307273975,3883.9219307273975,3883.9219307273975,True,False,"app.cached_aligned_scenario_detail_frames line frame, current_basecase, production key (ensemble, delayed_6m, BEFU26 comparator, balanced_structural schedule, BEFU26 shape vintage); cross-checked against the committed policy runtime line_reconciliation for the same state"
gross_ruc_revenue,2033,4137.295705017747,4137.295705017747,4137.295705017747,True,False,"app.cached_aligned_scenario_detail_frames line frame, current_basecase, production key (ensemble, delayed_6m, BEFU26 comparator, balanced_structural schedule, BEFU26 shape vintage); cross-checked against the committed policy runtime line_reconciliation for the same state"
gross_ruc_revenue,2034,4409.574245199918,4409.574245199918,4409.574245199918,True,False,"app.cached_aligned_scenario_detail_frames line frame, current_basecase, production key (ensemble, delayed_6m, BEFU26 comparator, balanced_structural schedule, BEFU26 shape vintage); cross-checked against the committed policy runtime line_reconciliation for the same state"
gross_ruc_revenue,2035,4701.470306686689,4701.470306686689,4701.470306686689,True,False,"app.cached_aligned_scenario_detail_frames line frame, current_basecase, production key (ensemble, delayed_6m, BEFU26 comparator, balanced_structural schedule, BEFU26 shape vintage); cross-checked against the committed policy runtime line_reconciliation for the same state"
gross_ruc_revenue,2036,5013.314633169833,5013.314633169833,5013.314633169833,True,False,"app.cached_aligned_scenario_detail_frames line frame, current_basecase, production key (ensemble, delayed_6m, BEFU26 comparator, balanced_structural schedule, BEFU26 shape vintage); cross-checked against the committed policy runtime line_reconciliation for the same state"
gross_ruc_revenue,2037,5347.887680665217,5347.887680665217,5347.887680665217,True,False,"app.cached_aligned_scenario_detail_frames line frame, current_basecase, production key (ensemble, delayed_6m, BEFU26 comparator, balanced_structural schedule, BEFU26 shape vintage); cross-checked against the committed policy runtime line_reconciliation for the same state"
gross_ruc_revenue,2038,5705.7459460499485,5705.7459460499485,5705.7459460499485,True,False,"app.cached_aligned_scenario_detail_frames line frame, current_basecase, production key (ensemble, delayed_6m, BEFU26 comparator, balanced_structural schedule, BEFU26 shape vintage); cross-checked against the committed policy runtime line_reconciliation for the same state"
gross_ruc_revenue,2039,6096.866042931557,6096.866042931557,6096.866042931557,True,False,"app.cached_aligned_scenario_detail_frames line frame, current_basecase, production key (ensemble, delayed_6m, BEFU26 comparator, balanced_structural schedule, BEFU26 shape vintage); cross-checked against the committed policy runtime line_reconciliation for the same state"
gross_ruc_revenue,2040,6522.370238419945,6522.370238419945,6522.370238419945,True,False,"app.cached_aligned_scenario_detail_frames line frame, current_basecase, production key (ensemble, delayed_6m, BEFU26 comparator, balanced_structural schedule, BEFU26 shape vintage); cross-checked against the committed policy runtime line_reconciliation for the same state"
gross_ruc_revenue,2041,6975.505336432409,6975.505336432409,6975.505336432409,True,False,"app.cached_aligned_scenario_detail_frames line frame, current_basecase, production key (ensemble, delayed_6m, BEFU26 comparator, balanced_structural schedule, BEFU26 shape vintage); cross-checked against the committed policy runtime line_reconciliation for the same state"
gross_ruc_revenue,2042,7461.131841934116,7461.131841934116,7461.131841934116,True,False,"app.cached_aligned_scenario_detail_frames line frame, current_basecase, production key (ensemble, delayed_6m, BEFU26 comparator, balanced_structural schedule, BEFU26 shape vintage); cross-checked against the committed policy runtime line_reconciliation for the same state"
gross_ruc_revenue,2043,7963.131339928719,7963.131339928719,7963.131339928719,True,False,"app.cached_aligned_scenario_detail_frames line frame, current_basecase, production key (ensemble, delayed_6m, BEFU26 comparator, balanced_structural schedule, BEFU26 shape vintage); cross-checked against the committed policy runtime line_reconciliation for the same state"
gross_ruc_revenue,2044,8463.107261423038,8463.107261423038,8463.107261423038,True,False,"app.cached_aligned_scenario_detail_frames line frame, current_basecase, production key (ensemble, delayed_6m, BEFU26 comparator, balanced_structural schedule, BEFU26 shape vintage); cross-checked against the committed policy runtime line_reconciliation for the same state"
gross_ruc_revenue,2045,8977.542312020854,8977.542312020854,8977.542312020854,True,False,"app.cached_aligned_scenario_detail_frames line frame, current_basecase, production key (ensemble, delayed_6m, BEFU26 comparator, balanced_structural schedule, BEFU26 shape vintage); cross-checked against the committed policy runtime line_reconciliation for the same state"
gross_ruc_revenue,2046,9528.27296169508,9528.27296169508,9528.27296169508,True,False,"app.cached_aligned_scenario_detail_frames line frame, current_basecase, production key (ensemble, delayed_6m, BEFU26 comparator, balanced_structural schedule, BEFU26 shape vintage); cross-checked against the committed policy runtime line_reconciliation for the same state"
gross_ruc_revenue,2047,10094.057624432113,10094.057624432113,10094.057624432113,True,False,"app.cached_aligned_scenario_detail_frames line frame, current_basecase, production key (ensemble, delayed_6m, BEFU26 comparator, balanced_structural schedule, BEFU26 shape vintage); cross-checked against the committed policy runtime line_reconciliation for the same state"
gross_ruc_revenue,2048,10691.311714571739,10691.311714571739,10691.311714571739,True,False,"app.cached_aligned_scenario_detail_frames line frame, current_basecase, production key (ensemble, delayed_6m, BEFU26 comparator, balanced_structural schedule, BEFU26 shape vintage); cross-checked against the committed policy runtime line_reconciliation for the same state"
gross_ruc_revenue,2049,11276.300214358615,11276.300214358615,11276.300214358615,True,False,"app.cached_aligned_scenario_detail_frames line frame, current_basecase, production key (ensemble, delayed_6m, BEFU26 comparator, balanced_structural schedule, BEFU26 shape vintage); cross-checked against the committed policy runtime line_reconciliation for the same state"
gross_ruc_revenue,2050,11827.729456002837,11827.729456002837,11827.729456002837,True,False,"app.cached_aligned_scenario_detail_frames line frame, current_basecase, production key (ensemble, delayed_6m, BEFU26 comparator, balanced_structural schedule, BEFU26 shape vintage); cross-checked against the committed policy runtime line_reconciliation for the same state"
heavy_bev_ruc_net_km,2026,0.0,0.0,0.0,True,False,"app.cached_aligned_scenario_detail_frames line frame, current_basecase, production key (ensemble, delayed_6m, BEFU26 comparator, balanced_structural schedule, BEFU26 shape vintage); cross-checked against the committed policy runtime line_reconciliation for the same state"
heavy_bev_ruc_net_km,2027,0.0,0.0,0.0,True,False,"app.cached_aligned_scenario_detail_frames line frame, current_basecase, production key (ensemble, delayed_6m, BEFU26 comparator, balanced_structural schedule, BEFU26 shape vintage); cross-checked against the committed policy runtime line_reconciliation for the same state"
heavy_bev_ruc_net_km,2028,60.5044362657779,60.5044362657779,60.5044362657779,True,False,"app.cached_aligned_scenario_detail_frames line frame, current_basecase, production key (ensemble, delayed_6m, BEFU26 comparator, balanced_structural schedule, BEFU26 shape vintage); cross-checked against the committed policy runtime line_reconciliation for the same state"
heavy_bev_ruc_net_km,2029,73.7781618539809,73.7781618539809,73.7781618539809,True,False,"app.cached_aligned_scenario_detail_frames line frame, current_basecase, production key (ensemble, delayed_6m, BEFU26 comparator, balanced_structural schedule, BEFU26 shape vintage); cross-checked against the committed policy runtime line_reconciliation for the same state"
heavy_bev_ruc_net_km,2030,88.9568688458184,88.9568688458184,88.9568688458184,True,False,"app.cached_aligned_scenario_detail_frames line frame, current_basecase, production key (ensemble, delayed_6m, BEFU26 comparator, balanced_structural schedule, BEFU26 shape vintage); cross-checked against the committed policy runtime line_reconciliation for the same state"
heavy_bev_ruc_net_km,2031,106.53370251036,106.53370251036,106.53370251036,True,False,"app.cached_aligned_scenario_detail_frames line frame, current_basecase, production key (ensemble, delayed_6m, BEFU26 comparator, balanced_structural schedule, BEFU26 shape vintage); cross-checked against the committed policy runtime line_reconciliation for the same state"
heavy_bev_ruc_net_km,2032,127.653005544349,127.653005544349,127.653005544349,True,False,"app.cached_aligned_scenario_detail_frames line frame, current_basecase, production key (ensemble, delayed_6m, BEFU26 comparator, balanced_structural schedule, BEFU26 shape vintage); cross-checked against the committed policy runtime line_reconciliation for the same state"
heavy_bev_ruc_net_km,2033,151.986120839442,151.986120839442,151.986120839442,True,False,"app.cached_aligned_scenario_detail_frames line frame, current_basecase, production key (ensemble, delayed_6m, BEFU26 comparator, balanced_structural schedule, BEFU26 shape vintage); cross-checked against the committed policy runtime line_reconciliation for the same state"
heavy_bev_ruc_net_km,2034,178.04024478685,178.04024478685,178.04024478685,True,False,"app.cached_aligned_scenario_detail_frames line frame, current_basecase, production key (ensemble, delayed_6m, BEFU26 comparator, balanced_structural schedule, BEFU26 shape vintage); cross-checked against the committed policy runtime line_reconciliation for the same state"
heavy_bev_ruc_net_km,2035,205.343859461655,205.343859461655,205.343859461655,True,False,"app.cached_aligned_scenario_detail_frames line frame, current_basecase, production key (ensemble, delayed_6m, BEFU26 comparator, balanced_structural schedule, BEFU26 shape vintage); cross-checked against the committed policy runtime line_reconciliation for the same state"
heavy_bev_ruc_net_km,2036,235.604382962282,235.604382962282,235.604382962282,True,False,"app.cached_aligned_scenario_detail_frames line frame, current_basecase, production key (ensemble, delayed_6m, BEFU26 comparator, balanced_structural schedule, BEFU26 shape vintage); cross-checked against the committed policy runtime line_reconciliation for the same state"
heavy_bev_ruc_net_km,2037,268.170316374363,268.170316374363,268.170316374363,True,False,"app.cached_aligned_scenario_detail_frames line frame, current_basecase, production key (ensemble, delayed_6m, BEFU26 comparator, balanced_structural schedule, BEFU26 shape vintage); cross-checked against the committed policy runtime line_reconciliation for the same state"
heavy_bev_ruc_net_km,2038,303.047625648449,303.047625648449,303.047625648449,True,False,"app.cached_aligned_scenario_detail_frames line frame, current_basecase, production key (ensemble, delayed_6m, BEFU26 comparator, balanced_structural schedule, BEFU26 shape vintage); cross-checked against the committed policy runtime line_reconciliation for the same state"
heavy_bev_ruc_net_km,2039,340.179175199459,340.179175199459,340.179175199459,True,False,"app.cached_aligned_scenario_detail_frames line frame, current_basecase, production key (ensemble, delayed_6m, BEFU26 comparator, balanced_structural schedule, BEFU26 shape vintage); cross-checked against the committed policy runtime line_reconciliation for the same state"
heavy_bev_ruc_net_km,2040,378.858667428341,378.858667428341,378.858667428341,True,False,"app.cached_aligned_scenario_detail_frames line frame, current_basecase, production key (ensemble, delayed_6m, BEFU26 comparator, balanced_structural schedule, BEFU26 shape vintage); cross-checked against the committed policy runtime line_reconciliation for the same state"
heavy_bev_ruc_net_km,2041,419.191239873399,419.191239873399,419.191239873399,True,False,"app.cached_aligned_scenario_detail_frames line frame, current_basecase, production key (ensemble, delayed_6m, BEFU26 comparator, balanced_structural schedule, BEFU26 shape vintage); cross-checked against the committed policy runtime line_reconciliation for the same state"
heavy_bev_ruc_net_km,2042,473.099677684064,473.099677684064,473.099677684064,True,False,"app.cached_aligned_scenario_detail_frames line frame, current_basecase, production key (ensemble, delayed_6m, BEFU26 comparator, balanced_structural schedule, BEFU26 shape vintage); cross-checked against the committed policy runtime line_reconciliation for the same state"
heavy_bev_ruc_net_km,2043,532.22886177439,532.22886177439,532.22886177439,True,False,"app.cached_aligned_scenario_detail_frames line frame, current_basecase, production key (ensemble, delayed_6m, BEFU26 comparator, balanced_structural schedule, BEFU26 shape vintage); cross-checked against the committed policy runtime line_reconciliation for the same state"
heavy_bev_ruc_net_km,2044,597.841435231306,597.841435231306,597.841435231306,True,False,"app.cached_aligned_scenario_detail_frames line frame, current_basecase, production key (ensemble, delayed_6m, BEFU26 comparator, balanced_structural schedule, BEFU26 shape vintage); cross-checked against the committed policy runtime line_reconciliation for the same state"
heavy_bev_ruc_net_km,2045,669.871523096138,669.871523096138,669.871523096138,True,False,"app.cached_aligned_scenario_detail_frames line frame, current_basecase, production key (ensemble, delayed_6m, BEFU26 comparator, balanced_structural schedule, BEFU26 shape vintage); cross-checked against the committed policy runtime line_reconciliation for the same state"
heavy_bev_ruc_net_km,2046,748.576862526381,748.576862526381,748.576862526381,True,False,"app.cached_aligned_scenario_detail_frames line frame, current_basecase, production key (ensemble, delayed_6m, BEFU26 comparator, balanced_structural schedule, BEFU26 shape vintage); cross-checked against the committed policy runtime line_reconciliation for the same state"
heavy_bev_ruc_net_km,2047,833.62655925199,833.62655925199,833.62655925199,True,False,"app.cached_aligned_scenario_detail_frames line frame, current_basecase, production key (ensemble, delayed_6m, BEFU26 comparator, balanced_structural schedule, BEFU26 shape vintage); cross-checked against the committed policy runtime line_reconciliation for the same state"
heavy_bev_ruc_net_km,2048,924.931722907332,924.931722907332,924.931722907332,True,False,"app.cached_aligned_scenario_detail_frames line frame, current_basecase, production key (ensemble, delayed_6m, BEFU26 comparator, balanced_structural schedule, BEFU26 shape vintage); cross-checked against the committed policy runtime line_reconciliation for the same state"
heavy_bev_ruc_net_km,2049,1021.87987712656,1021.87987712656,1021.87987712656,True,False,"app.cached_aligned_scenario_detail_frames line frame, current_basecase, production key (ensemble, delayed_6m, BEFU26 comparator, balanced_structural schedule, BEFU26 shape vintage); cross-checked against the committed policy runtime line_reconciliation for the same state"
heavy_bev_ruc_net_km,2050,1122.35014741051,1122.35014741051,1122.35014741051,True,False,"app.cached_aligned_scenario_detail_frames line frame, current_basecase, production key (ensemble, delayed_6m, BEFU26 comparator, balanced_structural schedule, BEFU26 shape vintage); cross-checked against the committed policy runtime line_reconciliation for the same state"
heavy_bev_ruc_net_revenue,2026,0.0,0.0,0.0,True,False,"app.cached_aligned_scenario_detail_frames line frame, current_basecase, production key (ensemble, delayed_6m, BEFU26 comparator, balanced_structural schedule, BEFU26 shape vintage); cross-checked against the committed policy runtime line_reconciliation for the same state"
heavy_bev_ruc_net_revenue,2027,4.547473508864641e-13,4.547473508864641e-13,4.547473508864641e-13,True,False,"app.cached_aligned_scenario_detail_frames line frame, current_basecase, production key (ensemble, delayed_6m, BEFU26 comparator, balanced_structural schedule, BEFU26 shape vintage); cross-checked against the committed policy runtime line_reconciliation for the same state"
heavy_bev_ruc_net_revenue,2028,20.203036313505436,20.203036313505436,20.203036313505436,True,False,"app.cached_aligned_scenario_detail_frames line frame, current_basecase, production key (ensemble, delayed_6m, BEFU26 comparator, balanced_structural schedule, BEFU26 shape vintage); cross-checked against the committed policy runtime line_reconciliation for the same state"
heavy_bev_ruc_net_revenue,2029,26.0839002326652,26.0839002326652,26.0839002326652,True,False,"app.cached_aligned_scenario_detail_frames line frame, current_basecase, production key (ensemble, delayed_6m, BEFU26 comparator, balanced_structural schedule, BEFU26 shape vintage); cross-checked against the committed policy runtime line_reconciliation for the same state"
heavy_bev_ruc_net_revenue,2030,32.84776860566217,32.84776860566217,32.84776860566217,True,False,"app.cached_aligned_scenario_detail_frames line frame, current_basecase, production key (ensemble, delayed_6m, BEFU26 comparator, balanced_structural schedule, BEFU26 shape vintage); cross-checked against the committed policy runtime line_reconciliation for the same state"
heavy_bev_ruc_net_revenue,2031,40.62231738114042,40.62231738114042,40.62231738114042,True,False,"app.cached_aligned_scenario_detail_frames line frame, current_basecase, production key (ensemble, delayed_6m, BEFU26 comparator, balanced_structural schedule, BEFU26 shape vintage); cross-checked against the committed policy runtime line_reconciliation for the same state"
heavy_bev_ruc_net_revenue,2032,50.23774636001099,50.23774636001099,50.23774636001099,True,False,"app.cached_aligned_scenario_detail_frames line frame, current_basecase, production key (ensemble, delayed_6m, BEFU26 comparator, balanced_structural schedule, BEFU26 shape vintage); cross-checked against the committed policy runtime line_reconciliation for the same state"
heavy_bev_ruc_net_revenue,2033,61.72640330168633,61.72640330168633,61.72640330168633,True,False,"app.cached_aligned_scenario_detail_frames line frame, current_basecase, production key (ensemble, delayed_6m, BEFU26 comparator, balanced_structural schedule, BEFU26 shape vintage); cross-checked against the committed policy runtime line_reconciliation for the same state"
heavy_bev_ruc_net_revenue,2034,74.50506210254844,74.50506210254844,74.50506210254844,True,False,"app.cached_aligned_scenario_detail_frames line frame, current_basecase, production key (ensemble, delayed_6m, BEFU26 comparator, balanced_structural schedule, BEFU26 shape vintage); cross-checked against the committed policy runtime line_reconciliation for the same state"
heavy_bev_ruc_net_revenue,2035,88.35859639470527,88.35859639470527,88.35859639470527,True,False,"app.cached_aligned_scenario_detail_frames line frame, current_basecase, production key (ensemble, delayed_6m, BEFU26 comparator, balanced_structural schedule, BEFU26 shape vintage); cross-checked against the committed policy runtime line_reconciliation for the same state"
heavy_bev_ruc_net_revenue,2036,104.12999339197631,104.12999339197631,104.12999339197631,True,False,"app.cached_aligned_scenario_detail_frames line frame, current_basecase, production key (ensemble, delayed_6m, BEFU26 comparator, balanced_structural schedule, BEFU26 shape vintage); cross-checked against the committed policy runtime line_reconciliation for the same state"
heavy_bev_ruc_net_revenue,2037,121.59694248234337,121.59694248234337,121.59694248234337,True,False,"app.cached_aligned_scenario_detail_frames line frame, current_basecase, production key (ensemble, delayed_6m, BEFU26 comparator, balanced_structural schedule, BEFU26 shape vintage); cross-checked against the committed policy runtime line_reconciliation for the same state"
heavy_bev_ruc_net_revenue,2038,140.87231348847945,140.87231348847945,140.87231348847945,True,False,"app.cached_aligned_scenario_detail_frames line frame, current_basecase, production key (ensemble, delayed_6m, BEFU26 comparator, balanced_structural schedule, BEFU26 shape vintage); cross-checked against the committed policy runtime line_reconciliation for the same state"
heavy_bev_ruc_net_revenue,2039,161.90543068375973,161.90543068375973,161.90543068375973,True,False,"app.cached_aligned_scenario_detail_frames line frame, current_basecase, production key (ensemble, delayed_6m, BEFU26 comparator, balanced_structural schedule, BEFU26 shape vintage); cross-checked against the committed policy runtime line_reconciliation for the same state"
heavy_bev_ruc_net_revenue,2040,184.41987383988817,184.41987383988817,184.41987383988817,True,False,"app.cached_aligned_scenario_detail_frames line frame, current_basecase, production key (ensemble, delayed_6m, BEFU26 comparator, balanced_structural schedule, BEFU26 shape vintage); cross-checked against the committed policy runtime line_reconciliation for the same state"
heavy_bev_ruc_net_revenue,2041,208.6562631032648,208.6562631032648,208.6562631032648,True,False,"app.cached_aligned_scenario_detail_frames line frame, current_basecase, production key (ensemble, delayed_6m, BEFU26 comparator, balanced_structural schedule, BEFU26 shape vintage); cross-checked against the committed policy runtime line_reconciliation for the same state"
heavy_bev_ruc_net_revenue,2042,241.5277901094778,241.5277901094778,241.5277901094778,True,False,"app.cached_aligned_scenario_detail_frames line frame, current_basecase, production key (ensemble, delayed_6m, BEFU26 comparator, balanced_structural schedule, BEFU26 shape vintage); cross-checked against the committed policy runtime line_reconciliation for the same state"
heavy_bev_ruc_net_revenue,2043,278.97024949525985,278.97024949525985,278.97024949525985,True,False,"app.cached_aligned_scenario_detail_frames line frame, current_basecase, production key (ensemble, delayed_6m, BEFU26 comparator, balanced_structural schedule, BEFU26 shape vintage); cross-checked against the committed policy runtime line_reconciliation for the same state"
heavy_bev_ruc_net_revenue,2044,322.3014837564169,322.3014837564169,322.3014837564169,True,False,"app.cached_aligned_scenario_detail_frames line frame, current_basecase, production key (ensemble, delayed_6m, BEFU26 comparator, balanced_structural schedule, BEFU26 shape vintage); cross-checked against the committed policy runtime line_reconciliation for the same state"
heavy_bev_ruc_net_revenue,2045,371.7051799044966,371.7051799044966,371.7051799044966,True,False,"app.cached_aligned_scenario_detail_frames line frame, current_basecase, production key (ensemble, delayed_6m, BEFU26 comparator, balanced_structural schedule, BEFU26 shape vintage); cross-checked against the committed policy runtime line_reconciliation for the same state"
heavy_bev_ruc_net_revenue,2046,427.32165167945277,427.32165167945277,427.32165167945277,True,False,"app.cached_aligned_scenario_detail_frames line frame, current_basecase, production key (ensemble, delayed_6m, BEFU26 comparator, balanced_structural schedule, BEFU26 shape vintage); cross-checked against the committed policy runtime line_reconciliation for the same state"
heavy_bev_ruc_net_revenue,2047,489.38807158215786,489.38807158215786,489.38807158215786,True,False,"app.cached_aligned_scenario_detail_frames line frame, current_basecase, production key (ensemble, delayed_6m, BEFU26 comparator, balanced_structural schedule, BEFU26 shape vintage); cross-checked against the committed policy runtime line_reconciliation for the same state"
heavy_bev_ruc_net_revenue,2048,557.9668173281243,557.9668173281243,557.9668173281243,True,False,"app.cached_aligned_scenario_detail_frames line frame, current_basecase, production key (ensemble, delayed_6m, BEFU26 comparator, balanced_structural schedule, BEFU26 shape vintage); cross-checked against the committed policy runtime line_reconciliation for the same state"
heavy_bev_ruc_net_revenue,2049,633.427291266431,633.427291266431,633.427291266431,True,False,"app.cached_aligned_scenario_detail_frames line frame, current_basecase, production key (ensemble, delayed_6m, BEFU26 comparator, balanced_structural schedule, BEFU26 shape vintage); cross-checked against the committed policy runtime line_reconciliation for the same state"
heavy_bev_ruc_net_revenue,2050,714.8212622435603,714.8212622435603,714.8212622435603,True,False,"app.cached_aligned_scenario_detail_frames line frame, current_basecase, production key (ensemble, delayed_6m, BEFU26 comparator, balanced_structural schedule, BEFU26 shape vintage); cross-checked against the committed policy runtime line_reconciliation for the same state"
heavy_ruc_net_km,2026,4062.241798831312,4062.241798831312,4062.241798831312,True,False,"app.cached_aligned_scenario_detail_frames line frame, current_basecase, production key (ensemble, delayed_6m, BEFU26 comparator, balanced_structural schedule, BEFU26 shape vintage); cross-checked against the committed policy runtime line_reconciliation for the same state"
heavy_ruc_net_km,2027,4114.0965086127335,4114.0965086127335,4114.0965086127335,True,False,"app.cached_aligned_scenario_detail_frames line frame, current_basecase, production key (ensemble, delayed_6m, BEFU26 comparator, balanced_structural schedule, BEFU26 shape vintage); cross-checked against the committed policy runtime line_reconciliation for the same state"
heavy_ruc_net_km,2028,4153.274595045411,4153.274595045411,4153.274595045411,True,False,"app.cached_aligned_scenario_detail_frames line frame, current_basecase, production key (ensemble, delayed_6m, BEFU26 comparator, balanced_structural schedule, BEFU26 shape vintage); cross-checked against the committed policy runtime line_reconciliation for the same state"
heavy_ruc_net_km,2029,4192.720215451303,4192.720215451303,4192.720215451303,True,False,"app.cached_aligned_scenario_detail_frames line frame, current_basecase, production key (ensemble, delayed_6m, BEFU26 comparator, balanced_structural schedule, BEFU26 shape vintage); cross-checked against the committed policy runtime line_reconciliation for the same state"
heavy_ruc_net_km,2030,4230.412228687553,4230.412228687553,4230.412228687553,True,False,"app.cached_aligned_scenario_detail_frames line frame, current_basecase, production key (ensemble, delayed_6m, BEFU26 comparator, balanced_structural schedule, BEFU26 shape vintage); cross-checked against the committed policy runtime line_reconciliation for the same state"
heavy_ruc_net_km,2031,4267.911566311923,4267.911566311923,4267.911566311923,True,False,"app.cached_aligned_scenario_detail_frames line frame, current_basecase, production key (ensemble, delayed_6m, BEFU26 comparator, balanced_structural schedule, BEFU26 shape vintage); cross-checked against the committed policy runtime line_reconciliation for the same state"
heavy_ruc_net_km,2032,4296.722306807416,4296.722306807416,4296.722306807416,True,False,"app.cached_aligned_scenario_detail_frames line frame, current_basecase, production key (ensemble, delayed_6m, BEFU26 comparator, balanced_structural schedule, BEFU26 shape vintage); cross-checked against the committed policy runtime line_reconciliation for the same state"
heavy_ruc_net_km,2033,4317.235634223176,4317.235634223176,4317.235634223176,True,False,"app.cached_aligned_scenario_detail_frames line frame, current_basecase, production key (ensemble, delayed_6m, BEFU26 comparator, balanced_structural schedule, BEFU26 shape vintage); cross-checked against the committed policy runtime line_reconciliation for the same state"
heavy_ruc_net_km,2034,4331.432056405634,4331.432056405634,4331.432056405634,True,False,"app.cached_aligned_scenario_detail_frames line frame, current_basecase, production key (ensemble, delayed_6m, BEFU26 comparator, balanced_structural schedule, BEFU26 shape vintage); cross-checked against the committed policy runtime line_reconciliation for the same state"
heavy_ruc_net_km,2035,4332.904593391855,4332.904593391855,4332.904593391855,True,False,"app.cached_aligned_scenario_detail_frames line frame, current_basecase, production key (ensemble, delayed_6m, BEFU26 comparator, balanced_structural schedule, BEFU26 shape vintage); cross-checked against the committed policy runtime line_reconciliation for the same state"
heavy_ruc_net_km,2036,4320.191418294555,4320.191418294555,4320.191418294555,True,False,"app.cached_aligned_scenario_detail_frames line frame, current_basecase, production key (ensemble, delayed_6m, BEFU26 comparator, balanced_structural schedule, BEFU26 shape vintage); cross-checked against the committed policy runtime line_reconciliation for the same state"
heavy_ruc_net_km,2037,4293.526166490142,4293.526166490142,4293.526166490142,True,False,"app.cached_aligned_scenario_detail_frames line frame, current_basecase, production key (ensemble, delayed_6m, BEFU26 comparator, balanced_structural schedule, BEFU26 shape vintage); cross-checked against the committed policy runtime line_reconciliation for the same state"
heavy_ruc_net_km,2038,4254.573259218129,4254.573259218129,4254.573259218129,True,False,"app.cached_aligned_scenario_detail_frames line frame, current_basecase, production key (ensemble, delayed_6m, BEFU26 comparator, balanced_structural schedule, BEFU26 shape vintage); cross-checked against the committed policy runtime line_reconciliation for the same state"
heavy_ruc_net_km,2039,4202.7917839877055,4202.7917839877055,4202.7917839877055,True,False,"app.cached_aligned_scenario_detail_frames line frame, current_basecase, production key (ensemble, delayed_6m, BEFU26 comparator, balanced_structural schedule, BEFU26 shape vintage); cross-checked against the committed policy runtime line_reconciliation for the same state"
heavy_ruc_net_km,2040,4139.988390396382,4139.988390396382,4139.988390396382,True,False,"app.cached_aligned_scenario_detail_frames line frame, current_basecase, production key (ensemble, delayed_6m, BEFU26 comparator, balanced_structural schedule, BEFU26 shape vintage); cross-checked against the committed policy runtime line_reconciliation for the same state"
heavy_ruc_net_km,2041,4069.4353207978606,4069.4353207978606,4069.4353207978606,True,False,"app.cached_aligned_scenario_detail_frames line frame, current_basecase, production key (ensemble, delayed_6m, BEFU26 comparator, balanced_structural schedule, BEFU26 shape vintage); cross-checked against the committed policy runtime line_reconciliation for the same state"
heavy_ruc_net_km,2042,3994.8611783682823,3994.8611783682823,3994.8611783682823,True,False,"app.cached_aligned_scenario_detail_frames line frame, current_basecase, production key (ensemble, delayed_6m, BEFU26 comparator, balanced_structural schedule, BEFU26 shape vintage); cross-checked against the committed policy runtime line_reconciliation for the same state"
heavy_ruc_net_km,2043,3918.79447433283,3918.79447433283,3918.79447433283,True,False,"app.cached_aligned_scenario_detail_frames line frame, current_basecase, production key (ensemble, delayed_6m, BEFU26 comparator, balanced_structural schedule, BEFU26 shape vintage); cross-checked against the committed policy runtime line_reconciliation for the same state"
heavy_ruc_net_km,2044,3847.6771858833663,3847.6771858833663,3847.6771858833663,True,False,"app.cached_aligned_scenario_detail_frames line frame, current_basecase, production key (ensemble, delayed_6m, BEFU26 comparator, balanced_structural schedule, BEFU26 shape vintage); cross-checked against the committed policy runtime line_reconciliation for the same state"
heavy_ruc_net_km,2045,3787.995002710367,3787.995002710367,3787.995002710367,True,False,"app.cached_aligned_scenario_detail_frames line frame, current_basecase, production key (ensemble, delayed_6m, BEFU26 comparator, balanced_structural schedule, BEFU26 shape vintage); cross-checked against the committed policy runtime line_reconciliation for the same state"
heavy_ruc_net_km,2046,3732.733320245248,3732.733320245248,3732.733320245248,True,False,"app.cached_aligned_scenario_detail_frames line frame, current_basecase, production key (ensemble, delayed_6m, BEFU26 comparator, balanced_structural schedule, BEFU26 shape vintage); cross-checked against the committed policy runtime line_reconciliation for the same state"
heavy_ruc_net_km,2047,3674.343470439415,3674.343470439415,3674.343470439415,True,False,"app.cached_aligned_scenario_detail_frames line frame, current_basecase, production key (ensemble, delayed_6m, BEFU26 comparator, balanced_structural schedule, BEFU26 shape vintage); cross-checked against the committed policy runtime line_reconciliation for the same state"
heavy_ruc_net_km,2048,3612.9334701749162,3612.9334701749162,3612.9334701749162,True,False,"app.cached_aligned_scenario_detail_frames line frame, current_basecase, production key (ensemble, delayed_6m, BEFU26 comparator, balanced_structural schedule, BEFU26 shape vintage); cross-checked against the committed policy runtime line_reconciliation for the same state"
heavy_ruc_net_km,2049,3548.5122267359834,3548.5122267359834,3548.5122267359834,True,False,"app.cached_aligned_scenario_detail_frames line frame, current_basecase, production key (ensemble, delayed_6m, BEFU26 comparator, balanced_structural schedule, BEFU26 shape vintage); cross-checked against the committed policy runtime line_reconciliation for the same state"
heavy_ruc_net_km,2050,3483.2835913255512,3483.2835913255512,3483.2835913255512,True,False,"app.cached_aligned_scenario_detail_frames line frame, current_basecase, production key (ensemble, delayed_6m, BEFU26 comparator, balanced_structural schedule, BEFU26 shape vintage); cross-checked against the committed policy runtime line_reconciliation for the same state"
heavy_ruc_net_revenue,2026,1134.1059888764494,1134.1059888764494,1134.1059888764494,True,False,"app.cached_aligned_scenario_detail_frames line frame, current_basecase, production key (ensemble, delayed_6m, BEFU26 comparator, balanced_structural schedule, BEFU26 shape vintage); cross-checked against the committed policy runtime line_reconciliation for the same state"
heavy_ruc_net_revenue,2027,1138.2992226348838,1138.2992226348838,1138.2992226348838,True,False,"app.cached_aligned_scenario_detail_frames line frame, current_basecase, production key (ensemble, delayed_6m, BEFU26 comparator, balanced_structural schedule, BEFU26 shape vintage); cross-checked against the committed policy runtime line_reconciliation for the same state"
heavy_ruc_net_revenue,2028,1386.55564155929,1386.55564155929,1386.55564155929,True,False,"app.cached_aligned_scenario_detail_frames line frame, current_basecase, production key (ensemble, delayed_6m, BEFU26 comparator, balanced_structural schedule, BEFU26 shape vintage); cross-checked against the committed policy runtime line_reconciliation for the same state"
heavy_ruc_net_revenue,2029,1482.1675915175717,1482.1675915175717,1482.1675915175717,True,False,"app.cached_aligned_scenario_detail_frames line frame, current_basecase, production key (ensemble, delayed_6m, BEFU26 comparator, balanced_structural schedule, BEFU26 shape vintage); cross-checked against the committed policy runtime line_reconciliation for the same state"
heavy_ruc_net_revenue,2030,1561.9346558206582,1561.9346558206582,1561.9346558206582,True,False,"app.cached_aligned_scenario_detail_frames line frame, current_basecase, production key (ensemble, delayed_6m, BEFU26 comparator, balanced_structural schedule, BEFU26 shape vintage); cross-checked against the committed policy runtime line_reconciliation for the same state"
heavy_ruc_net_revenue,2031,1642.9965761252706,1642.9965761252706,1642.9965761252706,True,False,"app.cached_aligned_scenario_detail_frames line frame, current_basecase, production key (ensemble, delayed_6m, BEFU26 comparator, balanced_structural schedule, BEFU26 shape vintage); cross-checked against the committed policy runtime line_reconciliation for the same state"
heavy_ruc_net_revenue,2032,1721.5892102800665,1721.5892102800665,1721.5892102800665,True,False,"app.cached_aligned_scenario_detail_frames line frame, current_basecase, production key (ensemble, delayed_6m, BEFU26 comparator, balanced_structural schedule, BEFU26 shape vintage); cross-checked against the committed policy runtime line_reconciliation for the same state"
heavy_ruc_net_revenue,2033,1797.6105733778486,1797.6105733778486,1797.6105733778486,True,False,"app.cached_aligned_scenario_detail_frames line frame, current_basecase, production key (ensemble, delayed_6m, BEFU26 comparator, balanced_structural schedule, BEFU26 shape vintage); cross-checked against the committed policy runtime line_reconciliation for the same state"
heavy_ruc_net_revenue,2034,1871.5468200920322,1871.5468200920322,1871.5468200920322,True,False,"app.cached_aligned_scenario_detail_frames line frame, current_basecase, production key (ensemble, delayed_6m, BEFU26 comparator, balanced_structural schedule, BEFU26 shape vintage); cross-checked against the committed policy runtime line_reconciliation for the same state"
heavy_ruc_net_revenue,2035,1940.253012397905,1940.253012397905,1940.253012397905,True,False,"app.cached_aligned_scenario_detail_frames line frame, current_basecase, production key (ensemble, delayed_6m, BEFU26 comparator, balanced_structural schedule, BEFU26 shape vintage); cross-checked against the committed policy runtime line_reconciliation for the same state"
heavy_ruc_net_revenue,2036,2002.4303233366143,2002.4303233366143,2002.4303233366143,True,False,"app.cached_aligned_scenario_detail_frames line frame, current_basecase, production key (ensemble, delayed_6m, BEFU26 comparator, balanced_structural schedule, BEFU26 shape vintage); cross-checked against the committed policy runtime line_reconciliation for the same state"
heavy_ruc_net_revenue,2037,2057.522141874573,2057.522141874573,2057.522141874573,True,False,"app.cached_aligned_scenario_detail_frames line frame, current_basecase, production key (ensemble, delayed_6m, BEFU26 comparator, balanced_structural schedule, BEFU26 shape vintage); cross-checked against the committed policy runtime line_reconciliation for the same state"
heavy_ruc_net_revenue,2038,2105.694670318528,2105.694670318528,2105.694670318528,True,False,"app.cached_aligned_scenario_detail_frames line frame, current_basecase, production key (ensemble, delayed_6m, BEFU26 comparator, balanced_structural schedule, BEFU26 shape vintage); cross-checked against the committed policy runtime line_reconciliation for the same state"
heavy_ruc_net_revenue,2039,2146.0925826165585,2146.0925826165585,2146.0925826165585,True,False,"app.cached_aligned_scenario_detail_frames line frame, current_basecase, production key (ensemble, delayed_6m, BEFU26 comparator, balanced_structural schedule, BEFU26 shape vintage); cross-checked against the committed policy runtime line_reconciliation for the same state"
heavy_ruc_net_revenue,2040,2179.062189343183,2179.062189343183,2179.062189343183,True,False,"app.cached_aligned_scenario_detail_frames line frame, current_basecase, production key (ensemble, delayed_6m, BEFU26 comparator, balanced_structural schedule, BEFU26 shape vintage); cross-checked against the committed policy runtime line_reconciliation for the same state"
heavy_ruc_net_revenue,2041,2205.8577628150865,2205.8577628150865,2205.8577628150865,True,False,"app.cached_aligned_scenario_detail_frames line frame, current_basecase, production key (ensemble, delayed_6m, BEFU26 comparator, balanced_structural schedule, BEFU26 shape vintage); cross-checked against the committed policy runtime line_reconciliation for the same state"
heavy_ruc_net_revenue,2042,2228.173770846697,2228.173770846697,2228.173770846697,True,False,"app.cached_aligned_scenario_detail_frames line frame, current_basecase, production key (ensemble, delayed_6m, BEFU26 comparator, balanced_structural schedule, BEFU26 shape vintage); cross-checked against the committed policy runtime line_reconciliation for the same state"
heavy_ruc_net_revenue,2043,2247.291473223277,2247.291473223277,2247.291473223277,True,False,"app.cached_aligned_scenario_detail_frames line frame, current_basecase, production key (ensemble, delayed_6m, BEFU26 comparator, balanced_structural schedule, BEFU26 shape vintage); cross-checked against the committed policy runtime line_reconciliation for the same state"
heavy_ruc_net_revenue,2044,2266.955205992829,2266.955205992829,2266.955205992829,True,False,"app.cached_aligned_scenario_detail_frames line frame, current_basecase, production key (ensemble, delayed_6m, BEFU26 comparator, balanced_structural schedule, BEFU26 shape vintage); cross-checked against the committed policy runtime line_reconciliation for the same state"
heavy_ruc_net_revenue,2045,2291.301357214467,2291.301357214467,2291.301357214467,True,False,"app.cached_aligned_scenario_detail_frames line frame, current_basecase, production key (ensemble, delayed_6m, BEFU26 comparator, balanced_structural schedule, BEFU26 shape vintage); cross-checked against the committed policy runtime line_reconciliation for the same state"
heavy_ruc_net_revenue,2046,2316.5156348776068,2316.5156348776068,2316.5156348776068,True,False,"app.cached_aligned_scenario_detail_frames line frame, current_basecase, production key (ensemble, delayed_6m, BEFU26 comparator, balanced_structural schedule, BEFU26 shape vintage); cross-checked against the committed policy runtime line_reconciliation for the same state"
heavy_ruc_net_revenue,2047,2338.0031219579523,2338.0031219579523,2338.0031219579523,True,False,"app.cached_aligned_scenario_detail_frames line frame, current_basecase, production key (ensemble, delayed_6m, BEFU26 comparator, balanced_structural schedule, BEFU26 shape vintage); cross-checked against the committed policy runtime line_reconciliation for the same state"
heavy_ruc_net_revenue,2048,2355.686816556099,2355.686816556099,2355.686816556099,True,False,"app.cached_aligned_scenario_detail_frames line frame, current_basecase, production key (ensemble, delayed_6m, BEFU26 comparator, balanced_structural schedule, BEFU26 shape vintage); cross-checked against the committed policy runtime line_reconciliation for the same state"
heavy_ruc_net_revenue,2049,2369.4303265972812,2369.4303265972812,2369.4303265972812,True,False,"app.cached_aligned_scenario_detail_frames line frame, current_basecase, production key (ensemble, delayed_6m, BEFU26 comparator, balanced_structural schedule, BEFU26 shape vintage); cross-checked against the committed policy runtime line_reconciliation for the same state"
heavy_ruc_net_revenue,2050,2380.597921237581,2380.597921237581,2380.597921237581,True,False,"app.cached_aligned_scenario_detail_frames line frame, current_basecase, production key (ensemble, delayed_6m, BEFU26 comparator, balanced_structural schedule, BEFU26 shape vintage); cross-checked against the committed policy runtime line_reconciliation for the same state"
light_bev_ruc_net_km,2026,1237.1740107408814,1237.1740107408814,1237.1740107408814,True,False,"app.cached_aligned_scenario_detail_frames line frame, current_basecase, production key (ensemble, delayed_6m, BEFU26 comparator, balanced_structural schedule, BEFU26 shape vintage); cross-checked against the committed policy runtime line_reconciliation for the same state"
light_bev_ruc_net_km,2027,1541.0531756214164,1541.0531756214164,1541.0531756214164,True,False,"app.cached_aligned_scenario_detail_frames line frame, current_basecase, production key (ensemble, delayed_6m, BEFU26 comparator, balanced_structural schedule, BEFU26 shape vintage); cross-checked against the committed policy runtime line_reconciliation for the same state"
light_bev_ruc_net_km,2028,2047.1005382667586,2047.1005382667586,2047.1005382667586,True,False,"app.cached_aligned_scenario_detail_frames line frame, current_basecase, production key (ensemble, delayed_6m, BEFU26 comparator, balanced_structural schedule, BEFU26 shape vintage); cross-checked against the committed policy runtime line_reconciliation for the same state"
light_bev_ruc_net_km,2029,2695.8212982561504,2695.8212982561504,2695.8212982561504,True,False,"app.cached_aligned_scenario_detail_frames line frame, current_basecase, production key (ensemble, delayed_6m, BEFU26 comparator, balanced_structural schedule, BEFU26 shape vintage); cross-checked against the committed policy runtime line_reconciliation for the same state"
light_bev_ruc_net_km,2030,3437.1140934214673,3437.1140934214673,3437.1140934214673,True,False,"app.cached_aligned_scenario_detail_frames line frame, current_basecase, production key (ensemble, delayed_6m, BEFU26 comparator, balanced_structural schedule, BEFU26 shape vintage); cross-checked against the committed policy runtime line_reconciliation for the same state"
light_bev_ruc_net_km,2031,4136.464957208158,4136.464957208158,4136.464957208158,True,False,"app.cached_aligned_scenario_detail_frames line frame, current_basecase, production key (ensemble, delayed_6m, BEFU26 comparator, balanced_structural schedule, BEFU26 shape vintage); cross-checked against the committed policy runtime line_reconciliation for the same state"
light_bev_ruc_net_km,2032,4916.332792766778,4916.332792766778,4916.332792766778,True,False,"app.cached_aligned_scenario_detail_frames line frame, current_basecase, production key (ensemble, delayed_6m, BEFU26 comparator, balanced_structural schedule, BEFU26 shape vintage); cross-checked against the committed policy runtime line_reconciliation for the same state"
light_bev_ruc_net_km,2033,5810.656623517291,5810.656623517291,5810.656623517291,True,False,"app.cached_aligned_scenario_detail_frames line frame, current_basecase, production key (ensemble, delayed_6m, BEFU26 comparator, balanced_structural schedule, BEFU26 shape vintage); cross-checked against the committed policy runtime line_reconciliation for the same state"
light_bev_ruc_net_km,2034,6881.453189098758,6881.453189098758,6881.453189098758,True,False,"app.cached_aligned_scenario_detail_frames line frame, current_basecase, production key (ensemble, delayed_6m, BEFU26 comparator, balanced_structural schedule, BEFU26 shape vintage); cross-checked against the committed policy runtime line_reconciliation for the same state"
light_bev_ruc_net_km,2035,8161.8272756409115,8161.8272756409115,8161.8272756409115,True,False,"app.cached_aligned_scenario_detail_frames line frame, current_basecase, production key (ensemble, delayed_6m, BEFU26 comparator, balanced_structural schedule, BEFU26 shape vintage); cross-checked against the committed policy runtime line_reconciliation for the same state"
light_bev_ruc_net_km,2036,9659.59907412921,9659.59907412921,9659.59907412921,True,False,"app.cached_aligned_scenario_detail_frames line frame, current_basecase, production key (ensemble, delayed_6m, BEFU26 comparator, balanced_structural schedule, BEFU26 shape vintage); cross-checked against the committed policy runtime line_reconciliation for the same state"
light_bev_ruc_net_km,2037,11399.789701220574,11399.789701220574,11399.789701220574,True,False,"app.cached_aligned_scenario_detail_frames line frame, current_basecase, production key (ensemble, delayed_6m, BEFU26 comparator, balanced_structural schedule, BEFU26 shape vintage); cross-checked against the committed policy runtime line_reconciliation for the same state"
light_bev_ruc_net_km,2038,13377.545681265494,13377.545681265494,13377.545681265494,True,False,"app.cached_aligned_scenario_detail_frames line frame, current_basecase, production key (ensemble, delayed_6m, BEFU26 comparator, balanced_structural schedule, BEFU26 shape vintage); cross-checked against the committed policy runtime line_reconciliation for the same state"
light_bev_ruc_net_km,2039,15629.699446091794,15629.699446091794,15629.699446091794,True,False,"app.cached_aligned_scenario_detail_frames line frame, current_basecase, production key (ensemble, delayed_6m, BEFU26 comparator, balanced_structural schedule, BEFU26 shape vintage); cross-checked against the committed policy runtime line_reconciliation for the same state"
light_bev_ruc_net_km,2040,18145.70560302013,18145.70560302013,18145.70560302013,True,False,"app.cached_aligned_scenario_detail_frames line frame, current_basecase, production key (ensemble, delayed_6m, BEFU26 comparator, balanced_structural schedule, BEFU26 shape vintage); cross-checked against the committed policy runtime line_reconciliation for the same state"
light_bev_ruc_net_km,2041,20816.414203603417,20816.414203603417,20816.414203603417,True,False,"app.cached_aligned_scenario_detail_frames line frame, current_basecase, production key (ensemble, delayed_6m, BEFU26 comparator, balanced_structural schedule, BEFU26 shape vintage); cross-checked against the committed policy runtime line_reconciliation for the same state"
light_bev_ruc_net_km,2042,23544.7199664252,23544.7199664252,23544.7199664252,True,False,"app.cached_aligned_scenario_detail_frames line frame, current_basecase, production key (ensemble, delayed_6m, BEFU26 comparator, balanced_structural schedule, BEFU26 shape vintage); cross-checked against the committed policy runtime line_reconciliation for the same state"
light_bev_ruc_net_km,2043,26226.749050876788,26226.749050876788,26226.749050876788,True,False,"app.cached_aligned_scenario_detail_frames line frame, current_basecase, production key (ensemble, delayed_6m, BEFU26 comparator, balanced_structural schedule, BEFU26 shape vintage); cross-checked against the committed policy runtime line_reconciliation for the same state"
light_bev_ruc_net_km,2044,28712.36769831297,28712.36769831297,28712.36769831297,True,False,"app.cached_aligned_scenario_detail_frames line frame, current_basecase, production key (ensemble, delayed_6m, BEFU26 comparator, balanced_structural schedule, BEFU26 shape vintage); cross-checked against the committed policy runtime line_reconciliation for the same state"
light_bev_ruc_net_km,2045,31081.76273200823,31081.76273200823,31081.76273200823,True,False,"app.cached_aligned_scenario_detail_frames line frame, current_basecase, production key (ensemble, delayed_6m, BEFU26 comparator, balanced_structural schedule, BEFU26 shape vintage); cross-checked against the committed policy runtime line_reconciliation for the same state"
light_bev_ruc_net_km,2046,33509.46313744956,33509.46313744956,33509.46313744956,True,False,"app.cached_aligned_scenario_detail_frames line frame, current_basecase, production key (ensemble, delayed_6m, BEFU26 comparator, balanced_structural schedule, BEFU26 shape vintage); cross-checked against the committed policy runtime line_reconciliation for the same state"
light_bev_ruc_net_km,2047,35904.76590433538,35904.76590433538,35904.76590433538,True,False,"app.cached_aligned_scenario_detail_frames line frame, current_basecase, production key (ensemble, delayed_6m, BEFU26 comparator, balanced_structural schedule, BEFU26 shape vintage); cross-checked against the committed policy runtime line_reconciliation for the same state"
light_bev_ruc_net_km,2048,38352.97628394901,38352.97628394901,38352.97628394901,True,False,"app.cached_aligned_scenario_detail_frames line frame, current_basecase, production key (ensemble, delayed_6m, BEFU26 comparator, balanced_structural schedule, BEFU26 shape vintage); cross-checked against the committed policy runtime line_reconciliation for the same state"
light_bev_ruc_net_km,2049,40612.41140075799,40612.41140075799,40612.41140075799,True,False,"app.cached_aligned_scenario_detail_frames line frame, current_basecase, production key (ensemble, delayed_6m, BEFU26 comparator, balanced_structural schedule, BEFU26 shape vintage); cross-checked against the committed policy runtime line_reconciliation for the same state"
light_bev_ruc_net_km,2050,42570.73758968652,42570.73758968652,42570.73758968652,True,False,"app.cached_aligned_scenario_detail_frames line frame, current_basecase, production key (ensemble, delayed_6m, BEFU26 comparator, balanced_structural schedule, BEFU26 shape vintage); cross-checked against the committed policy runtime line_reconciliation for the same state"
light_bev_ruc_net_revenue,2026,83.3370955480371,83.3370955480371,83.3370955480371,True,False,"app.cached_aligned_scenario_detail_frames line frame, current_basecase, production key (ensemble, delayed_6m, BEFU26 comparator, balanced_structural schedule, BEFU26 shape vintage); cross-checked against the committed policy runtime line_reconciliation for the same state"
light_bev_ruc_net_revenue,2027,103.51663034131343,103.51663034131343,103.51663034131343,True,False,"app.cached_aligned_scenario_detail_frames line frame, current_basecase, production key (ensemble, delayed_6m, BEFU26 comparator, balanced_structural schedule, BEFU26 shape vintage); cross-checked against the committed policy runtime line_reconciliation for the same state"
light_bev_ruc_net_revenue,2028,166.53162878800077,166.53162878800077,166.53162878800077,True,False,"app.cached_aligned_scenario_detail_frames line frame, current_basecase, production key (ensemble, delayed_6m, BEFU26 comparator, balanced_structural schedule, BEFU26 shape vintage); cross-checked against the committed policy runtime line_reconciliation for the same state"
light_bev_ruc_net_revenue,2029,232.20456752529267,232.20456752529267,232.20456752529267,True,False,"app.cached_aligned_scenario_detail_frames line frame, current_basecase, production key (ensemble, delayed_6m, BEFU26 comparator, balanced_structural schedule, BEFU26 shape vintage); cross-checked against the committed policy runtime line_reconciliation for the same state"
light_bev_ruc_net_revenue,2030,309.21996941466256,309.21996941466256,309.21996941466256,True,False,"app.cached_aligned_scenario_detail_frames line frame, current_basecase, production key (ensemble, delayed_6m, BEFU26 comparator, balanced_structural schedule, BEFU26 shape vintage); cross-checked against the committed policy runtime line_reconciliation for the same state"
light_bev_ruc_net_revenue,2031,387.95904833655317,387.95904833655317,387.95904833655317,True,False,"app.cached_aligned_scenario_detail_frames line frame, current_basecase, production key (ensemble, delayed_6m, BEFU26 comparator, balanced_structural schedule, BEFU26 shape vintage); cross-checked against the committed policy runtime line_reconciliation for the same state"
light_bev_ruc_net_revenue,2032,479.90782556592876,479.90782556592876,479.90782556592876,True,False,"app.cached_aligned_scenario_detail_frames line frame, current_basecase, production key (ensemble, delayed_6m, BEFU26 comparator, balanced_structural schedule, BEFU26 shape vintage); cross-checked against the committed policy runtime line_reconciliation for the same state"
light_bev_ruc_net_revenue,2033,589.4620611727117,589.4620611727117,589.4620611727117,True,False,"app.cached_aligned_scenario_detail_frames line frame, current_basecase, production key (ensemble, delayed_6m, BEFU26 comparator, balanced_structural schedule, BEFU26 shape vintage); cross-checked against the committed policy runtime line_reconciliation for the same state"
light_bev_ruc_net_revenue,2034,724.4449844823712,724.4449844823712,724.4449844823712,True,False,"app.cached_aligned_scenario_detail_frames line frame, current_basecase, production key (ensemble, delayed_6m, BEFU26 comparator, balanced_structural schedule, BEFU26 shape vintage); cross-checked against the committed policy runtime line_reconciliation for the same state"
light_bev_ruc_net_revenue,2035,890.4553557724238,890.4553557724238,890.4553557724238,True,False,"app.cached_aligned_scenario_detail_frames line frame, current_basecase, production key (ensemble, delayed_6m, BEFU26 comparator, balanced_structural schedule, BEFU26 shape vintage); cross-checked against the committed policy runtime line_reconciliation for the same state"
light_bev_ruc_net_revenue,2036,1090.810225446041,1090.810225446041,1090.810225446041,True,False,"app.cached_aligned_scenario_detail_frames line frame, current_basecase, production key (ensemble, delayed_6m, BEFU26 comparator, balanced_structural schedule, BEFU26 shape vintage); cross-checked against the committed policy runtime line_reconciliation for the same state"
light_bev_ruc_net_revenue,2037,1330.9824465660054,1330.9824465660054,1330.9824465660054,True,False,"app.cached_aligned_scenario_detail_frames line frame, current_basecase, production key (ensemble, delayed_6m, BEFU26 comparator, balanced_structural schedule, BEFU26 shape vintage); cross-checked against the committed policy runtime line_reconciliation for the same state"
light_bev_ruc_net_revenue,2038,1613.1313459753997,1613.1313459753997,1613.1313459753997,True,False,"app.cached_aligned_scenario_detail_frames line frame, current_basecase, production key (ensemble, delayed_6m, BEFU26 comparator, balanced_structural schedule, BEFU26 shape vintage); cross-checked against the committed policy runtime line_reconciliation for the same state"
light_bev_ruc_net_revenue,2039,1944.4909080882742,1944.4909080882742,1944.4909080882742,True,False,"app.cached_aligned_scenario_detail_frames line frame, current_basecase, production key (ensemble, delayed_6m, BEFU26 comparator, balanced_structural schedule, BEFU26 shape vintage); cross-checked against the committed policy runtime line_reconciliation for the same state"
light_bev_ruc_net_revenue,2040,2326.9145580032855,2326.9145580032855,2326.9145580032855,True,False,"app.cached_aligned_scenario_detail_frames line frame, current_basecase, production key (ensemble, delayed_6m, BEFU26 comparator, balanced_structural schedule, BEFU26 shape vintage); cross-checked against the committed policy runtime line_reconciliation for the same state"
light_bev_ruc_net_revenue,2041,2749.119741798886,2749.119741798886,2749.119741798886,True,False,"app.cached_aligned_scenario_detail_frames line frame, current_basecase, production key (ensemble, delayed_6m, BEFU26 comparator, balanced_structural schedule, BEFU26 shape vintage); cross-checked against the committed policy runtime line_reconciliation for the same state"
light_bev_ruc_net_revenue,2042,3199.4919962375207,3199.4919962375207,3199.4919962375207,True,False,"app.cached_aligned_scenario_detail_frames line frame, current_basecase, production key (ensemble, delayed_6m, BEFU26 comparator, balanced_structural schedule, BEFU26 shape vintage); cross-checked against the committed policy runtime line_reconciliation for the same state"
light_bev_ruc_net_revenue,2043,3664.2702436432514,3664.2702436432514,3664.2702436432514,True,False,"app.cached_aligned_scenario_detail_frames line frame, current_basecase, production key (ensemble, delayed_6m, BEFU26 comparator, balanced_structural schedule, BEFU26 shape vintage); cross-checked against the committed policy runtime line_reconciliation for the same state"
light_bev_ruc_net_revenue,2044,4121.516821254343,4121.516821254343,4121.516821254343,True,False,"app.cached_aligned_scenario_detail_frames line frame, current_basecase, production key (ensemble, delayed_6m, BEFU26 comparator, balanced_structural schedule, BEFU26 shape vintage); cross-checked against the committed policy runtime line_reconciliation for the same state"
light_bev_ruc_net_revenue,2045,4580.674782629701,4580.674782629701,4580.674782629701,True,False,"app.cached_aligned_scenario_detail_frames line frame, current_basecase, production key (ensemble, delayed_6m, BEFU26 comparator, balanced_structural schedule, BEFU26 shape vintage); cross-checked against the committed policy runtime line_reconciliation for the same state"
light_bev_ruc_net_revenue,2046,5066.63082638237,5066.63082638237,5066.63082638237,True,False,"app.cached_aligned_scenario_detail_frames line frame, current_basecase, production key (ensemble, delayed_6m, BEFU26 comparator, balanced_structural schedule, BEFU26 shape vintage); cross-checked against the committed policy runtime line_reconciliation for the same state"
light_bev_ruc_net_revenue,2047,5566.136334319584,5566.136334319584,5566.136334319584,True,False,"app.cached_aligned_scenario_detail_frames line frame, current_basecase, production key (ensemble, delayed_6m, BEFU26 comparator, balanced_structural schedule, BEFU26 shape vintage); cross-checked against the committed policy runtime line_reconciliation for the same state"
light_bev_ruc_net_revenue,2048,6092.562047586725,6092.562047586725,6092.562047586725,True,False,"app.cached_aligned_scenario_detail_frames line frame, current_basecase, production key (ensemble, delayed_6m, BEFU26 comparator, balanced_structural schedule, BEFU26 shape vintage); cross-checked against the committed policy runtime line_reconciliation for the same state"
light_bev_ruc_net_revenue,2049,6607.030148732312,6607.030148732312,6607.030148732312,True,False,"app.cached_aligned_scenario_detail_frames line frame, current_basecase, production key (ensemble, delayed_6m, BEFU26 comparator, balanced_structural schedule, BEFU26 shape vintage); cross-checked against the committed policy runtime line_reconciliation for the same state"
light_bev_ruc_net_revenue,2050,7088.453516058697,7088.453516058697,7088.453516058697,True,False,"app.cached_aligned_scenario_detail_frames line frame, current_basecase, production key (ensemble, delayed_6m, BEFU26 comparator, balanced_structural schedule, BEFU26 shape vintage); cross-checked against the committed policy runtime line_reconciliation for the same state"
light_petrol_vkt,2026,33085.33429827859,33085.33429827859,33085.33429827859,True,False,"app.cached_aligned_scenario_detail_frames line frame, current_basecase, production key (ensemble, delayed_6m, BEFU26 comparator, balanced_structural schedule, BEFU26 shape vintage); cross-checked against the committed policy runtime line_reconciliation for the same state"
light_petrol_vkt,2027,33306.51695734536,33306.51695734536,33306.51695734536,True,False,"app.cached_aligned_scenario_detail_frames line frame, current_basecase, production key (ensemble, delayed_6m, BEFU26 comparator, balanced_structural schedule, BEFU26 shape vintage); cross-checked against the committed policy runtime line_reconciliation for the same state"
light_petrol_vkt,2028,33601.317609140344,33601.317609140344,33601.317609140344,True,False,"app.cached_aligned_scenario_detail_frames line frame, current_basecase, production key (ensemble, delayed_6m, BEFU26 comparator, balanced_structural schedule, BEFU26 shape vintage); cross-checked against the committed policy runtime line_reconciliation for the same state"
light_petrol_vkt,2029,33986.568464241995,33986.568464241995,33986.568464241995,True,False,"app.cached_aligned_scenario_detail_frames line frame, current_basecase, production key (ensemble, delayed_6m, BEFU26 comparator, balanced_structural schedule, BEFU26 shape vintage); cross-checked against the committed policy runtime line_reconciliation for the same state"
light_petrol_vkt,2030,34290.154354466984,34290.154354466984,34290.154354466984,True,False,"app.cached_aligned_scenario_detail_frames line frame, current_basecase, production key (ensemble, delayed_6m, BEFU26 comparator, balanced_structural schedule, BEFU26 shape vintage); cross-checked against the committed policy runtime line_reconciliation for the same state"
light_petrol_vkt,2031,34036.47205467476,34543.478008938844,34543.478008938844,True,True,"app.cached_aligned_scenario_detail_frames line frame, current_basecase, production key (ensemble, delayed_6m, BEFU26 comparator, balanced_structural schedule, BEFU26 shape vintage); cross-checked against the committed policy runtime line_reconciliation for the same state"
light_petrol_vkt,2032,34169.83400040407,34678.82650898696,34678.82650898696,True,True,"app.cached_aligned_scenario_detail_frames line frame, current_basecase, production key (ensemble, delayed_6m, BEFU26 comparator, balanced_structural schedule, BEFU26 shape vintage); cross-checked against the committed policy runtime line_reconciliation for the same state"
light_petrol_vkt,2033,34168.6119993445,34677.58630504748,34677.58630504748,True,True,"app.cached_aligned_scenario_detail_frames line frame, current_basecase, production key (ensemble, delayed_6m, BEFU26 comparator, balanced_structural schedule, BEFU26 shape vintage); cross-checked against the committed policy runtime line_reconciliation for the same state"
light_petrol_vkt,2034,34039.138689775544,34546.184366131616,34546.184366131616,True,True,"app.cached_aligned_scenario_detail_frames line frame, current_basecase, production key (ensemble, delayed_6m, BEFU26 comparator, balanced_structural schedule, BEFU26 shape vintage); cross-checked against the committed policy runtime line_reconciliation for the same state"
light_petrol_vkt,2035,33713.045871605485,34215.23408211758,34215.23408211758,True,True,"app.cached_aligned_scenario_detail_frames line frame, current_basecase, production key (ensemble, delayed_6m, BEFU26 comparator, balanced_structural schedule, BEFU26 shape vintage); cross-checked against the committed policy runtime line_reconciliation for the same state"
light_petrol_vkt,2036,33126.318706128084,33619.767051769704,33619.767051769704,True,True,"app.cached_aligned_scenario_detail_frames line frame, current_basecase, production key (ensemble, delayed_6m, BEFU26 comparator, balanced_structural schedule, BEFU26 shape vintage); cross-checked against the committed policy runtime line_reconciliation for the same state"
light_petrol_vkt,2037,32224.459382580724,32704.47366707134,32704.47366707134,True,True,"app.cached_aligned_scenario_detail_frames line frame, current_basecase, production key (ensemble, delayed_6m, BEFU26 comparator, balanced_structural schedule, BEFU26 shape vintage); cross-checked against the committed policy runtime line_reconciliation for the same state"
light_petrol_vkt,2038,30953.636245163074,31414.72039798633,31414.72039798633,True,True,"app.cached_aligned_scenario_detail_frames line frame, current_basecase, production key (ensemble, delayed_6m, BEFU26 comparator, balanced_structural schedule, BEFU26 shape vintage); cross-checked against the committed policy runtime line_reconciliation for the same state"
light_petrol_vkt,2039,29307.625370093807,29744.19060940855,29744.19060940855,True,True,"app.cached_aligned_scenario_detail_frames line frame, current_basecase, production key (ensemble, delayed_6m, BEFU26 comparator, balanced_structural schedule, BEFU26 shape vintage); cross-checked against the committed policy runtime line_reconciliation for the same state"
light_petrol_vkt,2040,27333.1879552974,27740.342052234766,27740.342052234766,True,True,"app.cached_aligned_scenario_detail_frames line frame, current_basecase, production key (ensemble, delayed_6m, BEFU26 comparator, balanced_structural schedule, BEFU26 shape vintage); cross-checked against the committed policy runtime line_reconciliation for the same state"
light_petrol_vkt,2041,25115.771268118286,25489.894812956176,25489.894812956176,True,True,"app.cached_aligned_scenario_detail_frames line frame, current_basecase, production key (ensemble, delayed_6m, BEFU26 comparator, balanced_structural schedule, BEFU26 shape vintage); cross-checked against the committed policy runtime line_reconciliation for the same state"
light_petrol_vkt,2042,22642.330497169532,22979.609765186484,22979.609765186484,True,True,"app.cached_aligned_scenario_detail_frames line frame, current_basecase, production key (ensemble, delayed_6m, BEFU26 comparator, balanced_structural schedule, BEFU26 shape vintage); cross-checked against the committed policy runtime line_reconciliation for the same state"
light_petrol_vkt,2043,20193.226770476493,20494.024285330277,20494.024285330277,True,True,"app.cached_aligned_scenario_detail_frames line frame, current_basecase, production key (ensemble, delayed_6m, BEFU26 comparator, balanced_structural schedule, BEFU26 shape vintage); cross-checked against the committed policy runtime line_reconciliation for the same state"
light_petrol_vkt,2044,17994.01235182754,18262.050454860753,18262.050454860753,True,True,"app.cached_aligned_scenario_detail_frames line frame, current_basecase, production key (ensemble, delayed_6m, BEFU26 comparator, balanced_structural schedule, BEFU26 shape vintage); cross-checked against the committed policy runtime line_reconciliation for the same state"
light_petrol_vkt,2045,16177.889161898609,16418.874365045725,16418.874365045725,True,True,"app.cached_aligned_scenario_detail_frames line frame, current_basecase, production key (ensemble, delayed_6m, BEFU26 comparator, balanced_structural schedule, BEFU26 shape vintage); cross-checked against the committed policy runtime line_reconciliation for the same state"
light_petrol_vkt,2046,14659.59770809849,14877.966501232595,14877.966501232595,True,True,"app.cached_aligned_scenario_detail_frames line frame, current_basecase, production key (ensemble, delayed_6m, BEFU26 comparator, balanced_structural schedule, BEFU26 shape vintage); cross-checked against the committed policy runtime line_reconciliation for the same state"
light_petrol_vkt,2047,13273.39192998076,13471.111856152038,13471.111856152038,True,True,"app.cached_aligned_scenario_detail_frames line frame, current_basecase, production key (ensemble, delayed_6m, BEFU26 comparator, balanced_structural schedule, BEFU26 shape vintage); cross-checked against the committed policy runtime line_reconciliation for the same state"
light_petrol_vkt,2048,12027.23488282103,12206.392102439078,12206.392102439078,True,True,"app.cached_aligned_scenario_detail_frames line frame, current_basecase, production key (ensemble, delayed_6m, BEFU26 comparator, balanced_structural schedule, BEFU26 shape vintage); cross-checked against the committed policy runtime line_reconciliation for the same state"
light_petrol_vkt,2049,10893.184772059163,11055.449225656499,11055.449225656499,True,True,"app.cached_aligned_scenario_detail_frames line frame, current_basecase, production key (ensemble, delayed_6m, BEFU26 comparator, balanced_structural schedule, BEFU26 shape vintage); cross-checked against the committed policy runtime line_reconciliation for the same state"
light_petrol_vkt,2050,9860.981003271809,10007.869789968407,10007.869789968407,True,True,"app.cached_aligned_scenario_detail_frames line frame, current_basecase, production key (ensemble, delayed_6m, BEFU26 comparator, balanced_structural schedule, BEFU26 shape vintage); cross-checked against the committed policy runtime line_reconciliation for the same state"
light_ruc_net_km,2026,12790.779603597242,12790.779603597242,12790.779603597242,True,False,"app.cached_aligned_scenario_detail_frames line frame, current_basecase, production key (ensemble, delayed_6m, BEFU26 comparator, balanced_structural schedule, BEFU26 shape vintage); cross-checked against the committed policy runtime line_reconciliation for the same state"
light_ruc_net_km,2027,12939.128473679877,12939.128473679877,12939.128473679877,True,False,"app.cached_aligned_scenario_detail_frames line frame, current_basecase, production key (ensemble, delayed_6m, BEFU26 comparator, balanced_structural schedule, BEFU26 shape vintage); cross-checked against the committed policy runtime line_reconciliation for the same state"
light_ruc_net_km,2028,13542.195255933108,13542.195255933108,13542.195255933108,True,False,"app.cached_aligned_scenario_detail_frames line frame, current_basecase, production key (ensemble, delayed_6m, BEFU26 comparator, balanced_structural schedule, BEFU26 shape vintage); cross-checked against the committed policy runtime line_reconciliation for the same state"
light_ruc_net_km,2029,14131.358557992657,14131.358557992657,14131.358557992657,True,False,"app.cached_aligned_scenario_detail_frames line frame, current_basecase, production key (ensemble, delayed_6m, BEFU26 comparator, balanced_structural schedule, BEFU26 shape vintage); cross-checked against the committed policy runtime line_reconciliation for the same state"
light_ruc_net_km,2030,14552.971035061611,14552.971035061611,14552.971035061611,True,False,"app.cached_aligned_scenario_detail_frames line frame, current_basecase, production key (ensemble, delayed_6m, BEFU26 comparator, balanced_structural schedule, BEFU26 shape vintage); cross-checked against the committed policy runtime line_reconciliation for the same state"
light_ruc_net_km,2031,14393.626371033974,14393.626371033974,14393.626371033974,True,False,"app.cached_aligned_scenario_detail_frames line frame, current_basecase, production key (ensemble, delayed_6m, BEFU26 comparator, balanced_structural schedule, BEFU26 shape vintage); cross-checked against the committed policy runtime line_reconciliation for the same state"
light_ruc_net_km,2032,14182.204692593667,14182.204692593667,14182.204692593667,True,False,"app.cached_aligned_scenario_detail_frames line frame, current_basecase, production key (ensemble, delayed_6m, BEFU26 comparator, balanced_structural schedule, BEFU26 shape vintage); cross-checked against the committed policy runtime line_reconciliation for the same state"
light_ruc_net_km,2033,13912.61738746834,13912.61738746834,13912.61738746834,True,False,"app.cached_aligned_scenario_detail_frames line frame, current_basecase, production key (ensemble, delayed_6m, BEFU26 comparator, balanced_structural schedule, BEFU26 shape vintage); cross-checked against the committed policy runtime line_reconciliation for the same state"
light_ruc_net_km,2034,13594.982754176992,13594.982754176992,13594.982754176992,True,False,"app.cached_aligned_scenario_detail_frames line frame, current_basecase, production key (ensemble, delayed_6m, BEFU26 comparator, balanced_structural schedule, BEFU26 shape vintage); cross-checked against the committed policy runtime line_reconciliation for the same state"
light_ruc_net_km,2035,13229.329799110064,13229.329799110064,13229.329799110064,True,False,"app.cached_aligned_scenario_detail_frames line frame, current_basecase, production key (ensemble, delayed_6m, BEFU26 comparator, balanced_structural schedule, BEFU26 shape vintage); cross-checked against the committed policy runtime line_reconciliation for the same state"
light_ruc_net_km,2036,12816.296439651014,12816.296439651014,12816.296439651014,True,False,"app.cached_aligned_scenario_detail_frames line frame, current_basecase, production key (ensemble, delayed_6m, BEFU26 comparator, balanced_structural schedule, BEFU26 shape vintage); cross-checked against the committed policy runtime line_reconciliation for the same state"
light_ruc_net_km,2037,12349.522553179142,12349.522553179142,12349.522553179142,True,False,"app.cached_aligned_scenario_detail_frames line frame, current_basecase, production key (ensemble, delayed_6m, BEFU26 comparator, balanced_structural schedule, BEFU26 shape vintage); cross-checked against the committed policy runtime line_reconciliation for the same state"
light_ruc_net_km,2038,11815.791864977055,11815.791864977055,11815.791864977055,True,False,"app.cached_aligned_scenario_detail_frames line frame, current_basecase, production key (ensemble, delayed_6m, BEFU26 comparator, balanced_structural schedule, BEFU26 shape vintage); cross-checked against the committed policy runtime line_reconciliation for the same state"
light_ruc_net_km,2039,11238.252484340763,11238.252484340763,11238.252484340763,True,False,"app.cached_aligned_scenario_detail_frames line frame, current_basecase, production key (ensemble, delayed_6m, BEFU26 comparator, balanced_structural schedule, BEFU26 shape vintage); cross-checked against the committed policy runtime line_reconciliation for the same state"
light_ruc_net_km,2040,10633.407435309253,10633.407435309253,10633.407435309253,True,False,"app.cached_aligned_scenario_detail_frames line frame, current_basecase, production key (ensemble, delayed_6m, BEFU26 comparator, balanced_structural schedule, BEFU26 shape vintage); cross-checked against the committed policy runtime line_reconciliation for the same state"
light_ruc_net_km,2041,10040.63709698761,10040.63709698761,10040.63709698761,True,False,"app.cached_aligned_scenario_detail_frames line frame, current_basecase, production key (ensemble, delayed_6m, BEFU26 comparator, balanced_structural schedule, BEFU26 shape vintage); cross-checked against the committed policy runtime line_reconciliation for the same state"
light_ruc_net_km,2042,9495.8071304273,9495.8071304273,9495.8071304273,True,False,"app.cached_aligned_scenario_detail_frames line frame, current_basecase, production key (ensemble, delayed_6m, BEFU26 comparator, balanced_structural schedule, BEFU26 shape vintage); cross-checked against the committed policy runtime line_reconciliation for the same state"
light_ruc_net_km,2043,8991.054506384144,8991.054506384144,8991.054506384144,True,False,"app.cached_aligned_scenario_detail_frames line frame, current_basecase, production key (ensemble, delayed_6m, BEFU26 comparator, balanced_structural schedule, BEFU26 shape vintage); cross-checked against the committed policy runtime line_reconciliation for the same state"
light_ruc_net_km,2044,8515.504800406195,8515.504800406195,8515.504800406195,True,False,"app.cached_aligned_scenario_detail_frames line frame, current_basecase, production key (ensemble, delayed_6m, BEFU26 comparator, balanced_structural schedule, BEFU26 shape vintage); cross-checked against the committed policy runtime line_reconciliation for the same state"
light_ruc_net_km,2045,8080.881551303927,8080.881551303927,8080.881551303927,True,False,"app.cached_aligned_scenario_detail_frames line frame, current_basecase, production key (ensemble, delayed_6m, BEFU26 comparator, balanced_structural schedule, BEFU26 shape vintage); cross-checked against the committed policy runtime line_reconciliation for the same state"
light_ruc_net_km,2046,7680.843975198953,7680.843975198953,7680.843975198953,True,False,"app.cached_aligned_scenario_detail_frames line frame, current_basecase, production key (ensemble, delayed_6m, BEFU26 comparator, balanced_structural schedule, BEFU26 shape vintage); cross-checked against the committed policy runtime line_reconciliation for the same state"
light_ruc_net_km,2047,7292.902940669605,7292.902940669605,7292.902940669605,True,False,"app.cached_aligned_scenario_detail_frames line frame, current_basecase, production key (ensemble, delayed_6m, BEFU26 comparator, balanced_structural schedule, BEFU26 shape vintage); cross-checked against the committed policy runtime line_reconciliation for the same state"
light_ruc_net_km,2048,6926.524430085186,6926.524430085186,6926.524430085186,True,False,"app.cached_aligned_scenario_detail_frames line frame, current_basecase, production key (ensemble, delayed_6m, BEFU26 comparator, balanced_structural schedule, BEFU26 shape vintage); cross-checked against the committed policy runtime line_reconciliation for the same state"
light_ruc_net_km,2049,6564.184458956384,6564.184458956384,6564.184458956384,True,False,"app.cached_aligned_scenario_detail_frames line frame, current_basecase, production key (ensemble, delayed_6m, BEFU26 comparator, balanced_structural schedule, BEFU26 shape vintage); cross-checked against the committed policy runtime line_reconciliation for the same state"
light_ruc_net_km,2050,6207.828794250147,6207.828794250147,6207.828794250147,True,False,"app.cached_aligned_scenario_detail_frames line frame, current_basecase, production key (ensemble, delayed_6m, BEFU26 comparator, balanced_structural schedule, BEFU26 shape vintage); cross-checked against the committed policy runtime line_reconciliation for the same state"
light_ruc_net_revenue,2026,866.4745234882769,866.4745234882769,866.4745234882769,True,False,"app.cached_aligned_scenario_detail_frames line frame, current_basecase, production key (ensemble, delayed_6m, BEFU26 comparator, balanced_structural schedule, BEFU26 shape vintage); cross-checked against the committed policy runtime line_reconciliation for the same state"
light_ruc_net_revenue,2027,869.8154909573449,869.8154909573449,869.8154909573449,True,False,"app.cached_aligned_scenario_detail_frames line frame, current_basecase, production key (ensemble, delayed_6m, BEFU26 comparator, balanced_structural schedule, BEFU26 shape vintage); cross-checked against the committed policy runtime line_reconciliation for the same state"
light_ruc_net_revenue,2028,1101.293140132511,1101.293140132511,1101.293140132511,True,False,"app.cached_aligned_scenario_detail_frames line frame, current_basecase, production key (ensemble, delayed_6m, BEFU26 comparator, balanced_structural schedule, BEFU26 shape vintage); cross-checked against the committed policy runtime line_reconciliation for the same state"
light_ruc_net_revenue,2029,1217.093810678792,1217.093810678792,1217.093810678792,True,False,"app.cached_aligned_scenario_detail_frames line frame, current_basecase, production key (ensemble, delayed_6m, BEFU26 comparator, balanced_structural schedule, BEFU26 shape vintage); cross-checked against the committed policy runtime line_reconciliation for the same state"
light_ruc_net_revenue,2030,1309.1303913442225,1309.1303913442225,1309.1303913442225,True,False,"app.cached_aligned_scenario_detail_frames line frame, current_basecase, production key (ensemble, delayed_6m, BEFU26 comparator, balanced_structural schedule, BEFU26 shape vintage); cross-checked against the committed policy runtime line_reconciliation for the same state"
light_ruc_net_revenue,2031,1349.97821733928,1349.97821733928,1349.97821733928,True,False,"app.cached_aligned_scenario_detail_frames line frame, current_basecase, production key (ensemble, delayed_6m, BEFU26 comparator, balanced_structural schedule, BEFU26 shape vintage); cross-checked against the committed policy runtime line_reconciliation for the same state"
light_ruc_net_revenue,2032,1384.3959110675319,1384.3959110675319,1384.3959110675319,True,False,"app.cached_aligned_scenario_detail_frames line frame, current_basecase, production key (ensemble, delayed_6m, BEFU26 comparator, balanced_structural schedule, BEFU26 shape vintage); cross-checked against the committed policy runtime line_reconciliation for the same state"
light_ruc_net_revenue,2033,1411.3654708717315,1411.3654708717315,1411.3654708717315,True,False,"app.cached_aligned_scenario_detail_frames line frame, current_basecase, production key (ensemble, delayed_6m, BEFU26 comparator, balanced_structural schedule, BEFU26 shape vintage); cross-checked against the committed policy runtime line_reconciliation for the same state"
light_ruc_net_revenue,2034,1431.2118094459836,1431.2118094459836,1431.2118094459836,True,False,"app.cached_aligned_scenario_detail_frames line frame, current_basecase, production key (ensemble, delayed_6m, BEFU26 comparator, balanced_structural schedule, BEFU26 shape vintage); cross-checked against the committed policy runtime line_reconciliation for the same state"
light_ruc_net_revenue,2035,1443.3198810829158,1443.3198810829158,1443.3198810829158,True,False,"app.cached_aligned_scenario_detail_frames line frame, current_basecase, production key (ensemble, delayed_6m, BEFU26 comparator, balanced_structural schedule, BEFU26 shape vintage); cross-checked against the committed policy runtime line_reconciliation for the same state"
light_ruc_net_revenue,2036,1447.2802754475974,1447.2802754475974,1447.2802754475974,True,False,"app.cached_aligned_scenario_detail_frames line frame, current_basecase, production key (ensemble, delayed_6m, BEFU26 comparator, balanced_structural schedule, BEFU26 shape vintage); cross-checked against the committed policy runtime line_reconciliation for the same state"
light_ruc_net_revenue,2037,1441.8685056964368,1441.8685056964368,1441.8685056964368,True,False,"app.cached_aligned_scenario_detail_frames line frame, current_basecase, production key (ensemble, delayed_6m, BEFU26 comparator, balanced_structural schedule, BEFU26 shape vintage); cross-checked against the committed policy runtime line_reconciliation for the same state"
light_ruc_net_revenue,2038,1424.8072620382611,1424.8072620382611,1424.8072620382611,True,False,"app.cached_aligned_scenario_detail_frames line frame, current_basecase, production key (ensemble, delayed_6m, BEFU26 comparator, balanced_structural schedule, BEFU26 shape vintage); cross-checked against the committed policy runtime line_reconciliation for the same state"
light_ruc_net_revenue,2039,1398.150991576828,1398.150991576828,1398.150991576828,True,False,"app.cached_aligned_scenario_detail_frames line frame, current_basecase, production key (ensemble, delayed_6m, BEFU26 comparator, balanced_structural schedule, BEFU26 shape vintage); cross-checked against the committed policy runtime line_reconciliation for the same state"
light_ruc_net_revenue,2040,1363.5750024668814,1363.5750024668814,1363.5750024668814,True,False,"app.cached_aligned_scenario_detail_frames line frame, current_basecase, production key (ensemble, delayed_6m, BEFU26 comparator, balanced_structural schedule, BEFU26 shape vintage); cross-checked against the committed policy runtime line_reconciliation for the same state"
light_ruc_net_revenue,2041,1326.0167382136708,1326.0167382136708,1326.0167382136708,True,False,"app.cached_aligned_scenario_detail_frames line frame, current_basecase, production key (ensemble, delayed_6m, BEFU26 comparator, balanced_structural schedule, BEFU26 shape vintage); cross-checked against the committed policy runtime line_reconciliation for the same state"
light_ruc_net_revenue,2042,1290.3852309537617,1290.3852309537617,1290.3852309537617,True,False,"app.cached_aligned_scenario_detail_frames line frame, current_basecase, production key (ensemble, delayed_6m, BEFU26 comparator, balanced_structural schedule, BEFU26 shape vintage); cross-checked against the committed policy runtime line_reconciliation for the same state"
light_ruc_net_revenue,2043,1256.1851803594616,1256.1851803594616,1256.1851803594616,True,False,"app.cached_aligned_scenario_detail_frames line frame, current_basecase, production key (ensemble, delayed_6m, BEFU26 comparator, balanced_structural schedule, BEFU26 shape vintage); cross-checked against the committed policy runtime line_reconciliation for the same state"
light_ruc_net_revenue,2044,1222.358136574312,1222.358136574312,1222.358136574312,True,False,"app.cached_aligned_scenario_detail_frames line frame, current_basecase, production key (ensemble, delayed_6m, BEFU26 comparator, balanced_structural schedule, BEFU26 shape vintage); cross-checked against the committed policy runtime line_reconciliation for the same state"
light_ruc_net_revenue,2045,1190.9199186234198,1190.9199186234198,1190.9199186234198,True,False,"app.cached_aligned_scenario_detail_frames line frame, current_basecase, production key (ensemble, delayed_6m, BEFU26 comparator, balanced_structural schedule, BEFU26 shape vintage); cross-checked against the committed policy runtime line_reconciliation for the same state"
light_ruc_net_revenue,2046,1161.343609050086,1161.343609050086,1161.343609050086,True,False,"app.cached_aligned_scenario_detail_frames line frame, current_basecase, production key (ensemble, delayed_6m, BEFU26 comparator, balanced_structural schedule, BEFU26 shape vintage); cross-checked against the committed policy runtime line_reconciliation for the same state"
light_ruc_net_revenue,2047,1130.582278377304,1130.582278377304,1130.582278377304,True,False,"app.cached_aligned_scenario_detail_frames line frame, current_basecase, production key (ensemble, delayed_6m, BEFU26 comparator, balanced_structural schedule, BEFU26 shape vintage); cross-checked against the committed policy runtime line_reconciliation for the same state"
light_ruc_net_revenue,2048,1100.3130383411872,1100.3130383411872,1100.3130383411872,True,False,"app.cached_aligned_scenario_detail_frames line frame, current_basecase, production key (ensemble, delayed_6m, BEFU26 comparator, balanced_structural schedule, BEFU26 shape vintage); cross-checked against the committed policy runtime line_reconciliation for the same state"
light_ruc_net_revenue,2049,1067.894348705315,1067.894348705315,1067.894348705315,True,False,"app.cached_aligned_scenario_detail_frames line frame, current_basecase, production key (ensemble, delayed_6m, BEFU26 comparator, balanced_structural schedule, BEFU26 shape vintage); cross-checked against the committed policy runtime line_reconciliation for the same state"
light_ruc_net_revenue,2050,1033.6655725305918,1033.6655725305918,1033.6655725305918,True,False,"app.cached_aligned_scenario_detail_frames line frame, current_basecase, production key (ensemble, delayed_6m, BEFU26 comparator, balanced_structural schedule, BEFU26 shape vintage); cross-checked against the committed policy runtime line_reconciliation for the same state"
mr1_revenue,2026,436.822707962969,436.822707962969,436.822707962969,True,False,"app.cached_aligned_scenario_detail_frames line frame, current_basecase, production key (ensemble, delayed_6m, BEFU26 comparator, balanced_structural schedule, BEFU26 shape vintage); cross-checked against the committed policy runtime line_reconciliation for the same state"
mr1_revenue,2027,526.840027334863,526.840027334863,526.840027334863,True,False,"app.cached_aligned_scenario_detail_frames line frame, current_basecase, production key (ensemble, delayed_6m, BEFU26 comparator, balanced_structural schedule, BEFU26 shape vintage); cross-checked against the committed policy runtime line_reconciliation for the same state"
mr1_revenue,2028,532.414039464172,532.414039464172,532.414039464172,True,False,"app.cached_aligned_scenario_detail_frames line frame, current_basecase, production key (ensemble, delayed_6m, BEFU26 comparator, balanced_structural schedule, BEFU26 shape vintage); cross-checked against the committed policy runtime line_reconciliation for the same state"
mr1_revenue,2029,526.427022508523,526.427022508523,526.427022508523,True,False,"app.cached_aligned_scenario_detail_frames line frame, current_basecase, production key (ensemble, delayed_6m, BEFU26 comparator, balanced_structural schedule, BEFU26 shape vintage); cross-checked against the committed policy runtime line_reconciliation for the same state"
mr1_revenue,2030,520.957974139895,520.957974139895,520.957974139895,True,False,"app.cached_aligned_scenario_detail_frames line frame, current_basecase, production key (ensemble, delayed_6m, BEFU26 comparator, balanced_structural schedule, BEFU26 shape vintage); cross-checked against the committed policy runtime line_reconciliation for the same state"
mr1_revenue,2031,515.950840486336,515.950840486336,515.950840486336,True,False,"app.cached_aligned_scenario_detail_frames line frame, current_basecase, production key (ensemble, delayed_6m, BEFU26 comparator, balanced_structural schedule, BEFU26 shape vintage); cross-checked against the committed policy runtime line_reconciliation for the same state"
mr1_revenue,2032,511.356724878703,511.356724878703,511.356724878703,True,False,"app.cached_aligned_scenario_detail_frames line frame, current_basecase, production key (ensemble, delayed_6m, BEFU26 comparator, balanced_structural schedule, BEFU26 shape vintage); cross-checked against the committed policy runtime line_reconciliation for the same state"
mr1_revenue,2033,507.132700736054,507.132700736054,507.132700736054,True,False,"app.cached_aligned_scenario_detail_frames line frame, current_basecase, production key (ensemble, delayed_6m, BEFU26 comparator, balanced_structural schedule, BEFU26 shape vintage); cross-checked against the committed policy runtime line_reconciliation for the same state"
mr1_revenue,2034,503.24090330059,503.24090330059,503.24090330059,True,False,"app.cached_aligned_scenario_detail_frames line frame, current_basecase, production key (ensemble, delayed_6m, BEFU26 comparator, balanced_structural schedule, BEFU26 shape vintage); cross-checked against the committed policy runtime line_reconciliation for the same state"
mr1_revenue,2035,499.647812671426,499.647812671426,499.647812671426,True,False,"app.cached_aligned_scenario_detail_frames line frame, current_basecase, production key (ensemble, delayed_6m, BEFU26 comparator, balanced_structural schedule, BEFU26 shape vintage); cross-checked against the committed policy runtime line_reconciliation for the same state"
mr1_revenue,2036,496.323673046758,496.323673046758,496.323673046758,True,False,"app.cached_aligned_scenario_detail_frames line frame, current_basecase, production key (ensemble, delayed_6m, BEFU26 comparator, balanced_structural schedule, BEFU26 shape vintage); cross-checked against the committed policy runtime line_reconciliation for the same state"
mr1_revenue,2037,493.242012398015,493.242012398015,493.242012398015,True,False,"app.cached_aligned_scenario_detail_frames line frame, current_basecase, production key (ensemble, delayed_6m, BEFU26 comparator, balanced_structural schedule, BEFU26 shape vintage); cross-checked against the committed policy runtime line_reconciliation for the same state"
mr1_revenue,2038,490.379238600523,490.379238600523,490.379238600523,True,False,"app.cached_aligned_scenario_detail_frames line frame, current_basecase, production key (ensemble, delayed_6m, BEFU26 comparator, balanced_structural schedule, BEFU26 shape vintage); cross-checked against the committed policy runtime line_reconciliation for the same state"
mr1_revenue,2039,487.714295442214,487.714295442214,487.714295442214,True,False,"app.cached_aligned_scenario_detail_frames line frame, current_basecase, production key (ensemble, delayed_6m, BEFU26 comparator, balanced_structural schedule, BEFU26 shape vintage); cross-checked against the committed policy runtime line_reconciliation for the same state"
mr1_revenue,2040,485.228366686763,485.228366686763,485.228366686763,True,False,"app.cached_aligned_scenario_detail_frames line frame, current_basecase, production key (ensemble, delayed_6m, BEFU26 comparator, balanced_structural schedule, BEFU26 shape vintage); cross-checked against the committed policy runtime line_reconciliation for the same state"
mr1_revenue,2041,482.904619501813,482.904619501813,482.904619501813,True,False,"app.cached_aligned_scenario_detail_frames line frame, current_basecase, production key (ensemble, delayed_6m, BEFU26 comparator, balanced_structural schedule, BEFU26 shape vintage); cross-checked against the committed policy runtime line_reconciliation for the same state"
mr1_revenue,2042,480.727980682862,480.727980682862,480.727980682862,True,False,"app.cached_aligned_scenario_detail_frames line frame, current_basecase, production key (ensemble, delayed_6m, BEFU26 comparator, balanced_structural schedule, BEFU26 shape vintage); cross-checked against the committed policy runtime line_reconciliation for the same state"
mr1_revenue,2043,478.684940574925,478.684940574925,478.684940574925,True,False,"app.cached_aligned_scenario_detail_frames line frame, current_basecase, production key (ensemble, delayed_6m, BEFU26 comparator, balanced_structural schedule, BEFU26 shape vintage); cross-checked against the committed policy runtime line_reconciliation for the same state"
mr1_revenue,2044,476.763380642536,476.763380642536,476.763380642536,True,False,"app.cached_aligned_scenario_detail_frames line frame, current_basecase, production key (ensemble, delayed_6m, BEFU26 comparator, balanced_structural schedule, BEFU26 shape vintage); cross-checked against the committed policy runtime line_reconciliation for the same state"
mr1_revenue,2045,474.952421405697,474.952421405697,474.952421405697,True,False,"app.cached_aligned_scenario_detail_frames line frame, current_basecase, production key (ensemble, delayed_6m, BEFU26 comparator, balanced_structural schedule, BEFU26 shape vintage); cross-checked against the committed policy runtime line_reconciliation for the same state"
mr1_revenue,2046,473.242288034574,473.242288034574,473.242288034574,True,False,"app.cached_aligned_scenario_detail_frames line frame, current_basecase, production key (ensemble, delayed_6m, BEFU26 comparator, balanced_structural schedule, BEFU26 shape vintage); cross-checked against the committed policy runtime line_reconciliation for the same state"
mr1_revenue,2047,471.624191337962,471.624191337962,471.624191337962,True,False,"app.cached_aligned_scenario_detail_frames line frame, current_basecase, production key (ensemble, delayed_6m, BEFU26 comparator, balanced_structural schedule, BEFU26 shape vintage); cross-checked against the committed policy runtime line_reconciliation for the same state"
mr1_revenue,2048,470.090222227746,470.090222227746,470.090222227746,True,False,"app.cached_aligned_scenario_detail_frames line frame, current_basecase, production key (ensemble, delayed_6m, BEFU26 comparator, balanced_structural schedule, BEFU26 shape vintage); cross-checked against the committed policy runtime line_reconciliation for the same state"
mr1_revenue,2049,468.633258020048,468.633258020048,468.633258020048,True,False,"app.cached_aligned_scenario_detail_frames line frame, current_basecase, production key (ensemble, delayed_6m, BEFU26 comparator, balanced_structural schedule, BEFU26 shape vintage); cross-checked against the committed policy runtime line_reconciliation for the same state"
mr1_revenue,2050,467.246879160906,467.246879160906,467.246879160906,True,False,"app.cached_aligned_scenario_detail_frames line frame, current_basecase, production key (ensemble, delayed_6m, BEFU26 comparator, balanced_structural schedule, BEFU26 shape vintage); cross-checked against the committed policy runtime line_reconciliation for the same state"
mr2_revenue,2026,31.3740054746584,31.3740054746584,31.3740054746584,True,False,"app.cached_aligned_scenario_detail_frames line frame, current_basecase, production key (ensemble, delayed_6m, BEFU26 comparator, balanced_structural schedule, BEFU26 shape vintage); cross-checked against the committed policy runtime line_reconciliation for the same state"
mr2_revenue,2027,31.3601498274909,31.3601498274909,31.3601498274909,True,False,"app.cached_aligned_scenario_detail_frames line frame, current_basecase, production key (ensemble, delayed_6m, BEFU26 comparator, balanced_structural schedule, BEFU26 shape vintage); cross-checked against the committed policy runtime line_reconciliation for the same state"
mr2_revenue,2028,31.6618683538461,31.6618683538461,31.6618683538461,True,False,"app.cached_aligned_scenario_detail_frames line frame, current_basecase, production key (ensemble, delayed_6m, BEFU26 comparator, balanced_structural schedule, BEFU26 shape vintage); cross-checked against the committed policy runtime line_reconciliation for the same state"
mr2_revenue,2029,31.8808203574151,31.8808203574151,31.8808203574151,True,False,"app.cached_aligned_scenario_detail_frames line frame, current_basecase, production key (ensemble, delayed_6m, BEFU26 comparator, balanced_structural schedule, BEFU26 shape vintage); cross-checked against the committed policy runtime line_reconciliation for the same state"
mr2_revenue,2030,32.0452026276956,32.0452026276956,32.0452026276956,True,False,"app.cached_aligned_scenario_detail_frames line frame, current_basecase, production key (ensemble, delayed_6m, BEFU26 comparator, balanced_structural schedule, BEFU26 shape vintage); cross-checked against the committed policy runtime line_reconciliation for the same state"
mr2_revenue,2031,32.1728248675943,32.1728248675943,32.1728248675943,True,False,"app.cached_aligned_scenario_detail_frames line frame, current_basecase, production key (ensemble, delayed_6m, BEFU26 comparator, balanced_structural schedule, BEFU26 shape vintage); cross-checked against the committed policy runtime line_reconciliation for the same state"
mr2_revenue,2032,32.2751359910549,32.2751359910549,32.2751359910549,True,False,"app.cached_aligned_scenario_detail_frames line frame, current_basecase, production key (ensemble, delayed_6m, BEFU26 comparator, balanced_structural schedule, BEFU26 shape vintage); cross-checked against the committed policy runtime line_reconciliation for the same state"
mr2_revenue,2033,32.3596396301847,32.3596396301847,32.3596396301847,True,False,"app.cached_aligned_scenario_detail_frames line frame, current_basecase, production key (ensemble, delayed_6m, BEFU26 comparator, balanced_structural schedule, BEFU26 shape vintage); cross-checked against the committed policy runtime line_reconciliation for the same state"
mr2_revenue,2034,32.4313532891816,32.4313532891816,32.4313532891816,True,False,"app.cached_aligned_scenario_detail_frames line frame, current_basecase, production key (ensemble, delayed_6m, BEFU26 comparator, balanced_structural schedule, BEFU26 shape vintage); cross-checked against the committed policy runtime line_reconciliation for the same state"
mr2_revenue,2035,32.4936991760889,32.4936991760889,32.4936991760889,True,False,"app.cached_aligned_scenario_detail_frames line frame, current_basecase, production key (ensemble, delayed_6m, BEFU26 comparator, balanced_structural schedule, BEFU26 shape vintage); cross-checked against the committed policy runtime line_reconciliation for the same state"
mr2_revenue,2036,32.5490556715397,32.5490556715397,32.5490556715397,True,False,"app.cached_aligned_scenario_detail_frames line frame, current_basecase, production key (ensemble, delayed_6m, BEFU26 comparator, balanced_structural schedule, BEFU26 shape vintage); cross-checked against the committed policy runtime line_reconciliation for the same state"
mr2_revenue,2037,32.599104439525,32.599104439525,32.599104439525,True,False,"app.cached_aligned_scenario_detail_frames line frame, current_basecase, production key (ensemble, delayed_6m, BEFU26 comparator, balanced_structural schedule, BEFU26 shape vintage); cross-checked against the committed policy runtime line_reconciliation for the same state"
mr2_revenue,2038,32.6450530220251,32.6450530220251,32.6450530220251,True,False,"app.cached_aligned_scenario_detail_frames line frame, current_basecase, production key (ensemble, delayed_6m, BEFU26 comparator, balanced_structural schedule, BEFU26 shape vintage); cross-checked against the committed policy runtime line_reconciliation for the same state"
mr2_revenue,2039,32.6877804371222,32.6877804371222,32.6877804371222,True,False,"app.cached_aligned_scenario_detail_frames line frame, current_basecase, production key (ensemble, delayed_6m, BEFU26 comparator, balanced_structural schedule, BEFU26 shape vintage); cross-checked against the committed policy runtime line_reconciliation for the same state"
mr2_revenue,2040,32.7279343355741,32.7279343355741,32.7279343355741,True,False,"app.cached_aligned_scenario_detail_frames line frame, current_basecase, production key (ensemble, delayed_6m, BEFU26 comparator, balanced_structural schedule, BEFU26 shape vintage); cross-checked against the committed policy runtime line_reconciliation for the same state"
mr2_revenue,2041,32.7659970934436,32.7659970934436,32.7659970934436,True,False,"app.cached_aligned_scenario_detail_frames line frame, current_basecase, production key (ensemble, delayed_6m, BEFU26 comparator, balanced_structural schedule, BEFU26 shape vintage); cross-checked against the committed policy runtime line_reconciliation for the same state"
mr2_revenue,2042,32.8023315809017,32.8023315809017,32.8023315809017,True,False,"app.cached_aligned_scenario_detail_frames line frame, current_basecase, production key (ensemble, delayed_6m, BEFU26 comparator, balanced_structural schedule, BEFU26 shape vintage); cross-checked against the committed policy runtime line_reconciliation for the same state"
mr2_revenue,2043,32.8372133641968,32.8372133641968,32.8372133641968,True,False,"app.cached_aligned_scenario_detail_frames line frame, current_basecase, production key (ensemble, delayed_6m, BEFU26 comparator, balanced_structural schedule, BEFU26 shape vintage); cross-checked against the committed policy runtime line_reconciliation for the same state"
mr2_revenue,2044,32.8708536753551,32.8708536753551,32.8708536753551,True,False,"app.cached_aligned_scenario_detail_frames line frame, current_basecase, production key (ensemble, delayed_6m, BEFU26 comparator, balanced_structural schedule, BEFU26 shape vintage); cross-checked against the committed policy runtime line_reconciliation for the same state"
mr2_revenue,2045,32.9034159871398,32.9034159871398,32.9034159871398,True,False,"app.cached_aligned_scenario_detail_frames line frame, current_basecase, production key (ensemble, delayed_6m, BEFU26 comparator, balanced_structural schedule, BEFU26 shape vintage); cross-checked against the committed policy runtime line_reconciliation for the same state"
mr2_revenue,2046,32.9350280886836,32.9350280886836,32.9350280886836,True,False,"app.cached_aligned_scenario_detail_frames line frame, current_basecase, production key (ensemble, delayed_6m, BEFU26 comparator, balanced_structural schedule, BEFU26 shape vintage); cross-checked against the committed policy runtime line_reconciliation for the same state"
mr2_revenue,2047,32.9657909524934,32.9657909524934,32.9657909524934,True,False,"app.cached_aligned_scenario_detail_frames line frame, current_basecase, production key (ensemble, delayed_6m, BEFU26 comparator, balanced_structural schedule, BEFU26 shape vintage); cross-checked against the committed policy runtime line_reconciliation for the same state"
mr2_revenue,2048,32.9957852873087,32.9957852873087,32.9957852873087,True,False,"app.cached_aligned_scenario_detail_frames line frame, current_basecase, production key (ensemble, delayed_6m, BEFU26 comparator, balanced_structural schedule, BEFU26 shape vintage); cross-checked against the committed policy runtime line_reconciliation for the same state"
mr2_revenue,2049,33.025076406474,33.025076406474,33.025076406474,True,False,"app.cached_aligned_scenario_detail_frames line frame, current_basecase, production key (ensemble, delayed_6m, BEFU26 comparator, balanced_structural schedule, BEFU26 shape vintage); cross-checked against the committed policy runtime line_reconciliation for the same state"
mr2_revenue,2050,33.0537178609557,33.0537178609557,33.0537178609557,True,False,"app.cached_aligned_scenario_detail_frames line frame, current_basecase, production key (ensemble, delayed_6m, BEFU26 comparator, balanced_structural schedule, BEFU26 shape vintage); cross-checked against the committed policy runtime line_reconciliation for the same state"
mvr_admin_revenue,2026,72.7105674192725,72.7105674192725,72.7105674192725,True,False,"app.cached_aligned_scenario_detail_frames line frame, current_basecase, production key (ensemble, delayed_6m, BEFU26 comparator, balanced_structural schedule, BEFU26 shape vintage); cross-checked against the committed policy runtime line_reconciliation for the same state"
mvr_admin_revenue,2027,72.2584767411959,72.2584767411959,72.2584767411959,True,False,"app.cached_aligned_scenario_detail_frames line frame, current_basecase, production key (ensemble, delayed_6m, BEFU26 comparator, balanced_structural schedule, BEFU26 shape vintage); cross-checked against the committed policy runtime line_reconciliation for the same state"
mvr_admin_revenue,2028,71.8861735118593,71.8861735118593,71.8861735118593,True,False,"app.cached_aligned_scenario_detail_frames line frame, current_basecase, production key (ensemble, delayed_6m, BEFU26 comparator, balanced_structural schedule, BEFU26 shape vintage); cross-checked against the committed policy runtime line_reconciliation for the same state"
mvr_admin_revenue,2029,71.5205705630239,71.5205705630239,71.5205705630239,True,False,"app.cached_aligned_scenario_detail_frames line frame, current_basecase, production key (ensemble, delayed_6m, BEFU26 comparator, balanced_structural schedule, BEFU26 shape vintage); cross-checked against the committed policy runtime line_reconciliation for the same state"
mvr_admin_revenue,2030,71.1689452067262,71.1689452067262,71.1689452067262,True,False,"app.cached_aligned_scenario_detail_frames line frame, current_basecase, production key (ensemble, delayed_6m, BEFU26 comparator, balanced_structural schedule, BEFU26 shape vintage); cross-checked against the committed policy runtime line_reconciliation for the same state"
mvr_admin_revenue,2031,70.8351294511562,70.8351294511562,70.8351294511562,True,False,"app.cached_aligned_scenario_detail_frames line frame, current_basecase, production key (ensemble, delayed_6m, BEFU26 comparator, balanced_structural schedule, BEFU26 shape vintage); cross-checked against the committed policy runtime line_reconciliation for the same state"
mvr_admin_revenue,2032,70.5207338808813,70.5207338808813,70.5207338808813,True,False,"app.cached_aligned_scenario_detail_frames line frame, current_basecase, production key (ensemble, delayed_6m, BEFU26 comparator, balanced_structural schedule, BEFU26 shape vintage); cross-checked against the committed policy runtime line_reconciliation for the same state"
mvr_admin_revenue,2033,70.226068078118,70.226068078118,70.226068078118,True,False,"app.cached_aligned_scenario_detail_frames line frame, current_basecase, production key (ensemble, delayed_6m, BEFU26 comparator, balanced_structural schedule, BEFU26 shape vintage); cross-checked against the committed policy runtime line_reconciliation for the same state"
mvr_admin_revenue,2034,69.9506951716758,69.9506951716758,69.9506951716758,True,False,"app.cached_aligned_scenario_detail_frames line frame, current_basecase, production key (ensemble, delayed_6m, BEFU26 comparator, balanced_structural schedule, BEFU26 shape vintage); cross-checked against the committed policy runtime line_reconciliation for the same state"
mvr_admin_revenue,2035,69.6937645219894,69.6937645219894,69.6937645219894,True,False,"app.cached_aligned_scenario_detail_frames line frame, current_basecase, production key (ensemble, delayed_6m, BEFU26 comparator, balanced_structural schedule, BEFU26 shape vintage); cross-checked against the committed policy runtime line_reconciliation for the same state"
mvr_admin_revenue,2036,69.4542120353986,69.4542120353986,69.4542120353986,True,False,"app.cached_aligned_scenario_detail_frames line frame, current_basecase, production key (ensemble, delayed_6m, BEFU26 comparator, balanced_structural schedule, BEFU26 shape vintage); cross-checked against the committed policy runtime line_reconciliation for the same state"
mvr_admin_revenue,2037,69.2308810457719,69.2308810457719,69.2308810457719,True,False,"app.cached_aligned_scenario_detail_frames line frame, current_basecase, production key (ensemble, delayed_6m, BEFU26 comparator, balanced_structural schedule, BEFU26 shape vintage); cross-checked against the committed policy runtime line_reconciliation for the same state"
mvr_admin_revenue,2038,69.0225951048985,69.0225951048985,69.0225951048985,True,False,"app.cached_aligned_scenario_detail_frames line frame, current_basecase, production key (ensemble, delayed_6m, BEFU26 comparator, balanced_structural schedule, BEFU26 shape vintage); cross-checked against the committed policy runtime line_reconciliation for the same state"
mvr_admin_revenue,2039,68.8282013511128,68.8282013511128,68.8282013511128,True,False,"app.cached_aligned_scenario_detail_frames line frame, current_basecase, production key (ensemble, delayed_6m, BEFU26 comparator, balanced_structural schedule, BEFU26 shape vintage); cross-checked against the committed policy runtime line_reconciliation for the same state"
mvr_admin_revenue,2040,68.6465956810414,68.6465956810414,68.6465956810414,True,False,"app.cached_aligned_scenario_detail_frames line frame, current_basecase, production key (ensemble, delayed_6m, BEFU26 comparator, balanced_structural schedule, BEFU26 shape vintage); cross-checked against the committed policy runtime line_reconciliation for the same state"
mvr_admin_revenue,2041,68.4767365547289,68.4767365547289,68.4767365547289,True,False,"app.cached_aligned_scenario_detail_frames line frame, current_basecase, production key (ensemble, delayed_6m, BEFU26 comparator, balanced_structural schedule, BEFU26 shape vintage); cross-checked against the committed policy runtime line_reconciliation for the same state"
mvr_admin_revenue,2042,68.3176516493357,68.3176516493357,68.3176516493357,True,False,"app.cached_aligned_scenario_detail_frames line frame, current_basecase, production key (ensemble, delayed_6m, BEFU26 comparator, balanced_structural schedule, BEFU26 shape vintage); cross-checked against the committed policy runtime line_reconciliation for the same state"
mvr_admin_revenue,2043,68.1684400031144,68.1684400031144,68.1684400031144,True,False,"app.cached_aligned_scenario_detail_frames line frame, current_basecase, production key (ensemble, delayed_6m, BEFU26 comparator, balanced_structural schedule, BEFU26 shape vintage); cross-checked against the committed policy runtime line_reconciliation for the same state"
mvr_admin_revenue,2044,68.0282713313282,68.0282713313282,68.0282713313282,True,False,"app.cached_aligned_scenario_detail_frames line frame, current_basecase, production key (ensemble, delayed_6m, BEFU26 comparator, balanced_structural schedule, BEFU26 shape vintage); cross-checked against the committed policy runtime line_reconciliation for the same state"
mvr_admin_revenue,2045,67.8963836003967,67.8963836003967,67.8963836003967,True,False,"app.cached_aligned_scenario_detail_frames line frame, current_basecase, production key (ensemble, delayed_6m, BEFU26 comparator, balanced_structural schedule, BEFU26 shape vintage); cross-checked against the committed policy runtime line_reconciliation for the same state"
mvr_admin_revenue,2046,67.7720795706125,67.7720795706125,67.7720795706125,True,False,"app.cached_aligned_scenario_detail_frames line frame, current_basecase, production key (ensemble, delayed_6m, BEFU26 comparator, balanced_structural schedule, BEFU26 shape vintage); cross-checked against the committed policy runtime line_reconciliation for the same state"
mvr_admin_revenue,2047,67.6547227759428,67.6547227759428,67.6547227759428,True,False,"app.cached_aligned_scenario_detail_frames line frame, current_basecase, production key (ensemble, delayed_6m, BEFU26 comparator, balanced_structural schedule, BEFU26 shape vintage); cross-checked against the committed policy runtime line_reconciliation for the same state"
mvr_admin_revenue,2048,67.5437332509341,67.5437332509341,67.5437332509341,True,False,"app.cached_aligned_scenario_detail_frames line frame, current_basecase, production key (ensemble, delayed_6m, BEFU26 comparator, balanced_structural schedule, BEFU26 shape vintage); cross-checked against the committed policy runtime line_reconciliation for the same state"
mvr_admin_revenue,2049,67.4385832091796,67.4385832091796,67.4385832091796,True,False,"app.cached_aligned_scenario_detail_frames line frame, current_basecase, production key (ensemble, delayed_6m, BEFU26 comparator, balanced_structural schedule, BEFU26 shape vintage); cross-checked against the committed policy runtime line_reconciliation for the same state"
mvr_admin_revenue,2050,67.3387928064436,67.3387928064436,67.3387928064436,True,False,"app.cached_aligned_scenario_detail_frames line frame, current_basecase, production key (ensemble, delayed_6m, BEFU26 comparator, balanced_structural schedule, BEFU26 shape vintage); cross-checked against the committed policy runtime line_reconciliation for the same state"
mvr_refunds,2026,1.61137149711806,1.61137149711806,1.61137149711806,True,False,"app.cached_aligned_scenario_detail_frames line frame, current_basecase, production key (ensemble, delayed_6m, BEFU26 comparator, balanced_structural schedule, BEFU26 shape vintage); cross-checked against the committed policy runtime line_reconciliation for the same state"
mvr_refunds,2027,1.8947102491513,1.8947102491513,1.8947102491513,True,False,"app.cached_aligned_scenario_detail_frames line frame, current_basecase, production key (ensemble, delayed_6m, BEFU26 comparator, balanced_structural schedule, BEFU26 shape vintage); cross-checked against the committed policy runtime line_reconciliation for the same state"
mvr_refunds,2028,1.93922402957318,1.93922402957318,1.93922402957318,True,False,"app.cached_aligned_scenario_detail_frames line frame, current_basecase, production key (ensemble, delayed_6m, BEFU26 comparator, balanced_structural schedule, BEFU26 shape vintage); cross-checked against the committed policy runtime line_reconciliation for the same state"
mvr_refunds,2029,1.94416230921848,1.94416230921848,1.94416230921848,True,False,"app.cached_aligned_scenario_detail_frames line frame, current_basecase, production key (ensemble, delayed_6m, BEFU26 comparator, balanced_structural schedule, BEFU26 shape vintage); cross-checked against the committed policy runtime line_reconciliation for the same state"
mvr_refunds,2030,1.95051327200492,1.95051327200492,1.95051327200492,True,False,"app.cached_aligned_scenario_detail_frames line frame, current_basecase, production key (ensemble, delayed_6m, BEFU26 comparator, balanced_structural schedule, BEFU26 shape vintage); cross-checked against the committed policy runtime line_reconciliation for the same state"
mvr_refunds,2031,1.95819772040296,1.95819772040296,1.95819772040296,True,False,"app.cached_aligned_scenario_detail_frames line frame, current_basecase, production key (ensemble, delayed_6m, BEFU26 comparator, balanced_structural schedule, BEFU26 shape vintage); cross-checked against the committed policy runtime line_reconciliation for the same state"
mvr_refunds,2032,1.96713368876597,1.96713368876597,1.96713368876597,True,False,"app.cached_aligned_scenario_detail_frames line frame, current_basecase, production key (ensemble, delayed_6m, BEFU26 comparator, balanced_structural schedule, BEFU26 shape vintage); cross-checked against the committed policy runtime line_reconciliation for the same state"
mvr_refunds,2033,1.9772409500257,1.9772409500257,1.9772409500257,True,False,"app.cached_aligned_scenario_detail_frames line frame, current_basecase, production key (ensemble, delayed_6m, BEFU26 comparator, balanced_structural schedule, BEFU26 shape vintage); cross-checked against the committed policy runtime line_reconciliation for the same state"
mvr_refunds,2034,1.98844335681006,1.98844335681006,1.98844335681006,True,False,"app.cached_aligned_scenario_detail_frames line frame, current_basecase, production key (ensemble, delayed_6m, BEFU26 comparator, balanced_structural schedule, BEFU26 shape vintage); cross-checked against the committed policy runtime line_reconciliation for the same state"
mvr_refunds,2035,2.00066993516834,2.00066993516834,2.00066993516834,True,False,"app.cached_aligned_scenario_detail_frames line frame, current_basecase, production key (ensemble, delayed_6m, BEFU26 comparator, balanced_structural schedule, BEFU26 shape vintage); cross-checked against the committed policy runtime line_reconciliation for the same state"
mvr_refunds,2036,2.01385527260378,2.01385527260378,2.01385527260378,True,False,"app.cached_aligned_scenario_detail_frames line frame, current_basecase, production key (ensemble, delayed_6m, BEFU26 comparator, balanced_structural schedule, BEFU26 shape vintage); cross-checked against the committed policy runtime line_reconciliation for the same state"
mvr_refunds,2037,2.02793951629894,2.02793951629894,2.02793951629894,True,False,"app.cached_aligned_scenario_detail_frames line frame, current_basecase, production key (ensemble, delayed_6m, BEFU26 comparator, balanced_structural schedule, BEFU26 shape vintage); cross-checked against the committed policy runtime line_reconciliation for the same state"
mvr_refunds,2038,2.04286816403657,2.04286816403657,2.04286816403657,True,False,"app.cached_aligned_scenario_detail_frames line frame, current_basecase, production key (ensemble, delayed_6m, BEFU26 comparator, balanced_structural schedule, BEFU26 shape vintage); cross-checked against the committed policy runtime line_reconciliation for the same state"
mvr_refunds,2039,2.05859175234344,2.05859175234344,2.05859175234344,True,False,"app.cached_aligned_scenario_detail_frames line frame, current_basecase, production key (ensemble, delayed_6m, BEFU26 comparator, balanced_structural schedule, BEFU26 shape vintage); cross-checked against the committed policy runtime line_reconciliation for the same state"
mvr_refunds,2040,2.07506550113276,2.07506550113276,2.07506550113276,True,False,"app.cached_aligned_scenario_detail_frames line frame, current_basecase, production key (ensemble, delayed_6m, BEFU26 comparator, balanced_structural schedule, BEFU26 shape vintage); cross-checked against the committed policy runtime line_reconciliation for the same state"
mvr_refunds,2041,2.09224894798797,2.09224894798797,2.09224894798797,True,False,"app.cached_aligned_scenario_detail_frames line frame, current_basecase, production key (ensemble, delayed_6m, BEFU26 comparator, balanced_structural schedule, BEFU26 shape vintage); cross-checked against the committed policy runtime line_reconciliation for the same state"
mvr_refunds,2042,2.11010559019988,2.11010559019988,2.11010559019988,True,False,"app.cached_aligned_scenario_detail_frames line frame, current_basecase, production key (ensemble, delayed_6m, BEFU26 comparator, balanced_structural schedule, BEFU26 shape vintage); cross-checked against the committed policy runtime line_reconciliation for the same state"
mvr_refunds,2043,2.12860254401761,2.12860254401761,2.12860254401761,True,False,"app.cached_aligned_scenario_detail_frames line frame, current_basecase, production key (ensemble, delayed_6m, BEFU26 comparator, balanced_structural schedule, BEFU26 shape vintage); cross-checked against the committed policy runtime line_reconciliation for the same state"
mvr_refunds,2044,2.14771022566508,2.14771022566508,2.14771022566508,True,False,"app.cached_aligned_scenario_detail_frames line frame, current_basecase, production key (ensemble, delayed_6m, BEFU26 comparator, balanced_structural schedule, BEFU26 shape vintage); cross-checked against the committed policy runtime line_reconciliation for the same state"
mvr_refunds,2045,2.1674020558414,2.1674020558414,2.1674020558414,True,False,"app.cached_aligned_scenario_detail_frames line frame, current_basecase, production key (ensemble, delayed_6m, BEFU26 comparator, balanced_structural schedule, BEFU26 shape vintage); cross-checked against the committed policy runtime line_reconciliation for the same state"
mvr_refunds,2046,2.18765418784998,2.18765418784998,2.18765418784998,True,False,"app.cached_aligned_scenario_detail_frames line frame, current_basecase, production key (ensemble, delayed_6m, BEFU26 comparator, balanced_structural schedule, BEFU26 shape vintage); cross-checked against the committed policy runtime line_reconciliation for the same state"
mvr_refunds,2047,2.20844525863813,2.20844525863813,2.20844525863813,True,False,"app.cached_aligned_scenario_detail_frames line frame, current_basecase, production key (ensemble, delayed_6m, BEFU26 comparator, balanced_structural schedule, BEFU26 shape vintage); cross-checked against the committed policy runtime line_reconciliation for the same state"
mvr_refunds,2048,2.22975616155917,2.22975616155917,2.22975616155917,True,False,"app.cached_aligned_scenario_detail_frames line frame, current_basecase, production key (ensemble, delayed_6m, BEFU26 comparator, balanced_structural schedule, BEFU26 shape vintage); cross-checked against the committed policy runtime line_reconciliation for the same state"
mvr_refunds,2049,2.25156983943842,2.25156983943842,2.25156983943842,True,False,"app.cached_aligned_scenario_detail_frames line frame, current_basecase, production key (ensemble, delayed_6m, BEFU26 comparator, balanced_structural schedule, BEFU26 shape vintage); cross-checked against the committed policy runtime line_reconciliation for the same state"
mvr_refunds,2050,2.27387109648037,2.27387109648037,2.27387109648037,True,False,"app.cached_aligned_scenario_detail_frames line frame, current_basecase, production key (ensemble, delayed_6m, BEFU26 comparator, balanced_structural schedule, BEFU26 shape vintage); cross-checked against the committed policy runtime line_reconciliation for the same state"
mvr_revenue_net_admin_coo,2026,395.4861460183549,395.4861460183549,395.4861460183549,True,False,"app.cached_aligned_scenario_detail_frames line frame, current_basecase, production key (ensemble, delayed_6m, BEFU26 comparator, balanced_structural schedule, BEFU26 shape vintage); cross-checked against the committed policy runtime line_reconciliation for the same state"
mvr_revenue_net_admin_coo,2027,485.941700421158,485.941700421158,485.941700421158,True,False,"app.cached_aligned_scenario_detail_frames line frame, current_basecase, production key (ensemble, delayed_6m, BEFU26 comparator, balanced_structural schedule, BEFU26 shape vintage); cross-checked against the committed policy runtime line_reconciliation for the same state"
mvr_revenue_net_admin_coo,2028,492.1897343061588,492.1897343061588,492.1897343061588,True,False,"app.cached_aligned_scenario_detail_frames line frame, current_basecase, production key (ensemble, delayed_6m, BEFU26 comparator, balanced_structural schedule, BEFU26 shape vintage); cross-checked against the committed policy runtime line_reconciliation for the same state"
mvr_revenue_net_admin_coo,2029,486.78727230291423,486.78727230291423,486.78727230291423,True,False,"app.cached_aligned_scenario_detail_frames line frame, current_basecase, production key (ensemble, delayed_6m, BEFU26 comparator, balanced_structural schedule, BEFU26 shape vintage); cross-checked against the committed policy runtime line_reconciliation for the same state"
mvr_revenue_net_admin_coo,2030,481.8342315608644,481.8342315608644,481.8342315608644,True,False,"app.cached_aligned_scenario_detail_frames line frame, current_basecase, production key (ensemble, delayed_6m, BEFU26 comparator, balanced_structural schedule, BEFU26 shape vintage); cross-checked against the committed policy runtime line_reconciliation for the same state"
mvr_revenue_net_admin_coo,2031,477.28853590277413,477.28853590277413,477.28853590277413,True,False,"app.cached_aligned_scenario_detail_frames line frame, current_basecase, production key (ensemble, delayed_6m, BEFU26 comparator, balanced_structural schedule, BEFU26 shape vintage); cross-checked against the committed policy runtime line_reconciliation for the same state"
mvr_revenue_net_admin_coo,2032,473.1111269888766,473.1111269888766,473.1111269888766,True,False,"app.cached_aligned_scenario_detail_frames line frame, current_basecase, production key (ensemble, delayed_6m, BEFU26 comparator, balanced_structural schedule, BEFU26 shape vintage); cross-checked against the committed policy runtime line_reconciliation for the same state"
mvr_revenue_net_admin_coo,2033,469.2662722881207,469.2662722881207,469.2662722881207,True,False,"app.cached_aligned_scenario_detail_frames line frame, current_basecase, production key (ensemble, delayed_6m, BEFU26 comparator, balanced_structural schedule, BEFU26 shape vintage); cross-checked against the committed policy runtime line_reconciliation for the same state"
mvr_revenue_net_admin_coo,2034,465.7215614180958,465.7215614180958,465.7215614180958,True,False,"app.cached_aligned_scenario_detail_frames line frame, current_basecase, production key (ensemble, delayed_6m, BEFU26 comparator, balanced_structural schedule, BEFU26 shape vintage); cross-checked against the committed policy runtime line_reconciliation for the same state"
mvr_revenue_net_admin_coo,2035,462.4477473255255,462.4477473255255,462.4477473255255,True,False,"app.cached_aligned_scenario_detail_frames line frame, current_basecase, production key (ensemble, delayed_6m, BEFU26 comparator, balanced_structural schedule, BEFU26 shape vintage); cross-checked against the committed policy runtime line_reconciliation for the same state"
mvr_revenue_net_admin_coo,2036,459.4185166828991,459.4185166828991,459.4185166828991,True,False,"app.cached_aligned_scenario_detail_frames line frame, current_basecase, production key (ensemble, delayed_6m, BEFU26 comparator, balanced_structural schedule, BEFU26 shape vintage); cross-checked against the committed policy runtime line_reconciliation for the same state"
mvr_revenue_net_admin_coo,2037,456.6102357917681,456.6102357917681,456.6102357917681,True,False,"app.cached_aligned_scenario_detail_frames line frame, current_basecase, production key (ensemble, delayed_6m, BEFU26 comparator, balanced_structural schedule, BEFU26 shape vintage); cross-checked against the committed policy runtime line_reconciliation for the same state"
mvr_revenue_net_admin_coo,2038,454.00169651764963,454.00169651764963,454.00169651764963,True,False,"app.cached_aligned_scenario_detail_frames line frame, current_basecase, production key (ensemble, delayed_6m, BEFU26 comparator, balanced_structural schedule, BEFU26 shape vintage); cross-checked against the committed policy runtime line_reconciliation for the same state"
mvr_revenue_net_admin_coo,2039,451.5738745282234,451.5738745282234,451.5738745282234,True,False,"app.cached_aligned_scenario_detail_frames line frame, current_basecase, production key (ensemble, delayed_6m, BEFU26 comparator, balanced_structural schedule, BEFU26 shape vintage); cross-checked against the committed policy runtime line_reconciliation for the same state"
mvr_revenue_net_admin_coo,2040,449.30970534129574,449.30970534129574,449.30970534129574,True,False,"app.cached_aligned_scenario_detail_frames line frame, current_basecase, production key (ensemble, delayed_6m, BEFU26 comparator, balanced_structural schedule, BEFU26 shape vintage); cross-checked against the committed policy runtime line_reconciliation for the same state"
mvr_revenue_net_admin_coo,2041,447.1938800405277,447.1938800405277,447.1938800405277,True,False,"app.cached_aligned_scenario_detail_frames line frame, current_basecase, production key (ensemble, delayed_6m, BEFU26 comparator, balanced_structural schedule, BEFU26 shape vintage); cross-checked against the committed policy runtime line_reconciliation for the same state"
mvr_revenue_net_admin_coo,2042,445.212660614428,445.212660614428,445.212660614428,True,False,"app.cached_aligned_scenario_detail_frames line frame, current_basecase, production key (ensemble, delayed_6m, BEFU26 comparator, balanced_structural schedule, BEFU26 shape vintage); cross-checked against the committed policy runtime line_reconciliation for the same state"
mvr_revenue_net_admin_coo,2043,443.3537139360074,443.3537139360074,443.3537139360074,True,False,"app.cached_aligned_scenario_detail_frames line frame, current_basecase, production key (ensemble, delayed_6m, BEFU26 comparator, balanced_structural schedule, BEFU26 shape vintage); cross-checked against the committed policy runtime line_reconciliation for the same state"
mvr_revenue_net_admin_coo,2044,441.6059629865629,441.6059629865629,441.6059629865629,True,False,"app.cached_aligned_scenario_detail_frames line frame, current_basecase, production key (ensemble, delayed_6m, BEFU26 comparator, balanced_structural schedule, BEFU26 shape vintage); cross-checked against the committed policy runtime line_reconciliation for the same state"
mvr_revenue_net_admin_coo,2045,439.9594537924401,439.9594537924401,439.9594537924401,True,False,"app.cached_aligned_scenario_detail_frames line frame, current_basecase, production key (ensemble, delayed_6m, BEFU26 comparator, balanced_structural schedule, BEFU26 shape vintage); cross-checked against the committed policy runtime line_reconciliation for the same state"
mvr_revenue_net_admin_coo,2046,438.40523655264514,438.40523655264514,438.40523655264514,True,False,"app.cached_aligned_scenario_detail_frames line frame, current_basecase, production key (ensemble, delayed_6m, BEFU26 comparator, balanced_structural schedule, BEFU26 shape vintage); cross-checked against the committed policy runtime line_reconciliation for the same state"
mvr_revenue_net_admin_coo,2047,436.93525951451255,436.93525951451255,436.93525951451255,True,False,"app.cached_aligned_scenario_detail_frames line frame, current_basecase, production key (ensemble, delayed_6m, BEFU26 comparator, balanced_structural schedule, BEFU26 shape vintage); cross-checked against the committed policy runtime line_reconciliation for the same state"
mvr_revenue_net_admin_coo,2048,435.5422742641206,435.5422742641206,435.5422742641206,True,False,"app.cached_aligned_scenario_detail_frames line frame, current_basecase, production key (ensemble, delayed_6m, BEFU26 comparator, balanced_structural schedule, BEFU26 shape vintage); cross-checked against the committed policy runtime line_reconciliation for the same state"
mvr_revenue_net_admin_coo,2049,434.2197512173424,434.2197512173424,434.2197512173424,True,False,"app.cached_aligned_scenario_detail_frames line frame, current_basecase, production key (ensemble, delayed_6m, BEFU26 comparator, balanced_structural schedule, BEFU26 shape vintage); cross-checked against the committed policy runtime line_reconciliation for the same state"
mvr_revenue_net_admin_coo,2050,432.9618042154181,432.9618042154181,432.9618042154181,True,False,"app.cached_aligned_scenario_detail_frames line frame, current_basecase, production key (ensemble, delayed_6m, BEFU26 comparator, balanced_structural schedule, BEFU26 shape vintage); cross-checked against the committed policy runtime line_reconciliation for the same state"
net_fed_revenue,2026,2115.206557571535,2115.206557571535,2115.206557571535,True,False,"app.cached_aligned_scenario_detail_frames line frame, current_basecase, production key (ensemble, delayed_6m, BEFU26 comparator, balanced_structural schedule, BEFU26 shape vintage); cross-checked against the committed policy runtime line_reconciliation for the same state"
net_fed_revenue,2027,2065.4262368327877,2065.4262368327877,2065.4262368327877,True,False,"app.cached_aligned_scenario_detail_frames line frame, current_basecase, production key (ensemble, delayed_6m, BEFU26 comparator, balanced_structural schedule, BEFU26 shape vintage); cross-checked against the committed policy runtime line_reconciliation for the same state"
net_fed_revenue,2028,2502.8351526623633,2502.8351526623633,2502.8351526623633,True,False,"app.cached_aligned_scenario_detail_frames line frame, current_basecase, production key (ensemble, delayed_6m, BEFU26 comparator, balanced_structural schedule, BEFU26 shape vintage); cross-checked against the committed policy runtime line_reconciliation for the same state"
net_fed_revenue,2029,2651.172748656354,2651.172748656354,2651.172748656354,True,False,"app.cached_aligned_scenario_detail_frames line frame, current_basecase, production key (ensemble, delayed_6m, BEFU26 comparator, balanced_structural schedule, BEFU26 shape vintage); cross-checked against the committed policy runtime line_reconciliation for the same state"
net_fed_revenue,2030,2763.882727300213,2763.882727300213,2763.882727300213,True,False,"app.cached_aligned_scenario_detail_frames line frame, current_basecase, production key (ensemble, delayed_6m, BEFU26 comparator, balanced_structural schedule, BEFU26 shape vintage); cross-checked against the committed policy runtime line_reconciliation for the same state"
net_fed_revenue,2031,2873.5384007591024,2873.5384007591024,2873.5384007591024,True,False,"app.cached_aligned_scenario_detail_frames line frame, current_basecase, production key (ensemble, delayed_6m, BEFU26 comparator, balanced_structural schedule, BEFU26 shape vintage); cross-checked against the committed policy runtime line_reconciliation for the same state"
net_fed_revenue,2032,2972.241923938253,2972.241923938253,2972.241923938253,True,False,"app.cached_aligned_scenario_detail_frames line frame, current_basecase, production key (ensemble, delayed_6m, BEFU26 comparator, balanced_structural schedule, BEFU26 shape vintage); cross-checked against the committed policy runtime line_reconciliation for the same state"
net_fed_revenue,2033,3057.5961365961352,3057.5961365961352,3057.5961365961352,True,False,"app.cached_aligned_scenario_detail_frames line frame, current_basecase, production key (ensemble, delayed_6m, BEFU26 comparator, balanced_structural schedule, BEFU26 shape vintage); cross-checked against the committed policy runtime line_reconciliation for the same state"
net_fed_revenue,2034,3128.923570832562,3128.923570832562,3128.923570832562,True,False,"app.cached_aligned_scenario_detail_frames line frame, current_basecase, production key (ensemble, delayed_6m, BEFU26 comparator, balanced_structural schedule, BEFU26 shape vintage); cross-checked against the committed policy runtime line_reconciliation for the same state"
net_fed_revenue,2035,3178.8435180569913,3178.8435180569913,3178.8435180569913,True,False,"app.cached_aligned_scenario_detail_frames line frame, current_basecase, production key (ensemble, delayed_6m, BEFU26 comparator, balanced_structural schedule, BEFU26 shape vintage); cross-checked against the committed policy runtime line_reconciliation for the same state"
net_fed_revenue,2036,3200.0423029647086,3200.0423029647086,3200.0423029647086,True,False,"app.cached_aligned_scenario_detail_frames line frame, current_basecase, production key (ensemble, delayed_6m, BEFU26 comparator, balanced_structural schedule, BEFU26 shape vintage); cross-checked against the committed policy runtime line_reconciliation for the same state"
net_fed_revenue,2037,3185.225645357905,3185.225645357905,3185.225645357905,True,False,"app.cached_aligned_scenario_detail_frames line frame, current_basecase, production key (ensemble, delayed_6m, BEFU26 comparator, balanced_structural schedule, BEFU26 shape vintage); cross-checked against the committed policy runtime line_reconciliation for the same state"
net_fed_revenue,2038,3127.1023206243976,3127.1023206243976,3127.1023206243976,True,False,"app.cached_aligned_scenario_detail_frames line frame, current_basecase, production key (ensemble, delayed_6m, BEFU26 comparator, balanced_structural schedule, BEFU26 shape vintage); cross-checked against the committed policy runtime line_reconciliation for the same state"
net_fed_revenue,2039,3022.7566586884873,3022.7566586884873,3022.7566586884873,True,False,"app.cached_aligned_scenario_detail_frames line frame, current_basecase, production key (ensemble, delayed_6m, BEFU26 comparator, balanced_structural schedule, BEFU26 shape vintage); cross-checked against the committed policy runtime line_reconciliation for the same state"
net_fed_revenue,2040,2875.018680438536,2875.018680438536,2875.018680438536,True,False,"app.cached_aligned_scenario_detail_frames line frame, current_basecase, production key (ensemble, delayed_6m, BEFU26 comparator, balanced_structural schedule, BEFU26 shape vintage); cross-checked against the committed policy runtime line_reconciliation for the same state"
net_fed_revenue,2041,2691.5898546886765,2691.5898546886765,2691.5898546886765,True,False,"app.cached_aligned_scenario_detail_frames line frame, current_basecase, production key (ensemble, delayed_6m, BEFU26 comparator, balanced_structural schedule, BEFU26 shape vintage); cross-checked against the committed policy runtime line_reconciliation for the same state"
net_fed_revenue,2042,2470.526496161614,2470.526496161614,2470.526496161614,True,False,"app.cached_aligned_scenario_detail_frames line frame, current_basecase, production key (ensemble, delayed_6m, BEFU26 comparator, balanced_structural schedule, BEFU26 shape vintage); cross-checked against the committed policy runtime line_reconciliation for the same state"
net_fed_revenue,2043,2241.847487924507,2241.847487924507,2241.847487924507,True,False,"app.cached_aligned_scenario_detail_frames line frame, current_basecase, production key (ensemble, delayed_6m, BEFU26 comparator, balanced_structural schedule, BEFU26 shape vintage); cross-checked against the committed policy runtime line_reconciliation for the same state"
net_fed_revenue,2044,2031.463405048721,2031.463405048721,2031.463405048721,True,False,"app.cached_aligned_scenario_detail_frames line frame, current_basecase, production key (ensemble, delayed_6m, BEFU26 comparator, balanced_structural schedule, BEFU26 shape vintage); cross-checked against the committed policy runtime line_reconciliation for the same state"
net_fed_revenue,2045,1856.5284150366683,1856.5284150366683,1856.5284150366683,True,False,"app.cached_aligned_scenario_detail_frames line frame, current_basecase, production key (ensemble, delayed_6m, BEFU26 comparator, balanced_structural schedule, BEFU26 shape vintage); cross-checked against the committed policy runtime line_reconciliation for the same state"
net_fed_revenue,2046,1709.2277820781535,1709.2277820781535,1709.2277820781535,True,False,"app.cached_aligned_scenario_detail_frames line frame, current_basecase, production key (ensemble, delayed_6m, BEFU26 comparator, balanced_structural schedule, BEFU26 shape vintage); cross-checked against the committed policy runtime line_reconciliation for the same state"
net_fed_revenue,2047,1571.5286461872242,1571.5286461872242,1571.5286461872242,True,False,"app.cached_aligned_scenario_detail_frames line frame, current_basecase, production key (ensemble, delayed_6m, BEFU26 comparator, balanced_structural schedule, BEFU26 shape vintage); cross-checked against the committed policy runtime line_reconciliation for the same state"
net_fed_revenue,2048,1445.2512035011607,1445.2512035011607,1445.2512035011607,True,False,"app.cached_aligned_scenario_detail_frames line frame, current_basecase, production key (ensemble, delayed_6m, BEFU26 comparator, balanced_structural schedule, BEFU26 shape vintage); cross-checked against the committed policy runtime line_reconciliation for the same state"
net_fed_revenue,2049,1327.901228211222,1327.901228211222,1327.901228211222,True,False,"app.cached_aligned_scenario_detail_frames line frame, current_basecase, production key (ensemble, delayed_6m, BEFU26 comparator, balanced_structural schedule, BEFU26 shape vintage); cross-checked against the committed policy runtime line_reconciliation for the same state"
net_fed_revenue,2050,1218.975277274731,1218.975277274731,1218.975277274731,True,False,"app.cached_aligned_scenario_detail_frames line frame, current_basecase, production key (ensemble, delayed_6m, BEFU26 comparator, balanced_structural schedule, BEFU26 shape vintage); cross-checked against the committed policy runtime line_reconciliation for the same state"
net_mvr_revenue,2026,393.8747745212369,393.8747745212369,393.8747745212369,True,False,"app.cached_aligned_scenario_detail_frames line frame, current_basecase, production key (ensemble, delayed_6m, BEFU26 comparator, balanced_structural schedule, BEFU26 shape vintage); cross-checked against the committed policy runtime line_reconciliation for the same state"
net_mvr_revenue,2027,484.04699017200664,484.04699017200664,484.04699017200664,True,False,"app.cached_aligned_scenario_detail_frames line frame, current_basecase, production key (ensemble, delayed_6m, BEFU26 comparator, balanced_structural schedule, BEFU26 shape vintage); cross-checked against the committed policy runtime line_reconciliation for the same state"
net_mvr_revenue,2028,490.25051027658566,490.25051027658566,490.25051027658566,True,False,"app.cached_aligned_scenario_detail_frames line frame, current_basecase, production key (ensemble, delayed_6m, BEFU26 comparator, balanced_structural schedule, BEFU26 shape vintage); cross-checked against the committed policy runtime line_reconciliation for the same state"
net_mvr_revenue,2029,484.84310999369575,484.84310999369575,484.84310999369575,True,False,"app.cached_aligned_scenario_detail_frames line frame, current_basecase, production key (ensemble, delayed_6m, BEFU26 comparator, balanced_structural schedule, BEFU26 shape vintage); cross-checked against the committed policy runtime line_reconciliation for the same state"
net_mvr_revenue,2030,479.8837182888595,479.8837182888595,479.8837182888595,True,False,"app.cached_aligned_scenario_detail_frames line frame, current_basecase, production key (ensemble, delayed_6m, BEFU26 comparator, balanced_structural schedule, BEFU26 shape vintage); cross-checked against the committed policy runtime line_reconciliation for the same state"
net_mvr_revenue,2031,475.3303381823711,475.3303381823711,475.3303381823711,True,False,"app.cached_aligned_scenario_detail_frames line frame, current_basecase, production key (ensemble, delayed_6m, BEFU26 comparator, balanced_structural schedule, BEFU26 shape vintage); cross-checked against the committed policy runtime line_reconciliation for the same state"
net_mvr_revenue,2032,471.1439933001107,471.1439933001107,471.1439933001107,True,False,"app.cached_aligned_scenario_detail_frames line frame, current_basecase, production key (ensemble, delayed_6m, BEFU26 comparator, balanced_structural schedule, BEFU26 shape vintage); cross-checked against the committed policy runtime line_reconciliation for the same state"
net_mvr_revenue,2033,467.289031338095,467.289031338095,467.289031338095,True,False,"app.cached_aligned_scenario_detail_frames line frame, current_basecase, production key (ensemble, delayed_6m, BEFU26 comparator, balanced_structural schedule, BEFU26 shape vintage); cross-checked against the committed policy runtime line_reconciliation for the same state"
net_mvr_revenue,2034,463.73311806128567,463.73311806128567,463.73311806128567,True,False,"app.cached_aligned_scenario_detail_frames line frame, current_basecase, production key (ensemble, delayed_6m, BEFU26 comparator, balanced_structural schedule, BEFU26 shape vintage); cross-checked against the committed policy runtime line_reconciliation for the same state"
net_mvr_revenue,2035,460.4470773903571,460.4470773903571,460.4470773903571,True,False,"app.cached_aligned_scenario_detail_frames line frame, current_basecase, production key (ensemble, delayed_6m, BEFU26 comparator, balanced_structural schedule, BEFU26 shape vintage); cross-checked against the committed policy runtime line_reconciliation for the same state"
net_mvr_revenue,2036,457.4046614102953,457.4046614102953,457.4046614102953,True,False,"app.cached_aligned_scenario_detail_frames line frame, current_basecase, production key (ensemble, delayed_6m, BEFU26 comparator, balanced_structural schedule, BEFU26 shape vintage); cross-checked against the committed policy runtime line_reconciliation for the same state"
net_mvr_revenue,2037,454.58229627546916,454.58229627546916,454.58229627546916,True,False,"app.cached_aligned_scenario_detail_frames line frame, current_basecase, production key (ensemble, delayed_6m, BEFU26 comparator, balanced_structural schedule, BEFU26 shape vintage); cross-checked against the committed policy runtime line_reconciliation for the same state"
net_mvr_revenue,2038,451.95882835361306,451.95882835361306,451.95882835361306,True,False,"app.cached_aligned_scenario_detail_frames line frame, current_basecase, production key (ensemble, delayed_6m, BEFU26 comparator, balanced_structural schedule, BEFU26 shape vintage); cross-checked against the committed policy runtime line_reconciliation for the same state"
net_mvr_revenue,2039,449.51528277587994,449.51528277587994,449.51528277587994,True,False,"app.cached_aligned_scenario_detail_frames line frame, current_basecase, production key (ensemble, delayed_6m, BEFU26 comparator, balanced_structural schedule, BEFU26 shape vintage); cross-checked against the committed policy runtime line_reconciliation for the same state"
net_mvr_revenue,2040,447.23463984016297,447.23463984016297,447.23463984016297,True,False,"app.cached_aligned_scenario_detail_frames line frame, current_basecase, production key (ensemble, delayed_6m, BEFU26 comparator, balanced_structural schedule, BEFU26 shape vintage); cross-checked against the committed policy runtime line_reconciliation for the same state"
net_mvr_revenue,2041,445.10163109253966,445.10163109253966,445.10163109253966,True,False,"app.cached_aligned_scenario_detail_frames line frame, current_basecase, production key (ensemble, delayed_6m, BEFU26 comparator, balanced_structural schedule, BEFU26 shape vintage); cross-checked against the committed policy runtime line_reconciliation for the same state"
net_mvr_revenue,2042,443.1025550242281,443.1025550242281,443.1025550242281,True,False,"app.cached_aligned_scenario_detail_frames line frame, current_basecase, production key (ensemble, delayed_6m, BEFU26 comparator, balanced_structural schedule, BEFU26 shape vintage); cross-checked against the committed policy runtime line_reconciliation for the same state"
net_mvr_revenue,2043,441.22511139198986,441.22511139198986,441.22511139198986,True,False,"app.cached_aligned_scenario_detail_frames line frame, current_basecase, production key (ensemble, delayed_6m, BEFU26 comparator, balanced_structural schedule, BEFU26 shape vintage); cross-checked against the committed policy runtime line_reconciliation for the same state"
net_mvr_revenue,2044,439.4582527608978,439.4582527608978,439.4582527608978,True,False,"app.cached_aligned_scenario_detail_frames line frame, current_basecase, production key (ensemble, delayed_6m, BEFU26 comparator, balanced_structural schedule, BEFU26 shape vintage); cross-checked against the committed policy runtime line_reconciliation for the same state"
net_mvr_revenue,2045,437.7920517365987,437.7920517365987,437.7920517365987,True,False,"app.cached_aligned_scenario_detail_frames line frame, current_basecase, production key (ensemble, delayed_6m, BEFU26 comparator, balanced_structural schedule, BEFU26 shape vintage); cross-checked against the committed policy runtime line_reconciliation for the same state"
net_mvr_revenue,2046,436.21758236479513,436.21758236479513,436.21758236479513,True,False,"app.cached_aligned_scenario_detail_frames line frame, current_basecase, production key (ensemble, delayed_6m, BEFU26 comparator, balanced_structural schedule, BEFU26 shape vintage); cross-checked against the committed policy runtime line_reconciliation for the same state"
net_mvr_revenue,2047,434.7268142558745,434.7268142558745,434.7268142558745,True,False,"app.cached_aligned_scenario_detail_frames line frame, current_basecase, production key (ensemble, delayed_6m, BEFU26 comparator, balanced_structural schedule, BEFU26 shape vintage); cross-checked against the committed policy runtime line_reconciliation for the same state"
net_mvr_revenue,2048,433.3125181025614,433.3125181025614,433.3125181025614,True,False,"app.cached_aligned_scenario_detail_frames line frame, current_basecase, production key (ensemble, delayed_6m, BEFU26 comparator, balanced_structural schedule, BEFU26 shape vintage); cross-checked against the committed policy runtime line_reconciliation for the same state"
net_mvr_revenue,2049,431.96818137790393,431.96818137790393,431.96818137790393,True,False,"app.cached_aligned_scenario_detail_frames line frame, current_basecase, production key (ensemble, delayed_6m, BEFU26 comparator, balanced_structural schedule, BEFU26 shape vintage); cross-checked against the committed policy runtime line_reconciliation for the same state"
net_mvr_revenue,2050,430.68793311893774,430.68793311893774,430.68793311893774,True,False,"app.cached_aligned_scenario_detail_frames line frame, current_basecase, production key (ensemble, delayed_6m, BEFU26 comparator, balanced_structural schedule, BEFU26 shape vintage); cross-checked against the committed policy runtime line_reconciliation for the same state"
ped_vkt_per_capita,2026,6168.639959079953,6168.639959079953,6168.639959079953,True,False,"app.cached_aligned_scenario_detail_frames line frame, current_basecase, production key (ensemble, delayed_6m, BEFU26 comparator, balanced_structural schedule, BEFU26 shape vintage); cross-checked against the committed policy runtime line_reconciliation for the same state"
ped_vkt_per_capita,2027,6157.981582293965,6157.981582293965,6157.981582293965,True,False,"app.cached_aligned_scenario_detail_frames line frame, current_basecase, production key (ensemble, delayed_6m, BEFU26 comparator, balanced_structural schedule, BEFU26 shape vintage); cross-checked against the committed policy runtime line_reconciliation for the same state"
ped_vkt_per_capita,2028,6139.99400474286,6139.99400474286,6139.99400474286,True,False,"app.cached_aligned_scenario_detail_frames line frame, current_basecase, production key (ensemble, delayed_6m, BEFU26 comparator, balanced_structural schedule, BEFU26 shape vintage); cross-checked against the committed policy runtime line_reconciliation for the same state"
ped_vkt_per_capita,2029,6137.524012532262,6137.524012532262,6137.524012532262,True,False,"app.cached_aligned_scenario_detail_frames line frame, current_basecase, production key (ensemble, delayed_6m, BEFU26 comparator, balanced_structural schedule, BEFU26 shape vintage); cross-checked against the committed policy runtime line_reconciliation for the same state"
ped_vkt_per_capita,2030,6119.810756176223,6119.810756176223,6119.810756176223,True,False,"app.cached_aligned_scenario_detail_frames line frame, current_basecase, production key (ensemble, delayed_6m, BEFU26 comparator, balanced_structural schedule, BEFU26 shape vintage); cross-checked against the committed policy runtime line_reconciliation for the same state"
ped_vkt_per_capita,2031,6117.785758686691,6117.785758686691,6117.785758686691,True,False,"app.cached_aligned_scenario_detail_frames line frame, current_basecase, production key (ensemble, delayed_6m, BEFU26 comparator, balanced_structural schedule, BEFU26 shape vintage); cross-checked against the committed policy runtime line_reconciliation for the same state"
ped_vkt_per_capita,2032,6101.542241961072,6101.542241961072,6101.542241961072,True,False,"app.cached_aligned_scenario_detail_frames line frame, current_basecase, production key (ensemble, delayed_6m, BEFU26 comparator, balanced_structural schedule, BEFU26 shape vintage); cross-checked against the committed policy runtime line_reconciliation for the same state"
ped_vkt_per_capita,2033,6061.920735189347,6061.920735189347,6061.920735189347,True,False,"app.cached_aligned_scenario_detail_frames line frame, current_basecase, production key (ensemble, delayed_6m, BEFU26 comparator, balanced_structural schedule, BEFU26 shape vintage); cross-checked against the committed policy runtime line_reconciliation for the same state"
ped_vkt_per_capita,2034,5999.951801695699,5999.951801695699,5999.951801695699,True,False,"app.cached_aligned_scenario_detail_frames line frame, current_basecase, production key (ensemble, delayed_6m, BEFU26 comparator, balanced_structural schedule, BEFU26 shape vintage); cross-checked against the committed policy runtime line_reconciliation for the same state"
ped_vkt_per_capita,2035,5904.09633881265,5904.09633881265,5904.09633881265,True,False,"app.cached_aligned_scenario_detail_frames line frame, current_basecase, production key (ensemble, delayed_6m, BEFU26 comparator, balanced_structural schedule, BEFU26 shape vintage); cross-checked against the committed policy runtime line_reconciliation for the same state"
ped_vkt_per_capita,2036,5763.879045444638,5763.879045444638,5763.879045444638,True,False,"app.cached_aligned_scenario_detail_frames line frame, current_basecase, production key (ensemble, delayed_6m, BEFU26 comparator, balanced_structural schedule, BEFU26 shape vintage); cross-checked against the committed policy runtime line_reconciliation for the same state"
ped_vkt_per_capita,2037,5570.748464811457,5570.748464811457,5570.748464811457,True,False,"app.cached_aligned_scenario_detail_frames line frame, current_basecase, production key (ensemble, delayed_6m, BEFU26 comparator, balanced_structural schedule, BEFU26 shape vintage); cross-checked against the committed policy runtime line_reconciliation for the same state"
ped_vkt_per_capita,2038,5316.499805633337,5316.499805633337,5316.499805633337,True,False,"app.cached_aligned_scenario_detail_frames line frame, current_basecase, production key (ensemble, delayed_6m, BEFU26 comparator, balanced_structural schedule, BEFU26 shape vintage); cross-checked against the committed policy runtime line_reconciliation for the same state"
ped_vkt_per_capita,2039,5001.2777903803235,5001.2777903803235,5001.2777903803235,True,False,"app.cached_aligned_scenario_detail_frames line frame, current_basecase, production key (ensemble, delayed_6m, BEFU26 comparator, balanced_structural schedule, BEFU26 shape vintage); cross-checked against the committed policy runtime line_reconciliation for the same state"
ped_vkt_per_capita,2040,4634.222189654361,4634.222189654361,4634.222189654361,True,False,"app.cached_aligned_scenario_detail_frames line frame, current_basecase, production key (ensemble, delayed_6m, BEFU26 comparator, balanced_structural schedule, BEFU26 shape vintage); cross-checked against the committed policy runtime line_reconciliation for the same state"
ped_vkt_per_capita,2041,4231.55518821845,4231.55518821845,4231.55518821845,True,False,"app.cached_aligned_scenario_detail_frames line frame, current_basecase, production key (ensemble, delayed_6m, BEFU26 comparator, balanced_structural schedule, BEFU26 shape vintage); cross-checked against the committed policy runtime line_reconciliation for the same state"
ped_vkt_per_capita,2042,3793.722992121345,3793.722992121345,3793.722992121345,True,False,"app.cached_aligned_scenario_detail_frames line frame, current_basecase, production key (ensemble, delayed_6m, BEFU26 comparator, balanced_structural schedule, BEFU26 shape vintage); cross-checked against the committed policy runtime line_reconciliation for the same state"
ped_vkt_per_capita,2043,3364.868812868045,3364.868812868045,3364.868812868045,True,False,"app.cached_aligned_scenario_detail_frames line frame, current_basecase, production key (ensemble, delayed_6m, BEFU26 comparator, balanced_structural schedule, BEFU26 shape vintage); cross-checked against the committed policy runtime line_reconciliation for the same state"
ped_vkt_per_capita,2044,2982.0048937000624,2982.0048937000624,2982.0048937000624,True,False,"app.cached_aligned_scenario_detail_frames line frame, current_basecase, production key (ensemble, delayed_6m, BEFU26 comparator, balanced_structural schedule, BEFU26 shape vintage); cross-checked against the committed policy runtime line_reconciliation for the same state"
ped_vkt_per_capita,2045,2666.3656603547033,2666.3656603547033,2666.3656603547033,True,False,"app.cached_aligned_scenario_detail_frames line frame, current_basecase, production key (ensemble, delayed_6m, BEFU26 comparator, balanced_structural schedule, BEFU26 shape vintage); cross-checked against the committed policy runtime line_reconciliation for the same state"
ped_vkt_per_capita,2046,2402.914143891279,2402.914143891279,2402.914143891279,True,False,"app.cached_aligned_scenario_detail_frames line frame, current_basecase, production key (ensemble, delayed_6m, BEFU26 comparator, balanced_structural schedule, BEFU26 shape vintage); cross-checked against the committed policy runtime line_reconciliation for the same state"
ped_vkt_per_capita,2047,2163.7945578233357,2163.7945578233357,2163.7945578233357,True,False,"app.cached_aligned_scenario_detail_frames line frame, current_basecase, production key (ensemble, delayed_6m, BEFU26 comparator, balanced_structural schedule, BEFU26 shape vintage); cross-checked against the committed policy runtime line_reconciliation for the same state"
ped_vkt_per_capita,2048,1949.9246144203623,1949.9246144203623,1949.9246144203623,True,False,"app.cached_aligned_scenario_detail_frames line frame, current_basecase, production key (ensemble, delayed_6m, BEFU26 comparator, balanced_structural schedule, BEFU26 shape vintage); cross-checked against the committed policy runtime line_reconciliation for the same state"
ped_vkt_per_capita,2049,1756.40563752147,1756.40563752147,1756.40563752147,True,False,"app.cached_aligned_scenario_detail_frames line frame, current_basecase, production key (ensemble, delayed_6m, BEFU26 comparator, balanced_structural schedule, BEFU26 shape vintage); cross-checked against the committed policy runtime line_reconciliation for the same state"
ped_vkt_per_capita,2050,1581.277157546583,1581.277157546583,1581.277157546583,True,False,"app.cached_aligned_scenario_detail_frames line frame, current_basecase, production key (ensemble, delayed_6m, BEFU26 comparator, balanced_structural schedule, BEFU26 shape vintage); cross-checked against the committed policy runtime line_reconciliation for the same state"
ped_volume,2026,3064.018338189692,3064.018338189692,3064.018338189692,True,False,"app.cached_aligned_scenario_detail_frames line frame, current_basecase, production key (ensemble, delayed_6m, BEFU26 comparator, balanced_structural schedule, BEFU26 shape vintage); cross-checked against the committed policy runtime line_reconciliation for the same state"
ped_volume,2027,3003.8936760283596,3003.8936760283596,3003.8936760283596,True,False,"app.cached_aligned_scenario_detail_frames line frame, current_basecase, production key (ensemble, delayed_6m, BEFU26 comparator, balanced_structural schedule, BEFU26 shape vintage); cross-checked against the committed policy runtime line_reconciliation for the same state"
ped_volume,2028,3001.2048074698355,3001.2048074698355,3001.2048074698355,True,False,"app.cached_aligned_scenario_detail_frames line frame, current_basecase, production key (ensemble, delayed_6m, BEFU26 comparator, balanced_structural schedule, BEFU26 shape vintage); cross-checked against the committed policy runtime line_reconciliation for the same state"
ped_volume,2029,3005.9994586177745,3005.9994586177745,3005.9994586177745,True,False,"app.cached_aligned_scenario_detail_frames line frame, current_basecase, production key (ensemble, delayed_6m, BEFU26 comparator, balanced_structural schedule, BEFU26 shape vintage); cross-checked against the committed policy runtime line_reconciliation for the same state"
ped_volume,2030,3002.9713556296933,3002.9713556296933,3002.9713556296933,True,False,"app.cached_aligned_scenario_detail_frames line frame, current_basecase, production key (ensemble, delayed_6m, BEFU26 comparator, balanced_structural schedule, BEFU26 shape vintage); cross-checked against the committed policy runtime line_reconciliation for the same state"
ped_volume,2031,2995.070875942167,2995.070875942167,2995.070875942167,True,False,"app.cached_aligned_scenario_detail_frames line frame, current_basecase, production key (ensemble, delayed_6m, BEFU26 comparator, balanced_structural schedule, BEFU26 shape vintage); cross-checked against the committed policy runtime line_reconciliation for the same state"
ped_volume,2032,2976.58633387047,2976.58633387047,2976.58633387047,True,False,"app.cached_aligned_scenario_detail_frames line frame, current_basecase, production key (ensemble, delayed_6m, BEFU26 comparator, balanced_structural schedule, BEFU26 shape vintage); cross-checked against the committed policy runtime line_reconciliation for the same state"
ped_volume,2033,2946.267686264926,2946.267686264926,2946.267686264926,True,False,"app.cached_aligned_scenario_detail_frames line frame, current_basecase, production key (ensemble, delayed_6m, BEFU26 comparator, balanced_structural schedule, BEFU26 shape vintage); cross-checked against the committed policy runtime line_reconciliation for the same state"
ped_volume,2034,2905.001955252225,2905.001955252225,2905.001955252225,True,False,"app.cached_aligned_scenario_detail_frames line frame, current_basecase, production key (ensemble, delayed_6m, BEFU26 comparator, balanced_structural schedule, BEFU26 shape vintage); cross-checked against the committed policy runtime line_reconciliation for the same state"
ped_volume,2035,2847.3652016404053,2847.3652016404053,2847.3652016404053,True,False,"app.cached_aligned_scenario_detail_frames line frame, current_basecase, production key (ensemble, delayed_6m, BEFU26 comparator, balanced_structural schedule, BEFU26 shape vintage); cross-checked against the committed policy runtime line_reconciliation for the same state"
ped_volume,2036,2768.523759324257,2768.523759324257,2768.523759324257,True,False,"app.cached_aligned_scenario_detail_frames line frame, current_basecase, production key (ensemble, delayed_6m, BEFU26 comparator, balanced_structural schedule, BEFU26 shape vintage); cross-checked against the committed policy runtime line_reconciliation for the same state"
ped_volume,2037,2664.6636054074957,2664.6636054074957,2664.6636054074957,True,False,"app.cached_aligned_scenario_detail_frames line frame, current_basecase, production key (ensemble, delayed_6m, BEFU26 comparator, balanced_structural schedule, BEFU26 shape vintage); cross-checked against the committed policy runtime line_reconciliation for the same state"
ped_volume,2038,2532.216583123277,2532.216583123277,2532.216583123277,True,False,"app.cached_aligned_scenario_detail_frames line frame, current_basecase, production key (ensemble, delayed_6m, BEFU26 comparator, balanced_structural schedule, BEFU26 shape vintage); cross-checked against the committed policy runtime line_reconciliation for the same state"
ped_volume,2039,2371.6548038154197,2371.6548038154197,2371.6548038154197,True,False,"app.cached_aligned_scenario_detail_frames line frame, current_basecase, production key (ensemble, delayed_6m, BEFU26 comparator, balanced_structural schedule, BEFU26 shape vintage); cross-checked against the committed policy runtime line_reconciliation for the same state"
ped_volume,2040,2187.714010459959,2187.714010459959,2187.714010459959,True,False,"app.cached_aligned_scenario_detail_frames line frame, current_basecase, production key (ensemble, delayed_6m, BEFU26 comparator, balanced_structural schedule, BEFU26 shape vintage); cross-checked against the committed policy runtime line_reconciliation for the same state"
ped_volume,2041,1988.0391625735203,1988.0391625735203,1988.0391625735203,True,False,"app.cached_aligned_scenario_detail_frames line frame, current_basecase, production key (ensemble, delayed_6m, BEFU26 comparator, balanced_structural schedule, BEFU26 shape vintage); cross-checked against the committed policy runtime line_reconciliation for the same state"
ped_volume,2042,1772.2461172443145,1772.2461172443145,1772.2461172443145,True,False,"app.cached_aligned_scenario_detail_frames line frame, current_basecase, production key (ensemble, delayed_6m, BEFU26 comparator, balanced_structural schedule, BEFU26 shape vintage); cross-checked against the committed policy runtime line_reconciliation for the same state"
ped_volume,2043,1562.6971912443912,1562.6971912443912,1562.6971912443912,True,False,"app.cached_aligned_scenario_detail_frames line frame, current_basecase, production key (ensemble, delayed_6m, BEFU26 comparator, balanced_structural schedule, BEFU26 shape vintage); cross-checked against the committed policy runtime line_reconciliation for the same state"
ped_volume,2044,1376.593489074413,1376.593489074413,1376.593489074413,True,False,"app.cached_aligned_scenario_detail_frames line frame, current_basecase, production key (ensemble, delayed_6m, BEFU26 comparator, balanced_structural schedule, BEFU26 shape vintage); cross-checked against the committed policy runtime line_reconciliation for the same state"
ped_volume,2045,1223.3466214552896,1223.3466214552896,1223.3466214552896,True,False,"app.cached_aligned_scenario_detail_frames line frame, current_basecase, production key (ensemble, delayed_6m, BEFU26 comparator, balanced_structural schedule, BEFU26 shape vintage); cross-checked against the committed policy runtime line_reconciliation for the same state"
ped_volume,2046,1095.5697665163955,1095.5697665163955,1095.5697665163955,True,False,"app.cached_aligned_scenario_detail_frames line frame, current_basecase, production key (ensemble, delayed_6m, BEFU26 comparator, balanced_structural schedule, BEFU26 shape vintage); cross-checked against the committed policy runtime line_reconciliation for the same state"
ped_volume,2047,980.2322851397468,980.2322851397468,980.2322851397468,True,False,"app.cached_aligned_scenario_detail_frames line frame, current_basecase, production key (ensemble, delayed_6m, BEFU26 comparator, balanced_structural schedule, BEFU26 shape vintage); cross-checked against the committed policy runtime line_reconciliation for the same state"
ped_volume,2048,877.5654083404522,877.5654083404522,877.5654083404522,True,False,"app.cached_aligned_scenario_detail_frames line frame, current_basecase, production key (ensemble, delayed_6m, BEFU26 comparator, balanced_structural schedule, BEFU26 shape vintage); cross-checked against the committed policy runtime line_reconciliation for the same state"
ped_volume,2049,785.1848314364988,785.1848314364988,785.1848314364988,True,False,"app.cached_aligned_scenario_detail_frames line frame, current_basecase, production key (ensemble, delayed_6m, BEFU26 comparator, balanced_structural schedule, BEFU26 shape vintage); cross-checked against the committed policy runtime line_reconciliation for the same state"
ped_volume,2050,702.0606393425361,702.0606393425361,702.0606393425361,True,False,"app.cached_aligned_scenario_detail_frames line frame, current_basecase, production key (ensemble, delayed_6m, BEFU26 comparator, balanced_structural schedule, BEFU26 shape vintage); cross-checked against the committed policy runtime line_reconciliation for the same state"
phev_ruc_net_km,2026,647.879998554768,647.879998554768,647.879998554768,True,False,"app.cached_aligned_scenario_detail_frames line frame, current_basecase, production key (ensemble, delayed_6m, BEFU26 comparator, balanced_structural schedule, BEFU26 shape vintage); cross-checked against the committed policy runtime line_reconciliation for the same state"
phev_ruc_net_km,2027,844.9595723514738,844.9595723514738,844.9595723514738,True,False,"app.cached_aligned_scenario_detail_frames line frame, current_basecase, production key (ensemble, delayed_6m, BEFU26 comparator, balanced_structural schedule, BEFU26 shape vintage); cross-checked against the committed policy runtime line_reconciliation for the same state"
phev_ruc_net_km,2028,1140.5757203778505,1140.5757203778505,1140.5757203778505,True,False,"app.cached_aligned_scenario_detail_frames line frame, current_basecase, production key (ensemble, delayed_6m, BEFU26 comparator, balanced_structural schedule, BEFU26 shape vintage); cross-checked against the committed policy runtime line_reconciliation for the same state"
phev_ruc_net_km,2029,1495.51845432587,1495.51845432587,1495.51845432587,True,False,"app.cached_aligned_scenario_detail_frames line frame, current_basecase, production key (ensemble, delayed_6m, BEFU26 comparator, balanced_structural schedule, BEFU26 shape vintage); cross-checked against the committed policy runtime line_reconciliation for the same state"
phev_ruc_net_km,2030,1878.889739407174,1878.889739407174,1878.889739407174,True,False,"app.cached_aligned_scenario_detail_frames line frame, current_basecase, production key (ensemble, delayed_6m, BEFU26 comparator, balanced_structural schedule, BEFU26 shape vintage); cross-checked against the committed policy runtime line_reconciliation for the same state"
phev_ruc_net_km,2031,2208.3308898987298,2208.3308898987298,2208.3308898987298,True,False,"app.cached_aligned_scenario_detail_frames line frame, current_basecase, production key (ensemble, delayed_6m, BEFU26 comparator, balanced_structural schedule, BEFU26 shape vintage); cross-checked against the committed policy runtime line_reconciliation for the same state"
phev_ruc_net_km,2032,2552.1629121592205,2552.1629121592205,2552.1629121592205,True,False,"app.cached_aligned_scenario_detail_frames line frame, current_basecase, production key (ensemble, delayed_6m, BEFU26 comparator, balanced_structural schedule, BEFU26 shape vintage); cross-checked against the committed policy runtime line_reconciliation for the same state"
phev_ruc_net_km,2033,2900.6112269694477,2900.6112269694477,2900.6112269694477,True,False,"app.cached_aligned_scenario_detail_frames line frame, current_basecase, production key (ensemble, delayed_6m, BEFU26 comparator, balanced_structural schedule, BEFU26 shape vintage); cross-checked against the committed policy runtime line_reconciliation for the same state"
phev_ruc_net_km,2034,3241.590048323908,3241.590048323908,3241.590048323908,True,False,"app.cached_aligned_scenario_detail_frames line frame, current_basecase, production key (ensemble, delayed_6m, BEFU26 comparator, balanced_structural schedule, BEFU26 shape vintage); cross-checked against the committed policy runtime line_reconciliation for the same state"
phev_ruc_net_km,2035,3557.038943726457,3557.038943726457,3557.038943726457,True,False,"app.cached_aligned_scenario_detail_frames line frame, current_basecase, production key (ensemble, delayed_6m, BEFU26 comparator, balanced_structural schedule, BEFU26 shape vintage); cross-checked against the committed policy runtime line_reconciliation for the same state"
phev_ruc_net_km,2036,3808.0126087993253,3808.0126087993253,3808.0126087993253,True,False,"app.cached_aligned_scenario_detail_frames line frame, current_basecase, production key (ensemble, delayed_6m, BEFU26 comparator, balanced_structural schedule, BEFU26 shape vintage); cross-checked against the committed policy runtime line_reconciliation for the same state"
phev_ruc_net_km,2037,3986.5925396709536,3986.5925396709536,3986.5925396709536,True,False,"app.cached_aligned_scenario_detail_frames line frame, current_basecase, production key (ensemble, delayed_6m, BEFU26 comparator, balanced_structural schedule, BEFU26 shape vintage); cross-checked against the committed policy runtime line_reconciliation for the same state"
phev_ruc_net_km,2038,4106.760316660171,4106.760316660171,4106.760316660171,True,False,"app.cached_aligned_scenario_detail_frames line frame, current_basecase, production key (ensemble, delayed_6m, BEFU26 comparator, balanced_structural schedule, BEFU26 shape vintage); cross-checked against the committed policy runtime line_reconciliation for the same state"
phev_ruc_net_km,2039,4194.449213694972,4194.449213694972,4194.449213694972,True,False,"app.cached_aligned_scenario_detail_frames line frame, current_basecase, production key (ensemble, delayed_6m, BEFU26 comparator, balanced_structural schedule, BEFU26 shape vintage); cross-checked against the committed policy runtime line_reconciliation for the same state"
phev_ruc_net_km,2040,4212.539103763076,4212.539103763076,4212.539103763076,True,False,"app.cached_aligned_scenario_detail_frames line frame, current_basecase, production key (ensemble, delayed_6m, BEFU26 comparator, balanced_structural schedule, BEFU26 shape vintage); cross-checked against the committed policy runtime line_reconciliation for the same state"
phev_ruc_net_km,2041,4141.28288784983,4141.28288784983,4141.28288784983,True,False,"app.cached_aligned_scenario_detail_frames line frame, current_basecase, production key (ensemble, delayed_6m, BEFU26 comparator, balanced_structural schedule, BEFU26 shape vintage); cross-checked against the committed policy runtime line_reconciliation for the same state"
phev_ruc_net_km,2042,4032.0506256804006,4032.0506256804006,4032.0506256804006,True,False,"app.cached_aligned_scenario_detail_frames line frame, current_basecase, production key (ensemble, delayed_6m, BEFU26 comparator, balanced_structural schedule, BEFU26 shape vintage); cross-checked against the committed policy runtime line_reconciliation for the same state"
phev_ruc_net_km,2043,3910.615496061722,3910.615496061722,3910.615496061722,True,False,"app.cached_aligned_scenario_detail_frames line frame, current_basecase, production key (ensemble, delayed_6m, BEFU26 comparator, balanced_structural schedule, BEFU26 shape vintage); cross-checked against the committed policy runtime line_reconciliation for the same state"
phev_ruc_net_km,2044,3781.652321799289,3781.652321799289,3781.652321799289,True,False,"app.cached_aligned_scenario_detail_frames line frame, current_basecase, production key (ensemble, delayed_6m, BEFU26 comparator, balanced_structural schedule, BEFU26 shape vintage); cross-checked against the committed policy runtime line_reconciliation for the same state"
phev_ruc_net_km,2045,3650.8805135255375,3650.8805135255375,3650.8805135255375,True,False,"app.cached_aligned_scenario_detail_frames line frame, current_basecase, production key (ensemble, delayed_6m, BEFU26 comparator, balanced_structural schedule, BEFU26 shape vintage); cross-checked against the committed policy runtime line_reconciliation for the same state"
phev_ruc_net_km,2046,3523.7347858533367,3523.7347858533367,3523.7347858533367,True,False,"app.cached_aligned_scenario_detail_frames line frame, current_basecase, production key (ensemble, delayed_6m, BEFU26 comparator, balanced_structural schedule, BEFU26 shape vintage); cross-checked against the committed policy runtime line_reconciliation for the same state"
phev_ruc_net_km,2047,3397.586213069626,3397.586213069626,3397.586213069626,True,False,"app.cached_aligned_scenario_detail_frames line frame, current_basecase, production key (ensemble, delayed_6m, BEFU26 comparator, balanced_structural schedule, BEFU26 shape vintage); cross-checked against the committed policy runtime line_reconciliation for the same state"
phev_ruc_net_km,2048,3283.3852853010553,3283.3852853010553,3283.3852853010553,True,False,"app.cached_aligned_scenario_detail_frames line frame, current_basecase, production key (ensemble, delayed_6m, BEFU26 comparator, balanced_structural schedule, BEFU26 shape vintage); cross-checked against the committed policy runtime line_reconciliation for the same state"
phev_ruc_net_km,2049,3166.1026521069557,3166.1026521069557,3166.1026521069557,True,False,"app.cached_aligned_scenario_detail_frames line frame, current_basecase, production key (ensemble, delayed_6m, BEFU26 comparator, balanced_structural schedule, BEFU26 shape vintage); cross-checked against the committed policy runtime line_reconciliation for the same state"
phev_ruc_net_km,2050,3042.299387722571,3042.299387722571,3042.299387722571,True,False,"app.cached_aligned_scenario_detail_frames line frame, current_basecase, production key (ensemble, delayed_6m, BEFU26 comparator, balanced_structural schedule, BEFU26 shape vintage); cross-checked against the committed policy runtime line_reconciliation for the same state"
phev_ruc_net_revenue,2026,22.33981533227866,22.33981533227866,22.33981533227866,True,False,"app.cached_aligned_scenario_detail_frames line frame, current_basecase, production key (ensemble, delayed_6m, BEFU26 comparator, balanced_structural schedule, BEFU26 shape vintage); cross-checked against the committed policy runtime line_reconciliation for the same state"
phev_ruc_net_revenue,2027,28.487023173248186,28.487023173248186,28.487023173248186,True,False,"app.cached_aligned_scenario_detail_frames line frame, current_basecase, production key (ensemble, delayed_6m, BEFU26 comparator, balanced_structural schedule, BEFU26 shape vintage); cross-checked against the committed policy runtime line_reconciliation for the same state"
phev_ruc_net_revenue,2028,45.75419502295762,45.75419502295762,45.75419502295762,True,False,"app.cached_aligned_scenario_detail_frames line frame, current_basecase, production key (ensemble, delayed_6m, BEFU26 comparator, balanced_structural schedule, BEFU26 shape vintage); cross-checked against the committed policy runtime line_reconciliation for the same state"
phev_ruc_net_revenue,2029,63.52214634749125,63.52214634749125,63.52214634749125,True,False,"app.cached_aligned_scenario_detail_frames line frame, current_basecase, production key (ensemble, delayed_6m, BEFU26 comparator, balanced_structural schedule, BEFU26 shape vintage); cross-checked against the committed policy runtime line_reconciliation for the same state"
phev_ruc_net_revenue,2030,83.356943288799,83.356943288799,83.356943288799,True,False,"app.cached_aligned_scenario_detail_frames line frame, current_basecase, production key (ensemble, delayed_6m, BEFU26 comparator, balanced_structural schedule, BEFU26 shape vintage); cross-checked against the committed policy runtime line_reconciliation for the same state"
phev_ruc_net_revenue,2031,102.14634531226594,102.14634531226594,102.14634531226594,True,False,"app.cached_aligned_scenario_detail_frames line frame, current_basecase, production key (ensemble, delayed_6m, BEFU26 comparator, balanced_structural schedule, BEFU26 shape vintage); cross-checked against the committed policy runtime line_reconciliation for the same state"
phev_ruc_net_revenue,2032,122.86112259134451,122.86112259134451,122.86112259134451,True,False,"app.cached_aligned_scenario_detail_frames line frame, current_basecase, production key (ensemble, delayed_6m, BEFU26 comparator, balanced_structural schedule, BEFU26 shape vintage); cross-checked against the committed policy runtime line_reconciliation for the same state"
phev_ruc_net_revenue,2033,145.10307662914647,145.10307662914647,145.10307662914647,True,False,"app.cached_aligned_scenario_detail_frames line frame, current_basecase, production key (ensemble, delayed_6m, BEFU26 comparator, balanced_structural schedule, BEFU26 shape vintage); cross-checked against the committed policy runtime line_reconciliation for the same state"
phev_ruc_net_revenue,2034,168.28714735873572,168.28714735873572,168.28714735873572,True,False,"app.cached_aligned_scenario_detail_frames line frame, current_basecase, production key (ensemble, delayed_6m, BEFU26 comparator, balanced_structural schedule, BEFU26 shape vintage); cross-checked against the committed policy runtime line_reconciliation for the same state"
phev_ruc_net_revenue,2035,191.36869517248255,191.36869517248255,191.36869517248255,True,False,"app.cached_aligned_scenario_detail_frames line frame, current_basecase, production key (ensemble, delayed_6m, BEFU26 comparator, balanced_structural schedule, BEFU26 shape vintage); cross-checked against the committed policy runtime line_reconciliation for the same state"
phev_ruc_net_revenue,2036,212.04918212098988,212.04918212098988,212.04918212098988,True,False,"app.cached_aligned_scenario_detail_frames line frame, current_basecase, production key (ensemble, delayed_6m, BEFU26 comparator, balanced_structural schedule, BEFU26 shape vintage); cross-checked against the committed policy runtime line_reconciliation for the same state"
phev_ruc_net_revenue,2037,229.5280654715555,229.5280654715555,229.5280654715555,True,False,"app.cached_aligned_scenario_detail_frames line frame, current_basecase, production key (ensemble, delayed_6m, BEFU26 comparator, balanced_structural schedule, BEFU26 shape vintage); cross-checked against the committed policy runtime line_reconciliation for the same state"
phev_ruc_net_revenue,2038,244.2085022301965,244.2085022301965,244.2085022301965,True,False,"app.cached_aligned_scenario_detail_frames line frame, current_basecase, production key (ensemble, delayed_6m, BEFU26 comparator, balanced_structural schedule, BEFU26 shape vintage); cross-checked against the committed policy runtime line_reconciliation for the same state"
phev_ruc_net_revenue,2039,257.32945926018675,257.32945926018675,257.32945926018675,True,False,"app.cached_aligned_scenario_detail_frames line frame, current_basecase, production key (ensemble, delayed_6m, BEFU26 comparator, balanced_structural schedule, BEFU26 shape vintage); cross-checked against the committed policy runtime line_reconciliation for the same state"
phev_ruc_net_revenue,2040,266.37991022645804,266.37991022645804,266.37991022645804,True,False,"app.cached_aligned_scenario_detail_frames line frame, current_basecase, production key (ensemble, delayed_6m, BEFU26 comparator, balanced_structural schedule, BEFU26 shape vintage); cross-checked against the committed policy runtime line_reconciliation for the same state"
phev_ruc_net_revenue,2041,269.70104807122,269.70104807122,269.70104807122,True,False,"app.cached_aligned_scenario_detail_frames line frame, current_basecase, production key (ensemble, delayed_6m, BEFU26 comparator, balanced_structural schedule, BEFU26 shape vintage); cross-checked against the committed policy runtime line_reconciliation for the same state"
phev_ruc_net_revenue,2042,270.20787267997184,270.20787267997184,270.20787267997184,True,False,"app.cached_aligned_scenario_detail_frames line frame, current_basecase, production key (ensemble, delayed_6m, BEFU26 comparator, balanced_structural schedule, BEFU26 shape vintage); cross-checked against the committed policy runtime line_reconciliation for the same state"
phev_ruc_net_revenue,2043,269.4414076786529,269.4414076786529,269.4414076786529,True,False,"app.cached_aligned_scenario_detail_frames line frame, current_basecase, production key (ensemble, delayed_6m, BEFU26 comparator, balanced_structural schedule, BEFU26 shape vintage); cross-checked against the committed policy runtime line_reconciliation for the same state"
phev_ruc_net_revenue,2044,267.68425959856245,267.68425959856245,267.68425959856245,True,False,"app.cached_aligned_scenario_detail_frames line frame, current_basecase, production key (ensemble, delayed_6m, BEFU26 comparator, balanced_structural schedule, BEFU26 shape vintage); cross-checked against the committed policy runtime line_reconciliation for the same state"
phev_ruc_net_revenue,2045,265.32774132046853,265.32774132046853,265.32774132046853,True,False,"app.cached_aligned_scenario_detail_frames line frame, current_basecase, production key (ensemble, delayed_6m, BEFU26 comparator, balanced_structural schedule, BEFU26 shape vintage); cross-checked against the committed policy runtime line_reconciliation for the same state"
phev_ruc_net_revenue,2046,262.7472843071541,262.7472843071541,262.7472843071541,True,False,"app.cached_aligned_scenario_detail_frames line frame, current_basecase, production key (ensemble, delayed_6m, BEFU26 comparator, balanced_structural schedule, BEFU26 shape vintage); cross-checked against the committed policy runtime line_reconciliation for the same state"
phev_ruc_net_revenue,2047,259.7454659891725,259.7454659891725,259.7454659891725,True,False,"app.cached_aligned_scenario_detail_frames line frame, current_basecase, production key (ensemble, delayed_6m, BEFU26 comparator, balanced_structural schedule, BEFU26 shape vintage); cross-checked against the committed policy runtime line_reconciliation for the same state"
phev_ruc_net_revenue,2048,257.2039863240583,257.2039863240583,257.2039863240583,True,False,"app.cached_aligned_scenario_detail_frames line frame, current_basecase, production key (ensemble, delayed_6m, BEFU26 comparator, balanced_structural schedule, BEFU26 shape vintage); cross-checked against the committed policy runtime line_reconciliation for the same state"
phev_ruc_net_revenue,2049,254.0005852652803,254.0005852652803,254.0005852652803,True,False,"app.cached_aligned_scenario_detail_frames line frame, current_basecase, production key (ensemble, delayed_6m, BEFU26 comparator, balanced_structural schedule, BEFU26 shape vintage); cross-checked against the committed policy runtime line_reconciliation for the same state"
phev_ruc_net_revenue,2050,249.80320272590004,249.80320272590004,249.80320272590004,True,False,"app.cached_aligned_scenario_detail_frames line frame, current_basecase, production key (ensemble, delayed_6m, BEFU26 comparator, balanced_structural schedule, BEFU26 shape vintage); cross-checked against the committed policy runtime line_reconciliation for the same state"
ruc_admin_revenue,2026,34.237617587825,34.237617587825,34.237617587825,True,False,"app.cached_aligned_scenario_detail_frames line frame, current_basecase, production key (ensemble, delayed_6m, BEFU26 comparator, balanced_structural schedule, BEFU26 shape vintage); cross-checked against the committed policy runtime line_reconciliation for the same state"
ruc_admin_revenue,2027,34.8931365028412,34.8931365028412,34.8931365028412,True,False,"app.cached_aligned_scenario_detail_frames line frame, current_basecase, production key (ensemble, delayed_6m, BEFU26 comparator, balanced_structural schedule, BEFU26 shape vintage); cross-checked against the committed policy runtime line_reconciliation for the same state"
ruc_admin_revenue,2028,37.4493334490253,37.4493334490253,37.4493334490253,True,False,"app.cached_aligned_scenario_detail_frames line frame, current_basecase, production key (ensemble, delayed_6m, BEFU26 comparator, balanced_structural schedule, BEFU26 shape vintage); cross-checked against the committed policy runtime line_reconciliation for the same state"
ruc_admin_revenue,2029,40.0168341509567,40.0168341509567,40.0168341509567,True,False,"app.cached_aligned_scenario_detail_frames line frame, current_basecase, production key (ensemble, delayed_6m, BEFU26 comparator, balanced_structural schedule, BEFU26 shape vintage); cross-checked against the committed policy runtime line_reconciliation for the same state"
ruc_admin_revenue,2030,42.5523569088689,42.5523569088689,42.5523569088689,True,False,"app.cached_aligned_scenario_detail_frames line frame, current_basecase, production key (ensemble, delayed_6m, BEFU26 comparator, balanced_structural schedule, BEFU26 shape vintage); cross-checked against the committed policy runtime line_reconciliation for the same state"
ruc_admin_revenue,2031,41.8033895532304,41.8033895532304,41.8033895532304,True,False,"app.cached_aligned_scenario_detail_frames line frame, current_basecase, production key (ensemble, delayed_6m, BEFU26 comparator, balanced_structural schedule, BEFU26 shape vintage); cross-checked against the committed policy runtime line_reconciliation for the same state"
ruc_admin_revenue,2032,43.1587880680353,43.1587880680353,43.1587880680353,True,False,"app.cached_aligned_scenario_detail_frames line frame, current_basecase, production key (ensemble, delayed_6m, BEFU26 comparator, balanced_structural schedule, BEFU26 shape vintage); cross-checked against the committed policy runtime line_reconciliation for the same state"
ruc_admin_revenue,2033,44.5945823267988,44.5945823267988,44.5945823267988,True,False,"app.cached_aligned_scenario_detail_frames line frame, current_basecase, production key (ensemble, delayed_6m, BEFU26 comparator, balanced_structural schedule, BEFU26 shape vintage); cross-checked against the committed policy runtime line_reconciliation for the same state"
ruc_admin_revenue,2034,46.2262315438966,46.2262315438966,46.2262315438966,True,False,"app.cached_aligned_scenario_detail_frames line frame, current_basecase, production key (ensemble, delayed_6m, BEFU26 comparator, balanced_structural schedule, BEFU26 shape vintage); cross-checked against the committed policy runtime line_reconciliation for the same state"
ruc_admin_revenue,2035,48.0866744622314,48.0866744622314,48.0866744622314,True,False,"app.cached_aligned_scenario_detail_frames line frame, current_basecase, production key (ensemble, delayed_6m, BEFU26 comparator, balanced_structural schedule, BEFU26 shape vintage); cross-checked against the committed policy runtime line_reconciliation for the same state"
ruc_admin_revenue,2036,50.1356112200263,50.1356112200263,50.1356112200263,True,False,"app.cached_aligned_scenario_detail_frames line frame, current_basecase, production key (ensemble, delayed_6m, BEFU26 comparator, balanced_structural schedule, BEFU26 shape vintage); cross-checked against the committed policy runtime line_reconciliation for the same state"
ruc_admin_revenue,2037,52.4092761671738,52.4092761671738,52.4092761671738,True,False,"app.cached_aligned_scenario_detail_frames line frame, current_basecase, production key (ensemble, delayed_6m, BEFU26 comparator, balanced_structural schedule, BEFU26 shape vintage); cross-checked against the committed policy runtime line_reconciliation for the same state"
ruc_admin_revenue,2038,54.8879400791233,54.8879400791233,54.8879400791233,True,False,"app.cached_aligned_scenario_detail_frames line frame, current_basecase, production key (ensemble, delayed_6m, BEFU26 comparator, balanced_structural schedule, BEFU26 shape vintage); cross-checked against the committed policy runtime line_reconciliation for the same state"
ruc_admin_revenue,2039,57.7371317505342,57.7371317505342,57.7371317505342,True,False,"app.cached_aligned_scenario_detail_frames line frame, current_basecase, production key (ensemble, delayed_6m, BEFU26 comparator, balanced_structural schedule, BEFU26 shape vintage); cross-checked against the committed policy runtime line_reconciliation for the same state"
ruc_admin_revenue,2040,60.8953711805719,60.8953711805719,60.8953711805719,True,False,"app.cached_aligned_scenario_detail_frames line frame, current_basecase, production key (ensemble, delayed_6m, BEFU26 comparator, balanced_structural schedule, BEFU26 shape vintage); cross-checked against the committed policy runtime line_reconciliation for the same state"
ruc_admin_revenue,2041,64.2074073354471,64.2074073354471,64.2074073354471,True,False,"app.cached_aligned_scenario_detail_frames line frame, current_basecase, production key (ensemble, delayed_6m, BEFU26 comparator, balanced_structural schedule, BEFU26 shape vintage); cross-checked against the committed policy runtime line_reconciliation for the same state"
ruc_admin_revenue,2042,67.6518294796303,67.6518294796303,67.6518294796303,True,False,"app.cached_aligned_scenario_detail_frames line frame, current_basecase, production key (ensemble, delayed_6m, BEFU26 comparator, balanced_structural schedule, BEFU26 shape vintage); cross-checked against the committed policy runtime line_reconciliation for the same state"
ruc_admin_revenue,2043,71.0541615661232,71.0541615661232,71.0541615661232,True,False,"app.cached_aligned_scenario_detail_frames line frame, current_basecase, production key (ensemble, delayed_6m, BEFU26 comparator, balanced_structural schedule, BEFU26 shape vintage); cross-checked against the committed policy runtime line_reconciliation for the same state"
ruc_admin_revenue,2044,74.1296662442097,74.1296662442097,74.1296662442097,True,False,"app.cached_aligned_scenario_detail_frames line frame, current_basecase, production key (ensemble, delayed_6m, BEFU26 comparator, balanced_structural schedule, BEFU26 shape vintage); cross-checked against the committed policy runtime line_reconciliation for the same state"
ruc_admin_revenue,2045,77.0121331116649,77.0121331116649,77.0121331116649,True,False,"app.cached_aligned_scenario_detail_frames line frame, current_basecase, production key (ensemble, delayed_6m, BEFU26 comparator, balanced_structural schedule, BEFU26 shape vintage); cross-checked against the committed policy runtime line_reconciliation for the same state"
ruc_admin_revenue,2046,80.0022843834548,80.0022843834548,80.0022843834548,True,False,"app.cached_aligned_scenario_detail_frames line frame, current_basecase, production key (ensemble, delayed_6m, BEFU26 comparator, balanced_structural schedule, BEFU26 shape vintage); cross-checked against the committed policy runtime line_reconciliation for the same state"
ruc_admin_revenue,2047,82.9554869738818,82.9554869738818,82.9554869738818,True,False,"app.cached_aligned_scenario_detail_frames line frame, current_basecase, production key (ensemble, delayed_6m, BEFU26 comparator, balanced_structural schedule, BEFU26 shape vintage); cross-checked against the committed policy runtime line_reconciliation for the same state"
ruc_admin_revenue,2048,86.0437492764271,86.0437492764271,86.0437492764271,True,False,"app.cached_aligned_scenario_detail_frames line frame, current_basecase, production key (ensemble, delayed_6m, BEFU26 comparator, balanced_structural schedule, BEFU26 shape vintage); cross-checked against the committed policy runtime line_reconciliation for the same state"
ruc_admin_revenue,2049,88.8214065482608,88.8214065482608,88.8214065482608,True,False,"app.cached_aligned_scenario_detail_frames line frame, current_basecase, production key (ensemble, delayed_6m, BEFU26 comparator, balanced_structural schedule, BEFU26 shape vintage); cross-checked against the committed policy runtime line_reconciliation for the same state"
ruc_admin_revenue,2050,91.1073995180068,91.1073995180068,91.1073995180068,True,False,"app.cached_aligned_scenario_detail_frames line frame, current_basecase, production key (ensemble, delayed_6m, BEFU26 comparator, balanced_structural schedule, BEFU26 shape vintage); cross-checked against the committed policy runtime line_reconciliation for the same state"
ruc_refunds,2026,67.4141906681215,67.4141906681215,67.4141906681215,True,False,"app.cached_aligned_scenario_detail_frames line frame, current_basecase, production key (ensemble, delayed_6m, BEFU26 comparator, balanced_structural schedule, BEFU26 shape vintage); cross-checked against the committed policy runtime line_reconciliation for the same state"
ruc_refunds,2027,78.1187556293993,78.1187556293993,78.1187556293993,True,False,"app.cached_aligned_scenario_detail_frames line frame, current_basecase, production key (ensemble, delayed_6m, BEFU26 comparator, balanced_structural schedule, BEFU26 shape vintage); cross-checked against the committed policy runtime line_reconciliation for the same state"
ruc_refunds,2028,91.9223646926299,91.9223646926299,91.9223646926299,True,False,"app.cached_aligned_scenario_detail_frames line frame, current_basecase, production key (ensemble, delayed_6m, BEFU26 comparator, balanced_structural schedule, BEFU26 shape vintage); cross-checked against the committed policy runtime line_reconciliation for the same state"
ruc_refunds,2029,101.989316940945,101.989316940945,101.989316940945,True,False,"app.cached_aligned_scenario_detail_frames line frame, current_basecase, production key (ensemble, delayed_6m, BEFU26 comparator, balanced_structural schedule, BEFU26 shape vintage); cross-checked against the committed policy runtime line_reconciliation for the same state"
ruc_refunds,2030,111.156651009308,111.156651009308,111.156651009308,True,False,"app.cached_aligned_scenario_detail_frames line frame, current_basecase, production key (ensemble, delayed_6m, BEFU26 comparator, balanced_structural schedule, BEFU26 shape vintage); cross-checked against the committed policy runtime line_reconciliation for the same state"
ruc_refunds,2031,118.132146140534,118.132146140534,118.132146140534,True,False,"app.cached_aligned_scenario_detail_frames line frame, current_basecase, production key (ensemble, delayed_6m, BEFU26 comparator, balanced_structural schedule, BEFU26 shape vintage); cross-checked against the committed policy runtime line_reconciliation for the same state"
ruc_refunds,2032,124.930114862515,124.930114862515,124.930114862515,True,False,"app.cached_aligned_scenario_detail_frames line frame, current_basecase, production key (ensemble, delayed_6m, BEFU26 comparator, balanced_structural schedule, BEFU26 shape vintage); cross-checked against the committed policy runtime line_reconciliation for the same state"
ruc_refunds,2033,132.028119664623,132.028119664623,132.028119664623,True,False,"app.cached_aligned_scenario_detail_frames line frame, current_basecase, production key (ensemble, delayed_6m, BEFU26 comparator, balanced_structural schedule, BEFU26 shape vintage); cross-checked against the committed policy runtime line_reconciliation for the same state"
ruc_refunds,2034,139.578421718246,139.578421718246,139.578421718246,True,False,"app.cached_aligned_scenario_detail_frames line frame, current_basecase, production key (ensemble, delayed_6m, BEFU26 comparator, balanced_structural schedule, BEFU26 shape vintage); cross-checked against the committed policy runtime line_reconciliation for the same state"
ruc_refunds,2035,147.714765866256,147.714765866256,147.714765866256,True,False,"app.cached_aligned_scenario_detail_frames line frame, current_basecase, production key (ensemble, delayed_6m, BEFU26 comparator, balanced_structural schedule, BEFU26 shape vintage); cross-checked against the committed policy runtime line_reconciliation for the same state"
ruc_refunds,2036,156.614633426614,156.614633426614,156.614633426614,True,False,"app.cached_aligned_scenario_detail_frames line frame, current_basecase, production key (ensemble, delayed_6m, BEFU26 comparator, balanced_structural schedule, BEFU26 shape vintage); cross-checked against the committed policy runtime line_reconciliation for the same state"
ruc_refunds,2037,166.389578574303,166.389578574303,166.389578574303,True,False,"app.cached_aligned_scenario_detail_frames line frame, current_basecase, production key (ensemble, delayed_6m, BEFU26 comparator, balanced_structural schedule, BEFU26 shape vintage); cross-checked against the committed policy runtime line_reconciliation for the same state"
ruc_refunds,2038,177.031851999084,177.031851999084,177.031851999084,True,False,"app.cached_aligned_scenario_detail_frames line frame, current_basecase, production key (ensemble, delayed_6m, BEFU26 comparator, balanced_structural schedule, BEFU26 shape vintage); cross-checked against the committed policy runtime line_reconciliation for the same state"
ruc_refunds,2039,188.89667070595,188.89667070595,188.89667070595,True,False,"app.cached_aligned_scenario_detail_frames line frame, current_basecase, production key (ensemble, delayed_6m, BEFU26 comparator, balanced_structural schedule, BEFU26 shape vintage); cross-checked against the committed policy runtime line_reconciliation for the same state"
ruc_refunds,2040,202.018704540249,202.018704540249,202.018704540249,True,False,"app.cached_aligned_scenario_detail_frames line frame, current_basecase, production key (ensemble, delayed_6m, BEFU26 comparator, balanced_structural schedule, BEFU26 shape vintage); cross-checked against the committed policy runtime line_reconciliation for the same state"
ruc_refunds,2041,216.153782430281,216.153782430281,216.153782430281,True,False,"app.cached_aligned_scenario_detail_frames line frame, current_basecase, production key (ensemble, delayed_6m, BEFU26 comparator, balanced_structural schedule, BEFU26 shape vintage); cross-checked against the committed policy runtime line_reconciliation for the same state"
ruc_refunds,2042,231.345181106687,231.345181106687,231.345181106687,True,False,"app.cached_aligned_scenario_detail_frames line frame, current_basecase, production key (ensemble, delayed_6m, BEFU26 comparator, balanced_structural schedule, BEFU26 shape vintage); cross-checked against the committed policy runtime line_reconciliation for the same state"
ruc_refunds,2043,246.972785528816,246.972785528816,246.972785528816,True,False,"app.cached_aligned_scenario_detail_frames line frame, current_basecase, production key (ensemble, delayed_6m, BEFU26 comparator, balanced_structural schedule, BEFU26 shape vintage); cross-checked against the committed policy runtime line_reconciliation for the same state"
ruc_refunds,2044,262.291354246574,262.291354246574,262.291354246574,True,False,"app.cached_aligned_scenario_detail_frames line frame, current_basecase, production key (ensemble, delayed_6m, BEFU26 comparator, balanced_structural schedule, BEFU26 shape vintage); cross-checked against the committed policy runtime line_reconciliation for the same state"
ruc_refunds,2045,277.613332328301,277.613332328301,277.613332328301,True,False,"app.cached_aligned_scenario_detail_frames line frame, current_basecase, production key (ensemble, delayed_6m, BEFU26 comparator, balanced_structural schedule, BEFU26 shape vintage); cross-checked against the committed policy runtime line_reconciliation for the same state"
ruc_refunds,2046,293.713955398411,293.713955398411,293.713955398411,True,False,"app.cached_aligned_scenario_detail_frames line frame, current_basecase, production key (ensemble, delayed_6m, BEFU26 comparator, balanced_structural schedule, BEFU26 shape vintage); cross-checked against the committed policy runtime line_reconciliation for the same state"
ruc_refunds,2047,310.202352205942,310.202352205942,310.202352205942,True,False,"app.cached_aligned_scenario_detail_frames line frame, current_basecase, production key (ensemble, delayed_6m, BEFU26 comparator, balanced_structural schedule, BEFU26 shape vintage); cross-checked against the committed policy runtime line_reconciliation for the same state"
ruc_refunds,2048,327.579008435544,327.579008435544,327.579008435544,True,False,"app.cached_aligned_scenario_detail_frames line frame, current_basecase, production key (ensemble, delayed_6m, BEFU26 comparator, balanced_structural schedule, BEFU26 shape vintage); cross-checked against the committed policy runtime line_reconciliation for the same state"
ruc_refunds,2049,344.517513791995,344.517513791995,344.517513791995,True,False,"app.cached_aligned_scenario_detail_frames line frame, current_basecase, production key (ensemble, delayed_6m, BEFU26 comparator, balanced_structural schedule, BEFU26 shape vintage); cross-checked against the committed policy runtime line_reconciliation for the same state"
ruc_refunds,2050,360.387981206507,360.387981206507,360.387981206507,True,False,"app.cached_aligned_scenario_detail_frames line frame, current_basecase, production key (ensemble, delayed_6m, BEFU26 comparator, balanced_structural schedule, BEFU26 shape vintage); cross-checked against the committed policy runtime line_reconciliation for the same state"
ruc_revenue_net_admin,2026,2139.4339963253387,2139.4339963253387,2139.4339963253387,True,False,"app.cached_aligned_scenario_detail_frames line frame, current_basecase, production key (ensemble, delayed_6m, BEFU26 comparator, balanced_structural schedule, BEFU26 shape vintage); cross-checked against the committed policy runtime line_reconciliation for the same state"
ruc_revenue_net_admin,2027,2183.343986233349,2183.343986233349,2183.343986233349,True,False,"app.cached_aligned_scenario_detail_frames line frame, current_basecase, production key (ensemble, delayed_6m, BEFU26 comparator, balanced_structural schedule, BEFU26 shape vintage); cross-checked against the committed policy runtime line_reconciliation for the same state"
ruc_revenue_net_admin,2028,2774.8106730598697,2774.8106730598697,2774.8106730598697,True,False,"app.cached_aligned_scenario_detail_frames line frame, current_basecase, production key (ensemble, delayed_6m, BEFU26 comparator, balanced_structural schedule, BEFU26 shape vintage); cross-checked against the committed policy runtime line_reconciliation for the same state"
ruc_revenue_net_admin,2029,3083.0444990918013,3083.0444990918013,3083.0444990918013,True,False,"app.cached_aligned_scenario_detail_frames line frame, current_basecase, production key (ensemble, delayed_6m, BEFU26 comparator, balanced_structural schedule, BEFU26 shape vintage); cross-checked against the committed policy runtime line_reconciliation for the same state"
ruc_revenue_net_admin,2030,3365.0940225744434,3365.0940225744434,3365.0940225744434,True,False,"app.cached_aligned_scenario_detail_frames line frame, current_basecase, production key (ensemble, delayed_6m, BEFU26 comparator, balanced_structural schedule, BEFU26 shape vintage); cross-checked against the committed policy runtime line_reconciliation for the same state"
ruc_revenue_net_admin,2031,3600.0312610818137,3600.0312610818137,3600.0312610818137,True,False,"app.cached_aligned_scenario_detail_frames line frame, current_basecase, production key (ensemble, delayed_6m, BEFU26 comparator, balanced_structural schedule, BEFU26 shape vintage); cross-checked against the committed policy runtime line_reconciliation for the same state"
ruc_revenue_net_admin,2032,3840.763142659362,3840.763142659362,3840.763142659362,True,False,"app.cached_aligned_scenario_detail_frames line frame, current_basecase, production key (ensemble, delayed_6m, BEFU26 comparator, balanced_structural schedule, BEFU26 shape vintage); cross-checked against the committed policy runtime line_reconciliation for the same state"
ruc_revenue_net_admin,2033,4092.7011226909485,4092.7011226909485,4092.7011226909485,True,False,"app.cached_aligned_scenario_detail_frames line frame, current_basecase, production key (ensemble, delayed_6m, BEFU26 comparator, balanced_structural schedule, BEFU26 shape vintage); cross-checked against the committed policy runtime line_reconciliation for the same state"
ruc_revenue_net_admin,2034,4363.348013656021,4363.348013656021,4363.348013656021,True,False,"app.cached_aligned_scenario_detail_frames line frame, current_basecase, production key (ensemble, delayed_6m, BEFU26 comparator, balanced_structural schedule, BEFU26 shape vintage); cross-checked against the committed policy runtime line_reconciliation for the same state"
ruc_revenue_net_admin,2035,4653.383632224457,4653.383632224457,4653.383632224457,True,False,"app.cached_aligned_scenario_detail_frames line frame, current_basecase, production key (ensemble, delayed_6m, BEFU26 comparator, balanced_structural schedule, BEFU26 shape vintage); cross-checked against the committed policy runtime line_reconciliation for the same state"
ruc_revenue_net_admin,2036,4963.179021949806,4963.179021949806,4963.179021949806,True,False,"app.cached_aligned_scenario_detail_frames line frame, current_basecase, production key (ensemble, delayed_6m, BEFU26 comparator, balanced_structural schedule, BEFU26 shape vintage); cross-checked against the committed policy runtime line_reconciliation for the same state"
ruc_revenue_net_admin,2037,5295.478404498043,5295.478404498043,5295.478404498043,True,False,"app.cached_aligned_scenario_detail_frames line frame, current_basecase, production key (ensemble, delayed_6m, BEFU26 comparator, balanced_structural schedule, BEFU26 shape vintage); cross-checked against the committed policy runtime line_reconciliation for the same state"
ruc_revenue_net_admin,2038,5650.858005970826,5650.858005970826,5650.858005970826,True,False,"app.cached_aligned_scenario_detail_frames line frame, current_basecase, production key (ensemble, delayed_6m, BEFU26 comparator, balanced_structural schedule, BEFU26 shape vintage); cross-checked against the committed policy runtime line_reconciliation for the same state"
ruc_revenue_net_admin,2039,6039.128911181023,6039.128911181023,6039.128911181023,True,False,"app.cached_aligned_scenario_detail_frames line frame, current_basecase, production key (ensemble, delayed_6m, BEFU26 comparator, balanced_structural schedule, BEFU26 shape vintage); cross-checked against the committed policy runtime line_reconciliation for the same state"
ruc_revenue_net_admin,2040,6461.474867239373,6461.474867239373,6461.474867239373,True,False,"app.cached_aligned_scenario_detail_frames line frame, current_basecase, production key (ensemble, delayed_6m, BEFU26 comparator, balanced_structural schedule, BEFU26 shape vintage); cross-checked against the committed policy runtime line_reconciliation for the same state"
ruc_revenue_net_admin,2041,6911.297929096962,6911.297929096962,6911.297929096962,True,False,"app.cached_aligned_scenario_detail_frames line frame, current_basecase, production key (ensemble, delayed_6m, BEFU26 comparator, balanced_structural schedule, BEFU26 shape vintage); cross-checked against the committed policy runtime line_reconciliation for the same state"
ruc_revenue_net_admin,2042,7393.480012454485,7393.480012454485,7393.480012454485,True,False,"app.cached_aligned_scenario_detail_frames line frame, current_basecase, production key (ensemble, delayed_6m, BEFU26 comparator, balanced_structural schedule, BEFU26 shape vintage); cross-checked against the committed policy runtime line_reconciliation for the same state"
ruc_revenue_net_admin,2043,7892.077178362596,7892.077178362596,7892.077178362596,True,False,"app.cached_aligned_scenario_detail_frames line frame, current_basecase, production key (ensemble, delayed_6m, BEFU26 comparator, balanced_structural schedule, BEFU26 shape vintage); cross-checked against the committed policy runtime line_reconciliation for the same state"
ruc_revenue_net_admin,2044,8388.977595178829,8388.977595178829,8388.977595178829,True,False,"app.cached_aligned_scenario_detail_frames line frame, current_basecase, production key (ensemble, delayed_6m, BEFU26 comparator, balanced_structural schedule, BEFU26 shape vintage); cross-checked against the committed policy runtime line_reconciliation for the same state"
ruc_revenue_net_admin,2045,8900.53017890919,8900.53017890919,8900.53017890919,True,False,"app.cached_aligned_scenario_detail_frames line frame, current_basecase, production key (ensemble, delayed_6m, BEFU26 comparator, balanced_structural schedule, BEFU26 shape vintage); cross-checked against the committed policy runtime line_reconciliation for the same state"
ruc_revenue_net_admin,2046,9448.270677311626,9448.270677311626,9448.270677311626,True,False,"app.cached_aligned_scenario_detail_frames line frame, current_basecase, production key (ensemble, delayed_6m, BEFU26 comparator, balanced_structural schedule, BEFU26 shape vintage); cross-checked against the committed policy runtime line_reconciliation for the same state"
ruc_revenue_net_admin,2047,10011.10213745823,10011.10213745823,10011.10213745823,True,False,"app.cached_aligned_scenario_detail_frames line frame, current_basecase, production key (ensemble, delayed_6m, BEFU26 comparator, balanced_structural schedule, BEFU26 shape vintage); cross-checked against the committed policy runtime line_reconciliation for the same state"
ruc_revenue_net_admin,2048,10605.267965295312,10605.267965295312,10605.267965295312,True,False,"app.cached_aligned_scenario_detail_frames line frame, current_basecase, production key (ensemble, delayed_6m, BEFU26 comparator, balanced_structural schedule, BEFU26 shape vintage); cross-checked against the committed policy runtime line_reconciliation for the same state"
ruc_revenue_net_admin,2049,11187.478807810354,11187.478807810354,11187.478807810354,True,False,"app.cached_aligned_scenario_detail_frames line frame, current_basecase, production key (ensemble, delayed_6m, BEFU26 comparator, balanced_structural schedule, BEFU26 shape vintage); cross-checked against the committed policy runtime line_reconciliation for the same state"
ruc_revenue_net_admin,2050,11736.62205648483,11736.62205648483,11736.62205648483,True,False,"app.cached_aligned_scenario_detail_frames line frame, current_basecase, production key (ensemble, delayed_6m, BEFU26 comparator, balanced_structural schedule, BEFU26 shape vintage); cross-checked against the committed policy runtime line_reconciliation for the same state"
total_admin_fees,2026,106.94818500709749,106.94818500709749,106.94818500709749,True,False,"app.cached_aligned_scenario_detail_frames line frame, current_basecase, production key (ensemble, delayed_6m, BEFU26 comparator, balanced_structural schedule, BEFU26 shape vintage); cross-checked against the committed policy runtime line_reconciliation for the same state"
total_admin_fees,2027,107.15161324403711,107.15161324403711,107.15161324403711,True,False,"app.cached_aligned_scenario_detail_frames line frame, current_basecase, production key (ensemble, delayed_6m, BEFU26 comparator, balanced_structural schedule, BEFU26 shape vintage); cross-checked against the committed policy runtime line_reconciliation for the same state"
total_admin_fees,2028,109.3355069608846,109.3355069608846,109.3355069608846,True,False,"app.cached_aligned_scenario_detail_frames line frame, current_basecase, production key (ensemble, delayed_6m, BEFU26 comparator, balanced_structural schedule, BEFU26 shape vintage); cross-checked against the committed policy runtime line_reconciliation for the same state"
total_admin_fees,2029,111.53740471398059,111.53740471398059,111.53740471398059,True,False,"app.cached_aligned_scenario_detail_frames line frame, current_basecase, production key (ensemble, delayed_6m, BEFU26 comparator, balanced_structural schedule, BEFU26 shape vintage); cross-checked against the committed policy runtime line_reconciliation for the same state"
total_admin_fees,2030,113.72130211559511,113.72130211559511,113.72130211559511,True,False,"app.cached_aligned_scenario_detail_frames line frame, current_basecase, production key (ensemble, delayed_6m, BEFU26 comparator, balanced_structural schedule, BEFU26 shape vintage); cross-checked against the committed policy runtime line_reconciliation for the same state"
total_admin_fees,2031,112.63851900438661,112.63851900438661,112.63851900438661,True,False,"app.cached_aligned_scenario_detail_frames line frame, current_basecase, production key (ensemble, delayed_6m, BEFU26 comparator, balanced_structural schedule, BEFU26 shape vintage); cross-checked against the committed policy runtime line_reconciliation for the same state"
total_admin_fees,2032,113.6795219489166,113.6795219489166,113.6795219489166,True,False,"app.cached_aligned_scenario_detail_frames line frame, current_basecase, production key (ensemble, delayed_6m, BEFU26 comparator, balanced_structural schedule, BEFU26 shape vintage); cross-checked against the committed policy runtime line_reconciliation for the same state"
total_admin_fees,2033,114.8206504049168,114.8206504049168,114.8206504049168,True,False,"app.cached_aligned_scenario_detail_frames line frame, current_basecase, production key (ensemble, delayed_6m, BEFU26 comparator, balanced_structural schedule, BEFU26 shape vintage); cross-checked against the committed policy runtime line_reconciliation for the same state"
total_admin_fees,2034,116.1769267155724,116.1769267155724,116.1769267155724,True,False,"app.cached_aligned_scenario_detail_frames line frame, current_basecase, production key (ensemble, delayed_6m, BEFU26 comparator, balanced_structural schedule, BEFU26 shape vintage); cross-checked against the committed policy runtime line_reconciliation for the same state"
total_admin_fees,2035,117.7804389842208,117.7804389842208,117.7804389842208,True,False,"app.cached_aligned_scenario_detail_frames line frame, current_basecase, production key (ensemble, delayed_6m, BEFU26 comparator, balanced_structural schedule, BEFU26 shape vintage); cross-checked against the committed policy runtime line_reconciliation for the same state"
total_admin_fees,2036,119.5898232554249,119.5898232554249,119.5898232554249,True,False,"app.cached_aligned_scenario_detail_frames line frame, current_basecase, production key (ensemble, delayed_6m, BEFU26 comparator, balanced_structural schedule, BEFU26 shape vintage); cross-checked against the committed policy runtime line_reconciliation for the same state"
total_admin_fees,2037,121.6401572129457,121.6401572129457,121.6401572129457,True,False,"app.cached_aligned_scenario_detail_frames line frame, current_basecase, production key (ensemble, delayed_6m, BEFU26 comparator, balanced_structural schedule, BEFU26 shape vintage); cross-checked against the committed policy runtime line_reconciliation for the same state"
total_admin_fees,2038,123.9105351840218,123.9105351840218,123.9105351840218,True,False,"app.cached_aligned_scenario_detail_frames line frame, current_basecase, production key (ensemble, delayed_6m, BEFU26 comparator, balanced_structural schedule, BEFU26 shape vintage); cross-checked against the committed policy runtime line_reconciliation for the same state"
total_admin_fees,2039,126.565333101647,126.565333101647,126.565333101647,True,False,"app.cached_aligned_scenario_detail_frames line frame, current_basecase, production key (ensemble, delayed_6m, BEFU26 comparator, balanced_structural schedule, BEFU26 shape vintage); cross-checked against the committed policy runtime line_reconciliation for the same state"
total_admin_fees,2040,129.5419668616133,129.5419668616133,129.5419668616133,True,False,"app.cached_aligned_scenario_detail_frames line frame, current_basecase, production key (ensemble, delayed_6m, BEFU26 comparator, balanced_structural schedule, BEFU26 shape vintage); cross-checked against the committed policy runtime line_reconciliation for the same state"
total_admin_fees,2041,132.68414389017602,132.68414389017602,132.68414389017602,True,False,"app.cached_aligned_scenario_detail_frames line frame, current_basecase, production key (ensemble, delayed_6m, BEFU26 comparator, balanced_structural schedule, BEFU26 shape vintage); cross-checked against the committed policy runtime line_reconciliation for the same state"
total_admin_fees,2042,135.96948112896598,135.96948112896598,135.96948112896598,True,False,"app.cached_aligned_scenario_detail_frames line frame, current_basecase, production key (ensemble, delayed_6m, BEFU26 comparator, balanced_structural schedule, BEFU26 shape vintage); cross-checked against the committed policy runtime line_reconciliation for the same state"
total_admin_fees,2043,139.2226015692376,139.2226015692376,139.2226015692376,True,False,"app.cached_aligned_scenario_detail_frames line frame, current_basecase, production key (ensemble, delayed_6m, BEFU26 comparator, balanced_structural schedule, BEFU26 shape vintage); cross-checked against the committed policy runtime line_reconciliation for the same state"
total_admin_fees,2044,142.15793757553791,142.15793757553791,142.15793757553791,True,False,"app.cached_aligned_scenario_detail_frames line frame, current_basecase, production key (ensemble, delayed_6m, BEFU26 comparator, balanced_structural schedule, BEFU26 shape vintage); cross-checked against the committed policy runtime line_reconciliation for the same state"
total_admin_fees,2045,144.9085167120616,144.9085167120616,144.9085167120616,True,False,"app.cached_aligned_scenario_detail_frames line frame, current_basecase, production key (ensemble, delayed_6m, BEFU26 comparator, balanced_structural schedule, BEFU26 shape vintage); cross-checked against the committed policy runtime line_reconciliation for the same state"
total_admin_fees,2046,147.77436395406733,147.77436395406733,147.77436395406733,True,False,"app.cached_aligned_scenario_detail_frames line frame, current_basecase, production key (ensemble, delayed_6m, BEFU26 comparator, balanced_structural schedule, BEFU26 shape vintage); cross-checked against the committed policy runtime line_reconciliation for the same state"
total_admin_fees,2047,150.6102097498246,150.6102097498246,150.6102097498246,True,False,"app.cached_aligned_scenario_detail_frames line frame, current_basecase, production key (ensemble, delayed_6m, BEFU26 comparator, balanced_structural schedule, BEFU26 shape vintage); cross-checked against the committed policy runtime line_reconciliation for the same state"
total_admin_fees,2048,153.5874825273612,153.5874825273612,153.5874825273612,True,False,"app.cached_aligned_scenario_detail_frames line frame, current_basecase, production key (ensemble, delayed_6m, BEFU26 comparator, balanced_structural schedule, BEFU26 shape vintage); cross-checked against the committed policy runtime line_reconciliation for the same state"
total_admin_fees,2049,156.2599897574404,156.2599897574404,156.2599897574404,True,False,"app.cached_aligned_scenario_detail_frames line frame, current_basecase, production key (ensemble, delayed_6m, BEFU26 comparator, balanced_structural schedule, BEFU26 shape vintage); cross-checked against the committed policy runtime line_reconciliation for the same state"
total_admin_fees,2050,158.4461923244504,158.4461923244504,158.4461923244504,True,False,"app.cached_aligned_scenario_detail_frames line frame, current_basecase, production key (ensemble, delayed_6m, BEFU26 comparator, balanced_structural schedule, BEFU26 shape vintage); cross-checked against the committed policy runtime line_reconciliation for the same state"
total_fed_ruc_net_revenue,2026,4169.520816500113,4169.520816500113,,,False,"app.cached_aligned_scenario_detail_frames line frame, current_basecase, production key (ensemble, delayed_6m, BEFU26 comparator, balanced_structural schedule, BEFU26 shape vintage); cross-checked against the committed policy runtime line_reconciliation for the same state"
total_fed_ruc_net_revenue,2027,4120.3840919499635,4120.3840919499635,,,False,"app.cached_aligned_scenario_detail_frames line frame, current_basecase, production key (ensemble, delayed_6m, BEFU26 comparator, balanced_structural schedule, BEFU26 shape vintage); cross-checked against the committed policy runtime line_reconciliation for the same state"
total_fed_ruc_net_revenue,2028,5099.460860973269,5099.460860973269,,,False,"app.cached_aligned_scenario_detail_frames line frame, current_basecase, production key (ensemble, delayed_6m, BEFU26 comparator, balanced_structural schedule, BEFU26 shape vintage); cross-checked against the committed policy runtime line_reconciliation for the same state"
total_fed_ruc_net_revenue,2029,5486.3508797984705,5486.3508797984705,,,False,"app.cached_aligned_scenario_detail_frames line frame, current_basecase, production key (ensemble, delayed_6m, BEFU26 comparator, balanced_structural schedule, BEFU26 shape vintage); cross-checked against the committed policy runtime line_reconciliation for the same state"
total_fed_ruc_net_revenue,2030,5702.417149878967,5702.417149878967,,,False,"app.cached_aligned_scenario_detail_frames line frame, current_basecase, production key (ensemble, delayed_6m, BEFU26 comparator, balanced_structural schedule, BEFU26 shape vintage); cross-checked against the committed policy runtime line_reconciliation for the same state"
total_fed_ruc_net_revenue,2031,6021.502346997106,6021.502346997106,,,False,"app.cached_aligned_scenario_detail_frames line frame, current_basecase, production key (ensemble, delayed_6m, BEFU26 comparator, balanced_structural schedule, BEFU26 shape vintage); cross-checked against the committed policy runtime line_reconciliation for the same state"
total_fed_ruc_net_revenue,2032,6334.238753058678,6334.238753058678,,,False,"app.cached_aligned_scenario_detail_frames line frame, current_basecase, production key (ensemble, delayed_6m, BEFU26 comparator, balanced_structural schedule, BEFU26 shape vintage); cross-checked against the committed policy runtime line_reconciliation for the same state"
total_fed_ruc_net_revenue,2033,6645.5838060717415,6645.5838060717415,,,False,"app.cached_aligned_scenario_detail_frames line frame, current_basecase, production key (ensemble, delayed_6m, BEFU26 comparator, balanced_structural schedule, BEFU26 shape vintage); cross-checked against the committed policy runtime line_reconciliation for the same state"
total_fed_ruc_net_revenue,2034,6960.520871191076,6960.520871191076,,,False,"app.cached_aligned_scenario_detail_frames line frame, current_basecase, production key (ensemble, delayed_6m, BEFU26 comparator, balanced_structural schedule, BEFU26 shape vintage); cross-checked against the committed policy runtime line_reconciliation for the same state"
total_fed_ruc_net_revenue,2035,7273.0940725360715,7273.0940725360715,,,False,"app.cached_aligned_scenario_detail_frames line frame, current_basecase, production key (ensemble, delayed_6m, BEFU26 comparator, balanced_structural schedule, BEFU26 shape vintage); cross-checked against the committed policy runtime line_reconciliation for the same state"
total_fed_ruc_net_revenue,2036,7576.219302872898,7576.219302872898,,,False,"app.cached_aligned_scenario_detail_frames line frame, current_basecase, production key (ensemble, delayed_6m, BEFU26 comparator, balanced_structural schedule, BEFU26 shape vintage); cross-checked against the committed policy runtime line_reconciliation for the same state"
total_fed_ruc_net_revenue,2037,7866.677057690284,7866.677057690284,,,False,"app.cached_aligned_scenario_detail_frames line frame, current_basecase, production key (ensemble, delayed_6m, BEFU26 comparator, balanced_structural schedule, BEFU26 shape vintage); cross-checked against the committed policy runtime line_reconciliation for the same state"
total_fed_ruc_net_revenue,2038,8134.403923355682,8134.403923355682,,,False,"app.cached_aligned_scenario_detail_frames line frame, current_basecase, production key (ensemble, delayed_6m, BEFU26 comparator, balanced_structural schedule, BEFU26 shape vintage); cross-checked against the committed policy runtime line_reconciliation for the same state"
total_fed_ruc_net_revenue,2039,8384.637127540456,8384.637127540456,,,False,"app.cached_aligned_scenario_detail_frames line frame, current_basecase, production key (ensemble, delayed_6m, BEFU26 comparator, balanced_structural schedule, BEFU26 shape vintage); cross-checked against the committed policy runtime line_reconciliation for the same state"
total_fed_ruc_net_revenue,2040,8631.125452399665,8631.125452399665,,,False,"app.cached_aligned_scenario_detail_frames line frame, current_basecase, production key (ensemble, delayed_6m, BEFU26 comparator, balanced_structural schedule, BEFU26 shape vintage); cross-checked against the committed policy runtime line_reconciliation for the same state"
total_fed_ruc_net_revenue,2041,8867.57372141872,8867.57372141872,,,False,"app.cached_aligned_scenario_detail_frames line frame, current_basecase, production key (ensemble, delayed_6m, BEFU26 comparator, balanced_structural schedule, BEFU26 shape vintage); cross-checked against the committed policy runtime line_reconciliation for the same state"
total_fed_ruc_net_revenue,2042,9098.273267083918,9098.273267083918,,,False,"app.cached_aligned_scenario_detail_frames line frame, current_basecase, production key (ensemble, delayed_6m, BEFU26 comparator, balanced_structural schedule, BEFU26 shape vintage); cross-checked against the committed policy runtime line_reconciliation for the same state"
total_fed_ruc_net_revenue,2043,9339.43631145491,9339.43631145491,,,False,"app.cached_aligned_scenario_detail_frames line frame, current_basecase, production key (ensemble, delayed_6m, BEFU26 comparator, balanced_structural schedule, BEFU26 shape vintage); cross-checked against the committed policy runtime line_reconciliation for the same state"
total_fed_ruc_net_revenue,2044,9597.189254332425,9597.189254332425,,,False,"app.cached_aligned_scenario_detail_frames line frame, current_basecase, production key (ensemble, delayed_6m, BEFU26 comparator, balanced_structural schedule, BEFU26 shape vintage); cross-checked against the committed policy runtime line_reconciliation for the same state"
total_fed_ruc_net_revenue,2045,9901.919611939647,9901.919611939647,,,False,"app.cached_aligned_scenario_detail_frames line frame, current_basecase, production key (ensemble, delayed_6m, BEFU26 comparator, balanced_structural schedule, BEFU26 shape vintage); cross-checked against the committed policy runtime line_reconciliation for the same state"
total_fed_ruc_net_revenue,2046,10265.808988069446,10265.808988069446,,,False,"app.cached_aligned_scenario_detail_frames line frame, current_basecase, production key (ensemble, delayed_6m, BEFU26 comparator, balanced_structural schedule, BEFU26 shape vintage); cross-checked against the committed policy runtime line_reconciliation for the same state"
total_fed_ruc_net_revenue,2047,10653.800214616587,10653.800214616587,,,False,"app.cached_aligned_scenario_detail_frames line frame, current_basecase, production key (ensemble, delayed_6m, BEFU26 comparator, balanced_structural schedule, BEFU26 shape vintage); cross-checked against the committed policy runtime line_reconciliation for the same state"
total_fed_ruc_net_revenue,2048,11084.003504152277,11084.003504152277,,,False,"app.cached_aligned_scenario_detail_frames line frame, current_basecase, production key (ensemble, delayed_6m, BEFU26 comparator, balanced_structural schedule, BEFU26 shape vintage); cross-checked against the committed policy runtime line_reconciliation for the same state"
total_fed_ruc_net_revenue,2049,11510.76687592321,11510.76687592321,,,False,"app.cached_aligned_scenario_detail_frames line frame, current_basecase, production key (ensemble, delayed_6m, BEFU26 comparator, balanced_structural schedule, BEFU26 shape vintage); cross-checked against the committed policy runtime line_reconciliation for the same state"
total_fed_ruc_net_revenue,2050,11913.894269032451,11913.894269032451,,,False,"app.cached_aligned_scenario_detail_frames line frame, current_basecase, production key (ensemble, delayed_6m, BEFU26 comparator, balanced_structural schedule, BEFU26 shape vintage); cross-checked against the committed policy runtime line_reconciliation for the same state"
total_gross_revenue,2026,4846.867768611343,4846.867768611343,4846.867768611343,True,False,"app.cached_aligned_scenario_detail_frames line frame, current_basecase, production key (ensemble, delayed_6m, BEFU26 comparator, balanced_structural schedule, BEFU26 shape vintage); cross-checked against the committed policy runtime line_reconciliation for the same state"
total_gross_revenue,2027,4940.074397113808,4940.074397113808,4940.074397113808,True,False,"app.cached_aligned_scenario_detail_frames line frame, current_basecase, production key (ensemble, delayed_6m, BEFU26 comparator, balanced_structural schedule, BEFU26 shape vintage); cross-checked against the committed policy runtime line_reconciliation for the same state"
total_gross_revenue,2028,5988.196268933843,5988.196268933843,5988.196268933843,True,False,"app.cached_aligned_scenario_detail_frames line frame, current_basecase, production key (ensemble, delayed_6m, BEFU26 comparator, balanced_structural schedule, BEFU26 shape vintage); cross-checked against the committed policy runtime line_reconciliation for the same state"
total_gross_revenue,2029,6447.773528574264,6447.773528574264,6447.773528574264,True,False,"app.cached_aligned_scenario_detail_frames line frame, current_basecase, production key (ensemble, delayed_6m, BEFU26 comparator, balanced_structural schedule, BEFU26 shape vintage); cross-checked against the committed policy runtime line_reconciliation for the same state"
total_gross_revenue,2030,6844.567371705383,6844.567371705383,6844.567371705383,True,False,"app.cached_aligned_scenario_detail_frames line frame, current_basecase, production key (ensemble, delayed_6m, BEFU26 comparator, balanced_structural schedule, BEFU26 shape vintage); cross-checked against the committed policy runtime line_reconciliation for the same state"
total_gross_revenue,2031,7186.483155058693,7186.483155058693,7186.483155058693,True,False,"app.cached_aligned_scenario_detail_frames line frame, current_basecase, production key (ensemble, delayed_6m, BEFU26 comparator, balanced_structural schedule, BEFU26 shape vintage); cross-checked against the committed policy runtime line_reconciliation for the same state"
total_gross_revenue,2032,7525.234275631361,7525.234275631361,7525.234275631361,True,False,"app.cached_aligned_scenario_detail_frames line frame, current_basecase, production key (ensemble, delayed_6m, BEFU26 comparator, balanced_structural schedule, BEFU26 shape vintage); cross-checked against the committed policy runtime line_reconciliation for the same state"
total_gross_revenue,2033,7861.560900292854,7861.560900292854,7861.560900292854,True,False,"app.cached_aligned_scenario_detail_frames line frame, current_basecase, production key (ensemble, delayed_6m, BEFU26 comparator, balanced_structural schedule, BEFU26 shape vintage); cross-checked against the committed policy runtime line_reconciliation for the same state"
total_gross_revenue,2034,8202.602908900857,8202.602908900857,8202.602908900857,True,False,"app.cached_aligned_scenario_detail_frames line frame, current_basecase, production key (ensemble, delayed_6m, BEFU26 comparator, balanced_structural schedule, BEFU26 shape vintage); cross-checked against the committed policy runtime line_reconciliation for the same state"
total_gross_revenue,2035,8541.459206813926,8541.459206813926,8541.459206813926,True,False,"app.cached_aligned_scenario_detail_frames line frame, current_basecase, production key (ensemble, delayed_6m, BEFU26 comparator, balanced_structural schedule, BEFU26 shape vintage); cross-checked against the committed policy runtime line_reconciliation for the same state"
total_gross_revenue,2036,8870.963756463936,8870.963756463936,8870.963756463936,True,False,"app.cached_aligned_scenario_detail_frames line frame, current_basecase, production key (ensemble, delayed_6m, BEFU26 comparator, balanced_structural schedule, BEFU26 shape vintage); cross-checked against the committed policy runtime line_reconciliation for the same state"
total_gross_revenue,2037,9186.555256525604,9186.555256525604,9186.555256525604,True,False,"app.cached_aligned_scenario_detail_frames line frame, current_basecase, production key (ensemble, delayed_6m, BEFU26 comparator, balanced_structural schedule, BEFU26 shape vintage); cross-checked against the committed policy runtime line_reconciliation for the same state"
total_gross_revenue,2038,9481.343966665312,9481.343966665312,9481.343966665312,True,False,"app.cached_aligned_scenario_detail_frames line frame, current_basecase, production key (ensemble, delayed_6m, BEFU26 comparator, balanced_structural schedule, BEFU26 shape vintage); cross-checked against the committed policy runtime line_reconciliation for the same state"
total_gross_revenue,2039,9762.423551218537,9762.423551218537,9762.423551218537,True,False,"app.cached_aligned_scenario_detail_frames line frame, current_basecase, production key (ensemble, delayed_6m, BEFU26 comparator, balanced_structural schedule, BEFU26 shape vintage); cross-checked against the committed policy runtime line_reconciliation for the same state"
total_gross_revenue,2040,10033.847380924672,10033.847380924672,10033.847380924672,True,False,"app.cached_aligned_scenario_detail_frames line frame, current_basecase, production key (ensemble, delayed_6m, BEFU26 comparator, balanced_structural schedule, BEFU26 shape vintage); cross-checked against the committed policy runtime line_reconciliation for the same state"
total_gross_revenue,2041,10296.655936556579,10296.655936556579,10296.655936556579,True,False,"app.cached_aligned_scenario_detail_frames line frame, current_basecase, production key (ensemble, delayed_6m, BEFU26 comparator, balanced_structural schedule, BEFU26 shape vintage); cross-checked against the committed policy runtime line_reconciliation for the same state"
total_gross_revenue,2042,10553.28881889071,10553.28881889071,10553.28881889071,True,False,"app.cached_aligned_scenario_detail_frames line frame, current_basecase, production key (ensemble, delayed_6m, BEFU26 comparator, balanced_structural schedule, BEFU26 shape vintage); cross-checked against the committed policy runtime line_reconciliation for the same state"
total_gross_revenue,2043,10818.39248728415,10818.39248728415,10818.39248728415,True,False,"app.cached_aligned_scenario_detail_frames line frame, current_basecase, production key (ensemble, delayed_6m, BEFU26 comparator, balanced_structural schedule, BEFU26 shape vintage); cross-checked against the committed policy runtime line_reconciliation for the same state"
total_gross_revenue,2044,11099.945835227833,11099.945835227833,11099.945835227833,True,False,"app.cached_aligned_scenario_detail_frames line frame, current_basecase, production key (ensemble, delayed_6m, BEFU26 comparator, balanced_structural schedule, BEFU26 shape vintage); cross-checked against the committed policy runtime line_reconciliation for the same state"
total_gross_revenue,2045,11431.745939371967,11431.745939371967,11431.745939371967,True,False,"app.cached_aligned_scenario_detail_frames line frame, current_basecase, production key (ensemble, delayed_6m, BEFU26 comparator, balanced_structural schedule, BEFU26 shape vintage); cross-checked against the committed policy runtime line_reconciliation for the same state"
total_gross_revenue,2046,11827.914693586714,11827.914693586714,11827.914693586714,True,False,"app.cached_aligned_scenario_detail_frames line frame, current_basecase, production key (ensemble, delayed_6m, BEFU26 comparator, balanced_structural schedule, BEFU26 shape vintage); cross-checked against the committed policy runtime line_reconciliation for the same state"
total_gross_revenue,2047,12249.175885251878,12249.175885251878,12249.175885251878,True,False,"app.cached_aligned_scenario_detail_frames line frame, current_basecase, production key (ensemble, delayed_6m, BEFU26 comparator, balanced_structural schedule, BEFU26 shape vintage); cross-checked against the committed policy runtime line_reconciliation for the same state"
total_gross_revenue,2048,12713.832257133212,12713.832257133212,12713.832257133212,True,False,"app.cached_aligned_scenario_detail_frames line frame, current_basecase, production key (ensemble, delayed_6m, BEFU26 comparator, balanced_structural schedule, BEFU26 shape vintage); cross-checked against the committed policy runtime line_reconciliation for the same state"
total_gross_revenue,2049,13175.553619903387,13175.553619903387,13175.553619903387,True,False,"app.cached_aligned_scenario_detail_frames line frame, current_basecase, production key (ensemble, delayed_6m, BEFU26 comparator, balanced_structural schedule, BEFU26 shape vintage); cross-checked against the committed policy runtime line_reconciliation for the same state"
total_gross_revenue,2050,13612.519803159863,13612.519803159863,13612.519803159863,True,False,"app.cached_aligned_scenario_detail_frames line frame, current_basecase, production key (ensemble, delayed_6m, BEFU26 comparator, balanced_structural schedule, BEFU26 shape vintage); cross-checked against the committed policy runtime line_reconciliation for the same state"
total_nltf_net_revenue,2026,4598.507215236401,4598.507215236401,4598.507215236401,True,False,"app.cached_aligned_scenario_detail_frames line frame, current_basecase, production key (ensemble, delayed_6m, BEFU26 comparator, balanced_structural schedule, BEFU26 shape vintage); cross-checked against the committed policy runtime line_reconciliation for the same state"
total_nltf_net_revenue,2027,4672.25635730157,4672.25635730157,4672.25635730157,True,False,"app.cached_aligned_scenario_detail_frames line frame, current_basecase, production key (ensemble, delayed_6m, BEFU26 comparator, balanced_structural schedule, BEFU26 shape vintage); cross-checked against the committed policy runtime line_reconciliation for the same state"
total_nltf_net_revenue,2028,5693.531870999015,5693.531870999015,5693.531870999015,True,False,"app.cached_aligned_scenario_detail_frames line frame, current_basecase, production key (ensemble, delayed_6m, BEFU26 comparator, balanced_structural schedule, BEFU26 shape vintage); cross-checked against the committed policy runtime line_reconciliation for the same state"
total_nltf_net_revenue,2029,6134.628940493732,6134.628940493732,6134.628940493732,True,False,"app.cached_aligned_scenario_detail_frames line frame, current_basecase, production key (ensemble, delayed_6m, BEFU26 comparator, balanced_structural schedule, BEFU26 shape vintage); cross-checked against the committed policy runtime line_reconciliation for the same state"
total_nltf_net_revenue,2030,6515.261716847033,6515.261716847033,6515.261716847033,True,False,"app.cached_aligned_scenario_detail_frames line frame, current_basecase, production key (ensemble, delayed_6m, BEFU26 comparator, balanced_structural schedule, BEFU26 shape vintage); cross-checked against the committed policy runtime line_reconciliation for the same state"
total_nltf_net_revenue,2031,6848.325753575578,6848.325753575578,6848.325753575578,True,False,"app.cached_aligned_scenario_detail_frames line frame, current_basecase, production key (ensemble, delayed_6m, BEFU26 comparator, balanced_structural schedule, BEFU26 shape vintage); cross-checked against the committed policy runtime line_reconciliation for the same state"
total_nltf_net_revenue,2032,7176.776844728035,7176.776844728035,7176.776844728035,True,False,"app.cached_aligned_scenario_detail_frames line frame, current_basecase, production key (ensemble, delayed_6m, BEFU26 comparator, balanced_structural schedule, BEFU26 shape vintage); cross-checked against the committed policy runtime line_reconciliation for the same state"
total_nltf_net_revenue,2033,7503.116070653381,7503.116070653381,7503.116070653381,True,False,"app.cached_aligned_scenario_detail_frames line frame, current_basecase, production key (ensemble, delayed_6m, BEFU26 comparator, balanced_structural schedule, BEFU26 shape vintage); cross-checked against the committed policy runtime line_reconciliation for the same state"
total_nltf_net_revenue,2034,7833.984180524449,7833.984180524449,7833.984180524449,True,False,"app.cached_aligned_scenario_detail_frames line frame, current_basecase, production key (ensemble, delayed_6m, BEFU26 comparator, balanced_structural schedule, BEFU26 shape vintage); cross-checked against the committed policy runtime line_reconciliation for the same state"
total_nltf_net_revenue,2035,8162.517361498376,8162.517361498376,8162.517361498376,True,False,"app.cached_aligned_scenario_detail_frames line frame, current_basecase, production key (ensemble, delayed_6m, BEFU26 comparator, balanced_structural schedule, BEFU26 shape vintage); cross-checked against the committed policy runtime line_reconciliation for the same state"
total_nltf_net_revenue,2036,8481.569252591022,8481.569252591022,8481.569252591022,True,False,"app.cached_aligned_scenario_detail_frames line frame, current_basecase, production key (ensemble, delayed_6m, BEFU26 comparator, balanced_structural schedule, BEFU26 shape vintage); cross-checked against the committed policy runtime line_reconciliation for the same state"
total_nltf_net_revenue,2037,8786.454667249942,8786.454667249942,8786.454667249942,True,False,"app.cached_aligned_scenario_detail_frames line frame, current_basecase, production key (ensemble, delayed_6m, BEFU26 comparator, balanced_structural schedule, BEFU26 shape vintage); cross-checked against the committed policy runtime line_reconciliation for the same state"
total_nltf_net_revenue,2038,9070.445202642577,9070.445202642577,9070.445202642577,True,False,"app.cached_aligned_scenario_detail_frames line frame, current_basecase, production key (ensemble, delayed_6m, BEFU26 comparator, balanced_structural schedule, BEFU26 shape vintage); cross-checked against the committed policy runtime line_reconciliation for the same state"
total_nltf_net_revenue,2039,9340.062081632264,9340.062081632264,9340.062081632264,True,False,"app.cached_aligned_scenario_detail_frames line frame, current_basecase, production key (ensemble, delayed_6m, BEFU26 comparator, balanced_structural schedule, BEFU26 shape vintage); cross-checked against the committed policy runtime line_reconciliation for the same state"
total_nltf_net_revenue,2040,9599.267382670649,9599.267382670649,9599.267382670649,True,False,"app.cached_aligned_scenario_detail_frames line frame, current_basecase, production key (ensemble, delayed_6m, BEFU26 comparator, balanced_structural schedule, BEFU26 shape vintage); cross-checked against the committed policy runtime line_reconciliation for the same state"
total_nltf_net_revenue,2041,9849.393532140723,9849.393532140723,9849.393532140723,True,False,"app.cached_aligned_scenario_detail_frames line frame, current_basecase, production key (ensemble, delayed_6m, BEFU26 comparator, balanced_structural schedule, BEFU26 shape vintage); cross-checked against the committed policy runtime line_reconciliation for the same state"
total_nltf_net_revenue,2042,10093.321782226465,10093.321782226465,10093.321782226465,True,False,"app.cached_aligned_scenario_detail_frames line frame, current_basecase, production key (ensemble, delayed_6m, BEFU26 comparator, balanced_structural schedule, BEFU26 shape vintage); cross-checked against the committed policy runtime line_reconciliation for the same state"
total_nltf_net_revenue,2043,10345.734891843102,10345.734891843102,10345.734891843102,True,False,"app.cached_aligned_scenario_detail_frames line frame, current_basecase, production key (ensemble, delayed_6m, BEFU26 comparator, balanced_structural schedule, BEFU26 shape vintage); cross-checked against the committed policy runtime line_reconciliation for the same state"
total_nltf_net_revenue,2044,10615.165798434697,10615.165798434697,10615.165798434697,True,False,"app.cached_aligned_scenario_detail_frames line frame, current_basecase, production key (ensemble, delayed_6m, BEFU26 comparator, balanced_structural schedule, BEFU26 shape vintage); cross-checked against the committed policy runtime line_reconciliation for the same state"
total_nltf_net_revenue,2045,10934.79521304698,10934.79521304698,10934.79521304698,True,False,"app.cached_aligned_scenario_detail_frames line frame, current_basecase, production key (ensemble, delayed_6m, BEFU26 comparator, balanced_structural schedule, BEFU26 shape vintage); cross-checked against the committed policy runtime line_reconciliation for the same state"
total_nltf_net_revenue,2046,11317.559986048987,11317.559986048987,11317.559986048987,True,False,"app.cached_aligned_scenario_detail_frames line frame, current_basecase, production key (ensemble, delayed_6m, BEFU26 comparator, balanced_structural schedule, BEFU26 shape vintage); cross-checked against the committed policy runtime line_reconciliation for the same state"
total_nltf_net_revenue,2047,11724.713145388216,11724.713145388216,11724.713145388216,True,False,"app.cached_aligned_scenario_detail_frames line frame, current_basecase, production key (ensemble, delayed_6m, BEFU26 comparator, balanced_structural schedule, BEFU26 shape vintage); cross-checked against the committed policy runtime line_reconciliation for the same state"
total_nltf_net_revenue,2048,12173.810578156315,12173.810578156315,12173.810578156315,True,False,"app.cached_aligned_scenario_detail_frames line frame, current_basecase, production key (ensemble, delayed_6m, BEFU26 comparator, balanced_structural schedule, BEFU26 shape vintage); cross-checked against the committed policy runtime line_reconciliation for the same state"
total_nltf_net_revenue,2049,12620.38860330031,12620.38860330031,12620.38860330031,True,False,"app.cached_aligned_scenario_detail_frames line frame, current_basecase, production key (ensemble, delayed_6m, BEFU26 comparator, balanced_structural schedule, BEFU26 shape vintage); cross-checked against the committed policy runtime line_reconciliation for the same state"
total_nltf_net_revenue,2050,13043.455185364817,13043.455185364817,13043.455185364817,True,False,"app.cached_aligned_scenario_detail_frames line frame, current_basecase, production key (ensemble, delayed_6m, BEFU26 comparator, balanced_structural schedule, BEFU26 shape vintage); cross-checked against the committed policy runtime line_reconciliation for the same state"
total_refunds,2026,141.41236836784387,141.41236836784387,141.41236836784387,True,False,"app.cached_aligned_scenario_detail_frames line frame, current_basecase, production key (ensemble, delayed_6m, BEFU26 comparator, balanced_structural schedule, BEFU26 shape vintage); cross-checked against the committed policy runtime line_reconciliation for the same state"
total_refunds,2027,160.6664265682024,160.6664265682024,160.6664265682024,True,False,"app.cached_aligned_scenario_detail_frames line frame, current_basecase, production key (ensemble, delayed_6m, BEFU26 comparator, balanced_structural schedule, BEFU26 shape vintage); cross-checked against the committed policy runtime line_reconciliation for the same state"
total_refunds,2028,185.32889097394528,185.32889097394528,185.32889097394528,True,False,"app.cached_aligned_scenario_detail_frames line frame, current_basecase, production key (ensemble, delayed_6m, BEFU26 comparator, balanced_structural schedule, BEFU26 shape vintage); cross-checked against the committed policy runtime line_reconciliation for the same state"
total_refunds,2029,201.60718336655287,201.60718336655287,201.60718336655287,True,False,"app.cached_aligned_scenario_detail_frames line frame, current_basecase, production key (ensemble, delayed_6m, BEFU26 comparator, balanced_structural schedule, BEFU26 shape vintage); cross-checked against the committed policy runtime line_reconciliation for the same state"
total_refunds,2030,215.58435274275493,215.58435274275493,215.58435274275493,True,False,"app.cached_aligned_scenario_detail_frames line frame, current_basecase, production key (ensemble, delayed_6m, BEFU26 comparator, balanced_structural schedule, BEFU26 shape vintage); cross-checked against the committed policy runtime line_reconciliation for the same state"
total_refunds,2031,225.51888247872895,225.51888247872895,225.51888247872895,True,False,"app.cached_aligned_scenario_detail_frames line frame, current_basecase, production key (ensemble, delayed_6m, BEFU26 comparator, balanced_structural schedule, BEFU26 shape vintage); cross-checked against the committed policy runtime line_reconciliation for the same state"
total_refunds,2032,234.77790895440899,234.77790895440899,234.77790895440899,True,False,"app.cached_aligned_scenario_detail_frames line frame, current_basecase, production key (ensemble, delayed_6m, BEFU26 comparator, balanced_structural schedule, BEFU26 shape vintage); cross-checked against the committed policy runtime line_reconciliation for the same state"
total_refunds,2033,243.6241792345567,243.6241792345567,243.6241792345567,True,False,"app.cached_aligned_scenario_detail_frames line frame, current_basecase, production key (ensemble, delayed_6m, BEFU26 comparator, balanced_structural schedule, BEFU26 shape vintage); cross-checked against the committed policy runtime line_reconciliation for the same state"
total_refunds,2034,252.44180166083805,252.44180166083805,252.44180166083805,True,False,"app.cached_aligned_scenario_detail_frames line frame, current_basecase, production key (ensemble, delayed_6m, BEFU26 comparator, balanced_structural schedule, BEFU26 shape vintage); cross-checked against the committed policy runtime line_reconciliation for the same state"
total_refunds,2035,261.1614063313313,261.1614063313313,261.1614063313313,True,False,"app.cached_aligned_scenario_detail_frames line frame, current_basecase, production key (ensemble, delayed_6m, BEFU26 comparator, balanced_structural schedule, BEFU26 shape vintage); cross-checked against the committed policy runtime line_reconciliation for the same state"
total_refunds,2036,269.8046806174898,269.8046806174898,269.8046806174898,True,False,"app.cached_aligned_scenario_detail_frames line frame, current_basecase, production key (ensemble, delayed_6m, BEFU26 comparator, balanced_structural schedule, BEFU26 shape vintage); cross-checked against the committed policy runtime line_reconciliation for the same state"
total_refunds,2037,278.46043206271895,278.46043206271895,278.46043206271895,True,False,"app.cached_aligned_scenario_detail_frames line frame, current_basecase, production key (ensemble, delayed_6m, BEFU26 comparator, balanced_structural schedule, BEFU26 shape vintage); cross-checked against the committed policy runtime line_reconciliation for the same state"
total_refunds,2038,286.98822883871355,286.98822883871355,286.98822883871355,True,False,"app.cached_aligned_scenario_detail_frames line frame, current_basecase, production key (ensemble, delayed_6m, BEFU26 comparator, balanced_structural schedule, BEFU26 shape vintage); cross-checked against the committed policy runtime line_reconciliation for the same state"
total_refunds,2039,295.79613648462544,295.79613648462544,295.79613648462544,True,False,"app.cached_aligned_scenario_detail_frames line frame, current_basecase, production key (ensemble, delayed_6m, BEFU26 comparator, balanced_structural schedule, BEFU26 shape vintage); cross-checked against the committed policy runtime line_reconciliation for the same state"
total_refunds,2040,305.03803139241074,305.03803139241074,305.03803139241074,True,False,"app.cached_aligned_scenario_detail_frames line frame, current_basecase, production key (ensemble, delayed_6m, BEFU26 comparator, balanced_structural schedule, BEFU26 shape vintage); cross-checked against the committed policy runtime line_reconciliation for the same state"
total_refunds,2041,314.5782605256802,314.5782605256802,314.5782605256802,True,False,"app.cached_aligned_scenario_detail_frames line frame, current_basecase, production key (ensemble, delayed_6m, BEFU26 comparator, balanced_structural schedule, BEFU26 shape vintage); cross-checked against the committed policy runtime line_reconciliation for the same state"
total_refunds,2042,323.9975555352787,323.9975555352787,323.9975555352787,True,False,"app.cached_aligned_scenario_detail_frames line frame, current_basecase, production key (ensemble, delayed_6m, BEFU26 comparator, balanced_structural schedule, BEFU26 shape vintage); cross-checked against the committed policy runtime line_reconciliation for the same state"
total_refunds,2043,333.4349938718122,333.4349938718122,333.4349938718122,True,False,"app.cached_aligned_scenario_detail_frames line frame, current_basecase, production key (ensemble, delayed_6m, BEFU26 comparator, balanced_structural schedule, BEFU26 shape vintage); cross-checked against the committed policy runtime line_reconciliation for the same state"
total_refunds,2044,342.62209921759677,342.62209921759677,342.62209921759677,True,False,"app.cached_aligned_scenario_detail_frames line frame, current_basecase, production key (ensemble, delayed_6m, BEFU26 comparator, balanced_structural schedule, BEFU26 shape vintage); cross-checked against the committed policy runtime line_reconciliation for the same state"
total_refunds,2045,352.0422096129251,352.0422096129251,352.0422096129251,True,False,"app.cached_aligned_scenario_detail_frames line frame, current_basecase, production key (ensemble, delayed_6m, BEFU26 comparator, balanced_structural schedule, BEFU26 shape vintage); cross-checked against the committed policy runtime line_reconciliation for the same state"
total_refunds,2046,362.58034358365825,362.58034358365825,362.58034358365825,True,False,"app.cached_aligned_scenario_detail_frames line frame, current_basecase, production key (ensemble, delayed_6m, BEFU26 comparator, balanced_structural schedule, BEFU26 shape vintage); cross-checked against the committed policy runtime line_reconciliation for the same state"
total_refunds,2047,373.85253011384054,373.85253011384054,373.85253011384054,True,False,"app.cached_aligned_scenario_detail_frames line frame, current_basecase, production key (ensemble, delayed_6m, BEFU26 comparator, balanced_structural schedule, BEFU26 shape vintage); cross-checked against the committed policy runtime line_reconciliation for the same state"
total_refunds,2048,386.43419644953616,386.43419644953616,386.43419644953616,True,False,"app.cached_aligned_scenario_detail_frames line frame, current_basecase, production key (ensemble, delayed_6m, BEFU26 comparator, balanced_structural schedule, BEFU26 shape vintage); cross-checked against the committed policy runtime line_reconciliation for the same state"
total_refunds,2049,398.90502684563774,398.90502684563774,398.90502684563774,True,False,"app.cached_aligned_scenario_detail_frames line frame, current_basecase, production key (ensemble, delayed_6m, BEFU26 comparator, balanced_structural schedule, BEFU26 shape vintage); cross-checked against the committed policy runtime line_reconciliation for the same state"
total_refunds,2050,410.61842547059655,410.61842547059655,410.61842547059655,True,False,"app.cached_aligned_scenario_detail_frames line frame, current_basecase, production key (ensemble, delayed_6m, BEFU26 comparator, balanced_structural schedule, BEFU26 shape vintage); cross-checked against the committed policy runtime line_reconciliation for the same state"
total_revenue_net_admin,2026,4739.919583604245,4739.919583604245,4739.919583604245,True,False,"app.cached_aligned_scenario_detail_frames line frame, current_basecase, production key (ensemble, delayed_6m, BEFU26 comparator, balanced_structural schedule, BEFU26 shape vintage); cross-checked against the committed policy runtime line_reconciliation for the same state"
total_revenue_net_admin,2027,4832.922783869771,4832.922783869771,4832.922783869771,True,False,"app.cached_aligned_scenario_detail_frames line frame, current_basecase, production key (ensemble, delayed_6m, BEFU26 comparator, balanced_structural schedule, BEFU26 shape vintage); cross-checked against the committed policy runtime line_reconciliation for the same state"
total_revenue_net_admin,2028,5878.860761972959,5878.860761972959,5878.860761972959,True,False,"app.cached_aligned_scenario_detail_frames line frame, current_basecase, production key (ensemble, delayed_6m, BEFU26 comparator, balanced_structural schedule, BEFU26 shape vintage); cross-checked against the committed policy runtime line_reconciliation for the same state"
total_revenue_net_admin,2029,6336.236123860283,6336.236123860283,6336.236123860283,True,False,"app.cached_aligned_scenario_detail_frames line frame, current_basecase, production key (ensemble, delayed_6m, BEFU26 comparator, balanced_structural schedule, BEFU26 shape vintage); cross-checked against the committed policy runtime line_reconciliation for the same state"
total_revenue_net_admin,2030,6730.846069589788,6730.846069589788,6730.846069589788,True,False,"app.cached_aligned_scenario_detail_frames line frame, current_basecase, production key (ensemble, delayed_6m, BEFU26 comparator, balanced_structural schedule, BEFU26 shape vintage); cross-checked against the committed policy runtime line_reconciliation for the same state"
total_revenue_net_admin,2031,7073.844636054307,7073.844636054307,7073.844636054307,True,False,"app.cached_aligned_scenario_detail_frames line frame, current_basecase, production key (ensemble, delayed_6m, BEFU26 comparator, balanced_structural schedule, BEFU26 shape vintage); cross-checked against the committed policy runtime line_reconciliation for the same state"
total_revenue_net_admin,2032,7411.554753682444,7411.554753682444,7411.554753682444,True,False,"app.cached_aligned_scenario_detail_frames line frame, current_basecase, production key (ensemble, delayed_6m, BEFU26 comparator, balanced_structural schedule, BEFU26 shape vintage); cross-checked against the committed policy runtime line_reconciliation for the same state"
total_revenue_net_admin,2033,7746.740249887937,7746.740249887937,7746.740249887937,True,False,"app.cached_aligned_scenario_detail_frames line frame, current_basecase, production key (ensemble, delayed_6m, BEFU26 comparator, balanced_structural schedule, BEFU26 shape vintage); cross-checked against the committed policy runtime line_reconciliation for the same state"
total_revenue_net_admin,2034,8086.425982185285,8086.425982185285,8086.425982185285,True,False,"app.cached_aligned_scenario_detail_frames line frame, current_basecase, production key (ensemble, delayed_6m, BEFU26 comparator, balanced_structural schedule, BEFU26 shape vintage); cross-checked against the committed policy runtime line_reconciliation for the same state"
total_revenue_net_admin,2035,8423.678767829706,8423.678767829706,8423.678767829706,True,False,"app.cached_aligned_scenario_detail_frames line frame, current_basecase, production key (ensemble, delayed_6m, BEFU26 comparator, balanced_structural schedule, BEFU26 shape vintage); cross-checked against the committed policy runtime line_reconciliation for the same state"
total_revenue_net_admin,2036,8751.373933208512,8751.373933208512,8751.373933208512,True,False,"app.cached_aligned_scenario_detail_frames line frame, current_basecase, production key (ensemble, delayed_6m, BEFU26 comparator, balanced_structural schedule, BEFU26 shape vintage); cross-checked against the committed policy runtime line_reconciliation for the same state"
total_revenue_net_admin,2037,9064.915099312659,9064.915099312659,9064.915099312659,True,False,"app.cached_aligned_scenario_detail_frames line frame, current_basecase, production key (ensemble, delayed_6m, BEFU26 comparator, balanced_structural schedule, BEFU26 shape vintage); cross-checked against the committed policy runtime line_reconciliation for the same state"
total_revenue_net_admin,2038,9357.43343148129,9357.43343148129,9357.43343148129,True,False,"app.cached_aligned_scenario_detail_frames line frame, current_basecase, production key (ensemble, delayed_6m, BEFU26 comparator, balanced_structural schedule, BEFU26 shape vintage); cross-checked against the committed policy runtime line_reconciliation for the same state"
total_revenue_net_admin,2039,9635.85821811689,9635.85821811689,9635.85821811689,True,False,"app.cached_aligned_scenario_detail_frames line frame, current_basecase, production key (ensemble, delayed_6m, BEFU26 comparator, balanced_structural schedule, BEFU26 shape vintage); cross-checked against the committed policy runtime line_reconciliation for the same state"
total_revenue_net_admin,2040,9904.305414063057,9904.305414063057,9904.305414063057,True,False,"app.cached_aligned_scenario_detail_frames line frame, current_basecase, production key (ensemble, delayed_6m, BEFU26 comparator, balanced_structural schedule, BEFU26 shape vintage); cross-checked against the committed policy runtime line_reconciliation for the same state"
total_revenue_net_admin,2041,10163.971792666403,10163.971792666403,10163.971792666403,True,False,"app.cached_aligned_scenario_detail_frames line frame, current_basecase, production key (ensemble, delayed_6m, BEFU26 comparator, balanced_structural schedule, BEFU26 shape vintage); cross-checked against the committed policy runtime line_reconciliation for the same state"
total_revenue_net_admin,2042,10417.319337761744,10417.319337761744,10417.319337761744,True,False,"app.cached_aligned_scenario_detail_frames line frame, current_basecase, production key (ensemble, delayed_6m, BEFU26 comparator, balanced_structural schedule, BEFU26 shape vintage); cross-checked against the committed policy runtime line_reconciliation for the same state"
total_revenue_net_admin,2043,10679.169885714913,10679.169885714913,10679.169885714913,True,False,"app.cached_aligned_scenario_detail_frames line frame, current_basecase, production key (ensemble, delayed_6m, BEFU26 comparator, balanced_structural schedule, BEFU26 shape vintage); cross-checked against the committed policy runtime line_reconciliation for the same state"
total_revenue_net_admin,2044,10957.787897652295,10957.787897652295,10957.787897652295,True,False,"app.cached_aligned_scenario_detail_frames line frame, current_basecase, production key (ensemble, delayed_6m, BEFU26 comparator, balanced_structural schedule, BEFU26 shape vintage); cross-checked against the committed policy runtime line_reconciliation for the same state"
total_revenue_net_admin,2045,11286.837422659906,11286.837422659906,11286.837422659906,True,False,"app.cached_aligned_scenario_detail_frames line frame, current_basecase, production key (ensemble, delayed_6m, BEFU26 comparator, balanced_structural schedule, BEFU26 shape vintage); cross-checked against the committed policy runtime line_reconciliation for the same state"
total_revenue_net_admin,2046,11680.140329632646,11680.140329632646,11680.140329632646,True,False,"app.cached_aligned_scenario_detail_frames line frame, current_basecase, production key (ensemble, delayed_6m, BEFU26 comparator, balanced_structural schedule, BEFU26 shape vintage); cross-checked against the committed policy runtime line_reconciliation for the same state"
total_revenue_net_admin,2047,12098.565675502054,12098.565675502054,12098.565675502054,True,False,"app.cached_aligned_scenario_detail_frames line frame, current_basecase, production key (ensemble, delayed_6m, BEFU26 comparator, balanced_structural schedule, BEFU26 shape vintage); cross-checked against the committed policy runtime line_reconciliation for the same state"
total_revenue_net_admin,2048,12560.244774605851,12560.244774605851,12560.244774605851,True,False,"app.cached_aligned_scenario_detail_frames line frame, current_basecase, production key (ensemble, delayed_6m, BEFU26 comparator, balanced_structural schedule, BEFU26 shape vintage); cross-checked against the committed policy runtime line_reconciliation for the same state"
total_revenue_net_admin,2049,13019.293630145947,13019.293630145947,13019.293630145947,True,False,"app.cached_aligned_scenario_detail_frames line frame, current_basecase, production key (ensemble, delayed_6m, BEFU26 comparator, balanced_structural schedule, BEFU26 shape vintage); cross-checked against the committed policy runtime line_reconciliation for the same state"
total_revenue_net_admin,2050,13454.073610835412,13454.073610835412,13454.073610835412,True,False,"app.cached_aligned_scenario_detail_frames line frame, current_basecase, production key (ensemble, delayed_6m, BEFU26 comparator, balanced_structural schedule, BEFU26 shape vintage); cross-checked against the committed policy runtime line_reconciliation for the same state"
total_ruc_net_revenue,2026,2072.019805657217,2072.019805657217,2072.019805657217,True,False,"app.cached_aligned_scenario_detail_frames line frame, current_basecase, production key (ensemble, delayed_6m, BEFU26 comparator, balanced_structural schedule, BEFU26 shape vintage); cross-checked against the committed policy runtime line_reconciliation for the same state"
total_ruc_net_revenue,2027,2105.2252306039495,2105.2252306039495,2105.2252306039495,True,False,"app.cached_aligned_scenario_detail_frames line frame, current_basecase, production key (ensemble, delayed_6m, BEFU26 comparator, balanced_structural schedule, BEFU26 shape vintage); cross-checked against the committed policy runtime line_reconciliation for the same state"
total_ruc_net_revenue,2028,2682.88830836724,2682.88830836724,2682.88830836724,True,False,"app.cached_aligned_scenario_detail_frames line frame, current_basecase, production key (ensemble, delayed_6m, BEFU26 comparator, balanced_structural schedule, BEFU26 shape vintage); cross-checked against the committed policy runtime line_reconciliation for the same state"
total_ruc_net_revenue,2029,2981.055182150856,2981.055182150856,2981.055182150856,True,False,"app.cached_aligned_scenario_detail_frames line frame, current_basecase, production key (ensemble, delayed_6m, BEFU26 comparator, balanced_structural schedule, BEFU26 shape vintage); cross-checked against the committed policy runtime line_reconciliation for the same state"
total_ruc_net_revenue,2030,3253.9373715651354,3253.9373715651354,3253.9373715651354,True,False,"app.cached_aligned_scenario_detail_frames line frame, current_basecase, production key (ensemble, delayed_6m, BEFU26 comparator, balanced_structural schedule, BEFU26 shape vintage); cross-checked against the committed policy runtime line_reconciliation for the same state"
total_ruc_net_revenue,2031,3481.89911494128,3481.89911494128,3481.89911494128,True,False,"app.cached_aligned_scenario_detail_frames line frame, current_basecase, production key (ensemble, delayed_6m, BEFU26 comparator, balanced_structural schedule, BEFU26 shape vintage); cross-checked against the committed policy runtime line_reconciliation for the same state"
total_ruc_net_revenue,2032,3715.833027796847,3715.833027796847,3715.833027796847,True,False,"app.cached_aligned_scenario_detail_frames line frame, current_basecase, production key (ensemble, delayed_6m, BEFU26 comparator, balanced_structural schedule, BEFU26 shape vintage); cross-checked against the committed policy runtime line_reconciliation for the same state"
total_ruc_net_revenue,2033,3960.6730030263257,3960.6730030263257,3960.6730030263257,True,False,"app.cached_aligned_scenario_detail_frames line frame, current_basecase, production key (ensemble, delayed_6m, BEFU26 comparator, balanced_structural schedule, BEFU26 shape vintage); cross-checked against the committed policy runtime line_reconciliation for the same state"
total_ruc_net_revenue,2034,4223.769591937775,4223.769591937775,4223.769591937775,True,False,"app.cached_aligned_scenario_detail_frames line frame, current_basecase, production key (ensemble, delayed_6m, BEFU26 comparator, balanced_structural schedule, BEFU26 shape vintage); cross-checked against the committed policy runtime line_reconciliation for the same state"
total_ruc_net_revenue,2035,4505.668866358201,4505.668866358201,4505.668866358201,True,False,"app.cached_aligned_scenario_detail_frames line frame, current_basecase, production key (ensemble, delayed_6m, BEFU26 comparator, balanced_structural schedule, BEFU26 shape vintage); cross-checked against the committed policy runtime line_reconciliation for the same state"
total_ruc_net_revenue,2036,4806.564388523192,4806.564388523192,4806.564388523192,True,False,"app.cached_aligned_scenario_detail_frames line frame, current_basecase, production key (ensemble, delayed_6m, BEFU26 comparator, balanced_structural schedule, BEFU26 shape vintage); cross-checked against the committed policy runtime line_reconciliation for the same state"
total_ruc_net_revenue,2037,5129.088825923741,5129.088825923741,5129.088825923741,True,False,"app.cached_aligned_scenario_detail_frames line frame, current_basecase, production key (ensemble, delayed_6m, BEFU26 comparator, balanced_structural schedule, BEFU26 shape vintage); cross-checked against the committed policy runtime line_reconciliation for the same state"
total_ruc_net_revenue,2038,5473.826153971742,5473.826153971742,5473.826153971742,True,False,"app.cached_aligned_scenario_detail_frames line frame, current_basecase, production key (ensemble, delayed_6m, BEFU26 comparator, balanced_structural schedule, BEFU26 shape vintage); cross-checked against the committed policy runtime line_reconciliation for the same state"
total_ruc_net_revenue,2039,5850.232240475073,5850.232240475073,5850.232240475073,True,False,"app.cached_aligned_scenario_detail_frames line frame, current_basecase, production key (ensemble, delayed_6m, BEFU26 comparator, balanced_structural schedule, BEFU26 shape vintage); cross-checked against the committed policy runtime line_reconciliation for the same state"
total_ruc_net_revenue,2040,6259.456162699124,6259.456162699124,6259.456162699124,True,False,"app.cached_aligned_scenario_detail_frames line frame, current_basecase, production key (ensemble, delayed_6m, BEFU26 comparator, balanced_structural schedule, BEFU26 shape vintage); cross-checked against the committed policy runtime line_reconciliation for the same state"
total_ruc_net_revenue,2041,6695.144146666681,6695.144146666681,6695.144146666681,True,False,"app.cached_aligned_scenario_detail_frames line frame, current_basecase, production key (ensemble, delayed_6m, BEFU26 comparator, balanced_structural schedule, BEFU26 shape vintage); cross-checked against the committed policy runtime line_reconciliation for the same state"
total_ruc_net_revenue,2042,7162.134831347798,7162.134831347798,7162.134831347798,True,False,"app.cached_aligned_scenario_detail_frames line frame, current_basecase, production key (ensemble, delayed_6m, BEFU26 comparator, balanced_structural schedule, BEFU26 shape vintage); cross-checked against the committed policy runtime line_reconciliation for the same state"
total_ruc_net_revenue,2043,7645.1043928337795,7645.1043928337795,7645.1043928337795,True,False,"app.cached_aligned_scenario_detail_frames line frame, current_basecase, production key (ensemble, delayed_6m, BEFU26 comparator, balanced_structural schedule, BEFU26 shape vintage); cross-checked against the committed policy runtime line_reconciliation for the same state"
total_ruc_net_revenue,2044,8126.686240932254,8126.686240932254,8126.686240932254,True,False,"app.cached_aligned_scenario_detail_frames line frame, current_basecase, production key (ensemble, delayed_6m, BEFU26 comparator, balanced_structural schedule, BEFU26 shape vintage); cross-checked against the committed policy runtime line_reconciliation for the same state"
total_ruc_net_revenue,2045,8622.916846580889,8622.916846580889,8622.916846580889,True,False,"app.cached_aligned_scenario_detail_frames line frame, current_basecase, production key (ensemble, delayed_6m, BEFU26 comparator, balanced_structural schedule, BEFU26 shape vintage); cross-checked against the committed policy runtime line_reconciliation for the same state"
total_ruc_net_revenue,2046,9154.556721913215,9154.556721913215,9154.556721913215,True,False,"app.cached_aligned_scenario_detail_frames line frame, current_basecase, production key (ensemble, delayed_6m, BEFU26 comparator, balanced_structural schedule, BEFU26 shape vintage); cross-checked against the committed policy runtime line_reconciliation for the same state"
total_ruc_net_revenue,2047,9700.899785252288,9700.899785252288,9700.899785252288,True,False,"app.cached_aligned_scenario_detail_frames line frame, current_basecase, production key (ensemble, delayed_6m, BEFU26 comparator, balanced_structural schedule, BEFU26 shape vintage); cross-checked against the committed policy runtime line_reconciliation for the same state"
total_ruc_net_revenue,2048,10277.688956859767,10277.688956859767,10277.688956859767,True,False,"app.cached_aligned_scenario_detail_frames line frame, current_basecase, production key (ensemble, delayed_6m, BEFU26 comparator, balanced_structural schedule, BEFU26 shape vintage); cross-checked against the committed policy runtime line_reconciliation for the same state"
total_ruc_net_revenue,2049,10842.96129401836,10842.96129401836,10842.96129401836,True,False,"app.cached_aligned_scenario_detail_frames line frame, current_basecase, production key (ensemble, delayed_6m, BEFU26 comparator, balanced_structural schedule, BEFU26 shape vintage); cross-checked against the committed policy runtime line_reconciliation for the same state"
total_ruc_net_revenue,2050,11376.234075278322,11376.234075278322,11376.234075278322,True,False,"app.cached_aligned_scenario_detail_frames line frame, current_basecase, production key (ensemble, delayed_6m, BEFU26 comparator, balanced_structural schedule, BEFU26 shape vintage); cross-checked against the committed policy runtime line_reconciliation for the same state"
tuc_net_revenue,2026,17.4060774864124,17.4060774864124,17.4060774864124,True,False,"app.cached_aligned_scenario_detail_frames line frame, current_basecase, production key (ensemble, delayed_6m, BEFU26 comparator, balanced_structural schedule, BEFU26 shape vintage); cross-checked against the committed policy runtime line_reconciliation for the same state"
tuc_net_revenue,2027,17.5578996928248,17.5578996928248,17.5578996928248,True,False,"app.cached_aligned_scenario_detail_frames line frame, current_basecase, production key (ensemble, delayed_6m, BEFU26 comparator, balanced_structural schedule, BEFU26 shape vintage); cross-checked against the committed policy runtime line_reconciliation for the same state"
tuc_net_revenue,2028,17.5578996928248,17.5578996928248,17.5578996928248,True,False,"app.cached_aligned_scenario_detail_frames line frame, current_basecase, production key (ensemble, delayed_6m, BEFU26 comparator, balanced_structural schedule, BEFU26 shape vintage); cross-checked against the committed policy runtime line_reconciliation for the same state"
tuc_net_revenue,2029,17.5578996928248,17.5578996928248,17.5578996928248,True,False,"app.cached_aligned_scenario_detail_frames line frame, current_basecase, production key (ensemble, delayed_6m, BEFU26 comparator, balanced_structural schedule, BEFU26 shape vintage); cross-checked against the committed policy runtime line_reconciliation for the same state"
tuc_net_revenue,2030,17.5578996928248,17.5578996928248,17.5578996928248,True,False,"app.cached_aligned_scenario_detail_frames line frame, current_basecase, production key (ensemble, delayed_6m, BEFU26 comparator, balanced_structural schedule, BEFU26 shape vintage); cross-checked against the committed policy runtime line_reconciliation for the same state"
tuc_net_revenue,2031,17.5578996928248,17.5578996928248,17.5578996928248,True,False,"app.cached_aligned_scenario_detail_frames line frame, current_basecase, production key (ensemble, delayed_6m, BEFU26 comparator, balanced_structural schedule, BEFU26 shape vintage); cross-checked against the committed policy runtime line_reconciliation for the same state"
tuc_net_revenue,2032,17.5578996928248,17.5578996928248,17.5578996928248,True,False,"app.cached_aligned_scenario_detail_frames line frame, current_basecase, production key (ensemble, delayed_6m, BEFU26 comparator, balanced_structural schedule, BEFU26 shape vintage); cross-checked against the committed policy runtime line_reconciliation for the same state"
tuc_net_revenue,2033,17.5578996928248,17.5578996928248,17.5578996928248,True,False,"app.cached_aligned_scenario_detail_frames line frame, current_basecase, production key (ensemble, delayed_6m, BEFU26 comparator, balanced_structural schedule, BEFU26 shape vintage); cross-checked against the committed policy runtime line_reconciliation for the same state"
tuc_net_revenue,2034,17.5578996928248,17.5578996928248,17.5578996928248,True,False,"app.cached_aligned_scenario_detail_frames line frame, current_basecase, production key (ensemble, delayed_6m, BEFU26 comparator, balanced_structural schedule, BEFU26 shape vintage); cross-checked against the committed policy runtime line_reconciliation for the same state"
tuc_net_revenue,2035,17.5578996928248,17.5578996928248,17.5578996928248,True,False,"app.cached_aligned_scenario_detail_frames line frame, current_basecase, production key (ensemble, delayed_6m, BEFU26 comparator, balanced_structural schedule, BEFU26 shape vintage); cross-checked against the committed policy runtime line_reconciliation for the same state"
tuc_net_revenue,2036,17.5578996928248,17.5578996928248,17.5578996928248,True,False,"app.cached_aligned_scenario_detail_frames line frame, current_basecase, production key (ensemble, delayed_6m, BEFU26 comparator, balanced_structural schedule, BEFU26 shape vintage); cross-checked against the committed policy runtime line_reconciliation for the same state"
tuc_net_revenue,2037,17.5578996928248,17.5578996928248,17.5578996928248,True,False,"app.cached_aligned_scenario_detail_frames line frame, current_basecase, production key (ensemble, delayed_6m, BEFU26 comparator, balanced_structural schedule, BEFU26 shape vintage); cross-checked against the committed policy runtime line_reconciliation for the same state"
tuc_net_revenue,2038,17.5578996928248,17.5578996928248,17.5578996928248,True,False,"app.cached_aligned_scenario_detail_frames line frame, current_basecase, production key (ensemble, delayed_6m, BEFU26 comparator, balanced_structural schedule, BEFU26 shape vintage); cross-checked against the committed policy runtime line_reconciliation for the same state"
tuc_net_revenue,2039,17.5578996928248,17.5578996928248,17.5578996928248,True,False,"app.cached_aligned_scenario_detail_frames line frame, current_basecase, production key (ensemble, delayed_6m, BEFU26 comparator, balanced_structural schedule, BEFU26 shape vintage); cross-checked against the committed policy runtime line_reconciliation for the same state"
tuc_net_revenue,2040,17.5578996928248,17.5578996928248,17.5578996928248,True,False,"app.cached_aligned_scenario_detail_frames line frame, current_basecase, production key (ensemble, delayed_6m, BEFU26 comparator, balanced_structural schedule, BEFU26 shape vintage); cross-checked against the committed policy runtime line_reconciliation for the same state"
tuc_net_revenue,2041,17.5578996928248,17.5578996928248,17.5578996928248,True,False,"app.cached_aligned_scenario_detail_frames line frame, current_basecase, production key (ensemble, delayed_6m, BEFU26 comparator, balanced_structural schedule, BEFU26 shape vintage); cross-checked against the committed policy runtime line_reconciliation for the same state"
tuc_net_revenue,2042,17.5578996928248,17.5578996928248,17.5578996928248,True,False,"app.cached_aligned_scenario_detail_frames line frame, current_basecase, production key (ensemble, delayed_6m, BEFU26 comparator, balanced_structural schedule, BEFU26 shape vintage); cross-checked against the committed policy runtime line_reconciliation for the same state"
tuc_net_revenue,2043,17.5578996928248,17.5578996928248,17.5578996928248,True,False,"app.cached_aligned_scenario_detail_frames line frame, current_basecase, production key (ensemble, delayed_6m, BEFU26 comparator, balanced_structural schedule, BEFU26 shape vintage); cross-checked against the committed policy runtime line_reconciliation for the same state"
tuc_net_revenue,2044,17.5578996928248,17.5578996928248,17.5578996928248,True,False,"app.cached_aligned_scenario_detail_frames line frame, current_basecase, production key (ensemble, delayed_6m, BEFU26 comparator, balanced_structural schedule, BEFU26 shape vintage); cross-checked against the committed policy runtime line_reconciliation for the same state"
tuc_net_revenue,2045,17.5578996928248,17.5578996928248,17.5578996928248,True,False,"app.cached_aligned_scenario_detail_frames line frame, current_basecase, production key (ensemble, delayed_6m, BEFU26 comparator, balanced_structural schedule, BEFU26 shape vintage); cross-checked against the committed policy runtime line_reconciliation for the same state"
tuc_net_revenue,2046,17.5578996928248,17.5578996928248,17.5578996928248,True,False,"app.cached_aligned_scenario_detail_frames line frame, current_basecase, production key (ensemble, delayed_6m, BEFU26 comparator, balanced_structural schedule, BEFU26 shape vintage); cross-checked against the committed policy runtime line_reconciliation for the same state"
tuc_net_revenue,2047,17.5578996928248,17.5578996928248,17.5578996928248,True,False,"app.cached_aligned_scenario_detail_frames line frame, current_basecase, production key (ensemble, delayed_6m, BEFU26 comparator, balanced_structural schedule, BEFU26 shape vintage); cross-checked against the committed policy runtime line_reconciliation for the same state"
tuc_net_revenue,2048,17.5578996928248,17.5578996928248,17.5578996928248,True,False,"app.cached_aligned_scenario_detail_frames line frame, current_basecase, production key (ensemble, delayed_6m, BEFU26 comparator, balanced_structural schedule, BEFU26 shape vintage); cross-checked against the committed policy runtime line_reconciliation for the same state"
tuc_net_revenue,2049,17.5578996928248,17.5578996928248,17.5578996928248,True,False,"app.cached_aligned_scenario_detail_frames line frame, current_basecase, production key (ensemble, delayed_6m, BEFU26 comparator, balanced_structural schedule, BEFU26 shape vintage); cross-checked against the committed policy runtime line_reconciliation for the same state"
tuc_net_revenue,2050,17.5578996928248,17.5578996928248,17.5578996928248,True,False,"app.cached_aligned_scenario_detail_frames line frame, current_basecase, production key (ensemble, delayed_6m, BEFU26 comparator, balanced_structural schedule, BEFU26 shape vintage); cross-checked against the committed policy runtime line_reconciliation for the same state"
