stream,stream_label,component_type,period,target_period,scenario_name,scenario_role,fed_path,component_value,component_unit,bridge_status,bridge_method,equation,source,source_basis,model_id,official_value,residual_vs_official,value_status,actual_quarters,forecast_quarters,nowcast_flag,canonical_stream_key,canonical_period_key,canonical_scenario_key,canonical_join_key
light_ruc_net_km,Light RUC net km,bridge_input,FY2025,FY2025,current_basecase,basecase,Current planned path,12273.983872,million km,available,,,annual_spine.csv,BEFU26 actual anchor,dynamic_RESID_GBR_n150_d1_lr0.05_w36,12273.983872,0.0,Actual anchor,2024Q3; 2024Q4; 2025Q1; 2025Q2,,False,LIGHT_RUC_NET_KM,FY2025,current_basecase,LIGHT_RUC_NET_KM|FY2025|current_basecase
heavy_ruc_net_km,Heavy RUC net km,bridge_input,FY2025,FY2025,current_basecase,basecase,Current planned path,3981.873439,million km,available,,,annual_spine.csv,BEFU26 actual anchor,HEAVY_RUC__VNEXT_SOLVED_CONVEX_TOP4,3981.873439,0.0,Actual anchor,2024Q3; 2024Q4; 2025Q1; 2025Q2,,False,HEAVY_RUC_NET_KM,FY2025,current_basecase,HEAVY_RUC_NET_KM|FY2025|current_basecase
light_bev_ruc_net_km,Light BEV RUC net km,bridge_input,FY2025,FY2025,current_basecase,basecase,Current planned path,820.641429,million km,available,,,annual_spine.csv,BEFU26 actual anchor,PED__VNEXT_SOLVED_CONVEX_TOP2; dynamic_RESID_GBR_n150_d1_lr0.05_w36; HEAVY_RUC__VNEXT_SOLVED_CONVEX_TOP4,820.641429,0.0,Actual anchor,2024Q3; 2024Q4; 2025Q1; 2025Q2,,False,LIGHT_BEV_RUC_NET_KM,FY2025,current_basecase,LIGHT_BEV_RUC_NET_KM|FY2025|current_basecase
phev_ruc_net_km,PHEV RUC net km,bridge_input,FY2025,FY2025,current_basecase,basecase,Current planned path,435.117435,million km,available,,,annual_spine.csv,BEFU26 actual anchor,PED__VNEXT_SOLVED_CONVEX_TOP2; dynamic_RESID_GBR_n150_d1_lr0.05_w36; HEAVY_RUC__VNEXT_SOLVED_CONVEX_TOP4,435.117435,0.0,Actual anchor,2024Q3; 2024Q4; 2025Q1; 2025Q2,,False,PHEV_RUC_NET_KM,FY2025,current_basecase,PHEV_RUC_NET_KM|FY2025|current_basecase
ped_volume,PED volume,bridge_input,FY2025,FY2025,current_basecase,basecase,Current planned path,2894.27382723066,million litres,available,,,annual_spine.csv,BEFU26 actual anchor,PED__VNEXT_SOLVED_CONVEX_TOP2,2894.27382723066,0.0,Actual anchor,2024Q3; 2024Q4; 2025Q1; 2025Q2,,False,PED_VOLUME,FY2025,current_basecase,PED_VOLUME|FY2025|current_basecase
ped_vkt_per_capita,PED VKT per capita,bridge_input,FY2025,FY2025,current_basecase,basecase,Current planned path,5973.0514101063,km/person,available,,,annual_spine.csv,BEFU26 actual anchor,PED__VNEXT_SOLVED_CONVEX_TOP2,5973.0514101063,0.0,Actual anchor,2024Q3; 2024Q4; 2025Q1; 2025Q2,,False,PED_VKT_PER_CAPITA,FY2025,current_basecase,PED_VKT_PER_CAPITA|FY2025|current_basecase
light_ruc_net_revenue,Light RUC revenue,replacement_line,FY2025,FY2025,current_basecase,basecase,Current planned path,830.974453217391,$m nominal ex GST,available,,,annual_spine.csv,BEFU26 actual anchor,dynamic_RESID_GBR_n150_d1_lr0.05_w36,830.974453217391,0.0,Actual anchor,2024Q3; 2024Q4; 2025Q1; 2025Q2,,False,LIGHT_RUC_NET_REVENUE,FY2025,current_basecase,LIGHT_RUC_NET_REVENUE|FY2025|current_basecase
heavy_ruc_net_revenue,Heavy RUC revenue,replacement_line,FY2025,FY2025,current_basecase,basecase,Current planned path,1109.95026251304,$m nominal ex GST,available,,,annual_spine.csv,BEFU26 actual anchor,HEAVY_RUC__VNEXT_SOLVED_CONVEX_TOP4,1109.95026251304,0.0,Actual anchor,2024Q3; 2024Q4; 2025Q1; 2025Q2,,False,HEAVY_RUC_NET_REVENUE,FY2025,current_basecase,HEAVY_RUC_NET_REVENUE|FY2025|current_basecase
light_bev_ruc_net_revenue,Light BEV RUC net revenue,replacement_line,FY2025,FY2025,current_basecase,basecase,Current planned path,55.4022559304348,$m nominal ex GST,available,,,annual_spine.csv,BEFU26 actual anchor,PED__VNEXT_SOLVED_CONVEX_TOP2; dynamic_RESID_GBR_n150_d1_lr0.05_w36; HEAVY_RUC__VNEXT_SOLVED_CONVEX_TOP4,55.4022559304348,0.0,Actual anchor,2024Q3; 2024Q4; 2025Q1; 2025Q2,,False,LIGHT_BEV_RUC_NET_REVENUE,FY2025,current_basecase,LIGHT_BEV_RUC_NET_REVENUE|FY2025|current_basecase
phev_ruc_net_revenue,PHEV RUC net revenue,replacement_line,FY2025,FY2025,current_basecase,basecase,Current planned path,15.1075641391304,$m nominal ex GST,available,,,annual_spine.csv,BEFU26 actual anchor,PED__VNEXT_SOLVED_CONVEX_TOP2; dynamic_RESID_GBR_n150_d1_lr0.05_w36; HEAVY_RUC__VNEXT_SOLVED_CONVEX_TOP4,15.1075641391304,0.0,Actual anchor,2024Q3; 2024Q4; 2025Q1; 2025Q2,,False,PHEV_RUC_NET_REVENUE,FY2025,current_basecase,PHEV_RUC_NET_REVENUE|FY2025|current_basecase
total_ruc_net_revenue,Total RUC all classes,calculated_rollup,FY2025,FY2025,current_basecase,basecase,Current planned path,1979.16866774783,$m nominal ex GST,available,ruc_revenue_net_admin - ruc_refunds,ruc_revenue_net_admin - ruc_refunds,annual_spine.csv,BEFU26 actual anchor,PED__VNEXT_SOLVED_CONVEX_TOP2; dynamic_RESID_GBR_n150_d1_lr0.05_w36; HEAVY_RUC__VNEXT_SOLVED_CONVEX_TOP4,1979.16866774783,0.0,Actual anchor,2024Q3; 2024Q4; 2025Q1; 2025Q2,,False,TOTAL_RUC_NET_REVENUE,FY2025,current_basecase,TOTAL_RUC_NET_REVENUE|FY2025|current_basecase
gross_ped_revenue,PED revenue,replacement_line,FY2025,FY2025,current_basecase,basecase,Current planned path,2026.68630478,$m nominal ex GST,available,,,annual_spine.csv,BEFU26 actual anchor,PED__VNEXT_SOLVED_CONVEX_TOP2,2026.68630478,0.0,Actual anchor,2024Q3; 2024Q4; 2025Q1; 2025Q2,,False,GROSS_PED_REVENUE,FY2025,current_basecase,GROSS_PED_REVENUE|FY2025|current_basecase
gross_fed_revenue,Gross FED revenue,calculated_rollup,FY2025,FY2025,current_basecase,basecase,Current planned path,2067.62792391,$m nominal ex GST,available,gross_ped_revenue + gross_lpg_revenue + gross_cng_revenue,gross_ped_revenue + gross_lpg_revenue + gross_cng_revenue,annual_spine.csv,BEFU26 actual anchor,PED__VNEXT_SOLVED_CONVEX_TOP2,2067.62792391,0.0,Actual anchor,2024Q3; 2024Q4; 2025Q1; 2025Q2,,False,GROSS_FED_REVENUE,FY2025,current_basecase,GROSS_FED_REVENUE|FY2025|current_basecase
net_fed_revenue,Net FED revenue,calculated_rollup,FY2025,FY2025,current_basecase,basecase,Current planned path,1997.7271466,$m nominal ex GST,available,gross_fed_revenue - fed_refunds,gross_fed_revenue - fed_refunds,annual_spine.csv,BEFU26 actual anchor,PED__VNEXT_SOLVED_CONVEX_TOP2,1997.7271466,0.0,Actual anchor,2024Q3; 2024Q4; 2025Q1; 2025Q2,,False,NET_FED_REVENUE,FY2025,current_basecase,NET_FED_REVENUE|FY2025|current_basecase
net_mvr_revenue,Net MVR revenue,calculated_rollup,FY2025,FY2025,current_basecase,basecase,Current planned path,286.79349111,$m nominal ex GST,available,mvr_revenue_net_admin_coo - mvr_refunds,mvr_revenue_net_admin_coo - mvr_refunds,annual_spine.csv,BEFU26 actual anchor,,286.79349111,0.0,Actual anchor,2024Q3; 2024Q4; 2025Q1; 2025Q2,,False,NET_MVR_REVENUE,FY2025,current_basecase,NET_MVR_REVENUE|FY2025|current_basecase
total_nltf_net_revenue,Total NLTF revenue,calculated_rollup,FY2025,FY2025,current_basecase,basecase,Current planned path,4280.78411583783,$m nominal ex GST,available,total_revenue_net_admin - total_refunds,total_revenue_net_admin - total_refunds,annual_spine.csv,BEFU26 actual anchor,PED__VNEXT_SOLVED_CONVEX_TOP2; dynamic_RESID_GBR_n150_d1_lr0.05_w36; HEAVY_RUC__VNEXT_SOLVED_CONVEX_TOP4,4280.78411583783,0.0,Actual anchor,2024Q3; 2024Q4; 2025Q1; 2025Q2,,False,TOTAL_NLTF_NET_REVENUE,FY2025,current_basecase,TOTAL_NLTF_NET_REVENUE|FY2025|current_basecase
total_fed_ruc_net_revenue,Total RUC+PED revenue,calculated_rollup,FY2025,FY2025,current_basecase,basecase,Current planned path,3976.8958143478303,$m nominal ex GST,available,net_fed_revenue + total_ruc_net_revenue,net_fed_revenue + total_ruc_net_revenue,row_reconciliation.csv,BEFU26 actual anchor,PED__VNEXT_SOLVED_CONVEX_TOP2; dynamic_RESID_GBR_n150_d1_lr0.05_w36; HEAVY_RUC__VNEXT_SOLVED_CONVEX_TOP4,3976.8958143478303,0.0,Actual anchor,2024Q3; 2024Q4; 2025Q1; 2025Q2,,False,TOTAL_FED_RUC_NET_REVENUE,FY2025,current_basecase,TOTAL_FED_RUC_NET_REVENUE|FY2025|current_basecase
light_ruc_net_km,Light RUC net km,bridge_input,FY2025,FY2025,current_comparison_1,comparison,Current planned path,12273.983872,million km,available,,,annual_spine.csv,BEFU26 actual anchor,dynamic_RESID_GBR_n150_d1_lr0.05_w36,12273.983872,0.0,Actual anchor,2024Q3; 2024Q4; 2025Q1; 2025Q2,,False,LIGHT_RUC_NET_KM,FY2025,current_comparison_1,LIGHT_RUC_NET_KM|FY2025|current_comparison_1
heavy_ruc_net_km,Heavy RUC net km,bridge_input,FY2025,FY2025,current_comparison_1,comparison,Current planned path,3981.873439,million km,available,,,annual_spine.csv,BEFU26 actual anchor,HEAVY_RUC__VNEXT_SOLVED_CONVEX_TOP4,3981.873439,0.0,Actual anchor,2024Q3; 2024Q4; 2025Q1; 2025Q2,,False,HEAVY_RUC_NET_KM,FY2025,current_comparison_1,HEAVY_RUC_NET_KM|FY2025|current_comparison_1
light_bev_ruc_net_km,Light BEV RUC net km,bridge_input,FY2025,FY2025,current_comparison_1,comparison,Current planned path,820.641429,million km,available,,,annual_spine.csv,BEFU26 actual anchor,PED__VNEXT_SOLVED_CONVEX_TOP2; dynamic_RESID_GBR_n150_d1_lr0.05_w36; HEAVY_RUC__VNEXT_SOLVED_CONVEX_TOP4,820.641429,0.0,Actual anchor,2024Q3; 2024Q4; 2025Q1; 2025Q2,,False,LIGHT_BEV_RUC_NET_KM,FY2025,current_comparison_1,LIGHT_BEV_RUC_NET_KM|FY2025|current_comparison_1
phev_ruc_net_km,PHEV RUC net km,bridge_input,FY2025,FY2025,current_comparison_1,comparison,Current planned path,435.117435,million km,available,,,annual_spine.csv,BEFU26 actual anchor,PED__VNEXT_SOLVED_CONVEX_TOP2; dynamic_RESID_GBR_n150_d1_lr0.05_w36; HEAVY_RUC__VNEXT_SOLVED_CONVEX_TOP4,435.117435,0.0,Actual anchor,2024Q3; 2024Q4; 2025Q1; 2025Q2,,False,PHEV_RUC_NET_KM,FY2025,current_comparison_1,PHEV_RUC_NET_KM|FY2025|current_comparison_1
ped_volume,PED volume,bridge_input,FY2025,FY2025,current_comparison_1,comparison,Current planned path,2894.27382723066,million litres,available,,,annual_spine.csv,BEFU26 actual anchor,PED__VNEXT_SOLVED_CONVEX_TOP2,2894.27382723066,0.0,Actual anchor,2024Q3; 2024Q4; 2025Q1; 2025Q2,,False,PED_VOLUME,FY2025,current_comparison_1,PED_VOLUME|FY2025|current_comparison_1
ped_vkt_per_capita,PED VKT per capita,bridge_input,FY2025,FY2025,current_comparison_1,comparison,Current planned path,5973.0514101063,km/person,available,,,annual_spine.csv,BEFU26 actual anchor,PED__VNEXT_SOLVED_CONVEX_TOP2,5973.0514101063,0.0,Actual anchor,2024Q3; 2024Q4; 2025Q1; 2025Q2,,False,PED_VKT_PER_CAPITA,FY2025,current_comparison_1,PED_VKT_PER_CAPITA|FY2025|current_comparison_1
light_ruc_net_revenue,Light RUC revenue,replacement_line,FY2025,FY2025,current_comparison_1,comparison,Current planned path,830.974453217391,$m nominal ex GST,available,,,annual_spine.csv,BEFU26 actual anchor,dynamic_RESID_GBR_n150_d1_lr0.05_w36,830.974453217391,0.0,Actual anchor,2024Q3; 2024Q4; 2025Q1; 2025Q2,,False,LIGHT_RUC_NET_REVENUE,FY2025,current_comparison_1,LIGHT_RUC_NET_REVENUE|FY2025|current_comparison_1
heavy_ruc_net_revenue,Heavy RUC revenue,replacement_line,FY2025,FY2025,current_comparison_1,comparison,Current planned path,1109.95026251304,$m nominal ex GST,available,,,annual_spine.csv,BEFU26 actual anchor,HEAVY_RUC__VNEXT_SOLVED_CONVEX_TOP4,1109.95026251304,0.0,Actual anchor,2024Q3; 2024Q4; 2025Q1; 2025Q2,,False,HEAVY_RUC_NET_REVENUE,FY2025,current_comparison_1,HEAVY_RUC_NET_REVENUE|FY2025|current_comparison_1
light_bev_ruc_net_revenue,Light BEV RUC net revenue,replacement_line,FY2025,FY2025,current_comparison_1,comparison,Current planned path,55.4022559304348,$m nominal ex GST,available,,,annual_spine.csv,BEFU26 actual anchor,PED__VNEXT_SOLVED_CONVEX_TOP2; dynamic_RESID_GBR_n150_d1_lr0.05_w36; HEAVY_RUC__VNEXT_SOLVED_CONVEX_TOP4,55.4022559304348,0.0,Actual anchor,2024Q3; 2024Q4; 2025Q1; 2025Q2,,False,LIGHT_BEV_RUC_NET_REVENUE,FY2025,current_comparison_1,LIGHT_BEV_RUC_NET_REVENUE|FY2025|current_comparison_1
phev_ruc_net_revenue,PHEV RUC net revenue,replacement_line,FY2025,FY2025,current_comparison_1,comparison,Current planned path,15.1075641391304,$m nominal ex GST,available,,,annual_spine.csv,BEFU26 actual anchor,PED__VNEXT_SOLVED_CONVEX_TOP2; dynamic_RESID_GBR_n150_d1_lr0.05_w36; HEAVY_RUC__VNEXT_SOLVED_CONVEX_TOP4,15.1075641391304,0.0,Actual anchor,2024Q3; 2024Q4; 2025Q1; 2025Q2,,False,PHEV_RUC_NET_REVENUE,FY2025,current_comparison_1,PHEV_RUC_NET_REVENUE|FY2025|current_comparison_1
total_ruc_net_revenue,Total RUC all classes,calculated_rollup,FY2025,FY2025,current_comparison_1,comparison,Current planned path,1979.16866774783,$m nominal ex GST,available,ruc_revenue_net_admin - ruc_refunds,ruc_revenue_net_admin - ruc_refunds,annual_spine.csv,BEFU26 actual anchor,PED__VNEXT_SOLVED_CONVEX_TOP2; dynamic_RESID_GBR_n150_d1_lr0.05_w36; HEAVY_RUC__VNEXT_SOLVED_CONVEX_TOP4,1979.16866774783,0.0,Actual anchor,2024Q3; 2024Q4; 2025Q1; 2025Q2,,False,TOTAL_RUC_NET_REVENUE,FY2025,current_comparison_1,TOTAL_RUC_NET_REVENUE|FY2025|current_comparison_1
gross_ped_revenue,PED revenue,replacement_line,FY2025,FY2025,current_comparison_1,comparison,Current planned path,2026.68630478,$m nominal ex GST,available,,,annual_spine.csv,BEFU26 actual anchor,PED__VNEXT_SOLVED_CONVEX_TOP2,2026.68630478,0.0,Actual anchor,2024Q3; 2024Q4; 2025Q1; 2025Q2,,False,GROSS_PED_REVENUE,FY2025,current_comparison_1,GROSS_PED_REVENUE|FY2025|current_comparison_1
gross_fed_revenue,Gross FED revenue,calculated_rollup,FY2025,FY2025,current_comparison_1,comparison,Current planned path,2067.62792391,$m nominal ex GST,available,gross_ped_revenue + gross_lpg_revenue + gross_cng_revenue,gross_ped_revenue + gross_lpg_revenue + gross_cng_revenue,annual_spine.csv,BEFU26 actual anchor,PED__VNEXT_SOLVED_CONVEX_TOP2,2067.62792391,0.0,Actual anchor,2024Q3; 2024Q4; 2025Q1; 2025Q2,,False,GROSS_FED_REVENUE,FY2025,current_comparison_1,GROSS_FED_REVENUE|FY2025|current_comparison_1
net_fed_revenue,Net FED revenue,calculated_rollup,FY2025,FY2025,current_comparison_1,comparison,Current planned path,1997.7271466,$m nominal ex GST,available,gross_fed_revenue - fed_refunds,gross_fed_revenue - fed_refunds,annual_spine.csv,BEFU26 actual anchor,PED__VNEXT_SOLVED_CONVEX_TOP2,1997.7271466,0.0,Actual anchor,2024Q3; 2024Q4; 2025Q1; 2025Q2,,False,NET_FED_REVENUE,FY2025,current_comparison_1,NET_FED_REVENUE|FY2025|current_comparison_1
net_mvr_revenue,Net MVR revenue,calculated_rollup,FY2025,FY2025,current_comparison_1,comparison,Current planned path,286.79349111,$m nominal ex GST,available,mvr_revenue_net_admin_coo - mvr_refunds,mvr_revenue_net_admin_coo - mvr_refunds,annual_spine.csv,BEFU26 actual anchor,,286.79349111,0.0,Actual anchor,2024Q3; 2024Q4; 2025Q1; 2025Q2,,False,NET_MVR_REVENUE,FY2025,current_comparison_1,NET_MVR_REVENUE|FY2025|current_comparison_1
total_nltf_net_revenue,Total NLTF revenue,calculated_rollup,FY2025,FY2025,current_comparison_1,comparison,Current planned path,4280.78411583783,$m nominal ex GST,available,total_revenue_net_admin - total_refunds,total_revenue_net_admin - total_refunds,annual_spine.csv,BEFU26 actual anchor,PED__VNEXT_SOLVED_CONVEX_TOP2; dynamic_RESID_GBR_n150_d1_lr0.05_w36; HEAVY_RUC__VNEXT_SOLVED_CONVEX_TOP4,4280.78411583783,0.0,Actual anchor,2024Q3; 2024Q4; 2025Q1; 2025Q2,,False,TOTAL_NLTF_NET_REVENUE,FY2025,current_comparison_1,TOTAL_NLTF_NET_REVENUE|FY2025|current_comparison_1
total_fed_ruc_net_revenue,Total RUC+PED revenue,calculated_rollup,FY2025,FY2025,current_comparison_1,comparison,Current planned path,3976.8958143478303,$m nominal ex GST,available,net_fed_revenue + total_ruc_net_revenue,net_fed_revenue + total_ruc_net_revenue,row_reconciliation.csv,BEFU26 actual anchor,PED__VNEXT_SOLVED_CONVEX_TOP2; dynamic_RESID_GBR_n150_d1_lr0.05_w36; HEAVY_RUC__VNEXT_SOLVED_CONVEX_TOP4,3976.8958143478303,0.0,Actual anchor,2024Q3; 2024Q4; 2025Q1; 2025Q2,,False,TOTAL_FED_RUC_NET_REVENUE,FY2025,current_comparison_1,TOTAL_FED_RUC_NET_REVENUE|FY2025|current_comparison_1
light_ruc_net_km,Light RUC net km,bridge_input,FY2026,FY2026,current_basecase,basecase,Current planned path,12805.016492073193,million km,available,raw Light RUC conventional model forecast (preserved exactly under the Base uptake basis),raw Light RUC conventional model forecast (preserved exactly under the Base uptake basis),forecast_scenario_comparison.parquet; official_annual.csv,raw AR(1) PED VKT per capita x scenario-input population; raw Light RUC conventional model forecast expanded by MoT VFM 202405 Base uptake shares (conventional_anchor_vfm_composition_v1),dynamic_RESID_GBR_n150_d1_lr0.05_w36,12707.9889982716,97.02749380159366,Current-finalist FY nowcast (3 actual + 1 forecast),2025Q3; 2025Q4; 2026Q1,2026Q2,True,LIGHT_RUC_NET_KM,FY2026,current_basecase,LIGHT_RUC_NET_KM|FY2026|current_basecase
heavy_ruc_net_km,Heavy RUC net km,bridge_input,FY2026,FY2026,current_basecase,basecase,Current planned path,4064.8582976485013,million km,available,sum quarterly current finalist Heavy RUC net km,sum quarterly current finalist Heavy RUC net km,forecast_scenario_comparison.parquet,current_finalist_model,HEAVY_RUC__VNEXT_SOLVED_CONVEX_TOP4,4099.61725114751,-34.758953499008385,Current-finalist FY nowcast (3 actual + 1 forecast),2025Q3; 2025Q4; 2026Q1,2026Q2,True,HEAVY_RUC_NET_KM,FY2026,current_basecase,HEAVY_RUC_NET_KM|FY2026|current_basecase
light_bev_ruc_net_km,Light BEV RUC net km,bridge_input,FY2026,FY2026,current_basecase,basecase,Current planned path,1238.551058032925,million km,available,base pool (conventional / VFM Base conventional share) * VFM Base Light BEV share,base pool (conventional / VFM Base conventional share) * VFM Base Light BEV share,forecast_scenario_comparison.parquet; official_annual.csv,raw AR(1) PED VKT per capita x scenario-input population; raw Light RUC conventional model forecast expanded by MoT VFM 202405 Base uptake shares (conventional_anchor_vfm_composition_v1),PED__VNEXT_SOLVED_CONVEX_TOP2; dynamic_RESID_GBR_n150_d1_lr0.05_w36; HEAVY_RUC__VNEXT_SOLVED_CONVEX_TOP4,1209.37911079624,29.171947236685128,Current-finalist FY nowcast (2 actual + 2 forecast),2025Q3; 2025Q4,2026Q1; 2026Q2,True,LIGHT_BEV_RUC_NET_KM,FY2026,current_basecase,LIGHT_BEV_RUC_NET_KM|FY2026|current_basecase
phev_ruc_net_km,PHEV RUC net km,bridge_input,FY2026,FY2026,current_basecase,basecase,Current planned path,648.6011270216075,million km,available,base pool (conventional / VFM Base conventional share) * VFM Base PHEV share,base pool (conventional / VFM Base conventional share) * VFM Base PHEV share,forecast_scenario_comparison.parquet; official_annual.csv,raw AR(1) PED VKT per capita x scenario-input population; raw Light RUC conventional model forecast expanded by MoT VFM 202405 Base uptake shares (conventional_anchor_vfm_composition_v1),PED__VNEXT_SOLVED_CONVEX_TOP2; dynamic_RESID_GBR_n150_d1_lr0.05_w36; HEAVY_RUC__VNEXT_SOLVED_CONVEX_TOP4,633.39411052937,15.207016492237472,Current-finalist FY nowcast (2 actual + 2 forecast),2025Q3; 2025Q4,2026Q1; 2026Q2,True,PHEV_RUC_NET_KM,FY2026,current_basecase,PHEV_RUC_NET_KM|FY2026|current_basecase
ped_volume,PED volume,bridge_input,FY2026,FY2026,current_basecase,basecase,Current planned path,3063.2842870467116,million litres,available,raw PED/light-petrol VKT * BEFU26 litres intensity / 100,raw PED/light-petrol VKT * BEFU26 litres intensity / 100,forecast_scenario_comparison.parquet; scenario_inputs/scenario_input_wide.parquet; official_annual.csv,raw AR(1) PED VKT/capita + scenario-input population (scenario_input_population_with_mbu_population_proxy_for_missing_quarters) + BEFU26 intensity,PED__VNEXT_SOLVED_CONVEX_TOP2,2910.77244455591,152.51184249080143,Current-finalist FY nowcast (2 actual + 2 forecast),2025Q3; 2025Q4,2026Q1; 2026Q2,True,PED_VOLUME,FY2026,current_basecase,PED_VOLUME|FY2026|current_basecase
ped_vkt_per_capita,PED VKT per capita,bridge_input,FY2026,FY2026,current_basecase,basecase,Current planned path,6169.513389534369,km/person,available,sum quarterly current finalist PED VKT/capita,sum quarterly current finalist PED VKT/capita,forecast_scenario_comparison.parquet,current_finalist_model,PED__VNEXT_SOLVED_CONVEX_TOP2,5860.79487488994,308.718514644429,Current-finalist FY nowcast (2 actual + 2 forecast),2025Q3; 2025Q4,2026Q1; 2026Q2,True,PED_VKT_PER_CAPITA,FY2026,current_basecase,PED_VKT_PER_CAPITA|FY2026|current_basecase
light_ruc_net_revenue,Light RUC revenue,replacement_line,FY2026,FY2026,current_basecase,basecase,Current planned path,867.4389604921547,$m nominal ex GST,available,conventional Light RUC km * BEFU26 conventional Light effective rate,conventional Light RUC km * BEFU26 conventional Light effective rate,forecast_scenario_comparison.parquet; official_annual.csv,"raw AR(1) PED bridge and conventional-anchor VFM composition, scenario-input population and BEFU26 effective rate",dynamic_RESID_GBR_n150_d1_lr0.05_w36,860.866112388873,6.572848103281672,Current-finalist FY nowcast (3 actual + 1 forecast),2025Q3; 2025Q4; 2026Q1,2026Q2,True,LIGHT_RUC_NET_REVENUE,FY2026,current_basecase,LIGHT_RUC_NET_REVENUE|FY2026|current_basecase
heavy_ruc_net_revenue,Heavy RUC revenue,replacement_line,FY2026,FY2026,current_basecase,basecase,Current planned path,1134.8364690215053,$m nominal ex GST,available,sum quarterly current Heavy RUC net km * BEFU26 effective rate,sum quarterly current Heavy RUC net km * BEFU26 effective rate,forecast_scenario_comparison.parquet; official_annual.csv,current_finalist_model + BEFU26 effective rate,HEAVY_RUC__VNEXT_SOLVED_CONVEX_TOP4,1144.54055343658,-9.704084415074703,Current-finalist FY nowcast (3 actual + 1 forecast),2025Q3; 2025Q4; 2026Q1,2026Q2,True,HEAVY_RUC_NET_REVENUE,FY2026,current_basecase,HEAVY_RUC_NET_REVENUE|FY2026|current_basecase
light_bev_ruc_net_revenue,Light BEV RUC net revenue,replacement_line,FY2026,FY2026,current_basecase,basecase,Current planned path,83.42985462699842,$m nominal ex GST,available,allocated Light BEV RUC km * BEFU26 Light BEV effective rate,allocated Light BEV RUC km * BEFU26 Light BEV effective rate,forecast_scenario_comparison.parquet; official_annual.csv,"raw AR(1) PED bridge and conventional-anchor VFM composition, scenario-input population and BEFU26 effective rate",PED__VNEXT_SOLVED_CONVEX_TOP2; dynamic_RESID_GBR_n150_d1_lr0.05_w36; HEAVY_RUC__VNEXT_SOLVED_CONVEX_TOP4,81.4648074039889,1.9650472230095204,Current-finalist FY nowcast (2 actual + 2 forecast),2025Q3; 2025Q4,2026Q1; 2026Q2,True,LIGHT_BEV_RUC_NET_REVENUE,FY2026,current_basecase,LIGHT_BEV_RUC_NET_REVENUE|FY2026|current_basecase
phev_ruc_net_revenue,PHEV RUC net revenue,replacement_line,FY2026,FY2026,current_basecase,basecase,Current planned path,22.364680858017962,$m nominal ex GST,available,allocated PHEV RUC km * BEFU26 PHEV effective rate,allocated PHEV RUC km * BEFU26 PHEV effective rate,forecast_scenario_comparison.parquet; official_annual.csv,"raw AR(1) PED bridge and conventional-anchor VFM composition, scenario-input population and BEFU26 effective rate",PED__VNEXT_SOLVED_CONVEX_TOP2; dynamic_RESID_GBR_n150_d1_lr0.05_w36; HEAVY_RUC__VNEXT_SOLVED_CONVEX_TOP4,21.8403214998817,0.5243593581362624,Current-finalist FY nowcast (2 actual + 2 forecast),2025Q3; 2025Q4,2026Q1; 2026Q2,True,PHEV_RUC_NET_REVENUE,FY2026,current_basecase,PHEV_RUC_NET_REVENUE|FY2026|current_basecase
total_ruc_net_revenue,Total RUC all classes,calculated_rollup,FY2026,FY2026,current_basecase,basecase,Current planned path,2073.8323474108515,$m nominal ex GST,available,ruc_revenue_net_admin - BEFU26 ruc_refunds,ruc_revenue_net_admin - BEFU26 ruc_refunds,current_hybrid_formula,current_hybrid_formula,PED__VNEXT_SOLVED_CONVEX_TOP2; dynamic_RESID_GBR_n150_d1_lr0.05_w36; HEAVY_RUC__VNEXT_SOLVED_CONVEX_TOP4,2074.47282065665,-0.6404732457986029,Current-finalist FY nowcast (2 actual + 2 forecast),2025Q3; 2025Q4,2026Q1; 2026Q2,True,TOTAL_RUC_NET_REVENUE,FY2026,current_basecase,TOTAL_RUC_NET_REVENUE|FY2026|current_basecase
gross_ped_revenue,PED revenue,replacement_line,FY2026,FY2026,current_basecase,basecase,Current planned path,2145.0341891615885,$m nominal ex GST,available,raw PED/light-petrol VKT * BEFU26 litres intensity / 100 * BEFU26 PED rate,raw PED/light-petrol VKT * BEFU26 litres intensity / 100 * BEFU26 PED rate,forecast_scenario_comparison.parquet; scenario_inputs/scenario_input_wide.parquet; official_annual.csv,"raw AR(1) PED bridge and conventional-anchor VFM composition, scenario-input population and BEFU26 effective rate; population_source=scenario_input_population_with_mbu_population_proxy_for_missing_quarters",PED__VNEXT_SOLVED_CONVEX_TOP2,2038.23929657583,106.79489258575859,Current-finalist FY nowcast (2 actual + 2 forecast),2025Q3; 2025Q4,2026Q1; 2026Q2,True,GROSS_PED_REVENUE,FY2026,current_basecase,GROSS_PED_REVENUE|FY2026|current_basecase
gross_fed_revenue,Gross FED revenue,calculated_rollup,FY2026,FY2026,current_basecase,basecase,Current planned path,2187.079351801779,$m nominal ex GST,available,gross_ped_revenue + BEFU26 gross_lpg_revenue + BEFU26 gross_cng_revenue,gross_ped_revenue + BEFU26 gross_lpg_revenue + BEFU26 gross_cng_revenue,current_hybrid_formula,current_hybrid_formula,PED__VNEXT_SOLVED_CONVEX_TOP2,2080.28445921602,106.79489258575904,Current-finalist FY nowcast (2 actual + 2 forecast),2025Q3; 2025Q4,2026Q1; 2026Q2,True,GROSS_FED_REVENUE,FY2026,current_basecase,GROSS_FED_REVENUE|FY2026|current_basecase
net_fed_revenue,Net FED revenue,calculated_rollup,FY2026,FY2026,current_basecase,basecase,Current planned path,2114.6925455991745,$m nominal ex GST,available,gross_fed_revenue - BEFU26 fed_refunds,gross_fed_revenue - BEFU26 fed_refunds,current_hybrid_formula,current_hybrid_formula,PED__VNEXT_SOLVED_CONVEX_TOP2,2007.89765301342,106.7948925857545,Current-finalist FY nowcast (2 actual + 2 forecast),2025Q3; 2025Q4,2026Q1; 2026Q2,True,NET_FED_REVENUE,FY2026,current_basecase,NET_FED_REVENUE|FY2026|current_basecase
net_mvr_revenue,Net MVR revenue,calculated_rollup,FY2026,FY2026,current_basecase,basecase,Current planned path,393.8747745212369,$m nominal ex GST,available,mvr_revenue_net_admin_coo - mvr_refunds,mvr_revenue_net_admin_coo - mvr_refunds,official_annual.csv,BEFU26 official formula,,393.874774521237,-1.1368683772161603e-13,Current-finalist FY nowcast (2 actual + 2 forecast),2025Q3; 2025Q4,2026Q1; 2026Q2,True,NET_MVR_REVENUE,FY2026,current_basecase,NET_MVR_REVENUE|FY2026|current_basecase
total_nltf_net_revenue,Total NLTF revenue,calculated_rollup,FY2026,FY2026,current_basecase,basecase,Current planned path,4599.805745017675,$m nominal ex GST,available,total_revenue_net_admin - total_refunds,total_revenue_net_admin - total_refunds,current_hybrid_formula,current_hybrid_formula,PED__VNEXT_SOLVED_CONVEX_TOP2; dynamic_RESID_GBR_n150_d1_lr0.05_w36; HEAVY_RUC__VNEXT_SOLVED_CONVEX_TOP4,4493.65132567772,106.15441933995498,Current-finalist FY nowcast (2 actual + 2 forecast),2025Q3; 2025Q4,2026Q1; 2026Q2,True,TOTAL_NLTF_NET_REVENUE,FY2026,current_basecase,TOTAL_NLTF_NET_REVENUE|FY2026|current_basecase
total_fed_ruc_net_revenue,Total RUC+PED revenue,calculated_rollup,FY2026,FY2026,current_basecase,basecase,Current planned path,4188.524893010026,$m nominal ex GST,available,net_fed_revenue + total_ruc_net_revenue,net_fed_revenue + total_ruc_net_revenue,current_hybrid_formula,current_hybrid_formula,PED__VNEXT_SOLVED_CONVEX_TOP2; dynamic_RESID_GBR_n150_d1_lr0.05_w36; HEAVY_RUC__VNEXT_SOLVED_CONVEX_TOP4,4082.37047367007,106.1544193399559,Current-finalist FY nowcast (2 actual + 2 forecast),2025Q3; 2025Q4,2026Q1; 2026Q2,True,TOTAL_FED_RUC_NET_REVENUE,FY2026,current_basecase,TOTAL_FED_RUC_NET_REVENUE|FY2026|current_basecase
light_ruc_net_km,Light RUC net km,bridge_input,FY2026,FY2026,current_comparison_1,comparison,Current planned path,12813.447752201508,million km,available,raw Light RUC conventional model forecast (preserved exactly under the Base uptake basis),raw Light RUC conventional model forecast (preserved exactly under the Base uptake basis),forecast_scenario_comparison.parquet; official_annual.csv,raw AR(1) PED VKT per capita x scenario-input population; raw Light RUC conventional model forecast expanded by MoT VFM 202405 Base uptake shares (conventional_anchor_vfm_composition_v1),dynamic_RESID_GBR_n150_d1_lr0.05_w36,12707.9889982716,105.4587539299082,Current-finalist FY nowcast (3 actual + 1 forecast),2025Q3; 2025Q4; 2026Q1,2026Q2,True,LIGHT_RUC_NET_KM,FY2026,current_comparison_1,LIGHT_RUC_NET_KM|FY2026|current_comparison_1
heavy_ruc_net_km,Heavy RUC net km,bridge_input,FY2026,FY2026,current_comparison_1,comparison,Current planned path,4066.201179575919,million km,available,sum quarterly current finalist Heavy RUC net km,sum quarterly current finalist Heavy RUC net km,forecast_scenario_comparison.parquet,current_finalist_model,HEAVY_RUC__VNEXT_SOLVED_CONVEX_TOP4,4099.61725114751,-33.41607157159069,Current-finalist FY nowcast (3 actual + 1 forecast),2025Q3; 2025Q4; 2026Q1,2026Q2,True,HEAVY_RUC_NET_KM,FY2026,current_comparison_1,HEAVY_RUC_NET_KM|FY2026|current_comparison_1
light_bev_ruc_net_km,Light BEV RUC net km,bridge_input,FY2026,FY2026,current_comparison_1,comparison,Current planned path,1239.3665623439847,million km,available,base pool (conventional / VFM Base conventional share) * VFM Base Light BEV share,base pool (conventional / VFM Base conventional share) * VFM Base Light BEV share,forecast_scenario_comparison.parquet; official_annual.csv,raw AR(1) PED VKT per capita x scenario-input population; raw Light RUC conventional model forecast expanded by MoT VFM 202405 Base uptake shares (conventional_anchor_vfm_composition_v1),PED__VNEXT_SOLVED_CONVEX_TOP2; dynamic_RESID_GBR_n150_d1_lr0.05_w36; HEAVY_RUC__VNEXT_SOLVED_CONVEX_TOP4,1209.37911079624,29.98745154774474,Current-finalist FY nowcast (2 actual + 2 forecast),2025Q3; 2025Q4,2026Q1; 2026Q2,True,LIGHT_BEV_RUC_NET_KM,FY2026,current_comparison_1,LIGHT_BEV_RUC_NET_KM|FY2026|current_comparison_1
phev_ruc_net_km,PHEV RUC net km,bridge_input,FY2026,FY2026,current_comparison_1,comparison,Current planned path,649.0281881522841,million km,available,base pool (conventional / VFM Base conventional share) * VFM Base PHEV share,base pool (conventional / VFM Base conventional share) * VFM Base PHEV share,forecast_scenario_comparison.parquet; official_annual.csv,raw AR(1) PED VKT per capita x scenario-input population; raw Light RUC conventional model forecast expanded by MoT VFM 202405 Base uptake shares (conventional_anchor_vfm_composition_v1),PED__VNEXT_SOLVED_CONVEX_TOP2; dynamic_RESID_GBR_n150_d1_lr0.05_w36; HEAVY_RUC__VNEXT_SOLVED_CONVEX_TOP4,633.39411052937,15.634077622914106,Current-finalist FY nowcast (2 actual + 2 forecast),2025Q3; 2025Q4,2026Q1; 2026Q2,True,PHEV_RUC_NET_KM,FY2026,current_comparison_1,PHEV_RUC_NET_KM|FY2026|current_comparison_1
ped_volume,PED volume,bridge_input,FY2026,FY2026,current_comparison_1,comparison,Current planned path,3066.529385727319,million litres,available,raw PED/light-petrol VKT * BEFU26 litres intensity / 100,raw PED/light-petrol VKT * BEFU26 litres intensity / 100,forecast_scenario_comparison.parquet; scenario_inputs/scenario_input_wide.parquet; official_annual.csv,raw AR(1) PED VKT/capita + scenario-input population (scenario_input_population_with_mbu_population_proxy_for_missing_quarters) + BEFU26 intensity,PED__VNEXT_SOLVED_CONVEX_TOP2,2910.77244455591,155.75694117140893,Current-finalist FY nowcast (2 actual + 2 forecast),2025Q3; 2025Q4,2026Q1; 2026Q2,True,PED_VOLUME,FY2026,current_comparison_1,PED_VOLUME|FY2026|current_comparison_1
ped_vkt_per_capita,PED VKT per capita,bridge_input,FY2026,FY2026,current_comparison_1,comparison,Current planned path,6169.2392325267765,km/person,available,sum quarterly current finalist PED VKT/capita,sum quarterly current finalist PED VKT/capita,forecast_scenario_comparison.parquet,current_finalist_model,PED__VNEXT_SOLVED_CONVEX_TOP2,5860.79487488994,308.4443576368367,Current-finalist FY nowcast (2 actual + 2 forecast),2025Q3; 2025Q4,2026Q1; 2026Q2,True,PED_VKT_PER_CAPITA,FY2026,current_comparison_1,PED_VKT_PER_CAPITA|FY2026|current_comparison_1
light_ruc_net_revenue,Light RUC revenue,replacement_line,FY2026,FY2026,current_comparison_1,comparison,Current planned path,868.010111925335,$m nominal ex GST,available,conventional Light RUC km * BEFU26 conventional Light effective rate,conventional Light RUC km * BEFU26 conventional Light effective rate,forecast_scenario_comparison.parquet; official_annual.csv,"raw AR(1) PED bridge and conventional-anchor VFM composition, scenario-input population and BEFU26 effective rate",dynamic_RESID_GBR_n150_d1_lr0.05_w36,860.866112388873,7.1439995364619335,Current-finalist FY nowcast (3 actual + 1 forecast),2025Q3; 2025Q4; 2026Q1,2026Q2,True,LIGHT_RUC_NET_REVENUE,FY2026,current_comparison_1,LIGHT_RUC_NET_REVENUE|FY2026|current_comparison_1
heavy_ruc_net_revenue,Heavy RUC revenue,replacement_line,FY2026,FY2026,current_comparison_1,comparison,Current planned path,1135.2113778801254,$m nominal ex GST,available,sum quarterly current Heavy RUC net km * BEFU26 effective rate,sum quarterly current Heavy RUC net km * BEFU26 effective rate,forecast_scenario_comparison.parquet; official_annual.csv,current_finalist_model + BEFU26 effective rate,HEAVY_RUC__VNEXT_SOLVED_CONVEX_TOP4,1144.54055343658,-9.32917555645463,Current-finalist FY nowcast (3 actual + 1 forecast),2025Q3; 2025Q4; 2026Q1,2026Q2,True,HEAVY_RUC_NET_REVENUE,FY2026,current_comparison_1,HEAVY_RUC_NET_REVENUE|FY2026|current_comparison_1
light_bev_ruc_net_revenue,Light BEV RUC net revenue,replacement_line,FY2026,FY2026,current_comparison_1,comparison,Current planned path,83.48478769227508,$m nominal ex GST,available,allocated Light BEV RUC km * BEFU26 Light BEV effective rate,allocated Light BEV RUC km * BEFU26 Light BEV effective rate,forecast_scenario_comparison.parquet; official_annual.csv,"raw AR(1) PED bridge and conventional-anchor VFM composition, scenario-input population and BEFU26 effective rate",PED__VNEXT_SOLVED_CONVEX_TOP2; dynamic_RESID_GBR_n150_d1_lr0.05_w36; HEAVY_RUC__VNEXT_SOLVED_CONVEX_TOP4,81.4648074039889,2.0199802882861775,Current-finalist FY nowcast (2 actual + 2 forecast),2025Q3; 2025Q4,2026Q1; 2026Q2,True,LIGHT_BEV_RUC_NET_REVENUE,FY2026,current_comparison_1,LIGHT_BEV_RUC_NET_REVENUE|FY2026|current_comparison_1
phev_ruc_net_revenue,PHEV RUC net revenue,replacement_line,FY2026,FY2026,current_comparison_1,comparison,Current planned path,22.379406527611394,$m nominal ex GST,available,allocated PHEV RUC km * BEFU26 PHEV effective rate,allocated PHEV RUC km * BEFU26 PHEV effective rate,forecast_scenario_comparison.parquet; official_annual.csv,"raw AR(1) PED bridge and conventional-anchor VFM composition, scenario-input population and BEFU26 effective rate",PED__VNEXT_SOLVED_CONVEX_TOP2; dynamic_RESID_GBR_n150_d1_lr0.05_w36; HEAVY_RUC__VNEXT_SOLVED_CONVEX_TOP4,21.8403214998817,0.5390850277296941,Current-finalist FY nowcast (2 actual + 2 forecast),2025Q3; 2025Q4,2026Q1; 2026Q2,True,PHEV_RUC_NET_REVENUE,FY2026,current_comparison_1,PHEV_RUC_NET_REVENUE|FY2026|current_comparison_1
total_ruc_net_revenue,Total RUC all classes,calculated_rollup,FY2026,FY2026,current_comparison_1,comparison,Current planned path,2074.848066437522,$m nominal ex GST,available,ruc_revenue_net_admin - BEFU26 ruc_refunds,ruc_revenue_net_admin - BEFU26 ruc_refunds,current_hybrid_formula,current_hybrid_formula,PED__VNEXT_SOLVED_CONVEX_TOP2; dynamic_RESID_GBR_n150_d1_lr0.05_w36; HEAVY_RUC__VNEXT_SOLVED_CONVEX_TOP4,2074.47282065665,0.37524578087186455,Current-finalist FY nowcast (2 actual + 2 forecast),2025Q3; 2025Q4,2026Q1; 2026Q2,True,TOTAL_RUC_NET_REVENUE,FY2026,current_comparison_1,TOTAL_RUC_NET_REVENUE|FY2026|current_comparison_1
gross_ped_revenue,PED revenue,replacement_line,FY2026,FY2026,current_comparison_1,comparison,Current planned path,2147.3065370616973,$m nominal ex GST,available,raw PED/light-petrol VKT * BEFU26 litres intensity / 100 * BEFU26 PED rate,raw PED/light-petrol VKT * BEFU26 litres intensity / 100 * BEFU26 PED rate,forecast_scenario_comparison.parquet; scenario_inputs/scenario_input_wide.parquet; official_annual.csv,"raw AR(1) PED bridge and conventional-anchor VFM composition, scenario-input population and BEFU26 effective rate; population_source=scenario_input_population_with_mbu_population_proxy_for_missing_quarters",PED__VNEXT_SOLVED_CONVEX_TOP2,2038.23929657583,109.06724048586739,Current-finalist FY nowcast (2 actual + 2 forecast),2025Q3; 2025Q4,2026Q1; 2026Q2,True,GROSS_PED_REVENUE,FY2026,current_comparison_1,GROSS_PED_REVENUE|FY2026|current_comparison_1
gross_fed_revenue,Gross FED revenue,calculated_rollup,FY2026,FY2026,current_comparison_1,comparison,Current planned path,2189.351699701888,$m nominal ex GST,available,gross_ped_revenue + BEFU26 gross_lpg_revenue + BEFU26 gross_cng_revenue,gross_ped_revenue + BEFU26 gross_lpg_revenue + BEFU26 gross_cng_revenue,current_hybrid_formula,current_hybrid_formula,PED__VNEXT_SOLVED_CONVEX_TOP2,2080.28445921602,109.06724048586784,Current-finalist FY nowcast (2 actual + 2 forecast),2025Q3; 2025Q4,2026Q1; 2026Q2,True,GROSS_FED_REVENUE,FY2026,current_comparison_1,GROSS_FED_REVENUE|FY2026|current_comparison_1
net_fed_revenue,Net FED revenue,calculated_rollup,FY2026,FY2026,current_comparison_1,comparison,Current planned path,2116.9648934992833,$m nominal ex GST,available,gross_fed_revenue - BEFU26 fed_refunds,gross_fed_revenue - BEFU26 fed_refunds,current_hybrid_formula,current_hybrid_formula,PED__VNEXT_SOLVED_CONVEX_TOP2,2007.89765301342,109.0672404858633,Current-finalist FY nowcast (2 actual + 2 forecast),2025Q3; 2025Q4,2026Q1; 2026Q2,True,NET_FED_REVENUE,FY2026,current_comparison_1,NET_FED_REVENUE|FY2026|current_comparison_1
net_mvr_revenue,Net MVR revenue,calculated_rollup,FY2026,FY2026,current_comparison_1,comparison,Current planned path,393.8747745212369,$m nominal ex GST,available,mvr_revenue_net_admin_coo - mvr_refunds,mvr_revenue_net_admin_coo - mvr_refunds,official_annual.csv,BEFU26 official formula,,393.874774521237,-1.1368683772161603e-13,Current-finalist FY nowcast (2 actual + 2 forecast),2025Q3; 2025Q4,2026Q1; 2026Q2,True,NET_MVR_REVENUE,FY2026,current_comparison_1,NET_MVR_REVENUE|FY2026|current_comparison_1
total_nltf_net_revenue,Total NLTF revenue,calculated_rollup,FY2026,FY2026,current_comparison_1,comparison,Current planned path,4603.093811944454,$m nominal ex GST,available,total_revenue_net_admin - total_refunds,total_revenue_net_admin - total_refunds,current_hybrid_formula,current_hybrid_formula,PED__VNEXT_SOLVED_CONVEX_TOP2; dynamic_RESID_GBR_n150_d1_lr0.05_w36; HEAVY_RUC__VNEXT_SOLVED_CONVEX_TOP4,4493.65132567772,109.4424862667338,Current-finalist FY nowcast (2 actual + 2 forecast),2025Q3; 2025Q4,2026Q1; 2026Q2,True,TOTAL_NLTF_NET_REVENUE,FY2026,current_comparison_1,TOTAL_NLTF_NET_REVENUE|FY2026|current_comparison_1
total_fed_ruc_net_revenue,Total RUC+PED revenue,calculated_rollup,FY2026,FY2026,current_comparison_1,comparison,Current planned path,4191.812959936806,$m nominal ex GST,available,net_fed_revenue + total_ruc_net_revenue,net_fed_revenue + total_ruc_net_revenue,current_hybrid_formula,current_hybrid_formula,PED__VNEXT_SOLVED_CONVEX_TOP2; dynamic_RESID_GBR_n150_d1_lr0.05_w36; HEAVY_RUC__VNEXT_SOLVED_CONVEX_TOP4,4082.37047367007,109.44248626673561,Current-finalist FY nowcast (2 actual + 2 forecast),2025Q3; 2025Q4,2026Q1; 2026Q2,True,TOTAL_FED_RUC_NET_REVENUE,FY2026,current_comparison_1,TOTAL_FED_RUC_NET_REVENUE|FY2026|current_comparison_1
light_ruc_net_km,Light RUC net km,bridge_input,FY2027,FY2027,current_basecase,basecase,Current planned path,12884.412921103954,million km,available,raw Light RUC conventional model forecast (preserved exactly under the Base uptake basis),raw Light RUC conventional model forecast (preserved exactly under the Base uptake basis),forecast_scenario_comparison.parquet; official_annual.csv,raw AR(1) PED VKT per capita x scenario-input population; raw Light RUC conventional model forecast expanded by MoT VFM 202405 Base uptake shares (conventional_anchor_vfm_composition_v1),dynamic_RESID_GBR_n150_d1_lr0.05_w36,12458.8356197041,425.57730139985506,current_finalist_forecast,,2026Q3; 2026Q4; 2027Q1; 2027Q2,False,LIGHT_RUC_NET_KM,FY2027,current_basecase,LIGHT_RUC_NET_KM|FY2027|current_basecase
heavy_ruc_net_km,Heavy RUC net km,bridge_input,FY2027,FY2027,current_basecase,basecase,Current planned path,4102.648453941279,million km,available,sum quarterly current finalist Heavy RUC net km,sum quarterly current finalist Heavy RUC net km,forecast_scenario_comparison.parquet,current_finalist_model,HEAVY_RUC__VNEXT_SOLVED_CONVEX_TOP4,4234.60357706342,-131.95512312214123,current_finalist_forecast,,2026Q3; 2026Q4; 2027Q1; 2027Q2,False,HEAVY_RUC_NET_KM,FY2027,current_basecase,HEAVY_RUC_NET_KM|FY2027|current_basecase
light_bev_ruc_net_km,Light BEV RUC net km,bridge_input,FY2027,FY2027,current_basecase,basecase,Current planned path,1539.4354765615176,million km,available,base pool (conventional / VFM Base conventional share) * VFM Base Light BEV share,base pool (conventional / VFM Base conventional share) * VFM Base Light BEV share,forecast_scenario_comparison.parquet; official_annual.csv,raw AR(1) PED VKT per capita x scenario-input population; raw Light RUC conventional model forecast expanded by MoT VFM 202405 Base uptake shares (conventional_anchor_vfm_composition_v1),PED__VNEXT_SOLVED_CONVEX_TOP2; dynamic_RESID_GBR_n150_d1_lr0.05_w36; HEAVY_RUC__VNEXT_SOLVED_CONVEX_TOP4,1572.19480045545,-32.75932389393233,current_finalist_forecast,,2026Q3; 2026Q4; 2027Q1; 2027Q2,False,LIGHT_BEV_RUC_NET_KM,FY2027,current_basecase,LIGHT_BEV_RUC_NET_KM|FY2027|current_basecase
phev_ruc_net_km,PHEV RUC net km,bridge_input,FY2027,FY2027,current_basecase,basecase,Current planned path,844.0725878349956,million km,available,base pool (conventional / VFM Base conventional share) * VFM Base PHEV share,base pool (conventional / VFM Base conventional share) * VFM Base PHEV share,forecast_scenario_comparison.parquet; official_annual.csv,raw AR(1) PED VKT per capita x scenario-input population; raw Light RUC conventional model forecast expanded by MoT VFM 202405 Base uptake shares (conventional_anchor_vfm_composition_v1),PED__VNEXT_SOLVED_CONVEX_TOP2; dynamic_RESID_GBR_n150_d1_lr0.05_w36; HEAVY_RUC__VNEXT_SOLVED_CONVEX_TOP4,866.45343854562,-22.380850710624372,current_finalist_forecast,,2026Q3; 2026Q4; 2027Q1; 2027Q2,False,PHEV_RUC_NET_KM,FY2027,current_basecase,PHEV_RUC_NET_KM|FY2027|current_basecase
ped_volume,PED volume,bridge_input,FY2027,FY2027,current_basecase,basecase,Current planned path,2988.084597834288,million litres,available,raw PED/light-petrol VKT * BEFU26 litres intensity / 100,raw PED/light-petrol VKT * BEFU26 litres intensity / 100,forecast_scenario_comparison.parquet; scenario_inputs/scenario_input_wide.parquet; official_annual.csv,raw AR(1) PED VKT/capita + scenario-input population (scenario_input_population) + BEFU26 intensity,PED__VNEXT_SOLVED_CONVEX_TOP2,2843.76392941454,144.32066841974802,current_finalist_forecast,,2026Q3; 2026Q4; 2027Q1; 2027Q2,False,PED_VOLUME,FY2027,current_basecase,PED_VOLUME|FY2027|current_basecase
ped_vkt_per_capita,PED VKT per capita,bridge_input,FY2027,FY2027,current_basecase,basecase,Current planned path,6141.008454644322,km/person,available,sum quarterly current finalist PED VKT/capita,sum quarterly current finalist PED VKT/capita,forecast_scenario_comparison.parquet,current_finalist_model,PED__VNEXT_SOLVED_CONVEX_TOP2,5816.72597882556,324.2824758187626,current_finalist_forecast,,2026Q3; 2026Q4; 2027Q1; 2027Q2,False,PED_VKT_PER_CAPITA,FY2027,current_basecase,PED_VKT_PER_CAPITA|FY2027|current_basecase
light_ruc_net_revenue,Light RUC revenue,replacement_line,FY2027,FY2027,current_basecase,basecase,Current planned path,940.1600224373842,$m nominal ex GST,available,conventional Light RUC km * BEFU26 conventional Light effective rate,conventional Light RUC km * BEFU26 conventional Light effective rate,forecast_scenario_comparison.parquet; official_annual.csv,"raw AR(1) PED bridge and conventional-anchor VFM composition, scenario-input population and BEFU26 effective rate",dynamic_RESID_GBR_n150_d1_lr0.05_w36,909.106161645825,31.05386079155926,current_finalist_forecast,,2026Q3; 2026Q4; 2027Q1; 2027Q2,False,LIGHT_RUC_NET_REVENUE,FY2027,current_basecase,LIGHT_RUC_NET_REVENUE|FY2027|current_basecase
heavy_ruc_net_revenue,Heavy RUC revenue,replacement_line,FY2027,FY2027,current_basecase,basecase,Current planned path,1232.1435318108831,$m nominal ex GST,available,sum quarterly current Heavy RUC net km * BEFU26 effective rate,sum quarterly current Heavy RUC net km * BEFU26 effective rate,forecast_scenario_comparison.parquet; official_annual.csv,current_finalist_model + BEFU26 effective rate,HEAVY_RUC__VNEXT_SOLVED_CONVEX_TOP4,1271.77345703347,-39.62992522258696,current_finalist_forecast,,2026Q3; 2026Q4; 2027Q1; 2027Q2,False,HEAVY_RUC_NET_REVENUE,FY2027,current_basecase,HEAVY_RUC_NET_REVENUE|FY2027|current_basecase
light_bev_ruc_net_revenue,Light BEV RUC net revenue,replacement_line,FY2027,FY2027,current_basecase,basecase,Current planned path,112.24552225578641,$m nominal ex GST,available,allocated Light BEV RUC km * BEFU26 Light BEV effective rate,allocated Light BEV RUC km * BEFU26 Light BEV effective rate,forecast_scenario_comparison.parquet; official_annual.csv,"raw AR(1) PED bridge and conventional-anchor VFM composition, scenario-input population and BEFU26 effective rate",PED__VNEXT_SOLVED_CONVEX_TOP2; dynamic_RESID_GBR_n150_d1_lr0.05_w36; HEAVY_RUC__VNEXT_SOLVED_CONVEX_TOP4,114.634116955081,-2.388594699294586,current_finalist_forecast,,2026Q3; 2026Q4; 2027Q1; 2027Q2,False,LIGHT_BEV_RUC_NET_REVENUE,FY2027,current_basecase,LIGHT_BEV_RUC_NET_REVENUE|FY2027|current_basecase
phev_ruc_net_revenue,PHEV RUC net revenue,replacement_line,FY2027,FY2027,current_basecase,basecase,Current planned path,30.889150690580337,$m nominal ex GST,available,allocated PHEV RUC km * BEFU26 PHEV effective rate,allocated PHEV RUC km * BEFU26 PHEV effective rate,forecast_scenario_comparison.parquet; official_annual.csv,"raw AR(1) PED bridge and conventional-anchor VFM composition, scenario-input population and BEFU26 effective rate",PED__VNEXT_SOLVED_CONVEX_TOP2; dynamic_RESID_GBR_n150_d1_lr0.05_w36; HEAVY_RUC__VNEXT_SOLVED_CONVEX_TOP4,31.7081862571269,-0.8190355665465638,current_finalist_forecast,,2026Q3; 2026Q4; 2027Q1; 2027Q2,False,PHEV_RUC_NET_REVENUE,FY2027,current_basecase,PHEV_RUC_NET_REVENUE|FY2027|current_basecase
total_ruc_net_revenue,Total RUC all classes,calculated_rollup,FY2027,FY2027,current_basecase,basecase,Current planned path,2280.545090691793,$m nominal ex GST,available,ruc_revenue_net_admin - BEFU26 ruc_refunds,ruc_revenue_net_admin - BEFU26 ruc_refunds,current_hybrid_formula,current_hybrid_formula,PED__VNEXT_SOLVED_CONVEX_TOP2; dynamic_RESID_GBR_n150_d1_lr0.05_w36; HEAVY_RUC__VNEXT_SOLVED_CONVEX_TOP4,2292.95579741521,-12.410706723416752,current_finalist_forecast,,2026Q3; 2026Q4; 2027Q1; 2027Q2,False,TOTAL_RUC_NET_REVENUE,FY2027,current_basecase,TOTAL_RUC_NET_REVENUE|FY2027|current_basecase
gross_ped_revenue,PED revenue,replacement_line,FY2027,FY2027,current_basecase,basecase,Current planned path,2271.1971624757975,$m nominal ex GST,available,raw PED/light-petrol VKT * BEFU26 litres intensity / 100 * BEFU26 PED rate,raw PED/light-petrol VKT * BEFU26 litres intensity / 100 * BEFU26 PED rate,forecast_scenario_comparison.parquet; scenario_inputs/scenario_input_wide.parquet; official_annual.csv,"raw AR(1) PED bridge and conventional-anchor VFM composition, scenario-input population and BEFU26 effective rate; population_source=scenario_input_population",PED__VNEXT_SOLVED_CONVEX_TOP2,2161.50124126958,109.69592120621746,current_finalist_forecast,,2026Q3; 2026Q4; 2027Q1; 2027Q2,False,GROSS_PED_REVENUE,FY2027,current_basecase,GROSS_PED_REVENUE|FY2027|current_basecase
gross_fed_revenue,Gross FED revenue,calculated_rollup,FY2027,FY2027,current_basecase,basecase,Current planned path,2313.8298522961386,$m nominal ex GST,available,gross_ped_revenue + BEFU26 gross_lpg_revenue + BEFU26 gross_cng_revenue,gross_ped_revenue + BEFU26 gross_lpg_revenue + BEFU26 gross_cng_revenue,current_hybrid_formula,current_hybrid_formula,PED__VNEXT_SOLVED_CONVEX_TOP2,2204.13393108992,109.69592120621837,current_finalist_forecast,,2026Q3; 2026Q4; 2027Q1; 2027Q2,False,GROSS_FED_REVENUE,FY2027,current_basecase,GROSS_FED_REVENUE|FY2027|current_basecase
net_fed_revenue,Net FED revenue,calculated_rollup,FY2027,FY2027,current_basecase,basecase,Current planned path,2233.1768916064866,$m nominal ex GST,available,gross_fed_revenue - BEFU26 fed_refunds,gross_fed_revenue - BEFU26 fed_refunds,current_hybrid_formula,current_hybrid_formula,PED__VNEXT_SOLVED_CONVEX_TOP2,2123.48097040027,109.69592120621655,current_finalist_forecast,,2026Q3; 2026Q4; 2027Q1; 2027Q2,False,NET_FED_REVENUE,FY2027,current_basecase,NET_FED_REVENUE|FY2027|current_basecase
net_mvr_revenue,Net MVR revenue,calculated_rollup,FY2027,FY2027,current_basecase,basecase,Current planned path,484.04699017200664,$m nominal ex GST,available,mvr_revenue_net_admin_coo - mvr_refunds,mvr_revenue_net_admin_coo - mvr_refunds,official_annual.csv,BEFU26 official formula,,484.046990172007,-3.410605131648481e-13,current_finalist_forecast,,2026Q3; 2026Q4; 2027Q1; 2027Q2,False,NET_MVR_REVENUE,FY2027,current_basecase,NET_MVR_REVENUE|FY2027|current_basecase
total_nltf_net_revenue,Total NLTF revenue,calculated_rollup,FY2027,FY2027,current_basecase,basecase,Current planned path,5015.326872163112,$m nominal ex GST,available,total_revenue_net_admin - total_refunds,total_revenue_net_admin - total_refunds,current_hybrid_formula,current_hybrid_formula,PED__VNEXT_SOLVED_CONVEX_TOP2; dynamic_RESID_GBR_n150_d1_lr0.05_w36; HEAVY_RUC__VNEXT_SOLVED_CONVEX_TOP4,4918.0416576803,97.28521448281208,current_finalist_forecast,,2026Q3; 2026Q4; 2027Q1; 2027Q2,False,TOTAL_NLTF_NET_REVENUE,FY2027,current_basecase,TOTAL_NLTF_NET_REVENUE|FY2027|current_basecase
total_fed_ruc_net_revenue,Total RUC+PED revenue,calculated_rollup,FY2027,FY2027,current_basecase,basecase,Current planned path,4513.72198229828,$m nominal ex GST,available,net_fed_revenue + total_ruc_net_revenue,net_fed_revenue + total_ruc_net_revenue,current_hybrid_formula,current_hybrid_formula,PED__VNEXT_SOLVED_CONVEX_TOP2; dynamic_RESID_GBR_n150_d1_lr0.05_w36; HEAVY_RUC__VNEXT_SOLVED_CONVEX_TOP4,4416.43676781548,97.28521448279935,current_finalist_forecast,,2026Q3; 2026Q4; 2027Q1; 2027Q2,False,TOTAL_FED_RUC_NET_REVENUE,FY2027,current_basecase,TOTAL_FED_RUC_NET_REVENUE|FY2027|current_basecase
light_ruc_net_km,Light RUC net km,bridge_input,FY2027,FY2027,current_comparison_1,comparison,Current planned path,12961.948272829242,million km,available,raw Light RUC conventional model forecast (preserved exactly under the Base uptake basis),raw Light RUC conventional model forecast (preserved exactly under the Base uptake basis),forecast_scenario_comparison.parquet; official_annual.csv,raw AR(1) PED VKT per capita x scenario-input population; raw Light RUC conventional model forecast expanded by MoT VFM 202405 Base uptake shares (conventional_anchor_vfm_composition_v1),dynamic_RESID_GBR_n150_d1_lr0.05_w36,12458.8356197041,503.11265312514297,current_finalist_forecast,,2026Q3; 2026Q4; 2027Q1; 2027Q2,False,LIGHT_RUC_NET_KM,FY2027,current_comparison_1,LIGHT_RUC_NET_KM|FY2027|current_comparison_1
heavy_ruc_net_km,Heavy RUC net km,bridge_input,FY2027,FY2027,current_comparison_1,comparison,Current planned path,4110.916527916741,million km,available,sum quarterly current finalist Heavy RUC net km,sum quarterly current finalist Heavy RUC net km,forecast_scenario_comparison.parquet,current_finalist_model,HEAVY_RUC__VNEXT_SOLVED_CONVEX_TOP4,4234.60357706342,-123.68704914667887,current_finalist_forecast,,2026Q3; 2026Q4; 2027Q1; 2027Q2,False,HEAVY_RUC_NET_KM,FY2027,current_comparison_1,HEAVY_RUC_NET_KM|FY2027|current_comparison_1
light_bev_ruc_net_km,Light BEV RUC net km,bridge_input,FY2027,FY2027,current_comparison_1,comparison,Current planned path,1548.6994354135409,million km,available,base pool (conventional / VFM Base conventional share) * VFM Base Light BEV share,base pool (conventional / VFM Base conventional share) * VFM Base Light BEV share,forecast_scenario_comparison.parquet; official_annual.csv,raw AR(1) PED VKT per capita x scenario-input population; raw Light RUC conventional model forecast expanded by MoT VFM 202405 Base uptake shares (conventional_anchor_vfm_composition_v1),PED__VNEXT_SOLVED_CONVEX_TOP2; dynamic_RESID_GBR_n150_d1_lr0.05_w36; HEAVY_RUC__VNEXT_SOLVED_CONVEX_TOP4,1572.19480045545,-23.495365041909054,current_finalist_forecast,,2026Q3; 2026Q4; 2027Q1; 2027Q2,False,LIGHT_BEV_RUC_NET_KM,FY2027,current_comparison_1,LIGHT_BEV_RUC_NET_KM|FY2027|current_comparison_1
phev_ruc_net_km,PHEV RUC net km,bridge_input,FY2027,FY2027,current_comparison_1,comparison,Current planned path,849.1520171718391,million km,available,base pool (conventional / VFM Base conventional share) * VFM Base PHEV share,base pool (conventional / VFM Base conventional share) * VFM Base PHEV share,forecast_scenario_comparison.parquet; official_annual.csv,raw AR(1) PED VKT per capita x scenario-input population; raw Light RUC conventional model forecast expanded by MoT VFM 202405 Base uptake shares (conventional_anchor_vfm_composition_v1),PED__VNEXT_SOLVED_CONVEX_TOP2; dynamic_RESID_GBR_n150_d1_lr0.05_w36; HEAVY_RUC__VNEXT_SOLVED_CONVEX_TOP4,866.45343854562,-17.30142137378084,current_finalist_forecast,,2026Q3; 2026Q4; 2027Q1; 2027Q2,False,PHEV_RUC_NET_KM,FY2027,current_comparison_1,PHEV_RUC_NET_KM|FY2027|current_comparison_1
ped_volume,PED volume,bridge_input,FY2027,FY2027,current_comparison_1,comparison,Current planned path,3007.5532419762912,million litres,available,raw PED/light-petrol VKT * BEFU26 litres intensity / 100,raw PED/light-petrol VKT * BEFU26 litres intensity / 100,forecast_scenario_comparison.parquet; scenario_inputs/scenario_input_wide.parquet; official_annual.csv,raw AR(1) PED VKT/capita + scenario-input population (scenario_input_population) + BEFU26 intensity,PED__VNEXT_SOLVED_CONVEX_TOP2,2843.76392941454,163.7893125617511,current_finalist_forecast,,2026Q3; 2026Q4; 2027Q1; 2027Q2,False,PED_VOLUME,FY2027,current_comparison_1,PED_VOLUME|FY2027|current_comparison_1
ped_vkt_per_capita,PED VKT per capita,bridge_input,FY2027,FY2027,current_comparison_1,comparison,Current planned path,6138.803634393285,km/person,available,sum quarterly current finalist PED VKT/capita,sum quarterly current finalist PED VKT/capita,forecast_scenario_comparison.parquet,current_finalist_model,PED__VNEXT_SOLVED_CONVEX_TOP2,5816.72597882556,322.07765556772574,current_finalist_forecast,,2026Q3; 2026Q4; 2027Q1; 2027Q2,False,PED_VKT_PER_CAPITA,FY2027,current_comparison_1,PED_VKT_PER_CAPITA|FY2027|current_comparison_1
light_ruc_net_revenue,Light RUC revenue,replacement_line,FY2027,FY2027,current_comparison_1,comparison,Current planned path,945.8176832453779,$m nominal ex GST,available,conventional Light RUC km * BEFU26 conventional Light effective rate,conventional Light RUC km * BEFU26 conventional Light effective rate,forecast_scenario_comparison.parquet; official_annual.csv,"raw AR(1) PED bridge and conventional-anchor VFM composition, scenario-input population and BEFU26 effective rate",dynamic_RESID_GBR_n150_d1_lr0.05_w36,909.106161645825,36.71152159955295,current_finalist_forecast,,2026Q3; 2026Q4; 2027Q1; 2027Q2,False,LIGHT_RUC_NET_REVENUE,FY2027,current_comparison_1,LIGHT_RUC_NET_REVENUE|FY2027|current_comparison_1
heavy_ruc_net_revenue,Heavy RUC revenue,replacement_line,FY2027,FY2027,current_comparison_1,comparison,Current planned path,1234.6266726365643,$m nominal ex GST,available,sum quarterly current Heavy RUC net km * BEFU26 effective rate,sum quarterly current Heavy RUC net km * BEFU26 effective rate,forecast_scenario_comparison.parquet; official_annual.csv,current_finalist_model + BEFU26 effective rate,HEAVY_RUC__VNEXT_SOLVED_CONVEX_TOP4,1271.77345703347,-37.14678439690579,current_finalist_forecast,,2026Q3; 2026Q4; 2027Q1; 2027Q2,False,HEAVY_RUC_NET_REVENUE,FY2027,current_comparison_1,HEAVY_RUC_NET_REVENUE|FY2027|current_comparison_1
light_bev_ruc_net_revenue,Light BEV RUC net revenue,replacement_line,FY2027,FY2027,current_comparison_1,comparison,Current planned path,112.9209892794671,$m nominal ex GST,available,allocated Light BEV RUC km * BEFU26 Light BEV effective rate,allocated Light BEV RUC km * BEFU26 Light BEV effective rate,forecast_scenario_comparison.parquet; official_annual.csv,"raw AR(1) PED bridge and conventional-anchor VFM composition, scenario-input population and BEFU26 effective rate",PED__VNEXT_SOLVED_CONVEX_TOP2; dynamic_RESID_GBR_n150_d1_lr0.05_w36; HEAVY_RUC__VNEXT_SOLVED_CONVEX_TOP4,114.634116955081,-1.7131276756139044,current_finalist_forecast,,2026Q3; 2026Q4; 2027Q1; 2027Q2,False,LIGHT_BEV_RUC_NET_REVENUE,FY2027,current_comparison_1,LIGHT_BEV_RUC_NET_REVENUE|FY2027|current_comparison_1
phev_ruc_net_revenue,PHEV RUC net revenue,replacement_line,FY2027,FY2027,current_comparison_1,comparison,Current planned path,31.075034298778483,$m nominal ex GST,available,allocated PHEV RUC km * BEFU26 PHEV effective rate,allocated PHEV RUC km * BEFU26 PHEV effective rate,forecast_scenario_comparison.parquet; official_annual.csv,"raw AR(1) PED bridge and conventional-anchor VFM composition, scenario-input population and BEFU26 effective rate",PED__VNEXT_SOLVED_CONVEX_TOP2; dynamic_RESID_GBR_n150_d1_lr0.05_w36; HEAVY_RUC__VNEXT_SOLVED_CONVEX_TOP4,31.7081862571269,-0.6331519583484173,current_finalist_forecast,,2026Q3; 2026Q4; 2027Q1; 2027Q2,False,PHEV_RUC_NET_REVENUE,FY2027,current_comparison_1,PHEV_RUC_NET_REVENUE|FY2027|current_comparison_1
total_ruc_net_revenue,Total RUC all classes,calculated_rollup,FY2027,FY2027,current_comparison_1,comparison,Current planned path,2289.5472429573465,$m nominal ex GST,available,ruc_revenue_net_admin - BEFU26 ruc_refunds,ruc_revenue_net_admin - BEFU26 ruc_refunds,current_hybrid_formula,current_hybrid_formula,PED__VNEXT_SOLVED_CONVEX_TOP2; dynamic_RESID_GBR_n150_d1_lr0.05_w36; HEAVY_RUC__VNEXT_SOLVED_CONVEX_TOP4,2292.95579741521,-3.4085544578633744,current_finalist_forecast,,2026Q3; 2026Q4; 2027Q1; 2027Q2,False,TOTAL_RUC_NET_REVENUE,FY2027,current_comparison_1,TOTAL_RUC_NET_REVENUE|FY2027|current_comparison_1
gross_ped_revenue,PED revenue,replacement_line,FY2027,FY2027,current_comparison_1,comparison,Current planned path,2285.99497956726,$m nominal ex GST,available,raw PED/light-petrol VKT * BEFU26 litres intensity / 100 * BEFU26 PED rate,raw PED/light-petrol VKT * BEFU26 litres intensity / 100 * BEFU26 PED rate,forecast_scenario_comparison.parquet; scenario_inputs/scenario_input_wide.parquet; official_annual.csv,"raw AR(1) PED bridge and conventional-anchor VFM composition, scenario-input population and BEFU26 effective rate; population_source=scenario_input_population",PED__VNEXT_SOLVED_CONVEX_TOP2,2161.50124126958,124.49373829768001,current_finalist_forecast,,2026Q3; 2026Q4; 2027Q1; 2027Q2,False,GROSS_PED_REVENUE,FY2027,current_comparison_1,GROSS_PED_REVENUE|FY2027|current_comparison_1
gross_fed_revenue,Gross FED revenue,calculated_rollup,FY2027,FY2027,current_comparison_1,comparison,Current planned path,2328.627669387601,$m nominal ex GST,available,gross_ped_revenue + BEFU26 gross_lpg_revenue + BEFU26 gross_cng_revenue,gross_ped_revenue + BEFU26 gross_lpg_revenue + BEFU26 gross_cng_revenue,current_hybrid_formula,current_hybrid_formula,PED__VNEXT_SOLVED_CONVEX_TOP2,2204.13393108992,124.49373829768092,current_finalist_forecast,,2026Q3; 2026Q4; 2027Q1; 2027Q2,False,GROSS_FED_REVENUE,FY2027,current_comparison_1,GROSS_FED_REVENUE|FY2027|current_comparison_1
net_fed_revenue,Net FED revenue,calculated_rollup,FY2027,FY2027,current_comparison_1,comparison,Current planned path,2247.974708697949,$m nominal ex GST,available,gross_fed_revenue - BEFU26 fed_refunds,gross_fed_revenue - BEFU26 fed_refunds,current_hybrid_formula,current_hybrid_formula,PED__VNEXT_SOLVED_CONVEX_TOP2,2123.48097040027,124.4937382976791,current_finalist_forecast,,2026Q3; 2026Q4; 2027Q1; 2027Q2,False,NET_FED_REVENUE,FY2027,current_comparison_1,NET_FED_REVENUE|FY2027|current_comparison_1
net_mvr_revenue,Net MVR revenue,calculated_rollup,FY2027,FY2027,current_comparison_1,comparison,Current planned path,484.04699017200664,$m nominal ex GST,available,mvr_revenue_net_admin_coo - mvr_refunds,mvr_revenue_net_admin_coo - mvr_refunds,official_annual.csv,BEFU26 official formula,,484.046990172007,-3.410605131648481e-13,current_finalist_forecast,,2026Q3; 2026Q4; 2027Q1; 2027Q2,False,NET_MVR_REVENUE,FY2027,current_comparison_1,NET_MVR_REVENUE|FY2027|current_comparison_1
total_nltf_net_revenue,Total NLTF revenue,calculated_rollup,FY2027,FY2027,current_comparison_1,comparison,Current planned path,5039.1268415201275,$m nominal ex GST,available,total_revenue_net_admin - total_refunds,total_revenue_net_admin - total_refunds,current_hybrid_formula,current_hybrid_formula,PED__VNEXT_SOLVED_CONVEX_TOP2; dynamic_RESID_GBR_n150_d1_lr0.05_w36; HEAVY_RUC__VNEXT_SOLVED_CONVEX_TOP4,4918.0416576803,121.08518383982755,current_finalist_forecast,,2026Q3; 2026Q4; 2027Q1; 2027Q2,False,TOTAL_NLTF_NET_REVENUE,FY2027,current_comparison_1,TOTAL_NLTF_NET_REVENUE|FY2027|current_comparison_1
total_fed_ruc_net_revenue,Total RUC+PED revenue,calculated_rollup,FY2027,FY2027,current_comparison_1,comparison,Current planned path,4537.521951655295,$m nominal ex GST,available,net_fed_revenue + total_ruc_net_revenue,net_fed_revenue + total_ruc_net_revenue,current_hybrid_formula,current_hybrid_formula,PED__VNEXT_SOLVED_CONVEX_TOP2; dynamic_RESID_GBR_n150_d1_lr0.05_w36; HEAVY_RUC__VNEXT_SOLVED_CONVEX_TOP4,4416.43676781548,121.08518383981482,current_finalist_forecast,,2026Q3; 2026Q4; 2027Q1; 2027Q2,False,TOTAL_FED_RUC_NET_REVENUE,FY2027,current_comparison_1,TOTAL_FED_RUC_NET_REVENUE|FY2027|current_comparison_1
light_ruc_net_km,Light RUC net km,bridge_input,FY2028,FY2028,current_basecase,basecase,Current planned path,13372.423680284686,million km,available,raw Light RUC conventional model forecast (preserved exactly under the Base uptake basis),raw Light RUC conventional model forecast (preserved exactly under the Base uptake basis),forecast_scenario_comparison.parquet; official_annual.csv,raw AR(1) PED VKT per capita x scenario-input population; raw Light RUC conventional model forecast expanded by MoT VFM 202405 Base uptake shares (conventional_anchor_vfm_composition_v1),dynamic_RESID_GBR_n150_d1_lr0.05_w36,13232.0139233986,140.40975688608705,current_finalist_forecast,,2027Q3; 2027Q4; 2028Q1; 2028Q2,False,LIGHT_RUC_NET_KM,FY2028,current_basecase,LIGHT_RUC_NET_KM|FY2028|current_basecase
heavy_ruc_net_km,Heavy RUC net km,bridge_input,FY2028,FY2028,current_basecase,basecase,Current planned path,4134.717390885671,million km,available,sum quarterly current finalist Heavy RUC net km,sum quarterly current finalist Heavy RUC net km,forecast_scenario_comparison.parquet,current_finalist_model,HEAVY_RUC__VNEXT_SOLVED_CONVEX_TOP4,4316.6483901476,-181.93099926192917,current_finalist_forecast,,2027Q3; 2027Q4; 2028Q1; 2028Q2,False,HEAVY_RUC_NET_KM,FY2028,current_basecase,HEAVY_RUC_NET_KM|FY2028|current_basecase
light_bev_ruc_net_km,Light BEV RUC net km,bridge_input,FY2028,FY2028,current_basecase,basecase,Current planned path,2021.437085826135,million km,available,base pool (conventional / VFM Base conventional share) * VFM Base Light BEV share,base pool (conventional / VFM Base conventional share) * VFM Base Light BEV share,forecast_scenario_comparison.parquet; official_annual.csv,raw AR(1) PED VKT per capita x scenario-input population; raw Light RUC conventional model forecast expanded by MoT VFM 202405 Base uptake shares (conventional_anchor_vfm_composition_v1),PED__VNEXT_SOLVED_CONVEX_TOP2; dynamic_RESID_GBR_n150_d1_lr0.05_w36; HEAVY_RUC__VNEXT_SOLVED_CONVEX_TOP4,1989.37597979678,32.06110602935496,current_finalist_forecast,,2027Q3; 2027Q4; 2028Q1; 2028Q2,False,LIGHT_BEV_RUC_NET_KM,FY2028,current_basecase,LIGHT_BEV_RUC_NET_KM|FY2028|current_basecase
phev_ruc_net_km,PHEV RUC net km,bridge_input,FY2028,FY2028,current_basecase,basecase,Current planned path,1126.276905928986,million km,available,base pool (conventional / VFM Base conventional share) * VFM Base PHEV share,base pool (conventional / VFM Base conventional share) * VFM Base PHEV share,forecast_scenario_comparison.parquet; official_annual.csv,raw AR(1) PED VKT per capita x scenario-input population; raw Light RUC conventional model forecast expanded by MoT VFM 202405 Base uptake shares (conventional_anchor_vfm_composition_v1),PED__VNEXT_SOLVED_CONVEX_TOP2; dynamic_RESID_GBR_n150_d1_lr0.05_w36; HEAVY_RUC__VNEXT_SOLVED_CONVEX_TOP4,1114.1399728797,12.136933049285972,current_finalist_forecast,,2027Q3; 2027Q4; 2028Q1; 2028Q2,False,PHEV_RUC_NET_KM,FY2028,current_basecase,PHEV_RUC_NET_KM|FY2028|current_basecase
ped_volume,PED volume,bridge_input,FY2028,FY2028,current_basecase,basecase,Current planned path,2981.6514518463478,million litres,available,raw PED/light-petrol VKT * BEFU26 litres intensity / 100,raw PED/light-petrol VKT * BEFU26 litres intensity / 100,forecast_scenario_comparison.parquet; scenario_inputs/scenario_input_wide.parquet; official_annual.csv,raw AR(1) PED VKT/capita + scenario-input population (scenario_input_population) + BEFU26 intensity,PED__VNEXT_SOLVED_CONVEX_TOP2,2868.53356449197,113.11788735437767,current_finalist_forecast,,2027Q3; 2027Q4; 2028Q1; 2028Q2,False,PED_VOLUME,FY2028,current_basecase,PED_VOLUME|FY2028|current_basecase
ped_vkt_per_capita,PED VKT per capita,bridge_input,FY2028,FY2028,current_basecase,basecase,Current planned path,6138.046444659734,km/person,available,sum quarterly current finalist PED VKT/capita,sum quarterly current finalist PED VKT/capita,forecast_scenario_comparison.parquet,current_finalist_model,PED__VNEXT_SOLVED_CONVEX_TOP2,5866.51585550544,271.5305891542939,current_finalist_forecast,,2027Q3; 2027Q4; 2028Q1; 2028Q2,False,PED_VKT_PER_CAPITA,FY2028,current_basecase,PED_VKT_PER_CAPITA|FY2028|current_basecase
light_ruc_net_revenue,Light RUC revenue,replacement_line,FY2028,FY2028,current_basecase,basecase,Current planned path,1087.4867913007602,$m nominal ex GST,available,conventional Light RUC km * BEFU26 conventional Light effective rate,conventional Light RUC km * BEFU26 conventional Light effective rate,forecast_scenario_comparison.parquet; official_annual.csv,"raw AR(1) PED bridge and conventional-anchor VFM composition, scenario-input population and BEFU26 effective rate",dynamic_RESID_GBR_n150_d1_lr0.05_w36,1076.06823624791,11.418555052850252,current_finalist_forecast,,2027Q3; 2027Q4; 2028Q1; 2028Q2,False,LIGHT_RUC_NET_REVENUE,FY2028,current_basecase,LIGHT_RUC_NET_REVENUE|FY2028|current_basecase
heavy_ruc_net_revenue,Heavy RUC revenue,replacement_line,FY2028,FY2028,current_basecase,basecase,Current planned path,1380.360386338277,$m nominal ex GST,available,sum quarterly current Heavy RUC net km * BEFU26 effective rate,sum quarterly current Heavy RUC net km * BEFU26 effective rate,forecast_scenario_comparison.parquet; official_annual.csv,current_finalist_model + BEFU26 effective rate,HEAVY_RUC__VNEXT_SOLVED_CONVEX_TOP4,1441.09738978661,-60.73700344833287,current_finalist_forecast,,2027Q3; 2027Q4; 2028Q1; 2028Q2,False,HEAVY_RUC_NET_REVENUE,FY2028,current_basecase,HEAVY_RUC_NET_REVENUE|FY2028|current_basecase
light_bev_ruc_net_revenue,Light BEV RUC net revenue,replacement_line,FY2028,FY2028,current_basecase,basecase,Current planned path,164.44390693195604,$m nominal ex GST,available,allocated Light BEV RUC km * BEFU26 Light BEV effective rate,allocated Light BEV RUC km * BEFU26 Light BEV effective rate,forecast_scenario_comparison.parquet; official_annual.csv,"raw AR(1) PED bridge and conventional-anchor VFM composition, scenario-input population and BEFU26 effective rate",PED__VNEXT_SOLVED_CONVEX_TOP2; dynamic_RESID_GBR_n150_d1_lr0.05_w36; HEAVY_RUC__VNEXT_SOLVED_CONVEX_TOP4,161.835735956468,2.6081709754880364,current_finalist_forecast,,2027Q3; 2027Q4; 2028Q1; 2028Q2,False,LIGHT_BEV_RUC_NET_REVENUE,FY2028,current_basecase,LIGHT_BEV_RUC_NET_REVENUE|FY2028|current_basecase
phev_ruc_net_revenue,PHEV RUC net revenue,replacement_line,FY2028,FY2028,current_basecase,basecase,Current planned path,45.180598081341415,$m nominal ex GST,available,allocated PHEV RUC km * BEFU26 PHEV effective rate,allocated PHEV RUC km * BEFU26 PHEV effective rate,forecast_scenario_comparison.parquet; official_annual.csv,"raw AR(1) PED bridge and conventional-anchor VFM composition, scenario-input population and BEFU26 effective rate",PED__VNEXT_SOLVED_CONVEX_TOP2; dynamic_RESID_GBR_n150_d1_lr0.05_w36; HEAVY_RUC__VNEXT_SOLVED_CONVEX_TOP4,44.6937250120693,0.4868730692721144,current_finalist_forecast,,2027Q3; 2027Q4; 2028Q1; 2028Q2,False,PHEV_RUC_NET_REVENUE,FY2028,current_basecase,PHEV_RUC_NET_REVENUE|FY2028|current_basecase
total_ruc_net_revenue,Total RUC all classes,calculated_rollup,FY2028,FY2028,current_basecase,basecase,Current planned path,2660.225385516815,$m nominal ex GST,available,ruc_revenue_net_admin - BEFU26 ruc_refunds,ruc_revenue_net_admin - BEFU26 ruc_refunds,current_hybrid_formula,current_hybrid_formula,PED__VNEXT_SOLVED_CONVEX_TOP2; dynamic_RESID_GBR_n150_d1_lr0.05_w36; HEAVY_RUC__VNEXT_SOLVED_CONVEX_TOP4,2706.91506353741,-46.68967802059478,current_finalist_forecast,,2027Q3; 2027Q4; 2028Q1; 2028Q2,False,TOTAL_RUC_NET_REVENUE,FY2028,current_basecase,TOTAL_RUC_NET_REVENUE|FY2028|current_basecase
gross_ped_revenue,PED revenue,replacement_line,FY2028,FY2028,current_basecase,basecase,Current planned path,2534.825956879315,$m nominal ex GST,available,raw PED/light-petrol VKT * BEFU26 litres intensity / 100 * BEFU26 PED rate,raw PED/light-petrol VKT * BEFU26 litres intensity / 100 * BEFU26 PED rate,forecast_scenario_comparison.parquet; scenario_inputs/scenario_input_wide.parquet; official_annual.csv,"raw AR(1) PED bridge and conventional-anchor VFM composition, scenario-input population and BEFU26 effective rate; population_source=scenario_input_population",PED__VNEXT_SOLVED_CONVEX_TOP2,2438.6597343399,96.16622253941523,current_finalist_forecast,,2027Q3; 2027Q4; 2028Q1; 2028Q2,False,GROSS_PED_REVENUE,FY2028,current_basecase,GROSS_PED_REVENUE|FY2028|current_basecase
gross_fed_revenue,Gross FED revenue,calculated_rollup,FY2028,FY2028,current_basecase,basecase,Current planned path,2577.6793337415024,$m nominal ex GST,available,gross_ped_revenue + BEFU26 gross_lpg_revenue + BEFU26 gross_cng_revenue,gross_ped_revenue + BEFU26 gross_lpg_revenue + BEFU26 gross_cng_revenue,current_hybrid_formula,current_hybrid_formula,PED__VNEXT_SOLVED_CONVEX_TOP2,2481.51311120209,96.1662225394125,current_finalist_forecast,,2027Q3; 2027Q4; 2028Q1; 2028Q2,False,GROSS_FED_REVENUE,FY2028,current_basecase,GROSS_FED_REVENUE|FY2028|current_basecase
net_fed_revenue,Net FED revenue,calculated_rollup,FY2028,FY2028,current_basecase,basecase,Current planned path,2486.21203148976,$m nominal ex GST,available,gross_fed_revenue - BEFU26 fed_refunds,gross_fed_revenue - BEFU26 fed_refunds,current_hybrid_formula,current_hybrid_formula,PED__VNEXT_SOLVED_CONVEX_TOP2,2390.04580895035,96.16622253941023,current_finalist_forecast,,2027Q3; 2027Q4; 2028Q1; 2028Q2,False,NET_FED_REVENUE,FY2028,current_basecase,NET_FED_REVENUE|FY2028|current_basecase
net_mvr_revenue,Net MVR revenue,calculated_rollup,FY2028,FY2028,current_basecase,basecase,Current planned path,490.25051027658566,$m nominal ex GST,available,mvr_revenue_net_admin_coo - mvr_refunds,mvr_revenue_net_admin_coo - mvr_refunds,official_annual.csv,BEFU26 official formula,,490.250510276586,-3.410605131648481e-13,current_finalist_forecast,,2027Q3; 2027Q4; 2028Q1; 2028Q2,False,NET_MVR_REVENUE,FY2028,current_basecase,NET_MVR_REVENUE|FY2028|current_basecase
total_nltf_net_revenue,Total NLTF revenue,calculated_rollup,FY2028,FY2028,current_basecase,basecase,Current planned path,5654.245826975987,$m nominal ex GST,available,total_revenue_net_admin - total_refunds,total_revenue_net_admin - total_refunds,current_hybrid_formula,current_hybrid_formula,PED__VNEXT_SOLVED_CONVEX_TOP2; dynamic_RESID_GBR_n150_d1_lr0.05_w36; HEAVY_RUC__VNEXT_SOLVED_CONVEX_TOP4,5604.76928245717,49.47654451881681,current_finalist_forecast,,2027Q3; 2027Q4; 2028Q1; 2028Q2,False,TOTAL_NLTF_NET_REVENUE,FY2028,current_basecase,TOTAL_NLTF_NET_REVENUE|FY2028|current_basecase
total_fed_ruc_net_revenue,Total RUC+PED revenue,calculated_rollup,FY2028,FY2028,current_basecase,basecase,Current planned path,5146.437417006575,$m nominal ex GST,available,net_fed_revenue + total_ruc_net_revenue,net_fed_revenue + total_ruc_net_revenue,current_hybrid_formula,current_hybrid_formula,PED__VNEXT_SOLVED_CONVEX_TOP2; dynamic_RESID_GBR_n150_d1_lr0.05_w36; HEAVY_RUC__VNEXT_SOLVED_CONVEX_TOP4,5096.96087248776,49.47654451881499,current_finalist_forecast,,2027Q3; 2027Q4; 2028Q1; 2028Q2,False,TOTAL_FED_RUC_NET_REVENUE,FY2028,current_basecase,TOTAL_FED_RUC_NET_REVENUE|FY2028|current_basecase
light_ruc_net_km,Light RUC net km,bridge_input,FY2028,FY2028,current_comparison_1,comparison,Current planned path,13524.331815170966,million km,available,raw Light RUC conventional model forecast (preserved exactly under the Base uptake basis),raw Light RUC conventional model forecast (preserved exactly under the Base uptake basis),forecast_scenario_comparison.parquet; official_annual.csv,raw AR(1) PED VKT per capita x scenario-input population; raw Light RUC conventional model forecast expanded by MoT VFM 202405 Base uptake shares (conventional_anchor_vfm_composition_v1),dynamic_RESID_GBR_n150_d1_lr0.05_w36,13232.0139233986,292.31789177236715,current_finalist_forecast,,2027Q3; 2027Q4; 2028Q1; 2028Q2,False,LIGHT_RUC_NET_KM,FY2028,current_comparison_1,LIGHT_RUC_NET_KM|FY2028|current_comparison_1
heavy_ruc_net_km,Heavy RUC net km,bridge_input,FY2028,FY2028,current_comparison_1,comparison,Current planned path,4142.5615822042155,million km,available,sum quarterly current finalist Heavy RUC net km,sum quarterly current finalist Heavy RUC net km,forecast_scenario_comparison.parquet,current_finalist_model,HEAVY_RUC__VNEXT_SOLVED_CONVEX_TOP4,4316.6483901476,-174.08680794338488,current_finalist_forecast,,2027Q3; 2027Q4; 2028Q1; 2028Q2,False,HEAVY_RUC_NET_KM,FY2028,current_comparison_1,HEAVY_RUC_NET_KM|FY2028|current_comparison_1
light_bev_ruc_net_km,Light BEV RUC net km,bridge_input,FY2028,FY2028,current_comparison_1,comparison,Current planned path,2044.4002183770822,million km,available,base pool (conventional / VFM Base conventional share) * VFM Base Light BEV share,base pool (conventional / VFM Base conventional share) * VFM Base Light BEV share,forecast_scenario_comparison.parquet; official_annual.csv,raw AR(1) PED VKT per capita x scenario-input population; raw Light RUC conventional model forecast expanded by MoT VFM 202405 Base uptake shares (conventional_anchor_vfm_composition_v1),PED__VNEXT_SOLVED_CONVEX_TOP2; dynamic_RESID_GBR_n150_d1_lr0.05_w36; HEAVY_RUC__VNEXT_SOLVED_CONVEX_TOP4,1989.37597979678,55.02423858030215,current_finalist_forecast,,2027Q3; 2027Q4; 2028Q1; 2028Q2,False,LIGHT_BEV_RUC_NET_KM,FY2028,current_comparison_1,LIGHT_BEV_RUC_NET_KM|FY2028|current_comparison_1
phev_ruc_net_km,PHEV RUC net km,bridge_input,FY2028,FY2028,current_comparison_1,comparison,Current planned path,1139.0711927565417,million km,available,base pool (conventional / VFM Base conventional share) * VFM Base PHEV share,base pool (conventional / VFM Base conventional share) * VFM Base PHEV share,forecast_scenario_comparison.parquet; official_annual.csv,raw AR(1) PED VKT per capita x scenario-input population; raw Light RUC conventional model forecast expanded by MoT VFM 202405 Base uptake shares (conventional_anchor_vfm_composition_v1),PED__VNEXT_SOLVED_CONVEX_TOP2; dynamic_RESID_GBR_n150_d1_lr0.05_w36; HEAVY_RUC__VNEXT_SOLVED_CONVEX_TOP4,1114.1399728797,24.931219876841624,current_finalist_forecast,,2027Q3; 2027Q4; 2028Q1; 2028Q2,False,PHEV_RUC_NET_KM,FY2028,current_comparison_1,PHEV_RUC_NET_KM|FY2028|current_comparison_1
ped_volume,PED volume,bridge_input,FY2028,FY2028,current_comparison_1,comparison,Current planned path,3019.940004790264,million litres,available,raw PED/light-petrol VKT * BEFU26 litres intensity / 100,raw PED/light-petrol VKT * BEFU26 litres intensity / 100,forecast_scenario_comparison.parquet; scenario_inputs/scenario_input_wide.parquet; official_annual.csv,raw AR(1) PED VKT/capita + scenario-input population (scenario_input_population) + BEFU26 intensity,PED__VNEXT_SOLVED_CONVEX_TOP2,2868.53356449197,151.406440298294,current_finalist_forecast,,2027Q3; 2027Q4; 2028Q1; 2028Q2,False,PED_VOLUME,FY2028,current_comparison_1,PED_VOLUME|FY2028|current_comparison_1
ped_vkt_per_capita,PED VKT per capita,bridge_input,FY2028,FY2028,current_comparison_1,comparison,Current planned path,6132.178733998277,km/person,available,sum quarterly current finalist PED VKT/capita,sum quarterly current finalist PED VKT/capita,forecast_scenario_comparison.parquet,current_finalist_model,PED__VNEXT_SOLVED_CONVEX_TOP2,5866.51585550544,265.66287849283617,current_finalist_forecast,,2027Q3; 2027Q4; 2028Q1; 2028Q2,False,PED_VKT_PER_CAPITA,FY2028,current_comparison_1,PED_VKT_PER_CAPITA|FY2028|current_comparison_1
light_ruc_net_revenue,Light RUC revenue,replacement_line,FY2028,FY2028,current_comparison_1,comparison,Current planned path,1099.8404299626523,$m nominal ex GST,available,conventional Light RUC km * BEFU26 conventional Light effective rate,conventional Light RUC km * BEFU26 conventional Light effective rate,forecast_scenario_comparison.parquet; official_annual.csv,"raw AR(1) PED bridge and conventional-anchor VFM composition, scenario-input population and BEFU26 effective rate",dynamic_RESID_GBR_n150_d1_lr0.05_w36,1076.06823624791,23.772193714742343,current_finalist_forecast,,2027Q3; 2027Q4; 2028Q1; 2028Q2,False,LIGHT_RUC_NET_REVENUE,FY2028,current_comparison_1,LIGHT_RUC_NET_REVENUE|FY2028|current_comparison_1
heavy_ruc_net_revenue,Heavy RUC revenue,replacement_line,FY2028,FY2028,current_comparison_1,comparison,Current planned path,1382.9791411249635,$m nominal ex GST,available,sum quarterly current Heavy RUC net km * BEFU26 effective rate,sum quarterly current Heavy RUC net km * BEFU26 effective rate,forecast_scenario_comparison.parquet; official_annual.csv,current_finalist_model + BEFU26 effective rate,HEAVY_RUC__VNEXT_SOLVED_CONVEX_TOP4,1441.09738978661,-58.118248661646476,current_finalist_forecast,,2027Q3; 2027Q4; 2028Q1; 2028Q2,False,HEAVY_RUC_NET_REVENUE,FY2028,current_comparison_1,HEAVY_RUC_NET_REVENUE|FY2028|current_comparison_1
light_bev_ruc_net_revenue,Light BEV RUC net revenue,replacement_line,FY2028,FY2028,current_comparison_1,comparison,Current planned path,166.3119577649756,$m nominal ex GST,available,allocated Light BEV RUC km * BEFU26 Light BEV effective rate,allocated Light BEV RUC km * BEFU26 Light BEV effective rate,forecast_scenario_comparison.parquet; official_annual.csv,"raw AR(1) PED bridge and conventional-anchor VFM composition, scenario-input population and BEFU26 effective rate",PED__VNEXT_SOLVED_CONVEX_TOP2; dynamic_RESID_GBR_n150_d1_lr0.05_w36; HEAVY_RUC__VNEXT_SOLVED_CONVEX_TOP4,161.835735956468,4.476221808507603,current_finalist_forecast,,2027Q3; 2027Q4; 2028Q1; 2028Q2,False,LIGHT_BEV_RUC_NET_REVENUE,FY2028,current_comparison_1,LIGHT_BEV_RUC_NET_REVENUE|FY2028|current_comparison_1
phev_ruc_net_revenue,PHEV RUC net revenue,replacement_line,FY2028,FY2028,current_comparison_1,comparison,Current planned path,45.69384089742881,$m nominal ex GST,available,allocated PHEV RUC km * BEFU26 PHEV effective rate,allocated PHEV RUC km * BEFU26 PHEV effective rate,forecast_scenario_comparison.parquet; official_annual.csv,"raw AR(1) PED bridge and conventional-anchor VFM composition, scenario-input population and BEFU26 effective rate",PED__VNEXT_SOLVED_CONVEX_TOP2; dynamic_RESID_GBR_n150_d1_lr0.05_w36; HEAVY_RUC__VNEXT_SOLVED_CONVEX_TOP4,44.6937250120693,1.0001158853595058,current_finalist_forecast,,2027Q3; 2027Q4; 2028Q1; 2028Q2,False,PHEV_RUC_NET_REVENUE,FY2028,current_comparison_1,PHEV_RUC_NET_REVENUE|FY2028|current_comparison_1
total_ruc_net_revenue,Total RUC all classes,calculated_rollup,FY2028,FY2028,current_comparison_1,comparison,Current planned path,2677.5790726145005,$m nominal ex GST,available,ruc_revenue_net_admin - BEFU26 ruc_refunds,ruc_revenue_net_admin - BEFU26 ruc_refunds,current_hybrid_formula,current_hybrid_formula,PED__VNEXT_SOLVED_CONVEX_TOP2; dynamic_RESID_GBR_n150_d1_lr0.05_w36; HEAVY_RUC__VNEXT_SOLVED_CONVEX_TOP4,2706.91506353741,-29.335990922909332,current_finalist_forecast,,2027Q3; 2027Q4; 2028Q1; 2028Q2,False,TOTAL_RUC_NET_REVENUE,FY2028,current_comparison_1,TOTAL_RUC_NET_REVENUE|FY2028|current_comparison_1
gross_ped_revenue,PED revenue,replacement_line,FY2028,FY2028,current_comparison_1,comparison,Current planned path,2567.3766488099523,$m nominal ex GST,available,raw PED/light-petrol VKT * BEFU26 litres intensity / 100 * BEFU26 PED rate,raw PED/light-petrol VKT * BEFU26 litres intensity / 100 * BEFU26 PED rate,forecast_scenario_comparison.parquet; scenario_inputs/scenario_input_wide.parquet; official_annual.csv,"raw AR(1) PED bridge and conventional-anchor VFM composition, scenario-input population and BEFU26 effective rate; population_source=scenario_input_population",PED__VNEXT_SOLVED_CONVEX_TOP2,2438.6597343399,128.71691447005242,current_finalist_forecast,,2027Q3; 2027Q4; 2028Q1; 2028Q2,False,GROSS_PED_REVENUE,FY2028,current_comparison_1,GROSS_PED_REVENUE|FY2028|current_comparison_1
gross_fed_revenue,Gross FED revenue,calculated_rollup,FY2028,FY2028,current_comparison_1,comparison,Current planned path,2610.2300256721396,$m nominal ex GST,available,gross_ped_revenue + BEFU26 gross_lpg_revenue + BEFU26 gross_cng_revenue,gross_ped_revenue + BEFU26 gross_lpg_revenue + BEFU26 gross_cng_revenue,current_hybrid_formula,current_hybrid_formula,PED__VNEXT_SOLVED_CONVEX_TOP2,2481.51311120209,128.7169144700497,current_finalist_forecast,,2027Q3; 2027Q4; 2028Q1; 2028Q2,False,GROSS_FED_REVENUE,FY2028,current_comparison_1,GROSS_FED_REVENUE|FY2028|current_comparison_1
net_fed_revenue,Net FED revenue,calculated_rollup,FY2028,FY2028,current_comparison_1,comparison,Current planned path,2518.7627234203974,$m nominal ex GST,available,gross_fed_revenue - BEFU26 fed_refunds,gross_fed_revenue - BEFU26 fed_refunds,current_hybrid_formula,current_hybrid_formula,PED__VNEXT_SOLVED_CONVEX_TOP2,2390.04580895035,128.7169144700474,current_finalist_forecast,,2027Q3; 2027Q4; 2028Q1; 2028Q2,False,NET_FED_REVENUE,FY2028,current_comparison_1,NET_FED_REVENUE|FY2028|current_comparison_1
net_mvr_revenue,Net MVR revenue,calculated_rollup,FY2028,FY2028,current_comparison_1,comparison,Current planned path,490.25051027658566,$m nominal ex GST,available,mvr_revenue_net_admin_coo - mvr_refunds,mvr_revenue_net_admin_coo - mvr_refunds,official_annual.csv,BEFU26 official formula,,490.250510276586,-3.410605131648481e-13,current_finalist_forecast,,2027Q3; 2027Q4; 2028Q1; 2028Q2,False,NET_MVR_REVENUE,FY2028,current_comparison_1,NET_MVR_REVENUE|FY2028|current_comparison_1
total_nltf_net_revenue,Total NLTF revenue,calculated_rollup,FY2028,FY2028,current_comparison_1,comparison,Current planned path,5704.150206004309,$m nominal ex GST,available,total_revenue_net_admin - total_refunds,total_revenue_net_admin - total_refunds,current_hybrid_formula,current_hybrid_formula,PED__VNEXT_SOLVED_CONVEX_TOP2; dynamic_RESID_GBR_n150_d1_lr0.05_w36; HEAVY_RUC__VNEXT_SOLVED_CONVEX_TOP4,5604.76928245717,99.38092354713899,current_finalist_forecast,,2027Q3; 2027Q4; 2028Q1; 2028Q2,False,TOTAL_NLTF_NET_REVENUE,FY2028,current_comparison_1,TOTAL_NLTF_NET_REVENUE|FY2028|current_comparison_1
total_fed_ruc_net_revenue,Total RUC+PED revenue,calculated_rollup,FY2028,FY2028,current_comparison_1,comparison,Current planned path,5196.341796034898,$m nominal ex GST,available,net_fed_revenue + total_ruc_net_revenue,net_fed_revenue + total_ruc_net_revenue,current_hybrid_formula,current_hybrid_formula,PED__VNEXT_SOLVED_CONVEX_TOP2; dynamic_RESID_GBR_n150_d1_lr0.05_w36; HEAVY_RUC__VNEXT_SOLVED_CONVEX_TOP4,5096.96087248776,99.38092354713808,current_finalist_forecast,,2027Q3; 2027Q4; 2028Q1; 2028Q2,False,TOTAL_FED_RUC_NET_REVENUE,FY2028,current_comparison_1,TOTAL_FED_RUC_NET_REVENUE|FY2028|current_comparison_1
light_ruc_net_km,Light RUC net km,bridge_input,FY2029,FY2029,current_basecase,basecase,Current planned path,13833.483861200533,million km,available,raw Light RUC conventional model forecast (preserved exactly under the Base uptake basis),raw Light RUC conventional model forecast (preserved exactly under the Base uptake basis),forecast_scenario_comparison.parquet; official_annual.csv,raw AR(1) PED VKT per capita x scenario-input population; raw Light RUC conventional model forecast expanded by MoT VFM 202405 Base uptake shares (conventional_anchor_vfm_composition_v1),dynamic_RESID_GBR_n150_d1_lr0.05_w36,13877.7063577933,-44.22249659276713,current_finalist_forecast,,2028Q3; 2028Q4; 2029Q1; 2029Q2,False,LIGHT_RUC_NET_KM,FY2029,current_basecase,LIGHT_RUC_NET_KM|FY2029|current_basecase
heavy_ruc_net_km,Heavy RUC net km,bridge_input,FY2029,FY2029,current_basecase,basecase,Current planned path,4171.7848863087565,million km,available,sum quarterly current finalist Heavy RUC net km,sum quarterly current finalist Heavy RUC net km,forecast_scenario_comparison.parquet,current_finalist_model,HEAVY_RUC__VNEXT_SOLVED_CONVEX_TOP4,4404.90355650087,-233.1186701921133,current_finalist_forecast,,2028Q3; 2028Q4; 2029Q1; 2029Q2,False,HEAVY_RUC_NET_KM,FY2029,current_basecase,HEAVY_RUC_NET_KM|FY2029|current_basecase
light_bev_ruc_net_km,Light BEV RUC net km,bridge_input,FY2029,FY2029,current_basecase,basecase,Current planned path,2638.996121219678,million km,available,base pool (conventional / VFM Base conventional share) * VFM Base Light BEV share,base pool (conventional / VFM Base conventional share) * VFM Base Light BEV share,forecast_scenario_comparison.parquet; official_annual.csv,raw AR(1) PED VKT per capita x scenario-input population; raw Light RUC conventional model forecast expanded by MoT VFM 202405 Base uptake shares (conventional_anchor_vfm_composition_v1),PED__VNEXT_SOLVED_CONVEX_TOP2; dynamic_RESID_GBR_n150_d1_lr0.05_w36; HEAVY_RUC__VNEXT_SOLVED_CONVEX_TOP4,2502.17964433063,136.81647688904832,current_finalist_forecast,,2028Q3; 2028Q4; 2029Q1; 2029Q2,False,LIGHT_BEV_RUC_NET_KM,FY2029,current_basecase,LIGHT_BEV_RUC_NET_KM|FY2029|current_basecase
phev_ruc_net_km,PHEV RUC net km,bridge_input,FY2029,FY2029,current_basecase,basecase,Current planned path,1463.9944430780354,million km,available,base pool (conventional / VFM Base conventional share) * VFM Base PHEV share,base pool (conventional / VFM Base conventional share) * VFM Base PHEV share,forecast_scenario_comparison.parquet; official_annual.csv,raw AR(1) PED VKT per capita x scenario-input population; raw Light RUC conventional model forecast expanded by MoT VFM 202405 Base uptake shares (conventional_anchor_vfm_composition_v1),PED__VNEXT_SOLVED_CONVEX_TOP2; dynamic_RESID_GBR_n150_d1_lr0.05_w36; HEAVY_RUC__VNEXT_SOLVED_CONVEX_TOP4,1394.20153006706,69.79291301097533,current_finalist_forecast,,2028Q3; 2028Q4; 2029Q1; 2029Q2,False,PHEV_RUC_NET_KM,FY2029,current_basecase,PHEV_RUC_NET_KM|FY2029|current_basecase
ped_volume,PED volume,bridge_input,FY2029,FY2029,current_basecase,basecase,Current planned path,2973.97331412848,million litres,available,raw PED/light-petrol VKT * BEFU26 litres intensity / 100,raw PED/light-petrol VKT * BEFU26 litres intensity / 100,forecast_scenario_comparison.parquet; scenario_inputs/scenario_input_wide.parquet; official_annual.csv,raw AR(1) PED VKT/capita + scenario-input population (scenario_input_population) + BEFU26 intensity,PED__VNEXT_SOLVED_CONVEX_TOP2,2879.43557979336,94.53773433512015,current_finalist_forecast,,2028Q3; 2028Q4; 2029Q1; 2029Q2,False,PED_VOLUME,FY2029,current_basecase,PED_VOLUME|FY2029|current_basecase
ped_vkt_per_capita,PED VKT per capita,bridge_input,FY2029,FY2029,current_basecase,basecase,Current planned path,6133.5092934732065,km/person,available,sum quarterly current finalist PED VKT/capita,sum quarterly current finalist PED VKT/capita,forecast_scenario_comparison.parquet,current_finalist_model,PED__VNEXT_SOLVED_CONVEX_TOP2,5888.3409910512,245.1683024220065,current_finalist_forecast,,2028Q3; 2028Q4; 2029Q1; 2029Q2,False,PED_VKT_PER_CAPITA,FY2029,current_basecase,PED_VKT_PER_CAPITA|FY2029|current_basecase
light_ruc_net_revenue,Light RUC revenue,replacement_line,FY2029,FY2029,current_basecase,basecase,Current planned path,1191.438708351885,$m nominal ex GST,available,conventional Light RUC km * BEFU26 conventional Light effective rate,conventional Light RUC km * BEFU26 conventional Light effective rate,forecast_scenario_comparison.parquet; official_annual.csv,"raw AR(1) PED bridge and conventional-anchor VFM composition, scenario-input population and BEFU26 effective rate",dynamic_RESID_GBR_n150_d1_lr0.05_w36,1195.24746648897,-3.8087581370850785,current_finalist_forecast,,2028Q3; 2028Q4; 2029Q1; 2029Q2,False,LIGHT_RUC_NET_REVENUE,FY2029,current_basecase,LIGHT_RUC_NET_REVENUE|FY2029|current_basecase
heavy_ruc_net_revenue,Heavy RUC revenue,replacement_line,FY2029,FY2029,current_basecase,basecase,Current planned path,1474.7667479653394,$m nominal ex GST,available,sum quarterly current Heavy RUC net km * BEFU26 effective rate,sum quarterly current Heavy RUC net km * BEFU26 effective rate,forecast_scenario_comparison.parquet; official_annual.csv,current_finalist_model + BEFU26 effective rate,HEAVY_RUC__VNEXT_SOLVED_CONVEX_TOP4,1557.17647725352,-82.40972928818064,current_finalist_forecast,,2028Q3; 2028Q4; 2029Q1; 2029Q2,False,HEAVY_RUC_NET_REVENUE,FY2029,current_basecase,HEAVY_RUC_NET_REVENUE|FY2029|current_basecase
light_bev_ruc_net_revenue,Light BEV RUC net revenue,replacement_line,FY2029,FY2029,current_basecase,basecase,Current planned path,227.30993090125614,$m nominal ex GST,available,allocated Light BEV RUC km * BEFU26 Light BEV effective rate,allocated Light BEV RUC km * BEFU26 Light BEV effective rate,forecast_scenario_comparison.parquet; official_annual.csv,"raw AR(1) PED bridge and conventional-anchor VFM composition, scenario-input population and BEFU26 effective rate",PED__VNEXT_SOLVED_CONVEX_TOP2; dynamic_RESID_GBR_n150_d1_lr0.05_w36; HEAVY_RUC__VNEXT_SOLVED_CONVEX_TOP4,215.525243664418,11.784687236838124,current_finalist_forecast,,2028Q3; 2028Q4; 2029Q1; 2029Q2,False,LIGHT_BEV_RUC_NET_REVENUE,FY2029,current_basecase,LIGHT_BEV_RUC_NET_REVENUE|FY2029|current_basecase
phev_ruc_net_revenue,PHEV RUC net revenue,replacement_line,FY2029,FY2029,current_basecase,basecase,Current planned path,62.18316396973948,$m nominal ex GST,available,allocated PHEV RUC km * BEFU26 PHEV effective rate,allocated PHEV RUC km * BEFU26 PHEV effective rate,forecast_scenario_comparison.parquet; official_annual.csv,"raw AR(1) PED bridge and conventional-anchor VFM composition, scenario-input population and BEFU26 effective rate",PED__VNEXT_SOLVED_CONVEX_TOP2; dynamic_RESID_GBR_n150_d1_lr0.05_w36; HEAVY_RUC__VNEXT_SOLVED_CONVEX_TOP4,59.2187099895983,2.9644539801411796,current_finalist_forecast,,2028Q3; 2028Q4; 2029Q1; 2029Q2,False,PHEV_RUC_NET_REVENUE,FY2029,current_basecase,PHEV_RUC_NET_REVENUE|FY2029|current_basecase
total_ruc_net_revenue,Total RUC all classes,calculated_rollup,FY2029,FY2029,current_basecase,basecase,Current planned path,2941.7656172699285,$m nominal ex GST,available,ruc_revenue_net_admin - BEFU26 ruc_refunds,ruc_revenue_net_admin - BEFU26 ruc_refunds,current_hybrid_formula,current_hybrid_formula,PED__VNEXT_SOLVED_CONVEX_TOP2; dynamic_RESID_GBR_n150_d1_lr0.05_w36; HEAVY_RUC__VNEXT_SOLVED_CONVEX_TOP4,3013.59786452359,-71.83224725366154,current_finalist_forecast,,2028Q3; 2028Q4; 2029Q1; 2029Q2,False,TOTAL_RUC_NET_REVENUE,FY2029,current_basecase,TOTAL_RUC_NET_REVENUE|FY2029|current_basecase
gross_ped_revenue,PED revenue,replacement_line,FY2029,FY2029,current_basecase,basecase,Current planned path,2676.9622167960188,$m nominal ex GST,available,raw PED/light-petrol VKT * BEFU26 litres intensity / 100 * BEFU26 PED rate,raw PED/light-petrol VKT * BEFU26 litres intensity / 100 * BEFU26 PED rate,forecast_scenario_comparison.parquet; scenario_inputs/scenario_input_wide.parquet; official_annual.csv,"raw AR(1) PED bridge and conventional-anchor VFM composition, scenario-input population and BEFU26 effective rate; population_source=scenario_input_population",PED__VNEXT_SOLVED_CONVEX_TOP2,2591.86597814642,85.09623864959894,current_finalist_forecast,,2028Q3; 2028Q4; 2029Q1; 2029Q2,False,GROSS_PED_REVENUE,FY2029,current_basecase,GROSS_PED_REVENUE|FY2029|current_basecase
gross_fed_revenue,Gross FED revenue,calculated_rollup,FY2029,FY2029,current_basecase,basecase,Current planned path,2720.0187634521294,$m nominal ex GST,available,gross_ped_revenue + BEFU26 gross_lpg_revenue + BEFU26 gross_cng_revenue,gross_ped_revenue + BEFU26 gross_lpg_revenue + BEFU26 gross_cng_revenue,current_hybrid_formula,current_hybrid_formula,PED__VNEXT_SOLVED_CONVEX_TOP2,2634.92252480253,85.0962386495994,current_finalist_forecast,,2028Q3; 2028Q4; 2029Q1; 2029Q2,False,GROSS_FED_REVENUE,FY2029,current_basecase,GROSS_FED_REVENUE|FY2029|current_basecase
net_fed_revenue,Net FED revenue,calculated_rollup,FY2029,FY2029,current_basecase,basecase,Current planned path,2622.34505933574,$m nominal ex GST,available,gross_fed_revenue - BEFU26 fed_refunds,gross_fed_revenue - BEFU26 fed_refunds,current_hybrid_formula,current_hybrid_formula,PED__VNEXT_SOLVED_CONVEX_TOP2,2537.24882068614,85.09623864960031,current_finalist_forecast,,2028Q3; 2028Q4; 2029Q1; 2029Q2,False,NET_FED_REVENUE,FY2029,current_basecase,NET_FED_REVENUE|FY2029|current_basecase
net_mvr_revenue,Net MVR revenue,calculated_rollup,FY2029,FY2029,current_basecase,basecase,Current planned path,484.84310999369575,$m nominal ex GST,available,mvr_revenue_net_admin_coo - mvr_refunds,mvr_revenue_net_admin_coo - mvr_refunds,official_annual.csv,BEFU26 official formula,,484.843109993696,-2.2737367544323206e-13,current_finalist_forecast,,2028Q3; 2028Q4; 2029Q1; 2029Q2,False,NET_MVR_REVENUE,FY2029,current_basecase,NET_MVR_REVENUE|FY2029|current_basecase
total_nltf_net_revenue,Total NLTF revenue,calculated_rollup,FY2029,FY2029,current_basecase,basecase,Current planned path,6066.5116862921905,$m nominal ex GST,available,total_revenue_net_admin - total_refunds,total_revenue_net_admin - total_refunds,current_hybrid_formula,current_hybrid_formula,PED__VNEXT_SOLVED_CONVEX_TOP2; dynamic_RESID_GBR_n150_d1_lr0.05_w36; HEAVY_RUC__VNEXT_SOLVED_CONVEX_TOP4,6053.24769489626,13.263991395930134,current_finalist_forecast,,2028Q3; 2028Q4; 2029Q1; 2029Q2,False,TOTAL_NLTF_NET_REVENUE,FY2029,current_basecase,TOTAL_NLTF_NET_REVENUE|FY2029|current_basecase
total_fed_ruc_net_revenue,Total RUC+PED revenue,calculated_rollup,FY2029,FY2029,current_basecase,basecase,Current planned path,5564.110676605669,$m nominal ex GST,available,net_fed_revenue + total_ruc_net_revenue,net_fed_revenue + total_ruc_net_revenue,current_hybrid_formula,current_hybrid_formula,PED__VNEXT_SOLVED_CONVEX_TOP2; dynamic_RESID_GBR_n150_d1_lr0.05_w36; HEAVY_RUC__VNEXT_SOLVED_CONVEX_TOP4,5550.84668520973,13.263991395939229,current_finalist_forecast,,2028Q3; 2028Q4; 2029Q1; 2029Q2,False,TOTAL_FED_RUC_NET_REVENUE,FY2029,current_basecase,TOTAL_FED_RUC_NET_REVENUE|FY2029|current_basecase
light_ruc_net_km,Light RUC net km,bridge_input,FY2029,FY2029,current_comparison_1,comparison,Current planned path,14065.10473483769,million km,available,raw Light RUC conventional model forecast (preserved exactly under the Base uptake basis),raw Light RUC conventional model forecast (preserved exactly under the Base uptake basis),forecast_scenario_comparison.parquet; official_annual.csv,raw AR(1) PED VKT per capita x scenario-input population; raw Light RUC conventional model forecast expanded by MoT VFM 202405 Base uptake shares (conventional_anchor_vfm_composition_v1),dynamic_RESID_GBR_n150_d1_lr0.05_w36,13877.7063577933,187.39837704439014,current_finalist_forecast,,2028Q3; 2028Q4; 2029Q1; 2029Q2,False,LIGHT_RUC_NET_KM,FY2029,current_comparison_1,LIGHT_RUC_NET_KM|FY2029|current_comparison_1
heavy_ruc_net_km,Heavy RUC net km,bridge_input,FY2029,FY2029,current_comparison_1,comparison,Current planned path,4176.882628191386,million km,available,sum quarterly current finalist Heavy RUC net km,sum quarterly current finalist Heavy RUC net km,forecast_scenario_comparison.parquet,current_finalist_model,HEAVY_RUC__VNEXT_SOLVED_CONVEX_TOP4,4404.90355650087,-228.02092830948368,current_finalist_forecast,,2028Q3; 2028Q4; 2029Q1; 2029Q2,False,HEAVY_RUC_NET_KM,FY2029,current_comparison_1,HEAVY_RUC_NET_KM|FY2029|current_comparison_1
light_bev_ruc_net_km,Light BEV RUC net km,bridge_input,FY2029,FY2029,current_comparison_1,comparison,Current planned path,2683.182140681946,million km,available,base pool (conventional / VFM Base conventional share) * VFM Base Light BEV share,base pool (conventional / VFM Base conventional share) * VFM Base Light BEV share,forecast_scenario_comparison.parquet; official_annual.csv,raw AR(1) PED VKT per capita x scenario-input population; raw Light RUC conventional model forecast expanded by MoT VFM 202405 Base uptake shares (conventional_anchor_vfm_composition_v1),PED__VNEXT_SOLVED_CONVEX_TOP2; dynamic_RESID_GBR_n150_d1_lr0.05_w36; HEAVY_RUC__VNEXT_SOLVED_CONVEX_TOP4,2502.17964433063,181.00249635131604,current_finalist_forecast,,2028Q3; 2028Q4; 2029Q1; 2029Q2,False,LIGHT_BEV_RUC_NET_KM,FY2029,current_comparison_1,LIGHT_BEV_RUC_NET_KM|FY2029|current_comparison_1
phev_ruc_net_km,PHEV RUC net km,bridge_input,FY2029,FY2029,current_comparison_1,comparison,Current planned path,1488.5068273268612,million km,available,base pool (conventional / VFM Base conventional share) * VFM Base PHEV share,base pool (conventional / VFM Base conventional share) * VFM Base PHEV share,forecast_scenario_comparison.parquet; official_annual.csv,raw AR(1) PED VKT per capita x scenario-input population; raw Light RUC conventional model forecast expanded by MoT VFM 202405 Base uptake shares (conventional_anchor_vfm_composition_v1),PED__VNEXT_SOLVED_CONVEX_TOP2; dynamic_RESID_GBR_n150_d1_lr0.05_w36; HEAVY_RUC__VNEXT_SOLVED_CONVEX_TOP4,1394.20153006706,94.30529725980114,current_finalist_forecast,,2028Q3; 2028Q4; 2029Q1; 2029Q2,False,PHEV_RUC_NET_KM,FY2029,current_comparison_1,PHEV_RUC_NET_KM|FY2029|current_comparison_1
ped_volume,PED volume,bridge_input,FY2029,FY2029,current_comparison_1,comparison,Current planned path,3031.4112315880257,million litres,available,raw PED/light-petrol VKT * BEFU26 litres intensity / 100,raw PED/light-petrol VKT * BEFU26 litres intensity / 100,forecast_scenario_comparison.parquet; scenario_inputs/scenario_input_wide.parquet; official_annual.csv,raw AR(1) PED VKT/capita + scenario-input population (scenario_input_population) + BEFU26 intensity,PED__VNEXT_SOLVED_CONVEX_TOP2,2879.43557979336,151.97565179466574,current_finalist_forecast,,2028Q3; 2028Q4; 2029Q1; 2029Q2,False,PED_VOLUME,FY2029,current_comparison_1,PED_VOLUME|FY2029|current_comparison_1
ped_vkt_per_capita,PED VKT per capita,bridge_input,FY2029,FY2029,current_comparison_1,comparison,Current planned path,6124.2876876223,km/person,available,sum quarterly current finalist PED VKT/capita,sum quarterly current finalist PED VKT/capita,forecast_scenario_comparison.parquet,current_finalist_model,PED__VNEXT_SOLVED_CONVEX_TOP2,5888.3409910512,235.9466965710999,current_finalist_forecast,,2028Q3; 2028Q4; 2029Q1; 2029Q2,False,PED_VKT_PER_CAPITA,FY2029,current_comparison_1,PED_VKT_PER_CAPITA|FY2029|current_comparison_1
light_ruc_net_revenue,Light RUC revenue,replacement_line,FY2029,FY2029,current_comparison_1,comparison,Current planned path,1211.3875569053282,$m nominal ex GST,available,conventional Light RUC km * BEFU26 conventional Light effective rate,conventional Light RUC km * BEFU26 conventional Light effective rate,forecast_scenario_comparison.parquet; official_annual.csv,"raw AR(1) PED bridge and conventional-anchor VFM composition, scenario-input population and BEFU26 effective rate",dynamic_RESID_GBR_n150_d1_lr0.05_w36,1195.24746648897,16.140090416358134,current_finalist_forecast,,2028Q3; 2028Q4; 2029Q1; 2029Q2,False,LIGHT_RUC_NET_REVENUE,FY2029,current_comparison_1,LIGHT_RUC_NET_REVENUE|FY2029|current_comparison_1
heavy_ruc_net_revenue,Heavy RUC revenue,replacement_line,FY2029,FY2029,current_comparison_1,comparison,Current planned path,1476.568849565277,$m nominal ex GST,available,sum quarterly current Heavy RUC net km * BEFU26 effective rate,sum quarterly current Heavy RUC net km * BEFU26 effective rate,forecast_scenario_comparison.parquet; official_annual.csv,current_finalist_model + BEFU26 effective rate,HEAVY_RUC__VNEXT_SOLVED_CONVEX_TOP4,1557.17647725352,-80.60762768824293,current_finalist_forecast,,2028Q3; 2028Q4; 2029Q1; 2029Q2,False,HEAVY_RUC_NET_REVENUE,FY2029,current_comparison_1,HEAVY_RUC_NET_REVENUE|FY2029|current_comparison_1
light_bev_ruc_net_revenue,Light BEV RUC net revenue,replacement_line,FY2029,FY2029,current_comparison_1,comparison,Current planned path,231.11589368763856,$m nominal ex GST,available,allocated Light BEV RUC km * BEFU26 Light BEV effective rate,allocated Light BEV RUC km * BEFU26 Light BEV effective rate,forecast_scenario_comparison.parquet; official_annual.csv,"raw AR(1) PED bridge and conventional-anchor VFM composition, scenario-input population and BEFU26 effective rate",PED__VNEXT_SOLVED_CONVEX_TOP2; dynamic_RESID_GBR_n150_d1_lr0.05_w36; HEAVY_RUC__VNEXT_SOLVED_CONVEX_TOP4,215.525243664418,15.590650023220547,current_finalist_forecast,,2028Q3; 2028Q4; 2029Q1; 2029Q2,False,LIGHT_BEV_RUC_NET_REVENUE,FY2029,current_comparison_1,LIGHT_BEV_RUC_NET_REVENUE|FY2029|current_comparison_1
phev_ruc_net_revenue,PHEV RUC net revenue,replacement_line,FY2029,FY2029,current_comparison_1,comparison,Current planned path,63.224327490708355,$m nominal ex GST,available,allocated PHEV RUC km * BEFU26 PHEV effective rate,allocated PHEV RUC km * BEFU26 PHEV effective rate,forecast_scenario_comparison.parquet; official_annual.csv,"raw AR(1) PED bridge and conventional-anchor VFM composition, scenario-input population and BEFU26 effective rate",PED__VNEXT_SOLVED_CONVEX_TOP2; dynamic_RESID_GBR_n150_d1_lr0.05_w36; HEAVY_RUC__VNEXT_SOLVED_CONVEX_TOP4,59.2187099895983,4.005617501110052,current_finalist_forecast,,2028Q3; 2028Q4; 2029Q1; 2029Q2,False,PHEV_RUC_NET_REVENUE,FY2029,current_comparison_1,PHEV_RUC_NET_REVENUE|FY2029|current_comparison_1
total_ruc_net_revenue,Total RUC all classes,calculated_rollup,FY2029,FY2029,current_comparison_1,comparison,Current planned path,2968.3636937306615,$m nominal ex GST,available,ruc_revenue_net_admin - BEFU26 ruc_refunds,ruc_revenue_net_admin - BEFU26 ruc_refunds,current_hybrid_formula,current_hybrid_formula,PED__VNEXT_SOLVED_CONVEX_TOP2; dynamic_RESID_GBR_n150_d1_lr0.05_w36; HEAVY_RUC__VNEXT_SOLVED_CONVEX_TOP4,3013.59786452359,-45.23417079292858,current_finalist_forecast,,2028Q3; 2028Q4; 2029Q1; 2029Q2,False,TOTAL_RUC_NET_REVENUE,FY2029,current_comparison_1,TOTAL_RUC_NET_REVENUE|FY2029|current_comparison_1
gross_ped_revenue,PED revenue,replacement_line,FY2029,FY2029,current_comparison_1,comparison,Current planned path,2728.663802052412,$m nominal ex GST,available,raw PED/light-petrol VKT * BEFU26 litres intensity / 100 * BEFU26 PED rate,raw PED/light-petrol VKT * BEFU26 litres intensity / 100 * BEFU26 PED rate,forecast_scenario_comparison.parquet; scenario_inputs/scenario_input_wide.parquet; official_annual.csv,"raw AR(1) PED bridge and conventional-anchor VFM composition, scenario-input population and BEFU26 effective rate; population_source=scenario_input_population",PED__VNEXT_SOLVED_CONVEX_TOP2,2591.86597814642,136.79782390599212,current_finalist_forecast,,2028Q3; 2028Q4; 2029Q1; 2029Q2,False,GROSS_PED_REVENUE,FY2029,current_comparison_1,GROSS_PED_REVENUE|FY2029|current_comparison_1
gross_fed_revenue,Gross FED revenue,calculated_rollup,FY2029,FY2029,current_comparison_1,comparison,Current planned path,2771.7203487085226,$m nominal ex GST,available,gross_ped_revenue + BEFU26 gross_lpg_revenue + BEFU26 gross_cng_revenue,gross_ped_revenue + BEFU26 gross_lpg_revenue + BEFU26 gross_cng_revenue,current_hybrid_formula,current_hybrid_formula,PED__VNEXT_SOLVED_CONVEX_TOP2,2634.92252480253,136.79782390599257,current_finalist_forecast,,2028Q3; 2028Q4; 2029Q1; 2029Q2,False,GROSS_FED_REVENUE,FY2029,current_comparison_1,GROSS_FED_REVENUE|FY2029|current_comparison_1
net_fed_revenue,Net FED revenue,calculated_rollup,FY2029,FY2029,current_comparison_1,comparison,Current planned path,2674.0466445921334,$m nominal ex GST,available,gross_fed_revenue - BEFU26 fed_refunds,gross_fed_revenue - BEFU26 fed_refunds,current_hybrid_formula,current_hybrid_formula,PED__VNEXT_SOLVED_CONVEX_TOP2,2537.24882068614,136.79782390599348,current_finalist_forecast,,2028Q3; 2028Q4; 2029Q1; 2029Q2,False,NET_FED_REVENUE,FY2029,current_comparison_1,NET_FED_REVENUE|FY2029|current_comparison_1
net_mvr_revenue,Net MVR revenue,calculated_rollup,FY2029,FY2029,current_comparison_1,comparison,Current planned path,484.84310999369575,$m nominal ex GST,available,mvr_revenue_net_admin_coo - mvr_refunds,mvr_revenue_net_admin_coo - mvr_refunds,official_annual.csv,BEFU26 official formula,,484.843109993696,-2.2737367544323206e-13,current_finalist_forecast,,2028Q3; 2028Q4; 2029Q1; 2029Q2,False,NET_MVR_REVENUE,FY2029,current_comparison_1,NET_MVR_REVENUE|FY2029|current_comparison_1
total_nltf_net_revenue,Total NLTF revenue,calculated_rollup,FY2029,FY2029,current_comparison_1,comparison,Current planned path,6144.811348009316,$m nominal ex GST,available,total_revenue_net_admin - total_refunds,total_revenue_net_admin - total_refunds,current_hybrid_formula,current_hybrid_formula,PED__VNEXT_SOLVED_CONVEX_TOP2; dynamic_RESID_GBR_n150_d1_lr0.05_w36; HEAVY_RUC__VNEXT_SOLVED_CONVEX_TOP4,6053.24769489626,91.5636531130558,current_finalist_forecast,,2028Q3; 2028Q4; 2029Q1; 2029Q2,False,TOTAL_NLTF_NET_REVENUE,FY2029,current_comparison_1,TOTAL_NLTF_NET_REVENUE|FY2029|current_comparison_1
total_fed_ruc_net_revenue,Total RUC+PED revenue,calculated_rollup,FY2029,FY2029,current_comparison_1,comparison,Current planned path,5642.410338322795,$m nominal ex GST,available,net_fed_revenue + total_ruc_net_revenue,net_fed_revenue + total_ruc_net_revenue,current_hybrid_formula,current_hybrid_formula,PED__VNEXT_SOLVED_CONVEX_TOP2; dynamic_RESID_GBR_n150_d1_lr0.05_w36; HEAVY_RUC__VNEXT_SOLVED_CONVEX_TOP4,5550.84668520973,91.5636531130649,current_finalist_forecast,,2028Q3; 2028Q4; 2029Q1; 2029Q2,False,TOTAL_FED_RUC_NET_REVENUE,FY2029,current_comparison_1,TOTAL_FED_RUC_NET_REVENUE|FY2029|current_comparison_1
light_ruc_net_km,Light RUC net km,bridge_input,FY2030,FY2030,current_basecase,basecase,Current planned path,14129.750867690174,million km,available,raw Light RUC conventional model forecast (preserved exactly under the Base uptake basis),raw Light RUC conventional model forecast (preserved exactly under the Base uptake basis),forecast_scenario_comparison.parquet; official_annual.csv,raw AR(1) PED VKT per capita x scenario-input population; raw Light RUC conventional model forecast expanded by MoT VFM 202405 Base uptake shares (conventional_anchor_vfm_composition_v1),dynamic_RESID_GBR_n150_d1_lr0.05_w36,14439.0859778169,-309.33511012672534,current_finalist_forecast,,2029Q3; 2029Q4; 2030Q1; 2030Q2,False,LIGHT_RUC_NET_KM,FY2030,current_basecase,LIGHT_RUC_NET_KM|FY2030|current_basecase
heavy_ruc_net_km,Heavy RUC net km,bridge_input,FY2030,FY2030,current_basecase,basecase,Current planned path,4205.391223564057,million km,available,sum quarterly current finalist Heavy RUC net km,sum quarterly current finalist Heavy RUC net km,forecast_scenario_comparison.parquet,current_finalist_model,HEAVY_RUC__VNEXT_SOLVED_CONVEX_TOP4,4484.64725020264,-279.2560266385826,current_finalist_forecast,,2029Q3; 2029Q4; 2030Q1; 2030Q2,False,HEAVY_RUC_NET_KM,FY2030,current_basecase,HEAVY_RUC_NET_KM|FY2030|current_basecase
light_bev_ruc_net_km,Light BEV RUC net km,bridge_input,FY2030,FY2030,current_basecase,basecase,Current planned path,3337.1581463926477,million km,available,base pool (conventional / VFM Base conventional share) * VFM Base Light BEV share,base pool (conventional / VFM Base conventional share) * VFM Base Light BEV share,forecast_scenario_comparison.parquet; official_annual.csv,raw AR(1) PED VKT per capita x scenario-input population; raw Light RUC conventional model forecast expanded by MoT VFM 202405 Base uptake shares (conventional_anchor_vfm_composition_v1),PED__VNEXT_SOLVED_CONVEX_TOP2; dynamic_RESID_GBR_n150_d1_lr0.05_w36; HEAVY_RUC__VNEXT_SOLVED_CONVEX_TOP4,3074.13637597232,263.0217704203278,current_finalist_forecast,,2029Q3; 2029Q4; 2030Q1; 2030Q2,False,LIGHT_BEV_RUC_NET_KM,FY2030,current_basecase,LIGHT_BEV_RUC_NET_KM|FY2030|current_basecase
phev_ruc_net_km,PHEV RUC net km,bridge_input,FY2030,FY2030,current_basecase,basecase,Current planned path,1824.2490733831303,million km,available,base pool (conventional / VFM Base conventional share) * VFM Base PHEV share,base pool (conventional / VFM Base conventional share) * VFM Base PHEV share,forecast_scenario_comparison.parquet; official_annual.csv,raw AR(1) PED VKT per capita x scenario-input population; raw Light RUC conventional model forecast expanded by MoT VFM 202405 Base uptake shares (conventional_anchor_vfm_composition_v1),PED__VNEXT_SOLVED_CONVEX_TOP2; dynamic_RESID_GBR_n150_d1_lr0.05_w36; HEAVY_RUC__VNEXT_SOLVED_CONVEX_TOP4,1688.91801832143,135.33105506170023,current_finalist_forecast,,2029Q3; 2029Q4; 2030Q1; 2030Q2,False,PHEV_RUC_NET_KM,FY2030,current_basecase,PHEV_RUC_NET_KM|FY2030|current_basecase
ped_volume,PED volume,bridge_input,FY2030,FY2030,current_basecase,basecase,Current planned path,2958.8957603061776,million litres,available,raw PED/light-petrol VKT * BEFU26 litres intensity / 100,raw PED/light-petrol VKT * BEFU26 litres intensity / 100,forecast_scenario_comparison.parquet; scenario_inputs/scenario_input_wide.parquet; official_annual.csv,raw AR(1) PED VKT/capita + scenario-input population (scenario_input_population) + BEFU26 intensity,PED__VNEXT_SOLVED_CONVEX_TOP2,2880.43564343742,78.46011686875772,current_finalist_forecast,,2029Q3; 2029Q4; 2030Q1; 2030Q2,False,PED_VOLUME,FY2030,current_basecase,PED_VOLUME|FY2030|current_basecase
ped_vkt_per_capita,PED VKT per capita,bridge_input,FY2030,FY2030,current_basecase,basecase,Current planned path,6114.208933600386,km/person,available,sum quarterly current finalist PED VKT/capita,sum quarterly current finalist PED VKT/capita,forecast_scenario_comparison.parquet,current_finalist_model,PED__VNEXT_SOLVED_CONVEX_TOP2,5890.93754143919,223.27139216119667,current_finalist_forecast,,2029Q3; 2029Q4; 2030Q1; 2030Q2,False,PED_VKT_PER_CAPITA,FY2030,current_basecase,PED_VKT_PER_CAPITA|FY2030|current_basecase
light_ruc_net_revenue,Light RUC revenue,replacement_line,FY2030,FY2030,current_basecase,basecase,Current planned path,1271.0591011588097,$m nominal ex GST,available,conventional Light RUC km * BEFU26 conventional Light effective rate,conventional Light RUC km * BEFU26 conventional Light effective rate,forecast_scenario_comparison.parquet; official_annual.csv,"raw AR(1) PED bridge and conventional-anchor VFM composition, scenario-input population and BEFU26 effective rate",dynamic_RESID_GBR_n150_d1_lr0.05_w36,1298.88572108412,-27.826619925310297,current_finalist_forecast,,2029Q3; 2029Q4; 2030Q1; 2030Q2,False,LIGHT_RUC_NET_REVENUE,FY2030,current_basecase,LIGHT_RUC_NET_REVENUE|FY2030|current_basecase
heavy_ruc_net_revenue,Heavy RUC revenue,replacement_line,FY2030,FY2030,current_basecase,basecase,Current planned path,1552.696507641898,$m nominal ex GST,available,sum quarterly current Heavy RUC net km * BEFU26 effective rate,sum quarterly current Heavy RUC net km * BEFU26 effective rate,forecast_scenario_comparison.parquet; official_annual.csv,current_finalist_model + BEFU26 effective rate,HEAVY_RUC__VNEXT_SOLVED_CONVEX_TOP4,1655.80221986912,-103.10571222722206,current_finalist_forecast,,2029Q3; 2029Q4; 2030Q1; 2030Q2,False,HEAVY_RUC_NET_REVENUE,FY2030,current_basecase,HEAVY_RUC_NET_REVENUE|FY2030|current_basecase
light_bev_ruc_net_revenue,Light BEV RUC net revenue,replacement_line,FY2030,FY2030,current_basecase,basecase,Current planned path,300.2274326402148,$m nominal ex GST,available,allocated Light BEV RUC km * BEFU26 Light BEV effective rate,allocated Light BEV RUC km * BEFU26 Light BEV effective rate,forecast_scenario_comparison.parquet; official_annual.csv,"raw AR(1) PED bridge and conventional-anchor VFM composition, scenario-input population and BEFU26 effective rate",PED__VNEXT_SOLVED_CONVEX_TOP2; dynamic_RESID_GBR_n150_d1_lr0.05_w36; HEAVY_RUC__VNEXT_SOLVED_CONVEX_TOP4,276.56467906435,23.66275357586477,current_finalist_forecast,,2029Q3; 2029Q4; 2030Q1; 2030Q2,False,LIGHT_BEV_RUC_NET_REVENUE,FY2030,current_basecase,LIGHT_BEV_RUC_NET_REVENUE|FY2030|current_basecase
phev_ruc_net_revenue,PHEV RUC net revenue,replacement_line,FY2030,FY2030,current_basecase,basecase,Current planned path,80.93281014064232,$m nominal ex GST,available,allocated PHEV RUC km * BEFU26 PHEV effective rate,allocated PHEV RUC km * BEFU26 PHEV effective rate,forecast_scenario_comparison.parquet; official_annual.csv,"raw AR(1) PED bridge and conventional-anchor VFM composition, scenario-input population and BEFU26 effective rate",PED__VNEXT_SOLVED_CONVEX_TOP2; dynamic_RESID_GBR_n150_d1_lr0.05_w36; HEAVY_RUC__VNEXT_SOLVED_CONVEX_TOP4,74.92884788283,6.003962257812319,current_finalist_forecast,,2029Q3; 2029Q4; 2030Q1; 2030Q2,False,PHEV_RUC_NET_REVENUE,FY2030,current_basecase,PHEV_RUC_NET_REVENUE|FY2030|current_basecase
total_ruc_net_revenue,Total RUC all classes,calculated_rollup,FY2030,FY2030,current_basecase,basecase,Current planned path,3195.2112632783583,$m nominal ex GST,available,ruc_revenue_net_admin - BEFU26 ruc_refunds,ruc_revenue_net_admin - BEFU26 ruc_refunds,current_hybrid_formula,current_hybrid_formula,PED__VNEXT_SOLVED_CONVEX_TOP2; dynamic_RESID_GBR_n150_d1_lr0.05_w36; HEAVY_RUC__VNEXT_SOLVED_CONVEX_TOP4,3296.86012635663,-101.64886307827192,current_finalist_forecast,,2029Q3; 2029Q4; 2030Q1; 2030Q2,False,TOTAL_RUC_NET_REVENUE,FY2030,current_basecase,TOTAL_RUC_NET_REVENUE|FY2030|current_basecase
gross_ped_revenue,PED revenue,replacement_line,FY2030,FY2030,current_basecase,basecase,Current planned path,2781.6793512770555,$m nominal ex GST,available,raw PED/light-petrol VKT * BEFU26 litres intensity / 100 * BEFU26 PED rate,raw PED/light-petrol VKT * BEFU26 litres intensity / 100 * BEFU26 PED rate,forecast_scenario_comparison.parquet; scenario_inputs/scenario_input_wide.parquet; official_annual.csv,"raw AR(1) PED bridge and conventional-anchor VFM composition, scenario-input population and BEFU26 effective rate; population_source=scenario_input_population",PED__VNEXT_SOLVED_CONVEX_TOP2,2707.91842670497,73.76092457208551,current_finalist_forecast,,2029Q3; 2029Q4; 2030Q1; 2030Q2,False,GROSS_PED_REVENUE,FY2030,current_basecase,GROSS_PED_REVENUE|FY2030|current_basecase
gross_fed_revenue,Gross FED revenue,calculated_rollup,FY2030,FY2030,current_basecase,basecase,Current planned path,2824.924129124149,$m nominal ex GST,available,gross_ped_revenue + BEFU26 gross_lpg_revenue + BEFU26 gross_cng_revenue,gross_ped_revenue + BEFU26 gross_lpg_revenue + BEFU26 gross_cng_revenue,current_hybrid_formula,current_hybrid_formula,PED__VNEXT_SOLVED_CONVEX_TOP2,2751.16320455207,73.76092457207915,current_finalist_forecast,,2029Q3; 2029Q4; 2030Q1; 2030Q2,False,GROSS_FED_REVENUE,FY2030,current_basecase,GROSS_FED_REVENUE|FY2030|current_basecase
net_fed_revenue,Net FED revenue,calculated_rollup,FY2030,FY2030,current_basecase,basecase,Current planned path,2722.446940662707,$m nominal ex GST,available,gross_fed_revenue - BEFU26 fed_refunds,gross_fed_revenue - BEFU26 fed_refunds,current_hybrid_formula,current_hybrid_formula,PED__VNEXT_SOLVED_CONVEX_TOP2,2648.68601609063,73.76092457207733,current_finalist_forecast,,2029Q3; 2029Q4; 2030Q1; 2030Q2,False,NET_FED_REVENUE,FY2030,current_basecase,NET_FED_REVENUE|FY2030|current_basecase
net_mvr_revenue,Net MVR revenue,calculated_rollup,FY2030,FY2030,current_basecase,basecase,Current planned path,479.8837182888595,$m nominal ex GST,available,mvr_revenue_net_admin_coo - mvr_refunds,mvr_revenue_net_admin_coo - mvr_refunds,official_annual.csv,BEFU26 official formula,,479.88371828886,-5.115907697472721e-13,current_finalist_forecast,,2029Q3; 2029Q4; 2030Q1; 2030Q2,False,NET_MVR_REVENUE,FY2030,current_basecase,NET_MVR_REVENUE|FY2030|current_basecase
total_nltf_net_revenue,Total NLTF revenue,calculated_rollup,FY2030,FY2030,current_basecase,basecase,Current planned path,6415.09982192275,$m nominal ex GST,available,total_revenue_net_admin - total_refunds,total_revenue_net_admin - total_refunds,current_hybrid_formula,current_hybrid_formula,PED__VNEXT_SOLVED_CONVEX_TOP2; dynamic_RESID_GBR_n150_d1_lr0.05_w36; HEAVY_RUC__VNEXT_SOLVED_CONVEX_TOP4,6442.98776042894,-27.88793850619004,current_finalist_forecast,,2029Q3; 2029Q4; 2030Q1; 2030Q2,False,TOTAL_NLTF_NET_REVENUE,FY2030,current_basecase,TOTAL_NLTF_NET_REVENUE|FY2030|current_basecase
total_fed_ruc_net_revenue,Total RUC+PED revenue,calculated_rollup,FY2030,FY2030,current_basecase,basecase,Current planned path,5917.658203941066,$m nominal ex GST,available,net_fed_revenue + total_ruc_net_revenue,net_fed_revenue + total_ruc_net_revenue,current_hybrid_formula,current_hybrid_formula,PED__VNEXT_SOLVED_CONVEX_TOP2; dynamic_RESID_GBR_n150_d1_lr0.05_w36; HEAVY_RUC__VNEXT_SOLVED_CONVEX_TOP4,5945.54614244726,-27.887938506193677,current_finalist_forecast,,2029Q3; 2029Q4; 2030Q1; 2030Q2,False,TOTAL_FED_RUC_NET_REVENUE,FY2030,current_basecase,TOTAL_FED_RUC_NET_REVENUE|FY2030|current_basecase
light_ruc_net_km,Light RUC net km,bridge_input,FY2030,FY2030,current_comparison_1,comparison,Current planned path,14442.85599877819,million km,available,raw Light RUC conventional model forecast (preserved exactly under the Base uptake basis),raw Light RUC conventional model forecast (preserved exactly under the Base uptake basis),forecast_scenario_comparison.parquet; official_annual.csv,raw AR(1) PED VKT per capita x scenario-input population; raw Light RUC conventional model forecast expanded by MoT VFM 202405 Base uptake shares (conventional_anchor_vfm_composition_v1),dynamic_RESID_GBR_n150_d1_lr0.05_w36,14439.0859778169,3.7700209612903564,current_finalist_forecast,,2029Q3; 2029Q4; 2030Q1; 2030Q2,False,LIGHT_RUC_NET_KM,FY2030,current_comparison_1,LIGHT_RUC_NET_KM|FY2030|current_comparison_1
heavy_ruc_net_km,Heavy RUC net km,bridge_input,FY2030,FY2030,current_comparison_1,comparison,Current planned path,4210.847871284816,million km,available,sum quarterly current finalist Heavy RUC net km,sum quarterly current finalist Heavy RUC net km,forecast_scenario_comparison.parquet,current_finalist_model,HEAVY_RUC__VNEXT_SOLVED_CONVEX_TOP4,4484.64725020264,-273.79937891782356,current_finalist_forecast,,2029Q3; 2029Q4; 2030Q1; 2030Q2,False,HEAVY_RUC_NET_KM,FY2030,current_comparison_1,HEAVY_RUC_NET_KM|FY2030|current_comparison_1
light_bev_ruc_net_km,Light BEV RUC net km,bridge_input,FY2030,FY2030,current_comparison_1,comparison,Current planned path,3411.1071741336104,million km,available,base pool (conventional / VFM Base conventional share) * VFM Base Light BEV share,base pool (conventional / VFM Base conventional share) * VFM Base Light BEV share,forecast_scenario_comparison.parquet; official_annual.csv,raw AR(1) PED VKT per capita x scenario-input population; raw Light RUC conventional model forecast expanded by MoT VFM 202405 Base uptake shares (conventional_anchor_vfm_composition_v1),PED__VNEXT_SOLVED_CONVEX_TOP2; dynamic_RESID_GBR_n150_d1_lr0.05_w36; HEAVY_RUC__VNEXT_SOLVED_CONVEX_TOP4,3074.13637597232,336.97079816129053,current_finalist_forecast,,2029Q3; 2029Q4; 2030Q1; 2030Q2,False,LIGHT_BEV_RUC_NET_KM,FY2030,current_comparison_1,LIGHT_BEV_RUC_NET_KM|FY2030|current_comparison_1
phev_ruc_net_km,PHEV RUC net km,bridge_input,FY2030,FY2030,current_comparison_1,comparison,Current planned path,1864.6731226538723,million km,available,base pool (conventional / VFM Base conventional share) * VFM Base PHEV share,base pool (conventional / VFM Base conventional share) * VFM Base PHEV share,forecast_scenario_comparison.parquet; official_annual.csv,raw AR(1) PED VKT per capita x scenario-input population; raw Light RUC conventional model forecast expanded by MoT VFM 202405 Base uptake shares (conventional_anchor_vfm_composition_v1),PED__VNEXT_SOLVED_CONVEX_TOP2; dynamic_RESID_GBR_n150_d1_lr0.05_w36; HEAVY_RUC__VNEXT_SOLVED_CONVEX_TOP4,1688.91801832143,175.75510433244222,current_finalist_forecast,,2029Q3; 2029Q4; 2030Q1; 2030Q2,False,PHEV_RUC_NET_KM,FY2030,current_comparison_1,PHEV_RUC_NET_KM|FY2030|current_comparison_1
ped_volume,PED volume,bridge_input,FY2030,FY2030,current_comparison_1,comparison,Current planned path,3036.0326096286026,million litres,available,raw PED/light-petrol VKT * BEFU26 litres intensity / 100,raw PED/light-petrol VKT * BEFU26 litres intensity / 100,forecast_scenario_comparison.parquet; scenario_inputs/scenario_input_wide.parquet; official_annual.csv,raw AR(1) PED VKT/capita + scenario-input population (scenario_input_population) + BEFU26 intensity,PED__VNEXT_SOLVED_CONVEX_TOP2,2880.43564343742,155.59696619118267,current_finalist_forecast,,2029Q3; 2029Q4; 2030Q1; 2030Q2,False,PED_VOLUME,FY2030,current_comparison_1,PED_VOLUME|FY2030|current_comparison_1
ped_vkt_per_capita,PED VKT per capita,bridge_input,FY2030,FY2030,current_comparison_1,comparison,Current planned path,6103.089432589002,km/person,available,sum quarterly current finalist PED VKT/capita,sum quarterly current finalist PED VKT/capita,forecast_scenario_comparison.parquet,current_finalist_model,PED__VNEXT_SOLVED_CONVEX_TOP2,5890.93754143919,212.1518911498124,current_finalist_forecast,,2029Q3; 2029Q4; 2030Q1; 2030Q2,False,PED_VKT_PER_CAPITA,FY2030,current_comparison_1,PED_VKT_PER_CAPITA|FY2030|current_comparison_1
light_ruc_net_revenue,Light RUC revenue,replacement_line,FY2030,FY2030,current_comparison_1,comparison,Current planned path,1299.2248579520858,$m nominal ex GST,available,conventional Light RUC km * BEFU26 conventional Light effective rate,conventional Light RUC km * BEFU26 conventional Light effective rate,forecast_scenario_comparison.parquet; official_annual.csv,"raw AR(1) PED bridge and conventional-anchor VFM composition, scenario-input population and BEFU26 effective rate",dynamic_RESID_GBR_n150_d1_lr0.05_w36,1298.88572108412,0.3391368679658626,current_finalist_forecast,,2029Q3; 2029Q4; 2030Q1; 2030Q2,False,LIGHT_RUC_NET_REVENUE,FY2030,current_comparison_1,LIGHT_RUC_NET_REVENUE|FY2030|current_comparison_1
heavy_ruc_net_revenue,Heavy RUC revenue,replacement_line,FY2030,FY2030,current_comparison_1,comparison,Current planned path,1554.7111877059028,$m nominal ex GST,available,sum quarterly current Heavy RUC net km * BEFU26 effective rate,sum quarterly current Heavy RUC net km * BEFU26 effective rate,forecast_scenario_comparison.parquet; official_annual.csv,current_finalist_model + BEFU26 effective rate,HEAVY_RUC__VNEXT_SOLVED_CONVEX_TOP4,1655.80221986912,-101.09103216321728,current_finalist_forecast,,2029Q3; 2029Q4; 2030Q1; 2030Q2,False,HEAVY_RUC_NET_REVENUE,FY2030,current_comparison_1,HEAVY_RUC_NET_REVENUE|FY2030|current_comparison_1
light_bev_ruc_net_revenue,Light BEV RUC net revenue,replacement_line,FY2030,FY2030,current_comparison_1,comparison,Current planned path,306.8802569209305,$m nominal ex GST,available,allocated Light BEV RUC km * BEFU26 Light BEV effective rate,allocated Light BEV RUC km * BEFU26 Light BEV effective rate,forecast_scenario_comparison.parquet; official_annual.csv,"raw AR(1) PED bridge and conventional-anchor VFM composition, scenario-input population and BEFU26 effective rate",PED__VNEXT_SOLVED_CONVEX_TOP2; dynamic_RESID_GBR_n150_d1_lr0.05_w36; HEAVY_RUC__VNEXT_SOLVED_CONVEX_TOP4,276.56467906435,30.31557785658049,current_finalist_forecast,,2029Q3; 2029Q4; 2030Q1; 2030Q2,False,LIGHT_BEV_RUC_NET_REVENUE,FY2030,current_comparison_1,LIGHT_BEV_RUC_NET_REVENUE|FY2030|current_comparison_1
phev_ruc_net_revenue,PHEV RUC net revenue,replacement_line,FY2030,FY2030,current_comparison_1,comparison,Current planned path,82.72622308653878,$m nominal ex GST,available,allocated PHEV RUC km * BEFU26 PHEV effective rate,allocated PHEV RUC km * BEFU26 PHEV effective rate,forecast_scenario_comparison.parquet; official_annual.csv,"raw AR(1) PED bridge and conventional-anchor VFM composition, scenario-input population and BEFU26 effective rate",PED__VNEXT_SOLVED_CONVEX_TOP2; dynamic_RESID_GBR_n150_d1_lr0.05_w36; HEAVY_RUC__VNEXT_SOLVED_CONVEX_TOP4,74.92884788283,7.797375203708782,current_finalist_forecast,,2029Q3; 2029Q4; 2030Q1; 2030Q2,False,PHEV_RUC_NET_REVENUE,FY2030,current_comparison_1,PHEV_RUC_NET_REVENUE|FY2030|current_comparison_1
total_ruc_net_revenue,Total RUC all classes,calculated_rollup,FY2030,FY2030,current_comparison_1,comparison,Current planned path,3233.837937362252,$m nominal ex GST,available,ruc_revenue_net_admin - BEFU26 ruc_refunds,ruc_revenue_net_admin - BEFU26 ruc_refunds,current_hybrid_formula,current_hybrid_formula,PED__VNEXT_SOLVED_CONVEX_TOP2; dynamic_RESID_GBR_n150_d1_lr0.05_w36; HEAVY_RUC__VNEXT_SOLVED_CONVEX_TOP4,3296.86012635663,-63.02218899437821,current_finalist_forecast,,2029Q3; 2029Q4; 2030Q1; 2030Q2,False,TOTAL_RUC_NET_REVENUE,FY2030,current_comparison_1,TOTAL_RUC_NET_REVENUE|FY2030|current_comparison_1
gross_ped_revenue,PED revenue,replacement_line,FY2030,FY2030,current_comparison_1,comparison,Current planned path,2854.196262437372,$m nominal ex GST,available,raw PED/light-petrol VKT * BEFU26 litres intensity / 100 * BEFU26 PED rate,raw PED/light-petrol VKT * BEFU26 litres intensity / 100 * BEFU26 PED rate,forecast_scenario_comparison.parquet; scenario_inputs/scenario_input_wide.parquet; official_annual.csv,"raw AR(1) PED bridge and conventional-anchor VFM composition, scenario-input population and BEFU26 effective rate; population_source=scenario_input_population",PED__VNEXT_SOLVED_CONVEX_TOP2,2707.91842670497,146.27783573240185,current_finalist_forecast,,2029Q3; 2029Q4; 2030Q1; 2030Q2,False,GROSS_PED_REVENUE,FY2030,current_comparison_1,GROSS_PED_REVENUE|FY2030|current_comparison_1
gross_fed_revenue,Gross FED revenue,calculated_rollup,FY2030,FY2030,current_comparison_1,comparison,Current planned path,2897.4410402844655,$m nominal ex GST,available,gross_ped_revenue + BEFU26 gross_lpg_revenue + BEFU26 gross_cng_revenue,gross_ped_revenue + BEFU26 gross_lpg_revenue + BEFU26 gross_cng_revenue,current_hybrid_formula,current_hybrid_formula,PED__VNEXT_SOLVED_CONVEX_TOP2,2751.16320455207,146.2778357323955,current_finalist_forecast,,2029Q3; 2029Q4; 2030Q1; 2030Q2,False,GROSS_FED_REVENUE,FY2030,current_comparison_1,GROSS_FED_REVENUE|FY2030|current_comparison_1
net_fed_revenue,Net FED revenue,calculated_rollup,FY2030,FY2030,current_comparison_1,comparison,Current planned path,2794.9638518230236,$m nominal ex GST,available,gross_fed_revenue - BEFU26 fed_refunds,gross_fed_revenue - BEFU26 fed_refunds,current_hybrid_formula,current_hybrid_formula,PED__VNEXT_SOLVED_CONVEX_TOP2,2648.68601609063,146.27783573239367,current_finalist_forecast,,2029Q3; 2029Q4; 2030Q1; 2030Q2,False,NET_FED_REVENUE,FY2030,current_comparison_1,NET_FED_REVENUE|FY2030|current_comparison_1
net_mvr_revenue,Net MVR revenue,calculated_rollup,FY2030,FY2030,current_comparison_1,comparison,Current planned path,479.8837182888595,$m nominal ex GST,available,mvr_revenue_net_admin_coo - mvr_refunds,mvr_revenue_net_admin_coo - mvr_refunds,official_annual.csv,BEFU26 official formula,,479.88371828886,-5.115907697472721e-13,current_finalist_forecast,,2029Q3; 2029Q4; 2030Q1; 2030Q2,False,NET_MVR_REVENUE,FY2030,current_comparison_1,NET_MVR_REVENUE|FY2030|current_comparison_1
total_nltf_net_revenue,Total NLTF revenue,calculated_rollup,FY2030,FY2030,current_comparison_1,comparison,Current planned path,6526.24340716696,$m nominal ex GST,available,total_revenue_net_admin - total_refunds,total_revenue_net_admin - total_refunds,current_hybrid_formula,current_hybrid_formula,PED__VNEXT_SOLVED_CONVEX_TOP2; dynamic_RESID_GBR_n150_d1_lr0.05_w36; HEAVY_RUC__VNEXT_SOLVED_CONVEX_TOP4,6442.98776042894,83.25564673802,current_finalist_forecast,,2029Q3; 2029Q4; 2030Q1; 2030Q2,False,TOTAL_NLTF_NET_REVENUE,FY2030,current_comparison_1,TOTAL_NLTF_NET_REVENUE|FY2030|current_comparison_1
total_fed_ruc_net_revenue,Total RUC+PED revenue,calculated_rollup,FY2030,FY2030,current_comparison_1,comparison,Current planned path,6028.801789185276,$m nominal ex GST,available,net_fed_revenue + total_ruc_net_revenue,net_fed_revenue + total_ruc_net_revenue,current_hybrid_formula,current_hybrid_formula,PED__VNEXT_SOLVED_CONVEX_TOP2; dynamic_RESID_GBR_n150_d1_lr0.05_w36; HEAVY_RUC__VNEXT_SOLVED_CONVEX_TOP4,5945.54614244726,83.25564673801637,current_finalist_forecast,,2029Q3; 2029Q4; 2030Q1; 2030Q2,False,TOTAL_FED_RUC_NET_REVENUE,FY2030,current_comparison_1,TOTAL_FED_RUC_NET_REVENUE|FY2030|current_comparison_1
