source_release,FY,period,period_status,output_series_id,output_label,row_role,formula,source_rows,source_cells,observed_value,calculated_value,residual,residual_abs,status,missing_inputs,source_kind
BEFU26,2001,FY2001,ACTUAL,gross_fed_revenue,Gross FED revenue,aggregate,gross_ped_revenue + gross_lpg_revenue + gross_cng_revenue,40; 41; 42,B40; B41; B42,989.5585841,989.5585841,-1.1368683772161605e-13,1.1368683772161605e-13,reconciled,,official_source_formula_assertion
BEFU26,2001,FY2001,ACTUAL,gross_mvr_revenue,Gross MVR revenue,aggregate,mr1_revenue + mr2_revenue + coo_revenue,48; 49; 50,B48; B49; B50,180.74,180.74,0.0,0.0,reconciled,,official_source_formula_assertion
BEFU26,2001,FY2001,ACTUAL,gross_ruc_revenue,Gross RUC revenue,aggregate,light_ruc_net_revenue + heavy_ruc_net_revenue + light_bev_ruc_net_revenue + heavy_bev_ruc_net_revenue + phev_ruc_net_revenue + ruc_refunds,28; 29; 30; 31; 32; 33,B28; B29; B30; B31; B32; B33,556.677429315556,556.6774293155554,5.684341886080801e-13,5.684341886080801e-13,reconciled,,official_source_formula_assertion
BEFU26,2001,FY2001,ACTUAL,mvr_revenue_net_admin_coo,MVR revenues net of admin fees and COO,aggregate,mr1_revenue + mr2_revenue - mvr_admin_revenue,48; 49; 52,B48; B49; B52,148.312,148.31199999999998,2.8421709430404014e-14,2.8421709430404014e-14,reconciled,,official_source_formula_assertion
BEFU26,2001,FY2001,ACTUAL,net_fed_revenue,Net FED revenue,aggregate,gross_fed_revenue - fed_refunds,43; 44,B43; B44,970.466139655556,970.4661396555556,4.547473508864641e-13,4.547473508864641e-13,reconciled,,official_source_formula_assertion
BEFU26,2001,FY2001,ACTUAL,net_mvr_revenue,Net MVR revenue,aggregate,mvr_revenue_net_admin_coo - mvr_refunds,53; 54,B53; B54,147.893,147.893,0.0,0.0,reconciled,,official_source_formula_assertion
BEFU26,2001,FY2001,ACTUAL,ruc_revenue_net_admin,RUC revenues net of admin fees,aggregate,gross_ruc_revenue - ruc_admin_revenue,34; 35,B34; B35,546.121429315556,546.1214293155559,1.1368683772161605e-13,1.1368683772161605e-13,reconciled,,official_source_formula_assertion
BEFU26,2001,FY2001,ACTUAL,total_admin_fees,Total admin fees,aggregate,ruc_admin_revenue + mvr_admin_revenue + coo_revenue,35; 52; 50,B35; B52; B50,42.984,42.984,0.0,0.0,reconciled,,official_source_formula_assertion
BEFU26,2001,FY2001,ACTUAL,total_fed_ruc_net_revenue,Total RUC+PED revenue,aggregate,net_fed_revenue + total_ruc_net_revenue,45; 37,B45; B37,1493.231124526667,1493.231124526667,0.0,0.0,reconciled,,derived_dashboard_subtotal
BEFU26,2001,FY2001,ACTUAL,total_gross_revenue,Total gross revenues,aggregate,gross_ruc_revenue + gross_fed_revenue + gross_mvr_revenue + tuc_net_revenue,34; 43; 51; 58,B34; B43; B51; B58,1726.97601341556,1726.9760134155558,4.092726157978177e-12,4.092726157978177e-12,reconciled,,official_source_formula_assertion
BEFU26,2001,FY2001,ACTUAL,total_nltf_net_revenue,Total NLTF revenue,aggregate,total_revenue_net_admin - total_refunds,63; 64,B63; B64,1641.12412452667,1641.124124526671,-1.1368683772161605e-12,1.1368683772161605e-12,reconciled,,official_source_formula_assertion
BEFU26,2001,FY2001,ACTUAL,total_refunds,Total refunds,aggregate,ruc_refunds + fed_refunds + mvr_refunds,33; 44; 54,B33; B44; B54,42.8678888888889,42.8678888888888,9.947598300641405e-14,9.947598300641405e-14,reconciled,,official_source_formula_assertion
BEFU26,2001,FY2001,ACTUAL,total_revenue_net_admin,Total revenues net of admin fees,aggregate,total_gross_revenue - total_admin_fees,61; 62,B61; B62,1683.99201341556,1683.99201341556,0.0,0.0,reconciled,,official_source_formula_assertion
BEFU26,2001,FY2001,ACTUAL,total_ruc_net_revenue,Total RUC all classes,aggregate,ruc_revenue_net_admin - ruc_refunds,36; 33,B36; B33,522.764984871111,522.7649848711117,-6.821210263296962e-13,6.821210263296962e-13,reconciled,,official_source_formula_assertion
BEFU26,2002,FY2002,ACTUAL,gross_fed_revenue,Gross FED revenue,aggregate,gross_ped_revenue + gross_lpg_revenue + gross_cng_revenue,40; 41; 42,C40; C41; C42,986.296323,986.296323,1.1368683772161605e-13,1.1368683772161605e-13,reconciled,,official_source_formula_assertion
BEFU26,2002,FY2002,ACTUAL,gross_mvr_revenue,Gross MVR revenue,aggregate,mr1_revenue + mr2_revenue + coo_revenue,48; 49; 50,C48; C49; C50,188.061,188.061,0.0,0.0,reconciled,,official_source_formula_assertion
BEFU26,2002,FY2002,ACTUAL,gross_ruc_revenue,Gross RUC revenue,aggregate,light_ruc_net_revenue + heavy_ruc_net_revenue + light_bev_ruc_net_revenue + heavy_bev_ruc_net_revenue + phev_ruc_net_revenue + ruc_refunds,28; 29; 30; 31; 32; 33,C28; C29; C30; C31; C32; C33,602.615295022222,602.6152950222228,-7.958078640513122e-13,7.958078640513122e-13,reconciled,,official_source_formula_assertion
BEFU26,2002,FY2002,ACTUAL,mvr_revenue_net_admin_coo,MVR revenues net of admin fees and COO,aggregate,mr1_revenue + mr2_revenue - mvr_admin_revenue,48; 49; 52,C48; C49; C52,153.816,153.816,0.0,0.0,reconciled,,official_source_formula_assertion
BEFU26,2002,FY2002,ACTUAL,net_fed_revenue,Net FED revenue,aggregate,gross_fed_revenue - fed_refunds,43; 44,C43; C44,963.881211888889,963.881211888889,0.0,0.0,reconciled,,official_source_formula_assertion
BEFU26,2002,FY2002,ACTUAL,net_mvr_revenue,Net MVR revenue,aggregate,mvr_revenue_net_admin_coo - mvr_refunds,53; 54,C53; C54,153.242,153.242,0.0,0.0,reconciled,,official_source_formula_assertion
BEFU26,2002,FY2002,ACTUAL,ruc_revenue_net_admin,RUC revenues net of admin fees,aggregate,gross_ruc_revenue - ruc_admin_revenue,34; 35,C34; C35,591.476295022222,591.476295022222,0.0,0.0,reconciled,,official_source_formula_assertion
BEFU26,2002,FY2002,ACTUAL,total_admin_fees,Total admin fees,aggregate,ruc_admin_revenue + mvr_admin_revenue + coo_revenue,35; 52; 50,C35; C52; C50,45.384,45.384,0.0,0.0,reconciled,,official_source_formula_assertion
BEFU26,2002,FY2002,ACTUAL,total_fed_ruc_net_revenue,Total RUC+PED revenue,aggregate,net_fed_revenue + total_ruc_net_revenue,45; 37,C45; C37,1529.626840244444,1529.626840244444,0.0,0.0,reconciled,,derived_dashboard_subtotal
BEFU26,2002,FY2002,ACTUAL,total_gross_revenue,Total gross revenues,aggregate,gross_ruc_revenue + gross_fed_revenue + gross_mvr_revenue + tuc_net_revenue,34; 43; 51; 58,C34; C43; C51; C58,1776.97261802222,1776.972618022222,-1.8189894035458565e-12,1.8189894035458565e-12,reconciled,,official_source_formula_assertion
BEFU26,2002,FY2002,ACTUAL,total_nltf_net_revenue,Total NLTF revenue,aggregate,total_revenue_net_admin - total_refunds,63; 64,C63; C64,1682.86884024444,1682.8688402444425,-2.273736754432321e-12,2.273736754432321e-12,reconciled,,official_source_formula_assertion
BEFU26,2002,FY2002,ACTUAL,total_refunds,Total refunds,aggregate,ruc_refunds + fed_refunds + mvr_refunds,33; 44; 54,C33; C44; C54,48.7197777777778,48.7197777777778,0.0,0.0,reconciled,,official_source_formula_assertion
BEFU26,2002,FY2002,ACTUAL,total_revenue_net_admin,Total revenues net of admin fees,aggregate,total_gross_revenue - total_admin_fees,61; 62,C61; C62,1731.58861802222,1731.58861802222,0.0,0.0,reconciled,,official_source_formula_assertion
BEFU26,2002,FY2002,ACTUAL,total_ruc_net_revenue,Total RUC all classes,aggregate,ruc_revenue_net_admin - ruc_refunds,36; 33,C36; C33,565.745628355555,565.7456283555553,-2.273736754432321e-13,2.273736754432321e-13,reconciled,,official_source_formula_assertion
BEFU26,2003,FY2003,ACTUAL,gross_fed_revenue,Gross FED revenue,aggregate,gross_ped_revenue + gross_lpg_revenue + gross_cng_revenue,40; 41; 42,D40; D41; D42,1149.000059,1149.000059,0.0,0.0,reconciled,,official_source_formula_assertion
BEFU26,2003,FY2003,ACTUAL,gross_mvr_revenue,Gross MVR revenue,aggregate,mr1_revenue + mr2_revenue + coo_revenue,48; 49; 50,D48; D49; D50,197.397,197.397,-2.8421709430404014e-14,2.8421709430404014e-14,reconciled,,official_source_formula_assertion
BEFU26,2003,FY2003,ACTUAL,gross_ruc_revenue,Gross RUC revenue,aggregate,light_ruc_net_revenue + heavy_ruc_net_revenue + light_bev_ruc_net_revenue + heavy_bev_ruc_net_revenue + phev_ruc_net_revenue + ruc_refunds,28; 29; 30; 31; 32; 33,D28; D29; D30; D31; D32; D33,645.624403982222,645.6244039822225,-4.547473508864641e-13,4.547473508864641e-13,reconciled,,official_source_formula_assertion
BEFU26,2003,FY2003,ACTUAL,mvr_revenue_net_admin_coo,MVR revenues net of admin fees and COO,aggregate,mr1_revenue + mr2_revenue - mvr_admin_revenue,48; 49; 52,D48; D49; D52,161.301,161.30100000000002,-2.8421709430404014e-14,2.8421709430404014e-14,reconciled,,official_source_formula_assertion
BEFU26,2003,FY2003,ACTUAL,net_fed_revenue,Net FED revenue,aggregate,gross_fed_revenue - fed_refunds,43; 44,D43; D44,1123.86139233333,1123.8613923333332,-3.183231456205249e-12,3.183231456205249e-12,reconciled,,official_source_formula_assertion
BEFU26,2003,FY2003,ACTUAL,net_mvr_revenue,Net MVR revenue,aggregate,mvr_revenue_net_admin_coo - mvr_refunds,53; 54,D53; D54,160.803,160.803,0.0,0.0,reconciled,,official_source_formula_assertion
BEFU26,2003,FY2003,ACTUAL,ruc_revenue_net_admin,RUC revenues net of admin fees,aggregate,gross_ruc_revenue - ruc_admin_revenue,34; 35,D34; D35,634.121403982222,634.121403982222,0.0,0.0,reconciled,,official_source_formula_assertion
BEFU26,2003,FY2003,ACTUAL,total_admin_fees,Total admin fees,aggregate,ruc_admin_revenue + mvr_admin_revenue + coo_revenue,35; 52; 50,D35; D52; D50,47.599,47.599,0.0,0.0,reconciled,,official_source_formula_assertion
BEFU26,2003,FY2003,ACTUAL,total_fed_ruc_net_revenue,Total RUC+PED revenue,aggregate,net_fed_revenue + total_ruc_net_revenue,45; 37,D45; D37,1731.986351871108,1731.986351871108,0.0,0.0,reconciled,,derived_dashboard_subtotal
BEFU26,2003,FY2003,ACTUAL,total_gross_revenue,Total gross revenues,aggregate,gross_ruc_revenue + gross_fed_revenue + gross_mvr_revenue + tuc_net_revenue,34; 43; 51; 58,D34; D43; D51; D58,1992.02146298222,1992.021462982222,-1.8189894035458565e-12,1.8189894035458565e-12,reconciled,,official_source_formula_assertion
BEFU26,2003,FY2003,ACTUAL,total_nltf_net_revenue,Total NLTF revenue,aggregate,total_revenue_net_admin - total_refunds,63; 64,D63; D64,1892.78935187111,1892.789351871109,1.1368683772161605e-12,1.1368683772161605e-12,reconciled,,official_source_formula_assertion
BEFU26,2003,FY2003,ACTUAL,total_refunds,Total refunds,aggregate,ruc_refunds + fed_refunds + mvr_refunds,33; 44; 54,D33; D44; D54,51.6331111111111,51.6331111111111,0.0,0.0,reconciled,,official_source_formula_assertion
BEFU26,2003,FY2003,ACTUAL,total_revenue_net_admin,Total revenues net of admin fees,aggregate,total_gross_revenue - total_admin_fees,61; 62,D61; D62,1944.42246298222,1944.42246298222,-2.273736754432321e-13,2.273736754432321e-13,reconciled,,official_source_formula_assertion
BEFU26,2003,FY2003,ACTUAL,total_ruc_net_revenue,Total RUC all classes,aggregate,ruc_revenue_net_admin - ruc_refunds,36; 33,D36; D33,608.124959537778,608.1249595377776,3.410605131648481e-13,3.410605131648481e-13,reconciled,,official_source_formula_assertion
BEFU26,2004,FY2004,ACTUAL,gross_fed_revenue,Gross FED revenue,aggregate,gross_ped_revenue + gross_lpg_revenue + gross_cng_revenue,40; 41; 42,E40; E41; E42,1165.821743,1165.821743,0.0,0.0,reconciled,,official_source_formula_assertion
BEFU26,2004,FY2004,ACTUAL,gross_mvr_revenue,Gross MVR revenue,aggregate,mr1_revenue + mr2_revenue + coo_revenue,48; 49; 50,E48; E49; E50,210.911,210.911,0.0,0.0,reconciled,,official_source_formula_assertion
BEFU26,2004,FY2004,ACTUAL,gross_ruc_revenue,Gross RUC revenue,aggregate,light_ruc_net_revenue + heavy_ruc_net_revenue + light_bev_ruc_net_revenue + heavy_bev_ruc_net_revenue + phev_ruc_net_revenue + ruc_refunds,28; 29; 30; 31; 32; 33,E28; E29; E30; E31; E32; E33,693.242374577778,693.2423745777776,4.547473508864641e-13,4.547473508864641e-13,reconciled,,official_source_formula_assertion
BEFU26,2004,FY2004,ACTUAL,mvr_revenue_net_admin_coo,MVR revenues net of admin fees and COO,aggregate,mr1_revenue + mr2_revenue - mvr_admin_revenue,48; 49; 52,E48; E49; E52,172.57,172.57,0.0,0.0,reconciled,,official_source_formula_assertion
BEFU26,2004,FY2004,ACTUAL,net_fed_revenue,Net FED revenue,aggregate,gross_fed_revenue - fed_refunds,43; 44,E43; E44,1140.42263188889,1140.4226318888889,1.1368683772161605e-12,1.1368683772161605e-12,reconciled,,official_source_formula_assertion
BEFU26,2004,FY2004,ACTUAL,net_mvr_revenue,Net MVR revenue,aggregate,mvr_revenue_net_admin_coo - mvr_refunds,53; 54,E53; E54,172.054,172.054,0.0,0.0,reconciled,,official_source_formula_assertion
BEFU26,2004,FY2004,ACTUAL,ruc_revenue_net_admin,RUC revenues net of admin fees,aggregate,gross_ruc_revenue - ruc_admin_revenue,34; 35,E34; E35,680.574374577778,680.574374577778,0.0,0.0,reconciled,,official_source_formula_assertion
BEFU26,2004,FY2004,ACTUAL,total_admin_fees,Total admin fees,aggregate,ruc_admin_revenue + mvr_admin_revenue + coo_revenue,35; 52; 50,E35; E52; E50,51.009,51.009,0.0,0.0,reconciled,,official_source_formula_assertion
BEFU26,2004,FY2004,ACTUAL,total_fed_ruc_net_revenue,Total RUC+PED revenue,aggregate,net_fed_revenue + total_ruc_net_revenue,45; 37,E45; E37,1794.985450911112,1794.985450911112,0.0,0.0,reconciled,,derived_dashboard_subtotal
BEFU26,2004,FY2004,ACTUAL,total_gross_revenue,Total gross revenues,aggregate,gross_ruc_revenue + gross_fed_revenue + gross_mvr_revenue + tuc_net_revenue,34; 43; 51; 58,E34; E43; E51; E58,2069.97511757778,2069.975117577778,2.273736754432321e-12,2.273736754432321e-12,reconciled,,official_source_formula_assertion
BEFU26,2004,FY2004,ACTUAL,total_nltf_net_revenue,Total NLTF revenue,aggregate,total_revenue_net_admin - total_refunds,63; 64,E63; E64,1967.03945091111,1967.0394509111131,-3.410605131648481e-12,3.410605131648481e-12,reconciled,,official_source_formula_assertion
BEFU26,2004,FY2004,ACTUAL,total_refunds,Total refunds,aggregate,ruc_refunds + fed_refunds + mvr_refunds,33; 44; 54,E33; E44; E54,51.9266666666667,51.9266666666667,0.0,0.0,reconciled,,official_source_formula_assertion
BEFU26,2004,FY2004,ACTUAL,total_revenue_net_admin,Total revenues net of admin fees,aggregate,total_gross_revenue - total_admin_fees,61; 62,E61; E62,2018.96611757778,2018.96611757778,0.0,0.0,reconciled,,official_source_formula_assertion
BEFU26,2004,FY2004,ACTUAL,total_ruc_net_revenue,Total RUC all classes,aggregate,ruc_revenue_net_admin - ruc_refunds,36; 33,E36; E33,654.562819022222,654.5628190222225,-4.547473508864641e-13,4.547473508864641e-13,reconciled,,official_source_formula_assertion
BEFU26,2005,FY2005,ACTUAL,gross_fed_revenue,Gross FED revenue,aggregate,gross_ped_revenue + gross_lpg_revenue + gross_cng_revenue,40; 41; 42,F40; F41; F42,1235.665162,1235.665162,0.0,0.0,reconciled,,official_source_formula_assertion
BEFU26,2005,FY2005,ACTUAL,gross_mvr_revenue,Gross MVR revenue,aggregate,mr1_revenue + mr2_revenue + coo_revenue,48; 49; 50,F48; F49; F50,217.248,217.248,0.0,0.0,reconciled,,official_source_formula_assertion
BEFU26,2005,FY2005,ACTUAL,gross_ruc_revenue,Gross RUC revenue,aggregate,light_ruc_net_revenue + heavy_ruc_net_revenue + light_bev_ruc_net_revenue + heavy_bev_ruc_net_revenue + phev_ruc_net_revenue + ruc_refunds,28; 29; 30; 31; 32; 33,F28; F29; F30; F31; F32; F33,741.935421324444,741.9354213244447,-7.958078640513122e-13,7.958078640513122e-13,reconciled,,official_source_formula_assertion
BEFU26,2005,FY2005,ACTUAL,mvr_revenue_net_admin_coo,MVR revenues net of admin fees and COO,aggregate,mr1_revenue + mr2_revenue - mvr_admin_revenue,48; 49; 52,F48; F49; F52,177.506,177.506,0.0,0.0,reconciled,,official_source_formula_assertion
BEFU26,2005,FY2005,ACTUAL,net_fed_revenue,Net FED revenue,aggregate,gross_fed_revenue - fed_refunds,43; 44,F43; F44,1202.71493977778,1202.7149397777778,2.273736754432321e-12,2.273736754432321e-12,reconciled,,official_source_formula_assertion
BEFU26,2005,FY2005,ACTUAL,net_mvr_revenue,Net MVR revenue,aggregate,mvr_revenue_net_admin_coo - mvr_refunds,53; 54,F53; F54,177.016,177.016,0.0,0.0,reconciled,,official_source_formula_assertion
BEFU26,2005,FY2005,ACTUAL,ruc_revenue_net_admin,RUC revenues net of admin fees,aggregate,gross_ruc_revenue - ruc_admin_revenue,34; 35,F34; F35,728.587421324444,728.587421324444,0.0,0.0,reconciled,,official_source_formula_assertion
BEFU26,2005,FY2005,ACTUAL,total_admin_fees,Total admin fees,aggregate,ruc_admin_revenue + mvr_admin_revenue + coo_revenue,35; 52; 50,F35; F52; F50,53.09,53.09,7.105427357601002e-15,7.105427357601002e-15,reconciled,,official_source_formula_assertion
BEFU26,2005,FY2005,ACTUAL,total_fed_ruc_net_revenue,Total RUC+PED revenue,aggregate,net_fed_revenue + total_ruc_net_revenue,45; 37,F45; F37,1903.244583324447,1903.244583324447,0.0,0.0,reconciled,,derived_dashboard_subtotal
BEFU26,2005,FY2005,ACTUAL,total_gross_revenue,Total gross revenues,aggregate,gross_ruc_revenue + gross_fed_revenue + gross_mvr_revenue + tuc_net_revenue,34; 43; 51; 58,F34; F43; F51; F58,2194.84858332444,2194.848583324444,-4.092726157978177e-12,4.092726157978177e-12,reconciled,,official_source_formula_assertion
BEFU26,2005,FY2005,ACTUAL,total_nltf_net_revenue,Total NLTF revenue,aggregate,total_revenue_net_admin - total_refunds,63; 64,F63; F64,2080.26058332444,2080.26058332444,0.0,0.0,reconciled,,official_source_formula_assertion
BEFU26,2005,FY2005,ACTUAL,total_refunds,Total refunds,aggregate,ruc_refunds + fed_refunds + mvr_refunds,33; 44; 54,F33; F44; F54,61.498,61.498000000000005,-7.105427357601002e-15,7.105427357601002e-15,reconciled,,official_source_formula_assertion
BEFU26,2005,FY2005,ACTUAL,total_revenue_net_admin,Total revenues net of admin fees,aggregate,total_gross_revenue - total_admin_fees,61; 62,F61; F62,2141.75858332444,2141.75858332444,4.547473508864641e-13,4.547473508864641e-13,reconciled,,official_source_formula_assertion
BEFU26,2005,FY2005,ACTUAL,total_ruc_net_revenue,Total RUC all classes,aggregate,ruc_revenue_net_admin - ruc_refunds,36; 33,F36; F33,700.529643546667,700.5296435466662,7.958078640513122e-13,7.958078640513122e-13,reconciled,,official_source_formula_assertion
BEFU26,2006,FY2006,ACTUAL,gross_fed_revenue,Gross FED revenue,aggregate,gross_ped_revenue + gross_lpg_revenue + gross_cng_revenue,40; 41; 42,G40; G41; G42,1314.795058,1314.795058,0.0,0.0,reconciled,,official_source_formula_assertion
BEFU26,2006,FY2006,ACTUAL,gross_mvr_revenue,Gross MVR revenue,aggregate,mr1_revenue + mr2_revenue + coo_revenue,48; 49; 50,G48; G49; G50,220.973,220.973,0.0,0.0,reconciled,,official_source_formula_assertion
BEFU26,2006,FY2006,ACTUAL,gross_ruc_revenue,Gross RUC revenue,aggregate,light_ruc_net_revenue + heavy_ruc_net_revenue + light_bev_ruc_net_revenue + heavy_bev_ruc_net_revenue + phev_ruc_net_revenue + ruc_refunds,28; 29; 30; 31; 32; 33,G28; G29; G30; G31; G32; G33,752.813307946667,752.813307946666,1.0231815394945445e-12,1.0231815394945445e-12,reconciled,,official_source_formula_assertion
BEFU26,2006,FY2006,ACTUAL,mvr_revenue_net_admin_coo,MVR revenues net of admin fees and COO,aggregate,mr1_revenue + mr2_revenue - mvr_admin_revenue,48; 49; 52,G48; G49; G52,179.987,179.987,0.0,0.0,reconciled,,official_source_formula_assertion
BEFU26,2006,FY2006,ACTUAL,net_fed_revenue,Net FED revenue,aggregate,gross_fed_revenue - fed_refunds,43; 44,G43; G44,1282.435058,1282.435058,0.0,0.0,reconciled,,official_source_formula_assertion
BEFU26,2006,FY2006,ACTUAL,net_mvr_revenue,Net MVR revenue,aggregate,mvr_revenue_net_admin_coo - mvr_refunds,53; 54,G53; G54,179.441,179.441,0.0,0.0,reconciled,,official_source_formula_assertion
BEFU26,2006,FY2006,ACTUAL,ruc_revenue_net_admin,RUC revenues net of admin fees,aggregate,gross_ruc_revenue - ruc_admin_revenue,34; 35,G34; G35,739.798307946667,739.798307946667,0.0,0.0,reconciled,,official_source_formula_assertion
BEFU26,2006,FY2006,ACTUAL,total_admin_fees,Total admin fees,aggregate,ruc_admin_revenue + mvr_admin_revenue + coo_revenue,35; 52; 50,G35; G52; G50,54.001,54.001,0.0,0.0,reconciled,,official_source_formula_assertion
BEFU26,2006,FY2006,ACTUAL,total_fed_ruc_net_revenue,Total RUC+PED revenue,aggregate,net_fed_revenue + total_ruc_net_revenue,45; 37,G45; G37,1995.789365946667,1995.789365946667,0.0,0.0,reconciled,,derived_dashboard_subtotal
BEFU26,2006,FY2006,ACTUAL,total_gross_revenue,Total gross revenues,aggregate,gross_ruc_revenue + gross_fed_revenue + gross_mvr_revenue + tuc_net_revenue,34; 43; 51; 58,G34; G43; G51; G58,2288.58136594667,2288.581365946667,2.7284841053187847e-12,2.7284841053187847e-12,reconciled,,official_source_formula_assertion
BEFU26,2006,FY2006,ACTUAL,total_nltf_net_revenue,Total NLTF revenue,aggregate,total_revenue_net_admin - total_refunds,63; 64,G63; G64,2175.23036594667,2175.23036594667,0.0,0.0,reconciled,,official_source_formula_assertion
BEFU26,2006,FY2006,ACTUAL,total_refunds,Total refunds,aggregate,ruc_refunds + fed_refunds + mvr_refunds,33; 44; 54,G33; G44; G54,59.35,59.35,0.0,0.0,reconciled,,official_source_formula_assertion
BEFU26,2006,FY2006,ACTUAL,total_revenue_net_admin,Total revenues net of admin fees,aggregate,total_gross_revenue - total_admin_fees,61; 62,G61; G62,2234.58036594667,2234.5803659466696,4.547473508864641e-13,4.547473508864641e-13,reconciled,,official_source_formula_assertion
BEFU26,2006,FY2006,ACTUAL,total_ruc_net_revenue,Total RUC all classes,aggregate,ruc_revenue_net_admin - ruc_refunds,36; 33,G36; G33,713.354307946667,713.3543079466671,-1.1368683772161605e-13,1.1368683772161605e-13,reconciled,,official_source_formula_assertion
BEFU26,2007,FY2007,ACTUAL,gross_fed_revenue,Gross FED revenue,aggregate,gross_ped_revenue + gross_lpg_revenue + gross_cng_revenue,40; 41; 42,H40; H41; H42,1404.516351,1404.516351,0.0,0.0,reconciled,,official_source_formula_assertion
BEFU26,2007,FY2007,ACTUAL,gross_mvr_revenue,Gross MVR revenue,aggregate,mr1_revenue + mr2_revenue + coo_revenue,48; 49; 50,H48; H49; H50,222.909,222.909,0.0,0.0,reconciled,,official_source_formula_assertion
BEFU26,2007,FY2007,ACTUAL,gross_ruc_revenue,Gross RUC revenue,aggregate,light_ruc_net_revenue + heavy_ruc_net_revenue + light_bev_ruc_net_revenue + heavy_bev_ruc_net_revenue + phev_ruc_net_revenue + ruc_refunds,28; 29; 30; 31; 32; 33,H28; H29; H30; H31; H32; H33,809.650028613333,809.650028613333,0.0,0.0,reconciled,,official_source_formula_assertion
BEFU26,2007,FY2007,ACTUAL,mvr_revenue_net_admin_coo,MVR revenues net of admin fees and COO,aggregate,mr1_revenue + mr2_revenue - mvr_admin_revenue,48; 49; 52,H48; H49; H52,181.227,181.227,0.0,0.0,reconciled,,official_source_formula_assertion
BEFU26,2007,FY2007,ACTUAL,net_fed_revenue,Net FED revenue,aggregate,gross_fed_revenue - fed_refunds,43; 44,H43; H44,1371.228351,1371.228351,0.0,0.0,reconciled,,official_source_formula_assertion
BEFU26,2007,FY2007,ACTUAL,net_mvr_revenue,Net MVR revenue,aggregate,mvr_revenue_net_admin_coo - mvr_refunds,53; 54,H53; H54,180.623,180.623,0.0,0.0,reconciled,,official_source_formula_assertion
BEFU26,2007,FY2007,ACTUAL,ruc_revenue_net_admin,RUC revenues net of admin fees,aggregate,gross_ruc_revenue - ruc_admin_revenue,34; 35,H34; H35,796.363028613333,796.363028613333,0.0,0.0,reconciled,,official_source_formula_assertion
BEFU26,2007,FY2007,ACTUAL,total_admin_fees,Total admin fees,aggregate,ruc_admin_revenue + mvr_admin_revenue + coo_revenue,35; 52; 50,H35; H52; H50,54.969,54.969,0.0,0.0,reconciled,,official_source_formula_assertion
BEFU26,2007,FY2007,ACTUAL,total_fed_ruc_net_revenue,Total RUC+PED revenue,aggregate,net_fed_revenue + total_ruc_net_revenue,45; 37,H45; H37,2140.553379613333,2140.553379613333,0.0,0.0,reconciled,,derived_dashboard_subtotal
BEFU26,2007,FY2007,ACTUAL,total_gross_revenue,Total gross revenues,aggregate,gross_ruc_revenue + gross_fed_revenue + gross_mvr_revenue + tuc_net_revenue,34; 43; 51; 58,H34; H43; H51; H58,2437.07537961333,2437.075379613333,-3.183231456205249e-12,3.183231456205249e-12,reconciled,,official_source_formula_assertion
BEFU26,2007,FY2007,ACTUAL,total_nltf_net_revenue,Total NLTF revenue,aggregate,total_revenue_net_admin - total_refunds,63; 64,H63; H64,2321.17637961333,2321.17637961333,0.0,0.0,reconciled,,official_source_formula_assertion
BEFU26,2007,FY2007,ACTUAL,total_refunds,Total refunds,aggregate,ruc_refunds + fed_refunds + mvr_refunds,33; 44; 54,H33; H44; H54,60.93,60.93,0.0,0.0,reconciled,,official_source_formula_assertion
BEFU26,2007,FY2007,ACTUAL,total_revenue_net_admin,Total revenues net of admin fees,aggregate,total_gross_revenue - total_admin_fees,61; 62,H61; H62,2382.10637961333,2382.10637961333,0.0,0.0,reconciled,,official_source_formula_assertion
BEFU26,2007,FY2007,ACTUAL,total_ruc_net_revenue,Total RUC all classes,aggregate,ruc_revenue_net_admin - ruc_refunds,36; 33,H36; H33,769.325028613333,769.325028613333,0.0,0.0,reconciled,,official_source_formula_assertion
BEFU26,2008,FY2008,ACTUAL,gross_fed_revenue,Gross FED revenue,aggregate,gross_ped_revenue + gross_lpg_revenue + gross_cng_revenue,40; 41; 42,I40; I41; I42,1425.97242,1425.97242,0.0,0.0,reconciled,,official_source_formula_assertion
BEFU26,2008,FY2008,ACTUAL,gross_mvr_revenue,Gross MVR revenue,aggregate,mr1_revenue + mr2_revenue + coo_revenue,48; 49; 50,I48; I49; I50,226.18,226.18,2.8421709430404014e-14,2.8421709430404014e-14,reconciled,,official_source_formula_assertion
BEFU26,2008,FY2008,ACTUAL,gross_ruc_revenue,Gross RUC revenue,aggregate,light_ruc_net_revenue + heavy_ruc_net_revenue + light_bev_ruc_net_revenue + heavy_bev_ruc_net_revenue + phev_ruc_net_revenue + ruc_refunds,28; 29; 30; 31; 32; 33,I28; I29; I30; I31; I32; I33,875.381014115556,875.381014115556,0.0,0.0,reconciled,,official_source_formula_assertion
BEFU26,2008,FY2008,ACTUAL,mvr_revenue_net_admin_coo,MVR revenues net of admin fees and COO,aggregate,mr1_revenue + mr2_revenue - mvr_admin_revenue,48; 49; 52,I48; I49; I52,183.874,183.874,0.0,0.0,reconciled,,official_source_formula_assertion
BEFU26,2008,FY2008,ACTUAL,net_fed_revenue,Net FED revenue,aggregate,gross_fed_revenue - fed_refunds,43; 44,I43; I44,1391.44742,1391.44742,0.0,0.0,reconciled,,official_source_formula_assertion
BEFU26,2008,FY2008,ACTUAL,net_mvr_revenue,Net MVR revenue,aggregate,mvr_revenue_net_admin_coo - mvr_refunds,53; 54,I53; I54,183.3,183.3,2.8421709430404014e-14,2.8421709430404014e-14,reconciled,,official_source_formula_assertion
BEFU26,2008,FY2008,ACTUAL,ruc_revenue_net_admin,RUC revenues net of admin fees,aggregate,gross_ruc_revenue - ruc_admin_revenue,34; 35,I34; I35,861.851014115555,861.851014115556,-1.0231815394945445e-12,1.0231815394945445e-12,reconciled,,official_source_formula_assertion
BEFU26,2008,FY2008,ACTUAL,total_admin_fees,Total admin fees,aggregate,ruc_admin_revenue + mvr_admin_revenue + coo_revenue,35; 52; 50,I35; I52; I50,55.836,55.836,0.0,0.0,reconciled,,official_source_formula_assertion
BEFU26,2008,FY2008,ACTUAL,total_fed_ruc_net_revenue,Total RUC+PED revenue,aggregate,net_fed_revenue + total_ruc_net_revenue,45; 37,I45; I37,2223.131434115556,2223.131434115556,0.0,0.0,reconciled,,derived_dashboard_subtotal
BEFU26,2008,FY2008,ACTUAL,total_gross_revenue,Total gross revenues,aggregate,gross_ruc_revenue + gross_fed_revenue + gross_mvr_revenue + tuc_net_revenue,34; 43; 51; 58,I34; I43; I51; I58,2527.53343411556,2527.533434115556,3.637978807091713e-12,3.637978807091713e-12,reconciled,,official_source_formula_assertion
BEFU26,2008,FY2008,ACTUAL,total_nltf_net_revenue,Total NLTF revenue,aggregate,total_revenue_net_admin - total_refunds,63; 64,I63; I64,2406.43143411556,2406.43143411556,0.0,0.0,reconciled,,official_source_formula_assertion
BEFU26,2008,FY2008,ACTUAL,total_refunds,Total refunds,aggregate,ruc_refunds + fed_refunds + mvr_refunds,33; 44; 54,I33; I44; I54,65.266,65.266,0.0,0.0,reconciled,,official_source_formula_assertion
BEFU26,2008,FY2008,ACTUAL,total_revenue_net_admin,Total revenues net of admin fees,aggregate,total_gross_revenue - total_admin_fees,61; 62,I61; I62,2471.69743411556,2471.69743411556,0.0,0.0,reconciled,,official_source_formula_assertion
BEFU26,2008,FY2008,ACTUAL,total_ruc_net_revenue,Total RUC all classes,aggregate,ruc_revenue_net_admin - ruc_refunds,36; 33,I36; I33,831.684014115556,831.684014115555,1.0231815394945445e-12,1.0231815394945445e-12,reconciled,,official_source_formula_assertion
BEFU26,2009,FY2009,ACTUAL,gross_fed_revenue,Gross FED revenue,aggregate,gross_ped_revenue + gross_lpg_revenue + gross_cng_revenue,40; 41; 42,J40; J41; J42,1368.768,1368.768,0.0,0.0,reconciled,,official_source_formula_assertion
BEFU26,2009,FY2009,ACTUAL,gross_mvr_revenue,Gross MVR revenue,aggregate,mr1_revenue + mr2_revenue + coo_revenue,48; 49; 50,J48; J49; J50,214.858,214.858,0.0,0.0,reconciled,,official_source_formula_assertion
BEFU26,2009,FY2009,ACTUAL,gross_ruc_revenue,Gross RUC revenue,aggregate,light_ruc_net_revenue + heavy_ruc_net_revenue + light_bev_ruc_net_revenue + heavy_bev_ruc_net_revenue + phev_ruc_net_revenue + ruc_refunds,28; 29; 30; 31; 32; 33,J28; J29; J30; J31; J32; J33,908.517414986667,908.517414986666,9.094947017729282e-13,9.094947017729282e-13,reconciled,,official_source_formula_assertion
BEFU26,2009,FY2009,ACTUAL,mvr_revenue_net_admin_coo,MVR revenues net of admin fees and COO,aggregate,mr1_revenue + mr2_revenue - mvr_admin_revenue,48; 49; 52,J48; J49; J52,171.133,171.133,0.0,0.0,reconciled,,official_source_formula_assertion
BEFU26,2009,FY2009,ACTUAL,net_fed_revenue,Net FED revenue,aggregate,gross_fed_revenue - fed_refunds,43; 44,J43; J44,1334.087,1334.087,0.0,0.0,reconciled,,official_source_formula_assertion
BEFU26,2009,FY2009,ACTUAL,net_mvr_revenue,Net MVR revenue,aggregate,mvr_revenue_net_admin_coo - mvr_refunds,53; 54,J53; J54,170.606,170.60600000000002,-2.8421709430404014e-14,2.8421709430404014e-14,reconciled,,official_source_formula_assertion
BEFU26,2009,FY2009,ACTUAL,ruc_revenue_net_admin,RUC revenues net of admin fees,aggregate,gross_ruc_revenue - ruc_admin_revenue,34; 35,J34; J35,895.487414986667,895.487414986667,0.0,0.0,reconciled,,official_source_formula_assertion
BEFU26,2009,FY2009,ACTUAL,total_admin_fees,Total admin fees,aggregate,ruc_admin_revenue + mvr_admin_revenue + coo_revenue,35; 52; 50,J35; J52; J50,56.755,56.755,0.0,0.0,reconciled,,official_source_formula_assertion
BEFU26,2009,FY2009,ACTUAL,total_fed_ruc_net_revenue,Total RUC+PED revenue,aggregate,net_fed_revenue + total_ruc_net_revenue,45; 37,J45; J37,2195.854414986667,2195.854414986667,0.0,0.0,reconciled,,derived_dashboard_subtotal
BEFU26,2009,FY2009,ACTUAL,total_gross_revenue,Total gross revenues,aggregate,gross_ruc_revenue + gross_fed_revenue + gross_mvr_revenue + tuc_net_revenue,34; 43; 51; 58,J34; J43; J51; J58,2492.14341498667,2492.143414986667,3.183231456205249e-12,3.183231456205249e-12,reconciled,,official_source_formula_assertion
BEFU26,2009,FY2009,ACTUAL,total_nltf_net_revenue,Total NLTF revenue,aggregate,total_revenue_net_admin - total_refunds,63; 64,J63; J64,2366.46041498667,2366.46041498667,0.0,0.0,reconciled,,official_source_formula_assertion
BEFU26,2009,FY2009,ACTUAL,total_refunds,Total refunds,aggregate,ruc_refunds + fed_refunds + mvr_refunds,33; 44; 54,J33; J44; J54,68.928,68.928,0.0,0.0,reconciled,,official_source_formula_assertion
BEFU26,2009,FY2009,ACTUAL,total_revenue_net_admin,Total revenues net of admin fees,aggregate,total_gross_revenue - total_admin_fees,61; 62,J61; J62,2435.38841498667,2435.38841498667,0.0,0.0,reconciled,,official_source_formula_assertion
BEFU26,2009,FY2009,ACTUAL,total_ruc_net_revenue,Total RUC all classes,aggregate,ruc_revenue_net_admin - ruc_refunds,36; 33,J36; J33,861.767414986667,861.767414986667,0.0,0.0,reconciled,,official_source_formula_assertion
BEFU26,2010,FY2010,ACTUAL,gross_fed_revenue,Gross FED revenue,aggregate,gross_ped_revenue + gross_lpg_revenue + gross_cng_revenue,40; 41; 42,K40; K41; K42,1469.838,1469.838,0.0,0.0,reconciled,,official_source_formula_assertion
BEFU26,2010,FY2010,ACTUAL,gross_mvr_revenue,Gross MVR revenue,aggregate,mr1_revenue + mr2_revenue + coo_revenue,48; 49; 50,K48; K49; K50,216.563,216.563,0.0,0.0,reconciled,,official_source_formula_assertion
BEFU26,2010,FY2010,ACTUAL,gross_ruc_revenue,Gross RUC revenue,aggregate,light_ruc_net_revenue + heavy_ruc_net_revenue + light_bev_ruc_net_revenue + heavy_bev_ruc_net_revenue + phev_ruc_net_revenue + ruc_refunds,28; 29; 30; 31; 32; 33,K28; K29; K30; K31; K32; K33,959.703268204444,959.703268204445,-9.094947017729282e-13,9.094947017729282e-13,reconciled,,official_source_formula_assertion
BEFU26,2010,FY2010,ACTUAL,mvr_revenue_net_admin_coo,MVR revenues net of admin fees and COO,aggregate,mr1_revenue + mr2_revenue - mvr_admin_revenue,48; 49; 52,K48; K49; K52,171.83,171.82999999999998,2.8421709430404014e-14,2.8421709430404014e-14,reconciled,,official_source_formula_assertion
BEFU26,2010,FY2010,ACTUAL,net_fed_revenue,Net FED revenue,aggregate,gross_fed_revenue - fed_refunds,43; 44,K43; K44,1437.322,1437.322,0.0,0.0,reconciled,,official_source_formula_assertion
BEFU26,2010,FY2010,ACTUAL,net_mvr_revenue,Net MVR revenue,aggregate,mvr_revenue_net_admin_coo - mvr_refunds,53; 54,K53; K54,171.296,171.29600000000002,-2.8421709430404014e-14,2.8421709430404014e-14,reconciled,,official_source_formula_assertion
BEFU26,2010,FY2010,ACTUAL,ruc_revenue_net_admin,RUC revenues net of admin fees,aggregate,gross_ruc_revenue - ruc_admin_revenue,34; 35,K34; K35,945.931268204444,945.931268204444,0.0,0.0,reconciled,,official_source_formula_assertion
BEFU26,2010,FY2010,ACTUAL,total_admin_fees,Total admin fees,aggregate,ruc_admin_revenue + mvr_admin_revenue + coo_revenue,35; 52; 50,K35; K52; K50,58.505,58.505,0.0,0.0,reconciled,,official_source_formula_assertion
BEFU26,2010,FY2010,ACTUAL,total_fed_ruc_net_revenue,Total RUC+PED revenue,aggregate,net_fed_revenue + total_ruc_net_revenue,45; 37,K45; K37,2341.050268204444,2341.050268204444,0.0,0.0,reconciled,,derived_dashboard_subtotal
BEFU26,2010,FY2010,ACTUAL,total_gross_revenue,Total gross revenues,aggregate,gross_ruc_revenue + gross_fed_revenue + gross_mvr_revenue + tuc_net_revenue,34; 43; 51; 58,K34; K43; K51; K58,2646.10426820444,2646.104268204444,-4.092726157978177e-12,4.092726157978177e-12,reconciled,,official_source_formula_assertion
BEFU26,2010,FY2010,ACTUAL,total_nltf_net_revenue,Total NLTF revenue,aggregate,total_revenue_net_admin - total_refunds,63; 64,K63; K64,2512.34626820445,2512.34626820444,1.0459189070388676e-11,1.0459189070388676e-11,reconciled,,official_source_formula_assertion
BEFU26,2010,FY2010,ACTUAL,total_refunds,Total refunds,aggregate,ruc_refunds + fed_refunds + mvr_refunds,33; 44; 54,K33; K44; K54,75.253,75.253,0.0,0.0,reconciled,,official_source_formula_assertion
BEFU26,2010,FY2010,ACTUAL,total_revenue_net_admin,Total revenues net of admin fees,aggregate,total_gross_revenue - total_admin_fees,61; 62,K61; K62,2587.59926820444,2587.59926820444,0.0,0.0,reconciled,,official_source_formula_assertion
BEFU26,2010,FY2010,ACTUAL,total_ruc_net_revenue,Total RUC all classes,aggregate,ruc_revenue_net_admin - ruc_refunds,36; 33,K36; K33,903.728268204444,903.728268204444,0.0,0.0,reconciled,,official_source_formula_assertion
BEFU26,2011,FY2011,ACTUAL,gross_fed_revenue,Gross FED revenue,aggregate,gross_ped_revenue + gross_lpg_revenue + gross_cng_revenue,40; 41; 42,L40; L41; L42,1483.122,1483.122,0.0,0.0,reconciled,,official_source_formula_assertion
BEFU26,2011,FY2011,ACTUAL,gross_mvr_revenue,Gross MVR revenue,aggregate,mr1_revenue + mr2_revenue + coo_revenue,48; 49; 50,L48; L49; L50,218.751,218.751,0.0,0.0,reconciled,,official_source_formula_assertion
BEFU26,2011,FY2011,ACTUAL,gross_ruc_revenue,Gross RUC revenue,aggregate,light_ruc_net_revenue + heavy_ruc_net_revenue + light_bev_ruc_net_revenue + heavy_bev_ruc_net_revenue + phev_ruc_net_revenue + ruc_refunds,28; 29; 30; 31; 32; 33,L28; L29; L30; L31; L32; L33,1068.10303130126,1068.103031301256,4.092726157978177e-12,4.092726157978177e-12,reconciled,,official_source_formula_assertion
BEFU26,2011,FY2011,ACTUAL,mvr_revenue_net_admin_coo,MVR revenues net of admin fees and COO,aggregate,mr1_revenue + mr2_revenue - mvr_admin_revenue,48; 49; 52,L48; L49; L52,171.998,171.998,0.0,0.0,reconciled,,official_source_formula_assertion
BEFU26,2011,FY2011,ACTUAL,net_fed_revenue,Net FED revenue,aggregate,gross_fed_revenue - fed_refunds,43; 44,L43; L44,1447.486,1447.486,0.0,0.0,reconciled,,official_source_formula_assertion
BEFU26,2011,FY2011,ACTUAL,net_mvr_revenue,Net MVR revenue,aggregate,mvr_revenue_net_admin_coo - mvr_refunds,53; 54,L53; L54,171.528,171.528,0.0,0.0,reconciled,,official_source_formula_assertion
BEFU26,2011,FY2011,ACTUAL,ruc_revenue_net_admin,RUC revenues net of admin fees,aggregate,gross_ruc_revenue - ruc_admin_revenue,34; 35,L34; L35,1053.92803130126,1053.92803130126,0.0,0.0,reconciled,,official_source_formula_assertion
BEFU26,2011,FY2011,ACTUAL,total_admin_fees,Total admin fees,aggregate,ruc_admin_revenue + mvr_admin_revenue + coo_revenue,35; 52; 50,L35; L52; L50,60.928,60.928,-7.105427357601002e-15,7.105427357601002e-15,reconciled,,official_source_formula_assertion
BEFU26,2011,FY2011,ACTUAL,total_fed_ruc_net_revenue,Total RUC+PED revenue,aggregate,net_fed_revenue + total_ruc_net_revenue,45; 37,L45; L37,2456.63803130126,2456.63803130126,0.0,0.0,reconciled,,derived_dashboard_subtotal
BEFU26,2011,FY2011,ACTUAL,total_gross_revenue,Total gross revenues,aggregate,gross_ruc_revenue + gross_fed_revenue + gross_mvr_revenue + tuc_net_revenue,34; 43; 51; 58,L34; L43; L51; L58,2769.97603130126,2769.9760313012603,-4.547473508864641e-13,4.547473508864641e-13,reconciled,,official_source_formula_assertion
BEFU26,2011,FY2011,ACTUAL,total_nltf_net_revenue,Total NLTF revenue,aggregate,total_revenue_net_admin - total_refunds,63; 64,L63; L64,2628.16603130126,2628.16603130126,0.0,0.0,reconciled,,official_source_formula_assertion
BEFU26,2011,FY2011,ACTUAL,total_refunds,Total refunds,aggregate,ruc_refunds + fed_refunds + mvr_refunds,33; 44; 54,L33; L44; L54,80.882,80.882,0.0,0.0,reconciled,,official_source_formula_assertion
BEFU26,2011,FY2011,ACTUAL,total_revenue_net_admin,Total revenues net of admin fees,aggregate,total_gross_revenue - total_admin_fees,61; 62,L61; L62,2709.04803130126,2709.04803130126,0.0,0.0,reconciled,,official_source_formula_assertion
BEFU26,2011,FY2011,ACTUAL,total_ruc_net_revenue,Total RUC all classes,aggregate,ruc_revenue_net_admin - ruc_refunds,36; 33,L36; L33,1009.15203130126,1009.15203130126,-1.1368683772161605e-13,1.1368683772161605e-13,reconciled,,official_source_formula_assertion
BEFU26,2012,FY2012,ACTUAL,gross_fed_revenue,Gross FED revenue,aggregate,gross_ped_revenue + gross_lpg_revenue + gross_cng_revenue,40; 41; 42,M40; M41; M42,1521.545,1521.545,0.0,0.0,reconciled,,official_source_formula_assertion
BEFU26,2012,FY2012,ACTUAL,gross_mvr_revenue,Gross MVR revenue,aggregate,mr1_revenue + mr2_revenue + coo_revenue,48; 49; 50,M48; M49; M50,222.138,222.138,0.0,0.0,reconciled,,official_source_formula_assertion
BEFU26,2012,FY2012,ACTUAL,gross_ruc_revenue,Gross RUC revenue,aggregate,light_ruc_net_revenue + heavy_ruc_net_revenue + light_bev_ruc_net_revenue + heavy_bev_ruc_net_revenue + phev_ruc_net_revenue + ruc_refunds,28; 29; 30; 31; 32; 33,M28; M29; M30; M31; M32; M33,1102.55428773043,1102.554287730435,-5.002220859751105e-12,5.002220859751105e-12,reconciled,,official_source_formula_assertion
BEFU26,2012,FY2012,ACTUAL,mvr_revenue_net_admin_coo,MVR revenues net of admin fees and COO,aggregate,mr1_revenue + mr2_revenue - mvr_admin_revenue,48; 49; 52,M48; M49; M52,175.136,175.136,0.0,0.0,reconciled,,official_source_formula_assertion
BEFU26,2012,FY2012,ACTUAL,net_fed_revenue,Net FED revenue,aggregate,gross_fed_revenue - fed_refunds,43; 44,M43; M44,1486.452702,1486.452702,0.0,0.0,reconciled,,official_source_formula_assertion
BEFU26,2012,FY2012,ACTUAL,net_mvr_revenue,Net MVR revenue,aggregate,mvr_revenue_net_admin_coo - mvr_refunds,53; 54,M53; M54,174.655,174.655,0.0,0.0,reconciled,,official_source_formula_assertion
BEFU26,2012,FY2012,ACTUAL,ruc_revenue_net_admin,RUC revenues net of admin fees,aggregate,gross_ruc_revenue - ruc_admin_revenue,34; 35,M34; M35,1088.15328773043,1088.1532877304298,2.273736754432321e-13,2.273736754432321e-13,reconciled,,official_source_formula_assertion
BEFU26,2012,FY2012,ACTUAL,total_admin_fees,Total admin fees,aggregate,ruc_admin_revenue + mvr_admin_revenue + coo_revenue,35; 52; 50,M35; M52; M50,61.403,61.403,0.0,0.0,reconciled,,official_source_formula_assertion
BEFU26,2012,FY2012,ACTUAL,total_fed_ruc_net_revenue,Total RUC+PED revenue,aggregate,net_fed_revenue + total_ruc_net_revenue,45; 37,M45; M37,2527.14498973043,2527.14498973043,0.0,0.0,reconciled,,derived_dashboard_subtotal
BEFU26,2012,FY2012,ACTUAL,total_gross_revenue,Total gross revenues,aggregate,gross_ruc_revenue + gross_fed_revenue + gross_mvr_revenue + tuc_net_revenue,34; 43; 51; 58,M34; M43; M51; M58,2846.23728773043,2846.23728773043,0.0,0.0,reconciled,,official_source_formula_assertion
BEFU26,2012,FY2012,ACTUAL,total_nltf_net_revenue,Total NLTF revenue,aggregate,total_revenue_net_admin - total_refunds,63; 64,M63; M64,2701.79998973043,2701.79998973043,0.0,0.0,reconciled,,official_source_formula_assertion
BEFU26,2012,FY2012,ACTUAL,total_refunds,Total refunds,aggregate,ruc_refunds + fed_refunds + mvr_refunds,33; 44; 54,M33; M44; M54,83.034298,83.03429799999999,1.4210854715202004e-14,1.4210854715202004e-14,reconciled,,official_source_formula_assertion
BEFU26,2012,FY2012,ACTUAL,total_revenue_net_admin,Total revenues net of admin fees,aggregate,total_gross_revenue - total_admin_fees,61; 62,M61; M62,2784.83428773043,2784.8342877304303,-4.547473508864641e-13,4.547473508864641e-13,reconciled,,official_source_formula_assertion
BEFU26,2012,FY2012,ACTUAL,total_ruc_net_revenue,Total RUC all classes,aggregate,ruc_revenue_net_admin - ruc_refunds,36; 33,M36; M33,1040.69228773043,1040.69228773043,0.0,0.0,reconciled,,official_source_formula_assertion
BEFU26,2013,FY2013,ACTUAL,gross_fed_revenue,Gross FED revenue,aggregate,gross_ped_revenue + gross_lpg_revenue + gross_cng_revenue,40; 41; 42,N40; N41; N42,1570.37289115,1570.3728911500002,-2.273736754432321e-13,2.273736754432321e-13,reconciled,,official_source_formula_assertion
BEFU26,2013,FY2013,ACTUAL,gross_mvr_revenue,Gross MVR revenue,aggregate,mr1_revenue + mr2_revenue + coo_revenue,48; 49; 50,N48; N49; N50,226.350490535652,226.3504905356522,-1.9895196601282805e-13,1.9895196601282805e-13,reconciled,,official_source_formula_assertion
BEFU26,2013,FY2013,ACTUAL,gross_ruc_revenue,Gross RUC revenue,aggregate,light_ruc_net_revenue + heavy_ruc_net_revenue + light_bev_ruc_net_revenue + heavy_bev_ruc_net_revenue + phev_ruc_net_revenue + ruc_refunds,28; 29; 30; 31; 32; 33,N28; N29; N30; N31; N32; N33,1125.60489487652,1125.604894876521,-1.1368683772161605e-12,1.1368683772161605e-12,reconciled,,official_source_formula_assertion
BEFU26,2013,FY2013,ACTUAL,mvr_revenue_net_admin_coo,MVR revenues net of admin fees and COO,aggregate,mr1_revenue + mr2_revenue - mvr_admin_revenue,48; 49; 52,N48; N49; N52,174.27365644,174.27365644000008,-8.526512829121202e-14,8.526512829121202e-14,reconciled,,official_source_formula_assertion
BEFU26,2013,FY2013,ACTUAL,net_fed_revenue,Net FED revenue,aggregate,gross_fed_revenue - fed_refunds,43; 44,N43; N44,1534.12198426,1534.12198426,0.0,0.0,reconciled,,official_source_formula_assertion
BEFU26,2013,FY2013,ACTUAL,net_mvr_revenue,Net MVR revenue,aggregate,mvr_revenue_net_admin_coo - mvr_refunds,53; 54,N53; N54,173.8431553,173.8431553,0.0,0.0,reconciled,,official_source_formula_assertion
BEFU26,2013,FY2013,ACTUAL,ruc_revenue_net_admin,RUC revenues net of admin fees,aggregate,gross_ruc_revenue - ruc_admin_revenue,34; 35,N34; N35,1114.59615221652,1114.5961522165198,2.273736754432321e-13,2.273736754432321e-13,reconciled,,official_source_formula_assertion
BEFU26,2013,FY2013,ACTUAL,total_admin_fees,Total admin fees,aggregate,ruc_admin_revenue + mvr_admin_revenue + coo_revenue,35; 52; 50,N35; N52; N50,63.0855767556521,63.08557675565211,-1.4210854715202004e-14,1.4210854715202004e-14,reconciled,,official_source_formula_assertion
BEFU26,2013,FY2013,ACTUAL,total_fed_ruc_net_revenue,Total RUC+PED revenue,aggregate,net_fed_revenue + total_ruc_net_revenue,45; 37,N45; N37,2595.5277939565203,2595.5277939565203,0.0,0.0,reconciled,,derived_dashboard_subtotal
BEFU26,2013,FY2013,ACTUAL,total_gross_revenue,Total gross revenues,aggregate,gross_ruc_revenue + gross_fed_revenue + gross_mvr_revenue + tuc_net_revenue,34; 43; 51; 58,N34; N43; N51; N58,2922.32827656217,2922.328276562172,-2.273736754432321e-12,2.273736754432321e-12,reconciled,,official_source_formula_assertion
BEFU26,2013,FY2013,ACTUAL,total_nltf_net_revenue,Total NLTF revenue,aggregate,total_revenue_net_admin - total_refunds,63; 64,N63; N64,2769.37094925652,2769.37094925652,0.0,0.0,reconciled,,official_source_formula_assertion
BEFU26,2013,FY2013,ACTUAL,total_refunds,Total refunds,aggregate,ruc_refunds + fed_refunds + mvr_refunds,33; 44; 54,N33; N44; N54,89.87175055,89.87175055,0.0,0.0,reconciled,,official_source_formula_assertion
BEFU26,2013,FY2013,ACTUAL,total_revenue_net_admin,Total revenues net of admin fees,aggregate,total_gross_revenue - total_admin_fees,61; 62,N61; N62,2859.24269980652,2859.242699806517,2.273736754432321e-12,2.273736754432321e-12,reconciled,,official_source_formula_assertion
BEFU26,2013,FY2013,ACTUAL,total_ruc_net_revenue,Total RUC all classes,aggregate,ruc_revenue_net_admin - ruc_refunds,36; 33,N36; N33,1061.40580969652,1061.40580969652,0.0,0.0,reconciled,,official_source_formula_assertion
BEFU26,2014,FY2014,ACTUAL,gross_fed_revenue,Gross FED revenue,aggregate,gross_ped_revenue + gross_lpg_revenue + gross_cng_revenue,40; 41; 42,O40; O41; O42,1657.73450025,1657.73450025,2.273736754432321e-13,2.273736754432321e-13,reconciled,,official_source_formula_assertion
BEFU26,2014,FY2014,ACTUAL,gross_mvr_revenue,Gross MVR revenue,aggregate,mr1_revenue + mr2_revenue + coo_revenue,48; 49; 50,O48; O49; O50,240.933690781739,240.9336907817392,-1.7053025658242404e-13,1.7053025658242404e-13,reconciled,,official_source_formula_assertion
BEFU26,2014,FY2014,ACTUAL,gross_ruc_revenue,Gross RUC revenue,aggregate,light_ruc_net_revenue + heavy_ruc_net_revenue + light_bev_ruc_net_revenue + heavy_bev_ruc_net_revenue + phev_ruc_net_revenue + ruc_refunds,28; 29; 30; 31; 32; 33,O28; O29; O30; O31; O32; O33,1251.74071696913,1251.740716969131,-9.094947017729282e-13,9.094947017729282e-13,reconciled,,official_source_formula_assertion
BEFU26,2014,FY2014,ACTUAL,mvr_revenue_net_admin_coo,MVR revenues net of admin fees and COO,aggregate,mr1_revenue + mr2_revenue - mvr_admin_revenue,48; 49; 52,O48; O49; O52,187.61966026,187.61966026,0.0,0.0,reconciled,,official_source_formula_assertion
BEFU26,2014,FY2014,ACTUAL,net_fed_revenue,Net FED revenue,aggregate,gross_fed_revenue - fed_refunds,43; 44,O43; O44,1615.41058022,1615.4105802200002,-2.273736754432321e-13,2.273736754432321e-13,reconciled,,official_source_formula_assertion
BEFU26,2014,FY2014,ACTUAL,net_mvr_revenue,Net MVR revenue,aggregate,mvr_revenue_net_admin_coo - mvr_refunds,53; 54,O53; O54,187.11138627,187.11138627,0.0,0.0,reconciled,,official_source_formula_assertion
BEFU26,2014,FY2014,ACTUAL,ruc_revenue_net_admin,RUC revenues net of admin fees,aggregate,gross_ruc_revenue - ruc_admin_revenue,34; 35,O34; O35,1240.66067005913,1240.66067005913,0.0,0.0,reconciled,,official_source_formula_assertion
BEFU26,2014,FY2014,ACTUAL,total_admin_fees,Total admin fees,aggregate,ruc_admin_revenue + mvr_admin_revenue + coo_revenue,35; 52; 50,O35; O52; O50,64.3940774317392,64.39407743173916,4.263256414560601e-14,4.263256414560601e-14,reconciled,,official_source_formula_assertion
BEFU26,2014,FY2014,ACTUAL,total_fed_ruc_net_revenue,Total RUC+PED revenue,aggregate,net_fed_revenue + total_ruc_net_revenue,45; 37,O45; O37,2813.57878144913,2813.57878144913,0.0,0.0,reconciled,,derived_dashboard_subtotal
BEFU26,2014,FY2014,ACTUAL,total_gross_revenue,Total gross revenues,aggregate,gross_ruc_revenue + gross_fed_revenue + gross_mvr_revenue + tuc_net_revenue,34; 43; 51; 58,O34; O43; O51; O58,3150.40890800087,3150.4089080008694,4.547473508864641e-13,4.547473508864641e-13,reconciled,,official_source_formula_assertion
BEFU26,2014,FY2014,ACTUAL,total_nltf_net_revenue,Total NLTF revenue,aggregate,total_revenue_net_admin - total_refunds,63; 64,O63; O64,3000.69016771913,3000.69016771913,0.0,0.0,reconciled,,official_source_formula_assertion
BEFU26,2014,FY2014,ACTUAL,total_refunds,Total refunds,aggregate,ruc_refunds + fed_refunds + mvr_refunds,33; 44; 54,O33; O44; O54,85.32466285,85.32466285,0.0,0.0,reconciled,,official_source_formula_assertion
BEFU26,2014,FY2014,ACTUAL,total_revenue_net_admin,Total revenues net of admin fees,aggregate,total_gross_revenue - total_admin_fees,61; 62,O61; O62,3086.01483056913,3086.0148305691305,-4.547473508864641e-13,4.547473508864641e-13,reconciled,,official_source_formula_assertion
BEFU26,2014,FY2014,ACTUAL,total_ruc_net_revenue,Total RUC all classes,aggregate,ruc_revenue_net_admin - ruc_refunds,36; 33,O36; O33,1198.16820122913,1198.16820122913,0.0,0.0,reconciled,,official_source_formula_assertion
BEFU26,2015,FY2015,ACTUAL,gross_fed_revenue,Gross FED revenue,aggregate,gross_ped_revenue + gross_lpg_revenue + gross_cng_revenue,40; 41; 42,P40; P41; P42,1798.42981184,1798.4298118400002,-2.273736754432321e-13,2.273736754432321e-13,reconciled,,official_source_formula_assertion
BEFU26,2015,FY2015,ACTUAL,gross_mvr_revenue,Gross MVR revenue,aggregate,mr1_revenue + mr2_revenue + coo_revenue,48; 49; 50,P48; P49; P50,238.747362843043,238.7473628430439,-9.094947017729282e-13,9.094947017729282e-13,reconciled,,official_source_formula_assertion
BEFU26,2015,FY2015,ACTUAL,gross_ruc_revenue,Gross RUC revenue,aggregate,light_ruc_net_revenue + heavy_ruc_net_revenue + light_bev_ruc_net_revenue + heavy_bev_ruc_net_revenue + phev_ruc_net_revenue + ruc_refunds,28; 29; 30; 31; 32; 33,P28; P29; P30; P31; P32; P33,1340.62542858043,1340.625428580435,-5.002220859751105e-12,5.002220859751105e-12,reconciled,,official_source_formula_assertion
BEFU26,2015,FY2015,ACTUAL,mvr_revenue_net_admin_coo,MVR revenues net of admin fees and COO,aggregate,mr1_revenue + mr2_revenue - mvr_admin_revenue,48; 49; 52,P48; P49; P52,181.53979473,181.5397947300005,-4.831690603168681e-13,4.831690603168681e-13,reconciled,,official_source_formula_assertion
BEFU26,2015,FY2015,ACTUAL,net_fed_revenue,Net FED revenue,aggregate,gross_fed_revenue - fed_refunds,43; 44,P43; P44,1747.67746669,1747.67746669,0.0,0.0,reconciled,,official_source_formula_assertion
BEFU26,2015,FY2015,ACTUAL,net_mvr_revenue,Net MVR revenue,aggregate,mvr_revenue_net_admin_coo - mvr_refunds,53; 54,P53; P54,180.97377321,180.97377321,-2.8421709430404014e-14,2.8421709430404014e-14,reconciled,,official_source_formula_assertion
BEFU26,2015,FY2015,ACTUAL,ruc_revenue_net_admin,RUC revenues net of admin fees,aggregate,gross_ruc_revenue - ruc_admin_revenue,34; 35,P34; P35,1328.97332902739,1328.9733290273866,3.410605131648481e-12,3.410605131648481e-12,reconciled,,official_source_formula_assertion
BEFU26,2015,FY2015,ACTUAL,total_admin_fees,Total admin fees,aggregate,ruc_admin_revenue + mvr_admin_revenue + coo_revenue,35; 52; 50,P35; P52; P50,68.8596676660869,68.8596676660869,0.0,0.0,reconciled,,official_source_formula_assertion
BEFU26,2015,FY2015,ACTUAL,total_fed_ruc_net_revenue,Total RUC+PED revenue,aggregate,net_fed_revenue + total_ruc_net_revenue,45; 37,P45; P37,3024.3258050673903,3024.3258050673903,0.0,0.0,reconciled,,derived_dashboard_subtotal
BEFU26,2015,FY2015,ACTUAL,total_gross_revenue,Total gross revenues,aggregate,gross_ruc_revenue + gross_fed_revenue + gross_mvr_revenue + tuc_net_revenue,34; 43; 51; 58,P34; P43; P51; P58,3377.80260326348,3377.802603263473,6.821210263296962e-12,6.821210263296962e-12,reconciled,,official_source_formula_assertion
BEFU26,2015,FY2015,ACTUAL,total_nltf_net_revenue,Total NLTF revenue,aggregate,total_revenue_net_admin - total_refunds,63; 64,P63; P64,3205.29957827739,3205.2995782773896,4.547473508864641e-13,4.547473508864641e-13,reconciled,,official_source_formula_assertion
BEFU26,2015,FY2015,ACTUAL,total_refunds,Total refunds,aggregate,ruc_refunds + fed_refunds + mvr_refunds,33; 44; 54,P33; P44; P54,103.64335732,103.64335732,1.4210854715202004e-14,1.4210854715202004e-14,reconciled,,official_source_formula_assertion
BEFU26,2015,FY2015,ACTUAL,total_revenue_net_admin,Total revenues net of admin fees,aggregate,total_gross_revenue - total_admin_fees,61; 62,P61; P62,3308.94293559739,3308.942935597393,-3.183231456205249e-12,3.183231456205249e-12,reconciled,,official_source_formula_assertion
BEFU26,2015,FY2015,ACTUAL,total_ruc_net_revenue,Total RUC all classes,aggregate,ruc_revenue_net_admin - ruc_refunds,36; 33,P36; P33,1276.64833837739,1276.64833837739,0.0,0.0,reconciled,,official_source_formula_assertion
BEFU26,2016,FY2016,ACTUAL,gross_fed_revenue,Gross FED revenue,aggregate,gross_ped_revenue + gross_lpg_revenue + gross_cng_revenue,40; 41; 42,Q40; Q41; Q42,1941.4223866,1941.4223866,0.0,0.0,reconciled,,official_source_formula_assertion
BEFU26,2016,FY2016,ACTUAL,gross_mvr_revenue,Gross MVR revenue,aggregate,mr1_revenue + mr2_revenue + coo_revenue,48; 49; 50,Q48; Q49; Q50,272.541905683913,272.5419056839132,-1.7053025658242404e-13,1.7053025658242404e-13,reconciled,,official_source_formula_assertion
BEFU26,2016,FY2016,ACTUAL,gross_ruc_revenue,Gross RUC revenue,aggregate,light_ruc_net_revenue + heavy_ruc_net_revenue + light_bev_ruc_net_revenue + heavy_bev_ruc_net_revenue + phev_ruc_net_revenue + ruc_refunds,28; 29; 30; 31; 32; 33,Q28; Q29; Q30; Q31; Q32; Q33,1438.74655952304,1438.746559523044,-3.865352482534945e-12,3.865352482534945e-12,reconciled,,official_source_formula_assertion
BEFU26,2016,FY2016,ACTUAL,mvr_revenue_net_admin_coo,MVR revenues net of admin fees and COO,aggregate,mr1_revenue + mr2_revenue - mvr_admin_revenue,48; 49; 52,Q48; Q49; Q52,214.94696271,214.9469627100001,-8.526512829121202e-14,8.526512829121202e-14,reconciled,,official_source_formula_assertion
BEFU26,2016,FY2016,ACTUAL,net_fed_revenue,Net FED revenue,aggregate,gross_fed_revenue - fed_refunds,43; 44,Q43; Q44,1882.74595473,1882.74595473,0.0,0.0,reconciled,,official_source_formula_assertion
BEFU26,2016,FY2016,ACTUAL,net_mvr_revenue,Net MVR revenue,aggregate,mvr_revenue_net_admin_coo - mvr_refunds,53; 54,Q53; Q54,214.12784664,214.12784664,0.0,0.0,reconciled,,official_source_formula_assertion
BEFU26,2016,FY2016,ACTUAL,ruc_revenue_net_admin,RUC revenues net of admin fees,aggregate,gross_ruc_revenue - ruc_admin_revenue,34; 35,Q34; Q35,1426.61726381826,1426.6172638182577,2.501110429875553e-12,2.501110429875553e-12,reconciled,,official_source_formula_assertion
BEFU26,2016,FY2016,ACTUAL,total_admin_fees,Total admin fees,aggregate,ruc_admin_revenue + mvr_admin_revenue + coo_revenue,35; 52; 50,Q35; Q52; Q50,69.7242386786957,69.72423867869567,2.8421709430404014e-14,2.8421709430404014e-14,reconciled,,official_source_formula_assertion
BEFU26,2016,FY2016,ACTUAL,total_fed_ruc_net_revenue,Total RUC+PED revenue,aggregate,net_fed_revenue + total_ruc_net_revenue,45; 37,Q45; Q37,3257.59924833826,3257.59924833826,0.0,0.0,reconciled,,derived_dashboard_subtotal
BEFU26,2016,FY2016,ACTUAL,total_gross_revenue,Total gross revenues,aggregate,gross_ruc_revenue + gross_fed_revenue + gross_mvr_revenue + tuc_net_revenue,34; 43; 51; 58,Q34; Q43; Q51; Q58,3652.71085180696,3652.710851806953,6.821210263296962e-12,6.821210263296962e-12,reconciled,,official_source_formula_assertion
BEFU26,2016,FY2016,ACTUAL,total_nltf_net_revenue,Total NLTF revenue,aggregate,total_revenue_net_admin - total_refunds,63; 64,Q63; Q64,3471.72709497826,3471.72709497826,0.0,0.0,reconciled,,official_source_formula_assertion
BEFU26,2016,FY2016,ACTUAL,total_refunds,Total refunds,aggregate,ruc_refunds + fed_refunds + mvr_refunds,33; 44; 54,Q33; Q44; Q54,111.25951815,111.25951815,0.0,0.0,reconciled,,official_source_formula_assertion
BEFU26,2016,FY2016,ACTUAL,total_revenue_net_admin,Total revenues net of admin fees,aggregate,total_gross_revenue - total_admin_fees,61; 62,Q61; Q62,3582.98661312826,3582.9866131282643,-4.092726157978177e-12,4.092726157978177e-12,reconciled,,official_source_formula_assertion
BEFU26,2016,FY2016,ACTUAL,total_ruc_net_revenue,Total RUC all classes,aggregate,ruc_revenue_net_admin - ruc_refunds,36; 33,Q36; Q33,1374.85329360826,1374.85329360826,0.0,0.0,reconciled,,official_source_formula_assertion
BEFU26,2017,FY2017,ACTUAL,gross_fed_revenue,Gross FED revenue,aggregate,gross_ped_revenue + gross_lpg_revenue + gross_cng_revenue,40; 41; 42,R40; R41; R42,1968.91315006,1968.91315006,-2.273736754432321e-13,2.273736754432321e-13,reconciled,,official_source_formula_assertion
BEFU26,2017,FY2017,ACTUAL,gross_mvr_revenue,Gross MVR revenue,aggregate,mr1_revenue + mr2_revenue + coo_revenue,48; 49; 50,R48; R49; R50,277.754947952174,277.75494795217355,4.547473508864641e-13,4.547473508864641e-13,reconciled,,official_source_formula_assertion
BEFU26,2017,FY2017,ACTUAL,gross_ruc_revenue,Gross RUC revenue,aggregate,light_ruc_net_revenue + heavy_ruc_net_revenue + light_bev_ruc_net_revenue + heavy_bev_ruc_net_revenue + phev_ruc_net_revenue + ruc_refunds,28; 29; 30; 31; 32; 33,R28; R29; R30; R31; R32; R33,1509.64823082609,1509.648230826087,2.9558577807620168e-12,2.9558577807620168e-12,reconciled,,official_source_formula_assertion
BEFU26,2017,FY2017,ACTUAL,mvr_revenue_net_admin_coo,MVR revenues net of admin fees and COO,aggregate,mr1_revenue + mr2_revenue - mvr_admin_revenue,48; 49; 52,R48; R49; R52,223.7225291,223.7225290999996,3.979039320256561e-13,3.979039320256561e-13,reconciled,,official_source_formula_assertion
BEFU26,2017,FY2017,ACTUAL,net_fed_revenue,Net FED revenue,aggregate,gross_fed_revenue - fed_refunds,43; 44,R43; R44,1912.66999522,1912.66999522,0.0,0.0,reconciled,,official_source_formula_assertion
BEFU26,2017,FY2017,ACTUAL,net_mvr_revenue,Net MVR revenue,aggregate,mvr_revenue_net_admin_coo - mvr_refunds,53; 54,R53; R54,222.92673366,222.92673366,0.0,0.0,reconciled,,official_source_formula_assertion
BEFU26,2017,FY2017,ACTUAL,ruc_revenue_net_admin,RUC revenues net of admin fees,aggregate,gross_ruc_revenue - ruc_admin_revenue,34; 35,R34; R35,1497.01985844217,1497.0198584421769,-6.821210263296962e-12,6.821210263296962e-12,reconciled,,official_source_formula_assertion
BEFU26,2017,FY2017,ACTUAL,total_admin_fees,Total admin fees,aggregate,ruc_admin_revenue + mvr_admin_revenue + coo_revenue,35; 52; 50,R35; R52; R50,66.660791236087,66.66079123608695,4.263256414560601e-14,4.263256414560601e-14,reconciled,,official_source_formula_assertion
BEFU26,2017,FY2017,ACTUAL,total_fed_ruc_net_revenue,Total RUC+PED revenue,aggregate,net_fed_revenue + total_ruc_net_revenue,45; 37,R45; R37,3370.73139446217,3370.73139446217,0.0,0.0,reconciled,,derived_dashboard_subtotal
BEFU26,2017,FY2017,ACTUAL,total_gross_revenue,Total gross revenues,aggregate,gross_ruc_revenue + gross_fed_revenue + gross_mvr_revenue + tuc_net_revenue,34; 43; 51; 58,R34; R43; R51; R58,3756.31632883826,3756.316328838264,-4.092726157978177e-12,4.092726157978177e-12,reconciled,,official_source_formula_assertion
BEFU26,2017,FY2017,ACTUAL,total_nltf_net_revenue,Total NLTF revenue,aggregate,total_revenue_net_admin - total_refunds,63; 64,R63; R64,3593.65812812217,3593.65812812217,0.0,0.0,reconciled,,official_source_formula_assertion
BEFU26,2017,FY2017,ACTUAL,total_refunds,Total refunds,aggregate,ruc_refunds + fed_refunds + mvr_refunds,33; 44; 54,R33; R44; R54,95.99740948,95.99740948,0.0,0.0,reconciled,,official_source_formula_assertion
BEFU26,2017,FY2017,ACTUAL,total_revenue_net_admin,Total revenues net of admin fees,aggregate,total_gross_revenue - total_admin_fees,61; 62,R61; R62,3689.65553760217,3689.655537602173,-2.7284841053187847e-12,2.7284841053187847e-12,reconciled,,official_source_formula_assertion
BEFU26,2017,FY2017,ACTUAL,total_ruc_net_revenue,Total RUC all classes,aggregate,ruc_revenue_net_admin - ruc_refunds,36; 33,R36; R33,1458.06139924217,1458.06139924217,0.0,0.0,reconciled,,official_source_formula_assertion
BEFU26,2018,FY2018,ACTUAL,gross_fed_revenue,Gross FED revenue,aggregate,gross_ped_revenue + gross_lpg_revenue + gross_cng_revenue,40; 41; 42,S40; S41; S42,1968.98461465,1968.98461465,0.0,0.0,reconciled,,official_source_formula_assertion
BEFU26,2018,FY2018,ACTUAL,gross_mvr_revenue,Gross MVR revenue,aggregate,mr1_revenue + mr2_revenue + coo_revenue,48; 49; 50,S48; S49; S50,280.816116067826,280.8161160678257,2.842170943040401e-13,2.842170943040401e-13,reconciled,,official_source_formula_assertion
BEFU26,2018,FY2018,ACTUAL,gross_ruc_revenue,Gross RUC revenue,aggregate,light_ruc_net_revenue + heavy_ruc_net_revenue + light_bev_ruc_net_revenue + heavy_bev_ruc_net_revenue + phev_ruc_net_revenue + ruc_refunds,28; 29; 30; 31; 32; 33,S28; S29; S30; S31; S32; S33,1598.7734334913,1598.773433491305,-5.002220859751105e-12,5.002220859751105e-12,reconciled,,official_source_formula_assertion
BEFU26,2018,FY2018,ACTUAL,mvr_revenue_net_admin_coo,MVR revenues net of admin fees and COO,aggregate,mr1_revenue + mr2_revenue - mvr_admin_revenue,48; 49; 52,S48; S49; S52,228.42975492,228.4297549199996,3.979039320256561e-13,3.979039320256561e-13,reconciled,,official_source_formula_assertion
BEFU26,2018,FY2018,ACTUAL,net_fed_revenue,Net FED revenue,aggregate,gross_fed_revenue - fed_refunds,43; 44,S43; S44,1903.81485678,1903.81485678,0.0,0.0,reconciled,,official_source_formula_assertion
BEFU26,2018,FY2018,ACTUAL,net_mvr_revenue,Net MVR revenue,aggregate,mvr_revenue_net_admin_coo - mvr_refunds,53; 54,S53; S54,227.44634928,227.44634928,0.0,0.0,reconciled,,official_source_formula_assertion
BEFU26,2018,FY2018,ACTUAL,ruc_revenue_net_admin,RUC revenues net of admin fees,aggregate,gross_ruc_revenue - ruc_admin_revenue,34; 35,S34; S35,1585.74696249783,1585.7469624978216,8.412825991399586e-12,8.412825991399586e-12,reconciled,,official_source_formula_assertion
BEFU26,2018,FY2018,ACTUAL,total_admin_fees,Total admin fees,aggregate,ruc_admin_revenue + mvr_admin_revenue + coo_revenue,35; 52; 50,S35; S52; S50,65.4128321413043,65.41283214130439,-8.526512829121202e-14,8.526512829121202e-14,reconciled,,official_source_formula_assertion
BEFU26,2018,FY2018,ACTUAL,total_fed_ruc_net_revenue,Total RUC+PED revenue,aggregate,net_fed_revenue + total_ruc_net_revenue,45; 37,S45; S37,3446.52569397783,3446.52569397783,0.0,0.0,reconciled,,derived_dashboard_subtotal
BEFU26,2018,FY2018,ACTUAL,total_gross_revenue,Total gross revenues,aggregate,gross_ruc_revenue + gross_fed_revenue + gross_mvr_revenue + tuc_net_revenue,34; 43; 51; 58,S34; S43; S51; S58,3848.57416420913,3848.574164209126,3.637978807091713e-12,3.637978807091713e-12,reconciled,,official_source_formula_assertion
BEFU26,2018,FY2018,ACTUAL,total_nltf_net_revenue,Total NLTF revenue,aggregate,total_revenue_net_admin - total_refunds,63; 64,S63; S64,3673.97204325783,3673.9720432578297,4.547473508864641e-13,4.547473508864641e-13,reconciled,,official_source_formula_assertion
BEFU26,2018,FY2018,ACTUAL,total_refunds,Total refunds,aggregate,ruc_refunds + fed_refunds + mvr_refunds,33; 44; 54,S33; S44; S54,109.18928881,109.18928881,0.0,0.0,reconciled,,official_source_formula_assertion
BEFU26,2018,FY2018,ACTUAL,total_revenue_net_admin,Total revenues net of admin fees,aggregate,total_gross_revenue - total_admin_fees,61; 62,S61; S62,3783.16133206783,3783.161332067825,4.547473508864641e-12,4.547473508864641e-12,reconciled,,official_source_formula_assertion
BEFU26,2018,FY2018,ACTUAL,total_ruc_net_revenue,Total RUC all classes,aggregate,ruc_revenue_net_admin - ruc_refunds,36; 33,S36; S33,1542.71083719783,1542.71083719783,0.0,0.0,reconciled,,official_source_formula_assertion
BEFU26,2019,FY2019,ACTUAL,gross_fed_revenue,Gross FED revenue,aggregate,gross_ped_revenue + gross_lpg_revenue + gross_cng_revenue,40; 41; 42,T40; T41; T42,2053.20327656,2053.20327656,0.0,0.0,reconciled,,official_source_formula_assertion
BEFU26,2019,FY2019,ACTUAL,gross_mvr_revenue,Gross MVR revenue,aggregate,mr1_revenue + mr2_revenue + coo_revenue,48; 49; 50,T48; T49; T50,278.742093120435,278.7420931204345,5.115907697472721e-13,5.115907697472721e-13,reconciled,,official_source_formula_assertion
BEFU26,2019,FY2019,ACTUAL,gross_ruc_revenue,Gross RUC revenue,aggregate,light_ruc_net_revenue + heavy_ruc_net_revenue + light_bev_ruc_net_revenue + heavy_bev_ruc_net_revenue + phev_ruc_net_revenue + ruc_refunds,28; 29; 30; 31; 32; 33,T28; T29; T30; T31; T32; T33,1731.83545919913,1731.835459199131,-1.1368683772161605e-12,1.1368683772161605e-12,reconciled,,official_source_formula_assertion
BEFU26,2019,FY2019,ACTUAL,mvr_revenue_net_admin_coo,MVR revenues net of admin fees and COO,aggregate,mr1_revenue + mr2_revenue - mvr_admin_revenue,48; 49; 52,T48; T49; T52,227.72069079,227.7206907899996,3.979039320256561e-13,3.979039320256561e-13,reconciled,,official_source_formula_assertion
BEFU26,2019,FY2019,ACTUAL,net_fed_revenue,Net FED revenue,aggregate,gross_fed_revenue - fed_refunds,43; 44,T43; T44,1987.11584821,1987.11584821,-2.273736754432321e-13,2.273736754432321e-13,reconciled,,official_source_formula_assertion
BEFU26,2019,FY2019,ACTUAL,net_mvr_revenue,Net MVR revenue,aggregate,mvr_revenue_net_admin_coo - mvr_refunds,53; 54,T53; T54,226.76755138,226.76755138,0.0,0.0,reconciled,,official_source_formula_assertion
BEFU26,2019,FY2019,ACTUAL,ruc_revenue_net_admin,RUC revenues net of admin fees,aggregate,gross_ruc_revenue - ruc_admin_revenue,34; 35,T34; T35,1718.39930724043,1718.3993072404344,-4.320099833421409e-12,4.320099833421409e-12,reconciled,,official_source_formula_assertion
BEFU26,2019,FY2019,ACTUAL,total_admin_fees,Total admin fees,aggregate,ruc_admin_revenue + mvr_admin_revenue + coo_revenue,35; 52; 50,T35; T52; T50,64.4575542891305,64.45755428913051,-1.4210854715202004e-14,1.4210854715202004e-14,reconciled,,official_source_formula_assertion
BEFU26,2019,FY2019,ACTUAL,total_fed_ruc_net_revenue,Total RUC+PED revenue,aggregate,net_fed_revenue + total_ruc_net_revenue,45; 37,T45; T37,3651.18187159043,3651.18187159043,0.0,0.0,reconciled,,derived_dashboard_subtotal
BEFU26,2019,FY2019,ACTUAL,total_gross_revenue,Total gross revenues,aggregate,gross_ruc_revenue + gross_fed_revenue + gross_mvr_revenue + tuc_net_revenue,34; 43; 51; 58,T34; T43; T51; T58,4063.78082887956,4063.780828879565,-5.002220859751105e-12,5.002220859751105e-12,reconciled,,official_source_formula_assertion
BEFU26,2019,FY2019,ACTUAL,total_nltf_net_revenue,Total NLTF revenue,aggregate,total_revenue_net_admin - total_refunds,63; 64,T63; T64,3877.94942297043,3877.94942297044,-1.0004441719502209e-11,1.0004441719502209e-11,reconciled,,official_source_formula_assertion
BEFU26,2019,FY2019,ACTUAL,total_refunds,Total refunds,aggregate,ruc_refunds + fed_refunds + mvr_refunds,33; 44; 54,T33; T44; T54,121.37385162,121.37385162,0.0,0.0,reconciled,,official_source_formula_assertion
BEFU26,2019,FY2019,ACTUAL,total_revenue_net_admin,Total revenues net of admin fees,aggregate,total_gross_revenue - total_admin_fees,61; 62,T61; T62,3999.32327459044,3999.323274590429,1.091393642127514e-11,1.091393642127514e-11,reconciled,,official_source_formula_assertion
BEFU26,2019,FY2019,ACTUAL,total_ruc_net_revenue,Total RUC all classes,aggregate,ruc_revenue_net_admin - ruc_refunds,36; 33,T36; T33,1664.06602338043,1664.06602338043,-2.273736754432321e-13,2.273736754432321e-13,reconciled,,official_source_formula_assertion
BEFU26,2020,FY2020,ACTUAL,gross_fed_revenue,Gross FED revenue,aggregate,gross_ped_revenue + gross_lpg_revenue + gross_cng_revenue,40; 41; 42,U40; U41; U42,1950.41199,1950.41199,0.0,0.0,reconciled,,official_source_formula_assertion
BEFU26,2020,FY2020,ACTUAL,gross_mvr_revenue,Gross MVR revenue,aggregate,mr1_revenue + mr2_revenue + coo_revenue,48; 49; 50,U48; U49; U50,275.474865974348,275.4748659743475,5.115907697472721e-13,5.115907697472721e-13,reconciled,,official_source_formula_assertion
BEFU26,2020,FY2020,ACTUAL,gross_ruc_revenue,Gross RUC revenue,aggregate,light_ruc_net_revenue + heavy_ruc_net_revenue + light_bev_ruc_net_revenue + heavy_bev_ruc_net_revenue + phev_ruc_net_revenue + ruc_refunds,28; 29; 30; 31; 32; 33,U28; U29; U30; U31; U32; U33,1768.97168074739,1768.971680747392,-1.8189894035458565e-12,1.8189894035458565e-12,reconciled,,official_source_formula_assertion
BEFU26,2020,FY2020,ACTUAL,mvr_revenue_net_admin_coo,MVR revenues net of admin fees and COO,aggregate,mr1_revenue + mr2_revenue - mvr_admin_revenue,48; 49; 52,U48; U49; U52,226.54972427,226.5497242699997,3.1263880373444413e-13,3.1263880373444413e-13,reconciled,,official_source_formula_assertion
BEFU26,2020,FY2020,ACTUAL,net_fed_revenue,Net FED revenue,aggregate,gross_fed_revenue - fed_refunds,43; 44,U43; U44,1882.53157149,1882.53157149,0.0,0.0,reconciled,,official_source_formula_assertion
BEFU26,2020,FY2020,ACTUAL,net_mvr_revenue,Net MVR revenue,aggregate,mvr_revenue_net_admin_coo - mvr_refunds,53; 54,U53; U54,225.63410553,225.63410553,0.0,0.0,reconciled,,official_source_formula_assertion
BEFU26,2020,FY2020,ACTUAL,ruc_revenue_net_admin,RUC revenues net of admin fees,aggregate,gross_ruc_revenue - ruc_admin_revenue,34; 35,U34; U35,1756.28483348565,1756.284833485651,-9.094947017729282e-13,9.094947017729282e-13,reconciled,,official_source_formula_assertion
BEFU26,2020,FY2020,ACTUAL,total_admin_fees,Total admin fees,aggregate,ruc_admin_revenue + mvr_admin_revenue + coo_revenue,35; 52; 50,U35; U52; U50,61.6119889660869,61.61198896608688,2.131628207280301e-14,2.131628207280301e-14,reconciled,,official_source_formula_assertion
BEFU26,2020,FY2020,ACTUAL,total_fed_ruc_net_revenue,Total RUC+PED revenue,aggregate,net_fed_revenue + total_ruc_net_revenue,45; 37,U45; U37,3581.69751684565,3581.69751684565,0.0,0.0,reconciled,,derived_dashboard_subtotal
BEFU26,2020,FY2020,ACTUAL,total_gross_revenue,Total gross revenues,aggregate,gross_ruc_revenue + gross_fed_revenue + gross_mvr_revenue + tuc_net_revenue,34; 43; 51; 58,U34; U43; U51; U58,3994.85853672174,3994.8585367217374,1.8189894035458565e-12,1.8189894035458565e-12,reconciled,,official_source_formula_assertion
BEFU26,2020,FY2020,ACTUAL,total_nltf_net_revenue,Total NLTF revenue,aggregate,total_revenue_net_admin - total_refunds,63; 64,U63; U64,3807.33162237565,3807.33162237565,0.0,0.0,reconciled,,official_source_formula_assertion
BEFU26,2020,FY2020,ACTUAL,total_refunds,Total refunds,aggregate,ruc_refunds + fed_refunds + mvr_refunds,33; 44; 54,U33; U44; U54,125.91492538,125.91492538,0.0,0.0,reconciled,,official_source_formula_assertion
BEFU26,2020,FY2020,ACTUAL,total_revenue_net_admin,Total revenues net of admin fees,aggregate,total_gross_revenue - total_admin_fees,61; 62,U61; U62,3933.24654775565,3933.246547755653,-3.183231456205249e-12,3.183231456205249e-12,reconciled,,official_source_formula_assertion
BEFU26,2020,FY2020,ACTUAL,total_ruc_net_revenue,Total RUC all classes,aggregate,ruc_revenue_net_admin - ruc_refunds,36; 33,U36; U33,1699.16594535565,1699.16594535565,-2.273736754432321e-13,2.273736754432321e-13,reconciled,,official_source_formula_assertion
BEFU26,2021,FY2021,ACTUAL,gross_fed_revenue,Gross FED revenue,aggregate,gross_ped_revenue + gross_lpg_revenue + gross_cng_revenue,40; 41; 42,V40; V41; V42,2216.10859858,2216.10859858,0.0,0.0,reconciled,,official_source_formula_assertion
BEFU26,2021,FY2021,ACTUAL,gross_mvr_revenue,Gross MVR revenue,aggregate,mr1_revenue + mr2_revenue + coo_revenue,48; 49; 50,V48; V49; V50,282.433801187391,282.4338011873911,-1.1368683772161605e-13,1.1368683772161605e-13,reconciled,,official_source_formula_assertion
BEFU26,2021,FY2021,ACTUAL,gross_ruc_revenue,Gross RUC revenue,aggregate,light_ruc_net_revenue + heavy_ruc_net_revenue + light_bev_ruc_net_revenue + heavy_bev_ruc_net_revenue + phev_ruc_net_revenue + ruc_refunds,28; 29; 30; 31; 32; 33,V28; V29; V30; V31; V32; V33,1990.72361639565,1990.723616395654,-4.092726157978177e-12,4.092726157978177e-12,reconciled,,official_source_formula_assertion
BEFU26,2021,FY2021,ACTUAL,mvr_revenue_net_admin_coo,MVR revenues net of admin fees and COO,aggregate,mr1_revenue + mr2_revenue - mvr_admin_revenue,48; 49; 52,V48; V49; V52,232.37927697,232.3792769699998,1.9895196601282805e-13,1.9895196601282805e-13,reconciled,,official_source_formula_assertion
BEFU26,2021,FY2021,ACTUAL,net_fed_revenue,Net FED revenue,aggregate,gross_fed_revenue - fed_refunds,43; 44,V43; V44,2148.51610736,2148.51610736,0.0,0.0,reconciled,,official_source_formula_assertion
BEFU26,2021,FY2021,ACTUAL,net_mvr_revenue,Net MVR revenue,aggregate,mvr_revenue_net_admin_coo - mvr_refunds,53; 54,V53; V54,231.40607684,231.40607684,0.0,0.0,reconciled,,official_source_formula_assertion
BEFU26,2021,FY2021,ACTUAL,ruc_revenue_net_admin,RUC revenues net of admin fees,aggregate,gross_ruc_revenue - ruc_admin_revenue,34; 35,V34; V35,1977.32645089522,1977.3264508952152,4.774847184307873e-12,4.774847184307873e-12,reconciled,,official_source_formula_assertion
BEFU26,2021,FY2021,ACTUAL,total_admin_fees,Total admin fees,aggregate,ruc_admin_revenue + mvr_admin_revenue + coo_revenue,35; 52; 50,V35; V52; V50,63.4516897178261,63.451689717826135,-3.5527136788005016e-14,3.5527136788005016e-14,reconciled,,official_source_formula_assertion
BEFU26,2021,FY2021,ACTUAL,total_fed_ruc_net_revenue,Total RUC+PED revenue,aggregate,net_fed_revenue + total_ruc_net_revenue,45; 37,V45; V37,4063.04242375522,4063.04242375522,0.0,0.0,reconciled,,derived_dashboard_subtotal
BEFU26,2021,FY2021,ACTUAL,total_gross_revenue,Total gross revenues,aggregate,gross_ruc_revenue + gross_fed_revenue + gross_mvr_revenue + tuc_net_revenue,34; 43; 51; 58,V34; V43; V51; V58,4489.26601616304,4489.266016163041,-9.094947017729282e-13,9.094947017729282e-13,reconciled,,official_source_formula_assertion
BEFU26,2021,FY2021,ACTUAL,total_nltf_net_revenue,Total NLTF revenue,aggregate,total_revenue_net_admin - total_refunds,63; 64,V63; V64,4294.44850059522,4294.44850059522,0.0,0.0,reconciled,,official_source_formula_assertion
BEFU26,2021,FY2021,ACTUAL,total_refunds,Total refunds,aggregate,ruc_refunds + fed_refunds + mvr_refunds,33; 44; 54,V33; V44; V54,131.36582585,131.36582585,0.0,0.0,reconciled,,official_source_formula_assertion
BEFU26,2021,FY2021,ACTUAL,total_revenue_net_admin,Total revenues net of admin fees,aggregate,total_gross_revenue - total_admin_fees,61; 62,V61; V62,4425.81432644522,4425.814326445214,6.366462912410498e-12,6.366462912410498e-12,reconciled,,official_source_formula_assertion
BEFU26,2021,FY2021,ACTUAL,total_ruc_net_revenue,Total RUC all classes,aggregate,ruc_revenue_net_admin - ruc_refunds,36; 33,V36; V33,1914.52631639522,1914.52631639522,0.0,0.0,reconciled,,official_source_formula_assertion
BEFU26,2022,FY2022,ACTUAL,gross_fed_revenue,Gross FED revenue,aggregate,gross_ped_revenue + gross_lpg_revenue + gross_cng_revenue,40; 41; 42,W40; W41; W42,1812.83884251,1812.83884251,0.0,0.0,reconciled,,official_source_formula_assertion
BEFU26,2022,FY2022,ACTUAL,gross_mvr_revenue,Gross MVR revenue,aggregate,mr1_revenue + mr2_revenue + coo_revenue,48; 49; 50,W48; W49; W50,282.62035800913,282.62035800913014,-1.7053025658242404e-13,1.7053025658242404e-13,reconciled,,official_source_formula_assertion
BEFU26,2022,FY2022,ACTUAL,gross_ruc_revenue,Gross RUC revenue,aggregate,light_ruc_net_revenue + heavy_ruc_net_revenue + light_bev_ruc_net_revenue + heavy_bev_ruc_net_revenue + phev_ruc_net_revenue + ruc_refunds,28; 29; 30; 31; 32; 33,W28; W29; W30; W31; W32; W33,1866.12921370391,1866.129213703915,-5.002220859751105e-12,5.002220859751105e-12,reconciled,,official_source_formula_assertion
BEFU26,2022,FY2022,ACTUAL,mvr_revenue_net_admin_coo,MVR revenues net of admin fees and COO,aggregate,mr1_revenue + mr2_revenue - mvr_admin_revenue,48; 49; 52,W48; W49; W52,235.12621447,235.1262144699997,3.1263880373444413e-13,3.1263880373444413e-13,reconciled,,official_source_formula_assertion
BEFU26,2022,FY2022,ACTUAL,net_fed_revenue,Net FED revenue,aggregate,gross_fed_revenue - fed_refunds,43; 44,W43; W44,1752.86236361,1752.86236361,2.273736754432321e-13,2.273736754432321e-13,reconciled,,official_source_formula_assertion
BEFU26,2022,FY2022,ACTUAL,net_mvr_revenue,Net MVR revenue,aggregate,mvr_revenue_net_admin_coo - mvr_refunds,53; 54,W53; W54,234.22087228,234.22087228,0.0,0.0,reconciled,,official_source_formula_assertion
BEFU26,2022,FY2022,ACTUAL,ruc_revenue_net_admin,RUC revenues net of admin fees,aggregate,gross_ruc_revenue - ruc_admin_revenue,34; 35,W34; W35,1852.92814697261,1852.9281469726056,4.320099833421409e-12,4.320099833421409e-12,reconciled,,official_source_formula_assertion
BEFU26,2022,FY2022,ACTUAL,total_admin_fees,Total admin fees,aggregate,ruc_admin_revenue + mvr_admin_revenue + coo_revenue,35; 52; 50,W35; W52; W50,60.6952102704347,60.69521027043473,-2.8421709430404014e-14,2.8421709430404014e-14,reconciled,,official_source_formula_assertion
BEFU26,2022,FY2022,ACTUAL,total_fed_ruc_net_revenue,Total RUC+PED revenue,aggregate,net_fed_revenue + total_ruc_net_revenue,45; 37,W45; W37,3534.14641405261,3534.14641405261,0.0,0.0,reconciled,,derived_dashboard_subtotal
BEFU26,2022,FY2022,ACTUAL,total_gross_revenue,Total gross revenues,aggregate,gross_ruc_revenue + gross_fed_revenue + gross_mvr_revenue + tuc_net_revenue,34; 43; 51; 58,W34; W43; W51; W58,3968.82283096304,3968.82283096304,0.0,0.0,reconciled,,official_source_formula_assertion
BEFU26,2022,FY2022,ACTUAL,total_nltf_net_revenue,Total NLTF revenue,aggregate,total_revenue_net_admin - total_refunds,63; 64,W63; W64,3775.60170307261,3775.60170307261,0.0,0.0,reconciled,,official_source_formula_assertion
BEFU26,2022,FY2022,ACTUAL,total_refunds,Total refunds,aggregate,ruc_refunds + fed_refunds + mvr_refunds,33; 44; 54,W33; W44; W54,132.52591762,132.52591762,0.0,0.0,reconciled,,official_source_formula_assertion
BEFU26,2022,FY2022,ACTUAL,total_revenue_net_admin,Total revenues net of admin fees,aggregate,total_gross_revenue - total_admin_fees,61; 62,W61; W62,3908.12762069261,3908.127620692605,5.002220859751105e-12,5.002220859751105e-12,reconciled,,official_source_formula_assertion
BEFU26,2022,FY2022,ACTUAL,total_ruc_net_revenue,Total RUC all classes,aggregate,ruc_revenue_net_admin - ruc_refunds,36; 33,W36; W33,1781.28405044261,1781.28405044261,0.0,0.0,reconciled,,official_source_formula_assertion
BEFU26,2023,FY2023,ACTUAL,gross_fed_revenue,Gross FED revenue,aggregate,gross_ped_revenue + gross_lpg_revenue + gross_cng_revenue,40; 41; 42,X40; X41; X42,1397.47707215,1397.47707215,-2.273736754432321e-13,2.273736754432321e-13,reconciled,,official_source_formula_assertion
BEFU26,2023,FY2023,ACTUAL,gross_mvr_revenue,Gross MVR revenue,aggregate,mr1_revenue + mr2_revenue + coo_revenue,48; 49; 50,X48; X49; X50,286.928231378261,286.9282313782612,-1.7053025658242404e-13,1.7053025658242404e-13,reconciled,,official_source_formula_assertion
BEFU26,2023,FY2023,ACTUAL,gross_ruc_revenue,Gross RUC revenue,aggregate,light_ruc_net_revenue + heavy_ruc_net_revenue + light_bev_ruc_net_revenue + heavy_bev_ruc_net_revenue + phev_ruc_net_revenue + ruc_refunds,28; 29; 30; 31; 32; 33,X28; X29; X30; X31; X32; X33,1396.63346920044,1396.633469200435,5.002220859751105e-12,5.002220859751105e-12,reconciled,,official_source_formula_assertion
BEFU26,2023,FY2023,ACTUAL,mvr_revenue_net_admin_coo,MVR revenues net of admin fees and COO,aggregate,mr1_revenue + mr2_revenue - mvr_admin_revenue,48; 49; 52,X48; X49; X52,237.1226625,237.12266250000025,-2.273736754432321e-13,2.273736754432321e-13,reconciled,,official_source_formula_assertion
BEFU26,2023,FY2023,ACTUAL,net_fed_revenue,Net FED revenue,aggregate,gross_fed_revenue - fed_refunds,43; 44,X43; X44,1329.42599359,1329.42599359,0.0,0.0,reconciled,,official_source_formula_assertion
BEFU26,2023,FY2023,ACTUAL,net_mvr_revenue,Net MVR revenue,aggregate,mvr_revenue_net_admin_coo - mvr_refunds,53; 54,X53; X54,236.05552871,236.05552871,2.8421709430404014e-14,2.8421709430404014e-14,reconciled,,official_source_formula_assertion
BEFU26,2023,FY2023,ACTUAL,ruc_revenue_net_admin,RUC revenues net of admin fees,aggregate,gross_ruc_revenue - ruc_admin_revenue,34; 35,X34; X35,1384.16056045739,1384.1605604573963,-6.59383658785373e-12,6.59383658785373e-12,reconciled,,official_source_formula_assertion
BEFU26,2023,FY2023,ACTUAL,total_admin_fees,Total admin fees,aggregate,ruc_admin_revenue + mvr_admin_revenue + coo_revenue,35; 52; 50,X35; X52; X50,62.2784776213045,62.27847762130448,2.131628207280301e-14,2.131628207280301e-14,reconciled,,official_source_formula_assertion
BEFU26,2023,FY2023,ACTUAL,total_fed_ruc_net_revenue,Total RUC+PED revenue,aggregate,net_fed_revenue + total_ruc_net_revenue,45; 37,X45; X37,2670.00687937739,2670.00687937739,0.0,0.0,reconciled,,derived_dashboard_subtotal
BEFU26,2023,FY2023,ACTUAL,total_gross_revenue,Total gross revenues,aggregate,gross_ruc_revenue + gross_fed_revenue + gross_mvr_revenue + tuc_net_revenue,34; 43; 51; 58,X34; X43; X51; X58,3096.0125383587,3096.012538358701,-9.094947017729282e-13,9.094947017729282e-13,reconciled,,official_source_formula_assertion
BEFU26,2023,FY2023,ACTUAL,total_nltf_net_revenue,Total NLTF revenue,aggregate,total_revenue_net_admin - total_refunds,63; 64,X63; X64,2921.03617371739,2921.03617371739,0.0,0.0,reconciled,,official_source_formula_assertion
BEFU26,2023,FY2023,ACTUAL,total_refunds,Total refunds,aggregate,ruc_refunds + fed_refunds + mvr_refunds,33; 44; 54,X33; X44; X54,112.69788702,112.69788702,0.0,0.0,reconciled,,official_source_formula_assertion
BEFU26,2023,FY2023,ACTUAL,total_revenue_net_admin,Total revenues net of admin fees,aggregate,total_gross_revenue - total_admin_fees,61; 62,X61; X62,3033.73406073739,3033.734060737396,-5.9117155615240335e-12,5.9117155615240335e-12,reconciled,,official_source_formula_assertion
BEFU26,2023,FY2023,ACTUAL,total_ruc_net_revenue,Total RUC all classes,aggregate,ruc_revenue_net_admin - ruc_refunds,36; 33,X36; X33,1340.58088578739,1340.58088578739,0.0,0.0,reconciled,,official_source_formula_assertion
BEFU26,2024,FY2024,ACTUAL,gross_fed_revenue,Gross FED revenue,aggregate,gross_ped_revenue + gross_lpg_revenue + gross_cng_revenue,40; 41; 42,Y40; Y41; Y42,2073.93255766,2073.93255766,0.0,0.0,reconciled,,official_source_formula_assertion
BEFU26,2024,FY2024,ACTUAL,gross_mvr_revenue,Gross MVR revenue,aggregate,mr1_revenue + mr2_revenue + coo_revenue,48; 49; 50,Y48; Y49; Y50,298.501590495217,298.5015904952171,-1.1368683772161605e-13,1.1368683772161605e-13,reconciled,,official_source_formula_assertion
BEFU26,2024,FY2024,ACTUAL,gross_ruc_revenue,Gross RUC revenue,aggregate,light_ruc_net_revenue + heavy_ruc_net_revenue + light_bev_ruc_net_revenue + heavy_bev_ruc_net_revenue + phev_ruc_net_revenue + ruc_refunds,28; 29; 30; 31; 32; 33,Y28; Y29; Y30; Y31; Y32; Y33,1876.4253369513,1876.4253369513085,-8.185452315956354e-12,8.185452315956354e-12,reconciled,,official_source_formula_assertion
BEFU26,2024,FY2024,ACTUAL,mvr_revenue_net_admin_coo,MVR revenues net of admin fees and COO,aggregate,mr1_revenue + mr2_revenue - mvr_admin_revenue,48; 49; 52,Y48; Y49; Y52,233.23633673,233.2363367299997,3.1263880373444413e-13,3.1263880373444413e-13,reconciled,,official_source_formula_assertion
BEFU26,2024,FY2024,ACTUAL,net_fed_revenue,Net FED revenue,aggregate,gross_fed_revenue - fed_refunds,43; 44,Y43; Y44,2006.92979505,2006.92979505,0.0,0.0,reconciled,,official_source_formula_assertion
BEFU26,2024,FY2024,ACTUAL,net_mvr_revenue,Net MVR revenue,aggregate,mvr_revenue_net_admin_coo - mvr_refunds,53; 54,Y53; Y54,232.27816723,232.27816723,0.0,0.0,reconciled,,official_source_formula_assertion
BEFU26,2024,FY2024,ACTUAL,ruc_revenue_net_admin,RUC revenues net of admin fees,aggregate,gross_ruc_revenue - ruc_admin_revenue,34; 35,Y34; Y35,1852.17014202522,1852.1701420252127,6.821210263296962e-12,6.821210263296962e-12,reconciled,,official_source_formula_assertion
BEFU26,2024,FY2024,ACTUAL,total_admin_fees,Total admin fees,aggregate,ruc_admin_revenue + mvr_admin_revenue + coo_revenue,35; 52; 50,Y35; Y52; Y50,89.5204486913044,89.52044869130438,1.4210854715202004e-14,1.4210854715202004e-14,reconciled,,official_source_formula_assertion
BEFU26,2024,FY2024,ACTUAL,total_fed_ruc_net_revenue,Total RUC+PED revenue,aggregate,net_fed_revenue + total_ruc_net_revenue,45; 37,Y45; Y37,3792.39727011522,3792.39727011522,0.0,0.0,reconciled,,derived_dashboard_subtotal
BEFU26,2024,FY2024,ACTUAL,total_gross_revenue,Total gross revenues,aggregate,gross_ruc_revenue + gross_fed_revenue + gross_mvr_revenue + tuc_net_revenue,34; 43; 51; 58,Y34; Y43; Y51; Y58,4266.46950960652,4266.469509606517,2.7284841053187847e-12,2.7284841053187847e-12,reconciled,,official_source_formula_assertion
BEFU26,2024,FY2024,ACTUAL,total_nltf_net_revenue,Total NLTF revenue,aggregate,total_revenue_net_admin - total_refunds,63; 64,Y63; Y64,4042.28546184522,4042.28546184522,4.547473508864641e-13,4.547473508864641e-13,reconciled,,official_source_formula_assertion
BEFU26,2024,FY2024,ACTUAL,total_refunds,Total refunds,aggregate,ruc_refunds + fed_refunds + mvr_refunds,33; 44; 54,Y33; Y44; Y54,134.66359907,134.66359907,0.0,0.0,reconciled,,official_source_formula_assertion
BEFU26,2024,FY2024,ACTUAL,total_revenue_net_admin,Total revenues net of admin fees,aggregate,total_gross_revenue - total_admin_fees,61; 62,Y61; Y62,4176.94906091522,4176.949060915215,4.547473508864641e-12,4.547473508864641e-12,reconciled,,official_source_formula_assertion
BEFU26,2024,FY2024,ACTUAL,total_ruc_net_revenue,Total RUC all classes,aggregate,ruc_revenue_net_admin - ruc_refunds,36; 33,Y36; Y33,1785.46747506522,1785.46747506522,0.0,0.0,reconciled,,official_source_formula_assertion
BEFU26,2025,FY2025,ACTUAL,gross_fed_revenue,Gross FED revenue,aggregate,gross_ped_revenue + gross_lpg_revenue + gross_cng_revenue,40; 41; 42,Z40; Z41; Z42,2067.62792391,2067.62792391,0.0,0.0,reconciled,,official_source_formula_assertion
BEFU26,2025,FY2025,ACTUAL,gross_mvr_revenue,Gross MVR revenue,aggregate,mr1_revenue + mr2_revenue + coo_revenue,48; 49; 50,Z48; Z49; Z50,359.593104643043,359.5931046430431,-1.1368683772161605e-13,1.1368683772161605e-13,reconciled,,official_source_formula_assertion
BEFU26,2025,FY2025,ACTUAL,gross_ruc_revenue,Gross RUC revenue,aggregate,light_ruc_net_revenue + heavy_ruc_net_revenue + light_bev_ruc_net_revenue + heavy_bev_ruc_net_revenue + phev_ruc_net_revenue + ruc_refunds,28; 29; 30; 31; 32; 33,Z28; Z29; Z30; Z31; Z32; Z33,2073.99076259,2073.990762589996,4.092726157978177e-12,4.092726157978177e-12,reconciled,,official_source_formula_assertion
BEFU26,2025,FY2025,ACTUAL,mvr_revenue_net_admin_coo,MVR revenues net of admin fees and COO,aggregate,mr1_revenue + mr2_revenue - mvr_admin_revenue,48; 49; 52,Z48; Z49; Z52,287.82906373,287.82906372999975,2.273736754432321e-13,2.273736754432321e-13,reconciled,,official_source_formula_assertion
BEFU26,2025,FY2025,ACTUAL,net_fed_revenue,Net FED revenue,aggregate,gross_fed_revenue - fed_refunds,43; 44,Z43; Z44,1997.7271466,1997.7271466,0.0,0.0,reconciled,,official_source_formula_assertion
BEFU26,2025,FY2025,ACTUAL,net_mvr_revenue,Net MVR revenue,aggregate,mvr_revenue_net_admin_coo - mvr_refunds,53; 54,Z53; Z54,286.79349111,286.79349111,0.0,0.0,reconciled,,official_source_formula_assertion
BEFU26,2025,FY2025,ACTUAL,ruc_revenue_net_admin,RUC revenues net of admin fees,aggregate,gross_ruc_revenue - ruc_admin_revenue,34; 35,Z34; Z35,2041.72489453783,2041.7248945378265,3.865352482534945e-12,3.865352482534945e-12,reconciled,,official_source_formula_assertion
BEFU26,2025,FY2025,ACTUAL,total_admin_fees,Total admin fees,aggregate,ruc_admin_revenue + mvr_admin_revenue + coo_revenue,35; 52; 50,Z35; Z52; Z50,104.029908965217,104.02990896521727,-2.842170943040401e-13,2.842170943040401e-13,reconciled,,official_source_formula_assertion
BEFU26,2025,FY2025,ACTUAL,total_fed_ruc_net_revenue,Total RUC+PED revenue,aggregate,net_fed_revenue + total_ruc_net_revenue,45; 37,Z45; Z37,3976.8958143478303,3976.8958143478303,0.0,0.0,reconciled,,derived_dashboard_subtotal
BEFU26,2025,FY2025,ACTUAL,total_gross_revenue,Total gross revenues,aggregate,gross_ruc_revenue + gross_fed_revenue + gross_mvr_revenue + tuc_net_revenue,34; 43; 51; 58,Z34; Z43; Z51; Z58,4518.30660152304,4518.306601523043,-3.637978807091713e-12,3.637978807091713e-12,reconciled,,official_source_formula_assertion
BEFU26,2025,FY2025,ACTUAL,total_nltf_net_revenue,Total NLTF revenue,aggregate,total_revenue_net_admin - total_refunds,63; 64,Z63; Z64,4280.78411583783,4280.78411583783,0.0,0.0,reconciled,,official_source_formula_assertion
BEFU26,2025,FY2025,ACTUAL,total_refunds,Total refunds,aggregate,ruc_refunds + fed_refunds + mvr_refunds,33; 44; 54,Z33; Z44; Z54,133.49257672,133.49257672,0.0,0.0,reconciled,,official_source_formula_assertion
BEFU26,2025,FY2025,ACTUAL,total_revenue_net_admin,Total revenues net of admin fees,aggregate,total_gross_revenue - total_admin_fees,61; 62,Z61; Z62,4414.27669255783,4414.276692557823,7.275957614183426e-12,7.275957614183426e-12,reconciled,,official_source_formula_assertion
BEFU26,2025,FY2025,ACTUAL,total_ruc_net_revenue,Total RUC all classes,aggregate,ruc_revenue_net_admin - ruc_refunds,36; 33,Z36; Z33,1979.16866774783,1979.16866774783,0.0,0.0,reconciled,,official_source_formula_assertion
BEFU26,2026,FY2026,ST_FORECAST,gross_fed_revenue,Gross FED revenue,aggregate,gross_ped_revenue + gross_lpg_revenue + gross_cng_revenue,40; 41; 42,AA40; AA41; AA42,2080.28445921602,2080.2844592160204,-4.547473508864641e-13,4.547473508864641e-13,reconciled,,official_source_formula_assertion
BEFU26,2026,FY2026,ST_FORECAST,gross_mvr_revenue,Gross MVR revenue,aggregate,mr1_revenue + mr2_revenue + coo_revenue,48; 49; 50,AA48; AA49; AA50,468.196713437627,468.1967134376274,-3.979039320256561e-13,3.979039320256561e-13,reconciled,,official_source_formula_assertion
BEFU26,2026,FY2026,ST_FORECAST,gross_ruc_revenue,Gross RUC revenue,aggregate,light_ruc_net_revenue + heavy_ruc_net_revenue + light_bev_ruc_net_revenue + heavy_bev_ruc_net_revenue + phev_ruc_net_revenue + ruc_refunds,28; 29; 30; 31; 32; 33,AA28; AA29; AA30; AA31; AA32; AA33,2176.1246289126,2176.125985397445,-0.0013564848450187,0.0013564848450187,reconciled,,official_source_formula_assertion
BEFU26,2026,FY2026,ST_FORECAST,mvr_revenue_net_admin_coo,MVR revenues net of admin fees and COO,aggregate,mr1_revenue + mr2_revenue - mvr_admin_revenue,48; 49; 52,AA48; AA49; AA52,395.486146018355,395.4861460183549,1.1368683772161605e-13,1.1368683772161605e-13,reconciled,,official_source_formula_assertion
BEFU26,2026,FY2026,ST_FORECAST,net_fed_revenue,Net FED revenue,aggregate,gross_fed_revenue - fed_refunds,43; 44,AA43; AA44,2007.89765301342,2007.897653013416,4.320099833421409e-12,4.320099833421409e-12,reconciled,,official_source_formula_assertion
BEFU26,2026,FY2026,ST_FORECAST,net_mvr_revenue,Net MVR revenue,aggregate,mvr_revenue_net_admin_coo - mvr_refunds,53; 54,AA53; AA54,393.874774521237,393.8747745212369,5.684341886080803e-14,5.684341886080803e-14,reconciled,,official_source_formula_assertion
BEFU26,2026,FY2026,ST_FORECAST,ruc_revenue_net_admin,RUC revenues net of admin fees,aggregate,gross_ruc_revenue - ruc_admin_revenue,34; 35,AA34; AA35,2141.88701132477,2141.887011324776,-5.4569682106375694e-12,5.4569682106375694e-12,reconciled,,official_source_formula_assertion
BEFU26,2026,FY2026,ST_FORECAST,total_admin_fees,Total admin fees,aggregate,ruc_admin_revenue + mvr_admin_revenue + coo_revenue,35; 52; 50,AA35; AA52; AA50,106.948185007097,106.94818500709748,-4.973799150320701e-13,4.973799150320701e-13,reconciled,,official_source_formula_assertion
BEFU26,2026,FY2026,ST_FORECAST,total_fed_ruc_net_revenue,Total RUC+PED revenue,aggregate,net_fed_revenue + total_ruc_net_revenue,45; 37,AA45; AA37,4082.37047367007,4082.37047367007,0.0,0.0,reconciled,,derived_dashboard_subtotal
BEFU26,2026,FY2026,ST_FORECAST,total_gross_revenue,Total gross revenues,aggregate,gross_ruc_revenue + gross_fed_revenue + gross_mvr_revenue + tuc_net_revenue,34; 43; 51; 58,AA34; AA43; AA51; AA58,4742.01187905266,4742.011879052659,9.094947017729282e-13,9.094947017729282e-13,reconciled,,official_source_formula_assertion
BEFU26,2026,FY2026,ST_FORECAST,total_nltf_net_revenue,Total NLTF revenue,aggregate,total_revenue_net_admin - total_refunds,63; 64,AA63; AA64,4493.65132567772,4493.651325677716,3.637978807091713e-12,3.637978807091713e-12,reconciled,,official_source_formula_assertion
BEFU26,2026,FY2026,ST_FORECAST,total_refunds,Total refunds,aggregate,ruc_refunds + fed_refunds + mvr_refunds,33; 44; 54,AA33; AA44; AA54,141.412368367844,141.41236836784387,1.4210854715202006e-13,1.4210854715202006e-13,reconciled,,official_source_formula_assertion
BEFU26,2026,FY2026,ST_FORECAST,total_revenue_net_admin,Total revenues net of admin fees,aggregate,total_gross_revenue - total_admin_fees,61; 62,AA61; AA62,4635.06369404556,4635.063694045563,-3.637978807091713e-12,3.637978807091713e-12,reconciled,,official_source_formula_assertion
BEFU26,2026,FY2026,ST_FORECAST,total_ruc_net_revenue,Total RUC all classes,aggregate,ruc_revenue_net_admin - ruc_refunds,36; 33,AA36; AA33,2074.47282065665,2074.4728206566483,1.8189894035458565e-12,1.8189894035458565e-12,reconciled,,official_source_formula_assertion
BEFU26,2027,FY2027,ST_FORECAST,gross_fed_revenue,Gross FED revenue,aggregate,gross_ped_revenue + gross_lpg_revenue + gross_cng_revenue,40; 41; 42,AB40; AB41; AB42,2204.13393108992,2204.133931089921,-9.094947017729282e-13,9.094947017729282e-13,reconciled,,official_source_formula_assertion
BEFU26,2027,FY2027,ST_FORECAST,gross_mvr_revenue,Gross MVR revenue,aggregate,mr1_revenue + mr2_revenue + coo_revenue,48; 49; 50,AB48; AB49; AB50,558.200177162354,558.2001771623538,1.1368683772161605e-13,1.1368683772161605e-13,reconciled,,official_source_formula_assertion
BEFU26,2027,FY2027,ST_FORECAST,gross_ruc_revenue,Gross RUC revenue,aggregate,light_ruc_net_revenue + heavy_ruc_net_revenue + light_bev_ruc_net_revenue + heavy_bev_ruc_net_revenue + phev_ruc_net_revenue + ruc_refunds,28; 29; 30; 31; 32; 33,AB28; AB29; AB30; AB31; AB32; AB33,2405.96768954745,2405.3406775209023,0.627012026547618,0.627012026547618,residual_reported,,official_source_formula_assertion
BEFU26,2027,FY2027,ST_FORECAST,mvr_revenue_net_admin_coo,MVR revenues net of admin fees and COO,aggregate,mr1_revenue + mr2_revenue - mvr_admin_revenue,48; 49; 52,AB48; AB49; AB52,485.941700421158,485.941700421158,0.0,0.0,reconciled,,official_source_formula_assertion
BEFU26,2027,FY2027,ST_FORECAST,net_fed_revenue,Net FED revenue,aggregate,gross_fed_revenue - fed_refunds,43; 44,AB43; AB44,2123.48097040027,2123.480970400268,1.8189894035458565e-12,1.8189894035458565e-12,reconciled,,official_source_formula_assertion
BEFU26,2027,FY2027,ST_FORECAST,net_mvr_revenue,Net MVR revenue,aggregate,mvr_revenue_net_admin_coo - mvr_refunds,53; 54,AB53; AB54,484.046990172007,484.0469901720067,2.842170943040401e-13,2.842170943040401e-13,reconciled,,official_source_formula_assertion
BEFU26,2027,FY2027,ST_FORECAST,ruc_revenue_net_admin,RUC revenues net of admin fees,aggregate,gross_ruc_revenue - ruc_admin_revenue,34; 35,AB34; AB35,2371.07455304461,2371.074553044609,1.3642420526593924e-12,1.3642420526593924e-12,reconciled,,official_source_formula_assertion
BEFU26,2027,FY2027,ST_FORECAST,total_admin_fees,Total admin fees,aggregate,ruc_admin_revenue + mvr_admin_revenue + coo_revenue,35; 52; 50,AB35; AB52; AB50,107.151613244037,107.15161324403712,-1.1368683772161605e-13,1.1368683772161605e-13,reconciled,,official_source_formula_assertion
BEFU26,2027,FY2027,ST_FORECAST,total_fed_ruc_net_revenue,Total RUC+PED revenue,aggregate,net_fed_revenue + total_ruc_net_revenue,45; 37,AB45; AB37,4416.43676781548,4416.43676781548,0.0,0.0,reconciled,,derived_dashboard_subtotal
BEFU26,2027,FY2027,ST_FORECAST,total_gross_revenue,Total gross revenues,aggregate,gross_ruc_revenue + gross_fed_revenue + gross_mvr_revenue + tuc_net_revenue,34; 43; 51; 58,AB34; AB43; AB51; AB58,5185.85969749254,5185.859697492549,-8.185452315956354e-12,8.185452315956354e-12,reconciled,,official_source_formula_assertion
BEFU26,2027,FY2027,ST_FORECAST,total_nltf_net_revenue,Total NLTF revenue,aggregate,total_revenue_net_admin - total_refunds,63; 64,AB63; AB64,4918.0416576803,4918.041657680308,-8.185452315956354e-12,8.185452315956354e-12,reconciled,,official_source_formula_assertion
BEFU26,2027,FY2027,ST_FORECAST,total_refunds,Total refunds,aggregate,ruc_refunds + fed_refunds + mvr_refunds,33; 44; 54,AB33; AB44; AB54,160.666426568202,160.6664265682024,-3.979039320256561e-13,3.979039320256561e-13,reconciled,,official_source_formula_assertion
BEFU26,2027,FY2027,ST_FORECAST,total_revenue_net_admin,Total revenues net of admin fees,aggregate,total_gross_revenue - total_admin_fees,61; 62,AB61; AB62,5078.70808424851,5078.708084248503,7.275957614183426e-12,7.275957614183426e-12,reconciled,,official_source_formula_assertion
BEFU26,2027,FY2027,ST_FORECAST,total_ruc_net_revenue,Total RUC all classes,aggregate,ruc_revenue_net_admin - ruc_refunds,36; 33,AB36; AB33,2292.95579741521,2292.955797415211,-9.094947017729282e-13,9.094947017729282e-13,reconciled,,official_source_formula_assertion
BEFU26,2028,FY2028,ST_FORECAST,gross_fed_revenue,Gross FED revenue,aggregate,gross_ped_revenue + gross_lpg_revenue + gross_cng_revenue,40; 41; 42,AC40; AC41; AC42,2481.51311120209,2481.513111202087,2.7284841053187847e-12,2.7284841053187847e-12,reconciled,,official_source_formula_assertion
BEFU26,2028,FY2028,ST_FORECAST,gross_mvr_revenue,Gross MVR revenue,aggregate,mr1_revenue + mr2_revenue + coo_revenue,48; 49; 50,AC48; AC49; AC50,564.075907818018,564.0759078180181,-1.1368683772161605e-13,1.1368683772161605e-13,reconciled,,official_source_formula_assertion
BEFU26,2028,FY2028,ST_FORECAST,gross_ruc_revenue,Gross RUC revenue,aggregate,light_ruc_net_revenue + heavy_ruc_net_revenue + light_bev_ruc_net_revenue + heavy_bev_ruc_net_revenue + phev_ruc_net_revenue + ruc_refunds,28; 29; 30; 31; 32; 33,AC28; AC29; AC30; AC31; AC32; AC33,2836.28676167906,2835.820488009193,0.4662736698669505,0.4662736698669505,residual_reported,,official_source_formula_assertion
BEFU26,2028,FY2028,ST_FORECAST,mvr_revenue_net_admin_coo,MVR revenues net of admin fees and COO,aggregate,mr1_revenue + mr2_revenue - mvr_admin_revenue,48; 49; 52,AC48; AC49; AC52,492.189734306159,492.1897343061588,1.7053025658242404e-13,1.7053025658242404e-13,reconciled,,official_source_formula_assertion
BEFU26,2028,FY2028,ST_FORECAST,net_fed_revenue,Net FED revenue,aggregate,gross_fed_revenue - fed_refunds,43; 44,AC43; AC44,2390.04580895035,2390.045808950348,2.273736754432321e-12,2.273736754432321e-12,reconciled,,official_source_formula_assertion
BEFU26,2028,FY2028,ST_FORECAST,net_mvr_revenue,Net MVR revenue,aggregate,mvr_revenue_net_admin_coo - mvr_refunds,53; 54,AC53; AC54,490.250510276586,490.2505102765858,1.7053025658242404e-13,1.7053025658242404e-13,reconciled,,official_source_formula_assertion
BEFU26,2028,FY2028,ST_FORECAST,ruc_revenue_net_admin,RUC revenues net of admin fees,aggregate,gross_ruc_revenue - ruc_admin_revenue,34; 35,AC34; AC35,2798.83742823004,2798.8374282300347,5.4569682106375694e-12,5.4569682106375694e-12,reconciled,,official_source_formula_assertion
BEFU26,2028,FY2028,ST_FORECAST,total_admin_fees,Total admin fees,aggregate,ruc_admin_revenue + mvr_admin_revenue + coo_revenue,35; 52; 50,AC35; AC52; AC50,109.335506960885,109.3355069608846,3.979039320256561e-13,3.979039320256561e-13,reconciled,,official_source_formula_assertion
BEFU26,2028,FY2028,ST_FORECAST,total_fed_ruc_net_revenue,Total RUC+PED revenue,aggregate,net_fed_revenue + total_ruc_net_revenue,45; 37,AC45; AC37,5096.96087248776,5096.96087248776,0.0,0.0,reconciled,,derived_dashboard_subtotal
BEFU26,2028,FY2028,ST_FORECAST,total_gross_revenue,Total gross revenues,aggregate,gross_ruc_revenue + gross_fed_revenue + gross_mvr_revenue + tuc_net_revenue,34; 43; 51; 58,AC34; AC43; AC51; AC58,5899.433680392,5899.433680391992,7.275957614183426e-12,7.275957614183426e-12,reconciled,,official_source_formula_assertion
BEFU26,2028,FY2028,ST_FORECAST,total_nltf_net_revenue,Total NLTF revenue,aggregate,total_revenue_net_admin - total_refunds,63; 64,AC63; AC64,5604.76928245717,5604.769282457165,5.4569682106375694e-12,5.4569682106375694e-12,reconciled,,official_source_formula_assertion
BEFU26,2028,FY2028,ST_FORECAST,total_refunds,Total refunds,aggregate,ruc_refunds + fed_refunds + mvr_refunds,33; 44; 54,AC33; AC44; AC54,185.328890973945,185.32889097394528,-2.842170943040401e-13,2.842170943040401e-13,reconciled,,official_source_formula_assertion
BEFU26,2028,FY2028,ST_FORECAST,total_revenue_net_admin,Total revenues net of admin fees,aggregate,total_gross_revenue - total_admin_fees,61; 62,AC61; AC62,5790.09817343111,5790.098173431114,-4.547473508864641e-12,4.547473508864641e-12,reconciled,,official_source_formula_assertion
BEFU26,2028,FY2028,ST_FORECAST,total_ruc_net_revenue,Total RUC all classes,aggregate,ruc_revenue_net_admin - ruc_refunds,36; 33,AC36; AC33,2706.91506353741,2706.9150635374103,-4.547473508864641e-13,4.547473508864641e-13,reconciled,,official_source_formula_assertion
BEFU26,2029,FY2029,ST_FORECAST,gross_fed_revenue,Gross FED revenue,aggregate,gross_ped_revenue + gross_lpg_revenue + gross_cng_revenue,40; 41; 42,AD40; AD41; AD42,2634.92252480253,2634.9225248025305,-4.547473508864641e-13,4.547473508864641e-13,reconciled,,official_source_formula_assertion
BEFU26,2029,FY2029,ST_FORECAST,gross_mvr_revenue,Gross MVR revenue,aggregate,mr1_revenue + mr2_revenue + coo_revenue,48; 49; 50,AD48; AD49; AD50,558.307842865938,558.3078428659381,-1.1368683772161605e-13,1.1368683772161605e-13,reconciled,,official_source_formula_assertion
BEFU26,2029,FY2029,ST_FORECAST,gross_ruc_revenue,Gross RUC revenue,aggregate,light_ruc_net_revenue + heavy_ruc_net_revenue + light_bev_ruc_net_revenue + heavy_bev_ruc_net_revenue + phev_ruc_net_revenue + ruc_refunds,28; 29; 30; 31; 32; 33,AD28; AD29; AD30; AD31; AD32; AD33,3155.60401561549,3155.241114570117,0.3629010453728369,0.3629010453728369,residual_reported,,official_source_formula_assertion
BEFU26,2029,FY2029,ST_FORECAST,mvr_revenue_net_admin_coo,MVR revenues net of admin fees and COO,aggregate,mr1_revenue + mr2_revenue - mvr_admin_revenue,48; 49; 52,AD48; AD49; AD52,486.787272302915,486.78727230291423,7.958078640513122e-13,7.958078640513122e-13,reconciled,,official_source_formula_assertion
BEFU26,2029,FY2029,ST_FORECAST,net_fed_revenue,Net FED revenue,aggregate,gross_fed_revenue - fed_refunds,43; 44,AD43; AD44,2537.24882068614,2537.248820686141,-9.094947017729282e-13,9.094947017729282e-13,reconciled,,official_source_formula_assertion
BEFU26,2029,FY2029,ST_FORECAST,net_mvr_revenue,Net MVR revenue,aggregate,mvr_revenue_net_admin_coo - mvr_refunds,53; 54,AD53; AD54,484.843109993696,484.8431099936965,-5.684341886080801e-13,5.684341886080801e-13,reconciled,,official_source_formula_assertion
BEFU26,2029,FY2029,ST_FORECAST,ruc_revenue_net_admin,RUC revenues net of admin fees,aggregate,gross_ruc_revenue - ruc_admin_revenue,34; 35,AD34; AD35,3115.58718146454,3115.5871814645334,6.821210263296962e-12,6.821210263296962e-12,reconciled,,official_source_formula_assertion
BEFU26,2029,FY2029,ST_FORECAST,total_admin_fees,Total admin fees,aggregate,ruc_admin_revenue + mvr_admin_revenue + coo_revenue,35; 52; 50,AD35; AD52; AD50,111.537404713981,111.5374047139806,4.121147867408581e-13,4.121147867408581e-13,reconciled,,official_source_formula_assertion
BEFU26,2029,FY2029,ST_FORECAST,total_fed_ruc_net_revenue,Total RUC+PED revenue,aggregate,net_fed_revenue + total_ruc_net_revenue,45; 37,AD45; AD37,5550.84668520973,5550.84668520973,0.0,0.0,reconciled,,derived_dashboard_subtotal
BEFU26,2029,FY2029,ST_FORECAST,total_gross_revenue,Total gross revenues,aggregate,gross_ruc_revenue + gross_fed_revenue + gross_mvr_revenue + tuc_net_revenue,34; 43; 51; 58,AD34; AD43; AD51; AD58,6366.39228297679,6366.392282976783,7.275957614183426e-12,7.275957614183426e-12,reconciled,,official_source_formula_assertion
BEFU26,2029,FY2029,ST_FORECAST,total_nltf_net_revenue,Total NLTF revenue,aggregate,total_revenue_net_admin - total_refunds,63; 64,AD63; AD64,6053.24769489626,6053.247694896258,2.7284841053187847e-12,2.7284841053187847e-12,reconciled,,official_source_formula_assertion
BEFU26,2029,FY2029,ST_FORECAST,total_refunds,Total refunds,aggregate,ruc_refunds + fed_refunds + mvr_refunds,33; 44; 54,AD33; AD44; AD54,201.607183366553,201.60718336655287,1.1368683772161605e-13,1.1368683772161605e-13,reconciled,,official_source_formula_assertion
BEFU26,2029,FY2029,ST_FORECAST,total_revenue_net_admin,Total revenues net of admin fees,aggregate,total_gross_revenue - total_admin_fees,61; 62,AD61; AD62,6254.85487826281,6254.854878262809,1.8189894035458565e-12,1.8189894035458565e-12,reconciled,,official_source_formula_assertion
BEFU26,2029,FY2029,ST_FORECAST,total_ruc_net_revenue,Total RUC all classes,aggregate,ruc_revenue_net_admin - ruc_refunds,36; 33,AD36; AD33,3013.59786452359,3013.597864523595,-5.002220859751105e-12,5.002220859751105e-12,reconciled,,official_source_formula_assertion
BEFU26,2030,FY2030,ST_FORECAST,gross_fed_revenue,Gross FED revenue,aggregate,gross_ped_revenue + gross_lpg_revenue + gross_cng_revenue,40; 41; 42,AE40; AE41; AE42,2751.16320455207,2751.163204552064,6.366462912410498e-12,6.366462912410498e-12,reconciled,,official_source_formula_assertion
BEFU26,2030,FY2030,ST_FORECAST,gross_mvr_revenue,Gross MVR revenue,aggregate,mr1_revenue + mr2_revenue + coo_revenue,48; 49; 50,AE48; AE49; AE50,553.003176767591,553.0031767675906,3.410605131648481e-13,3.410605131648481e-13,reconciled,,official_source_formula_assertion
BEFU26,2030,FY2030,ST_FORECAST,gross_ruc_revenue,Gross RUC revenue,aggregate,light_ruc_net_revenue + heavy_ruc_net_revenue + light_bev_ruc_net_revenue + heavy_bev_ruc_net_revenue + phev_ruc_net_revenue + ruc_refunds,28; 29; 30; 31; 32; 33,AE28; AE29; AE30; AE31; AE32; AE33,3450.56913427481,3450.1858875153907,0.3832467594193076,0.3832467594193076,residual_reported,,official_source_formula_assertion
BEFU26,2030,FY2030,ST_FORECAST,mvr_revenue_net_admin_coo,MVR revenues net of admin fees and COO,aggregate,mr1_revenue + mr2_revenue - mvr_admin_revenue,48; 49; 52,AE48; AE49; AE52,481.834231560865,481.8342315608644,6.252776074688883e-13,6.252776074688883e-13,reconciled,,official_source_formula_assertion
BEFU26,2030,FY2030,ST_FORECAST,net_fed_revenue,Net FED revenue,aggregate,gross_fed_revenue - fed_refunds,43; 44,AE43; AE44,2648.68601609063,2648.686016090628,1.8189894035458565e-12,1.8189894035458565e-12,reconciled,,official_source_formula_assertion
BEFU26,2030,FY2030,ST_FORECAST,net_mvr_revenue,Net MVR revenue,aggregate,mvr_revenue_net_admin_coo - mvr_refunds,53; 54,AE53; AE54,479.88371828886,479.8837182888601,-1.1368683772161605e-13,1.1368683772161605e-13,reconciled,,official_source_formula_assertion
BEFU26,2030,FY2030,ST_FORECAST,ruc_revenue_net_admin,RUC revenues net of admin fees,aggregate,gross_ruc_revenue - ruc_admin_revenue,34; 35,AE34; AE35,3408.01677736594,3408.016777365941,-9.094947017729282e-13,9.094947017729282e-13,reconciled,,official_source_formula_assertion
BEFU26,2030,FY2030,ST_FORECAST,total_admin_fees,Total admin fees,aggregate,ruc_admin_revenue + mvr_admin_revenue + coo_revenue,35; 52; 50,AE35; AE52; AE50,113.721302115595,113.72130211559512,-1.1368683772161605e-13,1.1368683772161605e-13,reconciled,,official_source_formula_assertion
BEFU26,2030,FY2030,ST_FORECAST,total_fed_ruc_net_revenue,Total RUC+PED revenue,aggregate,net_fed_revenue + total_ruc_net_revenue,45; 37,AE45; AE37,5945.54614244726,5945.54614244726,0.0,0.0,reconciled,,derived_dashboard_subtotal
BEFU26,2030,FY2030,ST_FORECAST,total_gross_revenue,Total gross revenues,aggregate,gross_ruc_revenue + gross_fed_revenue + gross_mvr_revenue + tuc_net_revenue,34; 43; 51; 58,AE34; AE43; AE51; AE58,6772.29341528729,6772.293415287296,-5.4569682106375694e-12,5.4569682106375694e-12,reconciled,,official_source_formula_assertion
BEFU26,2030,FY2030,ST_FORECAST,total_nltf_net_revenue,Total NLTF revenue,aggregate,total_revenue_net_admin - total_refunds,63; 64,AE63; AE64,6442.98776042894,6442.987760428945,-4.547473508864641e-12,4.547473508864641e-12,reconciled,,official_source_formula_assertion
BEFU26,2030,FY2030,ST_FORECAST,total_refunds,Total refunds,aggregate,ruc_refunds + fed_refunds + mvr_refunds,33; 44; 54,AE33; AE44; AE54,215.584352742755,215.58435274275493,5.684341886080803e-14,5.684341886080803e-14,reconciled,,official_source_formula_assertion
BEFU26,2030,FY2030,ST_FORECAST,total_revenue_net_admin,Total revenues net of admin fees,aggregate,total_gross_revenue - total_admin_fees,61; 62,AE61; AE62,6658.5721131717,6658.572113171696,4.547473508864641e-12,4.547473508864641e-12,reconciled,,official_source_formula_assertion
BEFU26,2030,FY2030,ST_FORECAST,total_ruc_net_revenue,Total RUC all classes,aggregate,ruc_revenue_net_admin - ruc_refunds,36; 33,AE36; AE33,3296.86012635663,3296.860126356632,-1.8189894035458565e-12,1.8189894035458565e-12,reconciled,,official_source_formula_assertion
BEFU26,2031,FY2031,LT_FORECAST,gross_fed_revenue,Gross FED revenue,aggregate,gross_ped_revenue + gross_lpg_revenue + gross_cng_revenue,40; 41; 42,AF40; AF41; AF42,2816.2651241454,2816.2651241454,0.0,0.0,reconciled,,official_source_formula_assertion
BEFU26,2031,FY2031,LT_FORECAST,gross_mvr_revenue,Gross MVR revenue,aggregate,mr1_revenue + mr2_revenue + coo_revenue,48; 49; 50,AF48; AF49; AF50,548.123665353931,548.1236653539303,6.821210263296962e-13,6.821210263296962e-13,reconciled,,official_source_formula_assertion
BEFU26,2031,FY2031,LT_FORECAST,gross_ruc_revenue,Gross RUC revenue,aggregate,light_ruc_net_revenue + heavy_ruc_net_revenue + light_bev_ruc_net_revenue + heavy_bev_ruc_net_revenue + phev_ruc_net_revenue + ruc_refunds,28; 29; 30; 31; 32; 33,AF28; AF29; AF30; AF31; AF32; AF33,3666.10857029417,3666.10857029417,0.0,0.0,reconciled,,official_source_formula_assertion
BEFU26,2031,FY2031,LT_FORECAST,mvr_revenue_net_admin_coo,MVR revenues net of admin fees and COO,aggregate,mr1_revenue + mr2_revenue - mvr_admin_revenue,48; 49; 52,AF48; AF49; AF52,477.288535902775,477.2885359027741,8.526512829121202e-13,8.526512829121202e-13,reconciled,,official_source_formula_assertion
BEFU26,2031,FY2031,LT_FORECAST,net_fed_revenue,Net FED revenue,aggregate,gross_fed_revenue - fed_refunds,43; 44,AF43; AF44,2710.83658552761,2710.836585527608,2.273736754432321e-12,2.273736754432321e-12,reconciled,,official_source_formula_assertion
BEFU26,2031,FY2031,LT_FORECAST,net_mvr_revenue,Net MVR revenue,aggregate,mvr_revenue_net_admin_coo - mvr_refunds,53; 54,AF53; AF54,475.330338182372,475.330338182372,-5.684341886080803e-14,5.684341886080803e-14,reconciled,,official_source_formula_assertion
BEFU26,2031,FY2031,LT_FORECAST,ruc_revenue_net_admin,RUC revenues net of admin fees,aggregate,gross_ruc_revenue - ruc_admin_revenue,34; 35,AF34; AF35,3624.30518074094,3624.30518074094,4.547473508864641e-13,4.547473508864641e-13,reconciled,,official_source_formula_assertion
BEFU26,2031,FY2031,LT_FORECAST,total_admin_fees,Total admin fees,aggregate,ruc_admin_revenue + mvr_admin_revenue + coo_revenue,35; 52; 50,AF35; AF52; AF50,112.638519004387,112.6385190043866,3.979039320256561e-13,3.979039320256561e-13,reconciled,,official_source_formula_assertion
BEFU26,2031,FY2031,LT_FORECAST,total_fed_ruc_net_revenue,Total RUC+PED revenue,aggregate,net_fed_revenue + total_ruc_net_revenue,45; 37,AF45; AF37,6217.00962012801,6217.00962012801,0.0,0.0,reconciled,,derived_dashboard_subtotal
BEFU26,2031,FY2031,LT_FORECAST,total_gross_revenue,Total gross revenues,aggregate,gross_ruc_revenue + gross_fed_revenue + gross_mvr_revenue + tuc_net_revenue,34; 43; 51; 58,AF34; AF43; AF51; AF58,7048.05525948633,7048.055259486326,4.547473508864641e-12,4.547473508864641e-12,reconciled,,official_source_formula_assertion
BEFU26,2031,FY2031,LT_FORECAST,total_nltf_net_revenue,Total NLTF revenue,aggregate,total_revenue_net_admin - total_refunds,63; 64,AF63; AF64,6709.89785800321,6709.897858003212,-1.8189894035458565e-12,1.8189894035458565e-12,reconciled,,official_source_formula_assertion
BEFU26,2031,FY2031,LT_FORECAST,total_refunds,Total refunds,aggregate,ruc_refunds + fed_refunds + mvr_refunds,33; 44; 54,AF33; AF44; AF54,225.518882478728,225.51888247872893,-9.663381206337365e-13,9.663381206337365e-13,reconciled,,official_source_formula_assertion
BEFU26,2031,FY2031,LT_FORECAST,total_revenue_net_admin,Total revenues net of admin fees,aggregate,total_gross_revenue - total_admin_fees,61; 62,AF61; AF62,6935.41674048194,6935.416740481944,-3.637978807091713e-12,3.637978807091713e-12,reconciled,,official_source_formula_assertion
BEFU26,2031,FY2031,LT_FORECAST,total_ruc_net_revenue,Total RUC all classes,aggregate,ruc_revenue_net_admin - ruc_refunds,36; 33,AF36; AF33,3506.1730346004,3506.173034600406,-5.9117155615240335e-12,5.9117155615240335e-12,reconciled,,official_source_formula_assertion
BEFU26,2032,FY2032,LT_FORECAST,gross_fed_revenue,Gross FED revenue,aggregate,gross_ped_revenue + gross_lpg_revenue + gross_cng_revenue,40; 41; 42,AG40; AG41; AG42,2869.90089869253,2869.9008986925246,5.4569682106375694e-12,5.4569682106375694e-12,reconciled,,official_source_formula_assertion
BEFU26,2032,FY2032,LT_FORECAST,gross_mvr_revenue,Gross MVR revenue,aggregate,mr1_revenue + mr2_revenue + coo_revenue,48; 49; 50,AG48; AG49; AG50,543.631860869758,543.6318608697579,1.1368683772161605e-13,1.1368683772161605e-13,reconciled,,official_source_formula_assertion
BEFU26,2032,FY2032,LT_FORECAST,gross_ruc_revenue,Gross RUC revenue,aggregate,light_ruc_net_revenue + heavy_ruc_net_revenue + light_bev_ruc_net_revenue + heavy_bev_ruc_net_revenue + phev_ruc_net_revenue + ruc_refunds,28; 29; 30; 31; 32; 33,AG28; AG29; AG30; AG31; AG32; AG33,3889.67738752696,3889.6773875269646,-4.547473508864641e-12,4.547473508864641e-12,reconciled,,official_source_formula_assertion
BEFU26,2032,FY2032,LT_FORECAST,mvr_revenue_net_admin_coo,MVR revenues net of admin fees and COO,aggregate,mr1_revenue + mr2_revenue - mvr_admin_revenue,48; 49; 52,AG48; AG49; AG52,473.111126988877,473.1111269888766,3.979039320256561e-13,3.979039320256561e-13,reconciled,,official_source_formula_assertion
BEFU26,2032,FY2032,LT_FORECAST,net_fed_revenue,Net FED revenue,aggregate,gross_fed_revenue - fed_refunds,43; 44,AG43; AG44,2762.0202382894,2762.020238289402,-2.273736754432321e-12,2.273736754432321e-12,reconciled,,official_source_formula_assertion
BEFU26,2032,FY2032,LT_FORECAST,net_mvr_revenue,Net MVR revenue,aggregate,mvr_revenue_net_admin_coo - mvr_refunds,53; 54,AG53; AG54,471.143993300111,471.1439933001111,-5.684341886080803e-14,5.684341886080803e-14,reconciled,,official_source_formula_assertion
BEFU26,2032,FY2032,LT_FORECAST,ruc_revenue_net_admin,RUC revenues net of admin fees,aggregate,gross_ruc_revenue - ruc_admin_revenue,34; 35,AG34; AG35,3846.51859945892,3846.5185994589247,-4.547473508864641e-12,4.547473508864641e-12,reconciled,,official_source_formula_assertion
BEFU26,2032,FY2032,LT_FORECAST,total_admin_fees,Total admin fees,aggregate,ruc_admin_revenue + mvr_admin_revenue + coo_revenue,35; 52; 50,AG35; AG52; AG50,113.679521948917,113.6795219489166,3.979039320256561e-13,3.979039320256561e-13,reconciled,,official_source_formula_assertion
BEFU26,2032,FY2032,LT_FORECAST,total_fed_ruc_net_revenue,Total RUC+PED revenue,aggregate,net_fed_revenue + total_ruc_net_revenue,45; 37,AG45; AG37,6483.6087228858105,6483.6087228858105,0.0,0.0,reconciled,,derived_dashboard_subtotal
BEFU26,2032,FY2032,LT_FORECAST,total_gross_revenue,Total gross revenues,aggregate,gross_ruc_revenue + gross_fed_revenue + gross_mvr_revenue + tuc_net_revenue,34; 43; 51; 58,AG34; AG43; AG51; AG58,7320.76804678207,7320.768046782073,-2.7284841053187847e-12,2.7284841053187847e-12,reconciled,,official_source_formula_assertion
BEFU26,2032,FY2032,LT_FORECAST,total_nltf_net_revenue,Total NLTF revenue,aggregate,total_revenue_net_admin - total_refunds,63; 64,AG63; AG64,6972.31061587874,6972.3106158787405,-9.094947017729282e-13,9.094947017729282e-13,reconciled,,official_source_formula_assertion
BEFU26,2032,FY2032,LT_FORECAST,total_refunds,Total refunds,aggregate,ruc_refunds + fed_refunds + mvr_refunds,33; 44; 54,AG33; AG44; AG54,234.777908954409,234.77790895440896,2.8421709430404014e-14,2.8421709430404014e-14,reconciled,,official_source_formula_assertion
BEFU26,2032,FY2032,LT_FORECAST,total_revenue_net_admin,Total revenues net of admin fees,aggregate,total_gross_revenue - total_admin_fees,61; 62,AG61; AG62,7207.08852483315,7207.088524833153,-3.637978807091713e-12,3.637978807091713e-12,reconciled,,official_source_formula_assertion
BEFU26,2032,FY2032,LT_FORECAST,total_ruc_net_revenue,Total RUC all classes,aggregate,ruc_revenue_net_admin - ruc_refunds,36; 33,AG36; AG33,3721.58848459641,3721.588484596405,5.002220859751105e-12,5.002220859751105e-12,reconciled,,official_source_formula_assertion
BEFU26,2033,FY2033,LT_FORECAST,gross_fed_revenue,Gross FED revenue,aggregate,gross_ped_revenue + gross_lpg_revenue + gross_cng_revenue,40; 41; 42,AH40; AH41; AH42,2904.89882338403,2904.898823384024,6.366462912410498e-12,6.366462912410498e-12,reconciled,,official_source_formula_assertion
BEFU26,2033,FY2033,LT_FORECAST,gross_mvr_revenue,Gross MVR revenue,aggregate,mr1_revenue + mr2_revenue + coo_revenue,48; 49; 50,AH48; AH49; AH50,539.492340366239,539.4923403662387,2.273736754432321e-13,2.273736754432321e-13,reconciled,,official_source_formula_assertion
BEFU26,2033,FY2033,LT_FORECAST,gross_ruc_revenue,Gross RUC revenue,aggregate,light_ruc_net_revenue + heavy_ruc_net_revenue + light_bev_ruc_net_revenue + heavy_bev_ruc_net_revenue + phev_ruc_net_revenue + ruc_refunds,28; 29; 30; 31; 32; 33,AH28; AH29; AH30; AH31; AH32; AH33,4123.62205441744,4123.622054417447,-6.366462912410498e-12,6.366462912410498e-12,reconciled,,official_source_formula_assertion
BEFU26,2033,FY2033,LT_FORECAST,mvr_revenue_net_admin_coo,MVR revenues net of admin fees and COO,aggregate,mr1_revenue + mr2_revenue - mvr_admin_revenue,48; 49; 52,AH48; AH49; AH52,469.266272288121,469.2662722881207,2.842170943040401e-13,2.842170943040401e-13,reconciled,,official_source_formula_assertion
BEFU26,2033,FY2033,LT_FORECAST,net_fed_revenue,Net FED revenue,aggregate,gross_fed_revenue - fed_refunds,43; 44,AH43; AH44,2795.28000476412,2795.280004764122,-2.273736754432321e-12,2.273736754432321e-12,reconciled,,official_source_formula_assertion
BEFU26,2033,FY2033,LT_FORECAST,net_mvr_revenue,Net MVR revenue,aggregate,mvr_revenue_net_admin_coo - mvr_refunds,53; 54,AH53; AH54,467.289031338095,467.2890313380953,-2.842170943040401e-13,2.842170943040401e-13,reconciled,,official_source_formula_assertion
BEFU26,2033,FY2033,LT_FORECAST,ruc_revenue_net_admin,RUC revenues net of admin fees,aggregate,gross_ruc_revenue - ruc_admin_revenue,34; 35,AH34; AH35,4079.02747209064,4079.027472090642,-1.3642420526593924e-12,1.3642420526593924e-12,reconciled,,official_source_formula_assertion
BEFU26,2033,FY2033,LT_FORECAST,total_admin_fees,Total admin fees,aggregate,ruc_admin_revenue + mvr_admin_revenue + coo_revenue,35; 52; 50,AH35; AH52; AH50,114.820650404917,114.8206504049168,1.9895196601282805e-13,1.9895196601282805e-13,reconciled,,official_source_formula_assertion
BEFU26,2033,FY2033,LT_FORECAST,total_fed_ruc_net_revenue,Total RUC+PED revenue,aggregate,net_fed_revenue + total_ruc_net_revenue,45; 37,AH45; AH37,6742.27935719014,6742.27935719014,0.0,0.0,reconciled,,derived_dashboard_subtotal
BEFU26,2033,FY2033,LT_FORECAST,total_gross_revenue,Total gross revenues,aggregate,gross_ruc_revenue + gross_fed_revenue + gross_mvr_revenue + tuc_net_revenue,34; 43; 51; 58,AH34; AH43; AH51; AH58,7585.57111786053,7585.571117860534,-4.547473508864641e-12,4.547473508864641e-12,reconciled,,official_source_formula_assertion
BEFU26,2033,FY2033,LT_FORECAST,total_nltf_net_revenue,Total NLTF revenue,aggregate,total_revenue_net_admin - total_refunds,63; 64,AH63; AH64,7227.12628822106,7227.126288221053,7.275957614183426e-12,7.275957614183426e-12,reconciled,,official_source_formula_assertion
BEFU26,2033,FY2033,LT_FORECAST,total_refunds,Total refunds,aggregate,ruc_refunds + fed_refunds + mvr_refunds,33; 44; 54,AH33; AH44; AH54,243.624179234557,243.6241792345567,3.1263880373444413e-13,3.1263880373444413e-13,reconciled,,official_source_formula_assertion
BEFU26,2033,FY2033,LT_FORECAST,total_revenue_net_admin,Total revenues net of admin fees,aggregate,total_gross_revenue - total_admin_fees,61; 62,AH61; AH62,7470.75046745561,7470.750467455613,-2.7284841053187847e-12,2.7284841053187847e-12,reconciled,,official_source_formula_assertion
BEFU26,2033,FY2033,LT_FORECAST,total_ruc_net_revenue,Total RUC all classes,aggregate,ruc_revenue_net_admin - ruc_refunds,36; 33,AH36; AH33,3946.99935242602,3946.999352426017,2.7284841053187847e-12,2.7284841053187847e-12,reconciled,,official_source_formula_assertion
BEFU26,2034,FY2034,LT_FORECAST,gross_fed_revenue,Gross FED revenue,aggregate,gross_ped_revenue + gross_lpg_revenue + gross_cng_revenue,40; 41; 42,AI40; AI41; AI42,2927.54147780676,2927.541477806763,-2.7284841053187847e-12,2.7284841053187847e-12,reconciled,,official_source_formula_assertion
BEFU26,2034,FY2034,LT_FORECAST,gross_mvr_revenue,Gross MVR revenue,aggregate,mr1_revenue + mr2_revenue + coo_revenue,48; 49; 50,AI48; AI49; AI50,535.672256589772,535.6722565897716,4.547473508864641e-13,4.547473508864641e-13,reconciled,,official_source_formula_assertion
BEFU26,2034,FY2034,LT_FORECAST,gross_ruc_revenue,Gross RUC revenue,aggregate,light_ruc_net_revenue + heavy_ruc_net_revenue + light_bev_ruc_net_revenue + heavy_bev_ruc_net_revenue + phev_ruc_net_revenue + ruc_refunds,28; 29; 30; 31; 32; 33,AI28; AI29; AI30; AI31; AI32; AI33,4372.76365617566,4372.763656175654,5.4569682106375694e-12,5.4569682106375694e-12,reconciled,,official_source_formula_assertion
BEFU26,2034,FY2034,LT_FORECAST,mvr_revenue_net_admin_coo,MVR revenues net of admin fees and COO,aggregate,mr1_revenue + mr2_revenue - mvr_admin_revenue,48; 49; 52,AI48; AI49; AI52,465.721561418096,465.7215614180958,1.7053025658242404e-13,1.7053025658242404e-13,reconciled,,official_source_formula_assertion
BEFU26,2034,FY2034,LT_FORECAST,net_fed_revenue,Net FED revenue,aggregate,gross_fed_revenue - fed_refunds,43; 44,AI43; AI44,2816.66654122098,2816.666541220978,1.8189894035458565e-12,1.8189894035458565e-12,reconciled,,official_source_formula_assertion
BEFU26,2034,FY2034,LT_FORECAST,net_mvr_revenue,Net MVR revenue,aggregate,mvr_revenue_net_admin_coo - mvr_refunds,53; 54,AI53; AI54,463.733118061286,463.7331180612859,1.1368683772161605e-13,1.1368683772161605e-13,reconciled,,official_source_formula_assertion
BEFU26,2034,FY2034,LT_FORECAST,ruc_revenue_net_admin,RUC revenues net of admin fees,aggregate,gross_ruc_revenue - ruc_admin_revenue,34; 35,AI34; AI35,4326.53742463176,4326.537424631763,-3.637978807091713e-12,3.637978807091713e-12,reconciled,,official_source_formula_assertion
BEFU26,2034,FY2034,LT_FORECAST,total_admin_fees,Total admin fees,aggregate,ruc_admin_revenue + mvr_admin_revenue + coo_revenue,35; 52; 50,AI35; AI52; AI50,116.176926715572,116.1769267155724,-4.121147867408581e-13,4.121147867408581e-13,reconciled,,official_source_formula_assertion
BEFU26,2034,FY2034,LT_FORECAST,total_fed_ruc_net_revenue,Total RUC+PED revenue,aggregate,net_fed_revenue + total_ruc_net_revenue,45; 37,AI45; AI37,7003.625544134489,7003.625544134489,0.0,0.0,reconciled,,derived_dashboard_subtotal
BEFU26,2034,FY2034,LT_FORECAST,total_gross_revenue,Total gross revenues,aggregate,gross_ruc_revenue + gross_fed_revenue + gross_mvr_revenue + tuc_net_revenue,34; 43; 51; 58,AI34; AI43; AI51; AI58,7853.53529026501,7853.535290265017,-6.366462912410498e-12,6.366462912410498e-12,reconciled,,official_source_formula_assertion
BEFU26,2034,FY2034,LT_FORECAST,total_nltf_net_revenue,Total NLTF revenue,aggregate,total_revenue_net_admin - total_refunds,63; 64,AI63; AI64,7484.9165618886,7484.916561888602,-1.8189894035458565e-12,1.8189894035458565e-12,reconciled,,official_source_formula_assertion
BEFU26,2034,FY2034,LT_FORECAST,total_refunds,Total refunds,aggregate,ruc_refunds + fed_refunds + mvr_refunds,33; 44; 54,AI33; AI44; AI54,252.441801660838,252.44180166083805,-5.684341886080803e-14,5.684341886080803e-14,reconciled,,official_source_formula_assertion
BEFU26,2034,FY2034,LT_FORECAST,total_revenue_net_admin,Total revenues net of admin fees,aggregate,total_gross_revenue - total_admin_fees,61; 62,AI61; AI62,7737.35836354944,7737.358363549438,1.8189894035458565e-12,1.8189894035458565e-12,reconciled,,official_source_formula_assertion
BEFU26,2034,FY2034,LT_FORECAST,total_ruc_net_revenue,Total RUC all classes,aggregate,ruc_revenue_net_admin - ruc_refunds,36; 33,AI36; AI33,4186.95900291351,4186.959002913513,-3.637978807091713e-12,3.637978807091713e-12,reconciled,,official_source_formula_assertion
BEFU26,2035,FY2035,LT_FORECAST,gross_fed_revenue,Gross FED revenue,aggregate,gross_ped_revenue + gross_lpg_revenue + gross_cng_revenue,40; 41; 42,AJ40; AJ41; AJ42,2932.56591263353,2932.565912633532,-2.273736754432321e-12,2.273736754432321e-12,reconciled,,official_source_formula_assertion
BEFU26,2035,FY2035,LT_FORECAST,gross_mvr_revenue,Gross MVR revenue,aggregate,mr1_revenue + mr2_revenue + coo_revenue,48; 49; 50,AJ48; AJ49; AJ50,532.141511847515,532.1415118475148,1.1368683772161605e-13,1.1368683772161605e-13,reconciled,,official_source_formula_assertion
BEFU26,2035,FY2035,LT_FORECAST,gross_ruc_revenue,Gross RUC revenue,aggregate,light_ruc_net_revenue + heavy_ruc_net_revenue + light_bev_ruc_net_revenue + heavy_bev_ruc_net_revenue + phev_ruc_net_revenue + ruc_refunds,28; 29; 30; 31; 32; 33,AJ28; AJ29; AJ30; AJ31; AJ32; AJ33,4641.39599240793,4641.395992407934,-3.637978807091713e-12,3.637978807091713e-12,reconciled,,official_source_formula_assertion
BEFU26,2035,FY2035,LT_FORECAST,mvr_revenue_net_admin_coo,MVR revenues net of admin fees and COO,aggregate,mr1_revenue + mr2_revenue - mvr_admin_revenue,48; 49; 52,AJ48; AJ49; AJ52,462.447747325526,462.4477473255255,5.115907697472721e-13,5.115907697472721e-13,reconciled,,official_source_formula_assertion
BEFU26,2035,FY2035,LT_FORECAST,net_fed_revenue,Net FED revenue,aggregate,gross_fed_revenue - fed_refunds,43; 44,AJ43; AJ44,2821.11994210362,2821.119942103623,-3.183231456205249e-12,3.183231456205249e-12,reconciled,,official_source_formula_assertion
BEFU26,2035,FY2035,LT_FORECAST,net_mvr_revenue,Net MVR revenue,aggregate,mvr_revenue_net_admin_coo - mvr_refunds,53; 54,AJ53; AJ54,460.447077390357,460.44707739035766,-6.821210263296962e-13,6.821210263296962e-13,reconciled,,official_source_formula_assertion
BEFU26,2035,FY2035,LT_FORECAST,ruc_revenue_net_admin,RUC revenues net of admin fees,aggregate,gross_ruc_revenue - ruc_admin_revenue,34; 35,AJ34; AJ35,4593.3093179457,4593.309317945698,1.8189894035458565e-12,1.8189894035458565e-12,reconciled,,official_source_formula_assertion
BEFU26,2035,FY2035,LT_FORECAST,total_admin_fees,Total admin fees,aggregate,ruc_admin_revenue + mvr_admin_revenue + coo_revenue,35; 52; 50,AJ35; AJ52; AJ50,117.780438984221,117.7804389842208,2.131628207280301e-13,2.131628207280301e-13,reconciled,,official_source_formula_assertion
BEFU26,2035,FY2035,LT_FORECAST,total_fed_ruc_net_revenue,Total RUC+PED revenue,aggregate,net_fed_revenue + total_ruc_net_revenue,45; 37,AJ45; AJ37,7266.71449418306,7266.71449418306,0.0,0.0,reconciled,,derived_dashboard_subtotal
BEFU26,2035,FY2035,LT_FORECAST,total_gross_revenue,Total gross revenues,aggregate,gross_ruc_revenue + gross_fed_revenue + gross_mvr_revenue + tuc_net_revenue,34; 43; 51; 58,AJ34; AJ43; AJ51; AJ58,8123.6613165818,8123.6613165818,0.0,0.0,reconciled,,official_source_formula_assertion
BEFU26,2035,FY2035,LT_FORECAST,total_nltf_net_revenue,Total NLTF revenue,aggregate,total_revenue_net_admin - total_refunds,63; 64,AJ63; AJ64,7744.71947126625,7744.7194712662495,9.094947017729282e-13,9.094947017729282e-13,reconciled,,official_source_formula_assertion
BEFU26,2035,FY2035,LT_FORECAST,total_refunds,Total refunds,aggregate,ruc_refunds + fed_refunds + mvr_refunds,33; 44; 54,AJ33; AJ44; AJ54,261.161406331331,261.1614063313313,-2.842170943040401e-13,2.842170943040401e-13,reconciled,,official_source_formula_assertion
BEFU26,2035,FY2035,LT_FORECAST,total_revenue_net_admin,Total revenues net of admin fees,aggregate,total_gross_revenue - total_admin_fees,61; 62,AJ61; AJ62,8005.88087759758,8005.880877597579,1.8189894035458565e-12,1.8189894035458565e-12,reconciled,,official_source_formula_assertion
BEFU26,2035,FY2035,LT_FORECAST,total_ruc_net_revenue,Total RUC all classes,aggregate,ruc_revenue_net_admin - ruc_refunds,36; 33,AJ36; AJ33,4445.59455207944,4445.594552079444,-3.637978807091713e-12,3.637978807091713e-12,reconciled,,official_source_formula_assertion
BEFU26,2036,FY2036,LT_FORECAST,gross_fed_revenue,Gross FED revenue,aggregate,gross_ped_revenue + gross_lpg_revenue + gross_cng_revenue,40; 41; 42,AK40; AK41; AK42,2916.01283658979,2916.012836589789,9.094947017729282e-13,9.094947017729282e-13,reconciled,,official_source_formula_assertion
BEFU26,2036,FY2036,LT_FORECAST,gross_mvr_revenue,Gross MVR revenue,aggregate,mr1_revenue + mr2_revenue + coo_revenue,48; 49; 50,AK48; AK49; AK50,528.872728718297,528.8727287182977,-6.821210263296962e-13,6.821210263296962e-13,reconciled,,official_source_formula_assertion
BEFU26,2036,FY2036,LT_FORECAST,gross_ruc_revenue,Gross RUC revenue,aggregate,light_ruc_net_revenue + heavy_ruc_net_revenue + light_bev_ruc_net_revenue + heavy_bev_ruc_net_revenue + phev_ruc_net_revenue + ruc_refunds,28; 29; 30; 31; 32; 33,AK28; AK29; AK30; AK31; AK32; AK33,4935.23548877877,4935.235488778772,-2.7284841053187847e-12,2.7284841053187847e-12,reconciled,,official_source_formula_assertion
BEFU26,2036,FY2036,LT_FORECAST,mvr_revenue_net_admin_coo,MVR revenues net of admin fees and COO,aggregate,mr1_revenue + mr2_revenue - mvr_admin_revenue,48; 49; 52,AK48; AK49; AK52,459.418516682899,459.4185166828991,-1.1368683772161605e-13,1.1368683772161605e-13,reconciled,,official_source_formula_assertion
BEFU26,2036,FY2036,LT_FORECAST,net_fed_revenue,Net FED revenue,aggregate,gross_fed_revenue - fed_refunds,43; 44,AK43; AK44,2804.83664467152,2804.836644671518,1.8189894035458565e-12,1.8189894035458565e-12,reconciled,,official_source_formula_assertion
BEFU26,2036,FY2036,LT_FORECAST,net_mvr_revenue,Net MVR revenue,aggregate,mvr_revenue_net_admin_coo - mvr_refunds,53; 54,AK53; AK54,457.404661410295,457.4046614102952,-2.273736754432321e-13,2.273736754432321e-13,reconciled,,official_source_formula_assertion
BEFU26,2036,FY2036,LT_FORECAST,ruc_revenue_net_admin,RUC revenues net of admin fees,aggregate,gross_ruc_revenue - ruc_admin_revenue,34; 35,AK34; AK35,4885.09987755875,4885.099877558743,7.275957614183426e-12,7.275957614183426e-12,reconciled,,official_source_formula_assertion
BEFU26,2036,FY2036,LT_FORECAST,total_admin_fees,Total admin fees,aggregate,ruc_admin_revenue + mvr_admin_revenue + coo_revenue,35; 52; 50,AK35; AK52; AK50,119.589823255425,119.5898232554249,9.947598300641405e-14,9.947598300641405e-14,reconciled,,official_source_formula_assertion
BEFU26,2036,FY2036,LT_FORECAST,total_fed_ruc_net_revenue,Total RUC+PED revenue,aggregate,net_fed_revenue + total_ruc_net_revenue,45; 37,AK45; AK37,7533.32188880365,7533.32188880365,0.0,0.0,reconciled,,derived_dashboard_subtotal
BEFU26,2036,FY2036,LT_FORECAST,total_gross_revenue,Total gross revenues,aggregate,gross_ruc_revenue + gross_fed_revenue + gross_mvr_revenue + tuc_net_revenue,34; 43; 51; 58,AK34; AK43; AK51; AK58,8397.67895377969,8397.678953779681,9.094947017729282e-12,9.094947017729282e-12,reconciled,,official_source_formula_assertion
BEFU26,2036,FY2036,LT_FORECAST,total_nltf_net_revenue,Total NLTF revenue,aggregate,total_revenue_net_admin - total_refunds,63; 64,AK63; AK64,8008.28444990677,8008.28444990677,-9.094947017729282e-13,9.094947017729282e-13,reconciled,,official_source_formula_assertion
BEFU26,2036,FY2036,LT_FORECAST,total_refunds,Total refunds,aggregate,ruc_refunds + fed_refunds + mvr_refunds,33; 44; 54,AK33; AK44; AK54,269.80468061749,269.8046806174898,2.273736754432321e-13,2.273736754432321e-13,reconciled,,official_source_formula_assertion
BEFU26,2036,FY2036,LT_FORECAST,total_revenue_net_admin,Total revenues net of admin fees,aggregate,total_gross_revenue - total_admin_fees,61; 62,AK61; AK62,8278.08913052426,8278.089130524266,-5.4569682106375694e-12,5.4569682106375694e-12,reconciled,,official_source_formula_assertion
BEFU26,2036,FY2036,LT_FORECAST,total_ruc_net_revenue,Total RUC all classes,aggregate,ruc_revenue_net_admin - ruc_refunds,36; 33,AK36; AK33,4728.48524413213,4728.485244132136,-6.366462912410498e-12,6.366462912410498e-12,reconciled,,official_source_formula_assertion
BEFU26,2037,FY2037,LT_FORECAST,gross_fed_revenue,Gross FED revenue,aggregate,gross_ped_revenue + gross_lpg_revenue + gross_cng_revenue,40; 41; 42,AL40; AL41; AL42,2877.44060827918,2877.4406082791784,1.8189894035458565e-12,1.8189894035458565e-12,reconciled,,official_source_formula_assertion
BEFU26,2037,FY2037,LT_FORECAST,gross_mvr_revenue,Gross MVR revenue,aggregate,mr1_revenue + mr2_revenue + coo_revenue,48; 49; 50,AL48; AL49; AL50,525.84111683754,525.84111683754,0.0,0.0,reconciled,,official_source_formula_assertion
BEFU26,2037,FY2037,LT_FORECAST,gross_ruc_revenue,Gross RUC revenue,aggregate,light_ruc_net_revenue + heavy_ruc_net_revenue + light_bev_ruc_net_revenue + heavy_bev_ruc_net_revenue + phev_ruc_net_revenue + ruc_refunds,28; 29; 30; 31; 32; 33,AL28; AL29; AL30; AL31; AL32; AL33,5257.97247623893,5257.972476238935,-5.4569682106375694e-12,5.4569682106375694e-12,reconciled,,official_source_formula_assertion
BEFU26,2037,FY2037,LT_FORECAST,mvr_revenue_net_admin_coo,MVR revenues net of admin fees and COO,aggregate,mr1_revenue + mr2_revenue - mvr_admin_revenue,48; 49; 52,AL48; AL49; AL52,456.610235791768,456.6102357917681,-1.1368683772161605e-13,1.1368683772161605e-13,reconciled,,official_source_formula_assertion
BEFU26,2037,FY2037,LT_FORECAST,net_fed_revenue,Net FED revenue,aggregate,gross_fed_revenue - fed_refunds,43; 44,AL43; AL44,2767.39769430706,2767.3976943070634,-3.183231456205249e-12,3.183231456205249e-12,reconciled,,official_source_formula_assertion
BEFU26,2037,FY2037,LT_FORECAST,net_mvr_revenue,Net MVR revenue,aggregate,mvr_revenue_net_admin_coo - mvr_refunds,53; 54,AL53; AL54,454.582296275469,454.58229627546905,-5.684341886080803e-14,5.684341886080803e-14,reconciled,,official_source_formula_assertion
BEFU26,2037,FY2037,LT_FORECAST,ruc_revenue_net_admin,RUC revenues net of admin fees,aggregate,gross_ruc_revenue - ruc_admin_revenue,34; 35,AL34; AL35,5205.56320007176,5205.563200071756,3.637978807091713e-12,3.637978807091713e-12,reconciled,,official_source_formula_assertion
BEFU26,2037,FY2037,LT_FORECAST,total_admin_fees,Total admin fees,aggregate,ruc_admin_revenue + mvr_admin_revenue + coo_revenue,35; 52; 50,AL35; AL52; AL50,121.640157212946,121.6401572129457,2.9842794901924213e-13,2.9842794901924213e-13,reconciled,,official_source_formula_assertion
BEFU26,2037,FY2037,LT_FORECAST,total_fed_ruc_net_revenue,Total RUC+PED revenue,aggregate,net_fed_revenue + total_ruc_net_revenue,45; 37,AL45; AL37,7806.57131580452,7806.57131580452,0.0,0.0,reconciled,,derived_dashboard_subtotal
BEFU26,2037,FY2037,LT_FORECAST,total_gross_revenue,Total gross revenues,aggregate,gross_ruc_revenue + gross_fed_revenue + gross_mvr_revenue + tuc_net_revenue,34; 43; 51; 58,AL34; AL43; AL51; AL58,8678.81210104848,8678.812101048474,5.4569682106375694e-12,5.4569682106375694e-12,reconciled,,official_source_formula_assertion
BEFU26,2037,FY2037,LT_FORECAST,total_nltf_net_revenue,Total NLTF revenue,aggregate,total_revenue_net_admin - total_refunds,63; 64,AL63; AL64,8278.71151177281,8278.711511772812,-1.8189894035458565e-12,1.8189894035458565e-12,reconciled,,official_source_formula_assertion
BEFU26,2037,FY2037,LT_FORECAST,total_refunds,Total refunds,aggregate,ruc_refunds + fed_refunds + mvr_refunds,33; 44; 54,AL33; AL44; AL54,278.460432062719,278.4604320627189,5.684341886080803e-14,5.684341886080803e-14,reconciled,,official_source_formula_assertion
BEFU26,2037,FY2037,LT_FORECAST,total_revenue_net_admin,Total revenues net of admin fees,aggregate,total_gross_revenue - total_admin_fees,61; 62,AL61; AL62,8557.17194383553,8557.171943835534,-3.637978807091713e-12,3.637978807091713e-12,reconciled,,official_source_formula_assertion
BEFU26,2037,FY2037,LT_FORECAST,total_ruc_net_revenue,Total RUC all classes,aggregate,ruc_revenue_net_admin - ruc_refunds,36; 33,AL36; AL33,5039.17362149746,5039.173621497456,3.637978807091713e-12,3.637978807091713e-12,reconciled,,official_source_formula_assertion
BEFU26,2038,FY2038,LT_FORECAST,gross_fed_revenue,Gross FED revenue,aggregate,gross_ped_revenue + gross_lpg_revenue + gross_cng_revenue,40; 41; 42,AM40; AM41; AM42,2813.53454951634,2813.5345495163383,1.8189894035458565e-12,1.8189894035458565e-12,reconciled,,official_source_formula_assertion
BEFU26,2038,FY2038,LT_FORECAST,gross_mvr_revenue,Gross MVR revenue,aggregate,mr1_revenue + mr2_revenue + coo_revenue,48; 49; 50,AM48; AM49; AM50,523.024291622548,523.0242916225482,-1.1368683772161605e-13,1.1368683772161605e-13,reconciled,,official_source_formula_assertion
BEFU26,2038,FY2038,LT_FORECAST,gross_ruc_revenue,Gross RUC revenue,aggregate,light_ruc_net_revenue + heavy_ruc_net_revenue + light_bev_ruc_net_revenue + heavy_bev_ruc_net_revenue + phev_ruc_net_revenue + ruc_refunds,28; 29; 30; 31; 32; 33,AM28; AM29; AM30; AM31; AM32; AM33,5609.5481261818,5609.548126181787,1.3642420526593924e-11,1.3642420526593924e-11,reconciled,,official_source_formula_assertion
BEFU26,2038,FY2038,LT_FORECAST,mvr_revenue_net_admin_coo,MVR revenues net of admin fees and COO,aggregate,mr1_revenue + mr2_revenue - mvr_admin_revenue,48; 49; 52,AM48; AM49; AM52,454.00169651765,454.0016965176496,3.410605131648481e-13,3.410605131648481e-13,reconciled,,official_source_formula_assertion
BEFU26,2038,FY2038,LT_FORECAST,net_fed_revenue,Net FED revenue,aggregate,gross_fed_revenue - fed_refunds,43; 44,AM43; AM44,2705.62104084074,2705.621040840747,-6.821210263296962e-12,6.821210263296962e-12,reconciled,,official_source_formula_assertion
BEFU26,2038,FY2038,LT_FORECAST,net_mvr_revenue,Net MVR revenue,aggregate,mvr_revenue_net_admin_coo - mvr_refunds,53; 54,AM53; AM54,451.958828353613,451.9588283536134,-3.979039320256561e-13,3.979039320256561e-13,reconciled,,official_source_formula_assertion
BEFU26,2038,FY2038,LT_FORECAST,ruc_revenue_net_admin,RUC revenues net of admin fees,aggregate,gross_ruc_revenue - ruc_admin_revenue,34; 35,AM34; AM35,5554.66018610267,5554.6601861026775,-7.275957614183426e-12,7.275957614183426e-12,reconciled,,official_source_formula_assertion
BEFU26,2038,FY2038,LT_FORECAST,total_admin_fees,Total admin fees,aggregate,ruc_admin_revenue + mvr_admin_revenue + coo_revenue,35; 52; 50,AM35; AM52; AM50,123.910535184022,123.9105351840218,1.9895196601282805e-13,1.9895196601282805e-13,reconciled,,official_source_formula_assertion
BEFU26,2038,FY2038,LT_FORECAST,total_fed_ruc_net_revenue,Total RUC+PED revenue,aggregate,net_fed_revenue + total_ruc_net_revenue,45; 37,AM45; AM37,8083.249374944329,8083.249374944329,0.0,0.0,reconciled,,derived_dashboard_subtotal
BEFU26,2038,FY2038,LT_FORECAST,total_gross_revenue,Total gross revenues,aggregate,gross_ruc_revenue + gross_fed_revenue + gross_mvr_revenue + tuc_net_revenue,34; 43; 51; 58,AM34; AM43; AM51; AM58,8963.66486701351,8963.664867013513,-3.637978807091713e-12,3.637978807091713e-12,reconciled,,official_source_formula_assertion
BEFU26,2038,FY2038,LT_FORECAST,total_nltf_net_revenue,Total NLTF revenue,aggregate,total_revenue_net_admin - total_refunds,63; 64,AM63; AM64,8552.76610299078,8552.766102990776,3.637978807091713e-12,3.637978807091713e-12,reconciled,,official_source_formula_assertion
BEFU26,2038,FY2038,LT_FORECAST,total_refunds,Total refunds,aggregate,ruc_refunds + fed_refunds + mvr_refunds,33; 44; 54,AM33; AM44; AM54,286.988228838714,286.98822883871355,4.547473508864641e-13,4.547473508864641e-13,reconciled,,official_source_formula_assertion
BEFU26,2038,FY2038,LT_FORECAST,total_revenue_net_admin,Total revenues net of admin fees,aggregate,total_gross_revenue - total_admin_fees,61; 62,AM61; AM62,8839.75433182949,8839.754331829487,3.637978807091713e-12,3.637978807091713e-12,reconciled,,official_source_formula_assertion
BEFU26,2038,FY2038,LT_FORECAST,total_ruc_net_revenue,Total RUC all classes,aggregate,ruc_revenue_net_admin - ruc_refunds,36; 33,AM36; AM33,5377.62833410359,5377.628334103586,3.637978807091713e-12,3.637978807091713e-12,reconciled,,official_source_formula_assertion
BEFU26,2039,FY2039,LT_FORECAST,gross_fed_revenue,Gross FED revenue,aggregate,gross_ped_revenue + gross_lpg_revenue + gross_cng_revenue,40; 41; 42,AN40; AN41; AN42,2725.82988279264,2725.82988279264,4.547473508864641e-13,4.547473508864641e-13,reconciled,,official_source_formula_assertion
BEFU26,2039,FY2039,LT_FORECAST,gross_mvr_revenue,Gross MVR revenue,aggregate,mr1_revenue + mr2_revenue + coo_revenue,48; 49; 50,AN48; AN49; AN50,520.402075879336,520.4020758793362,-1.1368683772161605e-13,1.1368683772161605e-13,reconciled,,official_source_formula_assertion
BEFU26,2039,FY2039,LT_FORECAST,gross_ruc_revenue,Gross RUC revenue,aggregate,light_ruc_net_revenue + heavy_ruc_net_revenue + light_bev_ruc_net_revenue + heavy_bev_ruc_net_revenue + phev_ruc_net_revenue + ruc_refunds,28; 29; 30; 31; 32; 33,AN28; AN29; AN30; AN31; AN32; AN33,6001.42468266557,6001.424682665559,1.091393642127514e-11,1.091393642127514e-11,reconciled,,official_source_formula_assertion
BEFU26,2039,FY2039,LT_FORECAST,mvr_revenue_net_admin_coo,MVR revenues net of admin fees and COO,aggregate,mr1_revenue + mr2_revenue - mvr_admin_revenue,48; 49; 52,AN48; AN49; AN52,451.573874528224,451.5738745282234,5.684341886080801e-13,5.684341886080801e-13,reconciled,,official_source_formula_assertion
BEFU26,2039,FY2039,LT_FORECAST,net_fed_revenue,Net FED revenue,aggregate,gross_fed_revenue - fed_refunds,43; 44,AN43; AN44,2620.98900876631,2620.989008766308,1.8189894035458565e-12,1.8189894035458565e-12,reconciled,,official_source_formula_assertion
BEFU26,2039,FY2039,LT_FORECAST,net_mvr_revenue,Net MVR revenue,aggregate,mvr_revenue_net_admin_coo - mvr_refunds,53; 54,AN53; AN54,449.51528277588,449.51528277588056,-5.684341886080801e-13,5.684341886080801e-13,reconciled,,official_source_formula_assertion
BEFU26,2039,FY2039,LT_FORECAST,ruc_revenue_net_admin,RUC revenues net of admin fees,aggregate,gross_ruc_revenue - ruc_admin_revenue,34; 35,AN34; AN35,5943.68755091503,5943.687550915036,-5.4569682106375694e-12,5.4569682106375694e-12,reconciled,,official_source_formula_assertion
BEFU26,2039,FY2039,LT_FORECAST,total_admin_fees,Total admin fees,aggregate,ruc_admin_revenue + mvr_admin_revenue + coo_revenue,35; 52; 50,AN35; AN52; AN50,126.565333101647,126.565333101647,0.0,0.0,reconciled,,official_source_formula_assertion
BEFU26,2039,FY2039,LT_FORECAST,total_fed_ruc_net_revenue,Total RUC+PED revenue,aggregate,net_fed_revenue + total_ruc_net_revenue,45; 37,AN45; AN37,8375.77988897539,8375.77988897539,0.0,0.0,reconciled,,derived_dashboard_subtotal
BEFU26,2039,FY2039,LT_FORECAST,total_gross_revenue,Total gross revenues,aggregate,gross_ruc_revenue + gross_fed_revenue + gross_mvr_revenue + tuc_net_revenue,34; 43; 51; 58,AN34; AN43; AN51; AN58,9265.21454103036,9265.214541030373,-1.091393642127514e-11,1.091393642127514e-11,reconciled,,official_source_formula_assertion
BEFU26,2039,FY2039,LT_FORECAST,total_nltf_net_revenue,Total NLTF revenue,aggregate,total_revenue_net_admin - total_refunds,63; 64,AN63; AN64,8842.85307144409,8842.853071444095,-5.4569682106375694e-12,5.4569682106375694e-12,reconciled,,official_source_formula_assertion
BEFU26,2039,FY2039,LT_FORECAST,total_refunds,Total refunds,aggregate,ruc_refunds + fed_refunds + mvr_refunds,33; 44; 54,AN33; AN44; AN54,295.796136484625,295.79613648462544,-4.547473508864641e-13,4.547473508864641e-13,reconciled,,official_source_formula_assertion
BEFU26,2039,FY2039,LT_FORECAST,total_revenue_net_admin,Total revenues net of admin fees,aggregate,total_gross_revenue - total_admin_fees,61; 62,AN61; AN62,9138.64920792872,9138.649207928713,7.275957614183426e-12,7.275957614183426e-12,reconciled,,official_source_formula_assertion
BEFU26,2039,FY2039,LT_FORECAST,total_ruc_net_revenue,Total RUC all classes,aggregate,ruc_revenue_net_admin - ruc_refunds,36; 33,AN36; AN33,5754.79088020908,5754.790880209081,-9.094947017729282e-13,9.094947017729282e-13,reconciled,,official_source_formula_assertion
BEFU26,2040,FY2040,LT_FORECAST,gross_fed_revenue,Gross FED revenue,aggregate,gross_ped_revenue + gross_lpg_revenue + gross_cng_revenue,40; 41; 42,AO40; AO41; AO42,2617.55457443925,2617.554574439257,-7.275957614183426e-12,7.275957614183426e-12,reconciled,,official_source_formula_assertion
BEFU26,2040,FY2040,LT_FORECAST,gross_mvr_revenue,Gross MVR revenue,aggregate,mr1_revenue + mr2_revenue + coo_revenue,48; 49; 50,AO48; AO49; AO50,517.956301022337,517.9563010223371,-1.1368683772161605e-13,1.1368683772161605e-13,reconciled,,official_source_formula_assertion
BEFU26,2040,FY2040,LT_FORECAST,gross_ruc_revenue,Gross RUC revenue,aggregate,light_ruc_net_revenue + heavy_ruc_net_revenue + light_bev_ruc_net_revenue + heavy_bev_ruc_net_revenue + phev_ruc_net_revenue + ruc_refunds,28; 29; 30; 31; 32; 33,AO28; AO29; AO30; AO31; AO32; AO33,6434.96355570389,6434.963555703895,-4.547473508864641e-12,4.547473508864641e-12,reconciled,,official_source_formula_assertion
BEFU26,2040,FY2040,LT_FORECAST,mvr_revenue_net_admin_coo,MVR revenues net of admin fees and COO,aggregate,mr1_revenue + mr2_revenue - mvr_admin_revenue,48; 49; 52,AO48; AO49; AO52,449.309705341296,449.3097053412957,2.842170943040401e-13,2.842170943040401e-13,reconciled,,official_source_formula_assertion
BEFU26,2040,FY2040,LT_FORECAST,net_fed_revenue,Net FED revenue,aggregate,gross_fed_revenue - fed_refunds,43; 44,AO43; AO44,2516.61031308823,2516.6103130882207,9.549694368615746e-12,9.549694368615746e-12,reconciled,,official_source_formula_assertion
BEFU26,2040,FY2040,LT_FORECAST,net_mvr_revenue,Net MVR revenue,aggregate,mvr_revenue_net_admin_coo - mvr_refunds,53; 54,AO53; AO54,447.234639840163,447.23463984016325,-2.273736754432321e-13,2.273736754432321e-13,reconciled,,official_source_formula_assertion
BEFU26,2040,FY2040,LT_FORECAST,ruc_revenue_net_admin,RUC revenues net of admin fees,aggregate,gross_ruc_revenue - ruc_admin_revenue,34; 35,AO34; AO35,6374.06818452332,6374.068184523318,1.8189894035458565e-12,1.8189894035458565e-12,reconciled,,official_source_formula_assertion
BEFU26,2040,FY2040,LT_FORECAST,total_admin_fees,Total admin fees,aggregate,ruc_admin_revenue + mvr_admin_revenue + coo_revenue,35; 52; 50,AO35; AO52; AO50,129.541966861613,129.5419668616133,-3.1263880373444413e-13,3.1263880373444413e-13,reconciled,,official_source_formula_assertion
BEFU26,2040,FY2040,LT_FORECAST,total_fed_ruc_net_revenue,Total RUC+PED revenue,aggregate,net_fed_revenue + total_ruc_net_revenue,45; 37,AO45; AO37,8688.6597930713,8688.6597930713,0.0,0.0,reconciled,,derived_dashboard_subtotal
BEFU26,2040,FY2040,LT_FORECAST,total_gross_revenue,Total gross revenues,aggregate,gross_ruc_revenue + gross_fed_revenue + gross_mvr_revenue + tuc_net_revenue,34; 43; 51; 58,AO34; AO43; AO51; AO58,9588.03233085831,9588.0323308583,9.094947017729282e-12,9.094947017729282e-12,reconciled,,official_source_formula_assertion
BEFU26,2040,FY2040,LT_FORECAST,total_nltf_net_revenue,Total NLTF revenue,aggregate,total_revenue_net_admin - total_refunds,63; 64,AO63; AO64,9153.45233260428,9153.452332604287,-9.094947017729282e-12,9.094947017729282e-12,reconciled,,official_source_formula_assertion
BEFU26,2040,FY2040,LT_FORECAST,total_refunds,Total refunds,aggregate,ruc_refunds + fed_refunds + mvr_refunds,33; 44; 54,AO33; AO44; AO54,305.038031392411,305.03803139241074,2.842170943040401e-13,2.842170943040401e-13,reconciled,,official_source_formula_assertion
BEFU26,2040,FY2040,LT_FORECAST,total_revenue_net_admin,Total revenues net of admin fees,aggregate,total_gross_revenue - total_admin_fees,61; 62,AO61; AO62,9458.4903639967,9458.490363996698,1.8189894035458565e-12,1.8189894035458565e-12,reconciled,,official_source_formula_assertion
BEFU26,2040,FY2040,LT_FORECAST,total_ruc_net_revenue,Total RUC all classes,aggregate,ruc_revenue_net_admin - ruc_refunds,36; 33,AO36; AO33,6172.04947998307,6172.049479983071,-9.094947017729282e-13,9.094947017729282e-13,reconciled,,official_source_formula_assertion
BEFU26,2041,FY2041,LT_FORECAST,gross_fed_revenue,Gross FED revenue,aggregate,gross_ped_revenue + gross_lpg_revenue + gross_cng_revenue,40; 41; 42,AP40; AP41; AP42,2491.61811317507,2491.618113175069,9.094947017729282e-13,9.094947017729282e-13,reconciled,,official_source_formula_assertion
BEFU26,2041,FY2041,LT_FORECAST,gross_mvr_revenue,Gross MVR revenue,aggregate,mr1_revenue + mr2_revenue + coo_revenue,48; 49; 50,AP48; AP49; AP50,515.670616595256,515.6706165952565,-5.684341886080801e-13,5.684341886080801e-13,reconciled,,official_source_formula_assertion
BEFU26,2041,FY2041,LT_FORECAST,gross_ruc_revenue,Gross RUC revenue,aggregate,light_ruc_net_revenue + heavy_ruc_net_revenue + light_bev_ruc_net_revenue + heavy_bev_ruc_net_revenue + phev_ruc_net_revenue + ruc_refunds,28; 29; 30; 31; 32; 33,AP28; AP29; AP30; AP31; AP32; AP33,6902.6221506101,6902.622150610104,-3.637978807091713e-12,3.637978807091713e-12,reconciled,,official_source_formula_assertion
BEFU26,2041,FY2041,LT_FORECAST,mvr_revenue_net_admin_coo,MVR revenues net of admin fees and COO,aggregate,mr1_revenue + mr2_revenue - mvr_admin_revenue,48; 49; 52,AP48; AP49; AP52,447.193880040527,447.1938800405277,-6.821210263296962e-13,6.821210263296962e-13,reconciled,,official_source_formula_assertion
BEFU26,2041,FY2041,LT_FORECAST,net_fed_revenue,Net FED revenue,aggregate,gross_fed_revenue - fed_refunds,43; 44,AP43; AP44,2395.28588402766,2395.285884027659,9.094947017729282e-13,9.094947017729282e-13,reconciled,,official_source_formula_assertion
BEFU26,2041,FY2041,LT_FORECAST,net_mvr_revenue,Net MVR revenue,aggregate,mvr_revenue_net_admin_coo - mvr_refunds,53; 54,AP53; AP54,445.101631092539,445.10163109253904,-5.684341886080803e-14,5.684341886080803e-14,reconciled,,official_source_formula_assertion
BEFU26,2041,FY2041,LT_FORECAST,ruc_revenue_net_admin,RUC revenues net of admin fees,aggregate,gross_ruc_revenue - ruc_admin_revenue,34; 35,AP34; AP35,6838.41474327466,6838.414743274653,7.275957614183426e-12,7.275957614183426e-12,reconciled,,official_source_formula_assertion
BEFU26,2041,FY2041,LT_FORECAST,total_admin_fees,Total admin fees,aggregate,ruc_admin_revenue + mvr_admin_revenue + coo_revenue,35; 52; 50,AP35; AP52; AP50,132.684143890176,132.68414389017602,-2.8421709430404014e-14,2.8421709430404014e-14,reconciled,,official_source_formula_assertion
BEFU26,2041,FY2041,LT_FORECAST,total_fed_ruc_net_revenue,Total RUC+PED revenue,aggregate,net_fed_revenue + total_ruc_net_revenue,45; 37,AP45; AP37,9017.54684487204,9017.54684487204,0.0,0.0,reconciled,,derived_dashboard_subtotal
BEFU26,2041,FY2041,LT_FORECAST,total_gross_revenue,Total gross revenues,aggregate,gross_ruc_revenue + gross_fed_revenue + gross_mvr_revenue + tuc_net_revenue,34; 43; 51; 58,AP34; AP43; AP51; AP58,9927.46878007326,9927.468780073252,9.094947017729282e-12,9.094947017729282e-12,reconciled,,official_source_formula_assertion
BEFU26,2041,FY2041,LT_FORECAST,total_nltf_net_revenue,Total NLTF revenue,aggregate,total_revenue_net_admin - total_refunds,63; 64,AP63; AP64,9480.2063756574,9480.20637565741,-9.094947017729282e-12,9.094947017729282e-12,reconciled,,official_source_formula_assertion
BEFU26,2041,FY2041,LT_FORECAST,total_refunds,Total refunds,aggregate,ruc_refunds + fed_refunds + mvr_refunds,33; 44; 54,AP33; AP44; AP54,314.57826052568,314.5782605256802,-2.273736754432321e-13,2.273736754432321e-13,reconciled,,official_source_formula_assertion
BEFU26,2041,FY2041,LT_FORECAST,total_revenue_net_admin,Total revenues net of admin fees,aggregate,total_gross_revenue - total_admin_fees,61; 62,AP61; AP62,9794.78463618309,9794.784636183083,5.4569682106375694e-12,5.4569682106375694e-12,reconciled,,official_source_formula_assertion
BEFU26,2041,FY2041,LT_FORECAST,total_ruc_net_revenue,Total RUC all classes,aggregate,ruc_revenue_net_admin - ruc_refunds,36; 33,AP36; AP33,6622.26096084438,6622.260960844379,9.094947017729282e-13,9.094947017729282e-13,reconciled,,official_source_formula_assertion
BEFU26,2042,FY2042,LT_FORECAST,gross_fed_revenue,Gross FED revenue,aggregate,gross_ped_revenue + gross_lpg_revenue + gross_cng_revenue,40; 41; 42,AQ40; AQ41; AQ42,2336.16091487132,2336.160914871321,-9.094947017729282e-13,9.094947017729282e-13,reconciled,,official_source_formula_assertion
BEFU26,2042,FY2042,LT_FORECAST,gross_mvr_revenue,Gross MVR revenue,aggregate,mr1_revenue + mr2_revenue + coo_revenue,48; 49; 50,AQ48; AQ49; AQ50,513.530312263764,513.5303122637637,3.410605131648481e-13,3.410605131648481e-13,reconciled,,official_source_formula_assertion
BEFU26,2042,FY2042,LT_FORECAST,gross_ruc_revenue,Gross RUC revenue,aggregate,light_ruc_net_revenue + heavy_ruc_net_revenue + light_bev_ruc_net_revenue + heavy_bev_ruc_net_revenue + phev_ruc_net_revenue + ruc_refunds,28; 29; 30; 31; 32; 33,AQ28; AQ29; AQ30; AQ31; AQ32; AQ33,7405.97259453726,7405.972594537255,5.4569682106375694e-12,5.4569682106375694e-12,reconciled,,official_source_formula_assertion
BEFU26,2042,FY2042,LT_FORECAST,mvr_revenue_net_admin_coo,MVR revenues net of admin fees and COO,aggregate,mr1_revenue + mr2_revenue - mvr_admin_revenue,48; 49; 52,AQ48; AQ49; AQ52,445.212660614428,445.212660614428,0.0,0.0,reconciled,,official_source_formula_assertion
BEFU26,2042,FY2042,LT_FORECAST,net_fed_revenue,Net FED revenue,aggregate,gross_fed_revenue - fed_refunds,43; 44,AQ43; AQ44,2245.61864603293,2245.618646032928,1.8189894035458565e-12,1.8189894035458565e-12,reconciled,,official_source_formula_assertion
BEFU26,2042,FY2042,LT_FORECAST,net_mvr_revenue,Net MVR revenue,aggregate,mvr_revenue_net_admin_coo - mvr_refunds,53; 54,AQ53; AQ54,443.102555024228,443.1025550242281,-5.684341886080803e-14,5.684341886080803e-14,reconciled,,official_source_formula_assertion
BEFU26,2042,FY2042,LT_FORECAST,ruc_revenue_net_admin,RUC revenues net of admin fees,aggregate,gross_ruc_revenue - ruc_admin_revenue,34; 35,AQ34; AQ35,7338.32076505763,7338.32076505763,0.0,0.0,reconciled,,official_source_formula_assertion
BEFU26,2042,FY2042,LT_FORECAST,total_admin_fees,Total admin fees,aggregate,ruc_admin_revenue + mvr_admin_revenue + coo_revenue,35; 52; 50,AQ35; AQ52; AQ50,135.969481128966,135.96948112896598,2.8421709430404014e-14,2.8421709430404014e-14,reconciled,,official_source_formula_assertion
BEFU26,2042,FY2042,LT_FORECAST,total_fed_ruc_net_revenue,Total RUC+PED revenue,aggregate,net_fed_revenue + total_ruc_net_revenue,45; 37,AQ45; AQ37,9352.59422998387,9352.59422998387,0.0,0.0,reconciled,,derived_dashboard_subtotal
BEFU26,2042,FY2042,LT_FORECAST,total_gross_revenue,Total gross revenues,aggregate,gross_ruc_revenue + gross_fed_revenue + gross_mvr_revenue + tuc_net_revenue,34; 43; 51; 58,AQ34; AQ43; AQ51; AQ58,10273.2217213652,10273.22172136517,3.092281986027956e-11,3.092281986027956e-11,reconciled,,official_source_formula_assertion
BEFU26,2042,FY2042,LT_FORECAST,total_nltf_net_revenue,Total NLTF revenue,aggregate,total_revenue_net_admin - total_refunds,63; 64,AQ63; AQ64,9813.25468470092,9813.254684700922,-1.8189894035458565e-12,1.8189894035458565e-12,reconciled,,official_source_formula_assertion
BEFU26,2042,FY2042,LT_FORECAST,total_refunds,Total refunds,aggregate,ruc_refunds + fed_refunds + mvr_refunds,33; 44; 54,AQ33; AQ44; AQ54,323.997555535278,323.9975555352787,-6.821210263296962e-13,6.821210263296962e-13,reconciled,,official_source_formula_assertion
BEFU26,2042,FY2042,LT_FORECAST,total_revenue_net_admin,Total revenues net of admin fees,aggregate,total_gross_revenue - total_admin_fees,61; 62,AQ61; AQ62,10137.2522402362,10137.252240236234,-3.4560798667371267e-11,3.4560798667371267e-11,reconciled,,official_source_formula_assertion
BEFU26,2042,FY2042,LT_FORECAST,total_ruc_net_revenue,Total RUC all classes,aggregate,ruc_revenue_net_admin - ruc_refunds,36; 33,AQ36; AQ33,7106.97558395094,7106.975583950943,-2.7284841053187847e-12,2.7284841053187847e-12,reconciled,,official_source_formula_assertion
BEFU26,2043,FY2043,LT_FORECAST,gross_fed_revenue,Gross FED revenue,aggregate,gross_ped_revenue + gross_lpg_revenue + gross_cng_revenue,40; 41; 42,AR40; AR41; AR42,2170.87974243613,2170.879742436124,5.9117155615240335e-12,5.9117155615240335e-12,reconciled,,official_source_formula_assertion
BEFU26,2043,FY2043,LT_FORECAST,gross_mvr_revenue,Gross MVR revenue,aggregate,mr1_revenue + mr2_revenue + coo_revenue,48; 49; 50,AR48; AR49; AR50,511.522153939122,511.5221539391218,1.7053025658242404e-13,1.7053025658242404e-13,reconciled,,official_source_formula_assertion
BEFU26,2043,FY2043,LT_FORECAST,gross_ruc_revenue,Gross RUC revenue,aggregate,light_ruc_net_revenue + heavy_ruc_net_revenue + light_bev_ruc_net_revenue + heavy_bev_ruc_net_revenue + phev_ruc_net_revenue + ruc_refunds,28; 29; 30; 31; 32; 33,AR28; AR29; AR30; AR31; AR32; AR33,7925.30516182083,7925.305161820838,-8.185452315956354e-12,8.185452315956354e-12,reconciled,,official_source_formula_assertion
BEFU26,2043,FY2043,LT_FORECAST,mvr_revenue_net_admin_coo,MVR revenues net of admin fees and COO,aggregate,mr1_revenue + mr2_revenue - mvr_admin_revenue,48; 49; 52,AR48; AR49; AR52,443.353713936008,443.3537139360074,5.684341886080801e-13,5.684341886080801e-13,reconciled,,official_source_formula_assertion
BEFU26,2043,FY2043,LT_FORECAST,net_fed_revenue,Net FED revenue,aggregate,gross_fed_revenue - fed_refunds,43; 44,AR43; AR44,2086.54613663715,2086.5461366371514,-1.3642420526593924e-12,1.3642420526593924e-12,reconciled,,official_source_formula_assertion
BEFU26,2043,FY2043,LT_FORECAST,net_mvr_revenue,Net MVR revenue,aggregate,mvr_revenue_net_admin_coo - mvr_refunds,53; 54,AR53; AR54,441.22511139199,441.2251113919904,-3.410605131648481e-13,3.410605131648481e-13,reconciled,,official_source_formula_assertion
BEFU26,2043,FY2043,LT_FORECAST,ruc_revenue_net_admin,RUC revenues net of admin fees,aggregate,gross_ruc_revenue - ruc_admin_revenue,34; 35,AR34; AR35,7854.25100025471,7854.251000254707,2.7284841053187847e-12,2.7284841053187847e-12,reconciled,,official_source_formula_assertion
BEFU26,2043,FY2043,LT_FORECAST,total_admin_fees,Total admin fees,aggregate,ruc_admin_revenue + mvr_admin_revenue + coo_revenue,35; 52; 50,AR35; AR52; AR50,139.222601569238,139.2226015692376,3.979039320256561e-13,3.979039320256561e-13,reconciled,,official_source_formula_assertion
BEFU26,2043,FY2043,LT_FORECAST,total_fed_ruc_net_revenue,Total RUC+PED revenue,aggregate,net_fed_revenue + total_ruc_net_revenue,45; 37,AR45; AR37,9693.82435136304,9693.82435136304,0.0,0.0,reconciled,,derived_dashboard_subtotal
BEFU26,2043,FY2043,LT_FORECAST,total_gross_revenue,Total gross revenues,aggregate,gross_ruc_revenue + gross_fed_revenue + gross_mvr_revenue + tuc_net_revenue,34; 43; 51; 58,AR34; AR43; AR51; AR58,10625.2649578889,10625.264957888909,-7.275957614183426e-12,7.275957614183426e-12,reconciled,,official_source_formula_assertion
BEFU26,2043,FY2043,LT_FORECAST,total_nltf_net_revenue,Total NLTF revenue,aggregate,total_revenue_net_admin - total_refunds,63; 64,AR63; AR64,10152.6073624479,10152.607362447889,1.091393642127514e-11,1.091393642127514e-11,reconciled,,official_source_formula_assertion
BEFU26,2043,FY2043,LT_FORECAST,total_refunds,Total refunds,aggregate,ruc_refunds + fed_refunds + mvr_refunds,33; 44; 54,AR33; AR44; AR54,333.434993871812,333.4349938718122,-1.7053025658242404e-13,1.7053025658242404e-13,reconciled,,official_source_formula_assertion
BEFU26,2043,FY2043,LT_FORECAST,total_revenue_net_admin,Total revenues net of admin fees,aggregate,total_gross_revenue - total_admin_fees,61; 62,AR61; AR62,10486.0423563197,10486.042356319662,3.8198777474462986e-11,3.8198777474462986e-11,reconciled,,official_source_formula_assertion
BEFU26,2043,FY2043,LT_FORECAST,total_ruc_net_revenue,Total RUC all classes,aggregate,ruc_revenue_net_admin - ruc_refunds,36; 33,AR36; AR33,7607.27821472589,7607.278214725894,-3.637978807091713e-12,3.637978807091713e-12,reconciled,,official_source_formula_assertion
BEFU26,2044,FY2044,LT_FORECAST,gross_fed_revenue,Gross FED revenue,aggregate,gross_ped_revenue + gross_lpg_revenue + gross_cng_revenue,40; 41; 42,AS40; AS41; AS42,2008.03087462747,2008.030874627476,-5.9117155615240335e-12,5.9117155615240335e-12,reconciled,,official_source_formula_assertion
BEFU26,2044,FY2044,LT_FORECAST,gross_mvr_revenue,Gross MVR revenue,aggregate,mr1_revenue + mr2_revenue + coo_revenue,48; 49; 50,AS48; AS49; AS50,509.634234317891,509.6342343178911,-5.684341886080803e-14,5.684341886080803e-14,reconciled,,official_source_formula_assertion
BEFU26,2044,FY2044,LT_FORECAST,gross_ruc_revenue,Gross RUC revenue,aggregate,light_ruc_net_revenue + heavy_ruc_net_revenue + light_bev_ruc_net_revenue + heavy_bev_ruc_net_revenue + phev_ruc_net_revenue + ruc_refunds,28; 29; 30; 31; 32; 33,AS28; AS29; AS30; AS31; AS32; AS33,8436.69096952636,8436.690969526364,-3.637978807091713e-12,3.637978807091713e-12,reconciled,,official_source_formula_assertion
BEFU26,2044,FY2044,LT_FORECAST,mvr_revenue_net_admin_coo,MVR revenues net of admin fees and COO,aggregate,mr1_revenue + mr2_revenue - mvr_admin_revenue,48; 49; 52,AS48; AS49; AS52,441.605962986563,441.6059629865629,1.1368683772161605e-13,1.1368683772161605e-13,reconciled,,official_source_formula_assertion
BEFU26,2044,FY2044,LT_FORECAST,net_fed_revenue,Net FED revenue,aggregate,gross_fed_revenue - fed_refunds,43; 44,AS43; AS44,1929.84783988212,1929.8478398821123,7.73070496506989e-12,7.73070496506989e-12,reconciled,,official_source_formula_assertion
BEFU26,2044,FY2044,LT_FORECAST,net_mvr_revenue,Net MVR revenue,aggregate,mvr_revenue_net_admin_coo - mvr_refunds,53; 54,AS53; AS54,439.458252760898,439.4582527608979,1.1368683772161605e-13,1.1368683772161605e-13,reconciled,,official_source_formula_assertion
BEFU26,2044,FY2044,LT_FORECAST,ruc_revenue_net_admin,RUC revenues net of admin fees,aggregate,gross_ruc_revenue - ruc_admin_revenue,34; 35,AS34; AS35,8362.56130328215,8362.561303282151,-1.8189894035458565e-12,1.8189894035458565e-12,reconciled,,official_source_formula_assertion
BEFU26,2044,FY2044,LT_FORECAST,total_admin_fees,Total admin fees,aggregate,ruc_admin_revenue + mvr_admin_revenue + coo_revenue,35; 52; 50,AS35; AS52; AS50,142.157937575538,142.15793757553791,8.526512829121202e-14,8.526512829121202e-14,reconciled,,official_source_formula_assertion
BEFU26,2044,FY2044,LT_FORECAST,total_fed_ruc_net_revenue,Total RUC+PED revenue,aggregate,net_fed_revenue + total_ruc_net_revenue,45; 37,AS45; AS37,10030.1177889177,10030.1177889177,0.0,0.0,reconciled,,derived_dashboard_subtotal
BEFU26,2044,FY2044,LT_FORECAST,total_gross_revenue,Total gross revenues,aggregate,gross_ruc_revenue + gross_fed_revenue + gross_mvr_revenue + tuc_net_revenue,34; 43; 51; 58,AS34; AS43; AS51; AS58,10971.9139781645,10971.913978164546,-4.5474735088646405e-11,4.5474735088646405e-11,reconciled,,official_source_formula_assertion
BEFU26,2044,FY2044,LT_FORECAST,total_nltf_net_revenue,Total NLTF revenue,aggregate,total_revenue_net_admin - total_refunds,63; 64,AS63; AS64,10487.1339413714,10487.133941371403,-3.637978807091713e-12,3.637978807091713e-12,reconciled,,official_source_formula_assertion
BEFU26,2044,FY2044,LT_FORECAST,total_refunds,Total refunds,aggregate,ruc_refunds + fed_refunds + mvr_refunds,33; 44; 54,AS33; AS44; AS54,342.622099217597,342.6220992175968,2.273736754432321e-13,2.273736754432321e-13,reconciled,,official_source_formula_assertion
BEFU26,2044,FY2044,LT_FORECAST,total_revenue_net_admin,Total revenues net of admin fees,aggregate,total_gross_revenue - total_admin_fees,61; 62,AS61; AS62,10829.756040589,10829.756040588964,3.637978807091713e-11,3.637978807091713e-11,reconciled,,official_source_formula_assertion
BEFU26,2044,FY2044,LT_FORECAST,total_ruc_net_revenue,Total RUC all classes,aggregate,ruc_revenue_net_admin - ruc_refunds,36; 33,AS36; AS33,8100.26994903558,8100.269949035575,4.547473508864641e-12,4.547473508864641e-12,reconciled,,official_source_formula_assertion
BEFU26,2045,FY2045,LT_FORECAST,gross_fed_revenue,Gross FED revenue,aggregate,gross_ped_revenue + gross_lpg_revenue + gross_cng_revenue,40; 41; 42,AT40; AT41; AT42,1851.92623705248,1851.926237052478,2.0463630789890885e-12,2.0463630789890885e-12,reconciled,,official_source_formula_assertion
BEFU26,2045,FY2045,LT_FORECAST,gross_mvr_revenue,Gross MVR revenue,aggregate,mr1_revenue + mr2_revenue + coo_revenue,48; 49; 50,AT48; AT49; AT50,507.855837392837,507.8558373928368,1.7053025658242404e-13,1.7053025658242404e-13,reconciled,,official_source_formula_assertion
BEFU26,2045,FY2045,LT_FORECAST,gross_ruc_revenue,Gross RUC revenue,aggregate,light_ruc_net_revenue + heavy_ruc_net_revenue + light_bev_ruc_net_revenue + heavy_bev_ruc_net_revenue + phev_ruc_net_revenue + ruc_refunds,28; 29; 30; 31; 32; 33,AT28; AT29; AT30; AT31; AT32; AT33,8950.07871991821,8950.078719918218,-7.275957614183426e-12,7.275957614183426e-12,reconciled,,official_source_formula_assertion
BEFU26,2045,FY2045,LT_FORECAST,mvr_revenue_net_admin_coo,MVR revenues net of admin fees and COO,aggregate,mr1_revenue + mr2_revenue - mvr_admin_revenue,48; 49; 52,AT48; AT49; AT52,439.95945379244,439.9594537924401,-1.1368683772161605e-13,1.1368683772161605e-13,reconciled,,official_source_formula_assertion
BEFU26,2045,FY2045,LT_FORECAST,net_fed_revenue,Net FED revenue,aggregate,gross_fed_revenue - fed_refunds,43; 44,AT43; AT44,1779.6647618237,1779.6647618236973,2.7284841053187847e-12,2.7284841053187847e-12,reconciled,,official_source_formula_assertion
BEFU26,2045,FY2045,LT_FORECAST,net_mvr_revenue,Net MVR revenue,aggregate,mvr_revenue_net_admin_coo - mvr_refunds,53; 54,AT53; AT54,437.792051736599,437.7920517365986,3.979039320256561e-13,3.979039320256561e-13,reconciled,,official_source_formula_assertion
BEFU26,2045,FY2045,LT_FORECAST,ruc_revenue_net_admin,RUC revenues net of admin fees,aggregate,gross_ruc_revenue - ruc_admin_revenue,34; 35,AT34; AT35,8873.06658680655,8873.066586806546,3.637978807091713e-12,3.637978807091713e-12,reconciled,,official_source_formula_assertion
BEFU26,2045,FY2045,LT_FORECAST,total_admin_fees,Total admin fees,aggregate,ruc_admin_revenue + mvr_admin_revenue + coo_revenue,35; 52; 50,AT35; AT52; AT50,144.908516712062,144.9085167120616,3.979039320256561e-13,3.979039320256561e-13,reconciled,,official_source_formula_assertion
BEFU26,2045,FY2045,LT_FORECAST,total_fed_ruc_net_revenue,Total RUC+PED revenue,aggregate,net_fed_revenue + total_ruc_net_revenue,45; 37,AT45; AT37,10375.11801630195,10375.11801630195,0.0,0.0,reconciled,,derived_dashboard_subtotal
BEFU26,2045,FY2045,LT_FORECAST,total_gross_revenue,Total gross revenues,aggregate,gross_ruc_revenue + gross_fed_revenue + gross_mvr_revenue + tuc_net_revenue,34; 43; 51; 58,AT34; AT43; AT51; AT58,11327.4186940564,11327.418694056352,4.729372449219227e-11,4.729372449219227e-11,reconciled,,official_source_formula_assertion
BEFU26,2045,FY2045,LT_FORECAST,total_nltf_net_revenue,Total NLTF revenue,aggregate,total_revenue_net_admin - total_refunds,63; 64,AT63; AT64,10830.4679677314,10830.467967731376,2.364686224609613e-11,2.364686224609613e-11,reconciled,,official_source_formula_assertion
BEFU26,2045,FY2045,LT_FORECAST,total_refunds,Total refunds,aggregate,ruc_refunds + fed_refunds + mvr_refunds,33; 44; 54,AT33; AT44; AT54,352.042209612925,352.0422096129251,-1.1368683772161605e-13,1.1368683772161605e-13,reconciled,,official_source_formula_assertion
BEFU26,2045,FY2045,LT_FORECAST,total_revenue_net_admin,Total revenues net of admin fees,aggregate,total_gross_revenue - total_admin_fees,61; 62,AT61; AT62,11182.5101773443,11182.510177344338,-3.8198777474462986e-11,3.8198777474462986e-11,reconciled,,official_source_formula_assertion
BEFU26,2045,FY2045,LT_FORECAST,total_ruc_net_revenue,Total RUC all classes,aggregate,ruc_revenue_net_admin - ruc_refunds,36; 33,AT36; AT33,8595.45325447825,8595.453254478249,1.8189894035458565e-12,1.8189894035458565e-12,reconciled,,official_source_formula_assertion
BEFU26,2046,FY2046,LT_FORECAST,gross_fed_revenue,Gross FED revenue,aggregate,gross_ped_revenue + gross_lpg_revenue + gross_cng_revenue,40; 41; 42,AU40; AU41; AU42,1705.28477182737,1705.2847718273615,8.412825991399586e-12,8.412825991399586e-12,reconciled,,official_source_formula_assertion
BEFU26,2046,FY2046,LT_FORECAST,gross_mvr_revenue,Gross MVR revenue,aggregate,mr1_revenue + mr2_revenue + coo_revenue,48; 49; 50,AU48; AU49; AU50,506.177316123257,506.1773161232576,-6.252776074688883e-13,6.252776074688883e-13,reconciled,,official_source_formula_assertion
BEFU26,2046,FY2046,LT_FORECAST,gross_ruc_revenue,Gross RUC revenue,aggregate,light_ruc_net_revenue + heavy_ruc_net_revenue + light_bev_ruc_net_revenue + heavy_bev_ruc_net_revenue + phev_ruc_net_revenue + ruc_refunds,28; 29; 30; 31; 32; 33,AU28; AU29; AU30; AU31; AU32; AU33,9490.46714326828,9490.46714326829,-9.094947017729282e-12,9.094947017729282e-12,reconciled,,official_source_formula_assertion
BEFU26,2046,FY2046,LT_FORECAST,mvr_revenue_net_admin_coo,MVR revenues net of admin fees and COO,aggregate,mr1_revenue + mr2_revenue - mvr_admin_revenue,48; 49; 52,AU48; AU49; AU52,438.405236552645,438.40523655264514,-1.1368683772161605e-13,1.1368683772161605e-13,reconciled,,official_source_formula_assertion
BEFU26,2046,FY2046,LT_FORECAST,net_fed_revenue,Net FED revenue,aggregate,gross_fed_revenue - fed_refunds,43; 44,AU43; AU44,1638.60603782997,1638.6060378299726,-2.501110429875553e-12,2.501110429875553e-12,reconciled,,official_source_formula_assertion
BEFU26,2046,FY2046,LT_FORECAST,net_mvr_revenue,Net MVR revenue,aggregate,mvr_revenue_net_admin_coo - mvr_refunds,53; 54,AU53; AU54,436.217582364795,436.217582364795,0.0,0.0,reconciled,,official_source_formula_assertion
BEFU26,2046,FY2046,LT_FORECAST,ruc_revenue_net_admin,RUC revenues net of admin fees,aggregate,gross_ruc_revenue - ruc_admin_revenue,34; 35,AU34; AU35,9410.46485888483,9410.464858884829,3.637978807091713e-12,3.637978807091713e-12,reconciled,,official_source_formula_assertion
BEFU26,2046,FY2046,LT_FORECAST,total_admin_fees,Total admin fees,aggregate,ruc_admin_revenue + mvr_admin_revenue + coo_revenue,35; 52; 50,AU35; AU52; AU50,147.774363954067,147.77436395406733,-3.1263880373444413e-13,3.1263880373444413e-13,reconciled,,official_source_formula_assertion
BEFU26,2046,FY2046,LT_FORECAST,total_fed_ruc_net_revenue,Total RUC+PED revenue,aggregate,net_fed_revenue + total_ruc_net_revenue,45; 37,AU45; AU37,10755.35694131639,10755.35694131639,0.0,0.0,reconciled,,derived_dashboard_subtotal
BEFU26,2046,FY2046,LT_FORECAST,total_gross_revenue,Total gross revenues,aggregate,gross_ruc_revenue + gross_fed_revenue + gross_mvr_revenue + tuc_net_revenue,34; 43; 51; 58,AU34; AU43; AU51; AU58,11719.4871309117,11719.487130911732,-3.2741809263825417e-11,3.2741809263825417e-11,reconciled,,official_source_formula_assertion
BEFU26,2046,FY2046,LT_FORECAST,total_nltf_net_revenue,Total NLTF revenue,aggregate,total_revenue_net_admin - total_refunds,63; 64,AU63; AU64,11209.132423374,11209.132423374042,-4.18367562815547e-11,4.18367562815547e-11,reconciled,,official_source_formula_assertion
BEFU26,2046,FY2046,LT_FORECAST,total_refunds,Total refunds,aggregate,ruc_refunds + fed_refunds + mvr_refunds,33; 44; 54,AU33; AU44; AU54,362.580343583659,362.5803435836583,7.389644451905042e-13,7.389644451905042e-13,reconciled,,official_source_formula_assertion
BEFU26,2046,FY2046,LT_FORECAST,total_revenue_net_admin,Total revenues net of admin fees,aggregate,total_gross_revenue - total_admin_fees,61; 62,AU61; AU62,11571.7127669577,11571.712766957631,6.730260793119669e-11,6.730260793119669e-11,reconciled,,official_source_formula_assertion
BEFU26,2046,FY2046,LT_FORECAST,total_ruc_net_revenue,Total RUC all classes,aggregate,ruc_revenue_net_admin - ruc_refunds,36; 33,AU36; AU33,9116.75090348642,9116.75090348642,0.0,0.0,reconciled,,official_source_formula_assertion
BEFU26,2047,FY2047,LT_FORECAST,gross_fed_revenue,Gross FED revenue,aggregate,gross_ped_revenue + gross_lpg_revenue + gross_cng_revenue,40; 41; 42,AV40; AV41; AV42,1568.18453301023,1568.1845330102276,2.501110429875553e-12,2.501110429875553e-12,reconciled,,official_source_formula_assertion
BEFU26,2047,FY2047,LT_FORECAST,gross_mvr_revenue,Gross MVR revenue,aggregate,mr1_revenue + mr2_revenue + coo_revenue,48; 49; 50,AV48; AV49; AV50,504.589982290456,504.5899822904554,6.252776074688883e-13,6.252776074688883e-13,reconciled,,official_source_formula_assertion
BEFU26,2047,FY2047,LT_FORECAST,gross_ruc_revenue,Gross RUC revenue,aggregate,light_ruc_net_revenue + heavy_ruc_net_revenue + light_bev_ruc_net_revenue + heavy_bev_ruc_net_revenue + phev_ruc_net_revenue + ruc_refunds,28; 29; 30; 31; 32; 33,AV28; AV29; AV30; AV31; AV32; AV33,10045.3161386375,10045.316138637483,1.4551915228366852e-11,1.4551915228366852e-11,reconciled,,official_source_formula_assertion
BEFU26,2047,FY2047,LT_FORECAST,mvr_revenue_net_admin_coo,MVR revenues net of admin fees and COO,aggregate,mr1_revenue + mr2_revenue - mvr_admin_revenue,48; 49; 52,AV48; AV49; AV52,436.935259514513,436.93525951451255,4.547473508864641e-13,4.547473508864641e-13,reconciled,,official_source_formula_assertion
BEFU26,2047,FY2047,LT_FORECAST,net_fed_revenue,Net FED revenue,aggregate,gross_fed_revenue - fed_refunds,43; 44,AV43; AV44,1506.74280036097,1506.7428003609698,2.273736754432321e-13,2.273736754432321e-13,reconciled,,official_source_formula_assertion
BEFU26,2047,FY2047,LT_FORECAST,net_mvr_revenue,Net MVR revenue,aggregate,mvr_revenue_net_admin_coo - mvr_refunds,53; 54,AV53; AV54,434.726814255875,434.7268142558749,1.1368683772161605e-13,1.1368683772161605e-13,reconciled,,official_source_formula_assertion
BEFU26,2047,FY2047,LT_FORECAST,ruc_revenue_net_admin,RUC revenues net of admin fees,aggregate,gross_ruc_revenue - ruc_admin_revenue,34; 35,AV34; AV35,9962.36065166361,9962.360651663615,-7.275957614183426e-12,7.275957614183426e-12,reconciled,,official_source_formula_assertion
BEFU26,2047,FY2047,LT_FORECAST,total_admin_fees,Total admin fees,aggregate,ruc_admin_revenue + mvr_admin_revenue + coo_revenue,35; 52; 50,AV35; AV52; AV50,150.610209749825,150.6102097498246,3.979039320256561e-13,3.979039320256561e-13,reconciled,,official_source_formula_assertion
BEFU26,2047,FY2047,LT_FORECAST,total_fed_ruc_net_revenue,Total RUC+PED revenue,aggregate,net_fed_revenue + total_ruc_net_revenue,45; 37,AV45; AV37,11158.90109981864,11158.90109981864,0.0,0.0,reconciled,,derived_dashboard_subtotal
BEFU26,2047,FY2047,LT_FORECAST,total_gross_revenue,Total gross revenues,aggregate,gross_ruc_revenue + gross_fed_revenue + gross_mvr_revenue + tuc_net_revenue,34; 43; 51; 58,AV34; AV43; AV51; AV58,12135.648553631,12135.64855363101,-1.091393642127514e-11,1.091393642127514e-11,reconciled,,official_source_formula_assertion
BEFU26,2047,FY2047,LT_FORECAST,total_nltf_net_revenue,Total NLTF revenue,aggregate,total_revenue_net_admin - total_refunds,63; 64,AV63; AV64,11611.1858137673,11611.18581376736,-6.002665031701325e-11,6.002665031701325e-11,reconciled,,official_source_formula_assertion
BEFU26,2047,FY2047,LT_FORECAST,total_refunds,Total refunds,aggregate,ruc_refunds + fed_refunds + mvr_refunds,33; 44; 54,AV33; AV44; AV54,373.85253011384,373.8525301138405,-5.684341886080801e-13,5.684341886080801e-13,reconciled,,official_source_formula_assertion
BEFU26,2047,FY2047,LT_FORECAST,total_revenue_net_admin,Total revenues net of admin fees,aggregate,total_gross_revenue - total_admin_fees,61; 62,AV61; AV62,11985.0383438812,11985.038343881177,2.5465851649641987e-11,2.5465851649641987e-11,reconciled,,official_source_formula_assertion
BEFU26,2047,FY2047,LT_FORECAST,total_ruc_net_revenue,Total RUC all classes,aggregate,ruc_revenue_net_admin - ruc_refunds,36; 33,AV36; AV33,9652.15829945767,9652.158299457667,1.8189894035458565e-12,1.8189894035458565e-12,reconciled,,official_source_formula_assertion
BEFU26,2048,FY2048,LT_FORECAST,gross_fed_revenue,Gross FED revenue,aggregate,gross_ped_revenue + gross_lpg_revenue + gross_cng_revenue,40; 41; 42,AW40; AW41; AW42,1442.44335316581,1442.443353165812,-1.8189894035458565e-12,1.8189894035458565e-12,reconciled,,official_source_formula_assertion
BEFU26,2048,FY2048,LT_FORECAST,gross_mvr_revenue,Gross MVR revenue,aggregate,mr1_revenue + mr2_revenue + coo_revenue,48; 49; 50,AW48; AW49; AW50,503.086007515054,503.0860075150547,-6.821210263296962e-13,6.821210263296962e-13,reconciled,,official_source_formula_assertion
BEFU26,2048,FY2048,LT_FORECAST,gross_ruc_revenue,Gross RUC revenue,aggregate,light_ruc_net_revenue + heavy_ruc_net_revenue + light_bev_ruc_net_revenue + heavy_bev_ruc_net_revenue + phev_ruc_net_revenue + ruc_refunds,28; 29; 30; 31; 32; 33,AW28; AW29; AW30; AW31; AW32; AW33,10630.89977616,10630.899776159966,3.4560798667371267e-11,3.4560798667371267e-11,reconciled,,official_source_formula_assertion
BEFU26,2048,FY2048,LT_FORECAST,mvr_revenue_net_admin_coo,MVR revenues net of admin fees and COO,aggregate,mr1_revenue + mr2_revenue - mvr_admin_revenue,48; 49; 52,AW48; AW49; AW52,435.54227426412,435.5422742641206,-5.684341886080801e-13,5.684341886080801e-13,reconciled,,official_source_formula_assertion
BEFU26,2048,FY2048,LT_FORECAST,net_fed_revenue,Net FED revenue,aggregate,gross_fed_revenue - fed_refunds,43; 44,AW43; AW44,1385.81792131338,1385.8179213133772,2.9558577807620168e-12,2.9558577807620168e-12,reconciled,,official_source_formula_assertion
BEFU26,2048,FY2048,LT_FORECAST,net_mvr_revenue,Net MVR revenue,aggregate,mvr_revenue_net_admin_coo - mvr_refunds,53; 54,AW53; AW54,433.312518102561,433.3125181025608,1.7053025658242404e-13,1.7053025658242404e-13,reconciled,,official_source_formula_assertion
BEFU26,2048,FY2048,LT_FORECAST,ruc_revenue_net_admin,RUC revenues net of admin fees,aggregate,gross_ruc_revenue - ruc_admin_revenue,34; 35,AW34; AW35,10544.8560268835,10544.856026883574,-7.275957614183426e-11,7.275957614183426e-11,reconciled,,official_source_formula_assertion
BEFU26,2048,FY2048,LT_FORECAST,total_admin_fees,Total admin fees,aggregate,ruc_admin_revenue + mvr_admin_revenue + coo_revenue,35; 52; 50,AW35; AW52; AW50,153.587482527361,153.5874825273612,-1.9895196601282805e-13,1.9895196601282805e-13,reconciled,,official_source_formula_assertion
BEFU26,2048,FY2048,LT_FORECAST,total_fed_ruc_net_revenue,Total RUC+PED revenue,aggregate,net_fed_revenue + total_ruc_net_revenue,45; 37,AW45; AW37,11603.09493976138,11603.09493976138,0.0,0.0,reconciled,,derived_dashboard_subtotal
BEFU26,2048,FY2048,LT_FORECAST,total_gross_revenue,Total gross revenues,aggregate,gross_ruc_revenue + gross_fed_revenue + gross_mvr_revenue + tuc_net_revenue,34; 43; 51; 58,AW34; AW43; AW51; AW58,12593.9870365337,12593.98703653369,9.094947017729282e-12,9.094947017729282e-12,reconciled,,official_source_formula_assertion
BEFU26,2048,FY2048,LT_FORECAST,total_nltf_net_revenue,Total NLTF revenue,aggregate,total_revenue_net_admin - total_refunds,63; 64,AW63; AW64,12053.9653575568,12053.965357556765,3.637978807091713e-11,3.637978807091713e-11,reconciled,,official_source_formula_assertion
BEFU26,2048,FY2048,LT_FORECAST,total_refunds,Total refunds,aggregate,ruc_refunds + fed_refunds + mvr_refunds,33; 44; 54,AW33; AW44; AW54,386.434196449536,386.43419644953616,-1.7053025658242404e-13,1.7053025658242404e-13,reconciled,,official_source_formula_assertion
BEFU26,2048,FY2048,LT_FORECAST,total_revenue_net_admin,Total revenues net of admin fees,aggregate,total_gross_revenue - total_admin_fees,61; 62,AW61; AW62,12440.3995540063,12440.39955400634,-3.8198777474462986e-11,3.8198777474462986e-11,reconciled,,official_source_formula_assertion
BEFU26,2048,FY2048,LT_FORECAST,total_ruc_net_revenue,Total RUC all classes,aggregate,ruc_revenue_net_admin - ruc_refunds,36; 33,AW36; AW33,10217.277018448,10217.277018447956,4.365574568510056e-11,4.365574568510056e-11,reconciled,,official_source_formula_assertion
BEFU26,2049,FY2049,LT_FORECAST,gross_fed_revenue,Gross FED revenue,aggregate,gross_ped_revenue + gross_lpg_revenue + gross_cng_revenue,40; 41; 42,AX40; AX41; AX42,1325.57873225698,1325.578732256984,-4.092726157978177e-12,4.092726157978177e-12,reconciled,,official_source_formula_assertion
BEFU26,2049,FY2049,LT_FORECAST,gross_mvr_revenue,Gross MVR revenue,aggregate,mr1_revenue + mr2_revenue + coo_revenue,48; 49; 50,AX48; AX49; AX50,501.658334426522,501.658334426522,0.0,0.0,reconciled,,official_source_formula_assertion
BEFU26,2049,FY2049,LT_FORECAST,gross_ruc_revenue,Gross RUC revenue,aggregate,light_ruc_net_revenue + heavy_ruc_net_revenue + light_bev_ruc_net_revenue + heavy_bev_ruc_net_revenue + phev_ruc_net_revenue + ruc_refunds,28; 29; 30; 31; 32; 33,AX28; AX29; AX30; AX31; AX32; AX33,11204.2154421766,11204.215442176594,7.275957614183426e-12,7.275957614183426e-12,reconciled,,official_source_formula_assertion
BEFU26,2049,FY2049,LT_FORECAST,mvr_revenue_net_admin_coo,MVR revenues net of admin fees and COO,aggregate,mr1_revenue + mr2_revenue - mvr_admin_revenue,48; 49; 52,AX48; AX49; AX52,434.219751217343,434.2197512173424,6.252776074688883e-13,6.252776074688883e-13,reconciled,,official_source_formula_assertion
BEFU26,2049,FY2049,LT_FORECAST,net_fed_revenue,Net FED revenue,aggregate,gross_fed_revenue - fed_refunds,43; 44,AX43; AX44,1273.44278904278,1273.4427890427755,4.547473508864641e-12,4.547473508864641e-12,reconciled,,official_source_formula_assertion
BEFU26,2049,FY2049,LT_FORECAST,net_mvr_revenue,Net MVR revenue,aggregate,mvr_revenue_net_admin_coo - mvr_refunds,53; 54,AX53; AX54,431.968181377904,431.96818137790456,-5.684341886080801e-13,5.684341886080801e-13,reconciled,,official_source_formula_assertion
BEFU26,2049,FY2049,LT_FORECAST,ruc_revenue_net_admin,RUC revenues net of admin fees,aggregate,gross_ruc_revenue - ruc_admin_revenue,34; 35,AX34; AX35,11115.3940356283,11115.39403562834,-4.0017766878008836e-11,4.0017766878008836e-11,reconciled,,official_source_formula_assertion
BEFU26,2049,FY2049,LT_FORECAST,total_admin_fees,Total admin fees,aggregate,ruc_admin_revenue + mvr_admin_revenue + coo_revenue,35; 52; 50,AX35; AX52; AX50,156.25998975744,156.2599897574404,-3.979039320256561e-13,3.979039320256561e-13,reconciled,,official_source_formula_assertion
BEFU26,2049,FY2049,LT_FORECAST,total_fed_ruc_net_revenue,Total RUC+PED revenue,aggregate,net_fed_revenue + total_ruc_net_revenue,45; 37,AX45; AX37,12044.31931087908,12044.31931087908,0.0,0.0,reconciled,,derived_dashboard_subtotal
BEFU26,2049,FY2049,LT_FORECAST,total_gross_revenue,Total gross revenues,aggregate,gross_ruc_revenue + gross_fed_revenue + gross_mvr_revenue + tuc_net_revenue,34; 43; 51; 58,AX34; AX43; AX51; AX58,13049.0104085529,13049.010408552927,-2.7284841053187847e-11,2.7284841053187847e-11,reconciled,,official_source_formula_assertion
BEFU26,2049,FY2049,LT_FORECAST,total_nltf_net_revenue,Total NLTF revenue,aggregate,total_revenue_net_admin - total_refunds,63; 64,AX63; AX64,12493.8453919499,12493.845391949862,3.8198777474462986e-11,3.8198777474462986e-11,reconciled,,official_source_formula_assertion
BEFU26,2049,FY2049,LT_FORECAST,total_refunds,Total refunds,aggregate,ruc_refunds + fed_refunds + mvr_refunds,33; 44; 54,AX33; AX44; AX54,398.905026845638,398.90502684563774,2.842170943040401e-13,2.842170943040401e-13,reconciled,,official_source_formula_assertion
BEFU26,2049,FY2049,LT_FORECAST,total_revenue_net_admin,Total revenues net of admin fees,aggregate,total_gross_revenue - total_admin_fees,61; 62,AX61; AX62,12892.7504187955,12892.75041879546,4.0017766878008836e-11,4.0017766878008836e-11,reconciled,,official_source_formula_assertion
BEFU26,2049,FY2049,LT_FORECAST,total_ruc_net_revenue,Total RUC all classes,aggregate,ruc_revenue_net_admin - ruc_refunds,36; 33,AX36; AX33,10770.8765218363,10770.876521836306,-5.4569682106375694e-12,5.4569682106375694e-12,reconciled,,official_source_formula_assertion
BEFU26,2050,FY2050,LT_FORECAST,gross_fed_revenue,Gross FED revenue,aggregate,gross_ped_revenue + gross_lpg_revenue + gross_cng_revenue,40; 41; 42,AY40; AY41; AY42,1217.09176378912,1217.0917637891189,1.1368683772161605e-12,1.1368683772161605e-12,reconciled,,official_source_formula_assertion
BEFU26,2050,FY2050,LT_FORECAST,gross_mvr_revenue,Gross MVR revenue,aggregate,mr1_revenue + mr2_revenue + coo_revenue,48; 49; 50,AY48; AY49; AY50,500.300597021862,500.3005970218617,2.842170943040401e-13,2.842170943040401e-13,reconciled,,official_source_formula_assertion
BEFU26,2050,FY2050,LT_FORECAST,gross_ruc_revenue,Gross RUC revenue,aggregate,light_ruc_net_revenue + heavy_ruc_net_revenue + light_bev_ruc_net_revenue + heavy_bev_ruc_net_revenue + phev_ruc_net_revenue + ruc_refunds,28; 29; 30; 31; 32; 33,AY28; AY29; AY30; AY31; AY32; AY33,11744.5980602278,11744.598060227829,-2.9103830456733704e-11,2.9103830456733704e-11,reconciled,,official_source_formula_assertion
BEFU26,2050,FY2050,LT_FORECAST,mvr_revenue_net_admin_coo,MVR revenues net of admin fees and COO,aggregate,mr1_revenue + mr2_revenue - mvr_admin_revenue,48; 49; 52,AY48; AY49; AY52,432.961804215419,432.9618042154181,9.094947017729282e-13,9.094947017729282e-13,reconciled,,official_source_formula_assertion
BEFU26,2050,FY2050,LT_FORECAST,net_fed_revenue,Net FED revenue,aggregate,gross_fed_revenue - fed_refunds,43; 44,AY43; AY44,1169.13519062151,1169.135190621511,-9.094947017729282e-13,9.094947017729282e-13,reconciled,,official_source_formula_assertion
BEFU26,2050,FY2050,LT_FORECAST,net_mvr_revenue,Net MVR revenue,aggregate,mvr_revenue_net_admin_coo - mvr_refunds,53; 54,AY53; AY54,430.687933118938,430.6879331189386,-6.252776074688883e-13,6.252776074688883e-13,reconciled,,official_source_formula_assertion
BEFU26,2050,FY2050,LT_FORECAST,ruc_revenue_net_admin,RUC revenues net of admin fees,aggregate,gross_ruc_revenue - ruc_admin_revenue,34; 35,AY34; AY35,11653.4906607098,11653.490660709793,7.275957614183426e-12,7.275957614183426e-12,reconciled,,official_source_formula_assertion
BEFU26,2050,FY2050,LT_FORECAST,total_admin_fees,Total admin fees,aggregate,ruc_admin_revenue + mvr_admin_revenue + coo_revenue,35; 52; 50,AY35; AY52; AY50,158.44619232445,158.4461923244504,-3.979039320256561e-13,3.979039320256561e-13,reconciled,,official_source_formula_assertion
BEFU26,2050,FY2050,LT_FORECAST,total_fed_ruc_net_revenue,Total RUC+PED revenue,aggregate,net_fed_revenue + total_ruc_net_revenue,45; 37,AY45; AY37,12462.237870124807,12462.237870124807,0.0,0.0,reconciled,,derived_dashboard_subtotal
BEFU26,2050,FY2050,LT_FORECAST,total_gross_revenue,Total gross revenues,aggregate,gross_ruc_revenue + gross_fed_revenue + gross_mvr_revenue + tuc_net_revenue,34; 43; 51; 58,AY34; AY43; AY51; AY58,13479.5483207316,13479.548320731608,-7.275957614183426e-12,7.275957614183426e-12,reconciled,,official_source_formula_assertion
BEFU26,2050,FY2050,LT_FORECAST,total_nltf_net_revenue,Total NLTF revenue,aggregate,total_revenue_net_admin - total_refunds,63; 64,AY63; AY64,12910.4837029366,12910.483702936604,-1.8189894035458565e-12,1.8189894035458565e-12,reconciled,,official_source_formula_assertion
BEFU26,2050,FY2050,LT_FORECAST,total_refunds,Total refunds,aggregate,ruc_refunds + fed_refunds + mvr_refunds,33; 44; 54,AY33; AY44; AY54,410.618425470597,410.61842547059655,4.547473508864641e-13,4.547473508864641e-13,reconciled,,official_source_formula_assertion
BEFU26,2050,FY2050,LT_FORECAST,total_revenue_net_admin,Total revenues net of admin fees,aggregate,total_gross_revenue - total_admin_fees,61; 62,AY61; AY62,13321.1021284072,13321.102128407148,5.0931703299283975e-11,5.0931703299283975e-11,reconciled,,official_source_formula_assertion
BEFU26,2050,FY2050,LT_FORECAST,total_ruc_net_revenue,Total RUC all classes,aggregate,ruc_revenue_net_admin - ruc_refunds,36; 33,AY36; AY33,11293.1026795033,11293.102679503292,7.275957614183426e-12,7.275957614183426e-12,reconciled,,official_source_formula_assertion
BEFU26,2051,FY2051,LT_FORECAST,gross_fed_revenue,Gross FED revenue,aggregate,gross_ped_revenue + gross_lpg_revenue + gross_cng_revenue,40; 41; 42,AZ40; AZ41; AZ42,1119.65707505474,1119.6570750547385,1.5916157281026244e-12,1.5916157281026244e-12,reconciled,,official_source_formula_assertion
BEFU26,2051,FY2051,LT_FORECAST,gross_mvr_revenue,Gross MVR revenue,aggregate,mr1_revenue + mr2_revenue + coo_revenue,48; 49; 50,AZ48; AZ49; AZ50,499.007049313246,499.0070493132459,1.1368683772161605e-13,1.1368683772161605e-13,reconciled,,official_source_formula_assertion
BEFU26,2051,FY2051,LT_FORECAST,gross_ruc_revenue,Gross RUC revenue,aggregate,light_ruc_net_revenue + heavy_ruc_net_revenue + light_bev_ruc_net_revenue + heavy_bev_ruc_net_revenue + phev_ruc_net_revenue + ruc_refunds,28; 29; 30; 31; 32; 33,AZ28; AZ29; AZ30; AZ31; AZ32; AZ33,12289.3106313433,12289.310631343293,7.275957614183426e-12,7.275957614183426e-12,reconciled,,official_source_formula_assertion
BEFU26,2051,FY2051,LT_FORECAST,mvr_revenue_net_admin_coo,MVR revenues net of admin fees and COO,aggregate,mr1_revenue + mr2_revenue - mvr_admin_revenue,48; 49; 52,AZ48; AZ49; AZ52,431.763123240455,431.7631232404552,-1.7053025658242404e-13,1.7053025658242404e-13,reconciled,,official_source_formula_assertion
BEFU26,2051,FY2051,LT_FORECAST,net_fed_revenue,Net FED revenue,aggregate,gross_fed_revenue - fed_refunds,43; 44,AZ43; AZ44,1075.4615128453,1075.4615128453006,-6.821210263296962e-13,6.821210263296962e-13,reconciled,,official_source_formula_assertion
BEFU26,2051,FY2051,LT_FORECAST,net_mvr_revenue,Net MVR revenue,aggregate,mvr_revenue_net_admin_coo - mvr_refunds,53; 54,AZ53; AZ54,429.466476812957,429.46647681295633,6.821210263296962e-13,6.821210263296962e-13,reconciled,,official_source_formula_assertion
BEFU26,2051,FY2051,LT_FORECAST,ruc_revenue_net_admin,RUC revenues net of admin fees,aggregate,gross_ruc_revenue - ruc_admin_revenue,34; 35,AZ34; AZ35,12196.0213289335,12196.021328933546,-4.5474735088646405e-11,4.5474735088646405e-11,reconciled,,official_source_formula_assertion
BEFU26,2051,FY2051,LT_FORECAST,total_admin_fees,Total admin fees,aggregate,ruc_admin_revenue + mvr_admin_revenue + coo_revenue,35; 52; 50,AZ35; AZ52; AZ50,160.533228482545,160.5332284825451,-8.526512829121202e-14,8.526512829121202e-14,reconciled,,official_source_formula_assertion
BEFU26,2051,FY2051,LT_FORECAST,total_fed_ruc_net_revenue,Total RUC+PED revenue,aggregate,net_fed_revenue + total_ruc_net_revenue,45; 37,AZ45; AZ37,12895.1434370668,12895.1434370668,0.0,0.0,reconciled,,derived_dashboard_subtotal
BEFU26,2051,FY2051,LT_FORECAST,total_gross_revenue,Total gross revenues,aggregate,gross_ruc_revenue + gross_fed_revenue + gross_mvr_revenue + tuc_net_revenue,34; 43; 51; 58,AZ34; AZ43; AZ51; AZ58,13925.5326554041,13925.532655404111,-1.091393642127514e-11,1.091393642127514e-11,reconciled,,official_source_formula_assertion
BEFU26,2051,FY2051,LT_FORECAST,total_nltf_net_revenue,Total NLTF revenue,aggregate,total_revenue_net_admin - total_refunds,63; 64,AZ63; AZ64,13342.1678135726,13342.167813572654,-5.4569682106375694e-11,5.4569682106375694e-11,reconciled,,official_source_formula_assertion
BEFU26,2051,FY2051,LT_FORECAST,total_refunds,Total refunds,aggregate,ruc_refunds + fed_refunds + mvr_refunds,33; 44; 54,AZ33; AZ44; AZ54,422.831613348946,422.83161334894606,-5.684341886080803e-14,5.684341886080803e-14,reconciled,,official_source_formula_assertion
BEFU26,2051,FY2051,LT_FORECAST,total_revenue_net_admin,Total revenues net of admin fees,aggregate,total_gross_revenue - total_admin_fees,61; 62,AZ61; AZ62,13764.9994269216,13764.999426921557,4.5474735088646405e-11,4.5474735088646405e-11,reconciled,,official_source_formula_assertion
BEFU26,2051,FY2051,LT_FORECAST,total_ruc_net_revenue,Total RUC all classes,aggregate,ruc_revenue_net_admin - ruc_refunds,36; 33,AZ36; AZ33,11819.6819242215,11819.681924221491,7.275957614183426e-12,7.275957614183426e-12,reconciled,,official_source_formula_assertion
BEFU26,2052,FY2052,LT_FORECAST,gross_fed_revenue,Gross FED revenue,aggregate,gross_ped_revenue + gross_lpg_revenue + gross_cng_revenue,40; 41; 42,BA40; BA41; BA42,1037.33570732242,1037.3357073224172,2.7284841053187847e-12,2.7284841053187847e-12,reconciled,,official_source_formula_assertion
BEFU26,2052,FY2052,LT_FORECAST,gross_mvr_revenue,Gross MVR revenue,aggregate,mr1_revenue + mr2_revenue + coo_revenue,48; 49; 50,BA48; BA49; BA50,497.772501434003,497.7725014340024,6.252776074688883e-13,6.252776074688883e-13,reconciled,,official_source_formula_assertion
BEFU26,2052,FY2052,LT_FORECAST,gross_ruc_revenue,Gross RUC revenue,aggregate,light_ruc_net_revenue + heavy_ruc_net_revenue + light_bev_ruc_net_revenue + heavy_bev_ruc_net_revenue + phev_ruc_net_revenue + ruc_refunds,28; 29; 30; 31; 32; 33,BA28; BA29; BA30; BA31; BA32; BA33,12789.1236097574,12789.12360975741,-9.094947017729282e-12,9.094947017729282e-12,reconciled,,official_source_formula_assertion
BEFU26,2052,FY2052,LT_FORECAST,mvr_revenue_net_admin_coo,MVR revenues net of admin fees and COO,aggregate,mr1_revenue + mr2_revenue - mvr_admin_revenue,48; 49; 52,BA48; BA49; BA52,430.618914369451,430.6189143694511,-1.1368683772161605e-13,1.1368683772161605e-13,reconciled,,official_source_formula_assertion
BEFU26,2052,FY2052,LT_FORECAST,net_fed_revenue,Net FED revenue,aggregate,gross_fed_revenue - fed_refunds,43; 44,BA43; BA44,996.31917990683,996.3191799068334,-3.410605131648481e-12,3.410605131648481e-12,reconciled,,official_source_formula_assertion
BEFU26,2052,FY2052,LT_FORECAST,net_mvr_revenue,Net MVR revenue,aggregate,mvr_revenue_net_admin_coo - mvr_refunds,53; 54,BA53; BA54,428.299030506399,428.2990305063982,7.958078640513122e-13,7.958078640513122e-13,reconciled,,official_source_formula_assertion
BEFU26,2052,FY2052,LT_FORECAST,ruc_revenue_net_admin,RUC revenues net of admin fees,aggregate,gross_ruc_revenue - ruc_admin_revenue,34; 35,BA34; BA35,12694.0331990662,12694.033199066214,-1.4551915228366852e-11,1.4551915228366852e-11,reconciled,,official_source_formula_assertion
BEFU26,2052,FY2052,LT_FORECAST,total_admin_fees,Total admin fees,aggregate,ruc_admin_revenue + mvr_admin_revenue + coo_revenue,35; 52; 50,BA35; BA52; BA50,162.243997755737,162.24399775573738,-3.694822225952521e-13,3.694822225952521e-13,reconciled,,official_source_formula_assertion
BEFU26,2052,FY2052,LT_FORECAST,total_fed_ruc_net_revenue,Total RUC+PED revenue,aggregate,net_fed_revenue + total_ruc_net_revenue,45; 37,BA45; BA37,13299.48444451753,13299.48444451753,0.0,0.0,reconciled,,derived_dashboard_subtotal
BEFU26,2052,FY2052,LT_FORECAST,total_gross_revenue,Total gross revenues,aggregate,gross_ruc_revenue + gross_fed_revenue + gross_mvr_revenue + tuc_net_revenue,34; 43; 51; 58,BA34; BA43; BA51; BA58,14341.7897182067,14341.789718206648,5.275069270282984e-11,5.275069270282984e-11,reconciled,,official_source_formula_assertion
BEFU26,2052,FY2052,LT_FORECAST,total_nltf_net_revenue,Total NLTF revenue,aggregate,total_revenue_net_admin - total_refunds,63; 64,BA63; BA64,13745.3413747168,13745.341374716772,2.7284841053187847e-11,2.7284841053187847e-11,reconciled,,official_source_formula_assertion
BEFU26,2052,FY2052,LT_FORECAST,total_refunds,Total refunds,aggregate,ruc_refunds + fed_refunds + mvr_refunds,33; 44; 54,BA33; BA44; BA54,434.204345734128,434.20434573412825,-2.273736754432321e-13,2.273736754432321e-13,reconciled,,official_source_formula_assertion
BEFU26,2052,FY2052,LT_FORECAST,total_revenue_net_admin,Total revenues net of admin fees,aggregate,total_gross_revenue - total_admin_fees,61; 62,BA61; BA62,14179.5457204509,14179.545720450964,-6.366462912410498e-11,6.366462912410498e-11,reconciled,,official_source_formula_assertion
BEFU26,2052,FY2052,LT_FORECAST,total_ruc_net_revenue,Total RUC all classes,aggregate,ruc_revenue_net_admin - ruc_refunds,36; 33,BA36; BA33,12303.1652646107,12303.16526461071,-1.091393642127514e-11,1.091393642127514e-11,reconciled,,official_source_formula_assertion
BEFU26,2053,FY2053,LT_FORECAST,gross_fed_revenue,Gross FED revenue,aggregate,gross_ped_revenue + gross_lpg_revenue + gross_cng_revenue,40; 41; 42,BB40; BB41; BB42,964.231440132463,964.2314401324628,2.273736754432321e-13,2.273736754432321e-13,reconciled,,official_source_formula_assertion
BEFU26,2053,FY2053,LT_FORECAST,gross_mvr_revenue,Gross MVR revenue,aggregate,mr1_revenue + mr2_revenue + coo_revenue,48; 49; 50,BB48; BB49; BB50,496.592262443243,496.5922624432434,-4.547473508864641e-13,4.547473508864641e-13,reconciled,,official_source_formula_assertion
BEFU26,2053,FY2053,LT_FORECAST,gross_ruc_revenue,Gross RUC revenue,aggregate,light_ruc_net_revenue + heavy_ruc_net_revenue + light_bev_ruc_net_revenue + heavy_bev_ruc_net_revenue + phev_ruc_net_revenue + ruc_refunds,28; 29; 30; 31; 32; 33,BB28; BB29; BB30; BB31; BB32; BB33,13280.9541665915,13280.954166591457,4.5474735088646405e-11,4.5474735088646405e-11,reconciled,,official_source_formula_assertion
BEFU26,2053,FY2053,LT_FORECAST,mvr_revenue_net_admin_coo,MVR revenues net of admin fees and COO,aggregate,mr1_revenue + mr2_revenue - mvr_admin_revenue,48; 49; 52,BB48; BB49; BB52,429.524846179376,429.52484617937614,-1.1368683772161605e-13,1.1368683772161605e-13,reconciled,,official_source_formula_assertion
BEFU26,2053,FY2053,LT_FORECAST,net_fed_revenue,Net FED revenue,aggregate,gross_fed_revenue - fed_refunds,43; 44,BB43; BB44,926.041834108383,926.0418341083828,1.1368683772161605e-13,1.1368683772161605e-13,reconciled,,official_source_formula_assertion
BEFU26,2053,FY2053,LT_FORECAST,net_mvr_revenue,Net MVR revenue,aggregate,mvr_revenue_net_admin_coo - mvr_refunds,53; 54,BB53; BB54,427.181273350275,427.1812733502752,-1.7053025658242404e-13,1.7053025658242404e-13,reconciled,,official_source_formula_assertion
BEFU26,2053,FY2053,LT_FORECAST,ruc_revenue_net_admin,RUC revenues net of admin fees,aggregate,gross_ruc_revenue - ruc_admin_revenue,34; 35,BB34; BB35,13184.2230723028,13184.223072302795,5.4569682106375694e-12,5.4569682106375694e-12,reconciled,,official_source_formula_assertion
BEFU26,2053,FY2053,LT_FORECAST,total_admin_fees,Total admin fees,aggregate,ruc_admin_revenue + mvr_admin_revenue + coo_revenue,35; 52; 50,BB35; BB52; BB50,163.798510552572,163.798510552572,0.0,0.0,reconciled,,official_source_formula_assertion
BEFU26,2053,FY2053,LT_FORECAST,total_fed_ruc_net_revenue,Total RUC+PED revenue,aggregate,net_fed_revenue + total_ruc_net_revenue,45; 37,BB45; BB37,13705.155776372583,13705.155776372583,0.0,0.0,reconciled,,derived_dashboard_subtotal
BEFU26,2053,FY2053,LT_FORECAST,total_gross_revenue,Total gross revenues,aggregate,gross_ruc_revenue + gross_fed_revenue + gross_mvr_revenue + tuc_net_revenue,34; 43; 51; 58,BB34; BB43; BB51; BB58,14759.33576886,14759.335768860032,-3.092281986027956e-11,3.092281986027956e-11,reconciled,,official_source_formula_assertion
BEFU26,2053,FY2053,LT_FORECAST,total_nltf_net_revenue,Total NLTF revenue,aggregate,total_revenue_net_admin - total_refunds,63; 64,BB63; BB64,14149.8949494156,14149.894949415637,-3.4560798667371267e-11,3.4560798667371267e-11,reconciled,,official_source_formula_assertion
BEFU26,2053,FY2053,LT_FORECAST,total_refunds,Total refunds,aggregate,ruc_refunds + fed_refunds + mvr_refunds,33; 44; 54,BB33; BB44; BB54,445.642308891766,445.642308891766,0.0,0.0,reconciled,,official_source_formula_assertion
BEFU26,2053,FY2053,LT_FORECAST,total_revenue_net_admin,Total revenues net of admin fees,aggregate,total_gross_revenue - total_admin_fees,61; 62,BB61; BB62,14595.5372583074,14595.53725830743,-2.9103830456733704e-11,2.9103830456733704e-11,reconciled,,official_source_formula_assertion
BEFU26,2053,FY2053,LT_FORECAST,total_ruc_net_revenue,Total RUC all classes,aggregate,ruc_revenue_net_admin - ruc_refunds,36; 33,BB36; BB33,12779.1139422642,12779.113942264215,-1.4551915228366852e-11,1.4551915228366852e-11,reconciled,,official_source_formula_assertion
BEFU26,2054,FY2054,LT_FORECAST,gross_fed_revenue,Gross FED revenue,aggregate,gross_ped_revenue + gross_lpg_revenue + gross_cng_revenue,40; 41; 42,BC40; BC41; BC42,891.29151711731,891.2915171173101,-1.1368683772161605e-13,1.1368683772161605e-13,reconciled,,official_source_formula_assertion
BEFU26,2054,FY2054,LT_FORECAST,gross_mvr_revenue,Gross MVR revenue,aggregate,mr1_revenue + mr2_revenue + coo_revenue,48; 49; 50,BC48; BC49; BC50,495.462089138271,495.4620891382709,5.684341886080803e-14,5.684341886080803e-14,reconciled,,official_source_formula_assertion
BEFU26,2054,FY2054,LT_FORECAST,gross_ruc_revenue,Gross RUC revenue,aggregate,light_ruc_net_revenue + heavy_ruc_net_revenue + light_bev_ruc_net_revenue + heavy_bev_ruc_net_revenue + phev_ruc_net_revenue + ruc_refunds,28; 29; 30; 31; 32; 33,BC28; BC29; BC30; BC31; BC32; BC33,13611.4942601983,13611.494260198306,-5.4569682106375694e-12,5.4569682106375694e-12,reconciled,,official_source_formula_assertion
BEFU26,2054,FY2054,LT_FORECAST,mvr_revenue_net_admin_coo,MVR revenues net of admin fees and COO,aggregate,mr1_revenue + mr2_revenue - mvr_admin_revenue,48; 49; 52,BC48; BC49; BC52,428.477001900572,428.4770019005721,-5.684341886080803e-14,5.684341886080803e-14,reconciled,,official_source_formula_assertion
BEFU26,2054,FY2054,LT_FORECAST,net_fed_revenue,Net FED revenue,aggregate,gross_fed_revenue - fed_refunds,43; 44,BC43; BC44,855.933526400698,855.9335264006978,2.273736754432321e-13,2.273736754432321e-13,reconciled,,official_source_formula_assertion
BEFU26,2054,FY2054,LT_FORECAST,net_mvr_revenue,Net MVR revenue,aggregate,mvr_revenue_net_admin_coo - mvr_refunds,53; 54,BC53; BC54,426.109297880671,426.10929788067097,5.684341886080803e-14,5.684341886080803e-14,reconciled,,official_source_formula_assertion
BEFU26,2054,FY2054,LT_FORECAST,ruc_revenue_net_admin,RUC revenues net of admin fees,aggregate,gross_ruc_revenue - ruc_admin_revenue,34; 35,BC34; BC35,13513.3377796327,13513.337779632711,-1.2732925824820995e-11,1.2732925824820995e-11,reconciled,,official_source_formula_assertion
BEFU26,2054,FY2054,LT_FORECAST,total_admin_fees,Total admin fees,aggregate,ruc_admin_revenue + mvr_admin_revenue + coo_revenue,35; 52; 50,BC35; BC52; BC50,165.141567803287,165.1415678032865,4.831690603168681e-13,4.831690603168681e-13,reconciled,,official_source_formula_assertion
BEFU26,2054,FY2054,LT_FORECAST,total_fed_ruc_net_revenue,Total RUC+PED revenue,aggregate,net_fed_revenue + total_ruc_net_revenue,45; 37,BC45; BC37,13954.873118918398,13954.873118918398,0.0,0.0,reconciled,,derived_dashboard_subtotal
BEFU26,2054,FY2054,LT_FORECAST,total_gross_revenue,Total gross revenues,aggregate,gross_ruc_revenue + gross_fed_revenue + gross_mvr_revenue + tuc_net_revenue,34; 43; 51; 58,BC34; BC43; BC51; BC58,15015.8057661467,15015.805766146706,-7.275957614183426e-12,7.275957614183426e-12,reconciled,,official_source_formula_assertion
BEFU26,2054,FY2054,LT_FORECAST,total_nltf_net_revenue,Total NLTF revenue,aggregate,total_revenue_net_admin - total_refunds,63; 64,BC63; BC64,14398.5403164918,14398.54031649182,-1.8189894035458565e-11,1.8189894035458565e-11,reconciled,,official_source_formula_assertion
BEFU26,2054,FY2054,LT_FORECAST,total_refunds,Total refunds,aggregate,ruc_refunds + fed_refunds + mvr_refunds,33; 44; 54,BC33; BC44; BC54,452.123881851582,452.1238818515823,-2.842170943040401e-13,2.842170943040401e-13,reconciled,,official_source_formula_assertion
BEFU26,2054,FY2054,LT_FORECAST,total_revenue_net_admin,Total revenues net of admin fees,aggregate,total_gross_revenue - total_admin_fees,61; 62,BC61; BC62,14850.6641983434,14850.664198343413,-1.2732925824820995e-11,1.2732925824820995e-11,reconciled,,official_source_formula_assertion
BEFU26,2054,FY2054,LT_FORECAST,total_ruc_net_revenue,Total RUC all classes,aggregate,ruc_revenue_net_admin - ruc_refunds,36; 33,BC36; BC33,13098.9395925177,13098.939592517632,6.730260793119669e-11,6.730260793119669e-11,reconciled,,official_source_formula_assertion
BEFU26,2055,FY2055,LT_FORECAST,gross_fed_revenue,Gross FED revenue,aggregate,gross_ped_revenue + gross_lpg_revenue + gross_cng_revenue,40; 41; 42,BD40; BD41; BD42,812.832464822948,812.832464822948,0.0,0.0,reconciled,,official_source_formula_assertion
BEFU26,2055,FY2055,LT_FORECAST,gross_mvr_revenue,Gross MVR revenue,aggregate,mr1_revenue + mr2_revenue + coo_revenue,48; 49; 50,BD48; BD49; BD50,494.37814024951,494.3781402495103,-2.842170943040401e-13,2.842170943040401e-13,reconciled,,official_source_formula_assertion
BEFU26,2055,FY2055,LT_FORECAST,gross_ruc_revenue,Gross RUC revenue,aggregate,light_ruc_net_revenue + heavy_ruc_net_revenue + light_bev_ruc_net_revenue + heavy_bev_ruc_net_revenue + phev_ruc_net_revenue + ruc_refunds,28; 29; 30; 31; 32; 33,BD28; BD29; BD30; BD31; BD32; BD33,13796.0364612588,13796.03646125884,-4.0017766878008836e-11,4.0017766878008836e-11,reconciled,,official_source_formula_assertion
BEFU26,2055,FY2055,LT_FORECAST,mvr_revenue_net_admin_coo,MVR revenues net of admin fees and COO,aggregate,mr1_revenue + mr2_revenue - mvr_admin_revenue,48; 49; 52,BD48; BD49; BD52,427.471836692097,427.4718366920971,-1.1368683772161605e-13,1.1368683772161605e-13,reconciled,,official_source_formula_assertion
BEFU26,2055,FY2055,LT_FORECAST,net_fed_revenue,Net FED revenue,aggregate,gross_fed_revenue - fed_refunds,43; 44,BD43; BD44,780.536115314962,780.5361153149623,-3.410605131648481e-13,3.410605131648481e-13,reconciled,,official_source_formula_assertion
BEFU26,2055,FY2055,LT_FORECAST,net_mvr_revenue,Net MVR revenue,aggregate,mvr_revenue_net_admin_coo - mvr_refunds,53; 54,BD53; BD54,425.079567409157,425.0795674091575,-4.547473508864641e-13,4.547473508864641e-13,reconciled,,official_source_formula_assertion
BEFU26,2055,FY2055,LT_FORECAST,ruc_revenue_net_admin,RUC revenues net of admin fees,aggregate,gross_ruc_revenue - ruc_admin_revenue,34; 35,BD34; BD35,13696.5078525424,13696.50785254234,5.820766091346741e-11,5.820766091346741e-11,reconciled,,official_source_formula_assertion
BEFU26,2055,FY2055,LT_FORECAST,total_admin_fees,Total admin fees,aggregate,ruc_admin_revenue + mvr_admin_revenue + coo_revenue,35; 52; 50,BD35; BD52; BD50,166.434912273872,166.4349122738719,8.526512829121202e-14,8.526512829121202e-14,reconciled,,official_source_formula_assertion
BEFU26,2055,FY2055,LT_FORECAST,total_fed_ruc_net_revenue,Total RUC+PED revenue,aggregate,net_fed_revenue + total_ruc_net_revenue,45; 37,BD45; BD37,14057.815388397765,14057.815388397765,0.0,0.0,reconciled,,derived_dashboard_subtotal
BEFU26,2055,FY2055,LT_FORECAST,total_gross_revenue,Total gross revenues,aggregate,gross_ruc_revenue + gross_fed_revenue + gross_mvr_revenue + tuc_net_revenue,34; 43; 51; 58,BD34; BD43; BD51; BD58,15120.8049660241,15120.804966024083,1.6370904631912708e-11,1.6370904631912708e-11,reconciled,,official_source_formula_assertion
BEFU26,2055,FY2055,LT_FORECAST,total_nltf_net_revenue,Total NLTF revenue,aggregate,total_revenue_net_admin - total_refunds,63; 64,BD63; BD64,14500.4528554998,14500.452855499723,7.639755494892597e-11,7.639755494892597e-11,reconciled,,official_source_formula_assertion
BEFU26,2055,FY2055,LT_FORECAST,total_refunds,Total refunds,aggregate,ruc_refunds + fed_refunds + mvr_refunds,33; 44; 54,BD33; BD44; BD54,453.917198250477,453.91719825047625,7.389644451905042e-13,7.389644451905042e-13,reconciled,,official_source_formula_assertion
BEFU26,2055,FY2055,LT_FORECAST,total_revenue_net_admin,Total revenues net of admin fees,aggregate,total_gross_revenue - total_admin_fees,61; 62,BD61; BD62,14954.3700537502,14954.370053750228,-2.7284841053187847e-11,2.7284841053187847e-11,reconciled,,official_source_formula_assertion
BEFU26,2055,FY2055,LT_FORECAST,total_ruc_net_revenue,Total RUC all classes,aggregate,ruc_revenue_net_admin - ruc_refunds,36; 33,BD36; BD33,13277.2792730828,13277.279273082848,-4.729372449219227e-11,4.729372449219227e-11,reconciled,,official_source_formula_assertion
