series_id,series_label,trace_name,trace_type,trace_role,trace_source,scenario_name,fed_path,period,june_year,value,value_unit,row_type,data_scope,source_file,source_cell,source_status,formula,model_id,replacement_only,value_status,actual_quarters,forecast_quarters,quarters_present,anchor_flag,nowcast_flag,plot_allowed
gross_fed_revenue,Gross FED revenue,Actual,Actual,source_actual,actual_benchmark,actual,,FY2024,2024,2073.93255766,$m nominal ex GST,historical_actual,befu26_complete_actual_line,annual_spine.csv,Y43,ACTUAL,gross_ped_revenue + gross_lpg_revenue + gross_cng_revenue,,False,actual,2023Q3; 2023Q4; 2024Q1; 2024Q2,,2023Q3; 2023Q4; 2024Q1; 2024Q2,False,False,True
gross_fed_revenue,Gross FED revenue,Actual,Actual,source_actual,actual_benchmark,actual,,FY2025,2025,2067.62792391,$m nominal ex GST,historical_actual,befu26_complete_actual_line,annual_spine.csv,Z43,ACTUAL,gross_ped_revenue + gross_lpg_revenue + gross_cng_revenue,,False,actual,2024Q3; 2024Q4; 2025Q1; 2025Q2,,2024Q3; 2024Q4; 2025Q1; 2025Q2,True,False,True
gross_fed_revenue,Gross FED revenue,Current finalist Base case,current finalist base,in_house_current_finalist,current_finalist_forecast,current_basecase,Current planned path,FY2025,2025,2067.62792391,$m nominal ex GST,future_forecast,actual_anchor,annual_spine.csv,Z43,ACTUAL,gross_ped_revenue + gross_lpg_revenue + gross_cng_revenue,PED__VNEXT_SOLVED_CONVEX_TOP2,False,Actual anchor,2024Q3; 2024Q4; 2025Q1; 2025Q2,,2024Q3; 2024Q4; 2025Q1; 2025Q2,True,False,True
gross_fed_revenue,Gross FED revenue,Current finalist High population/comparison,current finalist comparison,in_house_current_finalist,current_finalist_forecast,current_comparison_1,Current planned path,FY2025,2025,2067.62792391,$m nominal ex GST,future_forecast,actual_anchor,annual_spine.csv,Z43,ACTUAL,gross_ped_revenue + gross_lpg_revenue + gross_cng_revenue,PED__VNEXT_SOLVED_CONVEX_TOP2,False,Actual anchor,2024Q3; 2024Q4; 2025Q1; 2025Q2,,2024Q3; 2024Q4; 2025Q1; 2025Q2,True,False,True
gross_fed_revenue,Gross FED revenue,BEFU26 official,BEFU26 official,official_external_comparator,befu26_official,befu26_official,BEFU26,FY2026,2026,2080.28445921602,$m nominal ex GST,official_comparator,befu26_official_forecast,annual_spine.csv,AA43,ST_FORECAST,gross_ped_revenue + gross_lpg_revenue + gross_cng_revenue,,False,official_forecast,,,,False,False,True
gross_fed_revenue,Gross FED revenue,Current finalist Base case,current finalist base,in_house_current_finalist,current_finalist_forecast,current_basecase,Current planned path,FY2026,2026,2187.079351801779,$m nominal ex GST,future_forecast,current_nowcast,current_hybrid_formula,current_revenue_outlook:current_basecase:FY2026,source_backed,gross_ped_revenue + BEFU26 gross_lpg_revenue + BEFU26 gross_cng_revenue,PED__VNEXT_SOLVED_CONVEX_TOP2,False,Current-finalist FY nowcast (2 actual + 2 forecast),2025Q3; 2025Q4,2026Q1; 2026Q2,2025Q3; 2025Q4; 2026Q1; 2026Q2,False,True,True
gross_fed_revenue,Gross FED revenue,Current finalist High population/comparison,current finalist comparison,in_house_current_finalist,current_finalist_forecast,current_comparison_1,Current planned path,FY2026,2026,2189.351699701888,$m nominal ex GST,future_forecast,current_nowcast,current_hybrid_formula,current_revenue_outlook:current_comparison_1:FY2026,source_backed,gross_ped_revenue + BEFU26 gross_lpg_revenue + BEFU26 gross_cng_revenue,PED__VNEXT_SOLVED_CONVEX_TOP2,False,Current-finalist FY nowcast (2 actual + 2 forecast),2025Q3; 2025Q4,2026Q1; 2026Q2,2025Q3; 2025Q4; 2026Q1; 2026Q2,False,True,True
gross_fed_revenue,Gross FED revenue,MBU26 official,MBU26 official,official_external_comparator,mbu26_official,mbu26_official,MBU26,FY2026,2026,2104.82984947749,$m nominal ex GST,official_comparator,mbu26_official_forecast,mbu26_annual_spine.csv,AB48,ST_FORECAST,gross_ped_revenue + gross_lpg_revenue + gross_cng_revenue,,False,official_forecast,,,,False,False,True
gross_fed_revenue,Gross FED revenue,BEFU26 official,BEFU26 official,official_external_comparator,befu26_official,befu26_official,BEFU26,FY2027,2027,2204.13393108992,$m nominal ex GST,official_comparator,befu26_official_forecast,annual_spine.csv,AB43,ST_FORECAST,gross_ped_revenue + gross_lpg_revenue + gross_cng_revenue,,False,official_forecast,,,,False,False,True
gross_fed_revenue,Gross FED revenue,Current finalist Base case,current finalist base,in_house_current_finalist,current_finalist_forecast,current_basecase,Current planned path,FY2027,2027,2313.8298522961386,$m nominal ex GST,future_forecast,current_forecast,current_hybrid_formula,current_revenue_outlook:current_basecase:FY2027,source_backed,gross_ped_revenue + BEFU26 gross_lpg_revenue + BEFU26 gross_cng_revenue,PED__VNEXT_SOLVED_CONVEX_TOP2,False,current_finalist_forecast,,2026Q3; 2026Q4; 2027Q1; 2027Q2,2026Q3; 2026Q4; 2027Q1; 2027Q2,False,False,True
gross_fed_revenue,Gross FED revenue,Current finalist High population/comparison,current finalist comparison,in_house_current_finalist,current_finalist_forecast,current_comparison_1,Current planned path,FY2027,2027,2328.627669387601,$m nominal ex GST,future_forecast,current_forecast,current_hybrid_formula,current_revenue_outlook:current_comparison_1:FY2027,source_backed,gross_ped_revenue + BEFU26 gross_lpg_revenue + BEFU26 gross_cng_revenue,PED__VNEXT_SOLVED_CONVEX_TOP2,False,current_finalist_forecast,,2026Q3; 2026Q4; 2027Q1; 2027Q2,2026Q3; 2026Q4; 2027Q1; 2027Q2,False,False,True
gross_fed_revenue,Gross FED revenue,MBU26 official,MBU26 official,official_external_comparator,mbu26_official,mbu26_official,MBU26,FY2027,2027,2243.51058535005,$m nominal ex GST,official_comparator,mbu26_official_forecast,mbu26_annual_spine.csv,AC48,ST_FORECAST,gross_ped_revenue + gross_lpg_revenue + gross_cng_revenue,,False,official_forecast,,,,False,False,True
gross_ped_revenue,PED revenue,Actual,Actual,source_actual,actual_benchmark,actual,,FY2024,2024,2033.76913415,$m nominal ex GST,historical_actual,befu26_complete_actual_line,annual_spine.csv,Y40,ACTUAL,,,False,actual,2023Q3; 2023Q4; 2024Q1; 2024Q2,,2023Q3; 2023Q4; 2024Q1; 2024Q2,False,False,True
gross_ped_revenue,PED revenue,Actual,Actual,source_actual,actual_benchmark,actual,,FY2025,2025,2026.68630478,$m nominal ex GST,historical_actual,befu26_complete_actual_line,annual_spine.csv,Z40,ACTUAL,,,False,actual,2024Q3; 2024Q4; 2025Q1; 2025Q2,,2024Q3; 2024Q4; 2025Q1; 2025Q2,True,False,True
gross_ped_revenue,PED revenue,Current finalist Base case,current finalist base,in_house_current_finalist,current_finalist_forecast,current_basecase,Current planned path,FY2025,2025,2026.68630478,$m nominal ex GST,future_forecast,actual_anchor,annual_spine.csv,Z40,ACTUAL,,PED__VNEXT_SOLVED_CONVEX_TOP2,True,Actual anchor,2024Q3; 2024Q4; 2025Q1; 2025Q2,,2024Q3; 2024Q4; 2025Q1; 2025Q2,True,False,True
gross_ped_revenue,PED revenue,Current finalist High population/comparison,current finalist comparison,in_house_current_finalist,current_finalist_forecast,current_comparison_1,Current planned path,FY2025,2025,2026.68630478,$m nominal ex GST,future_forecast,actual_anchor,annual_spine.csv,Z40,ACTUAL,,PED__VNEXT_SOLVED_CONVEX_TOP2,True,Actual anchor,2024Q3; 2024Q4; 2025Q1; 2025Q2,,2024Q3; 2024Q4; 2025Q1; 2025Q2,True,False,True
gross_ped_revenue,PED revenue,BEFU26 official,BEFU26 official,official_external_comparator,befu26_official,befu26_official,BEFU26,FY2026,2026,2038.23929657583,$m nominal ex GST,official_comparator,befu26_official_forecast,annual_spine.csv,AA40,ST_FORECAST,,,False,official_forecast,,,,False,False,True
gross_ped_revenue,PED revenue,Current finalist Base case,current finalist base,in_house_current_finalist,current_finalist_forecast,current_basecase,Current planned path,FY2026,2026,2145.0341891615885,$m nominal ex GST,future_forecast,current_nowcast,forecast_scenario_comparison.parquet; scenario_inputs/scenario_input_wide.parquet; official_annual.csv,data/current_revenue_outlook/revenue_chart_rows.csv:historical_actual:2025Q3; data/current_revenue_outlook/revenue_chart_rows.csv:historical_actual:2025Q4; data/current_revenue_outlook/revenue_chart_rows.csv:current_basecase:2026Q1; data/current_revenue_outlook/revenue_chart_rows.csv:current_basecase:2026Q2; data/current_revenue_outlook/revenue_chart_rows.csv:historical_actual:2025Q3; data/current_revenue_outlook/revenue_chart_rows.csv:historical_actual:2025Q4; data/current_revenue_outlook/revenue_chart_rows.csv:historical_actual:2026Q1; data/current_revenue_outlook/revenue_chart_rows.csv:current_basecase:2026Q2; scenario_inputs/scenario_input_wide.parquet:PED:population (2026Q1; 2026Q2); official_annual.csv:population_proxy (2025Q3; 2025Q4); VFM 202405 Base uptake shares; BEFU26 rate cells AA5; AA7; AA9,source_backed,raw PED/light-petrol VKT * BEFU26 litres intensity / 100 * BEFU26 PED rate,PED__VNEXT_SOLVED_CONVEX_TOP2,True,Current-finalist FY nowcast (2 actual + 2 forecast),2025Q3; 2025Q4,2026Q1; 2026Q2,2025Q3; 2025Q4; 2026Q1; 2026Q2,False,True,True
gross_ped_revenue,PED revenue,Current finalist High population/comparison,current finalist comparison,in_house_current_finalist,current_finalist_forecast,current_comparison_1,Current planned path,FY2026,2026,2147.3065370616973,$m nominal ex GST,future_forecast,current_nowcast,forecast_scenario_comparison.parquet; scenario_inputs/scenario_input_wide.parquet; official_annual.csv,data/current_revenue_outlook/revenue_chart_rows.csv:historical_actual:2025Q3; data/current_revenue_outlook/revenue_chart_rows.csv:historical_actual:2025Q4; data/current_revenue_outlook/revenue_chart_rows.csv:current_comparison_1:2026Q1; data/current_revenue_outlook/revenue_chart_rows.csv:current_comparison_1:2026Q2; data/current_revenue_outlook/revenue_chart_rows.csv:historical_actual:2025Q3; data/current_revenue_outlook/revenue_chart_rows.csv:historical_actual:2025Q4; data/current_revenue_outlook/revenue_chart_rows.csv:historical_actual:2026Q1; data/current_revenue_outlook/revenue_chart_rows.csv:current_comparison_1:2026Q2; scenario_inputs/scenario_input_wide.parquet:PED:population (2026Q1; 2026Q2); official_annual.csv:population_proxy (2025Q3; 2025Q4); VFM 202405 Base uptake shares; BEFU26 rate cells AA5; AA7; AA9,source_backed,raw PED/light-petrol VKT * BEFU26 litres intensity / 100 * BEFU26 PED rate,PED__VNEXT_SOLVED_CONVEX_TOP2,True,Current-finalist FY nowcast (2 actual + 2 forecast),2025Q3; 2025Q4,2026Q1; 2026Q2,2025Q3; 2025Q4; 2026Q1; 2026Q2,False,True,True
gross_ped_revenue,PED revenue,MBU26 official,MBU26 official,official_external_comparator,mbu26_official,mbu26_official,MBU26,FY2026,2026,2062.7846868373,$m nominal ex GST,official_comparator,mbu26_official_forecast,mbu26_annual_spine.csv,AB45,ST_FORECAST,,,False,official_forecast,,,,False,False,True
gross_ped_revenue,PED revenue,BEFU26 official,BEFU26 official,official_external_comparator,befu26_official,befu26_official,BEFU26,FY2027,2027,2161.50124126958,$m nominal ex GST,official_comparator,befu26_official_forecast,annual_spine.csv,AB40,ST_FORECAST,,,False,official_forecast,,,,False,False,True
gross_ped_revenue,PED revenue,Current finalist Base case,current finalist base,in_house_current_finalist,current_finalist_forecast,current_basecase,Current planned path,FY2027,2027,2271.1971624757975,$m nominal ex GST,future_forecast,current_forecast,forecast_scenario_comparison.parquet; scenario_inputs/scenario_input_wide.parquet; official_annual.csv,data/current_revenue_outlook/revenue_chart_rows.csv:current_basecase:2026Q3; data/current_revenue_outlook/revenue_chart_rows.csv:current_basecase:2026Q4; data/current_revenue_outlook/revenue_chart_rows.csv:current_basecase:2027Q1; data/current_revenue_outlook/revenue_chart_rows.csv:current_basecase:2027Q2; data/current_revenue_outlook/revenue_chart_rows.csv:current_basecase:2026Q3; data/current_revenue_outlook/revenue_chart_rows.csv:current_basecase:2026Q4; data/current_revenue_outlook/revenue_chart_rows.csv:current_basecase:2027Q1; data/current_revenue_outlook/revenue_chart_rows.csv:current_basecase:2027Q2; scenario_inputs/scenario_input_wide.parquet:PED:population (2026Q3; 2026Q4; 2027Q1; 2027Q2); VFM 202405 Base uptake shares; BEFU26 rate cells AB5; AB7; AB9,source_backed,raw PED/light-petrol VKT * BEFU26 litres intensity / 100 * BEFU26 PED rate,PED__VNEXT_SOLVED_CONVEX_TOP2,True,current_finalist_forecast,,2026Q3; 2026Q4; 2027Q1; 2027Q2,2026Q3; 2026Q4; 2027Q1; 2027Q2,False,False,True
gross_ped_revenue,PED revenue,Current finalist High population/comparison,current finalist comparison,in_house_current_finalist,current_finalist_forecast,current_comparison_1,Current planned path,FY2027,2027,2285.99497956726,$m nominal ex GST,future_forecast,current_forecast,forecast_scenario_comparison.parquet; scenario_inputs/scenario_input_wide.parquet; official_annual.csv,data/current_revenue_outlook/revenue_chart_rows.csv:current_comparison_1:2026Q3; data/current_revenue_outlook/revenue_chart_rows.csv:current_comparison_1:2026Q4; data/current_revenue_outlook/revenue_chart_rows.csv:current_comparison_1:2027Q1; data/current_revenue_outlook/revenue_chart_rows.csv:current_comparison_1:2027Q2; data/current_revenue_outlook/revenue_chart_rows.csv:current_comparison_1:2026Q3; data/current_revenue_outlook/revenue_chart_rows.csv:current_comparison_1:2026Q4; data/current_revenue_outlook/revenue_chart_rows.csv:current_comparison_1:2027Q1; data/current_revenue_outlook/revenue_chart_rows.csv:current_comparison_1:2027Q2; scenario_inputs/scenario_input_wide.parquet:PED:population (2026Q3; 2026Q4; 2027Q1; 2027Q2); VFM 202405 Base uptake shares; BEFU26 rate cells AB5; AB7; AB9,source_backed,raw PED/light-petrol VKT * BEFU26 litres intensity / 100 * BEFU26 PED rate,PED__VNEXT_SOLVED_CONVEX_TOP2,True,current_finalist_forecast,,2026Q3; 2026Q4; 2027Q1; 2027Q2,2026Q3; 2026Q4; 2027Q1; 2027Q2,False,False,True
gross_ped_revenue,PED revenue,MBU26 official,MBU26 official,official_external_comparator,mbu26_official,mbu26_official,MBU26,FY2027,2027,2200.87789552971,$m nominal ex GST,official_comparator,mbu26_official_forecast,mbu26_annual_spine.csv,AC45,ST_FORECAST,,,False,official_forecast,,,,False,False,True
heavy_ruc_net_km,Heavy RUC net km,Actual,Actual,source_actual,actual_benchmark,actual,,FY2024,2024,3903.861766,million km,historical_actual,befu26_complete_actual_line,annual_spine.csv,Y6,ACTUAL,,,False,actual,2023Q3; 2023Q4; 2024Q1; 2024Q2,,2023Q3; 2023Q4; 2024Q1; 2024Q2,False,False,True
heavy_ruc_net_km,Heavy RUC net km,Actual,Actual,source_actual,actual_benchmark,actual,,FY2025,2025,3981.873439,million km,historical_actual,befu26_complete_actual_line,annual_spine.csv,Z6,ACTUAL,,,False,actual,2024Q3; 2024Q4; 2025Q1; 2025Q2,,2024Q3; 2024Q4; 2025Q1; 2025Q2,True,False,True
heavy_ruc_net_km,Heavy RUC net km,Current finalist Base case,current finalist base,in_house_current_finalist,current_finalist_forecast,current_basecase,Current planned path,FY2025,2025,3981.873439,million km,future_forecast,actual_anchor,annual_spine.csv,Z6,ACTUAL,,HEAVY_RUC__VNEXT_SOLVED_CONVEX_TOP4,False,Actual anchor,2024Q3; 2024Q4; 2025Q1; 2025Q2,,2024Q3; 2024Q4; 2025Q1; 2025Q2,True,False,True
heavy_ruc_net_km,Heavy RUC net km,Current finalist High population/comparison,current finalist comparison,in_house_current_finalist,current_finalist_forecast,current_comparison_1,Current planned path,FY2025,2025,3981.873439,million km,future_forecast,actual_anchor,annual_spine.csv,Z6,ACTUAL,,HEAVY_RUC__VNEXT_SOLVED_CONVEX_TOP4,False,Actual anchor,2024Q3; 2024Q4; 2025Q1; 2025Q2,,2024Q3; 2024Q4; 2025Q1; 2025Q2,True,False,True
heavy_ruc_net_km,Heavy RUC net km,BEFU26 official,BEFU26 official,official_external_comparator,befu26_official,befu26_official,BEFU26,FY2026,2026,4099.61725114751,million km,official_comparator,befu26_official_forecast,annual_spine.csv,AA6,ST_FORECAST,,,False,official_forecast,,,,False,False,True
heavy_ruc_net_km,Heavy RUC net km,Current finalist Base case,current finalist base,in_house_current_finalist,current_finalist_forecast,current_basecase,Current planned path,FY2026,2026,4064.8582976485013,million km,future_forecast,current_nowcast,forecast_scenario_comparison.parquet,data/current_revenue_outlook/revenue_chart_rows.csv:historical_actual:2025Q3; data/current_revenue_outlook/revenue_chart_rows.csv:historical_actual:2025Q4; data/current_revenue_outlook/revenue_chart_rows.csv:historical_actual:2026Q1; data/current_revenue_outlook/revenue_chart_rows.csv:current_basecase:2026Q2,source_backed,sum quarterly current finalist Heavy RUC net km,HEAVY_RUC__VNEXT_SOLVED_CONVEX_TOP4,False,Current-finalist FY nowcast (3 actual + 1 forecast),2025Q3; 2025Q4; 2026Q1,2026Q2,2025Q3; 2025Q4; 2026Q1; 2026Q2,False,True,True
heavy_ruc_net_km,Heavy RUC net km,Current finalist High population/comparison,current finalist comparison,in_house_current_finalist,current_finalist_forecast,current_comparison_1,Current planned path,FY2026,2026,4066.201179575919,million km,future_forecast,current_nowcast,forecast_scenario_comparison.parquet,data/current_revenue_outlook/revenue_chart_rows.csv:historical_actual:2025Q3; data/current_revenue_outlook/revenue_chart_rows.csv:historical_actual:2025Q4; data/current_revenue_outlook/revenue_chart_rows.csv:historical_actual:2026Q1; data/current_revenue_outlook/revenue_chart_rows.csv:current_comparison_1:2026Q2,source_backed,sum quarterly current finalist Heavy RUC net km,HEAVY_RUC__VNEXT_SOLVED_CONVEX_TOP4,False,Current-finalist FY nowcast (3 actual + 1 forecast),2025Q3; 2025Q4; 2026Q1,2026Q2,2025Q3; 2025Q4; 2026Q1; 2026Q2,False,True,True
heavy_ruc_net_km,Heavy RUC net km,MBU26 official,MBU26 official,official_external_comparator,mbu26_official,mbu26_official,MBU26,FY2026,2026,4106.65708028096,million km,official_comparator,mbu26_official_forecast,mbu26_annual_spine.csv,AB11,ST_FORECAST,,,False,official_forecast,,,,False,False,True
heavy_ruc_net_km,Heavy RUC net km,BEFU26 official,BEFU26 official,official_external_comparator,befu26_official,befu26_official,BEFU26,FY2027,2027,4234.60357706342,million km,official_comparator,befu26_official_forecast,annual_spine.csv,AB6,ST_FORECAST,,,False,official_forecast,,,,False,False,True
heavy_ruc_net_km,Heavy RUC net km,Current finalist Base case,current finalist base,in_house_current_finalist,current_finalist_forecast,current_basecase,Current planned path,FY2027,2027,4102.648453941279,million km,future_forecast,current_forecast,forecast_scenario_comparison.parquet,data/current_revenue_outlook/revenue_chart_rows.csv:current_basecase:2026Q3; data/current_revenue_outlook/revenue_chart_rows.csv:current_basecase:2026Q4; data/current_revenue_outlook/revenue_chart_rows.csv:current_basecase:2027Q1; data/current_revenue_outlook/revenue_chart_rows.csv:current_basecase:2027Q2,source_backed,sum quarterly current finalist Heavy RUC net km,HEAVY_RUC__VNEXT_SOLVED_CONVEX_TOP4,False,current_finalist_forecast,,2026Q3; 2026Q4; 2027Q1; 2027Q2,2026Q3; 2026Q4; 2027Q1; 2027Q2,False,False,True
heavy_ruc_net_km,Heavy RUC net km,Current finalist High population/comparison,current finalist comparison,in_house_current_finalist,current_finalist_forecast,current_comparison_1,Current planned path,FY2027,2027,4110.916527916741,million km,future_forecast,current_forecast,forecast_scenario_comparison.parquet,data/current_revenue_outlook/revenue_chart_rows.csv:current_comparison_1:2026Q3; data/current_revenue_outlook/revenue_chart_rows.csv:current_comparison_1:2026Q4; data/current_revenue_outlook/revenue_chart_rows.csv:current_comparison_1:2027Q1; data/current_revenue_outlook/revenue_chart_rows.csv:current_comparison_1:2027Q2,source_backed,sum quarterly current finalist Heavy RUC net km,HEAVY_RUC__VNEXT_SOLVED_CONVEX_TOP4,False,current_finalist_forecast,,2026Q3; 2026Q4; 2027Q1; 2027Q2,2026Q3; 2026Q4; 2027Q1; 2027Q2,False,False,True
heavy_ruc_net_km,Heavy RUC net km,MBU26 official,MBU26 official,official_external_comparator,mbu26_official,mbu26_official,MBU26,FY2027,2027,4256.14265648045,million km,official_comparator,mbu26_official_forecast,mbu26_annual_spine.csv,AC11,ST_FORECAST,,,False,official_forecast,,,,False,False,True
heavy_ruc_net_revenue,Heavy RUC revenue,Actual,Actual,source_actual,actual_benchmark,actual,,FY2024,2024,1078.53586094783,$m nominal ex GST,historical_actual,befu26_complete_actual_line,annual_spine.csv,Y29,ACTUAL,,,False,actual,2023Q3; 2023Q4; 2024Q1; 2024Q2,,2023Q3; 2023Q4; 2024Q1; 2024Q2,False,False,True
heavy_ruc_net_revenue,Heavy RUC revenue,Actual,Actual,source_actual,actual_benchmark,actual,,FY2025,2025,1109.95026251304,$m nominal ex GST,historical_actual,befu26_complete_actual_line,annual_spine.csv,Z29,ACTUAL,,,False,actual,2024Q3; 2024Q4; 2025Q1; 2025Q2,,2024Q3; 2024Q4; 2025Q1; 2025Q2,True,False,True
heavy_ruc_net_revenue,Heavy RUC revenue,Current finalist Base case,current finalist base,in_house_current_finalist,current_finalist_forecast,current_basecase,Current planned path,FY2025,2025,1109.95026251304,$m nominal ex GST,future_forecast,actual_anchor,annual_spine.csv,Z29,ACTUAL,,HEAVY_RUC__VNEXT_SOLVED_CONVEX_TOP4,True,Actual anchor,2024Q3; 2024Q4; 2025Q1; 2025Q2,,2024Q3; 2024Q4; 2025Q1; 2025Q2,True,False,True
heavy_ruc_net_revenue,Heavy RUC revenue,Current finalist High population/comparison,current finalist comparison,in_house_current_finalist,current_finalist_forecast,current_comparison_1,Current planned path,FY2025,2025,1109.95026251304,$m nominal ex GST,future_forecast,actual_anchor,annual_spine.csv,Z29,ACTUAL,,HEAVY_RUC__VNEXT_SOLVED_CONVEX_TOP4,True,Actual anchor,2024Q3; 2024Q4; 2025Q1; 2025Q2,,2024Q3; 2024Q4; 2025Q1; 2025Q2,True,False,True
heavy_ruc_net_revenue,Heavy RUC revenue,BEFU26 official,BEFU26 official,official_external_comparator,befu26_official,befu26_official,BEFU26,FY2026,2026,1144.54055343658,$m nominal ex GST,official_comparator,befu26_official_forecast,annual_spine.csv,AA29,ST_FORECAST,,,False,official_forecast,,,,False,False,True
heavy_ruc_net_revenue,Heavy RUC revenue,Current finalist Base case,current finalist base,in_house_current_finalist,current_finalist_forecast,current_basecase,Current planned path,FY2026,2026,1134.8364690215053,$m nominal ex GST,future_forecast,current_nowcast,forecast_scenario_comparison.parquet; official_annual.csv,data/current_revenue_outlook/revenue_chart_rows.csv:historical_actual:2025Q3; data/current_revenue_outlook/revenue_chart_rows.csv:historical_actual:2025Q4; data/current_revenue_outlook/revenue_chart_rows.csv:historical_actual:2026Q1; data/current_revenue_outlook/revenue_chart_rows.csv:current_basecase:2026Q2,source_backed,sum quarterly current Heavy RUC net km * BEFU26 effective rate,HEAVY_RUC__VNEXT_SOLVED_CONVEX_TOP4,True,Current-finalist FY nowcast (3 actual + 1 forecast),2025Q3; 2025Q4; 2026Q1,2026Q2,2025Q3; 2025Q4; 2026Q1; 2026Q2,False,True,True
heavy_ruc_net_revenue,Heavy RUC revenue,Current finalist High population/comparison,current finalist comparison,in_house_current_finalist,current_finalist_forecast,current_comparison_1,Current planned path,FY2026,2026,1135.2113778801254,$m nominal ex GST,future_forecast,current_nowcast,forecast_scenario_comparison.parquet; official_annual.csv,data/current_revenue_outlook/revenue_chart_rows.csv:historical_actual:2025Q3; data/current_revenue_outlook/revenue_chart_rows.csv:historical_actual:2025Q4; data/current_revenue_outlook/revenue_chart_rows.csv:historical_actual:2026Q1; data/current_revenue_outlook/revenue_chart_rows.csv:current_comparison_1:2026Q2,source_backed,sum quarterly current Heavy RUC net km * BEFU26 effective rate,HEAVY_RUC__VNEXT_SOLVED_CONVEX_TOP4,True,Current-finalist FY nowcast (3 actual + 1 forecast),2025Q3; 2025Q4; 2026Q1,2026Q2,2025Q3; 2025Q4; 2026Q1; 2026Q2,False,True,True
heavy_ruc_net_revenue,Heavy RUC revenue,MBU26 official,MBU26 official,official_external_comparator,mbu26_official,mbu26_official,MBU26,FY2026,2026,1146.5048086003,$m nominal ex GST,official_comparator,mbu26_official_forecast,mbu26_annual_spine.csv,AB34,ST_FORECAST,,,False,official_forecast,,,,False,False,True
heavy_ruc_net_revenue,Heavy RUC revenue,BEFU26 official,BEFU26 official,official_external_comparator,befu26_official,befu26_official,BEFU26,FY2027,2027,1271.77345703347,$m nominal ex GST,official_comparator,befu26_official_forecast,annual_spine.csv,AB29,ST_FORECAST,,,False,official_forecast,,,,False,False,True
heavy_ruc_net_revenue,Heavy RUC revenue,Current finalist Base case,current finalist base,in_house_current_finalist,current_finalist_forecast,current_basecase,Current planned path,FY2027,2027,1232.1435318108831,$m nominal ex GST,future_forecast,current_forecast,forecast_scenario_comparison.parquet; official_annual.csv,data/current_revenue_outlook/revenue_chart_rows.csv:current_basecase:2026Q3; data/current_revenue_outlook/revenue_chart_rows.csv:current_basecase:2026Q4; data/current_revenue_outlook/revenue_chart_rows.csv:current_basecase:2027Q1; data/current_revenue_outlook/revenue_chart_rows.csv:current_basecase:2027Q2,source_backed,sum quarterly current Heavy RUC net km * BEFU26 effective rate,HEAVY_RUC__VNEXT_SOLVED_CONVEX_TOP4,True,current_finalist_forecast,,2026Q3; 2026Q4; 2027Q1; 2027Q2,2026Q3; 2026Q4; 2027Q1; 2027Q2,False,False,True
heavy_ruc_net_revenue,Heavy RUC revenue,Current finalist High population/comparison,current finalist comparison,in_house_current_finalist,current_finalist_forecast,current_comparison_1,Current planned path,FY2027,2027,1234.6266726365643,$m nominal ex GST,future_forecast,current_forecast,forecast_scenario_comparison.parquet; official_annual.csv,data/current_revenue_outlook/revenue_chart_rows.csv:current_comparison_1:2026Q3; data/current_revenue_outlook/revenue_chart_rows.csv:current_comparison_1:2026Q4; data/current_revenue_outlook/revenue_chart_rows.csv:current_comparison_1:2027Q1; data/current_revenue_outlook/revenue_chart_rows.csv:current_comparison_1:2027Q2,source_backed,sum quarterly current Heavy RUC net km * BEFU26 effective rate,HEAVY_RUC__VNEXT_SOLVED_CONVEX_TOP4,True,current_finalist_forecast,,2026Q3; 2026Q4; 2027Q1; 2027Q2,2026Q3; 2026Q4; 2027Q1; 2027Q2,False,False,True
heavy_ruc_net_revenue,Heavy RUC revenue,MBU26 official,MBU26 official,official_external_comparator,mbu26_official,mbu26_official,MBU26,FY2027,2027,1278.2182592137,$m nominal ex GST,official_comparator,mbu26_official_forecast,mbu26_annual_spine.csv,AC34,ST_FORECAST,,,False,official_forecast,,,,False,False,True
light_bev_ruc_net_km,Light BEV RUC net km,Actual,Actual,source_actual,actual_benchmark,actual,,FY2024,2024,413.518791,million km,historical_actual,befu26_complete_actual_line,annual_spine.csv,Y7,ACTUAL,,,False,actual,2023Q3; 2023Q4; 2024Q1; 2024Q2,,2023Q3; 2023Q4; 2024Q1; 2024Q2,False,False,True
light_bev_ruc_net_km,Light BEV RUC net km,Actual,Actual,source_actual,actual_benchmark,actual,,FY2025,2025,820.641429,million km,historical_actual,befu26_complete_actual_line,annual_spine.csv,Z7,ACTUAL,,,False,actual,2024Q3; 2024Q4; 2025Q1; 2025Q2,,2024Q3; 2024Q4; 2025Q1; 2025Q2,True,False,True
light_bev_ruc_net_km,Light BEV RUC net km,Current finalist Base case,current finalist base,in_house_current_finalist,current_finalist_forecast,current_basecase,Current planned path,FY2025,2025,820.641429,million km,future_forecast,actual_anchor,annual_spine.csv,Z7,ACTUAL,,PED__VNEXT_SOLVED_CONVEX_TOP2; dynamic_RESID_GBR_n150_d1_lr0.05_w36; HEAVY_RUC__VNEXT_SOLVED_CONVEX_TOP4,False,Actual anchor,2024Q3; 2024Q4; 2025Q1; 2025Q2,,2024Q3; 2024Q4; 2025Q1; 2025Q2,True,False,True
light_bev_ruc_net_km,Light BEV RUC net km,Current finalist High population/comparison,current finalist comparison,in_house_current_finalist,current_finalist_forecast,current_comparison_1,Current planned path,FY2025,2025,820.641429,million km,future_forecast,actual_anchor,annual_spine.csv,Z7,ACTUAL,,PED__VNEXT_SOLVED_CONVEX_TOP2; dynamic_RESID_GBR_n150_d1_lr0.05_w36; HEAVY_RUC__VNEXT_SOLVED_CONVEX_TOP4,False,Actual anchor,2024Q3; 2024Q4; 2025Q1; 2025Q2,,2024Q3; 2024Q4; 2025Q1; 2025Q2,True,False,True
light_bev_ruc_net_km,Light BEV RUC net km,BEFU26 official,BEFU26 official,official_external_comparator,befu26_official,befu26_official,BEFU26,FY2026,2026,1209.37911079624,million km,official_comparator,befu26_official_forecast,annual_spine.csv,AA7,ST_FORECAST,,,False,official_forecast,,,,False,False,True
light_bev_ruc_net_km,Light BEV RUC net km,Current finalist Base case,current finalist base,in_house_current_finalist,current_finalist_forecast,current_basecase,Current planned path,FY2026,2026,1238.551058032925,million km,future_forecast,current_nowcast,forecast_scenario_comparison.parquet; official_annual.csv,data/current_revenue_outlook/revenue_chart_rows.csv:historical_actual:2025Q3; data/current_revenue_outlook/revenue_chart_rows.csv:historical_actual:2025Q4; data/current_revenue_outlook/revenue_chart_rows.csv:current_basecase:2026Q1; data/current_revenue_outlook/revenue_chart_rows.csv:current_basecase:2026Q2; data/current_revenue_outlook/revenue_chart_rows.csv:historical_actual:2025Q3; data/current_revenue_outlook/revenue_chart_rows.csv:historical_actual:2025Q4; data/current_revenue_outlook/revenue_chart_rows.csv:historical_actual:2026Q1; data/current_revenue_outlook/revenue_chart_rows.csv:current_basecase:2026Q2; scenario_inputs/scenario_input_wide.parquet:PED:population (2026Q1; 2026Q2); official_annual.csv:population_proxy (2025Q3; 2025Q4); VFM 202405 Base uptake shares; BEFU26 rate cells AA5; AA7; AA9,source_backed,base pool (conventional / VFM Base conventional share) * VFM Base Light BEV share,PED__VNEXT_SOLVED_CONVEX_TOP2; dynamic_RESID_GBR_n150_d1_lr0.05_w36; HEAVY_RUC__VNEXT_SOLVED_CONVEX_TOP4,False,Current-finalist FY nowcast (2 actual + 2 forecast),2025Q3; 2025Q4,2026Q1; 2026Q2,2025Q3; 2025Q4; 2026Q1; 2026Q2,False,True,True
light_bev_ruc_net_km,Light BEV RUC net km,Current finalist High population/comparison,current finalist comparison,in_house_current_finalist,current_finalist_forecast,current_comparison_1,Current planned path,FY2026,2026,1239.3665623439847,million km,future_forecast,current_nowcast,forecast_scenario_comparison.parquet; official_annual.csv,data/current_revenue_outlook/revenue_chart_rows.csv:historical_actual:2025Q3; data/current_revenue_outlook/revenue_chart_rows.csv:historical_actual:2025Q4; data/current_revenue_outlook/revenue_chart_rows.csv:current_comparison_1:2026Q1; data/current_revenue_outlook/revenue_chart_rows.csv:current_comparison_1:2026Q2; data/current_revenue_outlook/revenue_chart_rows.csv:historical_actual:2025Q3; data/current_revenue_outlook/revenue_chart_rows.csv:historical_actual:2025Q4; data/current_revenue_outlook/revenue_chart_rows.csv:historical_actual:2026Q1; data/current_revenue_outlook/revenue_chart_rows.csv:current_comparison_1:2026Q2; scenario_inputs/scenario_input_wide.parquet:PED:population (2026Q1; 2026Q2); official_annual.csv:population_proxy (2025Q3; 2025Q4); VFM 202405 Base uptake shares; BEFU26 rate cells AA5; AA7; AA9,source_backed,base pool (conventional / VFM Base conventional share) * VFM Base Light BEV share,PED__VNEXT_SOLVED_CONVEX_TOP2; dynamic_RESID_GBR_n150_d1_lr0.05_w36; HEAVY_RUC__VNEXT_SOLVED_CONVEX_TOP4,False,Current-finalist FY nowcast (2 actual + 2 forecast),2025Q3; 2025Q4,2026Q1; 2026Q2,2025Q3; 2025Q4; 2026Q1; 2026Q2,False,True,True
light_bev_ruc_net_km,Light BEV RUC net km,MBU26 official,MBU26 official,official_external_comparator,mbu26_official,mbu26_official,MBU26,FY2026,2026,1209.37911079624,million km,official_comparator,mbu26_official_forecast,mbu26_annual_spine.csv,AB12,ST_FORECAST,,,False,official_forecast,,,,False,False,True
light_bev_ruc_net_km,Light BEV RUC net km,BEFU26 official,BEFU26 official,official_external_comparator,befu26_official,befu26_official,BEFU26,FY2027,2027,1572.19480045545,million km,official_comparator,befu26_official_forecast,annual_spine.csv,AB7,ST_FORECAST,,,False,official_forecast,,,,False,False,True
light_bev_ruc_net_km,Light BEV RUC net km,Current finalist Base case,current finalist base,in_house_current_finalist,current_finalist_forecast,current_basecase,Current planned path,FY2027,2027,1539.4354765615176,million km,future_forecast,current_forecast,forecast_scenario_comparison.parquet; official_annual.csv,data/current_revenue_outlook/revenue_chart_rows.csv:current_basecase:2026Q3; data/current_revenue_outlook/revenue_chart_rows.csv:current_basecase:2026Q4; data/current_revenue_outlook/revenue_chart_rows.csv:current_basecase:2027Q1; data/current_revenue_outlook/revenue_chart_rows.csv:current_basecase:2027Q2; data/current_revenue_outlook/revenue_chart_rows.csv:current_basecase:2026Q3; data/current_revenue_outlook/revenue_chart_rows.csv:current_basecase:2026Q4; data/current_revenue_outlook/revenue_chart_rows.csv:current_basecase:2027Q1; data/current_revenue_outlook/revenue_chart_rows.csv:current_basecase:2027Q2; scenario_inputs/scenario_input_wide.parquet:PED:population (2026Q3; 2026Q4; 2027Q1; 2027Q2); VFM 202405 Base uptake shares; BEFU26 rate cells AB5; AB7; AB9,source_backed,base pool (conventional / VFM Base conventional share) * VFM Base Light BEV share,PED__VNEXT_SOLVED_CONVEX_TOP2; dynamic_RESID_GBR_n150_d1_lr0.05_w36; HEAVY_RUC__VNEXT_SOLVED_CONVEX_TOP4,False,current_finalist_forecast,,2026Q3; 2026Q4; 2027Q1; 2027Q2,2026Q3; 2026Q4; 2027Q1; 2027Q2,False,False,True
light_bev_ruc_net_km,Light BEV RUC net km,Current finalist High population/comparison,current finalist comparison,in_house_current_finalist,current_finalist_forecast,current_comparison_1,Current planned path,FY2027,2027,1548.6994354135409,million km,future_forecast,current_forecast,forecast_scenario_comparison.parquet; official_annual.csv,data/current_revenue_outlook/revenue_chart_rows.csv:current_comparison_1:2026Q3; data/current_revenue_outlook/revenue_chart_rows.csv:current_comparison_1:2026Q4; data/current_revenue_outlook/revenue_chart_rows.csv:current_comparison_1:2027Q1; data/current_revenue_outlook/revenue_chart_rows.csv:current_comparison_1:2027Q2; data/current_revenue_outlook/revenue_chart_rows.csv:current_comparison_1:2026Q3; data/current_revenue_outlook/revenue_chart_rows.csv:current_comparison_1:2026Q4; data/current_revenue_outlook/revenue_chart_rows.csv:current_comparison_1:2027Q1; data/current_revenue_outlook/revenue_chart_rows.csv:current_comparison_1:2027Q2; scenario_inputs/scenario_input_wide.parquet:PED:population (2026Q3; 2026Q4; 2027Q1; 2027Q2); VFM 202405 Base uptake shares; BEFU26 rate cells AB5; AB7; AB9,source_backed,base pool (conventional / VFM Base conventional share) * VFM Base Light BEV share,PED__VNEXT_SOLVED_CONVEX_TOP2; dynamic_RESID_GBR_n150_d1_lr0.05_w36; HEAVY_RUC__VNEXT_SOLVED_CONVEX_TOP4,False,current_finalist_forecast,,2026Q3; 2026Q4; 2027Q1; 2027Q2,2026Q3; 2026Q4; 2027Q1; 2027Q2,False,False,True
light_bev_ruc_net_km,Light BEV RUC net km,MBU26 official,MBU26 official,official_external_comparator,mbu26_official,mbu26_official,MBU26,FY2027,2027,1572.19480045545,million km,official_comparator,mbu26_official_forecast,mbu26_annual_spine.csv,AC12,ST_FORECAST,,,False,official_forecast,,,,False,False,True
light_bev_ruc_net_revenue,Light BEV RUC net revenue,Actual,Actual,source_actual,actual_benchmark,actual,,FY2024,2024,28.0351797217391,$m nominal ex GST,historical_actual,befu26_complete_actual_line,annual_spine.csv,Y30,ACTUAL,,,False,actual,2023Q3; 2023Q4; 2024Q1; 2024Q2,,2023Q3; 2023Q4; 2024Q1; 2024Q2,False,False,True
light_bev_ruc_net_revenue,Light BEV RUC net revenue,Actual,Actual,source_actual,actual_benchmark,actual,,FY2025,2025,55.4022559304348,$m nominal ex GST,historical_actual,befu26_complete_actual_line,annual_spine.csv,Z30,ACTUAL,,,False,actual,2024Q3; 2024Q4; 2025Q1; 2025Q2,,2024Q3; 2024Q4; 2025Q1; 2025Q2,True,False,True
light_bev_ruc_net_revenue,Light BEV RUC net revenue,Current finalist Base case,current finalist base,in_house_current_finalist,current_finalist_forecast,current_basecase,Current planned path,FY2025,2025,55.4022559304348,$m nominal ex GST,future_forecast,actual_anchor,annual_spine.csv,Z30,ACTUAL,,PED__VNEXT_SOLVED_CONVEX_TOP2; dynamic_RESID_GBR_n150_d1_lr0.05_w36; HEAVY_RUC__VNEXT_SOLVED_CONVEX_TOP4,True,Actual anchor,2024Q3; 2024Q4; 2025Q1; 2025Q2,,2024Q3; 2024Q4; 2025Q1; 2025Q2,True,False,True
light_bev_ruc_net_revenue,Light BEV RUC net revenue,Current finalist High population/comparison,current finalist comparison,in_house_current_finalist,current_finalist_forecast,current_comparison_1,Current planned path,FY2025,2025,55.4022559304348,$m nominal ex GST,future_forecast,actual_anchor,annual_spine.csv,Z30,ACTUAL,,PED__VNEXT_SOLVED_CONVEX_TOP2; dynamic_RESID_GBR_n150_d1_lr0.05_w36; HEAVY_RUC__VNEXT_SOLVED_CONVEX_TOP4,True,Actual anchor,2024Q3; 2024Q4; 2025Q1; 2025Q2,,2024Q3; 2024Q4; 2025Q1; 2025Q2,True,False,True
light_bev_ruc_net_revenue,Light BEV RUC net revenue,BEFU26 official,BEFU26 official,official_external_comparator,befu26_official,befu26_official,BEFU26,FY2026,2026,81.4648074039889,$m nominal ex GST,official_comparator,befu26_official_forecast,annual_spine.csv,AA30,ST_FORECAST,,,False,official_forecast,,,,False,False,True
light_bev_ruc_net_revenue,Light BEV RUC net revenue,Current finalist Base case,current finalist base,in_house_current_finalist,current_finalist_forecast,current_basecase,Current planned path,FY2026,2026,83.42985462699842,$m nominal ex GST,future_forecast,current_nowcast,forecast_scenario_comparison.parquet; official_annual.csv,data/current_revenue_outlook/revenue_chart_rows.csv:historical_actual:2025Q3; data/current_revenue_outlook/revenue_chart_rows.csv:historical_actual:2025Q4; data/current_revenue_outlook/revenue_chart_rows.csv:current_basecase:2026Q1; data/current_revenue_outlook/revenue_chart_rows.csv:current_basecase:2026Q2; data/current_revenue_outlook/revenue_chart_rows.csv:historical_actual:2025Q3; data/current_revenue_outlook/revenue_chart_rows.csv:historical_actual:2025Q4; data/current_revenue_outlook/revenue_chart_rows.csv:historical_actual:2026Q1; data/current_revenue_outlook/revenue_chart_rows.csv:current_basecase:2026Q2; scenario_inputs/scenario_input_wide.parquet:PED:population (2026Q1; 2026Q2); official_annual.csv:population_proxy (2025Q3; 2025Q4); VFM 202405 Base uptake shares; BEFU26 rate cells AA5; AA7; AA9,source_backed,allocated Light BEV RUC km * BEFU26 Light BEV effective rate,PED__VNEXT_SOLVED_CONVEX_TOP2; dynamic_RESID_GBR_n150_d1_lr0.05_w36; HEAVY_RUC__VNEXT_SOLVED_CONVEX_TOP4,True,Current-finalist FY nowcast (2 actual + 2 forecast),2025Q3; 2025Q4,2026Q1; 2026Q2,2025Q3; 2025Q4; 2026Q1; 2026Q2,False,True,True
light_bev_ruc_net_revenue,Light BEV RUC net revenue,Current finalist High population/comparison,current finalist comparison,in_house_current_finalist,current_finalist_forecast,current_comparison_1,Current planned path,FY2026,2026,83.48478769227508,$m nominal ex GST,future_forecast,current_nowcast,forecast_scenario_comparison.parquet; official_annual.csv,data/current_revenue_outlook/revenue_chart_rows.csv:historical_actual:2025Q3; data/current_revenue_outlook/revenue_chart_rows.csv:historical_actual:2025Q4; data/current_revenue_outlook/revenue_chart_rows.csv:current_comparison_1:2026Q1; data/current_revenue_outlook/revenue_chart_rows.csv:current_comparison_1:2026Q2; data/current_revenue_outlook/revenue_chart_rows.csv:historical_actual:2025Q3; data/current_revenue_outlook/revenue_chart_rows.csv:historical_actual:2025Q4; data/current_revenue_outlook/revenue_chart_rows.csv:historical_actual:2026Q1; data/current_revenue_outlook/revenue_chart_rows.csv:current_comparison_1:2026Q2; scenario_inputs/scenario_input_wide.parquet:PED:population (2026Q1; 2026Q2); official_annual.csv:population_proxy (2025Q3; 2025Q4); VFM 202405 Base uptake shares; BEFU26 rate cells AA5; AA7; AA9,source_backed,allocated Light BEV RUC km * BEFU26 Light BEV effective rate,PED__VNEXT_SOLVED_CONVEX_TOP2; dynamic_RESID_GBR_n150_d1_lr0.05_w36; HEAVY_RUC__VNEXT_SOLVED_CONVEX_TOP4,True,Current-finalist FY nowcast (2 actual + 2 forecast),2025Q3; 2025Q4,2026Q1; 2026Q2,2025Q3; 2025Q4; 2026Q1; 2026Q2,False,True,True
light_bev_ruc_net_revenue,Light BEV RUC net revenue,MBU26 official,MBU26 official,official_external_comparator,mbu26_official,mbu26_official,MBU26,FY2026,2026,81.4648074039889,$m nominal ex GST,official_comparator,mbu26_official_forecast,mbu26_annual_spine.csv,AB35,ST_FORECAST,,,False,official_forecast,,,,False,False,True
light_bev_ruc_net_revenue,Light BEV RUC net revenue,BEFU26 official,BEFU26 official,official_external_comparator,befu26_official,befu26_official,BEFU26,FY2027,2027,114.634116955081,$m nominal ex GST,official_comparator,befu26_official_forecast,annual_spine.csv,AB30,ST_FORECAST,,,False,official_forecast,,,,False,False,True
light_bev_ruc_net_revenue,Light BEV RUC net revenue,Current finalist Base case,current finalist base,in_house_current_finalist,current_finalist_forecast,current_basecase,Current planned path,FY2027,2027,112.24552225578641,$m nominal ex GST,future_forecast,current_forecast,forecast_scenario_comparison.parquet; official_annual.csv,data/current_revenue_outlook/revenue_chart_rows.csv:current_basecase:2026Q3; data/current_revenue_outlook/revenue_chart_rows.csv:current_basecase:2026Q4; data/current_revenue_outlook/revenue_chart_rows.csv:current_basecase:2027Q1; data/current_revenue_outlook/revenue_chart_rows.csv:current_basecase:2027Q2; data/current_revenue_outlook/revenue_chart_rows.csv:current_basecase:2026Q3; data/current_revenue_outlook/revenue_chart_rows.csv:current_basecase:2026Q4; data/current_revenue_outlook/revenue_chart_rows.csv:current_basecase:2027Q1; data/current_revenue_outlook/revenue_chart_rows.csv:current_basecase:2027Q2; scenario_inputs/scenario_input_wide.parquet:PED:population (2026Q3; 2026Q4; 2027Q1; 2027Q2); VFM 202405 Base uptake shares; BEFU26 rate cells AB5; AB7; AB9,source_backed,allocated Light BEV RUC km * BEFU26 Light BEV effective rate,PED__VNEXT_SOLVED_CONVEX_TOP2; dynamic_RESID_GBR_n150_d1_lr0.05_w36; HEAVY_RUC__VNEXT_SOLVED_CONVEX_TOP4,True,current_finalist_forecast,,2026Q3; 2026Q4; 2027Q1; 2027Q2,2026Q3; 2026Q4; 2027Q1; 2027Q2,False,False,True
light_bev_ruc_net_revenue,Light BEV RUC net revenue,Current finalist High population/comparison,current finalist comparison,in_house_current_finalist,current_finalist_forecast,current_comparison_1,Current planned path,FY2027,2027,112.9209892794671,$m nominal ex GST,future_forecast,current_forecast,forecast_scenario_comparison.parquet; official_annual.csv,data/current_revenue_outlook/revenue_chart_rows.csv:current_comparison_1:2026Q3; data/current_revenue_outlook/revenue_chart_rows.csv:current_comparison_1:2026Q4; data/current_revenue_outlook/revenue_chart_rows.csv:current_comparison_1:2027Q1; data/current_revenue_outlook/revenue_chart_rows.csv:current_comparison_1:2027Q2; data/current_revenue_outlook/revenue_chart_rows.csv:current_comparison_1:2026Q3; data/current_revenue_outlook/revenue_chart_rows.csv:current_comparison_1:2026Q4; data/current_revenue_outlook/revenue_chart_rows.csv:current_comparison_1:2027Q1; data/current_revenue_outlook/revenue_chart_rows.csv:current_comparison_1:2027Q2; scenario_inputs/scenario_input_wide.parquet:PED:population (2026Q3; 2026Q4; 2027Q1; 2027Q2); VFM 202405 Base uptake shares; BEFU26 rate cells AB5; AB7; AB9,source_backed,allocated Light BEV RUC km * BEFU26 Light BEV effective rate,PED__VNEXT_SOLVED_CONVEX_TOP2; dynamic_RESID_GBR_n150_d1_lr0.05_w36; HEAVY_RUC__VNEXT_SOLVED_CONVEX_TOP4,True,current_finalist_forecast,,2026Q3; 2026Q4; 2027Q1; 2027Q2,2026Q3; 2026Q4; 2027Q1; 2027Q2,False,False,True
light_bev_ruc_net_revenue,Light BEV RUC net revenue,MBU26 official,MBU26 official,official_external_comparator,mbu26_official,mbu26_official,MBU26,FY2027,2027,114.634116955081,$m nominal ex GST,official_comparator,mbu26_official_forecast,mbu26_annual_spine.csv,AC35,ST_FORECAST,,,False,official_forecast,,,,False,False,True
light_ruc_net_km,Light RUC net km,Actual,Actual,source_actual,actual_benchmark,actual,,FY2024,2024,10355.550659,million km,historical_actual,befu26_complete_actual_line,annual_spine.csv,Y5,ACTUAL,,,False,actual,2023Q3; 2023Q4; 2024Q1; 2024Q2,,2023Q3; 2023Q4; 2024Q1; 2024Q2,False,False,True
light_ruc_net_km,Light RUC net km,Actual,Actual,source_actual,actual_benchmark,actual,,FY2025,2025,12273.983872,million km,historical_actual,befu26_complete_actual_line,annual_spine.csv,Z5,ACTUAL,,,False,actual,2024Q3; 2024Q4; 2025Q1; 2025Q2,,2024Q3; 2024Q4; 2025Q1; 2025Q2,True,False,True
light_ruc_net_km,Light RUC net km,Current finalist Base case,current finalist base,in_house_current_finalist,current_finalist_forecast,current_basecase,Current planned path,FY2025,2025,12273.983872,million km,future_forecast,actual_anchor,annual_spine.csv,Z5,ACTUAL,,dynamic_RESID_GBR_n150_d1_lr0.05_w36,False,Actual anchor,2024Q3; 2024Q4; 2025Q1; 2025Q2,,2024Q3; 2024Q4; 2025Q1; 2025Q2,True,False,True
light_ruc_net_km,Light RUC net km,Current finalist High population/comparison,current finalist comparison,in_house_current_finalist,current_finalist_forecast,current_comparison_1,Current planned path,FY2025,2025,12273.983872,million km,future_forecast,actual_anchor,annual_spine.csv,Z5,ACTUAL,,dynamic_RESID_GBR_n150_d1_lr0.05_w36,False,Actual anchor,2024Q3; 2024Q4; 2025Q1; 2025Q2,,2024Q3; 2024Q4; 2025Q1; 2025Q2,True,False,True
light_ruc_net_km,Light RUC net km,BEFU26 official,BEFU26 official,official_external_comparator,befu26_official,befu26_official,BEFU26,FY2026,2026,12707.9889982716,million km,official_comparator,befu26_official_forecast,annual_spine.csv,AA5,ST_FORECAST,,,False,official_forecast,,,,False,False,True
light_ruc_net_km,Light RUC net km,Current finalist Base case,current finalist base,in_house_current_finalist,current_finalist_forecast,current_basecase,Current planned path,FY2026,2026,12805.016492073193,million km,future_forecast,current_nowcast,forecast_scenario_comparison.parquet; official_annual.csv,data/current_revenue_outlook/revenue_chart_rows.csv:historical_actual:2025Q3; data/current_revenue_outlook/revenue_chart_rows.csv:historical_actual:2025Q4; data/current_revenue_outlook/revenue_chart_rows.csv:current_basecase:2026Q1; data/current_revenue_outlook/revenue_chart_rows.csv:current_basecase:2026Q2; data/current_revenue_outlook/revenue_chart_rows.csv:historical_actual:2025Q3; data/current_revenue_outlook/revenue_chart_rows.csv:historical_actual:2025Q4; data/current_revenue_outlook/revenue_chart_rows.csv:historical_actual:2026Q1; data/current_revenue_outlook/revenue_chart_rows.csv:current_basecase:2026Q2; scenario_inputs/scenario_input_wide.parquet:PED:population (2026Q1; 2026Q2); official_annual.csv:population_proxy (2025Q3; 2025Q4); VFM 202405 Base uptake shares; BEFU26 rate cells AA5; AA7; AA9,source_backed,raw Light RUC conventional model forecast (preserved exactly under the Base uptake basis),dynamic_RESID_GBR_n150_d1_lr0.05_w36,False,Current-finalist FY nowcast (3 actual + 1 forecast),2025Q3; 2025Q4; 2026Q1,2026Q2,2025Q3; 2025Q4; 2026Q1; 2026Q2,False,True,True
light_ruc_net_km,Light RUC net km,Current finalist High population/comparison,current finalist comparison,in_house_current_finalist,current_finalist_forecast,current_comparison_1,Current planned path,FY2026,2026,12813.447752201508,million km,future_forecast,current_nowcast,forecast_scenario_comparison.parquet; official_annual.csv,data/current_revenue_outlook/revenue_chart_rows.csv:historical_actual:2025Q3; data/current_revenue_outlook/revenue_chart_rows.csv:historical_actual:2025Q4; data/current_revenue_outlook/revenue_chart_rows.csv:current_comparison_1:2026Q1; data/current_revenue_outlook/revenue_chart_rows.csv:current_comparison_1:2026Q2; data/current_revenue_outlook/revenue_chart_rows.csv:historical_actual:2025Q3; data/current_revenue_outlook/revenue_chart_rows.csv:historical_actual:2025Q4; data/current_revenue_outlook/revenue_chart_rows.csv:historical_actual:2026Q1; data/current_revenue_outlook/revenue_chart_rows.csv:current_comparison_1:2026Q2; scenario_inputs/scenario_input_wide.parquet:PED:population (2026Q1; 2026Q2); official_annual.csv:population_proxy (2025Q3; 2025Q4); VFM 202405 Base uptake shares; BEFU26 rate cells AA5; AA7; AA9,source_backed,raw Light RUC conventional model forecast (preserved exactly under the Base uptake basis),dynamic_RESID_GBR_n150_d1_lr0.05_w36,False,Current-finalist FY nowcast (3 actual + 1 forecast),2025Q3; 2025Q4; 2026Q1,2026Q2,2025Q3; 2025Q4; 2026Q1; 2026Q2,False,True,True
light_ruc_net_km,Light RUC net km,MBU26 official,MBU26 official,official_external_comparator,mbu26_official,mbu26_official,MBU26,FY2026,2026,12899.1247322853,million km,official_comparator,mbu26_official_forecast,mbu26_annual_spine.csv,AB10,ST_FORECAST,,,False,official_forecast,,,,False,False,True
light_ruc_net_km,Light RUC net km,BEFU26 official,BEFU26 official,official_external_comparator,befu26_official,befu26_official,BEFU26,FY2027,2027,12458.8356197041,million km,official_comparator,befu26_official_forecast,annual_spine.csv,AB5,ST_FORECAST,,,False,official_forecast,,,,False,False,True
light_ruc_net_km,Light RUC net km,Current finalist Base case,current finalist base,in_house_current_finalist,current_finalist_forecast,current_basecase,Current planned path,FY2027,2027,12884.412921103954,million km,future_forecast,current_forecast,forecast_scenario_comparison.parquet; official_annual.csv,data/current_revenue_outlook/revenue_chart_rows.csv:current_basecase:2026Q3; data/current_revenue_outlook/revenue_chart_rows.csv:current_basecase:2026Q4; data/current_revenue_outlook/revenue_chart_rows.csv:current_basecase:2027Q1; data/current_revenue_outlook/revenue_chart_rows.csv:current_basecase:2027Q2; data/current_revenue_outlook/revenue_chart_rows.csv:current_basecase:2026Q3; data/current_revenue_outlook/revenue_chart_rows.csv:current_basecase:2026Q4; data/current_revenue_outlook/revenue_chart_rows.csv:current_basecase:2027Q1; data/current_revenue_outlook/revenue_chart_rows.csv:current_basecase:2027Q2; scenario_inputs/scenario_input_wide.parquet:PED:population (2026Q3; 2026Q4; 2027Q1; 2027Q2); VFM 202405 Base uptake shares; BEFU26 rate cells AB5; AB7; AB9,source_backed,raw Light RUC conventional model forecast (preserved exactly under the Base uptake basis),dynamic_RESID_GBR_n150_d1_lr0.05_w36,False,current_finalist_forecast,,2026Q3; 2026Q4; 2027Q1; 2027Q2,2026Q3; 2026Q4; 2027Q1; 2027Q2,False,False,True
light_ruc_net_km,Light RUC net km,Current finalist High population/comparison,current finalist comparison,in_house_current_finalist,current_finalist_forecast,current_comparison_1,Current planned path,FY2027,2027,12961.948272829242,million km,future_forecast,current_forecast,forecast_scenario_comparison.parquet; official_annual.csv,data/current_revenue_outlook/revenue_chart_rows.csv:current_comparison_1:2026Q3; data/current_revenue_outlook/revenue_chart_rows.csv:current_comparison_1:2026Q4; data/current_revenue_outlook/revenue_chart_rows.csv:current_comparison_1:2027Q1; data/current_revenue_outlook/revenue_chart_rows.csv:current_comparison_1:2027Q2; data/current_revenue_outlook/revenue_chart_rows.csv:current_comparison_1:2026Q3; data/current_revenue_outlook/revenue_chart_rows.csv:current_comparison_1:2026Q4; data/current_revenue_outlook/revenue_chart_rows.csv:current_comparison_1:2027Q1; data/current_revenue_outlook/revenue_chart_rows.csv:current_comparison_1:2027Q2; scenario_inputs/scenario_input_wide.parquet:PED:population (2026Q3; 2026Q4; 2027Q1; 2027Q2); VFM 202405 Base uptake shares; BEFU26 rate cells AB5; AB7; AB9,source_backed,raw Light RUC conventional model forecast (preserved exactly under the Base uptake basis),dynamic_RESID_GBR_n150_d1_lr0.05_w36,False,current_finalist_forecast,,2026Q3; 2026Q4; 2027Q1; 2027Q2,2026Q3; 2026Q4; 2027Q1; 2027Q2,False,False,True
light_ruc_net_km,Light RUC net km,MBU26 official,MBU26 official,official_external_comparator,mbu26_official,mbu26_official,MBU26,FY2027,2027,12939.636710647,million km,official_comparator,mbu26_official_forecast,mbu26_annual_spine.csv,AC10,ST_FORECAST,,,False,official_forecast,,,,False,False,True
light_ruc_net_revenue,Light RUC revenue,Actual,Actual,source_actual,actual_benchmark,actual,,FY2024,2024,696.350840121739,$m nominal ex GST,historical_actual,befu26_complete_actual_line,annual_spine.csv,Y28,ACTUAL,,,False,actual,2023Q3; 2023Q4; 2024Q1; 2024Q2,,2023Q3; 2023Q4; 2024Q1; 2024Q2,False,False,True
light_ruc_net_revenue,Light RUC revenue,Actual,Actual,source_actual,actual_benchmark,actual,,FY2025,2025,830.974453217391,$m nominal ex GST,historical_actual,befu26_complete_actual_line,annual_spine.csv,Z28,ACTUAL,,,False,actual,2024Q3; 2024Q4; 2025Q1; 2025Q2,,2024Q3; 2024Q4; 2025Q1; 2025Q2,True,False,True
light_ruc_net_revenue,Light RUC revenue,Current finalist Base case,current finalist base,in_house_current_finalist,current_finalist_forecast,current_basecase,Current planned path,FY2025,2025,830.974453217391,$m nominal ex GST,future_forecast,actual_anchor,annual_spine.csv,Z28,ACTUAL,,dynamic_RESID_GBR_n150_d1_lr0.05_w36,True,Actual anchor,2024Q3; 2024Q4; 2025Q1; 2025Q2,,2024Q3; 2024Q4; 2025Q1; 2025Q2,True,False,True
light_ruc_net_revenue,Light RUC revenue,Current finalist High population/comparison,current finalist comparison,in_house_current_finalist,current_finalist_forecast,current_comparison_1,Current planned path,FY2025,2025,830.974453217391,$m nominal ex GST,future_forecast,actual_anchor,annual_spine.csv,Z28,ACTUAL,,dynamic_RESID_GBR_n150_d1_lr0.05_w36,True,Actual anchor,2024Q3; 2024Q4; 2025Q1; 2025Q2,,2024Q3; 2024Q4; 2025Q1; 2025Q2,True,False,True
light_ruc_net_revenue,Light RUC revenue,BEFU26 official,BEFU26 official,official_external_comparator,befu26_official,befu26_official,BEFU26,FY2026,2026,860.866112388873,$m nominal ex GST,official_comparator,befu26_official_forecast,annual_spine.csv,AA28,ST_FORECAST,,,False,official_forecast,,,,False,False,True
light_ruc_net_revenue,Light RUC revenue,Current finalist Base case,current finalist base,in_house_current_finalist,current_finalist_forecast,current_basecase,Current planned path,FY2026,2026,867.4389604921547,$m nominal ex GST,future_forecast,current_nowcast,forecast_scenario_comparison.parquet; official_annual.csv,data/current_revenue_outlook/revenue_chart_rows.csv:historical_actual:2025Q3; data/current_revenue_outlook/revenue_chart_rows.csv:historical_actual:2025Q4; data/current_revenue_outlook/revenue_chart_rows.csv:current_basecase:2026Q1; data/current_revenue_outlook/revenue_chart_rows.csv:current_basecase:2026Q2; data/current_revenue_outlook/revenue_chart_rows.csv:historical_actual:2025Q3; data/current_revenue_outlook/revenue_chart_rows.csv:historical_actual:2025Q4; data/current_revenue_outlook/revenue_chart_rows.csv:historical_actual:2026Q1; data/current_revenue_outlook/revenue_chart_rows.csv:current_basecase:2026Q2; scenario_inputs/scenario_input_wide.parquet:PED:population (2026Q1; 2026Q2); official_annual.csv:population_proxy (2025Q3; 2025Q4); VFM 202405 Base uptake shares; BEFU26 rate cells AA5; AA7; AA9,source_backed,conventional Light RUC km * BEFU26 conventional Light effective rate,dynamic_RESID_GBR_n150_d1_lr0.05_w36,True,Current-finalist FY nowcast (3 actual + 1 forecast),2025Q3; 2025Q4; 2026Q1,2026Q2,2025Q3; 2025Q4; 2026Q1; 2026Q2,False,True,True
light_ruc_net_revenue,Light RUC revenue,Current finalist High population/comparison,current finalist comparison,in_house_current_finalist,current_finalist_forecast,current_comparison_1,Current planned path,FY2026,2026,868.010111925335,$m nominal ex GST,future_forecast,current_nowcast,forecast_scenario_comparison.parquet; official_annual.csv,data/current_revenue_outlook/revenue_chart_rows.csv:historical_actual:2025Q3; data/current_revenue_outlook/revenue_chart_rows.csv:historical_actual:2025Q4; data/current_revenue_outlook/revenue_chart_rows.csv:current_comparison_1:2026Q1; data/current_revenue_outlook/revenue_chart_rows.csv:current_comparison_1:2026Q2; data/current_revenue_outlook/revenue_chart_rows.csv:historical_actual:2025Q3; data/current_revenue_outlook/revenue_chart_rows.csv:historical_actual:2025Q4; data/current_revenue_outlook/revenue_chart_rows.csv:historical_actual:2026Q1; data/current_revenue_outlook/revenue_chart_rows.csv:current_comparison_1:2026Q2; scenario_inputs/scenario_input_wide.parquet:PED:population (2026Q1; 2026Q2); official_annual.csv:population_proxy (2025Q3; 2025Q4); VFM 202405 Base uptake shares; BEFU26 rate cells AA5; AA7; AA9,source_backed,conventional Light RUC km * BEFU26 conventional Light effective rate,dynamic_RESID_GBR_n150_d1_lr0.05_w36,True,Current-finalist FY nowcast (3 actual + 1 forecast),2025Q3; 2025Q4; 2026Q1,2026Q2,2025Q3; 2025Q4; 2026Q1; 2026Q2,False,True,True
light_ruc_net_revenue,Light RUC revenue,MBU26 official,MBU26 official,official_external_comparator,mbu26_official,mbu26_official,MBU26,FY2026,2026,873.815974346887,$m nominal ex GST,official_comparator,mbu26_official_forecast,mbu26_annual_spine.csv,AB33,ST_FORECAST,,,False,official_forecast,,,,False,False,True
light_ruc_net_revenue,Light RUC revenue,BEFU26 official,BEFU26 official,official_external_comparator,befu26_official,befu26_official,BEFU26,FY2027,2027,909.106161645825,$m nominal ex GST,official_comparator,befu26_official_forecast,annual_spine.csv,AB28,ST_FORECAST,,,False,official_forecast,,,,False,False,True
light_ruc_net_revenue,Light RUC revenue,Current finalist Base case,current finalist base,in_house_current_finalist,current_finalist_forecast,current_basecase,Current planned path,FY2027,2027,940.1600224373842,$m nominal ex GST,future_forecast,current_forecast,forecast_scenario_comparison.parquet; official_annual.csv,data/current_revenue_outlook/revenue_chart_rows.csv:current_basecase:2026Q3; data/current_revenue_outlook/revenue_chart_rows.csv:current_basecase:2026Q4; data/current_revenue_outlook/revenue_chart_rows.csv:current_basecase:2027Q1; data/current_revenue_outlook/revenue_chart_rows.csv:current_basecase:2027Q2; data/current_revenue_outlook/revenue_chart_rows.csv:current_basecase:2026Q3; data/current_revenue_outlook/revenue_chart_rows.csv:current_basecase:2026Q4; data/current_revenue_outlook/revenue_chart_rows.csv:current_basecase:2027Q1; data/current_revenue_outlook/revenue_chart_rows.csv:current_basecase:2027Q2; scenario_inputs/scenario_input_wide.parquet:PED:population (2026Q3; 2026Q4; 2027Q1; 2027Q2); VFM 202405 Base uptake shares; BEFU26 rate cells AB5; AB7; AB9,source_backed,conventional Light RUC km * BEFU26 conventional Light effective rate,dynamic_RESID_GBR_n150_d1_lr0.05_w36,True,current_finalist_forecast,,2026Q3; 2026Q4; 2027Q1; 2027Q2,2026Q3; 2026Q4; 2027Q1; 2027Q2,False,False,True
light_ruc_net_revenue,Light RUC revenue,Current finalist High population/comparison,current finalist comparison,in_house_current_finalist,current_finalist_forecast,current_comparison_1,Current planned path,FY2027,2027,945.8176832453779,$m nominal ex GST,future_forecast,current_forecast,forecast_scenario_comparison.parquet; official_annual.csv,data/current_revenue_outlook/revenue_chart_rows.csv:current_comparison_1:2026Q3; data/current_revenue_outlook/revenue_chart_rows.csv:current_comparison_1:2026Q4; data/current_revenue_outlook/revenue_chart_rows.csv:current_comparison_1:2027Q1; data/current_revenue_outlook/revenue_chart_rows.csv:current_comparison_1:2027Q2; data/current_revenue_outlook/revenue_chart_rows.csv:current_comparison_1:2026Q3; data/current_revenue_outlook/revenue_chart_rows.csv:current_comparison_1:2026Q4; data/current_revenue_outlook/revenue_chart_rows.csv:current_comparison_1:2027Q1; data/current_revenue_outlook/revenue_chart_rows.csv:current_comparison_1:2027Q2; scenario_inputs/scenario_input_wide.parquet:PED:population (2026Q3; 2026Q4; 2027Q1; 2027Q2); VFM 202405 Base uptake shares; BEFU26 rate cells AB5; AB7; AB9,source_backed,conventional Light RUC km * BEFU26 conventional Light effective rate,dynamic_RESID_GBR_n150_d1_lr0.05_w36,True,current_finalist_forecast,,2026Q3; 2026Q4; 2027Q1; 2027Q2,2026Q3; 2026Q4; 2027Q1; 2027Q2,False,False,True
light_ruc_net_revenue,Light RUC revenue,MBU26 official,MBU26 official,official_external_comparator,mbu26_official,mbu26_official,MBU26,FY2027,2027,943.716988712666,$m nominal ex GST,official_comparator,mbu26_official_forecast,mbu26_annual_spine.csv,AC33,ST_FORECAST,,,False,official_forecast,,,,False,False,True
net_fed_revenue,Net FED revenue,Actual,Actual,source_actual,actual_benchmark,actual,,FY2024,2024,2006.92979505,$m nominal ex GST,historical_actual,befu26_complete_actual_line,annual_spine.csv,Y45,ACTUAL,gross_fed_revenue - fed_refunds,,False,actual,2023Q3; 2023Q4; 2024Q1; 2024Q2,,2023Q3; 2023Q4; 2024Q1; 2024Q2,False,False,True
net_fed_revenue,Net FED revenue,Actual,Actual,source_actual,actual_benchmark,actual,,FY2025,2025,1997.7271466,$m nominal ex GST,historical_actual,befu26_complete_actual_line,annual_spine.csv,Z45,ACTUAL,gross_fed_revenue - fed_refunds,,False,actual,2024Q3; 2024Q4; 2025Q1; 2025Q2,,2024Q3; 2024Q4; 2025Q1; 2025Q2,True,False,True
net_fed_revenue,Net FED revenue,Current finalist Base case,current finalist base,in_house_current_finalist,current_finalist_forecast,current_basecase,Current planned path,FY2025,2025,1997.7271466,$m nominal ex GST,future_forecast,actual_anchor,annual_spine.csv,Z45,ACTUAL,gross_fed_revenue - fed_refunds,PED__VNEXT_SOLVED_CONVEX_TOP2,False,Actual anchor,2024Q3; 2024Q4; 2025Q1; 2025Q2,,2024Q3; 2024Q4; 2025Q1; 2025Q2,True,False,True
net_fed_revenue,Net FED revenue,Current finalist High population/comparison,current finalist comparison,in_house_current_finalist,current_finalist_forecast,current_comparison_1,Current planned path,FY2025,2025,1997.7271466,$m nominal ex GST,future_forecast,actual_anchor,annual_spine.csv,Z45,ACTUAL,gross_fed_revenue - fed_refunds,PED__VNEXT_SOLVED_CONVEX_TOP2,False,Actual anchor,2024Q3; 2024Q4; 2025Q1; 2025Q2,,2024Q3; 2024Q4; 2025Q1; 2025Q2,True,False,True
net_fed_revenue,Net FED revenue,BEFU26 official,BEFU26 official,official_external_comparator,befu26_official,befu26_official,BEFU26,FY2026,2026,2007.89765301342,$m nominal ex GST,official_comparator,befu26_official_forecast,annual_spine.csv,AA45,ST_FORECAST,gross_fed_revenue - fed_refunds,,False,official_forecast,,,,False,False,True
net_fed_revenue,Net FED revenue,Current finalist Base case,current finalist base,in_house_current_finalist,current_finalist_forecast,current_basecase,Current planned path,FY2026,2026,2114.6925455991745,$m nominal ex GST,future_forecast,current_nowcast,current_hybrid_formula,current_revenue_outlook:current_basecase:FY2026,source_backed,gross_fed_revenue - BEFU26 fed_refunds,PED__VNEXT_SOLVED_CONVEX_TOP2,False,Current-finalist FY nowcast (2 actual + 2 forecast),2025Q3; 2025Q4,2026Q1; 2026Q2,2025Q3; 2025Q4; 2026Q1; 2026Q2,False,True,True
net_fed_revenue,Net FED revenue,Current finalist High population/comparison,current finalist comparison,in_house_current_finalist,current_finalist_forecast,current_comparison_1,Current planned path,FY2026,2026,2116.9648934992833,$m nominal ex GST,future_forecast,current_nowcast,current_hybrid_formula,current_revenue_outlook:current_comparison_1:FY2026,source_backed,gross_fed_revenue - BEFU26 fed_refunds,PED__VNEXT_SOLVED_CONVEX_TOP2,False,Current-finalist FY nowcast (2 actual + 2 forecast),2025Q3; 2025Q4,2026Q1; 2026Q2,2025Q3; 2025Q4; 2026Q1; 2026Q2,False,True,True
net_fed_revenue,Net FED revenue,MBU26 official,MBU26 official,official_external_comparator,mbu26_official,mbu26_official,MBU26,FY2026,2026,2031.56232478189,$m nominal ex GST,official_comparator,mbu26_official_forecast,mbu26_annual_spine.csv,AB50,ST_FORECAST,gross_fed_revenue - fed_refunds,,False,official_forecast,,,,False,False,True
net_fed_revenue,Net FED revenue,BEFU26 official,BEFU26 official,official_external_comparator,befu26_official,befu26_official,BEFU26,FY2027,2027,2123.48097040027,$m nominal ex GST,official_comparator,befu26_official_forecast,annual_spine.csv,AB45,ST_FORECAST,gross_fed_revenue - fed_refunds,,False,official_forecast,,,,False,False,True
net_fed_revenue,Net FED revenue,Current finalist Base case,current finalist base,in_house_current_finalist,current_finalist_forecast,current_basecase,Current planned path,FY2027,2027,2233.1768916064866,$m nominal ex GST,future_forecast,current_forecast,current_hybrid_formula,current_revenue_outlook:current_basecase:FY2027,source_backed,gross_fed_revenue - BEFU26 fed_refunds,PED__VNEXT_SOLVED_CONVEX_TOP2,False,current_finalist_forecast,,2026Q3; 2026Q4; 2027Q1; 2027Q2,2026Q3; 2026Q4; 2027Q1; 2027Q2,False,False,True
net_fed_revenue,Net FED revenue,Current finalist High population/comparison,current finalist comparison,in_house_current_finalist,current_finalist_forecast,current_comparison_1,Current planned path,FY2027,2027,2247.974708697949,$m nominal ex GST,future_forecast,current_forecast,current_hybrid_formula,current_revenue_outlook:current_comparison_1:FY2027,source_backed,gross_fed_revenue - BEFU26 fed_refunds,PED__VNEXT_SOLVED_CONVEX_TOP2,False,current_finalist_forecast,,2026Q3; 2026Q4; 2027Q1; 2027Q2,2026Q3; 2026Q4; 2027Q1; 2027Q2,False,False,True
net_fed_revenue,Net FED revenue,MBU26 official,MBU26 official,official_external_comparator,mbu26_official,mbu26_official,MBU26,FY2027,2027,2161.40562344609,$m nominal ex GST,official_comparator,mbu26_official_forecast,mbu26_annual_spine.csv,AC50,ST_FORECAST,gross_fed_revenue - fed_refunds,,False,official_forecast,,,,False,False,True
net_mvr_revenue,Net MVR revenue,Actual,Actual,source_actual,actual_benchmark,actual,,FY2024,2024,232.27816723,$m nominal ex GST,historical_actual,befu26_complete_actual_line,annual_spine.csv,Y55,ACTUAL,mvr_revenue_net_admin_coo - mvr_refunds,,False,actual,2023Q3; 2023Q4; 2024Q1; 2024Q2,,2023Q3; 2023Q4; 2024Q1; 2024Q2,False,False,True
net_mvr_revenue,Net MVR revenue,Actual,Actual,source_actual,actual_benchmark,actual,,FY2025,2025,286.79349111,$m nominal ex GST,historical_actual,befu26_complete_actual_line,annual_spine.csv,Z55,ACTUAL,mvr_revenue_net_admin_coo - mvr_refunds,,False,actual,2024Q3; 2024Q4; 2025Q1; 2025Q2,,2024Q3; 2024Q4; 2025Q1; 2025Q2,True,False,True
net_mvr_revenue,Net MVR revenue,Current finalist Base case,current finalist base,in_house_current_finalist,current_finalist_forecast,current_basecase,Current planned path,FY2025,2025,286.79349111,$m nominal ex GST,future_forecast,actual_anchor,annual_spine.csv,Z55,ACTUAL,mvr_revenue_net_admin_coo - mvr_refunds,,False,Actual anchor,2024Q3; 2024Q4; 2025Q1; 2025Q2,,2024Q3; 2024Q4; 2025Q1; 2025Q2,True,False,True
net_mvr_revenue,Net MVR revenue,Current finalist High population/comparison,current finalist comparison,in_house_current_finalist,current_finalist_forecast,current_comparison_1,Current planned path,FY2025,2025,286.79349111,$m nominal ex GST,future_forecast,actual_anchor,annual_spine.csv,Z55,ACTUAL,mvr_revenue_net_admin_coo - mvr_refunds,,False,Actual anchor,2024Q3; 2024Q4; 2025Q1; 2025Q2,,2024Q3; 2024Q4; 2025Q1; 2025Q2,True,False,True
net_mvr_revenue,Net MVR revenue,BEFU26 official,BEFU26 official,official_external_comparator,befu26_official,befu26_official,BEFU26,FY2026,2026,393.874774521237,$m nominal ex GST,official_comparator,befu26_official_forecast,annual_spine.csv,AA55,ST_FORECAST,mvr_revenue_net_admin_coo - mvr_refunds,,False,official_forecast,,,,False,False,True
net_mvr_revenue,Net MVR revenue,Current finalist Base case,current finalist base,in_house_current_finalist,current_finalist_forecast,current_basecase,Current planned path,FY2026,2026,393.8747745212369,$m nominal ex GST,future_forecast,current_nowcast,official_annual.csv,AA55,source_backed,mvr_revenue_net_admin_coo - mvr_refunds,,False,Current-finalist FY nowcast (2 actual + 2 forecast),2025Q3; 2025Q4,2026Q1; 2026Q2,2025Q3; 2025Q4; 2026Q1; 2026Q2,False,True,True
net_mvr_revenue,Net MVR revenue,Current finalist High population/comparison,current finalist comparison,in_house_current_finalist,current_finalist_forecast,current_comparison_1,Current planned path,FY2026,2026,393.8747745212369,$m nominal ex GST,future_forecast,current_nowcast,official_annual.csv,AA55,source_backed,mvr_revenue_net_admin_coo - mvr_refunds,,False,Current-finalist FY nowcast (2 actual + 2 forecast),2025Q3; 2025Q4,2026Q1; 2026Q2,2025Q3; 2025Q4; 2026Q1; 2026Q2,False,True,True
net_mvr_revenue,Net MVR revenue,MBU26 official,MBU26 official,official_external_comparator,mbu26_official,mbu26_official,MBU26,FY2026,2026,425.129193528592,$m nominal ex GST,official_comparator,mbu26_official_forecast,mbu26_annual_spine.csv,AB60,ST_FORECAST,mvr_revenue_net_admin_coo - mvr_refunds,,False,official_forecast,,,,False,False,True
net_mvr_revenue,Net MVR revenue,BEFU26 official,BEFU26 official,official_external_comparator,befu26_official,befu26_official,BEFU26,FY2027,2027,484.046990172007,$m nominal ex GST,official_comparator,befu26_official_forecast,annual_spine.csv,AB55,ST_FORECAST,mvr_revenue_net_admin_coo - mvr_refunds,,False,official_forecast,,,,False,False,True
net_mvr_revenue,Net MVR revenue,Current finalist Base case,current finalist base,in_house_current_finalist,current_finalist_forecast,current_basecase,Current planned path,FY2027,2027,484.04699017200664,$m nominal ex GST,future_forecast,current_forecast,official_annual.csv,AB55,source_backed,mvr_revenue_net_admin_coo - mvr_refunds,,False,current_finalist_forecast,,2026Q3; 2026Q4; 2027Q1; 2027Q2,2026Q3; 2026Q4; 2027Q1; 2027Q2,False,False,True
net_mvr_revenue,Net MVR revenue,Current finalist High population/comparison,current finalist comparison,in_house_current_finalist,current_finalist_forecast,current_comparison_1,Current planned path,FY2027,2027,484.04699017200664,$m nominal ex GST,future_forecast,current_forecast,official_annual.csv,AB55,source_backed,mvr_revenue_net_admin_coo - mvr_refunds,,False,current_finalist_forecast,,2026Q3; 2026Q4; 2027Q1; 2027Q2,2026Q3; 2026Q4; 2027Q1; 2027Q2,False,False,True
net_mvr_revenue,Net MVR revenue,MBU26 official,MBU26 official,official_external_comparator,mbu26_official,mbu26_official,MBU26,FY2027,2027,496.149752150449,$m nominal ex GST,official_comparator,mbu26_official_forecast,mbu26_annual_spine.csv,AC60,ST_FORECAST,mvr_revenue_net_admin_coo - mvr_refunds,,False,official_forecast,,,,False,False,True
ped_vkt_per_capita,PED VKT per capita,Actual,Actual,source_actual,actual_benchmark,actual,,FY2024,2024,6110.2238322405,km/person,historical_actual,befu26_complete_actual_line,annual_spine.csv,Y12,ACTUAL,,,False,actual,2023Q3; 2023Q4; 2024Q1; 2024Q2,,2023Q3; 2023Q4; 2024Q1; 2024Q2,False,False,True
ped_vkt_per_capita,PED VKT per capita,Actual,Actual,source_actual,actual_benchmark,actual,,FY2025,2025,5973.0514101063,km/person,historical_actual,befu26_complete_actual_line,annual_spine.csv,Z12,ACTUAL,,,False,actual,2024Q3; 2024Q4; 2025Q1; 2025Q2,,2024Q3; 2024Q4; 2025Q1; 2025Q2,True,False,True
ped_vkt_per_capita,PED VKT per capita,Current finalist Base case,current finalist base,in_house_current_finalist,current_finalist_forecast,current_basecase,Current planned path,FY2025,2025,5973.0514101063,km/person,future_forecast,actual_anchor,annual_spine.csv,Z12,ACTUAL,,PED__VNEXT_SOLVED_CONVEX_TOP2,False,Actual anchor,2024Q3; 2024Q4; 2025Q1; 2025Q2,,2024Q3; 2024Q4; 2025Q1; 2025Q2,True,False,True
ped_vkt_per_capita,PED VKT per capita,Current finalist comparison behavioural path,current finalist comparison behavioural,in_house_current_finalist,current_finalist_forecast,current_comparison_1,Current planned path,FY2025,2025,5973.0514101063,km/person,future_forecast,actual_anchor,annual_spine.csv,Z12,ACTUAL,,PED__VNEXT_SOLVED_CONVEX_TOP2,False,Actual anchor,2024Q3; 2024Q4; 2025Q1; 2025Q2,,2024Q3; 2024Q4; 2025Q1; 2025Q2,True,False,True
ped_vkt_per_capita,PED VKT per capita,BEFU26 official,BEFU26 official,official_external_comparator,befu26_official,befu26_official,BEFU26,FY2026,2026,5860.79487488994,km/person,official_comparator,befu26_official_forecast,annual_spine.csv,AA12,ST_FORECAST,,,False,official_forecast,,,,False,False,True
ped_vkt_per_capita,PED VKT per capita,Current finalist Base case,current finalist base,in_house_current_finalist,current_finalist_forecast,current_basecase,Current planned path,FY2026,2026,6169.513389534369,km/person,future_forecast,current_nowcast,forecast_scenario_comparison.parquet,data/current_revenue_outlook/revenue_chart_rows.csv:historical_actual:2025Q3; data/current_revenue_outlook/revenue_chart_rows.csv:historical_actual:2025Q4; data/current_revenue_outlook/revenue_chart_rows.csv:current_basecase:2026Q1; data/current_revenue_outlook/revenue_chart_rows.csv:current_basecase:2026Q2,source_backed,sum quarterly current finalist PED VKT/capita,PED__VNEXT_SOLVED_CONVEX_TOP2,False,Current-finalist FY nowcast (2 actual + 2 forecast),2025Q3; 2025Q4,2026Q1; 2026Q2,2025Q3; 2025Q4; 2026Q1; 2026Q2,False,True,True
ped_vkt_per_capita,PED VKT per capita,Current finalist comparison behavioural path,current finalist comparison behavioural,in_house_current_finalist,current_finalist_forecast,current_comparison_1,Current planned path,FY2026,2026,6169.2392325267765,km/person,future_forecast,current_nowcast,forecast_scenario_comparison.parquet,data/current_revenue_outlook/revenue_chart_rows.csv:historical_actual:2025Q3; data/current_revenue_outlook/revenue_chart_rows.csv:historical_actual:2025Q4; data/current_revenue_outlook/revenue_chart_rows.csv:current_comparison_1:2026Q1; data/current_revenue_outlook/revenue_chart_rows.csv:current_comparison_1:2026Q2,source_backed,sum quarterly current finalist PED VKT/capita,PED__VNEXT_SOLVED_CONVEX_TOP2,False,Current-finalist FY nowcast (2 actual + 2 forecast),2025Q3; 2025Q4,2026Q1; 2026Q2,2025Q3; 2025Q4; 2026Q1; 2026Q2,False,True,True
ped_vkt_per_capita,PED VKT per capita,MBU26 official,MBU26 official,official_external_comparator,mbu26_official,mbu26_official,MBU26,FY2026,2026,5935.87599744435,km/person,official_comparator,mbu26_official_forecast,mbu26_annual_spine.csv,AB17,ST_FORECAST,,,False,official_forecast,,,,False,False,True
ped_vkt_per_capita,PED VKT per capita,BEFU26 official,BEFU26 official,official_external_comparator,befu26_official,befu26_official,BEFU26,FY2027,2027,5816.72597882556,km/person,official_comparator,befu26_official_forecast,annual_spine.csv,AB12,ST_FORECAST,,,False,official_forecast,,,,False,False,True
ped_vkt_per_capita,PED VKT per capita,Current finalist Base case,current finalist base,in_house_current_finalist,current_finalist_forecast,current_basecase,Current planned path,FY2027,2027,6141.008454644322,km/person,future_forecast,current_forecast,forecast_scenario_comparison.parquet,data/current_revenue_outlook/revenue_chart_rows.csv:current_basecase:2026Q3; data/current_revenue_outlook/revenue_chart_rows.csv:current_basecase:2026Q4; data/current_revenue_outlook/revenue_chart_rows.csv:current_basecase:2027Q1; data/current_revenue_outlook/revenue_chart_rows.csv:current_basecase:2027Q2,source_backed,sum quarterly current finalist PED VKT/capita,PED__VNEXT_SOLVED_CONVEX_TOP2,False,current_finalist_forecast,,2026Q3; 2026Q4; 2027Q1; 2027Q2,2026Q3; 2026Q4; 2027Q1; 2027Q2,False,False,True
ped_vkt_per_capita,PED VKT per capita,Current finalist comparison behavioural path,current finalist comparison behavioural,in_house_current_finalist,current_finalist_forecast,current_comparison_1,Current planned path,FY2027,2027,6138.803634393285,km/person,future_forecast,current_forecast,forecast_scenario_comparison.parquet,data/current_revenue_outlook/revenue_chart_rows.csv:current_comparison_1:2026Q3; data/current_revenue_outlook/revenue_chart_rows.csv:current_comparison_1:2026Q4; data/current_revenue_outlook/revenue_chart_rows.csv:current_comparison_1:2027Q1; data/current_revenue_outlook/revenue_chart_rows.csv:current_comparison_1:2027Q2,source_backed,sum quarterly current finalist PED VKT/capita,PED__VNEXT_SOLVED_CONVEX_TOP2,False,current_finalist_forecast,,2026Q3; 2026Q4; 2027Q1; 2027Q2,2026Q3; 2026Q4; 2027Q1; 2027Q2,False,False,True
ped_vkt_per_capita,PED VKT per capita,MBU26 official,MBU26 official,official_external_comparator,mbu26_official,mbu26_official,MBU26,FY2027,2027,5924.5731702763,km/person,official_comparator,mbu26_official_forecast,mbu26_annual_spine.csv,AC17,ST_FORECAST,,,False,official_forecast,,,,False,False,True
ped_volume,PED volume,Actual,Actual,source_actual,actual_benchmark,actual,,FY2024,2024,2904.38868695019,million litres,historical_actual,befu26_complete_actual_line,annual_spine.csv,Y10,ACTUAL,,,False,actual,2023Q3; 2023Q4; 2024Q1; 2024Q2,,2023Q3; 2023Q4; 2024Q1; 2024Q2,False,False,True
ped_volume,PED volume,Actual,Actual,source_actual,actual_benchmark,actual,,FY2025,2025,2894.27382723066,million litres,historical_actual,befu26_complete_actual_line,annual_spine.csv,Z10,ACTUAL,,,False,actual,2024Q3; 2024Q4; 2025Q1; 2025Q2,,2024Q3; 2024Q4; 2025Q1; 2025Q2,True,False,True
ped_volume,PED volume,Current finalist Base case,current finalist base,in_house_current_finalist,current_finalist_forecast,current_basecase,Current planned path,FY2025,2025,2894.27382723066,million litres,future_forecast,actual_anchor,annual_spine.csv,Z10,ACTUAL,,PED__VNEXT_SOLVED_CONVEX_TOP2,False,Actual anchor,2024Q3; 2024Q4; 2025Q1; 2025Q2,,2024Q3; 2024Q4; 2025Q1; 2025Q2,True,False,True
ped_volume,PED volume,Current finalist High population/comparison,current finalist comparison,in_house_current_finalist,current_finalist_forecast,current_comparison_1,Current planned path,FY2025,2025,2894.27382723066,million litres,future_forecast,actual_anchor,annual_spine.csv,Z10,ACTUAL,,PED__VNEXT_SOLVED_CONVEX_TOP2,False,Actual anchor,2024Q3; 2024Q4; 2025Q1; 2025Q2,,2024Q3; 2024Q4; 2025Q1; 2025Q2,True,False,True
ped_volume,PED volume,BEFU26 official,BEFU26 official,official_external_comparator,befu26_official,befu26_official,BEFU26,FY2026,2026,2910.77244455591,million litres,official_comparator,befu26_official_forecast,annual_spine.csv,AA10,ST_FORECAST,,,False,official_forecast,,,,False,False,True
ped_volume,PED volume,Current finalist Base case,current finalist base,in_house_current_finalist,current_finalist_forecast,current_basecase,Current planned path,FY2026,2026,3063.2842870467116,million litres,future_forecast,current_nowcast,forecast_scenario_comparison.parquet; scenario_inputs/scenario_input_wide.parquet; official_annual.csv,data/current_revenue_outlook/revenue_chart_rows.csv:historical_actual:2025Q3; data/current_revenue_outlook/revenue_chart_rows.csv:historical_actual:2025Q4; data/current_revenue_outlook/revenue_chart_rows.csv:current_basecase:2026Q1; data/current_revenue_outlook/revenue_chart_rows.csv:current_basecase:2026Q2; data/current_revenue_outlook/revenue_chart_rows.csv:historical_actual:2025Q3; data/current_revenue_outlook/revenue_chart_rows.csv:historical_actual:2025Q4; data/current_revenue_outlook/revenue_chart_rows.csv:historical_actual:2026Q1; data/current_revenue_outlook/revenue_chart_rows.csv:current_basecase:2026Q2; scenario_inputs/scenario_input_wide.parquet:PED:population (2026Q1; 2026Q2); official_annual.csv:population_proxy (2025Q3; 2025Q4); VFM 202405 Base uptake shares; BEFU26 rate cells AA5; AA7; AA9,source_backed,raw PED/light-petrol VKT * BEFU26 litres intensity / 100,PED__VNEXT_SOLVED_CONVEX_TOP2,False,Current-finalist FY nowcast (2 actual + 2 forecast),2025Q3; 2025Q4,2026Q1; 2026Q2,2025Q3; 2025Q4; 2026Q1; 2026Q2,False,True,True
ped_volume,PED volume,Current finalist High population/comparison,current finalist comparison,in_house_current_finalist,current_finalist_forecast,current_comparison_1,Current planned path,FY2026,2026,3066.529385727319,million litres,future_forecast,current_nowcast,forecast_scenario_comparison.parquet; scenario_inputs/scenario_input_wide.parquet; official_annual.csv,data/current_revenue_outlook/revenue_chart_rows.csv:historical_actual:2025Q3; data/current_revenue_outlook/revenue_chart_rows.csv:historical_actual:2025Q4; data/current_revenue_outlook/revenue_chart_rows.csv:current_comparison_1:2026Q1; data/current_revenue_outlook/revenue_chart_rows.csv:current_comparison_1:2026Q2; data/current_revenue_outlook/revenue_chart_rows.csv:historical_actual:2025Q3; data/current_revenue_outlook/revenue_chart_rows.csv:historical_actual:2025Q4; data/current_revenue_outlook/revenue_chart_rows.csv:historical_actual:2026Q1; data/current_revenue_outlook/revenue_chart_rows.csv:current_comparison_1:2026Q2; scenario_inputs/scenario_input_wide.parquet:PED:population (2026Q1; 2026Q2); official_annual.csv:population_proxy (2025Q3; 2025Q4); VFM 202405 Base uptake shares; BEFU26 rate cells AA5; AA7; AA9,source_backed,raw PED/light-petrol VKT * BEFU26 litres intensity / 100,PED__VNEXT_SOLVED_CONVEX_TOP2,False,Current-finalist FY nowcast (2 actual + 2 forecast),2025Q3; 2025Q4,2026Q1; 2026Q2,2025Q3; 2025Q4; 2026Q1; 2026Q2,False,True,True
ped_volume,PED volume,MBU26 official,MBU26 official,official_external_comparator,mbu26_official,mbu26_official,MBU26,FY2026,2026,2945.82526967511,million litres,official_comparator,mbu26_official_forecast,mbu26_annual_spine.csv,AB15,ST_FORECAST,,,False,official_forecast,,,,False,False,True
ped_volume,PED volume,BEFU26 official,BEFU26 official,official_external_comparator,befu26_official,befu26_official,BEFU26,FY2027,2027,2843.76392941454,million litres,official_comparator,befu26_official_forecast,annual_spine.csv,AB10,ST_FORECAST,,,False,official_forecast,,,,False,False,True
ped_volume,PED volume,Current finalist Base case,current finalist base,in_house_current_finalist,current_finalist_forecast,current_basecase,Current planned path,FY2027,2027,2988.084597834288,million litres,future_forecast,current_forecast,forecast_scenario_comparison.parquet; scenario_inputs/scenario_input_wide.parquet; official_annual.csv,data/current_revenue_outlook/revenue_chart_rows.csv:current_basecase:2026Q3; data/current_revenue_outlook/revenue_chart_rows.csv:current_basecase:2026Q4; data/current_revenue_outlook/revenue_chart_rows.csv:current_basecase:2027Q1; data/current_revenue_outlook/revenue_chart_rows.csv:current_basecase:2027Q2; data/current_revenue_outlook/revenue_chart_rows.csv:current_basecase:2026Q3; data/current_revenue_outlook/revenue_chart_rows.csv:current_basecase:2026Q4; data/current_revenue_outlook/revenue_chart_rows.csv:current_basecase:2027Q1; data/current_revenue_outlook/revenue_chart_rows.csv:current_basecase:2027Q2; scenario_inputs/scenario_input_wide.parquet:PED:population (2026Q3; 2026Q4; 2027Q1; 2027Q2); VFM 202405 Base uptake shares; BEFU26 rate cells AB5; AB7; AB9,source_backed,raw PED/light-petrol VKT * BEFU26 litres intensity / 100,PED__VNEXT_SOLVED_CONVEX_TOP2,False,current_finalist_forecast,,2026Q3; 2026Q4; 2027Q1; 2027Q2,2026Q3; 2026Q4; 2027Q1; 2027Q2,False,False,True
ped_volume,PED volume,Current finalist High population/comparison,current finalist comparison,in_house_current_finalist,current_finalist_forecast,current_comparison_1,Current planned path,FY2027,2027,3007.5532419762912,million litres,future_forecast,current_forecast,forecast_scenario_comparison.parquet; scenario_inputs/scenario_input_wide.parquet; official_annual.csv,data/current_revenue_outlook/revenue_chart_rows.csv:current_comparison_1:2026Q3; data/current_revenue_outlook/revenue_chart_rows.csv:current_comparison_1:2026Q4; data/current_revenue_outlook/revenue_chart_rows.csv:current_comparison_1:2027Q1; data/current_revenue_outlook/revenue_chart_rows.csv:current_comparison_1:2027Q2; data/current_revenue_outlook/revenue_chart_rows.csv:current_comparison_1:2026Q3; data/current_revenue_outlook/revenue_chart_rows.csv:current_comparison_1:2026Q4; data/current_revenue_outlook/revenue_chart_rows.csv:current_comparison_1:2027Q1; data/current_revenue_outlook/revenue_chart_rows.csv:current_comparison_1:2027Q2; scenario_inputs/scenario_input_wide.parquet:PED:population (2026Q3; 2026Q4; 2027Q1; 2027Q2); VFM 202405 Base uptake shares; BEFU26 rate cells AB5; AB7; AB9,source_backed,raw PED/light-petrol VKT * BEFU26 litres intensity / 100,PED__VNEXT_SOLVED_CONVEX_TOP2,False,current_finalist_forecast,,2026Q3; 2026Q4; 2027Q1; 2027Q2,2026Q3; 2026Q4; 2027Q1; 2027Q2,False,False,True
ped_volume,PED volume,MBU26 official,MBU26 official,official_external_comparator,mbu26_official,mbu26_official,MBU26,FY2027,2027,2896.48943188686,million litres,official_comparator,mbu26_official_forecast,mbu26_annual_spine.csv,AC15,ST_FORECAST,,,False,official_forecast,,,,False,False,True
phev_ruc_net_km,PHEV RUC net km,Actual,Actual,source_actual,actual_benchmark,actual,,FY2024,2024,194.94237,million km,historical_actual,befu26_complete_actual_line,annual_spine.csv,Y9,ACTUAL,,,False,actual,2023Q3; 2023Q4; 2024Q1; 2024Q2,,2023Q3; 2023Q4; 2024Q1; 2024Q2,False,False,True
phev_ruc_net_km,PHEV RUC net km,Actual,Actual,source_actual,actual_benchmark,actual,,FY2025,2025,435.117435,million km,historical_actual,befu26_complete_actual_line,annual_spine.csv,Z9,ACTUAL,,,False,actual,2024Q3; 2024Q4; 2025Q1; 2025Q2,,2024Q3; 2024Q4; 2025Q1; 2025Q2,True,False,True
phev_ruc_net_km,PHEV RUC net km,Current finalist Base case,current finalist base,in_house_current_finalist,current_finalist_forecast,current_basecase,Current planned path,FY2025,2025,435.117435,million km,future_forecast,actual_anchor,annual_spine.csv,Z9,ACTUAL,,PED__VNEXT_SOLVED_CONVEX_TOP2; dynamic_RESID_GBR_n150_d1_lr0.05_w36; HEAVY_RUC__VNEXT_SOLVED_CONVEX_TOP4,False,Actual anchor,2024Q3; 2024Q4; 2025Q1; 2025Q2,,2024Q3; 2024Q4; 2025Q1; 2025Q2,True,False,True
phev_ruc_net_km,PHEV RUC net km,Current finalist High population/comparison,current finalist comparison,in_house_current_finalist,current_finalist_forecast,current_comparison_1,Current planned path,FY2025,2025,435.117435,million km,future_forecast,actual_anchor,annual_spine.csv,Z9,ACTUAL,,PED__VNEXT_SOLVED_CONVEX_TOP2; dynamic_RESID_GBR_n150_d1_lr0.05_w36; HEAVY_RUC__VNEXT_SOLVED_CONVEX_TOP4,False,Actual anchor,2024Q3; 2024Q4; 2025Q1; 2025Q2,,2024Q3; 2024Q4; 2025Q1; 2025Q2,True,False,True
phev_ruc_net_km,PHEV RUC net km,BEFU26 official,BEFU26 official,official_external_comparator,befu26_official,befu26_official,BEFU26,FY2026,2026,633.39411052937,million km,official_comparator,befu26_official_forecast,annual_spine.csv,AA9,ST_FORECAST,,,False,official_forecast,,,,False,False,True
phev_ruc_net_km,PHEV RUC net km,Current finalist Base case,current finalist base,in_house_current_finalist,current_finalist_forecast,current_basecase,Current planned path,FY2026,2026,648.6011270216075,million km,future_forecast,current_nowcast,forecast_scenario_comparison.parquet; official_annual.csv,data/current_revenue_outlook/revenue_chart_rows.csv:historical_actual:2025Q3; data/current_revenue_outlook/revenue_chart_rows.csv:historical_actual:2025Q4; data/current_revenue_outlook/revenue_chart_rows.csv:current_basecase:2026Q1; data/current_revenue_outlook/revenue_chart_rows.csv:current_basecase:2026Q2; data/current_revenue_outlook/revenue_chart_rows.csv:historical_actual:2025Q3; data/current_revenue_outlook/revenue_chart_rows.csv:historical_actual:2025Q4; data/current_revenue_outlook/revenue_chart_rows.csv:historical_actual:2026Q1; data/current_revenue_outlook/revenue_chart_rows.csv:current_basecase:2026Q2; scenario_inputs/scenario_input_wide.parquet:PED:population (2026Q1; 2026Q2); official_annual.csv:population_proxy (2025Q3; 2025Q4); VFM 202405 Base uptake shares; BEFU26 rate cells AA5; AA7; AA9,source_backed,base pool (conventional / VFM Base conventional share) * VFM Base PHEV share,PED__VNEXT_SOLVED_CONVEX_TOP2; dynamic_RESID_GBR_n150_d1_lr0.05_w36; HEAVY_RUC__VNEXT_SOLVED_CONVEX_TOP4,False,Current-finalist FY nowcast (2 actual + 2 forecast),2025Q3; 2025Q4,2026Q1; 2026Q2,2025Q3; 2025Q4; 2026Q1; 2026Q2,False,True,True
phev_ruc_net_km,PHEV RUC net km,Current finalist High population/comparison,current finalist comparison,in_house_current_finalist,current_finalist_forecast,current_comparison_1,Current planned path,FY2026,2026,649.0281881522841,million km,future_forecast,current_nowcast,forecast_scenario_comparison.parquet; official_annual.csv,data/current_revenue_outlook/revenue_chart_rows.csv:historical_actual:2025Q3; data/current_revenue_outlook/revenue_chart_rows.csv:historical_actual:2025Q4; data/current_revenue_outlook/revenue_chart_rows.csv:current_comparison_1:2026Q1; data/current_revenue_outlook/revenue_chart_rows.csv:current_comparison_1:2026Q2; data/current_revenue_outlook/revenue_chart_rows.csv:historical_actual:2025Q3; data/current_revenue_outlook/revenue_chart_rows.csv:historical_actual:2025Q4; data/current_revenue_outlook/revenue_chart_rows.csv:historical_actual:2026Q1; data/current_revenue_outlook/revenue_chart_rows.csv:current_comparison_1:2026Q2; scenario_inputs/scenario_input_wide.parquet:PED:population (2026Q1; 2026Q2); official_annual.csv:population_proxy (2025Q3; 2025Q4); VFM 202405 Base uptake shares; BEFU26 rate cells AA5; AA7; AA9,source_backed,base pool (conventional / VFM Base conventional share) * VFM Base PHEV share,PED__VNEXT_SOLVED_CONVEX_TOP2; dynamic_RESID_GBR_n150_d1_lr0.05_w36; HEAVY_RUC__VNEXT_SOLVED_CONVEX_TOP4,False,Current-finalist FY nowcast (2 actual + 2 forecast),2025Q3; 2025Q4,2026Q1; 2026Q2,2025Q3; 2025Q4; 2026Q1; 2026Q2,False,True,True
phev_ruc_net_km,PHEV RUC net km,MBU26 official,MBU26 official,official_external_comparator,mbu26_official,mbu26_official,MBU26,FY2026,2026,633.39411052937,million km,official_comparator,mbu26_official_forecast,mbu26_annual_spine.csv,AB14,ST_FORECAST,,,False,official_forecast,,,,False,False,True
phev_ruc_net_km,PHEV RUC net km,BEFU26 official,BEFU26 official,official_external_comparator,befu26_official,befu26_official,BEFU26,FY2027,2027,866.45343854562,million km,official_comparator,befu26_official_forecast,annual_spine.csv,AB9,ST_FORECAST,,,False,official_forecast,,,,False,False,True
phev_ruc_net_km,PHEV RUC net km,Current finalist Base case,current finalist base,in_house_current_finalist,current_finalist_forecast,current_basecase,Current planned path,FY2027,2027,844.0725878349956,million km,future_forecast,current_forecast,forecast_scenario_comparison.parquet; official_annual.csv,data/current_revenue_outlook/revenue_chart_rows.csv:current_basecase:2026Q3; data/current_revenue_outlook/revenue_chart_rows.csv:current_basecase:2026Q4; data/current_revenue_outlook/revenue_chart_rows.csv:current_basecase:2027Q1; data/current_revenue_outlook/revenue_chart_rows.csv:current_basecase:2027Q2; data/current_revenue_outlook/revenue_chart_rows.csv:current_basecase:2026Q3; data/current_revenue_outlook/revenue_chart_rows.csv:current_basecase:2026Q4; data/current_revenue_outlook/revenue_chart_rows.csv:current_basecase:2027Q1; data/current_revenue_outlook/revenue_chart_rows.csv:current_basecase:2027Q2; scenario_inputs/scenario_input_wide.parquet:PED:population (2026Q3; 2026Q4; 2027Q1; 2027Q2); VFM 202405 Base uptake shares; BEFU26 rate cells AB5; AB7; AB9,source_backed,base pool (conventional / VFM Base conventional share) * VFM Base PHEV share,PED__VNEXT_SOLVED_CONVEX_TOP2; dynamic_RESID_GBR_n150_d1_lr0.05_w36; HEAVY_RUC__VNEXT_SOLVED_CONVEX_TOP4,False,current_finalist_forecast,,2026Q3; 2026Q4; 2027Q1; 2027Q2,2026Q3; 2026Q4; 2027Q1; 2027Q2,False,False,True
phev_ruc_net_km,PHEV RUC net km,Current finalist High population/comparison,current finalist comparison,in_house_current_finalist,current_finalist_forecast,current_comparison_1,Current planned path,FY2027,2027,849.1520171718391,million km,future_forecast,current_forecast,forecast_scenario_comparison.parquet; official_annual.csv,data/current_revenue_outlook/revenue_chart_rows.csv:current_comparison_1:2026Q3; data/current_revenue_outlook/revenue_chart_rows.csv:current_comparison_1:2026Q4; data/current_revenue_outlook/revenue_chart_rows.csv:current_comparison_1:2027Q1; data/current_revenue_outlook/revenue_chart_rows.csv:current_comparison_1:2027Q2; data/current_revenue_outlook/revenue_chart_rows.csv:current_comparison_1:2026Q3; data/current_revenue_outlook/revenue_chart_rows.csv:current_comparison_1:2026Q4; data/current_revenue_outlook/revenue_chart_rows.csv:current_comparison_1:2027Q1; data/current_revenue_outlook/revenue_chart_rows.csv:current_comparison_1:2027Q2; scenario_inputs/scenario_input_wide.parquet:PED:population (2026Q3; 2026Q4; 2027Q1; 2027Q2); VFM 202405 Base uptake shares; BEFU26 rate cells AB5; AB7; AB9,source_backed,base pool (conventional / VFM Base conventional share) * VFM Base PHEV share,PED__VNEXT_SOLVED_CONVEX_TOP2; dynamic_RESID_GBR_n150_d1_lr0.05_w36; HEAVY_RUC__VNEXT_SOLVED_CONVEX_TOP4,False,current_finalist_forecast,,2026Q3; 2026Q4; 2027Q1; 2027Q2,2026Q3; 2026Q4; 2027Q1; 2027Q2,False,False,True
phev_ruc_net_km,PHEV RUC net km,MBU26 official,MBU26 official,official_external_comparator,mbu26_official,mbu26_official,MBU26,FY2027,2027,866.45343854562,million km,official_comparator,mbu26_official_forecast,mbu26_annual_spine.csv,AC14,ST_FORECAST,,,False,official_forecast,,,,False,False,True
phev_ruc_net_revenue,PHEV RUC net revenue,Actual,Actual,source_actual,actual_benchmark,actual,,FY2024,2024,6.8007892,$m nominal ex GST,historical_actual,befu26_complete_actual_line,annual_spine.csv,Y32,ACTUAL,,,False,actual,2023Q3; 2023Q4; 2024Q1; 2024Q2,,2023Q3; 2023Q4; 2024Q1; 2024Q2,False,False,True
phev_ruc_net_revenue,PHEV RUC net revenue,Actual,Actual,source_actual,actual_benchmark,actual,,FY2025,2025,15.1075641391304,$m nominal ex GST,historical_actual,befu26_complete_actual_line,annual_spine.csv,Z32,ACTUAL,,,False,actual,2024Q3; 2024Q4; 2025Q1; 2025Q2,,2024Q3; 2024Q4; 2025Q1; 2025Q2,True,False,True
phev_ruc_net_revenue,PHEV RUC net revenue,Current finalist Base case,current finalist base,in_house_current_finalist,current_finalist_forecast,current_basecase,Current planned path,FY2025,2025,15.1075641391304,$m nominal ex GST,future_forecast,actual_anchor,annual_spine.csv,Z32,ACTUAL,,PED__VNEXT_SOLVED_CONVEX_TOP2; dynamic_RESID_GBR_n150_d1_lr0.05_w36; HEAVY_RUC__VNEXT_SOLVED_CONVEX_TOP4,True,Actual anchor,2024Q3; 2024Q4; 2025Q1; 2025Q2,,2024Q3; 2024Q4; 2025Q1; 2025Q2,True,False,True
phev_ruc_net_revenue,PHEV RUC net revenue,Current finalist High population/comparison,current finalist comparison,in_house_current_finalist,current_finalist_forecast,current_comparison_1,Current planned path,FY2025,2025,15.1075641391304,$m nominal ex GST,future_forecast,actual_anchor,annual_spine.csv,Z32,ACTUAL,,PED__VNEXT_SOLVED_CONVEX_TOP2; dynamic_RESID_GBR_n150_d1_lr0.05_w36; HEAVY_RUC__VNEXT_SOLVED_CONVEX_TOP4,True,Actual anchor,2024Q3; 2024Q4; 2025Q1; 2025Q2,,2024Q3; 2024Q4; 2025Q1; 2025Q2,True,False,True
phev_ruc_net_revenue,PHEV RUC net revenue,BEFU26 official,BEFU26 official,official_external_comparator,befu26_official,befu26_official,BEFU26,FY2026,2026,21.8403214998817,$m nominal ex GST,official_comparator,befu26_official_forecast,annual_spine.csv,AA32,ST_FORECAST,,,False,official_forecast,,,,False,False,True
phev_ruc_net_revenue,PHEV RUC net revenue,Current finalist Base case,current finalist base,in_house_current_finalist,current_finalist_forecast,current_basecase,Current planned path,FY2026,2026,22.364680858017962,$m nominal ex GST,future_forecast,current_nowcast,forecast_scenario_comparison.parquet; official_annual.csv,data/current_revenue_outlook/revenue_chart_rows.csv:historical_actual:2025Q3; data/current_revenue_outlook/revenue_chart_rows.csv:historical_actual:2025Q4; data/current_revenue_outlook/revenue_chart_rows.csv:current_basecase:2026Q1; data/current_revenue_outlook/revenue_chart_rows.csv:current_basecase:2026Q2; data/current_revenue_outlook/revenue_chart_rows.csv:historical_actual:2025Q3; data/current_revenue_outlook/revenue_chart_rows.csv:historical_actual:2025Q4; data/current_revenue_outlook/revenue_chart_rows.csv:historical_actual:2026Q1; data/current_revenue_outlook/revenue_chart_rows.csv:current_basecase:2026Q2; scenario_inputs/scenario_input_wide.parquet:PED:population (2026Q1; 2026Q2); official_annual.csv:population_proxy (2025Q3; 2025Q4); VFM 202405 Base uptake shares; BEFU26 rate cells AA5; AA7; AA9,source_backed,allocated PHEV RUC km * BEFU26 PHEV effective rate,PED__VNEXT_SOLVED_CONVEX_TOP2; dynamic_RESID_GBR_n150_d1_lr0.05_w36; HEAVY_RUC__VNEXT_SOLVED_CONVEX_TOP4,True,Current-finalist FY nowcast (2 actual + 2 forecast),2025Q3; 2025Q4,2026Q1; 2026Q2,2025Q3; 2025Q4; 2026Q1; 2026Q2,False,True,True
phev_ruc_net_revenue,PHEV RUC net revenue,Current finalist High population/comparison,current finalist comparison,in_house_current_finalist,current_finalist_forecast,current_comparison_1,Current planned path,FY2026,2026,22.379406527611394,$m nominal ex GST,future_forecast,current_nowcast,forecast_scenario_comparison.parquet; official_annual.csv,data/current_revenue_outlook/revenue_chart_rows.csv:historical_actual:2025Q3; data/current_revenue_outlook/revenue_chart_rows.csv:historical_actual:2025Q4; data/current_revenue_outlook/revenue_chart_rows.csv:current_comparison_1:2026Q1; data/current_revenue_outlook/revenue_chart_rows.csv:current_comparison_1:2026Q2; data/current_revenue_outlook/revenue_chart_rows.csv:historical_actual:2025Q3; data/current_revenue_outlook/revenue_chart_rows.csv:historical_actual:2025Q4; data/current_revenue_outlook/revenue_chart_rows.csv:historical_actual:2026Q1; data/current_revenue_outlook/revenue_chart_rows.csv:current_comparison_1:2026Q2; scenario_inputs/scenario_input_wide.parquet:PED:population (2026Q1; 2026Q2); official_annual.csv:population_proxy (2025Q3; 2025Q4); VFM 202405 Base uptake shares; BEFU26 rate cells AA5; AA7; AA9,source_backed,allocated PHEV RUC km * BEFU26 PHEV effective rate,PED__VNEXT_SOLVED_CONVEX_TOP2; dynamic_RESID_GBR_n150_d1_lr0.05_w36; HEAVY_RUC__VNEXT_SOLVED_CONVEX_TOP4,True,Current-finalist FY nowcast (2 actual + 2 forecast),2025Q3; 2025Q4,2026Q1; 2026Q2,2025Q3; 2025Q4; 2026Q1; 2026Q2,False,True,True
phev_ruc_net_revenue,PHEV RUC net revenue,MBU26 official,MBU26 official,official_external_comparator,mbu26_official,mbu26_official,MBU26,FY2026,2026,21.8403214998817,$m nominal ex GST,official_comparator,mbu26_official_forecast,mbu26_annual_spine.csv,AB37,ST_FORECAST,,,False,official_forecast,,,,False,False,True
phev_ruc_net_revenue,PHEV RUC net revenue,BEFU26 official,BEFU26 official,official_external_comparator,befu26_official,befu26_official,BEFU26,FY2027,2027,31.7081862571269,$m nominal ex GST,official_comparator,befu26_official_forecast,annual_spine.csv,AB32,ST_FORECAST,,,False,official_forecast,,,,False,False,True
phev_ruc_net_revenue,PHEV RUC net revenue,Current finalist Base case,current finalist base,in_house_current_finalist,current_finalist_forecast,current_basecase,Current planned path,FY2027,2027,30.889150690580337,$m nominal ex GST,future_forecast,current_forecast,forecast_scenario_comparison.parquet; official_annual.csv,data/current_revenue_outlook/revenue_chart_rows.csv:current_basecase:2026Q3; data/current_revenue_outlook/revenue_chart_rows.csv:current_basecase:2026Q4; data/current_revenue_outlook/revenue_chart_rows.csv:current_basecase:2027Q1; data/current_revenue_outlook/revenue_chart_rows.csv:current_basecase:2027Q2; data/current_revenue_outlook/revenue_chart_rows.csv:current_basecase:2026Q3; data/current_revenue_outlook/revenue_chart_rows.csv:current_basecase:2026Q4; data/current_revenue_outlook/revenue_chart_rows.csv:current_basecase:2027Q1; data/current_revenue_outlook/revenue_chart_rows.csv:current_basecase:2027Q2; scenario_inputs/scenario_input_wide.parquet:PED:population (2026Q3; 2026Q4; 2027Q1; 2027Q2); VFM 202405 Base uptake shares; BEFU26 rate cells AB5; AB7; AB9,source_backed,allocated PHEV RUC km * BEFU26 PHEV effective rate,PED__VNEXT_SOLVED_CONVEX_TOP2; dynamic_RESID_GBR_n150_d1_lr0.05_w36; HEAVY_RUC__VNEXT_SOLVED_CONVEX_TOP4,True,current_finalist_forecast,,2026Q3; 2026Q4; 2027Q1; 2027Q2,2026Q3; 2026Q4; 2027Q1; 2027Q2,False,False,True
phev_ruc_net_revenue,PHEV RUC net revenue,Current finalist High population/comparison,current finalist comparison,in_house_current_finalist,current_finalist_forecast,current_comparison_1,Current planned path,FY2027,2027,31.075034298778483,$m nominal ex GST,future_forecast,current_forecast,forecast_scenario_comparison.parquet; official_annual.csv,data/current_revenue_outlook/revenue_chart_rows.csv:current_comparison_1:2026Q3; data/current_revenue_outlook/revenue_chart_rows.csv:current_comparison_1:2026Q4; data/current_revenue_outlook/revenue_chart_rows.csv:current_comparison_1:2027Q1; data/current_revenue_outlook/revenue_chart_rows.csv:current_comparison_1:2027Q2; data/current_revenue_outlook/revenue_chart_rows.csv:current_comparison_1:2026Q3; data/current_revenue_outlook/revenue_chart_rows.csv:current_comparison_1:2026Q4; data/current_revenue_outlook/revenue_chart_rows.csv:current_comparison_1:2027Q1; data/current_revenue_outlook/revenue_chart_rows.csv:current_comparison_1:2027Q2; scenario_inputs/scenario_input_wide.parquet:PED:population (2026Q3; 2026Q4; 2027Q1; 2027Q2); VFM 202405 Base uptake shares; BEFU26 rate cells AB5; AB7; AB9,source_backed,allocated PHEV RUC km * BEFU26 PHEV effective rate,PED__VNEXT_SOLVED_CONVEX_TOP2; dynamic_RESID_GBR_n150_d1_lr0.05_w36; HEAVY_RUC__VNEXT_SOLVED_CONVEX_TOP4,True,current_finalist_forecast,,2026Q3; 2026Q4; 2027Q1; 2027Q2,2026Q3; 2026Q4; 2027Q1; 2027Q2,False,False,True
phev_ruc_net_revenue,PHEV RUC net revenue,MBU26 official,MBU26 official,official_external_comparator,mbu26_official,mbu26_official,MBU26,FY2027,2027,31.7081862571269,$m nominal ex GST,official_comparator,mbu26_official_forecast,mbu26_annual_spine.csv,AC37,ST_FORECAST,,,False,official_forecast,,,,False,False,True
total_fed_ruc_net_revenue,Total RUC+PED revenue,Actual,Actual,source_actual,actual_benchmark,actual,,FY2024,2024,3792.39727011522,$m nominal ex GST,historical_actual,befu26_complete_actual_line,row_reconciliation.csv,Y45; Y37,ACTUAL,net_fed_revenue + total_ruc_net_revenue,,False,actual,2023Q3; 2023Q4; 2024Q1; 2024Q2,,2023Q3; 2023Q4; 2024Q1; 2024Q2,False,False,True
total_fed_ruc_net_revenue,Total RUC+PED revenue,Actual,Actual,source_actual,actual_benchmark,actual,,FY2025,2025,3976.8958143478303,$m nominal ex GST,historical_actual,befu26_complete_actual_line,row_reconciliation.csv,Z45; Z37,ACTUAL,net_fed_revenue + total_ruc_net_revenue,,False,actual,2024Q3; 2024Q4; 2025Q1; 2025Q2,,2024Q3; 2024Q4; 2025Q1; 2025Q2,True,False,True
total_fed_ruc_net_revenue,Total RUC+PED revenue,Current finalist Base case,current finalist base,in_house_current_finalist,current_finalist_forecast,current_basecase,Current planned path,FY2025,2025,3976.8958143478303,$m nominal ex GST,future_forecast,actual_anchor,row_reconciliation.csv,Z45; Z37,ACTUAL,net_fed_revenue + total_ruc_net_revenue,PED__VNEXT_SOLVED_CONVEX_TOP2; dynamic_RESID_GBR_n150_d1_lr0.05_w36; HEAVY_RUC__VNEXT_SOLVED_CONVEX_TOP4,False,Actual anchor,2024Q3; 2024Q4; 2025Q1; 2025Q2,,2024Q3; 2024Q4; 2025Q1; 2025Q2,True,False,True
total_fed_ruc_net_revenue,Total RUC+PED revenue,Current finalist High population/comparison,current finalist comparison,in_house_current_finalist,current_finalist_forecast,current_comparison_1,Current planned path,FY2025,2025,3976.8958143478303,$m nominal ex GST,future_forecast,actual_anchor,row_reconciliation.csv,Z45; Z37,ACTUAL,net_fed_revenue + total_ruc_net_revenue,PED__VNEXT_SOLVED_CONVEX_TOP2; dynamic_RESID_GBR_n150_d1_lr0.05_w36; HEAVY_RUC__VNEXT_SOLVED_CONVEX_TOP4,False,Actual anchor,2024Q3; 2024Q4; 2025Q1; 2025Q2,,2024Q3; 2024Q4; 2025Q1; 2025Q2,True,False,True
total_fed_ruc_net_revenue,Total RUC+PED revenue,BEFU26 official,BEFU26 official,official_external_comparator,befu26_official,befu26_official,BEFU26,FY2026,2026,4082.37047367007,$m nominal ex GST,official_comparator,befu26_official_forecast,row_reconciliation.csv,AA45; AA37,ST_FORECAST,net_fed_revenue + total_ruc_net_revenue,,False,official_forecast,,,,False,False,True
total_fed_ruc_net_revenue,Total RUC+PED revenue,Current finalist Base case,current finalist base,in_house_current_finalist,current_finalist_forecast,current_basecase,Current planned path,FY2026,2026,4188.524893010026,$m nominal ex GST,future_forecast,current_nowcast,current_hybrid_formula,current_revenue_outlook:current_basecase:FY2026,source_backed,net_fed_revenue + total_ruc_net_revenue,PED__VNEXT_SOLVED_CONVEX_TOP2; dynamic_RESID_GBR_n150_d1_lr0.05_w36; HEAVY_RUC__VNEXT_SOLVED_CONVEX_TOP4,False,Current-finalist FY nowcast (2 actual + 2 forecast),2025Q3; 2025Q4,2026Q1; 2026Q2,2025Q3; 2025Q4; 2026Q1; 2026Q2,False,True,True
total_fed_ruc_net_revenue,Total RUC+PED revenue,Current finalist High population/comparison,current finalist comparison,in_house_current_finalist,current_finalist_forecast,current_comparison_1,Current planned path,FY2026,2026,4191.812959936806,$m nominal ex GST,future_forecast,current_nowcast,current_hybrid_formula,current_revenue_outlook:current_comparison_1:FY2026,source_backed,net_fed_revenue + total_ruc_net_revenue,PED__VNEXT_SOLVED_CONVEX_TOP2; dynamic_RESID_GBR_n150_d1_lr0.05_w36; HEAVY_RUC__VNEXT_SOLVED_CONVEX_TOP4,False,Current-finalist FY nowcast (2 actual + 2 forecast),2025Q3; 2025Q4,2026Q1; 2026Q2,2025Q3; 2025Q4; 2026Q1; 2026Q2,False,True,True
total_fed_ruc_net_revenue,Total RUC+PED revenue,MBU26 official,MBU26 official,official_external_comparator,mbu26_official,mbu26_official,MBU26,FY2026,2026,4120.61600894202,$m nominal ex GST,official_comparator,mbu26_official_forecast,row_reconciliation.csv,AB50; AB42,ST_FORECAST,net_fed_revenue + total_ruc_net_revenue,,False,official_forecast,,,,False,False,True
total_fed_ruc_net_revenue,Total RUC+PED revenue,BEFU26 official,BEFU26 official,official_external_comparator,befu26_official,befu26_official,BEFU26,FY2027,2027,4416.43676781548,$m nominal ex GST,official_comparator,befu26_official_forecast,row_reconciliation.csv,AB45; AB37,ST_FORECAST,net_fed_revenue + total_ruc_net_revenue,,False,official_forecast,,,,False,False,True
total_fed_ruc_net_revenue,Total RUC+PED revenue,Current finalist Base case,current finalist base,in_house_current_finalist,current_finalist_forecast,current_basecase,Current planned path,FY2027,2027,4513.72198229828,$m nominal ex GST,future_forecast,current_forecast,current_hybrid_formula,current_revenue_outlook:current_basecase:FY2027,source_backed,net_fed_revenue + total_ruc_net_revenue,PED__VNEXT_SOLVED_CONVEX_TOP2; dynamic_RESID_GBR_n150_d1_lr0.05_w36; HEAVY_RUC__VNEXT_SOLVED_CONVEX_TOP4,False,current_finalist_forecast,,2026Q3; 2026Q4; 2027Q1; 2027Q2,2026Q3; 2026Q4; 2027Q1; 2027Q2,False,False,True
total_fed_ruc_net_revenue,Total RUC+PED revenue,Current finalist High population/comparison,current finalist comparison,in_house_current_finalist,current_finalist_forecast,current_comparison_1,Current planned path,FY2027,2027,4537.521951655295,$m nominal ex GST,future_forecast,current_forecast,current_hybrid_formula,current_revenue_outlook:current_comparison_1:FY2027,source_backed,net_fed_revenue + total_ruc_net_revenue,PED__VNEXT_SOLVED_CONVEX_TOP2; dynamic_RESID_GBR_n150_d1_lr0.05_w36; HEAVY_RUC__VNEXT_SOLVED_CONVEX_TOP4,False,current_finalist_forecast,,2026Q3; 2026Q4; 2027Q1; 2027Q2,2026Q3; 2026Q4; 2027Q1; 2027Q2,False,False,True
total_fed_ruc_net_revenue,Total RUC+PED revenue,MBU26 official,MBU26 official,official_external_comparator,mbu26_official,mbu26_official,MBU26,FY2027,2027,4494.5723108443,$m nominal ex GST,official_comparator,mbu26_official_forecast,row_reconciliation.csv,AC50; AC42,ST_FORECAST,net_fed_revenue + total_ruc_net_revenue,,False,official_forecast,,,,False,False,True
total_nltf_net_revenue,Total NLTF revenue,Actual,Actual,source_actual,actual_benchmark,actual,,FY2024,2024,4042.28546184522,$m nominal ex GST,historical_actual,befu26_complete_actual_line,annual_spine.csv,Y65,ACTUAL,total_revenue_net_admin - total_refunds,,False,actual,2023Q3; 2023Q4; 2024Q1; 2024Q2,,2023Q3; 2023Q4; 2024Q1; 2024Q2,False,False,True
total_nltf_net_revenue,Total NLTF revenue,Actual,Actual,source_actual,actual_benchmark,actual,,FY2025,2025,4280.78411583783,$m nominal ex GST,historical_actual,befu26_complete_actual_line,annual_spine.csv,Z65,ACTUAL,total_revenue_net_admin - total_refunds,,False,actual,2024Q3; 2024Q4; 2025Q1; 2025Q2,,2024Q3; 2024Q4; 2025Q1; 2025Q2,True,False,True
total_nltf_net_revenue,Total NLTF revenue,Current finalist Base case,current finalist base,in_house_current_finalist,current_finalist_forecast,current_basecase,Current planned path,FY2025,2025,4280.78411583783,$m nominal ex GST,future_forecast,actual_anchor,annual_spine.csv,Z65,ACTUAL,total_revenue_net_admin - total_refunds,PED__VNEXT_SOLVED_CONVEX_TOP2; dynamic_RESID_GBR_n150_d1_lr0.05_w36; HEAVY_RUC__VNEXT_SOLVED_CONVEX_TOP4,False,Actual anchor,2024Q3; 2024Q4; 2025Q1; 2025Q2,,2024Q3; 2024Q4; 2025Q1; 2025Q2,True,False,True
total_nltf_net_revenue,Total NLTF revenue,Current finalist High population/comparison,current finalist comparison,in_house_current_finalist,current_finalist_forecast,current_comparison_1,Current planned path,FY2025,2025,4280.78411583783,$m nominal ex GST,future_forecast,actual_anchor,annual_spine.csv,Z65,ACTUAL,total_revenue_net_admin - total_refunds,PED__VNEXT_SOLVED_CONVEX_TOP2; dynamic_RESID_GBR_n150_d1_lr0.05_w36; HEAVY_RUC__VNEXT_SOLVED_CONVEX_TOP4,False,Actual anchor,2024Q3; 2024Q4; 2025Q1; 2025Q2,,2024Q3; 2024Q4; 2025Q1; 2025Q2,True,False,True
total_nltf_net_revenue,Total NLTF revenue,BEFU26 official,BEFU26 official,official_external_comparator,befu26_official,befu26_official,BEFU26,FY2026,2026,4493.65132567772,$m nominal ex GST,official_comparator,befu26_official_forecast,annual_spine.csv,AA65,ST_FORECAST,total_revenue_net_admin - total_refunds,,False,official_forecast,,,,False,False,True
total_nltf_net_revenue,Total NLTF revenue,Current finalist Base case,current finalist base,in_house_current_finalist,current_finalist_forecast,current_basecase,Current planned path,FY2026,2026,4599.805745017675,$m nominal ex GST,future_forecast,current_nowcast,current_hybrid_formula,current_revenue_outlook:current_basecase:FY2026,source_backed,total_revenue_net_admin - total_refunds,PED__VNEXT_SOLVED_CONVEX_TOP2; dynamic_RESID_GBR_n150_d1_lr0.05_w36; HEAVY_RUC__VNEXT_SOLVED_CONVEX_TOP4,False,Current-finalist FY nowcast (2 actual + 2 forecast),2025Q3; 2025Q4,2026Q1; 2026Q2,2025Q3; 2025Q4; 2026Q1; 2026Q2,False,True,True
total_nltf_net_revenue,Total NLTF revenue,Current finalist High population/comparison,current finalist comparison,in_house_current_finalist,current_finalist_forecast,current_comparison_1,Current planned path,FY2026,2026,4603.093811944454,$m nominal ex GST,future_forecast,current_nowcast,current_hybrid_formula,current_revenue_outlook:current_comparison_1:FY2026,source_backed,total_revenue_net_admin - total_refunds,PED__VNEXT_SOLVED_CONVEX_TOP2; dynamic_RESID_GBR_n150_d1_lr0.05_w36; HEAVY_RUC__VNEXT_SOLVED_CONVEX_TOP4,False,Current-finalist FY nowcast (2 actual + 2 forecast),2025Q3; 2025Q4,2026Q1; 2026Q2,2025Q3; 2025Q4; 2026Q1; 2026Q2,False,True,True
total_nltf_net_revenue,Total NLTF revenue,MBU26 official,MBU26 official,official_external_comparator,mbu26_official,mbu26_official,MBU26,FY2026,2026,4563.15127995703,$m nominal ex GST,official_comparator,mbu26_official_forecast,mbu26_annual_spine.csv,AB70,ST_FORECAST,total_revenue_net_admin - total_refunds,,False,official_forecast,,,,False,False,True
total_nltf_net_revenue,Total NLTF revenue,BEFU26 official,BEFU26 official,official_external_comparator,befu26_official,befu26_official,BEFU26,FY2027,2027,4918.0416576803,$m nominal ex GST,official_comparator,befu26_official_forecast,annual_spine.csv,AB65,ST_FORECAST,total_revenue_net_admin - total_refunds,,False,official_forecast,,,,False,False,True
total_nltf_net_revenue,Total NLTF revenue,Current finalist Base case,current finalist base,in_house_current_finalist,current_finalist_forecast,current_basecase,Current planned path,FY2027,2027,5015.326872163112,$m nominal ex GST,future_forecast,current_forecast,current_hybrid_formula,current_revenue_outlook:current_basecase:FY2027,source_backed,total_revenue_net_admin - total_refunds,PED__VNEXT_SOLVED_CONVEX_TOP2; dynamic_RESID_GBR_n150_d1_lr0.05_w36; HEAVY_RUC__VNEXT_SOLVED_CONVEX_TOP4,False,current_finalist_forecast,,2026Q3; 2026Q4; 2027Q1; 2027Q2,2026Q3; 2026Q4; 2027Q1; 2027Q2,False,False,True
total_nltf_net_revenue,Total NLTF revenue,Current finalist High population/comparison,current finalist comparison,in_house_current_finalist,current_finalist_forecast,current_comparison_1,Current planned path,FY2027,2027,5039.1268415201275,$m nominal ex GST,future_forecast,current_forecast,current_hybrid_formula,current_revenue_outlook:current_comparison_1:FY2027,source_backed,total_revenue_net_admin - total_refunds,PED__VNEXT_SOLVED_CONVEX_TOP2; dynamic_RESID_GBR_n150_d1_lr0.05_w36; HEAVY_RUC__VNEXT_SOLVED_CONVEX_TOP4,False,current_finalist_forecast,,2026Q3; 2026Q4; 2027Q1; 2027Q2,2026Q3; 2026Q4; 2027Q1; 2027Q2,False,False,True
total_nltf_net_revenue,Total NLTF revenue,MBU26 official,MBU26 official,official_external_comparator,mbu26_official,mbu26_official,MBU26,FY2027,2027,5008.27996268758,$m nominal ex GST,official_comparator,mbu26_official_forecast,mbu26_annual_spine.csv,AC70,ST_FORECAST,total_revenue_net_admin - total_refunds,,False,official_forecast,,,,False,False,True
total_ruc_net_revenue,Total RUC all classes,Actual,Actual,source_actual,actual_benchmark,actual,,FY2024,2024,1785.46747506522,$m nominal ex GST,historical_actual,befu26_complete_actual_line,annual_spine.csv,Y37,ACTUAL,ruc_revenue_net_admin - ruc_refunds,,False,actual,2023Q3; 2023Q4; 2024Q1; 2024Q2,,2023Q3; 2023Q4; 2024Q1; 2024Q2,False,False,True
total_ruc_net_revenue,Total RUC all classes,Actual,Actual,source_actual,actual_benchmark,actual,,FY2025,2025,1979.16866774783,$m nominal ex GST,historical_actual,befu26_complete_actual_line,annual_spine.csv,Z37,ACTUAL,ruc_revenue_net_admin - ruc_refunds,,False,actual,2024Q3; 2024Q4; 2025Q1; 2025Q2,,2024Q3; 2024Q4; 2025Q1; 2025Q2,True,False,True
total_ruc_net_revenue,Total RUC all classes,Current finalist Base case,current finalist base,in_house_current_finalist,current_finalist_forecast,current_basecase,Current planned path,FY2025,2025,1979.16866774783,$m nominal ex GST,future_forecast,actual_anchor,annual_spine.csv,Z37,ACTUAL,ruc_revenue_net_admin - ruc_refunds,PED__VNEXT_SOLVED_CONVEX_TOP2; dynamic_RESID_GBR_n150_d1_lr0.05_w36; HEAVY_RUC__VNEXT_SOLVED_CONVEX_TOP4,False,Actual anchor,2024Q3; 2024Q4; 2025Q1; 2025Q2,,2024Q3; 2024Q4; 2025Q1; 2025Q2,True,False,True
total_ruc_net_revenue,Total RUC all classes,Current finalist High population/comparison,current finalist comparison,in_house_current_finalist,current_finalist_forecast,current_comparison_1,Current planned path,FY2025,2025,1979.16866774783,$m nominal ex GST,future_forecast,actual_anchor,annual_spine.csv,Z37,ACTUAL,ruc_revenue_net_admin - ruc_refunds,PED__VNEXT_SOLVED_CONVEX_TOP2; dynamic_RESID_GBR_n150_d1_lr0.05_w36; HEAVY_RUC__VNEXT_SOLVED_CONVEX_TOP4,False,Actual anchor,2024Q3; 2024Q4; 2025Q1; 2025Q2,,2024Q3; 2024Q4; 2025Q1; 2025Q2,True,False,True
total_ruc_net_revenue,Total RUC all classes,BEFU26 official,BEFU26 official,official_external_comparator,befu26_official,befu26_official,BEFU26,FY2026,2026,2074.47282065665,$m nominal ex GST,official_comparator,befu26_official_forecast,annual_spine.csv,AA37,ST_FORECAST,ruc_revenue_net_admin - ruc_refunds,,False,official_forecast,,,,False,False,True
total_ruc_net_revenue,Total RUC all classes,Current finalist Base case,current finalist base,in_house_current_finalist,current_finalist_forecast,current_basecase,Current planned path,FY2026,2026,2073.8323474108515,$m nominal ex GST,future_forecast,current_nowcast,current_hybrid_formula,current_revenue_outlook:current_basecase:FY2026,source_backed,ruc_revenue_net_admin - BEFU26 ruc_refunds,PED__VNEXT_SOLVED_CONVEX_TOP2; dynamic_RESID_GBR_n150_d1_lr0.05_w36; HEAVY_RUC__VNEXT_SOLVED_CONVEX_TOP4,False,Current-finalist FY nowcast (2 actual + 2 forecast),2025Q3; 2025Q4,2026Q1; 2026Q2,2025Q3; 2025Q4; 2026Q1; 2026Q2,False,True,True
total_ruc_net_revenue,Total RUC all classes,Current finalist High population/comparison,current finalist comparison,in_house_current_finalist,current_finalist_forecast,current_comparison_1,Current planned path,FY2026,2026,2074.848066437522,$m nominal ex GST,future_forecast,current_nowcast,current_hybrid_formula,current_revenue_outlook:current_comparison_1:FY2026,source_backed,ruc_revenue_net_admin - BEFU26 ruc_refunds,PED__VNEXT_SOLVED_CONVEX_TOP2; dynamic_RESID_GBR_n150_d1_lr0.05_w36; HEAVY_RUC__VNEXT_SOLVED_CONVEX_TOP4,False,Current-finalist FY nowcast (2 actual + 2 forecast),2025Q3; 2025Q4,2026Q1; 2026Q2,2025Q3; 2025Q4; 2026Q1; 2026Q2,False,True,True
total_ruc_net_revenue,Total RUC all classes,MBU26 official,MBU26 official,official_external_comparator,mbu26_official,mbu26_official,MBU26,FY2026,2026,2089.05368416013,$m nominal ex GST,official_comparator,mbu26_official_forecast,mbu26_annual_spine.csv,AB42,ST_FORECAST,ruc_revenue_net_admin - ruc_refunds,,False,official_forecast,,,,False,False,True
total_ruc_net_revenue,Total RUC all classes,BEFU26 official,BEFU26 official,official_external_comparator,befu26_official,befu26_official,BEFU26,FY2027,2027,2292.95579741521,$m nominal ex GST,official_comparator,befu26_official_forecast,annual_spine.csv,AB37,ST_FORECAST,ruc_revenue_net_admin - ruc_refunds,,False,official_forecast,,,,False,False,True
total_ruc_net_revenue,Total RUC all classes,Current finalist Base case,current finalist base,in_house_current_finalist,current_finalist_forecast,current_basecase,Current planned path,FY2027,2027,2280.545090691793,$m nominal ex GST,future_forecast,current_forecast,current_hybrid_formula,current_revenue_outlook:current_basecase:FY2027,source_backed,ruc_revenue_net_admin - BEFU26 ruc_refunds,PED__VNEXT_SOLVED_CONVEX_TOP2; dynamic_RESID_GBR_n150_d1_lr0.05_w36; HEAVY_RUC__VNEXT_SOLVED_CONVEX_TOP4,False,current_finalist_forecast,,2026Q3; 2026Q4; 2027Q1; 2027Q2,2026Q3; 2026Q4; 2027Q1; 2027Q2,False,False,True
total_ruc_net_revenue,Total RUC all classes,Current finalist High population/comparison,current finalist comparison,in_house_current_finalist,current_finalist_forecast,current_comparison_1,Current planned path,FY2027,2027,2289.5472429573465,$m nominal ex GST,future_forecast,current_forecast,current_hybrid_formula,current_revenue_outlook:current_comparison_1:FY2027,source_backed,ruc_revenue_net_admin - BEFU26 ruc_refunds,PED__VNEXT_SOLVED_CONVEX_TOP2; dynamic_RESID_GBR_n150_d1_lr0.05_w36; HEAVY_RUC__VNEXT_SOLVED_CONVEX_TOP4,False,current_finalist_forecast,,2026Q3; 2026Q4; 2027Q1; 2027Q2,2026Q3; 2026Q4; 2027Q1; 2027Q2,False,False,True
total_ruc_net_revenue,Total RUC all classes,MBU26 official,MBU26 official,official_external_comparator,mbu26_official,mbu26_official,MBU26,FY2027,2027,2333.16668739821,$m nominal ex GST,official_comparator,mbu26_official_forecast,mbu26_annual_spine.csv,AC42,ST_FORECAST,ruc_revenue_net_admin - ruc_refunds,,False,official_forecast,,,,False,False,True
