stream,stream_label,paired_common_pairs,paired_finalist_mape,paired_schiff_mape,paired_gain_pp,paired_win_rate_pct
PED,PED VKT per capita,606,2.473244583116969,3.08211723207954,0.6088726489625707,63.20132013201321
LIGHT_RUC,Light RUC volume,360,12.70590618863986,11.54678631596883,-1.159119872671029,50.55555555555556
HEAVY_RUC,Heavy RUC volume,438,3.484367565681977,11.48264346093783,7.998275895255851,64.15525114155251
