FY,quarter,period,source_path,scenario_name,scenario_role,fed_path,selected_fleet_efficiency,selected_pt_mode_shift,selected_freight_rail_shift,selected_demand_elasticity,stream,series_id,baseline,adjusted,delta,unit,formula,eff_gain,pt_factor,freight_factor,elasticity,cost_per_km_ratio,demand_factor,source_cells,gap_reason,status,notes
2026,,FY2026,Current finalist Base case,current_basecase,basecase,Current planned path,Off,Off,Off,Off,PED,light_petrol_vkt,32942.237730580084,32942.237730580084,0.0,million km,light_petrol_vkt * pt_factor * petrol_demand_factor,0.0,1.0,1.0,0.0,1.0,1.0,data/current_revenue_outlook/revenue_chart_rows.csv:historical_actual:2025Q3; data/current_revenue_outlook/revenue_chart_rows.csv:historical_actual:2025Q4; data/current_revenue_outlook/revenue_chart_rows.csv:current_basecase:2026Q1; data/current_revenue_outlook/revenue_chart_rows.csv:current_basecase:2026Q2; data/current_revenue_outlook/revenue_chart_rows.csv:historical_actual:2025Q3; data/current_revenue_outlook/revenue_chart_rows.csv:historical_actual:2025Q4; data/current_revenue_outlook/revenue_chart_rows.csv:historical_actual:2026Q1; data/current_revenue_outlook/revenue_chart_rows.csv:current_basecase:2026Q2; scenario_inputs/scenario_input_wide.parquet:PED:population (2026Q1; 2026Q2); official_annual.csv:population_proxy (2025Q3; 2025Q4); VFM 202405 Base uptake shares; BEFU26 rate cells AA5; AA7; AA9; ; ,,adjusted,Post-model overlays; default Off preserves model forecast. Scenario workbook price variables are already captured by finalist forecasts where supplied.
2026,,FY2026,Current finalist Base case,current_basecase,basecase,Current planned path,Off,Off,Off,Off,PED,ped_vkt_per_capita,6144.321779043229,6144.321779043229,0.0,km/person,ped_vkt_per_capita * pt_factor * petrol_demand_factor,0.0,1.0,1.0,0.0,1.0,1.0,data/current_revenue_outlook/revenue_chart_rows.csv:historical_actual:2025Q3; data/current_revenue_outlook/revenue_chart_rows.csv:historical_actual:2025Q4; data/current_revenue_outlook/revenue_chart_rows.csv:current_basecase:2026Q1; data/current_revenue_outlook/revenue_chart_rows.csv:current_basecase:2026Q2; ; ,,adjusted,Post-model overlays; default Off preserves model forecast. Scenario workbook price variables are already captured by finalist forecasts where supplied.
2026,,FY2026,Current finalist Base case,current_basecase,basecase,Current planned path,Off,Off,Off,Off,PED,ped_volume,3050.766227644052,3050.766227644052,0.0,million litres,adjusted_light_petrol_vkt * adjusted_litres_per_100km / 100,0.0,1.0,1.0,0.0,1.0,1.0,data/current_revenue_outlook/revenue_chart_rows.csv:historical_actual:2025Q3; data/current_revenue_outlook/revenue_chart_rows.csv:historical_actual:2025Q4; data/current_revenue_outlook/revenue_chart_rows.csv:current_basecase:2026Q1; data/current_revenue_outlook/revenue_chart_rows.csv:current_basecase:2026Q2; data/current_revenue_outlook/revenue_chart_rows.csv:historical_actual:2025Q3; data/current_revenue_outlook/revenue_chart_rows.csv:historical_actual:2025Q4; data/current_revenue_outlook/revenue_chart_rows.csv:historical_actual:2026Q1; data/current_revenue_outlook/revenue_chart_rows.csv:current_basecase:2026Q2; scenario_inputs/scenario_input_wide.parquet:PED:population (2026Q1; 2026Q2); official_annual.csv:population_proxy (2025Q3; 2025Q4); VFM 202405 Base uptake shares; BEFU26 rate cells AA5; AA7; AA9; ; ; ,,adjusted,Post-model overlays; default Off preserves model forecast. Scenario workbook price variables are already captured by finalist forecasts where supplied.
2026,,FY2026,Current finalist Base case,current_basecase,basecase,Current planned path,Off,Off,Off,Off,PED,gross_ped_revenue,2136.26854324547,2136.26854324547,0.0,$m nominal ex GST,adjusted_ped_volume * ped_rate,0.0,1.0,1.0,0.0,1.0,1.0,data/current_revenue_outlook/revenue_chart_rows.csv:historical_actual:2025Q3; data/current_revenue_outlook/revenue_chart_rows.csv:historical_actual:2025Q4; data/current_revenue_outlook/revenue_chart_rows.csv:current_basecase:2026Q1; data/current_revenue_outlook/revenue_chart_rows.csv:current_basecase:2026Q2; data/current_revenue_outlook/revenue_chart_rows.csv:historical_actual:2025Q3; data/current_revenue_outlook/revenue_chart_rows.csv:historical_actual:2025Q4; data/current_revenue_outlook/revenue_chart_rows.csv:historical_actual:2026Q1; data/current_revenue_outlook/revenue_chart_rows.csv:current_basecase:2026Q2; scenario_inputs/scenario_input_wide.parquet:PED:population (2026Q1; 2026Q2); official_annual.csv:population_proxy (2025Q3; 2025Q4); VFM 202405 Base uptake shares; BEFU26 rate cells AA5; AA7; AA9; ; ; ,,adjusted,Post-model overlays; default Off preserves model forecast. Scenario workbook price variables are already captured by finalist forecasts where supplied.
2026,,FY2026,Current finalist Base case,current_basecase,basecase,Current planned path,Off,Off,Off,Off,LIGHT_RUC,light_ruc_net_km,12805.016492073193,12805.016492073193,0.0,million km,light_ruc_net_km * pt_factor * light_demand_factor,0.0,1.0,1.0,0.0,1.0,1.0,data/current_revenue_outlook/revenue_chart_rows.csv:historical_actual:2025Q3; data/current_revenue_outlook/revenue_chart_rows.csv:historical_actual:2025Q4; data/current_revenue_outlook/revenue_chart_rows.csv:current_basecase:2026Q1; data/current_revenue_outlook/revenue_chart_rows.csv:current_basecase:2026Q2; data/current_revenue_outlook/revenue_chart_rows.csv:historical_actual:2025Q3; data/current_revenue_outlook/revenue_chart_rows.csv:historical_actual:2025Q4; data/current_revenue_outlook/revenue_chart_rows.csv:historical_actual:2026Q1; data/current_revenue_outlook/revenue_chart_rows.csv:current_basecase:2026Q2; scenario_inputs/scenario_input_wide.parquet:PED:population (2026Q1; 2026Q2); official_annual.csv:population_proxy (2025Q3; 2025Q4); VFM 202405 Base uptake shares; BEFU26 rate cells AA5; AA7; AA9; ; ,,adjusted,Post-model overlays; default Off preserves model forecast. Scenario workbook price variables are already captured by finalist forecasts where supplied.
2026,,FY2026,Current finalist Base case,current_basecase,basecase,Current planned path,Off,Off,Off,Off,LIGHT_BEV,light_bev_ruc_net_km,1238.551058032925,1238.551058032925,0.0,million km,light_bev_ruc_net_km * pt_factor * light_demand_factor,0.0,1.0,1.0,0.0,1.0,1.0,data/current_revenue_outlook/revenue_chart_rows.csv:historical_actual:2025Q3; data/current_revenue_outlook/revenue_chart_rows.csv:historical_actual:2025Q4; data/current_revenue_outlook/revenue_chart_rows.csv:current_basecase:2026Q1; data/current_revenue_outlook/revenue_chart_rows.csv:current_basecase:2026Q2; data/current_revenue_outlook/revenue_chart_rows.csv:historical_actual:2025Q3; data/current_revenue_outlook/revenue_chart_rows.csv:historical_actual:2025Q4; data/current_revenue_outlook/revenue_chart_rows.csv:historical_actual:2026Q1; data/current_revenue_outlook/revenue_chart_rows.csv:current_basecase:2026Q2; scenario_inputs/scenario_input_wide.parquet:PED:population (2026Q1; 2026Q2); official_annual.csv:population_proxy (2025Q3; 2025Q4); VFM 202405 Base uptake shares; BEFU26 rate cells AA5; AA7; AA9; ; ,,adjusted,Post-model overlays; default Off preserves model forecast. Scenario workbook price variables are already captured by finalist forecasts where supplied.
2026,,FY2026,Current finalist Base case,current_basecase,basecase,Current planned path,Off,Off,Off,Off,PHEV,phev_ruc_net_km,648.6011270216075,648.6011270216075,0.0,million km,phev_ruc_net_km * pt_factor * light_demand_factor,0.0,1.0,1.0,0.0,1.0,1.0,data/current_revenue_outlook/revenue_chart_rows.csv:historical_actual:2025Q3; data/current_revenue_outlook/revenue_chart_rows.csv:historical_actual:2025Q4; data/current_revenue_outlook/revenue_chart_rows.csv:current_basecase:2026Q1; data/current_revenue_outlook/revenue_chart_rows.csv:current_basecase:2026Q2; data/current_revenue_outlook/revenue_chart_rows.csv:historical_actual:2025Q3; data/current_revenue_outlook/revenue_chart_rows.csv:historical_actual:2025Q4; data/current_revenue_outlook/revenue_chart_rows.csv:historical_actual:2026Q1; data/current_revenue_outlook/revenue_chart_rows.csv:current_basecase:2026Q2; scenario_inputs/scenario_input_wide.parquet:PED:population (2026Q1; 2026Q2); official_annual.csv:population_proxy (2025Q3; 2025Q4); VFM 202405 Base uptake shares; BEFU26 rate cells AA5; AA7; AA9; ; ,,adjusted,Post-model overlays; default Off preserves model forecast. Scenario workbook price variables are already captured by finalist forecasts where supplied.
2026,,FY2026,Current finalist Base case,current_basecase,basecase,Current planned path,Off,Off,Off,Off,LIGHT_RUC,current_light_ruc_conventional_modelled_km,12805.016492073193,12805.016492073193,0.0,million km,current_light_ruc_conventional_modelled_km * pt_factor * light_demand_factor,0.0,1.0,1.0,0.0,1.0,1.0,data/current_revenue_outlook/revenue_chart_rows.csv:historical_actual:2025Q3; data/current_revenue_outlook/revenue_chart_rows.csv:historical_actual:2025Q4; data/current_revenue_outlook/revenue_chart_rows.csv:historical_actual:2026Q1; data/current_revenue_outlook/revenue_chart_rows.csv:current_basecase:2026Q2; ; ,,adjusted,Post-model overlays; default Off preserves model forecast. Scenario workbook price variables are already captured by finalist forecasts where supplied.
2026,,FY2026,Current finalist Base case,current_basecase,basecase,Current planned path,Off,Off,Off,Off,LIGHT_RUC,light_ruc_net_revenue,867.4389604921547,867.4389604921547,0.0,$m nominal ex GST,light_ruc_net_revenue effective rate applied to adjusted km,0.0,1.0,1.0,0.0,1.0,1.0,data/current_revenue_outlook/revenue_chart_rows.csv:historical_actual:2025Q3; data/current_revenue_outlook/revenue_chart_rows.csv:historical_actual:2025Q4; data/current_revenue_outlook/revenue_chart_rows.csv:current_basecase:2026Q1; data/current_revenue_outlook/revenue_chart_rows.csv:current_basecase:2026Q2; data/current_revenue_outlook/revenue_chart_rows.csv:historical_actual:2025Q3; data/current_revenue_outlook/revenue_chart_rows.csv:historical_actual:2025Q4; data/current_revenue_outlook/revenue_chart_rows.csv:historical_actual:2026Q1; data/current_revenue_outlook/revenue_chart_rows.csv:current_basecase:2026Q2; scenario_inputs/scenario_input_wide.parquet:PED:population (2026Q1; 2026Q2); official_annual.csv:population_proxy (2025Q3; 2025Q4); VFM 202405 Base uptake shares; BEFU26 rate cells AA5; AA7; AA9; ; ,,adjusted,Post-model overlays; default Off preserves model forecast. Scenario workbook price variables are already captured by finalist forecasts where supplied.
2026,,FY2026,Current finalist Base case,current_basecase,basecase,Current planned path,Off,Off,Off,Off,LIGHT_BEV,light_bev_ruc_net_revenue,83.42985462699842,83.42985462699842,0.0,$m nominal ex GST,light_bev_ruc_net_revenue effective rate applied to adjusted km,0.0,1.0,1.0,0.0,1.0,1.0,data/current_revenue_outlook/revenue_chart_rows.csv:historical_actual:2025Q3; data/current_revenue_outlook/revenue_chart_rows.csv:historical_actual:2025Q4; data/current_revenue_outlook/revenue_chart_rows.csv:current_basecase:2026Q1; data/current_revenue_outlook/revenue_chart_rows.csv:current_basecase:2026Q2; data/current_revenue_outlook/revenue_chart_rows.csv:historical_actual:2025Q3; data/current_revenue_outlook/revenue_chart_rows.csv:historical_actual:2025Q4; data/current_revenue_outlook/revenue_chart_rows.csv:historical_actual:2026Q1; data/current_revenue_outlook/revenue_chart_rows.csv:current_basecase:2026Q2; scenario_inputs/scenario_input_wide.parquet:PED:population (2026Q1; 2026Q2); official_annual.csv:population_proxy (2025Q3; 2025Q4); VFM 202405 Base uptake shares; BEFU26 rate cells AA5; AA7; AA9; ; ,,adjusted,Post-model overlays; default Off preserves model forecast. Scenario workbook price variables are already captured by finalist forecasts where supplied.
2026,,FY2026,Current finalist Base case,current_basecase,basecase,Current planned path,Off,Off,Off,Off,PHEV,phev_ruc_net_revenue,22.364680858017962,22.364680858017962,0.0,$m nominal ex GST,phev_ruc_net_revenue effective rate applied to adjusted km,0.0,1.0,1.0,0.0,1.0,1.0,data/current_revenue_outlook/revenue_chart_rows.csv:historical_actual:2025Q3; data/current_revenue_outlook/revenue_chart_rows.csv:historical_actual:2025Q4; data/current_revenue_outlook/revenue_chart_rows.csv:current_basecase:2026Q1; data/current_revenue_outlook/revenue_chart_rows.csv:current_basecase:2026Q2; data/current_revenue_outlook/revenue_chart_rows.csv:historical_actual:2025Q3; data/current_revenue_outlook/revenue_chart_rows.csv:historical_actual:2025Q4; data/current_revenue_outlook/revenue_chart_rows.csv:historical_actual:2026Q1; data/current_revenue_outlook/revenue_chart_rows.csv:current_basecase:2026Q2; scenario_inputs/scenario_input_wide.parquet:PED:population (2026Q1; 2026Q2); official_annual.csv:population_proxy (2025Q3; 2025Q4); VFM 202405 Base uptake shares; BEFU26 rate cells AA5; AA7; AA9; ; ,,adjusted,Post-model overlays; default Off preserves model forecast. Scenario workbook price variables are already captured by finalist forecasts where supplied.
2026,,FY2026,Current finalist Base case,current_basecase,basecase,Current planned path,Off,Off,Off,Off,HEAVY_RUC,heavy_ruc_net_km,4064.8582976485013,4064.8582976485013,0.0,million km,heavy_ruc_net_km * freight_factor * heavy_demand_factor,0.0,1.0,1.0,0.0,1.0,1.0,data/current_revenue_outlook/revenue_chart_rows.csv:historical_actual:2025Q3; data/current_revenue_outlook/revenue_chart_rows.csv:historical_actual:2025Q4; data/current_revenue_outlook/revenue_chart_rows.csv:historical_actual:2026Q1; data/current_revenue_outlook/revenue_chart_rows.csv:current_basecase:2026Q2; ; ,,adjusted,Post-model overlays; default Off preserves model forecast. Scenario workbook price variables are already captured by finalist forecasts where supplied.
2026,,FY2026,Current finalist Base case,current_basecase,basecase,Current planned path,Off,Off,Off,Off,HEAVY_RUC,heavy_ruc_net_revenue,1134.8364690215053,1134.8364690215053,0.0,$m nominal ex GST,heavy_ruc_net_revenue effective rate applied to adjusted km,0.0,1.0,1.0,0.0,1.0,1.0,data/current_revenue_outlook/revenue_chart_rows.csv:historical_actual:2025Q3; data/current_revenue_outlook/revenue_chart_rows.csv:historical_actual:2025Q4; data/current_revenue_outlook/revenue_chart_rows.csv:historical_actual:2026Q1; data/current_revenue_outlook/revenue_chart_rows.csv:current_basecase:2026Q2; ; ,,adjusted,Post-model overlays; default Off preserves model forecast. Scenario workbook price variables are already captured by finalist forecasts where supplied.
2026,,FY2026,Current finalist Base case,current_basecase,basecase,Current planned path,Off,Off,Off,Off,ROLLUP,gross_ruc_revenue,2175.484155666798,2175.484155666798,0.0,$m nominal ex GST,gross_ruc_revenue + PED/RUC component deltas,0.0,1.0,1.0,0.0,1.0,1.0,current_revenue_outlook:current_basecase:FY2026,,adjusted,Post-model overlays; default Off preserves model forecast. Scenario workbook price variables are already captured by finalist forecasts where supplied.
2026,,FY2026,Current finalist Base case,current_basecase,basecase,Current planned path,Off,Off,Off,Off,ROLLUP,ruc_revenue_net_admin,2141.246538078973,2141.246538078973,0.0,$m nominal ex GST,ruc_revenue_net_admin + PED/RUC component deltas,0.0,1.0,1.0,0.0,1.0,1.0,current_revenue_outlook:current_basecase:FY2026,,adjusted,Post-model overlays; default Off preserves model forecast. Scenario workbook price variables are already captured by finalist forecasts where supplied.
2026,,FY2026,Current finalist Base case,current_basecase,basecase,Current planned path,Off,Off,Off,Off,ROLLUP,total_ruc_net_revenue,2073.8323474108515,2073.8323474108515,0.0,$m nominal ex GST,total_ruc_net_revenue + PED/RUC component deltas,0.0,1.0,1.0,0.0,1.0,1.0,current_revenue_outlook:current_basecase:FY2026,,adjusted,Post-model overlays; default Off preserves model forecast. Scenario workbook price variables are already captured by finalist forecasts where supplied.
2026,,FY2026,Current finalist Base case,current_basecase,basecase,Current planned path,Off,Off,Off,Off,ROLLUP,gross_fed_revenue,2178.3137058856605,2178.3137058856605,0.0,$m nominal ex GST,gross_fed_revenue + PED/RUC component deltas,0.0,1.0,1.0,0.0,1.0,1.0,current_revenue_outlook:current_basecase:FY2026,,adjusted,Post-model overlays; default Off preserves model forecast. Scenario workbook price variables are already captured by finalist forecasts where supplied.
2026,,FY2026,Current finalist Base case,current_basecase,basecase,Current planned path,Off,Off,Off,Off,ROLLUP,net_fed_revenue,2105.926899683056,2105.926899683056,0.0,$m nominal ex GST,net_fed_revenue + PED/RUC component deltas,0.0,1.0,1.0,0.0,1.0,1.0,current_revenue_outlook:current_basecase:FY2026,,adjusted,Post-model overlays; default Off preserves model forecast. Scenario workbook price variables are already captured by finalist forecasts where supplied.
2026,,FY2026,Current finalist Base case,current_basecase,basecase,Current planned path,Off,Off,Off,Off,ROLLUP,total_gross_revenue,4839.400652476498,4839.400652476498,0.0,$m nominal ex GST,total_gross_revenue + PED/RUC component deltas,0.0,1.0,1.0,0.0,1.0,1.0,current_revenue_outlook:current_basecase:FY2026,,adjusted,Post-model overlays; default Off preserves model forecast. Scenario workbook price variables are already captured by finalist forecasts where supplied.
2026,,FY2026,Current finalist Base case,current_basecase,basecase,Current planned path,Off,Off,Off,Off,ROLLUP,total_revenue_net_admin,4732.4524674694,4732.4524674694,0.0,$m nominal ex GST,total_revenue_net_admin + PED/RUC component deltas,0.0,1.0,1.0,0.0,1.0,1.0,current_revenue_outlook:current_basecase:FY2026,,adjusted,Post-model overlays; default Off preserves model forecast. Scenario workbook price variables are already captured by finalist forecasts where supplied.
2026,,FY2026,Current finalist Base case,current_basecase,basecase,Current planned path,Off,Off,Off,Off,ROLLUP,total_nltf_net_revenue,4591.040099101557,4591.040099101557,0.0,$m nominal ex GST,total_nltf_net_revenue + PED/RUC component deltas,0.0,1.0,1.0,0.0,1.0,1.0,current_revenue_outlook:current_basecase:FY2026,,adjusted,Post-model overlays; default Off preserves model forecast. Scenario workbook price variables are already captured by finalist forecasts where supplied.
2027,,FY2027,Current finalist Base case,current_basecase,basecase,Current planned path,Off,Off,Off,Off,PED,light_petrol_vkt,32190.96899281003,32190.96899281003,0.0,million km,light_petrol_vkt * pt_factor * petrol_demand_factor,0.0,1.0,1.0,0.0,1.0,1.0,data/current_revenue_outlook/revenue_chart_rows.csv:current_basecase:2026Q3; data/current_revenue_outlook/revenue_chart_rows.csv:current_basecase:2026Q4; data/current_revenue_outlook/revenue_chart_rows.csv:current_basecase:2027Q1; data/current_revenue_outlook/revenue_chart_rows.csv:current_basecase:2027Q2; data/current_revenue_outlook/revenue_chart_rows.csv:current_basecase:2026Q3; data/current_revenue_outlook/revenue_chart_rows.csv:current_basecase:2026Q4; data/current_revenue_outlook/revenue_chart_rows.csv:current_basecase:2027Q1; data/current_revenue_outlook/revenue_chart_rows.csv:current_basecase:2027Q2; scenario_inputs/scenario_input_wide.parquet:PED:population (2026Q3; 2026Q4; 2027Q1; 2027Q2); VFM 202405 Base uptake shares; BEFU26 rate cells AB5; AB7; AB9; ; ,,adjusted,Post-model overlays; default Off preserves model forecast. Scenario workbook price variables are already captured by finalist forecasts where supplied.
2027,,FY2027,Current finalist Base case,current_basecase,basecase,Current planned path,Off,Off,Off,Off,PED,ped_vkt_per_capita,5966.778677198156,5966.778677198156,0.0,km/person,ped_vkt_per_capita * pt_factor * petrol_demand_factor,0.0,1.0,1.0,0.0,1.0,1.0,data/current_revenue_outlook/revenue_chart_rows.csv:current_basecase:2026Q3; data/current_revenue_outlook/revenue_chart_rows.csv:current_basecase:2026Q4; data/current_revenue_outlook/revenue_chart_rows.csv:current_basecase:2027Q1; data/current_revenue_outlook/revenue_chart_rows.csv:current_basecase:2027Q2; ; ,,adjusted,Post-model overlays; default Off preserves model forecast. Scenario workbook price variables are already captured by finalist forecasts where supplied.
2027,,FY2027,Current finalist Base case,current_basecase,basecase,Current planned path,Off,Off,Off,Off,PED,ped_volume,2903.2831114272785,2903.2831114272785,0.0,million litres,adjusted_light_petrol_vkt * adjusted_litres_per_100km / 100,0.0,1.0,1.0,0.0,1.0,1.0,data/current_revenue_outlook/revenue_chart_rows.csv:current_basecase:2026Q3; data/current_revenue_outlook/revenue_chart_rows.csv:current_basecase:2026Q4; data/current_revenue_outlook/revenue_chart_rows.csv:current_basecase:2027Q1; data/current_revenue_outlook/revenue_chart_rows.csv:current_basecase:2027Q2; data/current_revenue_outlook/revenue_chart_rows.csv:current_basecase:2026Q3; data/current_revenue_outlook/revenue_chart_rows.csv:current_basecase:2026Q4; data/current_revenue_outlook/revenue_chart_rows.csv:current_basecase:2027Q1; data/current_revenue_outlook/revenue_chart_rows.csv:current_basecase:2027Q2; scenario_inputs/scenario_input_wide.parquet:PED:population (2026Q3; 2026Q4; 2027Q1; 2027Q2); VFM 202405 Base uptake shares; BEFU26 rate cells AB5; AB7; AB9; ; ; ,,adjusted,Post-model overlays; default Off preserves model forecast. Scenario workbook price variables are already captured by finalist forecasts where supplied.
2027,,FY2027,Current finalist Base case,current_basecase,basecase,Current planned path,Off,Off,Off,Off,PED,gross_ped_revenue,2206.740856439173,2206.740856439173,0.0,$m nominal ex GST,adjusted_ped_volume * ped_rate,0.0,1.0,1.0,0.0,1.0,1.0,data/current_revenue_outlook/revenue_chart_rows.csv:current_basecase:2026Q3; data/current_revenue_outlook/revenue_chart_rows.csv:current_basecase:2026Q4; data/current_revenue_outlook/revenue_chart_rows.csv:current_basecase:2027Q1; data/current_revenue_outlook/revenue_chart_rows.csv:current_basecase:2027Q2; data/current_revenue_outlook/revenue_chart_rows.csv:current_basecase:2026Q3; data/current_revenue_outlook/revenue_chart_rows.csv:current_basecase:2026Q4; data/current_revenue_outlook/revenue_chart_rows.csv:current_basecase:2027Q1; data/current_revenue_outlook/revenue_chart_rows.csv:current_basecase:2027Q2; scenario_inputs/scenario_input_wide.parquet:PED:population (2026Q3; 2026Q4; 2027Q1; 2027Q2); VFM 202405 Base uptake shares; BEFU26 rate cells AB5; AB7; AB9; ; ; ,,adjusted,Post-model overlays; default Off preserves model forecast. Scenario workbook price variables are already captured by finalist forecasts where supplied.
2027,,FY2027,Current finalist Base case,current_basecase,basecase,Current planned path,Off,Off,Off,Off,LIGHT_RUC,light_ruc_net_km,12884.412921103954,12884.412921103954,0.0,million km,light_ruc_net_km * pt_factor * light_demand_factor,0.0,1.0,1.0,0.0,1.0,1.0,data/current_revenue_outlook/revenue_chart_rows.csv:current_basecase:2026Q3; data/current_revenue_outlook/revenue_chart_rows.csv:current_basecase:2026Q4; data/current_revenue_outlook/revenue_chart_rows.csv:current_basecase:2027Q1; data/current_revenue_outlook/revenue_chart_rows.csv:current_basecase:2027Q2; data/current_revenue_outlook/revenue_chart_rows.csv:current_basecase:2026Q3; data/current_revenue_outlook/revenue_chart_rows.csv:current_basecase:2026Q4; data/current_revenue_outlook/revenue_chart_rows.csv:current_basecase:2027Q1; data/current_revenue_outlook/revenue_chart_rows.csv:current_basecase:2027Q2; scenario_inputs/scenario_input_wide.parquet:PED:population (2026Q3; 2026Q4; 2027Q1; 2027Q2); VFM 202405 Base uptake shares; BEFU26 rate cells AB5; AB7; AB9; ; ,,adjusted,Post-model overlays; default Off preserves model forecast. Scenario workbook price variables are already captured by finalist forecasts where supplied.
2027,,FY2027,Current finalist Base case,current_basecase,basecase,Current planned path,Off,Off,Off,Off,LIGHT_BEV,light_bev_ruc_net_km,1539.4354765615176,1539.4354765615176,0.0,million km,light_bev_ruc_net_km * pt_factor * light_demand_factor,0.0,1.0,1.0,0.0,1.0,1.0,data/current_revenue_outlook/revenue_chart_rows.csv:current_basecase:2026Q3; data/current_revenue_outlook/revenue_chart_rows.csv:current_basecase:2026Q4; data/current_revenue_outlook/revenue_chart_rows.csv:current_basecase:2027Q1; data/current_revenue_outlook/revenue_chart_rows.csv:current_basecase:2027Q2; data/current_revenue_outlook/revenue_chart_rows.csv:current_basecase:2026Q3; data/current_revenue_outlook/revenue_chart_rows.csv:current_basecase:2026Q4; data/current_revenue_outlook/revenue_chart_rows.csv:current_basecase:2027Q1; data/current_revenue_outlook/revenue_chart_rows.csv:current_basecase:2027Q2; scenario_inputs/scenario_input_wide.parquet:PED:population (2026Q3; 2026Q4; 2027Q1; 2027Q2); VFM 202405 Base uptake shares; BEFU26 rate cells AB5; AB7; AB9; ; ,,adjusted,Post-model overlays; default Off preserves model forecast. Scenario workbook price variables are already captured by finalist forecasts where supplied.
2027,,FY2027,Current finalist Base case,current_basecase,basecase,Current planned path,Off,Off,Off,Off,PHEV,phev_ruc_net_km,844.0725878349956,844.0725878349956,0.0,million km,phev_ruc_net_km * pt_factor * light_demand_factor,0.0,1.0,1.0,0.0,1.0,1.0,data/current_revenue_outlook/revenue_chart_rows.csv:current_basecase:2026Q3; data/current_revenue_outlook/revenue_chart_rows.csv:current_basecase:2026Q4; data/current_revenue_outlook/revenue_chart_rows.csv:current_basecase:2027Q1; data/current_revenue_outlook/revenue_chart_rows.csv:current_basecase:2027Q2; data/current_revenue_outlook/revenue_chart_rows.csv:current_basecase:2026Q3; data/current_revenue_outlook/revenue_chart_rows.csv:current_basecase:2026Q4; data/current_revenue_outlook/revenue_chart_rows.csv:current_basecase:2027Q1; data/current_revenue_outlook/revenue_chart_rows.csv:current_basecase:2027Q2; scenario_inputs/scenario_input_wide.parquet:PED:population (2026Q3; 2026Q4; 2027Q1; 2027Q2); VFM 202405 Base uptake shares; BEFU26 rate cells AB5; AB7; AB9; ; ,,adjusted,Post-model overlays; default Off preserves model forecast. Scenario workbook price variables are already captured by finalist forecasts where supplied.
2027,,FY2027,Current finalist Base case,current_basecase,basecase,Current planned path,Off,Off,Off,Off,LIGHT_RUC,current_light_ruc_conventional_modelled_km,12884.412921103954,12884.412921103954,0.0,million km,current_light_ruc_conventional_modelled_km * pt_factor * light_demand_factor,0.0,1.0,1.0,0.0,1.0,1.0,data/current_revenue_outlook/revenue_chart_rows.csv:current_basecase:2026Q3; data/current_revenue_outlook/revenue_chart_rows.csv:current_basecase:2026Q4; data/current_revenue_outlook/revenue_chart_rows.csv:current_basecase:2027Q1; data/current_revenue_outlook/revenue_chart_rows.csv:current_basecase:2027Q2; ; ,,adjusted,Post-model overlays; default Off preserves model forecast. Scenario workbook price variables are already captured by finalist forecasts where supplied.
2027,,FY2027,Current finalist Base case,current_basecase,basecase,Current planned path,Off,Off,Off,Off,LIGHT_RUC,light_ruc_net_revenue,940.1600224373842,940.1600224373842,0.0,$m nominal ex GST,light_ruc_net_revenue effective rate applied to adjusted km,0.0,1.0,1.0,0.0,1.0,1.0,data/current_revenue_outlook/revenue_chart_rows.csv:current_basecase:2026Q3; data/current_revenue_outlook/revenue_chart_rows.csv:current_basecase:2026Q4; data/current_revenue_outlook/revenue_chart_rows.csv:current_basecase:2027Q1; data/current_revenue_outlook/revenue_chart_rows.csv:current_basecase:2027Q2; data/current_revenue_outlook/revenue_chart_rows.csv:current_basecase:2026Q3; data/current_revenue_outlook/revenue_chart_rows.csv:current_basecase:2026Q4; data/current_revenue_outlook/revenue_chart_rows.csv:current_basecase:2027Q1; data/current_revenue_outlook/revenue_chart_rows.csv:current_basecase:2027Q2; scenario_inputs/scenario_input_wide.parquet:PED:population (2026Q3; 2026Q4; 2027Q1; 2027Q2); VFM 202405 Base uptake shares; BEFU26 rate cells AB5; AB7; AB9; ; ,,adjusted,Post-model overlays; default Off preserves model forecast. Scenario workbook price variables are already captured by finalist forecasts where supplied.
2027,,FY2027,Current finalist Base case,current_basecase,basecase,Current planned path,Off,Off,Off,Off,LIGHT_BEV,light_bev_ruc_net_revenue,112.24552225578641,112.24552225578641,0.0,$m nominal ex GST,light_bev_ruc_net_revenue effective rate applied to adjusted km,0.0,1.0,1.0,0.0,1.0,1.0,data/current_revenue_outlook/revenue_chart_rows.csv:current_basecase:2026Q3; data/current_revenue_outlook/revenue_chart_rows.csv:current_basecase:2026Q4; data/current_revenue_outlook/revenue_chart_rows.csv:current_basecase:2027Q1; data/current_revenue_outlook/revenue_chart_rows.csv:current_basecase:2027Q2; data/current_revenue_outlook/revenue_chart_rows.csv:current_basecase:2026Q3; data/current_revenue_outlook/revenue_chart_rows.csv:current_basecase:2026Q4; data/current_revenue_outlook/revenue_chart_rows.csv:current_basecase:2027Q1; data/current_revenue_outlook/revenue_chart_rows.csv:current_basecase:2027Q2; scenario_inputs/scenario_input_wide.parquet:PED:population (2026Q3; 2026Q4; 2027Q1; 2027Q2); VFM 202405 Base uptake shares; BEFU26 rate cells AB5; AB7; AB9; ; ,,adjusted,Post-model overlays; default Off preserves model forecast. Scenario workbook price variables are already captured by finalist forecasts where supplied.
2027,,FY2027,Current finalist Base case,current_basecase,basecase,Current planned path,Off,Off,Off,Off,PHEV,phev_ruc_net_revenue,30.889150690580337,30.889150690580337,0.0,$m nominal ex GST,phev_ruc_net_revenue effective rate applied to adjusted km,0.0,1.0,1.0,0.0,1.0,1.0,data/current_revenue_outlook/revenue_chart_rows.csv:current_basecase:2026Q3; data/current_revenue_outlook/revenue_chart_rows.csv:current_basecase:2026Q4; data/current_revenue_outlook/revenue_chart_rows.csv:current_basecase:2027Q1; data/current_revenue_outlook/revenue_chart_rows.csv:current_basecase:2027Q2; data/current_revenue_outlook/revenue_chart_rows.csv:current_basecase:2026Q3; data/current_revenue_outlook/revenue_chart_rows.csv:current_basecase:2026Q4; data/current_revenue_outlook/revenue_chart_rows.csv:current_basecase:2027Q1; data/current_revenue_outlook/revenue_chart_rows.csv:current_basecase:2027Q2; scenario_inputs/scenario_input_wide.parquet:PED:population (2026Q3; 2026Q4; 2027Q1; 2027Q2); VFM 202405 Base uptake shares; BEFU26 rate cells AB5; AB7; AB9; ; ,,adjusted,Post-model overlays; default Off preserves model forecast. Scenario workbook price variables are already captured by finalist forecasts where supplied.
2027,,FY2027,Current finalist Base case,current_basecase,basecase,Current planned path,Off,Off,Off,Off,HEAVY_RUC,heavy_ruc_net_km,4102.648453941279,4102.648453941279,0.0,million km,heavy_ruc_net_km * freight_factor * heavy_demand_factor,0.0,1.0,1.0,0.0,1.0,1.0,data/current_revenue_outlook/revenue_chart_rows.csv:current_basecase:2026Q3; data/current_revenue_outlook/revenue_chart_rows.csv:current_basecase:2026Q4; data/current_revenue_outlook/revenue_chart_rows.csv:current_basecase:2027Q1; data/current_revenue_outlook/revenue_chart_rows.csv:current_basecase:2027Q2; ; ,,adjusted,Post-model overlays; default Off preserves model forecast. Scenario workbook price variables are already captured by finalist forecasts where supplied.
2027,,FY2027,Current finalist Base case,current_basecase,basecase,Current planned path,Off,Off,Off,Off,HEAVY_RUC,heavy_ruc_net_revenue,1232.1435318108831,1232.1435318108831,0.0,$m nominal ex GST,heavy_ruc_net_revenue effective rate applied to adjusted km,0.0,1.0,1.0,0.0,1.0,1.0,data/current_revenue_outlook/revenue_chart_rows.csv:current_basecase:2026Q3; data/current_revenue_outlook/revenue_chart_rows.csv:current_basecase:2026Q4; data/current_revenue_outlook/revenue_chart_rows.csv:current_basecase:2027Q1; data/current_revenue_outlook/revenue_chart_rows.csv:current_basecase:2027Q2; ; ,,adjusted,Post-model overlays; default Off preserves model forecast. Scenario workbook price variables are already captured by finalist forecasts where supplied.
2027,,FY2027,Current finalist Base case,current_basecase,basecase,Current planned path,Off,Off,Off,Off,ROLLUP,gross_ruc_revenue,2393.5569828240336,2393.5569828240336,0.0,$m nominal ex GST,gross_ruc_revenue + PED/RUC component deltas,0.0,1.0,1.0,0.0,1.0,1.0,current_revenue_outlook:current_basecase:FY2027,,adjusted,Post-model overlays; default Off preserves model forecast. Scenario workbook price variables are already captured by finalist forecasts where supplied.
2027,,FY2027,Current finalist Base case,current_basecase,basecase,Current planned path,Off,Off,Off,Off,ROLLUP,ruc_revenue_net_admin,2358.6638463211925,2358.6638463211925,0.0,$m nominal ex GST,ruc_revenue_net_admin + PED/RUC component deltas,0.0,1.0,1.0,0.0,1.0,1.0,current_revenue_outlook:current_basecase:FY2027,,adjusted,Post-model overlays; default Off preserves model forecast. Scenario workbook price variables are already captured by finalist forecasts where supplied.
2027,,FY2027,Current finalist Base case,current_basecase,basecase,Current planned path,Off,Off,Off,Off,ROLLUP,total_ruc_net_revenue,2280.545090691793,2280.545090691793,0.0,$m nominal ex GST,total_ruc_net_revenue + PED/RUC component deltas,0.0,1.0,1.0,0.0,1.0,1.0,current_revenue_outlook:current_basecase:FY2027,,adjusted,Post-model overlays; default Off preserves model forecast. Scenario workbook price variables are already captured by finalist forecasts where supplied.
2027,,FY2027,Current finalist Base case,current_basecase,basecase,Current planned path,Off,Off,Off,Off,ROLLUP,gross_fed_revenue,2249.373546259514,2249.373546259514,0.0,$m nominal ex GST,gross_fed_revenue + PED/RUC component deltas,0.0,1.0,1.0,0.0,1.0,1.0,current_revenue_outlook:current_basecase:FY2027,,adjusted,Post-model overlays; default Off preserves model forecast. Scenario workbook price variables are already captured by finalist forecasts where supplied.
2027,,FY2027,Current finalist Base case,current_basecase,basecase,Current planned path,Off,Off,Off,Off,ROLLUP,net_fed_revenue,2168.720585569862,2168.720585569862,0.0,$m nominal ex GST,net_fed_revenue + PED/RUC component deltas,0.0,1.0,1.0,0.0,1.0,1.0,current_revenue_outlook:current_basecase:FY2027,,adjusted,Post-model overlays; default Off preserves model forecast. Scenario workbook price variables are already captured by finalist forecasts where supplied.
2027,,FY2027,Current finalist Base case,current_basecase,basecase,Current planned path,Off,Off,Off,Off,ROLLUP,total_gross_revenue,5218.688605938726,5218.688605938726,0.0,$m nominal ex GST,total_gross_revenue + PED/RUC component deltas,0.0,1.0,1.0,0.0,1.0,1.0,current_revenue_outlook:current_basecase:FY2027,,adjusted,Post-model overlays; default Off preserves model forecast. Scenario workbook price variables are already captured by finalist forecasts where supplied.
2027,,FY2027,Current finalist Base case,current_basecase,basecase,Current planned path,Off,Off,Off,Off,ROLLUP,total_revenue_net_admin,5111.536992694689,5111.536992694689,0.0,$m nominal ex GST,total_revenue_net_admin + PED/RUC component deltas,0.0,1.0,1.0,0.0,1.0,1.0,current_revenue_outlook:current_basecase:FY2027,,adjusted,Post-model overlays; default Off preserves model forecast. Scenario workbook price variables are already captured by finalist forecasts where supplied.
2027,,FY2027,Current finalist Base case,current_basecase,basecase,Current planned path,Off,Off,Off,Off,ROLLUP,total_nltf_net_revenue,4950.870566126487,4950.870566126487,0.0,$m nominal ex GST,total_nltf_net_revenue + PED/RUC component deltas,0.0,1.0,1.0,0.0,1.0,1.0,current_revenue_outlook:current_basecase:FY2027,,adjusted,Post-model overlays; default Off preserves model forecast. Scenario workbook price variables are already captured by finalist forecasts where supplied.
2028,,FY2028,Current finalist Base case,current_basecase,basecase,Current planned path,Off,Off,Off,Off,PED,light_petrol_vkt,32150.162716100647,32150.162716100647,0.0,million km,light_petrol_vkt * pt_factor * petrol_demand_factor,0.0,1.0,1.0,0.0,1.0,1.0,data/current_revenue_outlook/revenue_chart_rows.csv:current_basecase:2027Q3; data/current_revenue_outlook/revenue_chart_rows.csv:current_basecase:2027Q4; data/current_revenue_outlook/revenue_chart_rows.csv:current_basecase:2028Q1; data/current_revenue_outlook/revenue_chart_rows.csv:current_basecase:2028Q2; data/current_revenue_outlook/revenue_chart_rows.csv:current_basecase:2027Q3; data/current_revenue_outlook/revenue_chart_rows.csv:current_basecase:2027Q4; data/current_revenue_outlook/revenue_chart_rows.csv:current_basecase:2028Q1; data/current_revenue_outlook/revenue_chart_rows.csv:current_basecase:2028Q2; scenario_inputs/scenario_input_wide.parquet:PED:population (2027Q3; 2027Q4; 2028Q1; 2028Q2); VFM 202405 Base uptake shares; BEFU26 rate cells AC5; AC7; AC9; ; ,,adjusted,Post-model overlays; default Off preserves model forecast. Scenario workbook price variables are already captured by finalist forecasts where supplied.
2028,,FY2028,Current finalist Base case,current_basecase,basecase,Current planned path,Off,Off,Off,Off,PED,ped_vkt_per_capita,5911.505385511109,5911.505385511109,0.0,km/person,ped_vkt_per_capita * pt_factor * petrol_demand_factor,0.0,1.0,1.0,0.0,1.0,1.0,data/current_revenue_outlook/revenue_chart_rows.csv:current_basecase:2027Q3; data/current_revenue_outlook/revenue_chart_rows.csv:current_basecase:2027Q4; data/current_revenue_outlook/revenue_chart_rows.csv:current_basecase:2028Q1; data/current_revenue_outlook/revenue_chart_rows.csv:current_basecase:2028Q2; ; ,,adjusted,Post-model overlays; default Off preserves model forecast. Scenario workbook price variables are already captured by finalist forecasts where supplied.
2028,,FY2028,Current finalist Base case,current_basecase,basecase,Current planned path,Off,Off,Off,Off,PED,ped_volume,2871.5904544841837,2871.5904544841837,0.0,million litres,adjusted_light_petrol_vkt * adjusted_litres_per_100km / 100,0.0,1.0,1.0,0.0,1.0,1.0,data/current_revenue_outlook/revenue_chart_rows.csv:current_basecase:2027Q3; data/current_revenue_outlook/revenue_chart_rows.csv:current_basecase:2027Q4; data/current_revenue_outlook/revenue_chart_rows.csv:current_basecase:2028Q1; data/current_revenue_outlook/revenue_chart_rows.csv:current_basecase:2028Q2; data/current_revenue_outlook/revenue_chart_rows.csv:current_basecase:2027Q3; data/current_revenue_outlook/revenue_chart_rows.csv:current_basecase:2027Q4; data/current_revenue_outlook/revenue_chart_rows.csv:current_basecase:2028Q1; data/current_revenue_outlook/revenue_chart_rows.csv:current_basecase:2028Q2; scenario_inputs/scenario_input_wide.parquet:PED:population (2027Q3; 2027Q4; 2028Q1; 2028Q2); VFM 202405 Base uptake shares; BEFU26 rate cells AC5; AC7; AC9; ; ; ,,adjusted,Post-model overlays; default Off preserves model forecast. Scenario workbook price variables are already captured by finalist forecasts where supplied.
2028,,FY2028,Current finalist Base case,current_basecase,basecase,Current planned path,Off,Off,Off,Off,PED,gross_ped_revenue,2441.2585237103976,2441.2585237103976,0.0,$m nominal ex GST,adjusted_ped_volume * ped_rate,0.0,1.0,1.0,0.0,1.0,1.0,data/current_revenue_outlook/revenue_chart_rows.csv:current_basecase:2027Q3; data/current_revenue_outlook/revenue_chart_rows.csv:current_basecase:2027Q4; data/current_revenue_outlook/revenue_chart_rows.csv:current_basecase:2028Q1; data/current_revenue_outlook/revenue_chart_rows.csv:current_basecase:2028Q2; data/current_revenue_outlook/revenue_chart_rows.csv:current_basecase:2027Q3; data/current_revenue_outlook/revenue_chart_rows.csv:current_basecase:2027Q4; data/current_revenue_outlook/revenue_chart_rows.csv:current_basecase:2028Q1; data/current_revenue_outlook/revenue_chart_rows.csv:current_basecase:2028Q2; scenario_inputs/scenario_input_wide.parquet:PED:population (2027Q3; 2027Q4; 2028Q1; 2028Q2); VFM 202405 Base uptake shares; BEFU26 rate cells AC5; AC7; AC9; ; ; ,,adjusted,Post-model overlays; default Off preserves model forecast. Scenario workbook price variables are already captured by finalist forecasts where supplied.
2028,,FY2028,Current finalist Base case,current_basecase,basecase,Current planned path,Off,Off,Off,Off,LIGHT_RUC,light_ruc_net_km,13372.423680284686,13372.423680284686,0.0,million km,light_ruc_net_km * pt_factor * light_demand_factor,0.0,1.0,1.0,0.0,1.0,1.0,data/current_revenue_outlook/revenue_chart_rows.csv:current_basecase:2027Q3; data/current_revenue_outlook/revenue_chart_rows.csv:current_basecase:2027Q4; data/current_revenue_outlook/revenue_chart_rows.csv:current_basecase:2028Q1; data/current_revenue_outlook/revenue_chart_rows.csv:current_basecase:2028Q2; data/current_revenue_outlook/revenue_chart_rows.csv:current_basecase:2027Q3; data/current_revenue_outlook/revenue_chart_rows.csv:current_basecase:2027Q4; data/current_revenue_outlook/revenue_chart_rows.csv:current_basecase:2028Q1; data/current_revenue_outlook/revenue_chart_rows.csv:current_basecase:2028Q2; scenario_inputs/scenario_input_wide.parquet:PED:population (2027Q3; 2027Q4; 2028Q1; 2028Q2); VFM 202405 Base uptake shares; BEFU26 rate cells AC5; AC7; AC9; ; ,,adjusted,Post-model overlays; default Off preserves model forecast. Scenario workbook price variables are already captured by finalist forecasts where supplied.
2028,,FY2028,Current finalist Base case,current_basecase,basecase,Current planned path,Off,Off,Off,Off,LIGHT_BEV,light_bev_ruc_net_km,2021.437085826135,2021.437085826135,0.0,million km,light_bev_ruc_net_km * pt_factor * light_demand_factor,0.0,1.0,1.0,0.0,1.0,1.0,data/current_revenue_outlook/revenue_chart_rows.csv:current_basecase:2027Q3; data/current_revenue_outlook/revenue_chart_rows.csv:current_basecase:2027Q4; data/current_revenue_outlook/revenue_chart_rows.csv:current_basecase:2028Q1; data/current_revenue_outlook/revenue_chart_rows.csv:current_basecase:2028Q2; data/current_revenue_outlook/revenue_chart_rows.csv:current_basecase:2027Q3; data/current_revenue_outlook/revenue_chart_rows.csv:current_basecase:2027Q4; data/current_revenue_outlook/revenue_chart_rows.csv:current_basecase:2028Q1; data/current_revenue_outlook/revenue_chart_rows.csv:current_basecase:2028Q2; scenario_inputs/scenario_input_wide.parquet:PED:population (2027Q3; 2027Q4; 2028Q1; 2028Q2); VFM 202405 Base uptake shares; BEFU26 rate cells AC5; AC7; AC9; ; ,,adjusted,Post-model overlays; default Off preserves model forecast. Scenario workbook price variables are already captured by finalist forecasts where supplied.
2028,,FY2028,Current finalist Base case,current_basecase,basecase,Current planned path,Off,Off,Off,Off,PHEV,phev_ruc_net_km,1126.276905928986,1126.276905928986,0.0,million km,phev_ruc_net_km * pt_factor * light_demand_factor,0.0,1.0,1.0,0.0,1.0,1.0,data/current_revenue_outlook/revenue_chart_rows.csv:current_basecase:2027Q3; data/current_revenue_outlook/revenue_chart_rows.csv:current_basecase:2027Q4; data/current_revenue_outlook/revenue_chart_rows.csv:current_basecase:2028Q1; data/current_revenue_outlook/revenue_chart_rows.csv:current_basecase:2028Q2; data/current_revenue_outlook/revenue_chart_rows.csv:current_basecase:2027Q3; data/current_revenue_outlook/revenue_chart_rows.csv:current_basecase:2027Q4; data/current_revenue_outlook/revenue_chart_rows.csv:current_basecase:2028Q1; data/current_revenue_outlook/revenue_chart_rows.csv:current_basecase:2028Q2; scenario_inputs/scenario_input_wide.parquet:PED:population (2027Q3; 2027Q4; 2028Q1; 2028Q2); VFM 202405 Base uptake shares; BEFU26 rate cells AC5; AC7; AC9; ; ,,adjusted,Post-model overlays; default Off preserves model forecast. Scenario workbook price variables are already captured by finalist forecasts where supplied.
2028,,FY2028,Current finalist Base case,current_basecase,basecase,Current planned path,Off,Off,Off,Off,LIGHT_RUC,current_light_ruc_conventional_modelled_km,13372.423680284688,13372.423680284688,0.0,million km,current_light_ruc_conventional_modelled_km * pt_factor * light_demand_factor,0.0,1.0,1.0,0.0,1.0,1.0,data/current_revenue_outlook/revenue_chart_rows.csv:current_basecase:2027Q3; data/current_revenue_outlook/revenue_chart_rows.csv:current_basecase:2027Q4; data/current_revenue_outlook/revenue_chart_rows.csv:current_basecase:2028Q1; data/current_revenue_outlook/revenue_chart_rows.csv:current_basecase:2028Q2; ; ,,adjusted,Post-model overlays; default Off preserves model forecast. Scenario workbook price variables are already captured by finalist forecasts where supplied.
2028,,FY2028,Current finalist Base case,current_basecase,basecase,Current planned path,Off,Off,Off,Off,LIGHT_RUC,light_ruc_net_revenue,1087.4867913007602,1087.4867913007602,0.0,$m nominal ex GST,light_ruc_net_revenue effective rate applied to adjusted km,0.0,1.0,1.0,0.0,1.0,1.0,data/current_revenue_outlook/revenue_chart_rows.csv:current_basecase:2027Q3; data/current_revenue_outlook/revenue_chart_rows.csv:current_basecase:2027Q4; data/current_revenue_outlook/revenue_chart_rows.csv:current_basecase:2028Q1; data/current_revenue_outlook/revenue_chart_rows.csv:current_basecase:2028Q2; data/current_revenue_outlook/revenue_chart_rows.csv:current_basecase:2027Q3; data/current_revenue_outlook/revenue_chart_rows.csv:current_basecase:2027Q4; data/current_revenue_outlook/revenue_chart_rows.csv:current_basecase:2028Q1; data/current_revenue_outlook/revenue_chart_rows.csv:current_basecase:2028Q2; scenario_inputs/scenario_input_wide.parquet:PED:population (2027Q3; 2027Q4; 2028Q1; 2028Q2); VFM 202405 Base uptake shares; BEFU26 rate cells AC5; AC7; AC9; ; ,,adjusted,Post-model overlays; default Off preserves model forecast. Scenario workbook price variables are already captured by finalist forecasts where supplied.
2028,,FY2028,Current finalist Base case,current_basecase,basecase,Current planned path,Off,Off,Off,Off,LIGHT_BEV,light_bev_ruc_net_revenue,164.44390693195604,164.44390693195604,0.0,$m nominal ex GST,light_bev_ruc_net_revenue effective rate applied to adjusted km,0.0,1.0,1.0,0.0,1.0,1.0,data/current_revenue_outlook/revenue_chart_rows.csv:current_basecase:2027Q3; data/current_revenue_outlook/revenue_chart_rows.csv:current_basecase:2027Q4; data/current_revenue_outlook/revenue_chart_rows.csv:current_basecase:2028Q1; data/current_revenue_outlook/revenue_chart_rows.csv:current_basecase:2028Q2; data/current_revenue_outlook/revenue_chart_rows.csv:current_basecase:2027Q3; data/current_revenue_outlook/revenue_chart_rows.csv:current_basecase:2027Q4; data/current_revenue_outlook/revenue_chart_rows.csv:current_basecase:2028Q1; data/current_revenue_outlook/revenue_chart_rows.csv:current_basecase:2028Q2; scenario_inputs/scenario_input_wide.parquet:PED:population (2027Q3; 2027Q4; 2028Q1; 2028Q2); VFM 202405 Base uptake shares; BEFU26 rate cells AC5; AC7; AC9; ; ,,adjusted,Post-model overlays; default Off preserves model forecast. Scenario workbook price variables are already captured by finalist forecasts where supplied.
2028,,FY2028,Current finalist Base case,current_basecase,basecase,Current planned path,Off,Off,Off,Off,PHEV,phev_ruc_net_revenue,45.180598081341415,45.180598081341415,0.0,$m nominal ex GST,phev_ruc_net_revenue effective rate applied to adjusted km,0.0,1.0,1.0,0.0,1.0,1.0,data/current_revenue_outlook/revenue_chart_rows.csv:current_basecase:2027Q3; data/current_revenue_outlook/revenue_chart_rows.csv:current_basecase:2027Q4; data/current_revenue_outlook/revenue_chart_rows.csv:current_basecase:2028Q1; data/current_revenue_outlook/revenue_chart_rows.csv:current_basecase:2028Q2; data/current_revenue_outlook/revenue_chart_rows.csv:current_basecase:2027Q3; data/current_revenue_outlook/revenue_chart_rows.csv:current_basecase:2027Q4; data/current_revenue_outlook/revenue_chart_rows.csv:current_basecase:2028Q1; data/current_revenue_outlook/revenue_chart_rows.csv:current_basecase:2028Q2; scenario_inputs/scenario_input_wide.parquet:PED:population (2027Q3; 2027Q4; 2028Q1; 2028Q2); VFM 202405 Base uptake shares; BEFU26 rate cells AC5; AC7; AC9; ; ,,adjusted,Post-model overlays; default Off preserves model forecast. Scenario workbook price variables are already captured by finalist forecasts where supplied.
2028,,FY2028,Current finalist Base case,current_basecase,basecase,Current planned path,Off,Off,Off,Off,HEAVY_RUC,heavy_ruc_net_km,4134.717390885671,4134.717390885671,0.0,million km,heavy_ruc_net_km * freight_factor * heavy_demand_factor,0.0,1.0,1.0,0.0,1.0,1.0,data/current_revenue_outlook/revenue_chart_rows.csv:current_basecase:2027Q3; data/current_revenue_outlook/revenue_chart_rows.csv:current_basecase:2027Q4; data/current_revenue_outlook/revenue_chart_rows.csv:current_basecase:2028Q1; data/current_revenue_outlook/revenue_chart_rows.csv:current_basecase:2028Q2; ; ,,adjusted,Post-model overlays; default Off preserves model forecast. Scenario workbook price variables are already captured by finalist forecasts where supplied.
2028,,FY2028,Current finalist Base case,current_basecase,basecase,Current planned path,Off,Off,Off,Off,HEAVY_RUC,heavy_ruc_net_revenue,1380.360386338277,1380.360386338277,0.0,$m nominal ex GST,heavy_ruc_net_revenue effective rate applied to adjusted km,0.0,1.0,1.0,0.0,1.0,1.0,data/current_revenue_outlook/revenue_chart_rows.csv:current_basecase:2027Q3; data/current_revenue_outlook/revenue_chart_rows.csv:current_basecase:2027Q4; data/current_revenue_outlook/revenue_chart_rows.csv:current_basecase:2028Q1; data/current_revenue_outlook/revenue_chart_rows.csv:current_basecase:2028Q2; ; ,,adjusted,Post-model overlays; default Off preserves model forecast. Scenario workbook price variables are already captured by finalist forecasts where supplied.
2028,,FY2028,Current finalist Base case,current_basecase,basecase,Current planned path,Off,Off,Off,Off,ROLLUP,gross_ruc_revenue,2789.59708365847,2789.59708365847,0.0,$m nominal ex GST,gross_ruc_revenue + PED/RUC component deltas,0.0,1.0,1.0,0.0,1.0,1.0,current_revenue_outlook:current_basecase:FY2028,,adjusted,Post-model overlays; default Off preserves model forecast. Scenario workbook price variables are already captured by finalist forecasts where supplied.
2028,,FY2028,Current finalist Base case,current_basecase,basecase,Current planned path,Off,Off,Off,Off,ROLLUP,ruc_revenue_net_admin,2752.147750209445,2752.147750209445,0.0,$m nominal ex GST,ruc_revenue_net_admin + PED/RUC component deltas,0.0,1.0,1.0,0.0,1.0,1.0,current_revenue_outlook:current_basecase:FY2028,,adjusted,Post-model overlays; default Off preserves model forecast. Scenario workbook price variables are already captured by finalist forecasts where supplied.
2028,,FY2028,Current finalist Base case,current_basecase,basecase,Current planned path,Off,Off,Off,Off,ROLLUP,total_ruc_net_revenue,2660.225385516815,2660.225385516815,0.0,$m nominal ex GST,total_ruc_net_revenue + PED/RUC component deltas,0.0,1.0,1.0,0.0,1.0,1.0,current_revenue_outlook:current_basecase:FY2028,,adjusted,Post-model overlays; default Off preserves model forecast. Scenario workbook price variables are already captured by finalist forecasts where supplied.
2028,,FY2028,Current finalist Base case,current_basecase,basecase,Current planned path,Off,Off,Off,Off,ROLLUP,gross_fed_revenue,2484.111900572585,2484.111900572585,0.0,$m nominal ex GST,gross_fed_revenue + PED/RUC component deltas,0.0,1.0,1.0,0.0,1.0,1.0,current_revenue_outlook:current_basecase:FY2028,,adjusted,Post-model overlays; default Off preserves model forecast. Scenario workbook price variables are already captured by finalist forecasts where supplied.
2028,,FY2028,Current finalist Base case,current_basecase,basecase,Current planned path,Off,Off,Off,Off,ROLLUP,net_fed_revenue,2392.6445983208428,2392.6445983208428,0.0,$m nominal ex GST,net_fed_revenue + PED/RUC component deltas,0.0,1.0,1.0,0.0,1.0,1.0,current_revenue_outlook:current_basecase:FY2028,,adjusted,Post-model overlays; default Off preserves model forecast. Scenario workbook price variables are already captured by finalist forecasts where supplied.
2028,,FY2028,Current finalist Base case,current_basecase,basecase,Current planned path,Off,Off,Off,Off,ROLLUP,total_gross_revenue,5855.3427917418985,5855.3427917418985,0.0,$m nominal ex GST,total_gross_revenue + PED/RUC component deltas,0.0,1.0,1.0,0.0,1.0,1.0,current_revenue_outlook:current_basecase:FY2028,,adjusted,Post-model overlays; default Off preserves model forecast. Scenario workbook price variables are already captured by finalist forecasts where supplied.
2028,,FY2028,Current finalist Base case,current_basecase,basecase,Current planned path,Off,Off,Off,Off,ROLLUP,total_revenue_net_admin,5746.007284781014,5746.007284781014,0.0,$m nominal ex GST,total_revenue_net_admin + PED/RUC component deltas,0.0,1.0,1.0,0.0,1.0,1.0,current_revenue_outlook:current_basecase:FY2028,,adjusted,Post-model overlays; default Off preserves model forecast. Scenario workbook price variables are already captured by finalist forecasts where supplied.
2028,,FY2028,Current finalist Base case,current_basecase,basecase,Current planned path,Off,Off,Off,Off,ROLLUP,total_nltf_net_revenue,5560.678393807069,5560.678393807069,0.0,$m nominal ex GST,total_nltf_net_revenue + PED/RUC component deltas,0.0,1.0,1.0,0.0,1.0,1.0,current_revenue_outlook:current_basecase:FY2028,,adjusted,Post-model overlays; default Off preserves model forecast. Scenario workbook price variables are already captured by finalist forecasts where supplied.
2029,,FY2029,Current finalist Base case,current_basecase,basecase,Current planned path,Off,Off,Off,Off,PED,light_petrol_vkt,32289.342790580224,32289.342790580224,0.0,million km,light_petrol_vkt * pt_factor * petrol_demand_factor,0.0,1.0,1.0,0.0,1.0,1.0,data/current_revenue_outlook/revenue_chart_rows.csv:current_basecase:2028Q3; data/current_revenue_outlook/revenue_chart_rows.csv:current_basecase:2028Q4; data/current_revenue_outlook/revenue_chart_rows.csv:current_basecase:2029Q1; data/current_revenue_outlook/revenue_chart_rows.csv:current_basecase:2029Q2; data/current_revenue_outlook/revenue_chart_rows.csv:current_basecase:2028Q3; data/current_revenue_outlook/revenue_chart_rows.csv:current_basecase:2028Q4; data/current_revenue_outlook/revenue_chart_rows.csv:current_basecase:2029Q1; data/current_revenue_outlook/revenue_chart_rows.csv:current_basecase:2029Q2; scenario_inputs/scenario_input_wide.parquet:PED:population (2028Q3; 2028Q4; 2029Q1; 2029Q2); VFM 202405 Base uptake shares; BEFU26 rate cells AD5; AD7; AD9; ; ,,adjusted,Post-model overlays; default Off preserves model forecast. Scenario workbook price variables are already captured by finalist forecasts where supplied.
2029,,FY2029,Current finalist Base case,current_basecase,basecase,Current planned path,Off,Off,Off,Off,PED,ped_vkt_per_capita,5889.9724021517095,5889.9724021517095,0.0,km/person,ped_vkt_per_capita * pt_factor * petrol_demand_factor,0.0,1.0,1.0,0.0,1.0,1.0,data/current_revenue_outlook/revenue_chart_rows.csv:current_basecase:2028Q3; data/current_revenue_outlook/revenue_chart_rows.csv:current_basecase:2028Q4; data/current_revenue_outlook/revenue_chart_rows.csv:current_basecase:2029Q1; data/current_revenue_outlook/revenue_chart_rows.csv:current_basecase:2029Q2; ; ,,adjusted,Post-model overlays; default Off preserves model forecast. Scenario workbook price variables are already captured by finalist forecasts where supplied.
2029,,FY2029,Current finalist Base case,current_basecase,basecase,Current planned path,Off,Off,Off,Off,PED,ped_volume,2855.885466922872,2855.885466922872,0.0,million litres,adjusted_light_petrol_vkt * adjusted_litres_per_100km / 100,0.0,1.0,1.0,0.0,1.0,1.0,data/current_revenue_outlook/revenue_chart_rows.csv:current_basecase:2028Q3; data/current_revenue_outlook/revenue_chart_rows.csv:current_basecase:2028Q4; data/current_revenue_outlook/revenue_chart_rows.csv:current_basecase:2029Q1; data/current_revenue_outlook/revenue_chart_rows.csv:current_basecase:2029Q2; data/current_revenue_outlook/revenue_chart_rows.csv:current_basecase:2028Q3; data/current_revenue_outlook/revenue_chart_rows.csv:current_basecase:2028Q4; data/current_revenue_outlook/revenue_chart_rows.csv:current_basecase:2029Q1; data/current_revenue_outlook/revenue_chart_rows.csv:current_basecase:2029Q2; scenario_inputs/scenario_input_wide.parquet:PED:population (2028Q3; 2028Q4; 2029Q1; 2029Q2); VFM 202405 Base uptake shares; BEFU26 rate cells AD5; AD7; AD9; ; ; ,,adjusted,Post-model overlays; default Off preserves model forecast. Scenario workbook price variables are already captured by finalist forecasts where supplied.
2029,,FY2029,Current finalist Base case,current_basecase,basecase,Current planned path,Off,Off,Off,Off,PED,gross_ped_revenue,2570.667818076832,2570.667818076832,0.0,$m nominal ex GST,adjusted_ped_volume * ped_rate,0.0,1.0,1.0,0.0,1.0,1.0,data/current_revenue_outlook/revenue_chart_rows.csv:current_basecase:2028Q3; data/current_revenue_outlook/revenue_chart_rows.csv:current_basecase:2028Q4; data/current_revenue_outlook/revenue_chart_rows.csv:current_basecase:2029Q1; data/current_revenue_outlook/revenue_chart_rows.csv:current_basecase:2029Q2; data/current_revenue_outlook/revenue_chart_rows.csv:current_basecase:2028Q3; data/current_revenue_outlook/revenue_chart_rows.csv:current_basecase:2028Q4; data/current_revenue_outlook/revenue_chart_rows.csv:current_basecase:2029Q1; data/current_revenue_outlook/revenue_chart_rows.csv:current_basecase:2029Q2; scenario_inputs/scenario_input_wide.parquet:PED:population (2028Q3; 2028Q4; 2029Q1; 2029Q2); VFM 202405 Base uptake shares; BEFU26 rate cells AD5; AD7; AD9; ; ; ,,adjusted,Post-model overlays; default Off preserves model forecast. Scenario workbook price variables are already captured by finalist forecasts where supplied.
2029,,FY2029,Current finalist Base case,current_basecase,basecase,Current planned path,Off,Off,Off,Off,LIGHT_RUC,light_ruc_net_km,13833.483861200533,13833.483861200533,0.0,million km,light_ruc_net_km * pt_factor * light_demand_factor,0.0,1.0,1.0,0.0,1.0,1.0,data/current_revenue_outlook/revenue_chart_rows.csv:current_basecase:2028Q3; data/current_revenue_outlook/revenue_chart_rows.csv:current_basecase:2028Q4; data/current_revenue_outlook/revenue_chart_rows.csv:current_basecase:2029Q1; data/current_revenue_outlook/revenue_chart_rows.csv:current_basecase:2029Q2; data/current_revenue_outlook/revenue_chart_rows.csv:current_basecase:2028Q3; data/current_revenue_outlook/revenue_chart_rows.csv:current_basecase:2028Q4; data/current_revenue_outlook/revenue_chart_rows.csv:current_basecase:2029Q1; data/current_revenue_outlook/revenue_chart_rows.csv:current_basecase:2029Q2; scenario_inputs/scenario_input_wide.parquet:PED:population (2028Q3; 2028Q4; 2029Q1; 2029Q2); VFM 202405 Base uptake shares; BEFU26 rate cells AD5; AD7; AD9; ; ,,adjusted,Post-model overlays; default Off preserves model forecast. Scenario workbook price variables are already captured by finalist forecasts where supplied.
2029,,FY2029,Current finalist Base case,current_basecase,basecase,Current planned path,Off,Off,Off,Off,LIGHT_BEV,light_bev_ruc_net_km,2638.996121219678,2638.996121219678,0.0,million km,light_bev_ruc_net_km * pt_factor * light_demand_factor,0.0,1.0,1.0,0.0,1.0,1.0,data/current_revenue_outlook/revenue_chart_rows.csv:current_basecase:2028Q3; data/current_revenue_outlook/revenue_chart_rows.csv:current_basecase:2028Q4; data/current_revenue_outlook/revenue_chart_rows.csv:current_basecase:2029Q1; data/current_revenue_outlook/revenue_chart_rows.csv:current_basecase:2029Q2; data/current_revenue_outlook/revenue_chart_rows.csv:current_basecase:2028Q3; data/current_revenue_outlook/revenue_chart_rows.csv:current_basecase:2028Q4; data/current_revenue_outlook/revenue_chart_rows.csv:current_basecase:2029Q1; data/current_revenue_outlook/revenue_chart_rows.csv:current_basecase:2029Q2; scenario_inputs/scenario_input_wide.parquet:PED:population (2028Q3; 2028Q4; 2029Q1; 2029Q2); VFM 202405 Base uptake shares; BEFU26 rate cells AD5; AD7; AD9; ; ,,adjusted,Post-model overlays; default Off preserves model forecast. Scenario workbook price variables are already captured by finalist forecasts where supplied.
2029,,FY2029,Current finalist Base case,current_basecase,basecase,Current planned path,Off,Off,Off,Off,PHEV,phev_ruc_net_km,1463.9944430780354,1463.9944430780354,0.0,million km,phev_ruc_net_km * pt_factor * light_demand_factor,0.0,1.0,1.0,0.0,1.0,1.0,data/current_revenue_outlook/revenue_chart_rows.csv:current_basecase:2028Q3; data/current_revenue_outlook/revenue_chart_rows.csv:current_basecase:2028Q4; data/current_revenue_outlook/revenue_chart_rows.csv:current_basecase:2029Q1; data/current_revenue_outlook/revenue_chart_rows.csv:current_basecase:2029Q2; data/current_revenue_outlook/revenue_chart_rows.csv:current_basecase:2028Q3; data/current_revenue_outlook/revenue_chart_rows.csv:current_basecase:2028Q4; data/current_revenue_outlook/revenue_chart_rows.csv:current_basecase:2029Q1; data/current_revenue_outlook/revenue_chart_rows.csv:current_basecase:2029Q2; scenario_inputs/scenario_input_wide.parquet:PED:population (2028Q3; 2028Q4; 2029Q1; 2029Q2); VFM 202405 Base uptake shares; BEFU26 rate cells AD5; AD7; AD9; ; ,,adjusted,Post-model overlays; default Off preserves model forecast. Scenario workbook price variables are already captured by finalist forecasts where supplied.
2029,,FY2029,Current finalist Base case,current_basecase,basecase,Current planned path,Off,Off,Off,Off,LIGHT_RUC,current_light_ruc_conventional_modelled_km,13833.483861200531,13833.483861200531,0.0,million km,current_light_ruc_conventional_modelled_km * pt_factor * light_demand_factor,0.0,1.0,1.0,0.0,1.0,1.0,data/current_revenue_outlook/revenue_chart_rows.csv:current_basecase:2028Q3; data/current_revenue_outlook/revenue_chart_rows.csv:current_basecase:2028Q4; data/current_revenue_outlook/revenue_chart_rows.csv:current_basecase:2029Q1; data/current_revenue_outlook/revenue_chart_rows.csv:current_basecase:2029Q2; ; ,,adjusted,Post-model overlays; default Off preserves model forecast. Scenario workbook price variables are already captured by finalist forecasts where supplied.
2029,,FY2029,Current finalist Base case,current_basecase,basecase,Current planned path,Off,Off,Off,Off,LIGHT_RUC,light_ruc_net_revenue,1191.438708351885,1191.438708351885,0.0,$m nominal ex GST,light_ruc_net_revenue effective rate applied to adjusted km,0.0,1.0,1.0,0.0,1.0,1.0,data/current_revenue_outlook/revenue_chart_rows.csv:current_basecase:2028Q3; data/current_revenue_outlook/revenue_chart_rows.csv:current_basecase:2028Q4; data/current_revenue_outlook/revenue_chart_rows.csv:current_basecase:2029Q1; data/current_revenue_outlook/revenue_chart_rows.csv:current_basecase:2029Q2; data/current_revenue_outlook/revenue_chart_rows.csv:current_basecase:2028Q3; data/current_revenue_outlook/revenue_chart_rows.csv:current_basecase:2028Q4; data/current_revenue_outlook/revenue_chart_rows.csv:current_basecase:2029Q1; data/current_revenue_outlook/revenue_chart_rows.csv:current_basecase:2029Q2; scenario_inputs/scenario_input_wide.parquet:PED:population (2028Q3; 2028Q4; 2029Q1; 2029Q2); VFM 202405 Base uptake shares; BEFU26 rate cells AD5; AD7; AD9; ; ,,adjusted,Post-model overlays; default Off preserves model forecast. Scenario workbook price variables are already captured by finalist forecasts where supplied.
2029,,FY2029,Current finalist Base case,current_basecase,basecase,Current planned path,Off,Off,Off,Off,LIGHT_BEV,light_bev_ruc_net_revenue,227.30993090125614,227.30993090125614,0.0,$m nominal ex GST,light_bev_ruc_net_revenue effective rate applied to adjusted km,0.0,1.0,1.0,0.0,1.0,1.0,data/current_revenue_outlook/revenue_chart_rows.csv:current_basecase:2028Q3; data/current_revenue_outlook/revenue_chart_rows.csv:current_basecase:2028Q4; data/current_revenue_outlook/revenue_chart_rows.csv:current_basecase:2029Q1; data/current_revenue_outlook/revenue_chart_rows.csv:current_basecase:2029Q2; data/current_revenue_outlook/revenue_chart_rows.csv:current_basecase:2028Q3; data/current_revenue_outlook/revenue_chart_rows.csv:current_basecase:2028Q4; data/current_revenue_outlook/revenue_chart_rows.csv:current_basecase:2029Q1; data/current_revenue_outlook/revenue_chart_rows.csv:current_basecase:2029Q2; scenario_inputs/scenario_input_wide.parquet:PED:population (2028Q3; 2028Q4; 2029Q1; 2029Q2); VFM 202405 Base uptake shares; BEFU26 rate cells AD5; AD7; AD9; ; ,,adjusted,Post-model overlays; default Off preserves model forecast. Scenario workbook price variables are already captured by finalist forecasts where supplied.
2029,,FY2029,Current finalist Base case,current_basecase,basecase,Current planned path,Off,Off,Off,Off,PHEV,phev_ruc_net_revenue,62.18316396973948,62.18316396973948,0.0,$m nominal ex GST,phev_ruc_net_revenue effective rate applied to adjusted km,0.0,1.0,1.0,0.0,1.0,1.0,data/current_revenue_outlook/revenue_chart_rows.csv:current_basecase:2028Q3; data/current_revenue_outlook/revenue_chart_rows.csv:current_basecase:2028Q4; data/current_revenue_outlook/revenue_chart_rows.csv:current_basecase:2029Q1; data/current_revenue_outlook/revenue_chart_rows.csv:current_basecase:2029Q2; data/current_revenue_outlook/revenue_chart_rows.csv:current_basecase:2028Q3; data/current_revenue_outlook/revenue_chart_rows.csv:current_basecase:2028Q4; data/current_revenue_outlook/revenue_chart_rows.csv:current_basecase:2029Q1; data/current_revenue_outlook/revenue_chart_rows.csv:current_basecase:2029Q2; scenario_inputs/scenario_input_wide.parquet:PED:population (2028Q3; 2028Q4; 2029Q1; 2029Q2); VFM 202405 Base uptake shares; BEFU26 rate cells AD5; AD7; AD9; ; ,,adjusted,Post-model overlays; default Off preserves model forecast. Scenario workbook price variables are already captured by finalist forecasts where supplied.
2029,,FY2029,Current finalist Base case,current_basecase,basecase,Current planned path,Off,Off,Off,Off,HEAVY_RUC,heavy_ruc_net_km,4171.7848863087565,4171.7848863087565,0.0,million km,heavy_ruc_net_km * freight_factor * heavy_demand_factor,0.0,1.0,1.0,0.0,1.0,1.0,data/current_revenue_outlook/revenue_chart_rows.csv:current_basecase:2028Q3; data/current_revenue_outlook/revenue_chart_rows.csv:current_basecase:2028Q4; data/current_revenue_outlook/revenue_chart_rows.csv:current_basecase:2029Q1; data/current_revenue_outlook/revenue_chart_rows.csv:current_basecase:2029Q2; ; ,,adjusted,Post-model overlays; default Off preserves model forecast. Scenario workbook price variables are already captured by finalist forecasts where supplied.
2029,,FY2029,Current finalist Base case,current_basecase,basecase,Current planned path,Off,Off,Off,Off,HEAVY_RUC,heavy_ruc_net_revenue,1474.7667479653394,1474.7667479653394,0.0,$m nominal ex GST,heavy_ruc_net_revenue effective rate applied to adjusted km,0.0,1.0,1.0,0.0,1.0,1.0,data/current_revenue_outlook/revenue_chart_rows.csv:current_basecase:2028Q3; data/current_revenue_outlook/revenue_chart_rows.csv:current_basecase:2028Q4; data/current_revenue_outlook/revenue_chart_rows.csv:current_basecase:2029Q1; data/current_revenue_outlook/revenue_chart_rows.csv:current_basecase:2029Q2; ; ,,adjusted,Post-model overlays; default Off preserves model forecast. Scenario workbook price variables are already captured by finalist forecasts where supplied.
2029,,FY2029,Current finalist Base case,current_basecase,basecase,Current planned path,Off,Off,Off,Off,ROLLUP,gross_ruc_revenue,3083.7717683618303,3083.7717683618303,0.0,$m nominal ex GST,gross_ruc_revenue + PED/RUC component deltas,0.0,1.0,1.0,0.0,1.0,1.0,current_revenue_outlook:current_basecase:FY2029,,adjusted,Post-model overlays; default Off preserves model forecast. Scenario workbook price variables are already captured by finalist forecasts where supplied.
2029,,FY2029,Current finalist Base case,current_basecase,basecase,Current planned path,Off,Off,Off,Off,ROLLUP,ruc_revenue_net_admin,3043.7549342108737,3043.7549342108737,0.0,$m nominal ex GST,ruc_revenue_net_admin + PED/RUC component deltas,0.0,1.0,1.0,0.0,1.0,1.0,current_revenue_outlook:current_basecase:FY2029,,adjusted,Post-model overlays; default Off preserves model forecast. Scenario workbook price variables are already captured by finalist forecasts where supplied.
2029,,FY2029,Current finalist Base case,current_basecase,basecase,Current planned path,Off,Off,Off,Off,ROLLUP,total_ruc_net_revenue,2941.7656172699285,2941.7656172699285,0.0,$m nominal ex GST,total_ruc_net_revenue + PED/RUC component deltas,0.0,1.0,1.0,0.0,1.0,1.0,current_revenue_outlook:current_basecase:FY2029,,adjusted,Post-model overlays; default Off preserves model forecast. Scenario workbook price variables are already captured by finalist forecasts where supplied.
2029,,FY2029,Current finalist Base case,current_basecase,basecase,Current planned path,Off,Off,Off,Off,ROLLUP,gross_fed_revenue,2613.724364732943,2613.724364732943,0.0,$m nominal ex GST,gross_fed_revenue + PED/RUC component deltas,0.0,1.0,1.0,0.0,1.0,1.0,current_revenue_outlook:current_basecase:FY2029,,adjusted,Post-model overlays; default Off preserves model forecast. Scenario workbook price variables are already captured by finalist forecasts where supplied.
2029,,FY2029,Current finalist Base case,current_basecase,basecase,Current planned path,Off,Off,Off,Off,ROLLUP,net_fed_revenue,2516.0506606165536,2516.0506606165536,0.0,$m nominal ex GST,net_fed_revenue + PED/RUC component deltas,0.0,1.0,1.0,0.0,1.0,1.0,current_revenue_outlook:current_basecase:FY2029,,adjusted,Post-model overlays; default Off preserves model forecast. Scenario workbook price variables are already captured by finalist forecasts where supplied.
2029,,FY2029,Current finalist Base case,current_basecase,basecase,Current planned path,Off,Off,Off,Off,ROLLUP,total_gross_revenue,6273.361875653537,6273.361875653537,0.0,$m nominal ex GST,total_gross_revenue + PED/RUC component deltas,0.0,1.0,1.0,0.0,1.0,1.0,current_revenue_outlook:current_basecase:FY2029,,adjusted,Post-model overlays; default Off preserves model forecast. Scenario workbook price variables are already captured by finalist forecasts where supplied.
2029,,FY2029,Current finalist Base case,current_basecase,basecase,Current planned path,Off,Off,Off,Off,ROLLUP,total_revenue_net_admin,6161.824470939557,6161.824470939557,0.0,$m nominal ex GST,total_revenue_net_admin + PED/RUC component deltas,0.0,1.0,1.0,0.0,1.0,1.0,current_revenue_outlook:current_basecase:FY2029,,adjusted,Post-model overlays; default Off preserves model forecast. Scenario workbook price variables are already captured by finalist forecasts where supplied.
2029,,FY2029,Current finalist Base case,current_basecase,basecase,Current planned path,Off,Off,Off,Off,ROLLUP,total_nltf_net_revenue,5960.217287573004,5960.217287573004,0.0,$m nominal ex GST,total_nltf_net_revenue + PED/RUC component deltas,0.0,1.0,1.0,0.0,1.0,1.0,current_revenue_outlook:current_basecase:FY2029,,adjusted,Post-model overlays; default Off preserves model forecast. Scenario workbook price variables are already captured by finalist forecasts where supplied.
2030,,FY2030,Current finalist Base case,current_basecase,basecase,Current planned path,Off,Off,Off,Off,PED,light_petrol_vkt,32439.89972726253,32439.89972726253,0.0,million km,light_petrol_vkt * pt_factor * petrol_demand_factor,0.0,1.0,1.0,0.0,1.0,1.0,data/current_revenue_outlook/revenue_chart_rows.csv:current_basecase:2029Q3; data/current_revenue_outlook/revenue_chart_rows.csv:current_basecase:2029Q4; data/current_revenue_outlook/revenue_chart_rows.csv:current_basecase:2030Q1; data/current_revenue_outlook/revenue_chart_rows.csv:current_basecase:2030Q2; data/current_revenue_outlook/revenue_chart_rows.csv:current_basecase:2029Q3; data/current_revenue_outlook/revenue_chart_rows.csv:current_basecase:2029Q4; data/current_revenue_outlook/revenue_chart_rows.csv:current_basecase:2030Q1; data/current_revenue_outlook/revenue_chart_rows.csv:current_basecase:2030Q2; scenario_inputs/scenario_input_wide.parquet:PED:population (2029Q3; 2029Q4; 2030Q1; 2030Q2); VFM 202405 Base uptake shares; BEFU26 rate cells AE5; AE7; AE9; ; ,,adjusted,Post-model overlays; default Off preserves model forecast. Scenario workbook price variables are already captured by finalist forecasts where supplied.
2030,,FY2030,Current finalist Base case,current_basecase,basecase,Current planned path,Off,Off,Off,Off,PED,ped_vkt_per_capita,5870.472750433319,5870.472750433319,0.0,km/person,ped_vkt_per_capita * pt_factor * petrol_demand_factor,0.0,1.0,1.0,0.0,1.0,1.0,data/current_revenue_outlook/revenue_chart_rows.csv:current_basecase:2029Q3; data/current_revenue_outlook/revenue_chart_rows.csv:current_basecase:2029Q4; data/current_revenue_outlook/revenue_chart_rows.csv:current_basecase:2030Q1; data/current_revenue_outlook/revenue_chart_rows.csv:current_basecase:2030Q2; ; ,,adjusted,Post-model overlays; default Off preserves model forecast. Scenario workbook price variables are already captured by finalist forecasts where supplied.
2030,,FY2030,Current finalist Base case,current_basecase,basecase,Current planned path,Off,Off,Off,Off,PED,ped_volume,2840.934708355387,2840.934708355387,0.0,million litres,adjusted_light_petrol_vkt * adjusted_litres_per_100km / 100,0.0,1.0,1.0,0.0,1.0,1.0,data/current_revenue_outlook/revenue_chart_rows.csv:current_basecase:2029Q3; data/current_revenue_outlook/revenue_chart_rows.csv:current_basecase:2029Q4; data/current_revenue_outlook/revenue_chart_rows.csv:current_basecase:2030Q1; data/current_revenue_outlook/revenue_chart_rows.csv:current_basecase:2030Q2; data/current_revenue_outlook/revenue_chart_rows.csv:current_basecase:2029Q3; data/current_revenue_outlook/revenue_chart_rows.csv:current_basecase:2029Q4; data/current_revenue_outlook/revenue_chart_rows.csv:current_basecase:2030Q1; data/current_revenue_outlook/revenue_chart_rows.csv:current_basecase:2030Q2; scenario_inputs/scenario_input_wide.parquet:PED:population (2029Q3; 2029Q4; 2030Q1; 2030Q2); VFM 202405 Base uptake shares; BEFU26 rate cells AE5; AE7; AE9; ; ; ,,adjusted,Post-model overlays; default Off preserves model forecast. Scenario workbook price variables are already captured by finalist forecasts where supplied.
2030,,FY2030,Current finalist Base case,current_basecase,basecase,Current planned path,Off,Off,Off,Off,PED,gross_ped_revenue,2670.7833113190677,2670.7833113190677,0.0,$m nominal ex GST,adjusted_ped_volume * ped_rate,0.0,1.0,1.0,0.0,1.0,1.0,data/current_revenue_outlook/revenue_chart_rows.csv:current_basecase:2029Q3; data/current_revenue_outlook/revenue_chart_rows.csv:current_basecase:2029Q4; data/current_revenue_outlook/revenue_chart_rows.csv:current_basecase:2030Q1; data/current_revenue_outlook/revenue_chart_rows.csv:current_basecase:2030Q2; data/current_revenue_outlook/revenue_chart_rows.csv:current_basecase:2029Q3; data/current_revenue_outlook/revenue_chart_rows.csv:current_basecase:2029Q4; data/current_revenue_outlook/revenue_chart_rows.csv:current_basecase:2030Q1; data/current_revenue_outlook/revenue_chart_rows.csv:current_basecase:2030Q2; scenario_inputs/scenario_input_wide.parquet:PED:population (2029Q3; 2029Q4; 2030Q1; 2030Q2); VFM 202405 Base uptake shares; BEFU26 rate cells AE5; AE7; AE9; ; ; ,,adjusted,Post-model overlays; default Off preserves model forecast. Scenario workbook price variables are already captured by finalist forecasts where supplied.
2030,,FY2030,Current finalist Base case,current_basecase,basecase,Current planned path,Off,Off,Off,Off,LIGHT_RUC,light_ruc_net_km,14129.750867690174,14129.750867690174,0.0,million km,light_ruc_net_km * pt_factor * light_demand_factor,0.0,1.0,1.0,0.0,1.0,1.0,data/current_revenue_outlook/revenue_chart_rows.csv:current_basecase:2029Q3; data/current_revenue_outlook/revenue_chart_rows.csv:current_basecase:2029Q4; data/current_revenue_outlook/revenue_chart_rows.csv:current_basecase:2030Q1; data/current_revenue_outlook/revenue_chart_rows.csv:current_basecase:2030Q2; data/current_revenue_outlook/revenue_chart_rows.csv:current_basecase:2029Q3; data/current_revenue_outlook/revenue_chart_rows.csv:current_basecase:2029Q4; data/current_revenue_outlook/revenue_chart_rows.csv:current_basecase:2030Q1; data/current_revenue_outlook/revenue_chart_rows.csv:current_basecase:2030Q2; scenario_inputs/scenario_input_wide.parquet:PED:population (2029Q3; 2029Q4; 2030Q1; 2030Q2); VFM 202405 Base uptake shares; BEFU26 rate cells AE5; AE7; AE9; ; ,,adjusted,Post-model overlays; default Off preserves model forecast. Scenario workbook price variables are already captured by finalist forecasts where supplied.
2030,,FY2030,Current finalist Base case,current_basecase,basecase,Current planned path,Off,Off,Off,Off,LIGHT_BEV,light_bev_ruc_net_km,3337.1581463926477,3337.1581463926477,0.0,million km,light_bev_ruc_net_km * pt_factor * light_demand_factor,0.0,1.0,1.0,0.0,1.0,1.0,data/current_revenue_outlook/revenue_chart_rows.csv:current_basecase:2029Q3; data/current_revenue_outlook/revenue_chart_rows.csv:current_basecase:2029Q4; data/current_revenue_outlook/revenue_chart_rows.csv:current_basecase:2030Q1; data/current_revenue_outlook/revenue_chart_rows.csv:current_basecase:2030Q2; data/current_revenue_outlook/revenue_chart_rows.csv:current_basecase:2029Q3; data/current_revenue_outlook/revenue_chart_rows.csv:current_basecase:2029Q4; data/current_revenue_outlook/revenue_chart_rows.csv:current_basecase:2030Q1; data/current_revenue_outlook/revenue_chart_rows.csv:current_basecase:2030Q2; scenario_inputs/scenario_input_wide.parquet:PED:population (2029Q3; 2029Q4; 2030Q1; 2030Q2); VFM 202405 Base uptake shares; BEFU26 rate cells AE5; AE7; AE9; ; ,,adjusted,Post-model overlays; default Off preserves model forecast. Scenario workbook price variables are already captured by finalist forecasts where supplied.
2030,,FY2030,Current finalist Base case,current_basecase,basecase,Current planned path,Off,Off,Off,Off,PHEV,phev_ruc_net_km,1824.2490733831303,1824.2490733831303,0.0,million km,phev_ruc_net_km * pt_factor * light_demand_factor,0.0,1.0,1.0,0.0,1.0,1.0,data/current_revenue_outlook/revenue_chart_rows.csv:current_basecase:2029Q3; data/current_revenue_outlook/revenue_chart_rows.csv:current_basecase:2029Q4; data/current_revenue_outlook/revenue_chart_rows.csv:current_basecase:2030Q1; data/current_revenue_outlook/revenue_chart_rows.csv:current_basecase:2030Q2; data/current_revenue_outlook/revenue_chart_rows.csv:current_basecase:2029Q3; data/current_revenue_outlook/revenue_chart_rows.csv:current_basecase:2029Q4; data/current_revenue_outlook/revenue_chart_rows.csv:current_basecase:2030Q1; data/current_revenue_outlook/revenue_chart_rows.csv:current_basecase:2030Q2; scenario_inputs/scenario_input_wide.parquet:PED:population (2029Q3; 2029Q4; 2030Q1; 2030Q2); VFM 202405 Base uptake shares; BEFU26 rate cells AE5; AE7; AE9; ; ,,adjusted,Post-model overlays; default Off preserves model forecast. Scenario workbook price variables are already captured by finalist forecasts where supplied.
2030,,FY2030,Current finalist Base case,current_basecase,basecase,Current planned path,Off,Off,Off,Off,LIGHT_RUC,current_light_ruc_conventional_modelled_km,14129.750867690173,14129.750867690173,0.0,million km,current_light_ruc_conventional_modelled_km * pt_factor * light_demand_factor,0.0,1.0,1.0,0.0,1.0,1.0,data/current_revenue_outlook/revenue_chart_rows.csv:current_basecase:2029Q3; data/current_revenue_outlook/revenue_chart_rows.csv:current_basecase:2029Q4; data/current_revenue_outlook/revenue_chart_rows.csv:current_basecase:2030Q1; data/current_revenue_outlook/revenue_chart_rows.csv:current_basecase:2030Q2; ; ,,adjusted,Post-model overlays; default Off preserves model forecast. Scenario workbook price variables are already captured by finalist forecasts where supplied.
2030,,FY2030,Current finalist Base case,current_basecase,basecase,Current planned path,Off,Off,Off,Off,LIGHT_RUC,light_ruc_net_revenue,1271.0591011588097,1271.0591011588097,0.0,$m nominal ex GST,light_ruc_net_revenue effective rate applied to adjusted km,0.0,1.0,1.0,0.0,1.0,1.0,data/current_revenue_outlook/revenue_chart_rows.csv:current_basecase:2029Q3; data/current_revenue_outlook/revenue_chart_rows.csv:current_basecase:2029Q4; data/current_revenue_outlook/revenue_chart_rows.csv:current_basecase:2030Q1; data/current_revenue_outlook/revenue_chart_rows.csv:current_basecase:2030Q2; data/current_revenue_outlook/revenue_chart_rows.csv:current_basecase:2029Q3; data/current_revenue_outlook/revenue_chart_rows.csv:current_basecase:2029Q4; data/current_revenue_outlook/revenue_chart_rows.csv:current_basecase:2030Q1; data/current_revenue_outlook/revenue_chart_rows.csv:current_basecase:2030Q2; scenario_inputs/scenario_input_wide.parquet:PED:population (2029Q3; 2029Q4; 2030Q1; 2030Q2); VFM 202405 Base uptake shares; BEFU26 rate cells AE5; AE7; AE9; ; ,,adjusted,Post-model overlays; default Off preserves model forecast. Scenario workbook price variables are already captured by finalist forecasts where supplied.
2030,,FY2030,Current finalist Base case,current_basecase,basecase,Current planned path,Off,Off,Off,Off,LIGHT_BEV,light_bev_ruc_net_revenue,300.2274326402148,300.2274326402148,0.0,$m nominal ex GST,light_bev_ruc_net_revenue effective rate applied to adjusted km,0.0,1.0,1.0,0.0,1.0,1.0,data/current_revenue_outlook/revenue_chart_rows.csv:current_basecase:2029Q3; data/current_revenue_outlook/revenue_chart_rows.csv:current_basecase:2029Q4; data/current_revenue_outlook/revenue_chart_rows.csv:current_basecase:2030Q1; data/current_revenue_outlook/revenue_chart_rows.csv:current_basecase:2030Q2; data/current_revenue_outlook/revenue_chart_rows.csv:current_basecase:2029Q3; data/current_revenue_outlook/revenue_chart_rows.csv:current_basecase:2029Q4; data/current_revenue_outlook/revenue_chart_rows.csv:current_basecase:2030Q1; data/current_revenue_outlook/revenue_chart_rows.csv:current_basecase:2030Q2; scenario_inputs/scenario_input_wide.parquet:PED:population (2029Q3; 2029Q4; 2030Q1; 2030Q2); VFM 202405 Base uptake shares; BEFU26 rate cells AE5; AE7; AE9; ; ,,adjusted,Post-model overlays; default Off preserves model forecast. Scenario workbook price variables are already captured by finalist forecasts where supplied.
2030,,FY2030,Current finalist Base case,current_basecase,basecase,Current planned path,Off,Off,Off,Off,PHEV,phev_ruc_net_revenue,80.93281014064232,80.93281014064232,0.0,$m nominal ex GST,phev_ruc_net_revenue effective rate applied to adjusted km,0.0,1.0,1.0,0.0,1.0,1.0,data/current_revenue_outlook/revenue_chart_rows.csv:current_basecase:2029Q3; data/current_revenue_outlook/revenue_chart_rows.csv:current_basecase:2029Q4; data/current_revenue_outlook/revenue_chart_rows.csv:current_basecase:2030Q1; data/current_revenue_outlook/revenue_chart_rows.csv:current_basecase:2030Q2; data/current_revenue_outlook/revenue_chart_rows.csv:current_basecase:2029Q3; data/current_revenue_outlook/revenue_chart_rows.csv:current_basecase:2029Q4; data/current_revenue_outlook/revenue_chart_rows.csv:current_basecase:2030Q1; data/current_revenue_outlook/revenue_chart_rows.csv:current_basecase:2030Q2; scenario_inputs/scenario_input_wide.parquet:PED:population (2029Q3; 2029Q4; 2030Q1; 2030Q2); VFM 202405 Base uptake shares; BEFU26 rate cells AE5; AE7; AE9; ; ,,adjusted,Post-model overlays; default Off preserves model forecast. Scenario workbook price variables are already captured by finalist forecasts where supplied.
2030,,FY2030,Current finalist Base case,current_basecase,basecase,Current planned path,Off,Off,Off,Off,HEAVY_RUC,heavy_ruc_net_km,4205.391223564057,4205.391223564057,0.0,million km,heavy_ruc_net_km * freight_factor * heavy_demand_factor,0.0,1.0,1.0,0.0,1.0,1.0,data/current_revenue_outlook/revenue_chart_rows.csv:current_basecase:2029Q3; data/current_revenue_outlook/revenue_chart_rows.csv:current_basecase:2029Q4; data/current_revenue_outlook/revenue_chart_rows.csv:current_basecase:2030Q1; data/current_revenue_outlook/revenue_chart_rows.csv:current_basecase:2030Q2; ; ,,adjusted,Post-model overlays; default Off preserves model forecast. Scenario workbook price variables are already captured by finalist forecasts where supplied.
2030,,FY2030,Current finalist Base case,current_basecase,basecase,Current planned path,Off,Off,Off,Off,HEAVY_RUC,heavy_ruc_net_revenue,1552.696507641898,1552.696507641898,0.0,$m nominal ex GST,heavy_ruc_net_revenue effective rate applied to adjusted km,0.0,1.0,1.0,0.0,1.0,1.0,data/current_revenue_outlook/revenue_chart_rows.csv:current_basecase:2029Q3; data/current_revenue_outlook/revenue_chart_rows.csv:current_basecase:2029Q4; data/current_revenue_outlook/revenue_chart_rows.csv:current_basecase:2030Q1; data/current_revenue_outlook/revenue_chart_rows.csv:current_basecase:2030Q2; ; ,,adjusted,Post-model overlays; default Off preserves model forecast. Scenario workbook price variables are already captured by finalist forecasts where supplied.
2030,,FY2030,Current finalist Base case,current_basecase,basecase,Current planned path,Off,Off,Off,Off,ROLLUP,gross_ruc_revenue,3348.9202711965354,3348.9202711965354,0.0,$m nominal ex GST,gross_ruc_revenue + PED/RUC component deltas,0.0,1.0,1.0,0.0,1.0,1.0,current_revenue_outlook:current_basecase:FY2030,,adjusted,Post-model overlays; default Off preserves model forecast. Scenario workbook price variables are already captured by finalist forecasts where supplied.
2030,,FY2030,Current finalist Base case,current_basecase,basecase,Current planned path,Off,Off,Off,Off,ROLLUP,ruc_revenue_net_admin,3306.3679142876663,3306.3679142876663,0.0,$m nominal ex GST,ruc_revenue_net_admin + PED/RUC component deltas,0.0,1.0,1.0,0.0,1.0,1.0,current_revenue_outlook:current_basecase:FY2030,,adjusted,Post-model overlays; default Off preserves model forecast. Scenario workbook price variables are already captured by finalist forecasts where supplied.
2030,,FY2030,Current finalist Base case,current_basecase,basecase,Current planned path,Off,Off,Off,Off,ROLLUP,total_ruc_net_revenue,3195.2112632783583,3195.2112632783583,0.0,$m nominal ex GST,total_ruc_net_revenue + PED/RUC component deltas,0.0,1.0,1.0,0.0,1.0,1.0,current_revenue_outlook:current_basecase:FY2030,,adjusted,Post-model overlays; default Off preserves model forecast. Scenario workbook price variables are already captured by finalist forecasts where supplied.
2030,,FY2030,Current finalist Base case,current_basecase,basecase,Current planned path,Off,Off,Off,Off,ROLLUP,gross_fed_revenue,2714.0280891661614,2714.0280891661614,0.0,$m nominal ex GST,gross_fed_revenue + PED/RUC component deltas,0.0,1.0,1.0,0.0,1.0,1.0,current_revenue_outlook:current_basecase:FY2030,,adjusted,Post-model overlays; default Off preserves model forecast. Scenario workbook price variables are already captured by finalist forecasts where supplied.
2030,,FY2030,Current finalist Base case,current_basecase,basecase,Current planned path,Off,Off,Off,Off,ROLLUP,net_fed_revenue,2611.5509007047194,2611.5509007047194,0.0,$m nominal ex GST,net_fed_revenue + PED/RUC component deltas,0.0,1.0,1.0,0.0,1.0,1.0,current_revenue_outlook:current_basecase:FY2030,,adjusted,Post-model overlays; default Off preserves model forecast. Scenario workbook price variables are already captured by finalist forecasts where supplied.
2030,,FY2030,Current finalist Base case,current_basecase,basecase,Current planned path,Off,Off,Off,Off,ROLLUP,total_gross_revenue,6633.509436823113,6633.509436823113,0.0,$m nominal ex GST,total_gross_revenue + PED/RUC component deltas,0.0,1.0,1.0,0.0,1.0,1.0,current_revenue_outlook:current_basecase:FY2030,,adjusted,Post-model overlays; default Off preserves model forecast. Scenario workbook price variables are already captured by finalist forecasts where supplied.
2030,,FY2030,Current finalist Base case,current_basecase,basecase,Current planned path,Off,Off,Off,Off,ROLLUP,total_revenue_net_admin,6519.788134707518,6519.788134707518,0.0,$m nominal ex GST,total_revenue_net_admin + PED/RUC component deltas,0.0,1.0,1.0,0.0,1.0,1.0,current_revenue_outlook:current_basecase:FY2030,,adjusted,Post-model overlays; default Off preserves model forecast. Scenario workbook price variables are already captured by finalist forecasts where supplied.
2030,,FY2030,Current finalist Base case,current_basecase,basecase,Current planned path,Off,Off,Off,Off,ROLLUP,total_nltf_net_revenue,6304.203781964763,6304.203781964763,0.0,$m nominal ex GST,total_nltf_net_revenue + PED/RUC component deltas,0.0,1.0,1.0,0.0,1.0,1.0,current_revenue_outlook:current_basecase:FY2030,,adjusted,Post-model overlays; default Off preserves model forecast. Scenario workbook price variables are already captured by finalist forecasts where supplied.
2026,,FY2026,Current finalist High population/comparison,current_comparison_1,comparison,Current planned path,Off,Off,Off,Off,PED,light_petrol_vkt,32975.49585810406,32975.49585810406,0.0,million km,light_petrol_vkt * pt_factor * petrol_demand_factor,0.0,1.0,1.0,0.0,1.0,1.0,data/current_revenue_outlook/revenue_chart_rows.csv:historical_actual:2025Q3; data/current_revenue_outlook/revenue_chart_rows.csv:historical_actual:2025Q4; data/current_revenue_outlook/revenue_chart_rows.csv:current_comparison_1:2026Q1; data/current_revenue_outlook/revenue_chart_rows.csv:current_comparison_1:2026Q2; data/current_revenue_outlook/revenue_chart_rows.csv:historical_actual:2025Q3; data/current_revenue_outlook/revenue_chart_rows.csv:historical_actual:2025Q4; data/current_revenue_outlook/revenue_chart_rows.csv:historical_actual:2026Q1; data/current_revenue_outlook/revenue_chart_rows.csv:current_comparison_1:2026Q2; scenario_inputs/scenario_input_wide.parquet:PED:population (2026Q1; 2026Q2); official_annual.csv:population_proxy (2025Q3; 2025Q4); VFM 202405 Base uptake shares; BEFU26 rate cells AA5; AA7; AA9; ; ,,adjusted,Post-model overlays; default Off preserves model forecast. Scenario workbook price variables are already captured by finalist forecasts where supplied.
2026,,FY2026,Current finalist High population/comparison,current_comparison_1,comparison,Current planned path,Off,Off,Off,Off,PED,ped_vkt_per_capita,6143.789827574411,6143.789827574411,0.0,km/person,ped_vkt_per_capita * pt_factor * petrol_demand_factor,0.0,1.0,1.0,0.0,1.0,1.0,data/current_revenue_outlook/revenue_chart_rows.csv:historical_actual:2025Q3; data/current_revenue_outlook/revenue_chart_rows.csv:historical_actual:2025Q4; data/current_revenue_outlook/revenue_chart_rows.csv:current_comparison_1:2026Q1; data/current_revenue_outlook/revenue_chart_rows.csv:current_comparison_1:2026Q2; ; ,,adjusted,Post-model overlays; default Off preserves model forecast. Scenario workbook price variables are already captured by finalist forecasts where supplied.
2026,,FY2026,Current finalist High population/comparison,current_comparison_1,comparison,Current planned path,Off,Off,Off,Off,PED,ped_volume,3053.846248287296,3053.846248287296,0.0,million litres,adjusted_light_petrol_vkt * adjusted_litres_per_100km / 100,0.0,1.0,1.0,0.0,1.0,1.0,data/current_revenue_outlook/revenue_chart_rows.csv:historical_actual:2025Q3; data/current_revenue_outlook/revenue_chart_rows.csv:historical_actual:2025Q4; data/current_revenue_outlook/revenue_chart_rows.csv:current_comparison_1:2026Q1; data/current_revenue_outlook/revenue_chart_rows.csv:current_comparison_1:2026Q2; data/current_revenue_outlook/revenue_chart_rows.csv:historical_actual:2025Q3; data/current_revenue_outlook/revenue_chart_rows.csv:historical_actual:2025Q4; data/current_revenue_outlook/revenue_chart_rows.csv:historical_actual:2026Q1; data/current_revenue_outlook/revenue_chart_rows.csv:current_comparison_1:2026Q2; scenario_inputs/scenario_input_wide.parquet:PED:population (2026Q1; 2026Q2); official_annual.csv:population_proxy (2025Q3; 2025Q4); VFM 202405 Base uptake shares; BEFU26 rate cells AA5; AA7; AA9; ; ; ,,adjusted,Post-model overlays; default Off preserves model forecast. Scenario workbook price variables are already captured by finalist forecasts where supplied.
2026,,FY2026,Current finalist High population/comparison,current_comparison_1,comparison,Current planned path,Off,Off,Off,Off,PED,gross_ped_revenue,2138.4252969006952,2138.4252969006952,0.0,$m nominal ex GST,adjusted_ped_volume * ped_rate,0.0,1.0,1.0,0.0,1.0,1.0,data/current_revenue_outlook/revenue_chart_rows.csv:historical_actual:2025Q3; data/current_revenue_outlook/revenue_chart_rows.csv:historical_actual:2025Q4; data/current_revenue_outlook/revenue_chart_rows.csv:current_comparison_1:2026Q1; data/current_revenue_outlook/revenue_chart_rows.csv:current_comparison_1:2026Q2; data/current_revenue_outlook/revenue_chart_rows.csv:historical_actual:2025Q3; data/current_revenue_outlook/revenue_chart_rows.csv:historical_actual:2025Q4; data/current_revenue_outlook/revenue_chart_rows.csv:historical_actual:2026Q1; data/current_revenue_outlook/revenue_chart_rows.csv:current_comparison_1:2026Q2; scenario_inputs/scenario_input_wide.parquet:PED:population (2026Q1; 2026Q2); official_annual.csv:population_proxy (2025Q3; 2025Q4); VFM 202405 Base uptake shares; BEFU26 rate cells AA5; AA7; AA9; ; ; ,,adjusted,Post-model overlays; default Off preserves model forecast. Scenario workbook price variables are already captured by finalist forecasts where supplied.
2026,,FY2026,Current finalist High population/comparison,current_comparison_1,comparison,Current planned path,Off,Off,Off,Off,LIGHT_RUC,light_ruc_net_km,12813.447752201508,12813.447752201508,0.0,million km,light_ruc_net_km * pt_factor * light_demand_factor,0.0,1.0,1.0,0.0,1.0,1.0,data/current_revenue_outlook/revenue_chart_rows.csv:historical_actual:2025Q3; data/current_revenue_outlook/revenue_chart_rows.csv:historical_actual:2025Q4; data/current_revenue_outlook/revenue_chart_rows.csv:current_comparison_1:2026Q1; data/current_revenue_outlook/revenue_chart_rows.csv:current_comparison_1:2026Q2; data/current_revenue_outlook/revenue_chart_rows.csv:historical_actual:2025Q3; data/current_revenue_outlook/revenue_chart_rows.csv:historical_actual:2025Q4; data/current_revenue_outlook/revenue_chart_rows.csv:historical_actual:2026Q1; data/current_revenue_outlook/revenue_chart_rows.csv:current_comparison_1:2026Q2; scenario_inputs/scenario_input_wide.parquet:PED:population (2026Q1; 2026Q2); official_annual.csv:population_proxy (2025Q3; 2025Q4); VFM 202405 Base uptake shares; BEFU26 rate cells AA5; AA7; AA9; ; ,,adjusted,Post-model overlays; default Off preserves model forecast. Scenario workbook price variables are already captured by finalist forecasts where supplied.
2026,,FY2026,Current finalist High population/comparison,current_comparison_1,comparison,Current planned path,Off,Off,Off,Off,LIGHT_BEV,light_bev_ruc_net_km,1239.3665623439847,1239.3665623439847,0.0,million km,light_bev_ruc_net_km * pt_factor * light_demand_factor,0.0,1.0,1.0,0.0,1.0,1.0,data/current_revenue_outlook/revenue_chart_rows.csv:historical_actual:2025Q3; data/current_revenue_outlook/revenue_chart_rows.csv:historical_actual:2025Q4; data/current_revenue_outlook/revenue_chart_rows.csv:current_comparison_1:2026Q1; data/current_revenue_outlook/revenue_chart_rows.csv:current_comparison_1:2026Q2; data/current_revenue_outlook/revenue_chart_rows.csv:historical_actual:2025Q3; data/current_revenue_outlook/revenue_chart_rows.csv:historical_actual:2025Q4; data/current_revenue_outlook/revenue_chart_rows.csv:historical_actual:2026Q1; data/current_revenue_outlook/revenue_chart_rows.csv:current_comparison_1:2026Q2; scenario_inputs/scenario_input_wide.parquet:PED:population (2026Q1; 2026Q2); official_annual.csv:population_proxy (2025Q3; 2025Q4); VFM 202405 Base uptake shares; BEFU26 rate cells AA5; AA7; AA9; ; ,,adjusted,Post-model overlays; default Off preserves model forecast. Scenario workbook price variables are already captured by finalist forecasts where supplied.
2026,,FY2026,Current finalist High population/comparison,current_comparison_1,comparison,Current planned path,Off,Off,Off,Off,PHEV,phev_ruc_net_km,649.0281881522841,649.0281881522841,0.0,million km,phev_ruc_net_km * pt_factor * light_demand_factor,0.0,1.0,1.0,0.0,1.0,1.0,data/current_revenue_outlook/revenue_chart_rows.csv:historical_actual:2025Q3; data/current_revenue_outlook/revenue_chart_rows.csv:historical_actual:2025Q4; data/current_revenue_outlook/revenue_chart_rows.csv:current_comparison_1:2026Q1; data/current_revenue_outlook/revenue_chart_rows.csv:current_comparison_1:2026Q2; data/current_revenue_outlook/revenue_chart_rows.csv:historical_actual:2025Q3; data/current_revenue_outlook/revenue_chart_rows.csv:historical_actual:2025Q4; data/current_revenue_outlook/revenue_chart_rows.csv:historical_actual:2026Q1; data/current_revenue_outlook/revenue_chart_rows.csv:current_comparison_1:2026Q2; scenario_inputs/scenario_input_wide.parquet:PED:population (2026Q1; 2026Q2); official_annual.csv:population_proxy (2025Q3; 2025Q4); VFM 202405 Base uptake shares; BEFU26 rate cells AA5; AA7; AA9; ; ,,adjusted,Post-model overlays; default Off preserves model forecast. Scenario workbook price variables are already captured by finalist forecasts where supplied.
2026,,FY2026,Current finalist High population/comparison,current_comparison_1,comparison,Current planned path,Off,Off,Off,Off,LIGHT_RUC,current_light_ruc_conventional_modelled_km,12813.447752201508,12813.447752201508,0.0,million km,current_light_ruc_conventional_modelled_km * pt_factor * light_demand_factor,0.0,1.0,1.0,0.0,1.0,1.0,data/current_revenue_outlook/revenue_chart_rows.csv:historical_actual:2025Q3; data/current_revenue_outlook/revenue_chart_rows.csv:historical_actual:2025Q4; data/current_revenue_outlook/revenue_chart_rows.csv:historical_actual:2026Q1; data/current_revenue_outlook/revenue_chart_rows.csv:current_comparison_1:2026Q2; ; ,,adjusted,Post-model overlays; default Off preserves model forecast. Scenario workbook price variables are already captured by finalist forecasts where supplied.
2026,,FY2026,Current finalist High population/comparison,current_comparison_1,comparison,Current planned path,Off,Off,Off,Off,LIGHT_RUC,light_ruc_net_revenue,868.010111925335,868.010111925335,0.0,$m nominal ex GST,light_ruc_net_revenue effective rate applied to adjusted km,0.0,1.0,1.0,0.0,1.0,1.0,data/current_revenue_outlook/revenue_chart_rows.csv:historical_actual:2025Q3; data/current_revenue_outlook/revenue_chart_rows.csv:historical_actual:2025Q4; data/current_revenue_outlook/revenue_chart_rows.csv:current_comparison_1:2026Q1; data/current_revenue_outlook/revenue_chart_rows.csv:current_comparison_1:2026Q2; data/current_revenue_outlook/revenue_chart_rows.csv:historical_actual:2025Q3; data/current_revenue_outlook/revenue_chart_rows.csv:historical_actual:2025Q4; data/current_revenue_outlook/revenue_chart_rows.csv:historical_actual:2026Q1; data/current_revenue_outlook/revenue_chart_rows.csv:current_comparison_1:2026Q2; scenario_inputs/scenario_input_wide.parquet:PED:population (2026Q1; 2026Q2); official_annual.csv:population_proxy (2025Q3; 2025Q4); VFM 202405 Base uptake shares; BEFU26 rate cells AA5; AA7; AA9; ; ,,adjusted,Post-model overlays; default Off preserves model forecast. Scenario workbook price variables are already captured by finalist forecasts where supplied.
2026,,FY2026,Current finalist High population/comparison,current_comparison_1,comparison,Current planned path,Off,Off,Off,Off,LIGHT_BEV,light_bev_ruc_net_revenue,83.48478769227508,83.48478769227508,0.0,$m nominal ex GST,light_bev_ruc_net_revenue effective rate applied to adjusted km,0.0,1.0,1.0,0.0,1.0,1.0,data/current_revenue_outlook/revenue_chart_rows.csv:historical_actual:2025Q3; data/current_revenue_outlook/revenue_chart_rows.csv:historical_actual:2025Q4; data/current_revenue_outlook/revenue_chart_rows.csv:current_comparison_1:2026Q1; data/current_revenue_outlook/revenue_chart_rows.csv:current_comparison_1:2026Q2; data/current_revenue_outlook/revenue_chart_rows.csv:historical_actual:2025Q3; data/current_revenue_outlook/revenue_chart_rows.csv:historical_actual:2025Q4; data/current_revenue_outlook/revenue_chart_rows.csv:historical_actual:2026Q1; data/current_revenue_outlook/revenue_chart_rows.csv:current_comparison_1:2026Q2; scenario_inputs/scenario_input_wide.parquet:PED:population (2026Q1; 2026Q2); official_annual.csv:population_proxy (2025Q3; 2025Q4); VFM 202405 Base uptake shares; BEFU26 rate cells AA5; AA7; AA9; ; ,,adjusted,Post-model overlays; default Off preserves model forecast. Scenario workbook price variables are already captured by finalist forecasts where supplied.
2026,,FY2026,Current finalist High population/comparison,current_comparison_1,comparison,Current planned path,Off,Off,Off,Off,PHEV,phev_ruc_net_revenue,22.379406527611394,22.379406527611394,0.0,$m nominal ex GST,phev_ruc_net_revenue effective rate applied to adjusted km,0.0,1.0,1.0,0.0,1.0,1.0,data/current_revenue_outlook/revenue_chart_rows.csv:historical_actual:2025Q3; data/current_revenue_outlook/revenue_chart_rows.csv:historical_actual:2025Q4; data/current_revenue_outlook/revenue_chart_rows.csv:current_comparison_1:2026Q1; data/current_revenue_outlook/revenue_chart_rows.csv:current_comparison_1:2026Q2; data/current_revenue_outlook/revenue_chart_rows.csv:historical_actual:2025Q3; data/current_revenue_outlook/revenue_chart_rows.csv:historical_actual:2025Q4; data/current_revenue_outlook/revenue_chart_rows.csv:historical_actual:2026Q1; data/current_revenue_outlook/revenue_chart_rows.csv:current_comparison_1:2026Q2; scenario_inputs/scenario_input_wide.parquet:PED:population (2026Q1; 2026Q2); official_annual.csv:population_proxy (2025Q3; 2025Q4); VFM 202405 Base uptake shares; BEFU26 rate cells AA5; AA7; AA9; ; ,,adjusted,Post-model overlays; default Off preserves model forecast. Scenario workbook price variables are already captured by finalist forecasts where supplied.
2026,,FY2026,Current finalist High population/comparison,current_comparison_1,comparison,Current planned path,Off,Off,Off,Off,HEAVY_RUC,heavy_ruc_net_km,4066.201179575919,4066.201179575919,0.0,million km,heavy_ruc_net_km * freight_factor * heavy_demand_factor,0.0,1.0,1.0,0.0,1.0,1.0,data/current_revenue_outlook/revenue_chart_rows.csv:historical_actual:2025Q3; data/current_revenue_outlook/revenue_chart_rows.csv:historical_actual:2025Q4; data/current_revenue_outlook/revenue_chart_rows.csv:historical_actual:2026Q1; data/current_revenue_outlook/revenue_chart_rows.csv:current_comparison_1:2026Q2; ; ,,adjusted,Post-model overlays; default Off preserves model forecast. Scenario workbook price variables are already captured by finalist forecasts where supplied.
2026,,FY2026,Current finalist High population/comparison,current_comparison_1,comparison,Current planned path,Off,Off,Off,Off,HEAVY_RUC,heavy_ruc_net_revenue,1135.2113778801254,1135.2113778801254,0.0,$m nominal ex GST,heavy_ruc_net_revenue effective rate applied to adjusted km,0.0,1.0,1.0,0.0,1.0,1.0,data/current_revenue_outlook/revenue_chart_rows.csv:historical_actual:2025Q3; data/current_revenue_outlook/revenue_chart_rows.csv:historical_actual:2025Q4; data/current_revenue_outlook/revenue_chart_rows.csv:historical_actual:2026Q1; data/current_revenue_outlook/revenue_chart_rows.csv:current_comparison_1:2026Q2; ; ,,adjusted,Post-model overlays; default Off preserves model forecast. Scenario workbook price variables are already captured by finalist forecasts where supplied.
2026,,FY2026,Current finalist High population/comparison,current_comparison_1,comparison,Current planned path,Off,Off,Off,Off,ROLLUP,gross_ruc_revenue,2176.4998746934684,2176.4998746934684,0.0,$m nominal ex GST,gross_ruc_revenue + PED/RUC component deltas,0.0,1.0,1.0,0.0,1.0,1.0,current_revenue_outlook:current_comparison_1:FY2026,,adjusted,Post-model overlays; default Off preserves model forecast. Scenario workbook price variables are already captured by finalist forecasts where supplied.
2026,,FY2026,Current finalist High population/comparison,current_comparison_1,comparison,Current planned path,Off,Off,Off,Off,ROLLUP,ruc_revenue_net_admin,2142.2622571056436,2142.2622571056436,0.0,$m nominal ex GST,ruc_revenue_net_admin + PED/RUC component deltas,0.0,1.0,1.0,0.0,1.0,1.0,current_revenue_outlook:current_comparison_1:FY2026,,adjusted,Post-model overlays; default Off preserves model forecast. Scenario workbook price variables are already captured by finalist forecasts where supplied.
2026,,FY2026,Current finalist High population/comparison,current_comparison_1,comparison,Current planned path,Off,Off,Off,Off,ROLLUP,total_ruc_net_revenue,2074.848066437522,2074.848066437522,0.0,$m nominal ex GST,total_ruc_net_revenue + PED/RUC component deltas,0.0,1.0,1.0,0.0,1.0,1.0,current_revenue_outlook:current_comparison_1:FY2026,,adjusted,Post-model overlays; default Off preserves model forecast. Scenario workbook price variables are already captured by finalist forecasts where supplied.
2026,,FY2026,Current finalist High population/comparison,current_comparison_1,comparison,Current planned path,Off,Off,Off,Off,ROLLUP,gross_fed_revenue,2180.4704595408857,2180.4704595408857,0.0,$m nominal ex GST,gross_fed_revenue + PED/RUC component deltas,0.0,1.0,1.0,0.0,1.0,1.0,current_revenue_outlook:current_comparison_1:FY2026,,adjusted,Post-model overlays; default Off preserves model forecast. Scenario workbook price variables are already captured by finalist forecasts where supplied.
2026,,FY2026,Current finalist High population/comparison,current_comparison_1,comparison,Current planned path,Off,Off,Off,Off,ROLLUP,net_fed_revenue,2108.0836533382812,2108.0836533382812,0.0,$m nominal ex GST,net_fed_revenue + PED/RUC component deltas,0.0,1.0,1.0,0.0,1.0,1.0,current_revenue_outlook:current_comparison_1:FY2026,,adjusted,Post-model overlays; default Off preserves model forecast. Scenario workbook price variables are already captured by finalist forecasts where supplied.
2026,,FY2026,Current finalist High population/comparison,current_comparison_1,comparison,Current planned path,Off,Off,Off,Off,ROLLUP,total_gross_revenue,4842.573125158394,4842.573125158394,0.0,$m nominal ex GST,total_gross_revenue + PED/RUC component deltas,0.0,1.0,1.0,0.0,1.0,1.0,current_revenue_outlook:current_comparison_1:FY2026,,adjusted,Post-model overlays; default Off preserves model forecast. Scenario workbook price variables are already captured by finalist forecasts where supplied.
2026,,FY2026,Current finalist High population/comparison,current_comparison_1,comparison,Current planned path,Off,Off,Off,Off,ROLLUP,total_revenue_net_admin,4735.624940151296,4735.624940151296,0.0,$m nominal ex GST,total_revenue_net_admin + PED/RUC component deltas,0.0,1.0,1.0,0.0,1.0,1.0,current_revenue_outlook:current_comparison_1:FY2026,,adjusted,Post-model overlays; default Off preserves model forecast. Scenario workbook price variables are already captured by finalist forecasts where supplied.
2026,,FY2026,Current finalist High population/comparison,current_comparison_1,comparison,Current planned path,Off,Off,Off,Off,ROLLUP,total_nltf_net_revenue,4594.212571783452,4594.212571783452,0.0,$m nominal ex GST,total_nltf_net_revenue + PED/RUC component deltas,0.0,1.0,1.0,0.0,1.0,1.0,current_revenue_outlook:current_comparison_1:FY2026,,adjusted,Post-model overlays; default Off preserves model forecast. Scenario workbook price variables are already captured by finalist forecasts where supplied.
2027,,FY2027,Current finalist High population/comparison,current_comparison_1,comparison,Current planned path,Off,Off,Off,Off,PED,light_petrol_vkt,32388.168746026582,32388.168746026582,0.0,million km,light_petrol_vkt * pt_factor * petrol_demand_factor,0.0,1.0,1.0,0.0,1.0,1.0,data/current_revenue_outlook/revenue_chart_rows.csv:current_comparison_1:2026Q3; data/current_revenue_outlook/revenue_chart_rows.csv:current_comparison_1:2026Q4; data/current_revenue_outlook/revenue_chart_rows.csv:current_comparison_1:2027Q1; data/current_revenue_outlook/revenue_chart_rows.csv:current_comparison_1:2027Q2; data/current_revenue_outlook/revenue_chart_rows.csv:current_comparison_1:2026Q3; data/current_revenue_outlook/revenue_chart_rows.csv:current_comparison_1:2026Q4; data/current_revenue_outlook/revenue_chart_rows.csv:current_comparison_1:2027Q1; data/current_revenue_outlook/revenue_chart_rows.csv:current_comparison_1:2027Q2; scenario_inputs/scenario_input_wide.parquet:PED:population (2026Q3; 2026Q4; 2027Q1; 2027Q2); VFM 202405 Base uptake shares; BEFU26 rate cells AB5; AB7; AB9; ; ,,adjusted,Post-model overlays; default Off preserves model forecast. Scenario workbook price variables are already captured by finalist forecasts where supplied.
2027,,FY2027,Current finalist High population/comparison,current_comparison_1,comparison,Current planned path,Off,Off,Off,Off,PED,ped_vkt_per_capita,5962.372187463133,5962.372187463133,0.0,km/person,ped_vkt_per_capita * pt_factor * petrol_demand_factor,0.0,1.0,1.0,0.0,1.0,1.0,data/current_revenue_outlook/revenue_chart_rows.csv:current_comparison_1:2026Q3; data/current_revenue_outlook/revenue_chart_rows.csv:current_comparison_1:2026Q4; data/current_revenue_outlook/revenue_chart_rows.csv:current_comparison_1:2027Q1; data/current_revenue_outlook/revenue_chart_rows.csv:current_comparison_1:2027Q2; ; ,,adjusted,Post-model overlays; default Off preserves model forecast. Scenario workbook price variables are already captured by finalist forecasts where supplied.
2027,,FY2027,Current finalist High population/comparison,current_comparison_1,comparison,Current planned path,Off,Off,Off,Off,PED,ped_volume,2921.0684323108812,2921.0684323108812,0.0,million litres,adjusted_light_petrol_vkt * adjusted_litres_per_100km / 100,0.0,1.0,1.0,0.0,1.0,1.0,data/current_revenue_outlook/revenue_chart_rows.csv:current_comparison_1:2026Q3; data/current_revenue_outlook/revenue_chart_rows.csv:current_comparison_1:2026Q4; data/current_revenue_outlook/revenue_chart_rows.csv:current_comparison_1:2027Q1; data/current_revenue_outlook/revenue_chart_rows.csv:current_comparison_1:2027Q2; data/current_revenue_outlook/revenue_chart_rows.csv:current_comparison_1:2026Q3; data/current_revenue_outlook/revenue_chart_rows.csv:current_comparison_1:2026Q4; data/current_revenue_outlook/revenue_chart_rows.csv:current_comparison_1:2027Q1; data/current_revenue_outlook/revenue_chart_rows.csv:current_comparison_1:2027Q2; scenario_inputs/scenario_input_wide.parquet:PED:population (2026Q3; 2026Q4; 2027Q1; 2027Q2); VFM 202405 Base uptake shares; BEFU26 rate cells AB5; AB7; AB9; ; ; ,,adjusted,Post-model overlays; default Off preserves model forecast. Scenario workbook price variables are already captured by finalist forecasts where supplied.
2027,,FY2027,Current finalist High population/comparison,current_comparison_1,comparison,Current planned path,Off,Off,Off,Off,PED,gross_ped_revenue,2220.2592054021966,2220.2592054021966,0.0,$m nominal ex GST,adjusted_ped_volume * ped_rate,0.0,1.0,1.0,0.0,1.0,1.0,data/current_revenue_outlook/revenue_chart_rows.csv:current_comparison_1:2026Q3; data/current_revenue_outlook/revenue_chart_rows.csv:current_comparison_1:2026Q4; data/current_revenue_outlook/revenue_chart_rows.csv:current_comparison_1:2027Q1; data/current_revenue_outlook/revenue_chart_rows.csv:current_comparison_1:2027Q2; data/current_revenue_outlook/revenue_chart_rows.csv:current_comparison_1:2026Q3; data/current_revenue_outlook/revenue_chart_rows.csv:current_comparison_1:2026Q4; data/current_revenue_outlook/revenue_chart_rows.csv:current_comparison_1:2027Q1; data/current_revenue_outlook/revenue_chart_rows.csv:current_comparison_1:2027Q2; scenario_inputs/scenario_input_wide.parquet:PED:population (2026Q3; 2026Q4; 2027Q1; 2027Q2); VFM 202405 Base uptake shares; BEFU26 rate cells AB5; AB7; AB9; ; ; ,,adjusted,Post-model overlays; default Off preserves model forecast. Scenario workbook price variables are already captured by finalist forecasts where supplied.
2027,,FY2027,Current finalist High population/comparison,current_comparison_1,comparison,Current planned path,Off,Off,Off,Off,LIGHT_RUC,light_ruc_net_km,12961.948272829242,12961.948272829242,0.0,million km,light_ruc_net_km * pt_factor * light_demand_factor,0.0,1.0,1.0,0.0,1.0,1.0,data/current_revenue_outlook/revenue_chart_rows.csv:current_comparison_1:2026Q3; data/current_revenue_outlook/revenue_chart_rows.csv:current_comparison_1:2026Q4; data/current_revenue_outlook/revenue_chart_rows.csv:current_comparison_1:2027Q1; data/current_revenue_outlook/revenue_chart_rows.csv:current_comparison_1:2027Q2; data/current_revenue_outlook/revenue_chart_rows.csv:current_comparison_1:2026Q3; data/current_revenue_outlook/revenue_chart_rows.csv:current_comparison_1:2026Q4; data/current_revenue_outlook/revenue_chart_rows.csv:current_comparison_1:2027Q1; data/current_revenue_outlook/revenue_chart_rows.csv:current_comparison_1:2027Q2; scenario_inputs/scenario_input_wide.parquet:PED:population (2026Q3; 2026Q4; 2027Q1; 2027Q2); VFM 202405 Base uptake shares; BEFU26 rate cells AB5; AB7; AB9; ; ,,adjusted,Post-model overlays; default Off preserves model forecast. Scenario workbook price variables are already captured by finalist forecasts where supplied.
2027,,FY2027,Current finalist High population/comparison,current_comparison_1,comparison,Current planned path,Off,Off,Off,Off,LIGHT_BEV,light_bev_ruc_net_km,1548.6994354135409,1548.6994354135409,0.0,million km,light_bev_ruc_net_km * pt_factor * light_demand_factor,0.0,1.0,1.0,0.0,1.0,1.0,data/current_revenue_outlook/revenue_chart_rows.csv:current_comparison_1:2026Q3; data/current_revenue_outlook/revenue_chart_rows.csv:current_comparison_1:2026Q4; data/current_revenue_outlook/revenue_chart_rows.csv:current_comparison_1:2027Q1; data/current_revenue_outlook/revenue_chart_rows.csv:current_comparison_1:2027Q2; data/current_revenue_outlook/revenue_chart_rows.csv:current_comparison_1:2026Q3; data/current_revenue_outlook/revenue_chart_rows.csv:current_comparison_1:2026Q4; data/current_revenue_outlook/revenue_chart_rows.csv:current_comparison_1:2027Q1; data/current_revenue_outlook/revenue_chart_rows.csv:current_comparison_1:2027Q2; scenario_inputs/scenario_input_wide.parquet:PED:population (2026Q3; 2026Q4; 2027Q1; 2027Q2); VFM 202405 Base uptake shares; BEFU26 rate cells AB5; AB7; AB9; ; ,,adjusted,Post-model overlays; default Off preserves model forecast. Scenario workbook price variables are already captured by finalist forecasts where supplied.
2027,,FY2027,Current finalist High population/comparison,current_comparison_1,comparison,Current planned path,Off,Off,Off,Off,PHEV,phev_ruc_net_km,849.1520171718391,849.1520171718391,0.0,million km,phev_ruc_net_km * pt_factor * light_demand_factor,0.0,1.0,1.0,0.0,1.0,1.0,data/current_revenue_outlook/revenue_chart_rows.csv:current_comparison_1:2026Q3; data/current_revenue_outlook/revenue_chart_rows.csv:current_comparison_1:2026Q4; data/current_revenue_outlook/revenue_chart_rows.csv:current_comparison_1:2027Q1; data/current_revenue_outlook/revenue_chart_rows.csv:current_comparison_1:2027Q2; data/current_revenue_outlook/revenue_chart_rows.csv:current_comparison_1:2026Q3; data/current_revenue_outlook/revenue_chart_rows.csv:current_comparison_1:2026Q4; data/current_revenue_outlook/revenue_chart_rows.csv:current_comparison_1:2027Q1; data/current_revenue_outlook/revenue_chart_rows.csv:current_comparison_1:2027Q2; scenario_inputs/scenario_input_wide.parquet:PED:population (2026Q3; 2026Q4; 2027Q1; 2027Q2); VFM 202405 Base uptake shares; BEFU26 rate cells AB5; AB7; AB9; ; ,,adjusted,Post-model overlays; default Off preserves model forecast. Scenario workbook price variables are already captured by finalist forecasts where supplied.
2027,,FY2027,Current finalist High population/comparison,current_comparison_1,comparison,Current planned path,Off,Off,Off,Off,LIGHT_RUC,current_light_ruc_conventional_modelled_km,12961.948272829242,12961.948272829242,0.0,million km,current_light_ruc_conventional_modelled_km * pt_factor * light_demand_factor,0.0,1.0,1.0,0.0,1.0,1.0,data/current_revenue_outlook/revenue_chart_rows.csv:current_comparison_1:2026Q3; data/current_revenue_outlook/revenue_chart_rows.csv:current_comparison_1:2026Q4; data/current_revenue_outlook/revenue_chart_rows.csv:current_comparison_1:2027Q1; data/current_revenue_outlook/revenue_chart_rows.csv:current_comparison_1:2027Q2; ; ,,adjusted,Post-model overlays; default Off preserves model forecast. Scenario workbook price variables are already captured by finalist forecasts where supplied.
2027,,FY2027,Current finalist High population/comparison,current_comparison_1,comparison,Current planned path,Off,Off,Off,Off,LIGHT_RUC,light_ruc_net_revenue,945.8176832453779,945.8176832453779,0.0,$m nominal ex GST,light_ruc_net_revenue effective rate applied to adjusted km,0.0,1.0,1.0,0.0,1.0,1.0,data/current_revenue_outlook/revenue_chart_rows.csv:current_comparison_1:2026Q3; data/current_revenue_outlook/revenue_chart_rows.csv:current_comparison_1:2026Q4; data/current_revenue_outlook/revenue_chart_rows.csv:current_comparison_1:2027Q1; data/current_revenue_outlook/revenue_chart_rows.csv:current_comparison_1:2027Q2; data/current_revenue_outlook/revenue_chart_rows.csv:current_comparison_1:2026Q3; data/current_revenue_outlook/revenue_chart_rows.csv:current_comparison_1:2026Q4; data/current_revenue_outlook/revenue_chart_rows.csv:current_comparison_1:2027Q1; data/current_revenue_outlook/revenue_chart_rows.csv:current_comparison_1:2027Q2; scenario_inputs/scenario_input_wide.parquet:PED:population (2026Q3; 2026Q4; 2027Q1; 2027Q2); VFM 202405 Base uptake shares; BEFU26 rate cells AB5; AB7; AB9; ; ,,adjusted,Post-model overlays; default Off preserves model forecast. Scenario workbook price variables are already captured by finalist forecasts where supplied.
2027,,FY2027,Current finalist High population/comparison,current_comparison_1,comparison,Current planned path,Off,Off,Off,Off,LIGHT_BEV,light_bev_ruc_net_revenue,112.9209892794671,112.9209892794671,0.0,$m nominal ex GST,light_bev_ruc_net_revenue effective rate applied to adjusted km,0.0,1.0,1.0,0.0,1.0,1.0,data/current_revenue_outlook/revenue_chart_rows.csv:current_comparison_1:2026Q3; data/current_revenue_outlook/revenue_chart_rows.csv:current_comparison_1:2026Q4; data/current_revenue_outlook/revenue_chart_rows.csv:current_comparison_1:2027Q1; data/current_revenue_outlook/revenue_chart_rows.csv:current_comparison_1:2027Q2; data/current_revenue_outlook/revenue_chart_rows.csv:current_comparison_1:2026Q3; data/current_revenue_outlook/revenue_chart_rows.csv:current_comparison_1:2026Q4; data/current_revenue_outlook/revenue_chart_rows.csv:current_comparison_1:2027Q1; data/current_revenue_outlook/revenue_chart_rows.csv:current_comparison_1:2027Q2; scenario_inputs/scenario_input_wide.parquet:PED:population (2026Q3; 2026Q4; 2027Q1; 2027Q2); VFM 202405 Base uptake shares; BEFU26 rate cells AB5; AB7; AB9; ; ,,adjusted,Post-model overlays; default Off preserves model forecast. Scenario workbook price variables are already captured by finalist forecasts where supplied.
2027,,FY2027,Current finalist High population/comparison,current_comparison_1,comparison,Current planned path,Off,Off,Off,Off,PHEV,phev_ruc_net_revenue,31.075034298778483,31.075034298778483,0.0,$m nominal ex GST,phev_ruc_net_revenue effective rate applied to adjusted km,0.0,1.0,1.0,0.0,1.0,1.0,data/current_revenue_outlook/revenue_chart_rows.csv:current_comparison_1:2026Q3; data/current_revenue_outlook/revenue_chart_rows.csv:current_comparison_1:2026Q4; data/current_revenue_outlook/revenue_chart_rows.csv:current_comparison_1:2027Q1; data/current_revenue_outlook/revenue_chart_rows.csv:current_comparison_1:2027Q2; data/current_revenue_outlook/revenue_chart_rows.csv:current_comparison_1:2026Q3; data/current_revenue_outlook/revenue_chart_rows.csv:current_comparison_1:2026Q4; data/current_revenue_outlook/revenue_chart_rows.csv:current_comparison_1:2027Q1; data/current_revenue_outlook/revenue_chart_rows.csv:current_comparison_1:2027Q2; scenario_inputs/scenario_input_wide.parquet:PED:population (2026Q3; 2026Q4; 2027Q1; 2027Q2); VFM 202405 Base uptake shares; BEFU26 rate cells AB5; AB7; AB9; ; ,,adjusted,Post-model overlays; default Off preserves model forecast. Scenario workbook price variables are already captured by finalist forecasts where supplied.
2027,,FY2027,Current finalist High population/comparison,current_comparison_1,comparison,Current planned path,Off,Off,Off,Off,HEAVY_RUC,heavy_ruc_net_km,4110.916527916741,4110.916527916741,0.0,million km,heavy_ruc_net_km * freight_factor * heavy_demand_factor,0.0,1.0,1.0,0.0,1.0,1.0,data/current_revenue_outlook/revenue_chart_rows.csv:current_comparison_1:2026Q3; data/current_revenue_outlook/revenue_chart_rows.csv:current_comparison_1:2026Q4; data/current_revenue_outlook/revenue_chart_rows.csv:current_comparison_1:2027Q1; data/current_revenue_outlook/revenue_chart_rows.csv:current_comparison_1:2027Q2; ; ,,adjusted,Post-model overlays; default Off preserves model forecast. Scenario workbook price variables are already captured by finalist forecasts where supplied.
2027,,FY2027,Current finalist High population/comparison,current_comparison_1,comparison,Current planned path,Off,Off,Off,Off,HEAVY_RUC,heavy_ruc_net_revenue,1234.6266726365643,1234.6266726365643,0.0,$m nominal ex GST,heavy_ruc_net_revenue effective rate applied to adjusted km,0.0,1.0,1.0,0.0,1.0,1.0,data/current_revenue_outlook/revenue_chart_rows.csv:current_comparison_1:2026Q3; data/current_revenue_outlook/revenue_chart_rows.csv:current_comparison_1:2026Q4; data/current_revenue_outlook/revenue_chart_rows.csv:current_comparison_1:2027Q1; data/current_revenue_outlook/revenue_chart_rows.csv:current_comparison_1:2027Q2; ; ,,adjusted,Post-model overlays; default Off preserves model forecast. Scenario workbook price variables are already captured by finalist forecasts where supplied.
2027,,FY2027,Current finalist High population/comparison,current_comparison_1,comparison,Current planned path,Off,Off,Off,Off,ROLLUP,gross_ruc_revenue,2402.559135089587,2402.559135089587,0.0,$m nominal ex GST,gross_ruc_revenue + PED/RUC component deltas,0.0,1.0,1.0,0.0,1.0,1.0,current_revenue_outlook:current_comparison_1:FY2027,,adjusted,Post-model overlays; default Off preserves model forecast. Scenario workbook price variables are already captured by finalist forecasts where supplied.
2027,,FY2027,Current finalist High population/comparison,current_comparison_1,comparison,Current planned path,Off,Off,Off,Off,ROLLUP,ruc_revenue_net_admin,2367.665998586746,2367.665998586746,0.0,$m nominal ex GST,ruc_revenue_net_admin + PED/RUC component deltas,0.0,1.0,1.0,0.0,1.0,1.0,current_revenue_outlook:current_comparison_1:FY2027,,adjusted,Post-model overlays; default Off preserves model forecast. Scenario workbook price variables are already captured by finalist forecasts where supplied.
2027,,FY2027,Current finalist High population/comparison,current_comparison_1,comparison,Current planned path,Off,Off,Off,Off,ROLLUP,total_ruc_net_revenue,2289.5472429573465,2289.5472429573465,0.0,$m nominal ex GST,total_ruc_net_revenue + PED/RUC component deltas,0.0,1.0,1.0,0.0,1.0,1.0,current_revenue_outlook:current_comparison_1:FY2027,,adjusted,Post-model overlays; default Off preserves model forecast. Scenario workbook price variables are already captured by finalist forecasts where supplied.
2027,,FY2027,Current finalist High population/comparison,current_comparison_1,comparison,Current planned path,Off,Off,Off,Off,ROLLUP,gross_fed_revenue,2262.8918952225376,2262.8918952225376,0.0,$m nominal ex GST,gross_fed_revenue + PED/RUC component deltas,0.0,1.0,1.0,0.0,1.0,1.0,current_revenue_outlook:current_comparison_1:FY2027,,adjusted,Post-model overlays; default Off preserves model forecast. Scenario workbook price variables are already captured by finalist forecasts where supplied.
2027,,FY2027,Current finalist High population/comparison,current_comparison_1,comparison,Current planned path,Off,Off,Off,Off,ROLLUP,net_fed_revenue,2182.2389345328857,2182.2389345328857,0.0,$m nominal ex GST,net_fed_revenue + PED/RUC component deltas,0.0,1.0,1.0,0.0,1.0,1.0,current_revenue_outlook:current_comparison_1:FY2027,,adjusted,Post-model overlays; default Off preserves model forecast. Scenario workbook price variables are already captured by finalist forecasts where supplied.
2027,,FY2027,Current finalist High population/comparison,current_comparison_1,comparison,Current planned path,Off,Off,Off,Off,ROLLUP,total_gross_revenue,5241.209107167303,5241.209107167303,0.0,$m nominal ex GST,total_gross_revenue + PED/RUC component deltas,0.0,1.0,1.0,0.0,1.0,1.0,current_revenue_outlook:current_comparison_1:FY2027,,adjusted,Post-model overlays; default Off preserves model forecast. Scenario workbook price variables are already captured by finalist forecasts where supplied.
2027,,FY2027,Current finalist High population/comparison,current_comparison_1,comparison,Current planned path,Off,Off,Off,Off,ROLLUP,total_revenue_net_admin,5134.057493923266,5134.057493923266,0.0,$m nominal ex GST,total_revenue_net_admin + PED/RUC component deltas,0.0,1.0,1.0,0.0,1.0,1.0,current_revenue_outlook:current_comparison_1:FY2027,,adjusted,Post-model overlays; default Off preserves model forecast. Scenario workbook price variables are already captured by finalist forecasts where supplied.
2027,,FY2027,Current finalist High population/comparison,current_comparison_1,comparison,Current planned path,Off,Off,Off,Off,ROLLUP,total_nltf_net_revenue,4973.391067355064,4973.391067355064,0.0,$m nominal ex GST,total_nltf_net_revenue + PED/RUC component deltas,0.0,1.0,1.0,0.0,1.0,1.0,current_revenue_outlook:current_comparison_1:FY2027,,adjusted,Post-model overlays; default Off preserves model forecast. Scenario workbook price variables are already captured by finalist forecasts where supplied.
2028,,FY2028,Current finalist High population/comparison,current_comparison_1,comparison,Current planned path,Off,Off,Off,Off,PED,light_petrol_vkt,32538.931492766125,32538.931492766125,0.0,million km,light_petrol_vkt * pt_factor * petrol_demand_factor,0.0,1.0,1.0,0.0,1.0,1.0,data/current_revenue_outlook/revenue_chart_rows.csv:current_comparison_1:2027Q3; data/current_revenue_outlook/revenue_chart_rows.csv:current_comparison_1:2027Q4; data/current_revenue_outlook/revenue_chart_rows.csv:current_comparison_1:2028Q1; data/current_revenue_outlook/revenue_chart_rows.csv:current_comparison_1:2028Q2; data/current_revenue_outlook/revenue_chart_rows.csv:current_comparison_1:2027Q3; data/current_revenue_outlook/revenue_chart_rows.csv:current_comparison_1:2027Q4; data/current_revenue_outlook/revenue_chart_rows.csv:current_comparison_1:2028Q1; data/current_revenue_outlook/revenue_chart_rows.csv:current_comparison_1:2028Q2; scenario_inputs/scenario_input_wide.parquet:PED:population (2027Q3; 2027Q4; 2028Q1; 2028Q2); VFM 202405 Base uptake shares; BEFU26 rate cells AC5; AC7; AC9; ; ,,adjusted,Post-model overlays; default Off preserves model forecast. Scenario workbook price variables are already captured by finalist forecasts where supplied.
2028,,FY2028,Current finalist High population/comparison,current_comparison_1,comparison,Current planned path,Off,Off,Off,Off,PED,ped_vkt_per_capita,5901.515350664844,5901.515350664844,0.0,km/person,ped_vkt_per_capita * pt_factor * petrol_demand_factor,0.0,1.0,1.0,0.0,1.0,1.0,data/current_revenue_outlook/revenue_chart_rows.csv:current_comparison_1:2027Q3; data/current_revenue_outlook/revenue_chart_rows.csv:current_comparison_1:2027Q4; data/current_revenue_outlook/revenue_chart_rows.csv:current_comparison_1:2028Q1; data/current_revenue_outlook/revenue_chart_rows.csv:current_comparison_1:2028Q2; ; ,,adjusted,Post-model overlays; default Off preserves model forecast. Scenario workbook price variables are already captured by finalist forecasts where supplied.
2028,,FY2028,Current finalist High population/comparison,current_comparison_1,comparison,Current planned path,Off,Off,Off,Off,PED,ped_volume,2906.314530935436,2906.314530935436,0.0,million litres,adjusted_light_petrol_vkt * adjusted_litres_per_100km / 100,0.0,1.0,1.0,0.0,1.0,1.0,data/current_revenue_outlook/revenue_chart_rows.csv:current_comparison_1:2027Q3; data/current_revenue_outlook/revenue_chart_rows.csv:current_comparison_1:2027Q4; data/current_revenue_outlook/revenue_chart_rows.csv:current_comparison_1:2028Q1; data/current_revenue_outlook/revenue_chart_rows.csv:current_comparison_1:2028Q2; data/current_revenue_outlook/revenue_chart_rows.csv:current_comparison_1:2027Q3; data/current_revenue_outlook/revenue_chart_rows.csv:current_comparison_1:2027Q4; data/current_revenue_outlook/revenue_chart_rows.csv:current_comparison_1:2028Q1; data/current_revenue_outlook/revenue_chart_rows.csv:current_comparison_1:2028Q2; scenario_inputs/scenario_input_wide.parquet:PED:population (2027Q3; 2027Q4; 2028Q1; 2028Q2); VFM 202405 Base uptake shares; BEFU26 rate cells AC5; AC7; AC9; ; ; ,,adjusted,Post-model overlays; default Off preserves model forecast. Scenario workbook price variables are already captured by finalist forecasts where supplied.
2028,,FY2028,Current finalist High population/comparison,current_comparison_1,comparison,Current planned path,Off,Off,Off,Off,PED,gross_ped_revenue,2470.7789058673366,2470.7789058673366,0.0,$m nominal ex GST,adjusted_ped_volume * ped_rate,0.0,1.0,1.0,0.0,1.0,1.0,data/current_revenue_outlook/revenue_chart_rows.csv:current_comparison_1:2027Q3; data/current_revenue_outlook/revenue_chart_rows.csv:current_comparison_1:2027Q4; data/current_revenue_outlook/revenue_chart_rows.csv:current_comparison_1:2028Q1; data/current_revenue_outlook/revenue_chart_rows.csv:current_comparison_1:2028Q2; data/current_revenue_outlook/revenue_chart_rows.csv:current_comparison_1:2027Q3; data/current_revenue_outlook/revenue_chart_rows.csv:current_comparison_1:2027Q4; data/current_revenue_outlook/revenue_chart_rows.csv:current_comparison_1:2028Q1; data/current_revenue_outlook/revenue_chart_rows.csv:current_comparison_1:2028Q2; scenario_inputs/scenario_input_wide.parquet:PED:population (2027Q3; 2027Q4; 2028Q1; 2028Q2); VFM 202405 Base uptake shares; BEFU26 rate cells AC5; AC7; AC9; ; ; ,,adjusted,Post-model overlays; default Off preserves model forecast. Scenario workbook price variables are already captured by finalist forecasts where supplied.
2028,,FY2028,Current finalist High population/comparison,current_comparison_1,comparison,Current planned path,Off,Off,Off,Off,LIGHT_RUC,light_ruc_net_km,13524.331815170966,13524.331815170966,0.0,million km,light_ruc_net_km * pt_factor * light_demand_factor,0.0,1.0,1.0,0.0,1.0,1.0,data/current_revenue_outlook/revenue_chart_rows.csv:current_comparison_1:2027Q3; data/current_revenue_outlook/revenue_chart_rows.csv:current_comparison_1:2027Q4; data/current_revenue_outlook/revenue_chart_rows.csv:current_comparison_1:2028Q1; data/current_revenue_outlook/revenue_chart_rows.csv:current_comparison_1:2028Q2; data/current_revenue_outlook/revenue_chart_rows.csv:current_comparison_1:2027Q3; data/current_revenue_outlook/revenue_chart_rows.csv:current_comparison_1:2027Q4; data/current_revenue_outlook/revenue_chart_rows.csv:current_comparison_1:2028Q1; data/current_revenue_outlook/revenue_chart_rows.csv:current_comparison_1:2028Q2; scenario_inputs/scenario_input_wide.parquet:PED:population (2027Q3; 2027Q4; 2028Q1; 2028Q2); VFM 202405 Base uptake shares; BEFU26 rate cells AC5; AC7; AC9; ; ,,adjusted,Post-model overlays; default Off preserves model forecast. Scenario workbook price variables are already captured by finalist forecasts where supplied.
2028,,FY2028,Current finalist High population/comparison,current_comparison_1,comparison,Current planned path,Off,Off,Off,Off,LIGHT_BEV,light_bev_ruc_net_km,2044.4002183770822,2044.4002183770822,0.0,million km,light_bev_ruc_net_km * pt_factor * light_demand_factor,0.0,1.0,1.0,0.0,1.0,1.0,data/current_revenue_outlook/revenue_chart_rows.csv:current_comparison_1:2027Q3; data/current_revenue_outlook/revenue_chart_rows.csv:current_comparison_1:2027Q4; data/current_revenue_outlook/revenue_chart_rows.csv:current_comparison_1:2028Q1; data/current_revenue_outlook/revenue_chart_rows.csv:current_comparison_1:2028Q2; data/current_revenue_outlook/revenue_chart_rows.csv:current_comparison_1:2027Q3; data/current_revenue_outlook/revenue_chart_rows.csv:current_comparison_1:2027Q4; data/current_revenue_outlook/revenue_chart_rows.csv:current_comparison_1:2028Q1; data/current_revenue_outlook/revenue_chart_rows.csv:current_comparison_1:2028Q2; scenario_inputs/scenario_input_wide.parquet:PED:population (2027Q3; 2027Q4; 2028Q1; 2028Q2); VFM 202405 Base uptake shares; BEFU26 rate cells AC5; AC7; AC9; ; ,,adjusted,Post-model overlays; default Off preserves model forecast. Scenario workbook price variables are already captured by finalist forecasts where supplied.
2028,,FY2028,Current finalist High population/comparison,current_comparison_1,comparison,Current planned path,Off,Off,Off,Off,PHEV,phev_ruc_net_km,1139.0711927565417,1139.0711927565417,0.0,million km,phev_ruc_net_km * pt_factor * light_demand_factor,0.0,1.0,1.0,0.0,1.0,1.0,data/current_revenue_outlook/revenue_chart_rows.csv:current_comparison_1:2027Q3; data/current_revenue_outlook/revenue_chart_rows.csv:current_comparison_1:2027Q4; data/current_revenue_outlook/revenue_chart_rows.csv:current_comparison_1:2028Q1; data/current_revenue_outlook/revenue_chart_rows.csv:current_comparison_1:2028Q2; data/current_revenue_outlook/revenue_chart_rows.csv:current_comparison_1:2027Q3; data/current_revenue_outlook/revenue_chart_rows.csv:current_comparison_1:2027Q4; data/current_revenue_outlook/revenue_chart_rows.csv:current_comparison_1:2028Q1; data/current_revenue_outlook/revenue_chart_rows.csv:current_comparison_1:2028Q2; scenario_inputs/scenario_input_wide.parquet:PED:population (2027Q3; 2027Q4; 2028Q1; 2028Q2); VFM 202405 Base uptake shares; BEFU26 rate cells AC5; AC7; AC9; ; ,,adjusted,Post-model overlays; default Off preserves model forecast. Scenario workbook price variables are already captured by finalist forecasts where supplied.
2028,,FY2028,Current finalist High population/comparison,current_comparison_1,comparison,Current planned path,Off,Off,Off,Off,LIGHT_RUC,current_light_ruc_conventional_modelled_km,13524.331815170966,13524.331815170966,0.0,million km,current_light_ruc_conventional_modelled_km * pt_factor * light_demand_factor,0.0,1.0,1.0,0.0,1.0,1.0,data/current_revenue_outlook/revenue_chart_rows.csv:current_comparison_1:2027Q3; data/current_revenue_outlook/revenue_chart_rows.csv:current_comparison_1:2027Q4; data/current_revenue_outlook/revenue_chart_rows.csv:current_comparison_1:2028Q1; data/current_revenue_outlook/revenue_chart_rows.csv:current_comparison_1:2028Q2; ; ,,adjusted,Post-model overlays; default Off preserves model forecast. Scenario workbook price variables are already captured by finalist forecasts where supplied.
2028,,FY2028,Current finalist High population/comparison,current_comparison_1,comparison,Current planned path,Off,Off,Off,Off,LIGHT_RUC,light_ruc_net_revenue,1099.8404299626523,1099.8404299626523,0.0,$m nominal ex GST,light_ruc_net_revenue effective rate applied to adjusted km,0.0,1.0,1.0,0.0,1.0,1.0,data/current_revenue_outlook/revenue_chart_rows.csv:current_comparison_1:2027Q3; data/current_revenue_outlook/revenue_chart_rows.csv:current_comparison_1:2027Q4; data/current_revenue_outlook/revenue_chart_rows.csv:current_comparison_1:2028Q1; data/current_revenue_outlook/revenue_chart_rows.csv:current_comparison_1:2028Q2; data/current_revenue_outlook/revenue_chart_rows.csv:current_comparison_1:2027Q3; data/current_revenue_outlook/revenue_chart_rows.csv:current_comparison_1:2027Q4; data/current_revenue_outlook/revenue_chart_rows.csv:current_comparison_1:2028Q1; data/current_revenue_outlook/revenue_chart_rows.csv:current_comparison_1:2028Q2; scenario_inputs/scenario_input_wide.parquet:PED:population (2027Q3; 2027Q4; 2028Q1; 2028Q2); VFM 202405 Base uptake shares; BEFU26 rate cells AC5; AC7; AC9; ; ,,adjusted,Post-model overlays; default Off preserves model forecast. Scenario workbook price variables are already captured by finalist forecasts where supplied.
2028,,FY2028,Current finalist High population/comparison,current_comparison_1,comparison,Current planned path,Off,Off,Off,Off,LIGHT_BEV,light_bev_ruc_net_revenue,166.3119577649756,166.3119577649756,0.0,$m nominal ex GST,light_bev_ruc_net_revenue effective rate applied to adjusted km,0.0,1.0,1.0,0.0,1.0,1.0,data/current_revenue_outlook/revenue_chart_rows.csv:current_comparison_1:2027Q3; data/current_revenue_outlook/revenue_chart_rows.csv:current_comparison_1:2027Q4; data/current_revenue_outlook/revenue_chart_rows.csv:current_comparison_1:2028Q1; data/current_revenue_outlook/revenue_chart_rows.csv:current_comparison_1:2028Q2; data/current_revenue_outlook/revenue_chart_rows.csv:current_comparison_1:2027Q3; data/current_revenue_outlook/revenue_chart_rows.csv:current_comparison_1:2027Q4; data/current_revenue_outlook/revenue_chart_rows.csv:current_comparison_1:2028Q1; data/current_revenue_outlook/revenue_chart_rows.csv:current_comparison_1:2028Q2; scenario_inputs/scenario_input_wide.parquet:PED:population (2027Q3; 2027Q4; 2028Q1; 2028Q2); VFM 202405 Base uptake shares; BEFU26 rate cells AC5; AC7; AC9; ; ,,adjusted,Post-model overlays; default Off preserves model forecast. Scenario workbook price variables are already captured by finalist forecasts where supplied.
2028,,FY2028,Current finalist High population/comparison,current_comparison_1,comparison,Current planned path,Off,Off,Off,Off,PHEV,phev_ruc_net_revenue,45.69384089742881,45.69384089742881,0.0,$m nominal ex GST,phev_ruc_net_revenue effective rate applied to adjusted km,0.0,1.0,1.0,0.0,1.0,1.0,data/current_revenue_outlook/revenue_chart_rows.csv:current_comparison_1:2027Q3; data/current_revenue_outlook/revenue_chart_rows.csv:current_comparison_1:2027Q4; data/current_revenue_outlook/revenue_chart_rows.csv:current_comparison_1:2028Q1; data/current_revenue_outlook/revenue_chart_rows.csv:current_comparison_1:2028Q2; data/current_revenue_outlook/revenue_chart_rows.csv:current_comparison_1:2027Q3; data/current_revenue_outlook/revenue_chart_rows.csv:current_comparison_1:2027Q4; data/current_revenue_outlook/revenue_chart_rows.csv:current_comparison_1:2028Q1; data/current_revenue_outlook/revenue_chart_rows.csv:current_comparison_1:2028Q2; scenario_inputs/scenario_input_wide.parquet:PED:population (2027Q3; 2027Q4; 2028Q1; 2028Q2); VFM 202405 Base uptake shares; BEFU26 rate cells AC5; AC7; AC9; ; ,,adjusted,Post-model overlays; default Off preserves model forecast. Scenario workbook price variables are already captured by finalist forecasts where supplied.
2028,,FY2028,Current finalist High population/comparison,current_comparison_1,comparison,Current planned path,Off,Off,Off,Off,HEAVY_RUC,heavy_ruc_net_km,4142.5615822042155,4142.5615822042155,0.0,million km,heavy_ruc_net_km * freight_factor * heavy_demand_factor,0.0,1.0,1.0,0.0,1.0,1.0,data/current_revenue_outlook/revenue_chart_rows.csv:current_comparison_1:2027Q3; data/current_revenue_outlook/revenue_chart_rows.csv:current_comparison_1:2027Q4; data/current_revenue_outlook/revenue_chart_rows.csv:current_comparison_1:2028Q1; data/current_revenue_outlook/revenue_chart_rows.csv:current_comparison_1:2028Q2; ; ,,adjusted,Post-model overlays; default Off preserves model forecast. Scenario workbook price variables are already captured by finalist forecasts where supplied.
2028,,FY2028,Current finalist High population/comparison,current_comparison_1,comparison,Current planned path,Off,Off,Off,Off,HEAVY_RUC,heavy_ruc_net_revenue,1382.9791411249635,1382.9791411249635,0.0,$m nominal ex GST,heavy_ruc_net_revenue effective rate applied to adjusted km,0.0,1.0,1.0,0.0,1.0,1.0,data/current_revenue_outlook/revenue_chart_rows.csv:current_comparison_1:2027Q3; data/current_revenue_outlook/revenue_chart_rows.csv:current_comparison_1:2027Q4; data/current_revenue_outlook/revenue_chart_rows.csv:current_comparison_1:2028Q1; data/current_revenue_outlook/revenue_chart_rows.csv:current_comparison_1:2028Q2; ; ,,adjusted,Post-model overlays; default Off preserves model forecast. Scenario workbook price variables are already captured by finalist forecasts where supplied.
2028,,FY2028,Current finalist High population/comparison,current_comparison_1,comparison,Current planned path,Off,Off,Off,Off,ROLLUP,gross_ruc_revenue,2806.9507707561556,2806.9507707561556,0.0,$m nominal ex GST,gross_ruc_revenue + PED/RUC component deltas,0.0,1.0,1.0,0.0,1.0,1.0,current_revenue_outlook:current_comparison_1:FY2028,,adjusted,Post-model overlays; default Off preserves model forecast. Scenario workbook price variables are already captured by finalist forecasts where supplied.
2028,,FY2028,Current finalist High population/comparison,current_comparison_1,comparison,Current planned path,Off,Off,Off,Off,ROLLUP,ruc_revenue_net_admin,2769.5014373071303,2769.5014373071303,0.0,$m nominal ex GST,ruc_revenue_net_admin + PED/RUC component deltas,0.0,1.0,1.0,0.0,1.0,1.0,current_revenue_outlook:current_comparison_1:FY2028,,adjusted,Post-model overlays; default Off preserves model forecast. Scenario workbook price variables are already captured by finalist forecasts where supplied.
2028,,FY2028,Current finalist High population/comparison,current_comparison_1,comparison,Current planned path,Off,Off,Off,Off,ROLLUP,total_ruc_net_revenue,2677.5790726145005,2677.5790726145005,0.0,$m nominal ex GST,total_ruc_net_revenue + PED/RUC component deltas,0.0,1.0,1.0,0.0,1.0,1.0,current_revenue_outlook:current_comparison_1:FY2028,,adjusted,Post-model overlays; default Off preserves model forecast. Scenario workbook price variables are already captured by finalist forecasts where supplied.
2028,,FY2028,Current finalist High population/comparison,current_comparison_1,comparison,Current planned path,Off,Off,Off,Off,ROLLUP,gross_fed_revenue,2513.632282729524,2513.632282729524,0.0,$m nominal ex GST,gross_fed_revenue + PED/RUC component deltas,0.0,1.0,1.0,0.0,1.0,1.0,current_revenue_outlook:current_comparison_1:FY2028,,adjusted,Post-model overlays; default Off preserves model forecast. Scenario workbook price variables are already captured by finalist forecasts where supplied.
2028,,FY2028,Current finalist High population/comparison,current_comparison_1,comparison,Current planned path,Off,Off,Off,Off,ROLLUP,net_fed_revenue,2422.1649804777817,2422.1649804777817,0.0,$m nominal ex GST,net_fed_revenue + PED/RUC component deltas,0.0,1.0,1.0,0.0,1.0,1.0,current_revenue_outlook:current_comparison_1:FY2028,,adjusted,Post-model overlays; default Off preserves model forecast. Scenario workbook price variables are already captured by finalist forecasts where supplied.
2028,,FY2028,Current finalist High population/comparison,current_comparison_1,comparison,Current planned path,Off,Off,Off,Off,ROLLUP,total_gross_revenue,5902.216860996523,5902.216860996523,0.0,$m nominal ex GST,total_gross_revenue + PED/RUC component deltas,0.0,1.0,1.0,0.0,1.0,1.0,current_revenue_outlook:current_comparison_1:FY2028,,adjusted,Post-model overlays; default Off preserves model forecast. Scenario workbook price variables are already captured by finalist forecasts where supplied.
2028,,FY2028,Current finalist High population/comparison,current_comparison_1,comparison,Current planned path,Off,Off,Off,Off,ROLLUP,total_revenue_net_admin,5792.881354035639,5792.881354035639,0.0,$m nominal ex GST,total_revenue_net_admin + PED/RUC component deltas,0.0,1.0,1.0,0.0,1.0,1.0,current_revenue_outlook:current_comparison_1:FY2028,,adjusted,Post-model overlays; default Off preserves model forecast. Scenario workbook price variables are already captured by finalist forecasts where supplied.
2028,,FY2028,Current finalist High population/comparison,current_comparison_1,comparison,Current planned path,Off,Off,Off,Off,ROLLUP,total_nltf_net_revenue,5607.552463061694,5607.552463061694,0.0,$m nominal ex GST,total_nltf_net_revenue + PED/RUC component deltas,0.0,1.0,1.0,0.0,1.0,1.0,current_revenue_outlook:current_comparison_1:FY2028,,adjusted,Post-model overlays; default Off preserves model forecast. Scenario workbook price variables are already captured by finalist forecasts where supplied.
2029,,FY2029,Current finalist High population/comparison,current_comparison_1,comparison,Current planned path,Off,Off,Off,Off,PED,light_petrol_vkt,32872.85165477012,32872.85165477012,0.0,million km,light_petrol_vkt * pt_factor * petrol_demand_factor,0.0,1.0,1.0,0.0,1.0,1.0,data/current_revenue_outlook/revenue_chart_rows.csv:current_comparison_1:2028Q3; data/current_revenue_outlook/revenue_chart_rows.csv:current_comparison_1:2028Q4; data/current_revenue_outlook/revenue_chart_rows.csv:current_comparison_1:2029Q1; data/current_revenue_outlook/revenue_chart_rows.csv:current_comparison_1:2029Q2; data/current_revenue_outlook/revenue_chart_rows.csv:current_comparison_1:2028Q3; data/current_revenue_outlook/revenue_chart_rows.csv:current_comparison_1:2028Q4; data/current_revenue_outlook/revenue_chart_rows.csv:current_comparison_1:2029Q1; data/current_revenue_outlook/revenue_chart_rows.csv:current_comparison_1:2029Q2; scenario_inputs/scenario_input_wide.parquet:PED:population (2028Q3; 2028Q4; 2029Q1; 2029Q2); VFM 202405 Base uptake shares; BEFU26 rate cells AD5; AD7; AD9; ; ,,adjusted,Post-model overlays; default Off preserves model forecast. Scenario workbook price variables are already captured by finalist forecasts where supplied.
2029,,FY2029,Current finalist High population/comparison,current_comparison_1,comparison,Current planned path,Off,Off,Off,Off,PED,ped_vkt_per_capita,5873.960913560629,5873.960913560629,0.0,km/person,ped_vkt_per_capita * pt_factor * petrol_demand_factor,0.0,1.0,1.0,0.0,1.0,1.0,data/current_revenue_outlook/revenue_chart_rows.csv:current_comparison_1:2028Q3; data/current_revenue_outlook/revenue_chart_rows.csv:current_comparison_1:2028Q4; data/current_revenue_outlook/revenue_chart_rows.csv:current_comparison_1:2029Q1; data/current_revenue_outlook/revenue_chart_rows.csv:current_comparison_1:2029Q2; ; ,,adjusted,Post-model overlays; default Off preserves model forecast. Scenario workbook price variables are already captured by finalist forecasts where supplied.
2029,,FY2029,Current finalist High population/comparison,current_comparison_1,comparison,Current planned path,Off,Off,Off,Off,PED,ped_volume,2907.4948940911063,2907.4948940911063,0.0,million litres,adjusted_light_petrol_vkt * adjusted_litres_per_100km / 100,0.0,1.0,1.0,0.0,1.0,1.0,data/current_revenue_outlook/revenue_chart_rows.csv:current_comparison_1:2028Q3; data/current_revenue_outlook/revenue_chart_rows.csv:current_comparison_1:2028Q4; data/current_revenue_outlook/revenue_chart_rows.csv:current_comparison_1:2029Q1; data/current_revenue_outlook/revenue_chart_rows.csv:current_comparison_1:2029Q2; data/current_revenue_outlook/revenue_chart_rows.csv:current_comparison_1:2028Q3; data/current_revenue_outlook/revenue_chart_rows.csv:current_comparison_1:2028Q4; data/current_revenue_outlook/revenue_chart_rows.csv:current_comparison_1:2029Q1; data/current_revenue_outlook/revenue_chart_rows.csv:current_comparison_1:2029Q2; scenario_inputs/scenario_input_wide.parquet:PED:population (2028Q3; 2028Q4; 2029Q1; 2029Q2); VFM 202405 Base uptake shares; BEFU26 rate cells AD5; AD7; AD9; ; ; ,,adjusted,Post-model overlays; default Off preserves model forecast. Scenario workbook price variables are already captured by finalist forecasts where supplied.
2029,,FY2029,Current finalist High population/comparison,current_comparison_1,comparison,Current planned path,Off,Off,Off,Off,PED,gross_ped_revenue,2617.123005116846,2617.123005116846,0.0,$m nominal ex GST,adjusted_ped_volume * ped_rate,0.0,1.0,1.0,0.0,1.0,1.0,data/current_revenue_outlook/revenue_chart_rows.csv:current_comparison_1:2028Q3; data/current_revenue_outlook/revenue_chart_rows.csv:current_comparison_1:2028Q4; data/current_revenue_outlook/revenue_chart_rows.csv:current_comparison_1:2029Q1; data/current_revenue_outlook/revenue_chart_rows.csv:current_comparison_1:2029Q2; data/current_revenue_outlook/revenue_chart_rows.csv:current_comparison_1:2028Q3; data/current_revenue_outlook/revenue_chart_rows.csv:current_comparison_1:2028Q4; data/current_revenue_outlook/revenue_chart_rows.csv:current_comparison_1:2029Q1; data/current_revenue_outlook/revenue_chart_rows.csv:current_comparison_1:2029Q2; scenario_inputs/scenario_input_wide.parquet:PED:population (2028Q3; 2028Q4; 2029Q1; 2029Q2); VFM 202405 Base uptake shares; BEFU26 rate cells AD5; AD7; AD9; ; ; ,,adjusted,Post-model overlays; default Off preserves model forecast. Scenario workbook price variables are already captured by finalist forecasts where supplied.
2029,,FY2029,Current finalist High population/comparison,current_comparison_1,comparison,Current planned path,Off,Off,Off,Off,LIGHT_RUC,light_ruc_net_km,14065.10473483769,14065.10473483769,0.0,million km,light_ruc_net_km * pt_factor * light_demand_factor,0.0,1.0,1.0,0.0,1.0,1.0,data/current_revenue_outlook/revenue_chart_rows.csv:current_comparison_1:2028Q3; data/current_revenue_outlook/revenue_chart_rows.csv:current_comparison_1:2028Q4; data/current_revenue_outlook/revenue_chart_rows.csv:current_comparison_1:2029Q1; data/current_revenue_outlook/revenue_chart_rows.csv:current_comparison_1:2029Q2; data/current_revenue_outlook/revenue_chart_rows.csv:current_comparison_1:2028Q3; data/current_revenue_outlook/revenue_chart_rows.csv:current_comparison_1:2028Q4; data/current_revenue_outlook/revenue_chart_rows.csv:current_comparison_1:2029Q1; data/current_revenue_outlook/revenue_chart_rows.csv:current_comparison_1:2029Q2; scenario_inputs/scenario_input_wide.parquet:PED:population (2028Q3; 2028Q4; 2029Q1; 2029Q2); VFM 202405 Base uptake shares; BEFU26 rate cells AD5; AD7; AD9; ; ,,adjusted,Post-model overlays; default Off preserves model forecast. Scenario workbook price variables are already captured by finalist forecasts where supplied.
2029,,FY2029,Current finalist High population/comparison,current_comparison_1,comparison,Current planned path,Off,Off,Off,Off,LIGHT_BEV,light_bev_ruc_net_km,2683.182140681946,2683.182140681946,0.0,million km,light_bev_ruc_net_km * pt_factor * light_demand_factor,0.0,1.0,1.0,0.0,1.0,1.0,data/current_revenue_outlook/revenue_chart_rows.csv:current_comparison_1:2028Q3; data/current_revenue_outlook/revenue_chart_rows.csv:current_comparison_1:2028Q4; data/current_revenue_outlook/revenue_chart_rows.csv:current_comparison_1:2029Q1; data/current_revenue_outlook/revenue_chart_rows.csv:current_comparison_1:2029Q2; data/current_revenue_outlook/revenue_chart_rows.csv:current_comparison_1:2028Q3; data/current_revenue_outlook/revenue_chart_rows.csv:current_comparison_1:2028Q4; data/current_revenue_outlook/revenue_chart_rows.csv:current_comparison_1:2029Q1; data/current_revenue_outlook/revenue_chart_rows.csv:current_comparison_1:2029Q2; scenario_inputs/scenario_input_wide.parquet:PED:population (2028Q3; 2028Q4; 2029Q1; 2029Q2); VFM 202405 Base uptake shares; BEFU26 rate cells AD5; AD7; AD9; ; ,,adjusted,Post-model overlays; default Off preserves model forecast. Scenario workbook price variables are already captured by finalist forecasts where supplied.
2029,,FY2029,Current finalist High population/comparison,current_comparison_1,comparison,Current planned path,Off,Off,Off,Off,PHEV,phev_ruc_net_km,1488.5068273268612,1488.5068273268612,0.0,million km,phev_ruc_net_km * pt_factor * light_demand_factor,0.0,1.0,1.0,0.0,1.0,1.0,data/current_revenue_outlook/revenue_chart_rows.csv:current_comparison_1:2028Q3; data/current_revenue_outlook/revenue_chart_rows.csv:current_comparison_1:2028Q4; data/current_revenue_outlook/revenue_chart_rows.csv:current_comparison_1:2029Q1; data/current_revenue_outlook/revenue_chart_rows.csv:current_comparison_1:2029Q2; data/current_revenue_outlook/revenue_chart_rows.csv:current_comparison_1:2028Q3; data/current_revenue_outlook/revenue_chart_rows.csv:current_comparison_1:2028Q4; data/current_revenue_outlook/revenue_chart_rows.csv:current_comparison_1:2029Q1; data/current_revenue_outlook/revenue_chart_rows.csv:current_comparison_1:2029Q2; scenario_inputs/scenario_input_wide.parquet:PED:population (2028Q3; 2028Q4; 2029Q1; 2029Q2); VFM 202405 Base uptake shares; BEFU26 rate cells AD5; AD7; AD9; ; ,,adjusted,Post-model overlays; default Off preserves model forecast. Scenario workbook price variables are already captured by finalist forecasts where supplied.
2029,,FY2029,Current finalist High population/comparison,current_comparison_1,comparison,Current planned path,Off,Off,Off,Off,LIGHT_RUC,current_light_ruc_conventional_modelled_km,14065.10473483769,14065.10473483769,0.0,million km,current_light_ruc_conventional_modelled_km * pt_factor * light_demand_factor,0.0,1.0,1.0,0.0,1.0,1.0,data/current_revenue_outlook/revenue_chart_rows.csv:current_comparison_1:2028Q3; data/current_revenue_outlook/revenue_chart_rows.csv:current_comparison_1:2028Q4; data/current_revenue_outlook/revenue_chart_rows.csv:current_comparison_1:2029Q1; data/current_revenue_outlook/revenue_chart_rows.csv:current_comparison_1:2029Q2; ; ,,adjusted,Post-model overlays; default Off preserves model forecast. Scenario workbook price variables are already captured by finalist forecasts where supplied.
2029,,FY2029,Current finalist High population/comparison,current_comparison_1,comparison,Current planned path,Off,Off,Off,Off,LIGHT_RUC,light_ruc_net_revenue,1211.3875569053282,1211.3875569053282,0.0,$m nominal ex GST,light_ruc_net_revenue effective rate applied to adjusted km,0.0,1.0,1.0,0.0,1.0,1.0,data/current_revenue_outlook/revenue_chart_rows.csv:current_comparison_1:2028Q3; data/current_revenue_outlook/revenue_chart_rows.csv:current_comparison_1:2028Q4; data/current_revenue_outlook/revenue_chart_rows.csv:current_comparison_1:2029Q1; data/current_revenue_outlook/revenue_chart_rows.csv:current_comparison_1:2029Q2; data/current_revenue_outlook/revenue_chart_rows.csv:current_comparison_1:2028Q3; data/current_revenue_outlook/revenue_chart_rows.csv:current_comparison_1:2028Q4; data/current_revenue_outlook/revenue_chart_rows.csv:current_comparison_1:2029Q1; data/current_revenue_outlook/revenue_chart_rows.csv:current_comparison_1:2029Q2; scenario_inputs/scenario_input_wide.parquet:PED:population (2028Q3; 2028Q4; 2029Q1; 2029Q2); VFM 202405 Base uptake shares; BEFU26 rate cells AD5; AD7; AD9; ; ,,adjusted,Post-model overlays; default Off preserves model forecast. Scenario workbook price variables are already captured by finalist forecasts where supplied.
2029,,FY2029,Current finalist High population/comparison,current_comparison_1,comparison,Current planned path,Off,Off,Off,Off,LIGHT_BEV,light_bev_ruc_net_revenue,231.11589368763856,231.11589368763856,0.0,$m nominal ex GST,light_bev_ruc_net_revenue effective rate applied to adjusted km,0.0,1.0,1.0,0.0,1.0,1.0,data/current_revenue_outlook/revenue_chart_rows.csv:current_comparison_1:2028Q3; data/current_revenue_outlook/revenue_chart_rows.csv:current_comparison_1:2028Q4; data/current_revenue_outlook/revenue_chart_rows.csv:current_comparison_1:2029Q1; data/current_revenue_outlook/revenue_chart_rows.csv:current_comparison_1:2029Q2; data/current_revenue_outlook/revenue_chart_rows.csv:current_comparison_1:2028Q3; data/current_revenue_outlook/revenue_chart_rows.csv:current_comparison_1:2028Q4; data/current_revenue_outlook/revenue_chart_rows.csv:current_comparison_1:2029Q1; data/current_revenue_outlook/revenue_chart_rows.csv:current_comparison_1:2029Q2; scenario_inputs/scenario_input_wide.parquet:PED:population (2028Q3; 2028Q4; 2029Q1; 2029Q2); VFM 202405 Base uptake shares; BEFU26 rate cells AD5; AD7; AD9; ; ,,adjusted,Post-model overlays; default Off preserves model forecast. Scenario workbook price variables are already captured by finalist forecasts where supplied.
2029,,FY2029,Current finalist High population/comparison,current_comparison_1,comparison,Current planned path,Off,Off,Off,Off,PHEV,phev_ruc_net_revenue,63.224327490708355,63.224327490708355,0.0,$m nominal ex GST,phev_ruc_net_revenue effective rate applied to adjusted km,0.0,1.0,1.0,0.0,1.0,1.0,data/current_revenue_outlook/revenue_chart_rows.csv:current_comparison_1:2028Q3; data/current_revenue_outlook/revenue_chart_rows.csv:current_comparison_1:2028Q4; data/current_revenue_outlook/revenue_chart_rows.csv:current_comparison_1:2029Q1; data/current_revenue_outlook/revenue_chart_rows.csv:current_comparison_1:2029Q2; data/current_revenue_outlook/revenue_chart_rows.csv:current_comparison_1:2028Q3; data/current_revenue_outlook/revenue_chart_rows.csv:current_comparison_1:2028Q4; data/current_revenue_outlook/revenue_chart_rows.csv:current_comparison_1:2029Q1; data/current_revenue_outlook/revenue_chart_rows.csv:current_comparison_1:2029Q2; scenario_inputs/scenario_input_wide.parquet:PED:population (2028Q3; 2028Q4; 2029Q1; 2029Q2); VFM 202405 Base uptake shares; BEFU26 rate cells AD5; AD7; AD9; ; ,,adjusted,Post-model overlays; default Off preserves model forecast. Scenario workbook price variables are already captured by finalist forecasts where supplied.
2029,,FY2029,Current finalist High population/comparison,current_comparison_1,comparison,Current planned path,Off,Off,Off,Off,HEAVY_RUC,heavy_ruc_net_km,4176.882628191386,4176.882628191386,0.0,million km,heavy_ruc_net_km * freight_factor * heavy_demand_factor,0.0,1.0,1.0,0.0,1.0,1.0,data/current_revenue_outlook/revenue_chart_rows.csv:current_comparison_1:2028Q3; data/current_revenue_outlook/revenue_chart_rows.csv:current_comparison_1:2028Q4; data/current_revenue_outlook/revenue_chart_rows.csv:current_comparison_1:2029Q1; data/current_revenue_outlook/revenue_chart_rows.csv:current_comparison_1:2029Q2; ; ,,adjusted,Post-model overlays; default Off preserves model forecast. Scenario workbook price variables are already captured by finalist forecasts where supplied.
2029,,FY2029,Current finalist High population/comparison,current_comparison_1,comparison,Current planned path,Off,Off,Off,Off,HEAVY_RUC,heavy_ruc_net_revenue,1476.568849565277,1476.568849565277,0.0,$m nominal ex GST,heavy_ruc_net_revenue effective rate applied to adjusted km,0.0,1.0,1.0,0.0,1.0,1.0,data/current_revenue_outlook/revenue_chart_rows.csv:current_comparison_1:2028Q3; data/current_revenue_outlook/revenue_chart_rows.csv:current_comparison_1:2028Q4; data/current_revenue_outlook/revenue_chart_rows.csv:current_comparison_1:2029Q1; data/current_revenue_outlook/revenue_chart_rows.csv:current_comparison_1:2029Q2; ; ,,adjusted,Post-model overlays; default Off preserves model forecast. Scenario workbook price variables are already captured by finalist forecasts where supplied.
2029,,FY2029,Current finalist High population/comparison,current_comparison_1,comparison,Current planned path,Off,Off,Off,Off,ROLLUP,gross_ruc_revenue,3110.369844822563,3110.369844822563,0.0,$m nominal ex GST,gross_ruc_revenue + PED/RUC component deltas,0.0,1.0,1.0,0.0,1.0,1.0,current_revenue_outlook:current_comparison_1:FY2029,,adjusted,Post-model overlays; default Off preserves model forecast. Scenario workbook price variables are already captured by finalist forecasts where supplied.
2029,,FY2029,Current finalist High population/comparison,current_comparison_1,comparison,Current planned path,Off,Off,Off,Off,ROLLUP,ruc_revenue_net_admin,3070.3530106716066,3070.3530106716066,0.0,$m nominal ex GST,ruc_revenue_net_admin + PED/RUC component deltas,0.0,1.0,1.0,0.0,1.0,1.0,current_revenue_outlook:current_comparison_1:FY2029,,adjusted,Post-model overlays; default Off preserves model forecast. Scenario workbook price variables are already captured by finalist forecasts where supplied.
2029,,FY2029,Current finalist High population/comparison,current_comparison_1,comparison,Current planned path,Off,Off,Off,Off,ROLLUP,total_ruc_net_revenue,2968.3636937306615,2968.3636937306615,0.0,$m nominal ex GST,total_ruc_net_revenue + PED/RUC component deltas,0.0,1.0,1.0,0.0,1.0,1.0,current_revenue_outlook:current_comparison_1:FY2029,,adjusted,Post-model overlays; default Off preserves model forecast. Scenario workbook price variables are already captured by finalist forecasts where supplied.
2029,,FY2029,Current finalist High population/comparison,current_comparison_1,comparison,Current planned path,Off,Off,Off,Off,ROLLUP,gross_fed_revenue,2660.1795517729565,2660.1795517729565,0.0,$m nominal ex GST,gross_fed_revenue + PED/RUC component deltas,0.0,1.0,1.0,0.0,1.0,1.0,current_revenue_outlook:current_comparison_1:FY2029,,adjusted,Post-model overlays; default Off preserves model forecast. Scenario workbook price variables are already captured by finalist forecasts where supplied.
2029,,FY2029,Current finalist High population/comparison,current_comparison_1,comparison,Current planned path,Off,Off,Off,Off,ROLLUP,net_fed_revenue,2562.5058476565673,2562.5058476565673,0.0,$m nominal ex GST,net_fed_revenue + PED/RUC component deltas,0.0,1.0,1.0,0.0,1.0,1.0,current_revenue_outlook:current_comparison_1:FY2029,,adjusted,Post-model overlays; default Off preserves model forecast. Scenario workbook price variables are already captured by finalist forecasts where supplied.
2029,,FY2029,Current finalist High population/comparison,current_comparison_1,comparison,Current planned path,Off,Off,Off,Off,ROLLUP,total_gross_revenue,6346.415139154283,6346.415139154283,0.0,$m nominal ex GST,total_gross_revenue + PED/RUC component deltas,0.0,1.0,1.0,0.0,1.0,1.0,current_revenue_outlook:current_comparison_1:FY2029,,adjusted,Post-model overlays; default Off preserves model forecast. Scenario workbook price variables are already captured by finalist forecasts where supplied.
2029,,FY2029,Current finalist High population/comparison,current_comparison_1,comparison,Current planned path,Off,Off,Off,Off,ROLLUP,total_revenue_net_admin,6234.877734440302,6234.877734440302,0.0,$m nominal ex GST,total_revenue_net_admin + PED/RUC component deltas,0.0,1.0,1.0,0.0,1.0,1.0,current_revenue_outlook:current_comparison_1:FY2029,,adjusted,Post-model overlays; default Off preserves model forecast. Scenario workbook price variables are already captured by finalist forecasts where supplied.
2029,,FY2029,Current finalist High population/comparison,current_comparison_1,comparison,Current planned path,Off,Off,Off,Off,ROLLUP,total_nltf_net_revenue,6033.27055107375,6033.27055107375,0.0,$m nominal ex GST,total_nltf_net_revenue + PED/RUC component deltas,0.0,1.0,1.0,0.0,1.0,1.0,current_revenue_outlook:current_comparison_1:FY2029,,adjusted,Post-model overlays; default Off preserves model forecast. Scenario workbook price variables are already captured by finalist forecasts where supplied.
2030,,FY2030,Current finalist High population/comparison,current_comparison_1,comparison,Current planned path,Off,Off,Off,Off,PED,light_petrol_vkt,33215.469273610914,33215.469273610914,0.0,million km,light_petrol_vkt * pt_factor * petrol_demand_factor,0.0,1.0,1.0,0.0,1.0,1.0,data/current_revenue_outlook/revenue_chart_rows.csv:current_comparison_1:2029Q3; data/current_revenue_outlook/revenue_chart_rows.csv:current_comparison_1:2029Q4; data/current_revenue_outlook/revenue_chart_rows.csv:current_comparison_1:2030Q1; data/current_revenue_outlook/revenue_chart_rows.csv:current_comparison_1:2030Q2; data/current_revenue_outlook/revenue_chart_rows.csv:current_comparison_1:2029Q3; data/current_revenue_outlook/revenue_chart_rows.csv:current_comparison_1:2029Q4; data/current_revenue_outlook/revenue_chart_rows.csv:current_comparison_1:2030Q1; data/current_revenue_outlook/revenue_chart_rows.csv:current_comparison_1:2030Q2; scenario_inputs/scenario_input_wide.parquet:PED:population (2029Q3; 2029Q4; 2030Q1; 2030Q2); VFM 202405 Base uptake shares; BEFU26 rate cells AE5; AE7; AE9; ; ,,adjusted,Post-model overlays; default Off preserves model forecast. Scenario workbook price variables are already captured by finalist forecasts where supplied.
2030,,FY2030,Current finalist High population/comparison,current_comparison_1,comparison,Current planned path,Off,Off,Off,Off,PED,ped_vkt_per_capita,5847.472417864368,5847.472417864368,0.0,km/person,ped_vkt_per_capita * pt_factor * petrol_demand_factor,0.0,1.0,1.0,0.0,1.0,1.0,data/current_revenue_outlook/revenue_chart_rows.csv:current_comparison_1:2029Q3; data/current_revenue_outlook/revenue_chart_rows.csv:current_comparison_1:2029Q4; data/current_revenue_outlook/revenue_chart_rows.csv:current_comparison_1:2030Q1; data/current_revenue_outlook/revenue_chart_rows.csv:current_comparison_1:2030Q2; ; ,,adjusted,Post-model overlays; default Off preserves model forecast. Scenario workbook price variables are already captured by finalist forecasts where supplied.
2030,,FY2030,Current finalist High population/comparison,current_comparison_1,comparison,Current planned path,Off,Off,Off,Off,PED,ped_volume,2908.8554621644034,2908.8554621644034,0.0,million litres,adjusted_light_petrol_vkt * adjusted_litres_per_100km / 100,0.0,1.0,1.0,0.0,1.0,1.0,data/current_revenue_outlook/revenue_chart_rows.csv:current_comparison_1:2029Q3; data/current_revenue_outlook/revenue_chart_rows.csv:current_comparison_1:2029Q4; data/current_revenue_outlook/revenue_chart_rows.csv:current_comparison_1:2030Q1; data/current_revenue_outlook/revenue_chart_rows.csv:current_comparison_1:2030Q2; data/current_revenue_outlook/revenue_chart_rows.csv:current_comparison_1:2029Q3; data/current_revenue_outlook/revenue_chart_rows.csv:current_comparison_1:2029Q4; data/current_revenue_outlook/revenue_chart_rows.csv:current_comparison_1:2030Q1; data/current_revenue_outlook/revenue_chart_rows.csv:current_comparison_1:2030Q2; scenario_inputs/scenario_input_wide.parquet:PED:population (2029Q3; 2029Q4; 2030Q1; 2030Q2); VFM 202405 Base uptake shares; BEFU26 rate cells AE5; AE7; AE9; ; ; ,,adjusted,Post-model overlays; default Off preserves model forecast. Scenario workbook price variables are already captured by finalist forecasts where supplied.
2030,,FY2030,Current finalist High population/comparison,current_comparison_1,comparison,Current planned path,Off,Off,Off,Off,PED,gross_ped_revenue,2734.636104286051,2734.636104286051,0.0,$m nominal ex GST,adjusted_ped_volume * ped_rate,0.0,1.0,1.0,0.0,1.0,1.0,data/current_revenue_outlook/revenue_chart_rows.csv:current_comparison_1:2029Q3; data/current_revenue_outlook/revenue_chart_rows.csv:current_comparison_1:2029Q4; data/current_revenue_outlook/revenue_chart_rows.csv:current_comparison_1:2030Q1; data/current_revenue_outlook/revenue_chart_rows.csv:current_comparison_1:2030Q2; data/current_revenue_outlook/revenue_chart_rows.csv:current_comparison_1:2029Q3; data/current_revenue_outlook/revenue_chart_rows.csv:current_comparison_1:2029Q4; data/current_revenue_outlook/revenue_chart_rows.csv:current_comparison_1:2030Q1; data/current_revenue_outlook/revenue_chart_rows.csv:current_comparison_1:2030Q2; scenario_inputs/scenario_input_wide.parquet:PED:population (2029Q3; 2029Q4; 2030Q1; 2030Q2); VFM 202405 Base uptake shares; BEFU26 rate cells AE5; AE7; AE9; ; ; ,,adjusted,Post-model overlays; default Off preserves model forecast. Scenario workbook price variables are already captured by finalist forecasts where supplied.
2030,,FY2030,Current finalist High population/comparison,current_comparison_1,comparison,Current planned path,Off,Off,Off,Off,LIGHT_RUC,light_ruc_net_km,14442.85599877819,14442.85599877819,0.0,million km,light_ruc_net_km * pt_factor * light_demand_factor,0.0,1.0,1.0,0.0,1.0,1.0,data/current_revenue_outlook/revenue_chart_rows.csv:current_comparison_1:2029Q3; data/current_revenue_outlook/revenue_chart_rows.csv:current_comparison_1:2029Q4; data/current_revenue_outlook/revenue_chart_rows.csv:current_comparison_1:2030Q1; data/current_revenue_outlook/revenue_chart_rows.csv:current_comparison_1:2030Q2; data/current_revenue_outlook/revenue_chart_rows.csv:current_comparison_1:2029Q3; data/current_revenue_outlook/revenue_chart_rows.csv:current_comparison_1:2029Q4; data/current_revenue_outlook/revenue_chart_rows.csv:current_comparison_1:2030Q1; data/current_revenue_outlook/revenue_chart_rows.csv:current_comparison_1:2030Q2; scenario_inputs/scenario_input_wide.parquet:PED:population (2029Q3; 2029Q4; 2030Q1; 2030Q2); VFM 202405 Base uptake shares; BEFU26 rate cells AE5; AE7; AE9; ; ,,adjusted,Post-model overlays; default Off preserves model forecast. Scenario workbook price variables are already captured by finalist forecasts where supplied.
2030,,FY2030,Current finalist High population/comparison,current_comparison_1,comparison,Current planned path,Off,Off,Off,Off,LIGHT_BEV,light_bev_ruc_net_km,3411.1071741336104,3411.1071741336104,0.0,million km,light_bev_ruc_net_km * pt_factor * light_demand_factor,0.0,1.0,1.0,0.0,1.0,1.0,data/current_revenue_outlook/revenue_chart_rows.csv:current_comparison_1:2029Q3; data/current_revenue_outlook/revenue_chart_rows.csv:current_comparison_1:2029Q4; data/current_revenue_outlook/revenue_chart_rows.csv:current_comparison_1:2030Q1; data/current_revenue_outlook/revenue_chart_rows.csv:current_comparison_1:2030Q2; data/current_revenue_outlook/revenue_chart_rows.csv:current_comparison_1:2029Q3; data/current_revenue_outlook/revenue_chart_rows.csv:current_comparison_1:2029Q4; data/current_revenue_outlook/revenue_chart_rows.csv:current_comparison_1:2030Q1; data/current_revenue_outlook/revenue_chart_rows.csv:current_comparison_1:2030Q2; scenario_inputs/scenario_input_wide.parquet:PED:population (2029Q3; 2029Q4; 2030Q1; 2030Q2); VFM 202405 Base uptake shares; BEFU26 rate cells AE5; AE7; AE9; ; ,,adjusted,Post-model overlays; default Off preserves model forecast. Scenario workbook price variables are already captured by finalist forecasts where supplied.
2030,,FY2030,Current finalist High population/comparison,current_comparison_1,comparison,Current planned path,Off,Off,Off,Off,PHEV,phev_ruc_net_km,1864.6731226538723,1864.6731226538723,0.0,million km,phev_ruc_net_km * pt_factor * light_demand_factor,0.0,1.0,1.0,0.0,1.0,1.0,data/current_revenue_outlook/revenue_chart_rows.csv:current_comparison_1:2029Q3; data/current_revenue_outlook/revenue_chart_rows.csv:current_comparison_1:2029Q4; data/current_revenue_outlook/revenue_chart_rows.csv:current_comparison_1:2030Q1; data/current_revenue_outlook/revenue_chart_rows.csv:current_comparison_1:2030Q2; data/current_revenue_outlook/revenue_chart_rows.csv:current_comparison_1:2029Q3; data/current_revenue_outlook/revenue_chart_rows.csv:current_comparison_1:2029Q4; data/current_revenue_outlook/revenue_chart_rows.csv:current_comparison_1:2030Q1; data/current_revenue_outlook/revenue_chart_rows.csv:current_comparison_1:2030Q2; scenario_inputs/scenario_input_wide.parquet:PED:population (2029Q3; 2029Q4; 2030Q1; 2030Q2); VFM 202405 Base uptake shares; BEFU26 rate cells AE5; AE7; AE9; ; ,,adjusted,Post-model overlays; default Off preserves model forecast. Scenario workbook price variables are already captured by finalist forecasts where supplied.
2030,,FY2030,Current finalist High population/comparison,current_comparison_1,comparison,Current planned path,Off,Off,Off,Off,LIGHT_RUC,current_light_ruc_conventional_modelled_km,14442.85599877819,14442.85599877819,0.0,million km,current_light_ruc_conventional_modelled_km * pt_factor * light_demand_factor,0.0,1.0,1.0,0.0,1.0,1.0,data/current_revenue_outlook/revenue_chart_rows.csv:current_comparison_1:2029Q3; data/current_revenue_outlook/revenue_chart_rows.csv:current_comparison_1:2029Q4; data/current_revenue_outlook/revenue_chart_rows.csv:current_comparison_1:2030Q1; data/current_revenue_outlook/revenue_chart_rows.csv:current_comparison_1:2030Q2; ; ,,adjusted,Post-model overlays; default Off preserves model forecast. Scenario workbook price variables are already captured by finalist forecasts where supplied.
2030,,FY2030,Current finalist High population/comparison,current_comparison_1,comparison,Current planned path,Off,Off,Off,Off,LIGHT_RUC,light_ruc_net_revenue,1299.2248579520858,1299.2248579520858,0.0,$m nominal ex GST,light_ruc_net_revenue effective rate applied to adjusted km,0.0,1.0,1.0,0.0,1.0,1.0,data/current_revenue_outlook/revenue_chart_rows.csv:current_comparison_1:2029Q3; data/current_revenue_outlook/revenue_chart_rows.csv:current_comparison_1:2029Q4; data/current_revenue_outlook/revenue_chart_rows.csv:current_comparison_1:2030Q1; data/current_revenue_outlook/revenue_chart_rows.csv:current_comparison_1:2030Q2; data/current_revenue_outlook/revenue_chart_rows.csv:current_comparison_1:2029Q3; data/current_revenue_outlook/revenue_chart_rows.csv:current_comparison_1:2029Q4; data/current_revenue_outlook/revenue_chart_rows.csv:current_comparison_1:2030Q1; data/current_revenue_outlook/revenue_chart_rows.csv:current_comparison_1:2030Q2; scenario_inputs/scenario_input_wide.parquet:PED:population (2029Q3; 2029Q4; 2030Q1; 2030Q2); VFM 202405 Base uptake shares; BEFU26 rate cells AE5; AE7; AE9; ; ,,adjusted,Post-model overlays; default Off preserves model forecast. Scenario workbook price variables are already captured by finalist forecasts where supplied.
2030,,FY2030,Current finalist High population/comparison,current_comparison_1,comparison,Current planned path,Off,Off,Off,Off,LIGHT_BEV,light_bev_ruc_net_revenue,306.8802569209305,306.8802569209305,0.0,$m nominal ex GST,light_bev_ruc_net_revenue effective rate applied to adjusted km,0.0,1.0,1.0,0.0,1.0,1.0,data/current_revenue_outlook/revenue_chart_rows.csv:current_comparison_1:2029Q3; data/current_revenue_outlook/revenue_chart_rows.csv:current_comparison_1:2029Q4; data/current_revenue_outlook/revenue_chart_rows.csv:current_comparison_1:2030Q1; data/current_revenue_outlook/revenue_chart_rows.csv:current_comparison_1:2030Q2; data/current_revenue_outlook/revenue_chart_rows.csv:current_comparison_1:2029Q3; data/current_revenue_outlook/revenue_chart_rows.csv:current_comparison_1:2029Q4; data/current_revenue_outlook/revenue_chart_rows.csv:current_comparison_1:2030Q1; data/current_revenue_outlook/revenue_chart_rows.csv:current_comparison_1:2030Q2; scenario_inputs/scenario_input_wide.parquet:PED:population (2029Q3; 2029Q4; 2030Q1; 2030Q2); VFM 202405 Base uptake shares; BEFU26 rate cells AE5; AE7; AE9; ; ,,adjusted,Post-model overlays; default Off preserves model forecast. Scenario workbook price variables are already captured by finalist forecasts where supplied.
2030,,FY2030,Current finalist High population/comparison,current_comparison_1,comparison,Current planned path,Off,Off,Off,Off,PHEV,phev_ruc_net_revenue,82.72622308653878,82.72622308653878,0.0,$m nominal ex GST,phev_ruc_net_revenue effective rate applied to adjusted km,0.0,1.0,1.0,0.0,1.0,1.0,data/current_revenue_outlook/revenue_chart_rows.csv:current_comparison_1:2029Q3; data/current_revenue_outlook/revenue_chart_rows.csv:current_comparison_1:2029Q4; data/current_revenue_outlook/revenue_chart_rows.csv:current_comparison_1:2030Q1; data/current_revenue_outlook/revenue_chart_rows.csv:current_comparison_1:2030Q2; data/current_revenue_outlook/revenue_chart_rows.csv:current_comparison_1:2029Q3; data/current_revenue_outlook/revenue_chart_rows.csv:current_comparison_1:2029Q4; data/current_revenue_outlook/revenue_chart_rows.csv:current_comparison_1:2030Q1; data/current_revenue_outlook/revenue_chart_rows.csv:current_comparison_1:2030Q2; scenario_inputs/scenario_input_wide.parquet:PED:population (2029Q3; 2029Q4; 2030Q1; 2030Q2); VFM 202405 Base uptake shares; BEFU26 rate cells AE5; AE7; AE9; ; ,,adjusted,Post-model overlays; default Off preserves model forecast. Scenario workbook price variables are already captured by finalist forecasts where supplied.
2030,,FY2030,Current finalist High population/comparison,current_comparison_1,comparison,Current planned path,Off,Off,Off,Off,HEAVY_RUC,heavy_ruc_net_km,4210.847871284816,4210.847871284816,0.0,million km,heavy_ruc_net_km * freight_factor * heavy_demand_factor,0.0,1.0,1.0,0.0,1.0,1.0,data/current_revenue_outlook/revenue_chart_rows.csv:current_comparison_1:2029Q3; data/current_revenue_outlook/revenue_chart_rows.csv:current_comparison_1:2029Q4; data/current_revenue_outlook/revenue_chart_rows.csv:current_comparison_1:2030Q1; data/current_revenue_outlook/revenue_chart_rows.csv:current_comparison_1:2030Q2; ; ,,adjusted,Post-model overlays; default Off preserves model forecast. Scenario workbook price variables are already captured by finalist forecasts where supplied.
2030,,FY2030,Current finalist High population/comparison,current_comparison_1,comparison,Current planned path,Off,Off,Off,Off,HEAVY_RUC,heavy_ruc_net_revenue,1554.7111877059028,1554.7111877059028,0.0,$m nominal ex GST,heavy_ruc_net_revenue effective rate applied to adjusted km,0.0,1.0,1.0,0.0,1.0,1.0,data/current_revenue_outlook/revenue_chart_rows.csv:current_comparison_1:2029Q3; data/current_revenue_outlook/revenue_chart_rows.csv:current_comparison_1:2029Q4; data/current_revenue_outlook/revenue_chart_rows.csv:current_comparison_1:2030Q1; data/current_revenue_outlook/revenue_chart_rows.csv:current_comparison_1:2030Q2; ; ,,adjusted,Post-model overlays; default Off preserves model forecast. Scenario workbook price variables are already captured by finalist forecasts where supplied.
2030,,FY2030,Current finalist High population/comparison,current_comparison_1,comparison,Current planned path,Off,Off,Off,Off,ROLLUP,gross_ruc_revenue,3387.546945280429,3387.546945280429,0.0,$m nominal ex GST,gross_ruc_revenue + PED/RUC component deltas,0.0,1.0,1.0,0.0,1.0,1.0,current_revenue_outlook:current_comparison_1:FY2030,,adjusted,Post-model overlays; default Off preserves model forecast. Scenario workbook price variables are already captured by finalist forecasts where supplied.
2030,,FY2030,Current finalist High population/comparison,current_comparison_1,comparison,Current planned path,Off,Off,Off,Off,ROLLUP,ruc_revenue_net_admin,3344.99458837156,3344.99458837156,0.0,$m nominal ex GST,ruc_revenue_net_admin + PED/RUC component deltas,0.0,1.0,1.0,0.0,1.0,1.0,current_revenue_outlook:current_comparison_1:FY2030,,adjusted,Post-model overlays; default Off preserves model forecast. Scenario workbook price variables are already captured by finalist forecasts where supplied.
2030,,FY2030,Current finalist High population/comparison,current_comparison_1,comparison,Current planned path,Off,Off,Off,Off,ROLLUP,total_ruc_net_revenue,3233.837937362252,3233.837937362252,0.0,$m nominal ex GST,total_ruc_net_revenue + PED/RUC component deltas,0.0,1.0,1.0,0.0,1.0,1.0,current_revenue_outlook:current_comparison_1:FY2030,,adjusted,Post-model overlays; default Off preserves model forecast. Scenario workbook price variables are already captured by finalist forecasts where supplied.
2030,,FY2030,Current finalist High population/comparison,current_comparison_1,comparison,Current planned path,Off,Off,Off,Off,ROLLUP,gross_fed_revenue,2777.8808821331445,2777.8808821331445,0.0,$m nominal ex GST,gross_fed_revenue + PED/RUC component deltas,0.0,1.0,1.0,0.0,1.0,1.0,current_revenue_outlook:current_comparison_1:FY2030,,adjusted,Post-model overlays; default Off preserves model forecast. Scenario workbook price variables are already captured by finalist forecasts where supplied.
2030,,FY2030,Current finalist High population/comparison,current_comparison_1,comparison,Current planned path,Off,Off,Off,Off,ROLLUP,net_fed_revenue,2675.4036936717025,2675.4036936717025,0.0,$m nominal ex GST,net_fed_revenue + PED/RUC component deltas,0.0,1.0,1.0,0.0,1.0,1.0,current_revenue_outlook:current_comparison_1:FY2030,,adjusted,Post-model overlays; default Off preserves model forecast. Scenario workbook price variables are already captured by finalist forecasts where supplied.
2030,,FY2030,Current finalist High population/comparison,current_comparison_1,comparison,Current planned path,Off,Off,Off,Off,ROLLUP,total_gross_revenue,6735.98890387399,6735.98890387399,0.0,$m nominal ex GST,total_gross_revenue + PED/RUC component deltas,0.0,1.0,1.0,0.0,1.0,1.0,current_revenue_outlook:current_comparison_1:FY2030,,adjusted,Post-model overlays; default Off preserves model forecast. Scenario workbook price variables are already captured by finalist forecasts where supplied.
2030,,FY2030,Current finalist High population/comparison,current_comparison_1,comparison,Current planned path,Off,Off,Off,Off,ROLLUP,total_revenue_net_admin,6622.267601758395,6622.267601758395,0.0,$m nominal ex GST,total_revenue_net_admin + PED/RUC component deltas,0.0,1.0,1.0,0.0,1.0,1.0,current_revenue_outlook:current_comparison_1:FY2030,,adjusted,Post-model overlays; default Off preserves model forecast. Scenario workbook price variables are already captured by finalist forecasts where supplied.
2030,,FY2030,Current finalist High population/comparison,current_comparison_1,comparison,Current planned path,Off,Off,Off,Off,ROLLUP,total_nltf_net_revenue,6406.68324901564,6406.68324901564,0.0,$m nominal ex GST,total_nltf_net_revenue + PED/RUC component deltas,0.0,1.0,1.0,0.0,1.0,1.0,current_revenue_outlook:current_comparison_1:FY2030,,adjusted,Post-model overlays; default Off preserves model forecast. Scenario workbook price variables are already captured by finalist forecasts where supplied.
2031,,FY2031,Current finalist Base case,current_basecase,basecase,Current planned path,Off,Off,Off,Off,PED,light_petrol_vkt,32565.839317617567,32565.839317617567,0.0,million km,light_petrol_vkt * pt_factor * petrol_demand_factor,0.0,1.0,1.0,0.0,1.0,1.0,post_model_extrapolation:current_basecase:FY2031; ; ,,adjusted,Post-model overlays; default Off preserves model forecast. Scenario workbook price variables are already captured by finalist forecasts where supplied.
2031,,FY2031,Current finalist Base case,current_basecase,basecase,Current planned path,Off,Off,Off,Off,PED,ped_vkt_per_capita,5848.121515525907,5848.121515525907,0.0,km/person,ped_vkt_per_capita * pt_factor * petrol_demand_factor,0.0,1.0,1.0,0.0,1.0,1.0,post_model_extrapolation:current_basecase:FY2031; ; ,,adjusted,Post-model overlays; default Off preserves model forecast. Scenario workbook price variables are already captured by finalist forecasts where supplied.
2031,,FY2031,Current finalist Base case,current_basecase,basecase,Current planned path,Off,Off,Off,Off,LIGHT_RUC,light_ruc_net_km,13975.746962431933,13975.746962431933,0.0,million km,light_ruc_net_km * pt_factor * light_demand_factor,0.0,1.0,1.0,0.0,1.0,1.0,post_model_extrapolation:current_basecase:FY2031; ; ,,adjusted,Post-model overlays; default Off preserves model forecast. Scenario workbook price variables are already captured by finalist forecasts where supplied.
2031,,FY2031,Current finalist Base case,current_basecase,basecase,Current planned path,Off,Off,Off,Off,LIGHT_BEV,light_bev_ruc_net_km,4016.374058260012,4016.374058260012,0.0,million km,light_bev_ruc_net_km * pt_factor * light_demand_factor,0.0,1.0,1.0,0.0,1.0,1.0,post_model_extrapolation:current_basecase:FY2031; ; ,,adjusted,Post-model overlays; default Off preserves model forecast. Scenario workbook price variables are already captured by finalist forecasts where supplied.
2031,,FY2031,Current finalist Base case,current_basecase,basecase,Current planned path,Off,Off,Off,Off,PHEV,phev_ruc_net_km,2144.218067842601,2144.218067842601,0.0,million km,phev_ruc_net_km * pt_factor * light_demand_factor,0.0,1.0,1.0,0.0,1.0,1.0,post_model_extrapolation:current_basecase:FY2031; ; ,,adjusted,Post-model overlays; default Off preserves model forecast. Scenario workbook price variables are already captured by finalist forecasts where supplied.
2031,,FY2031,Current finalist Base case,current_basecase,basecase,Current planned path,Off,Off,Off,Off,LIGHT_RUC,current_light_ruc_conventional_modelled_km,13975.746962431933,13975.746962431933,0.0,million km,current_light_ruc_conventional_modelled_km * pt_factor * light_demand_factor,0.0,1.0,1.0,0.0,1.0,1.0,post_model_extrapolation:current_basecase:FY2031; ; ,,adjusted,Post-model overlays; default Off preserves model forecast. Scenario workbook price variables are already captured by finalist forecasts where supplied.
2031,,FY2031,Current finalist Base case,current_basecase,basecase,Current planned path,Off,Off,Off,Off,LIGHT_RUC,light_ruc_net_revenue,1310.7853076064941,1310.7853076064941,0.0,$m nominal ex GST,light_ruc_net_revenue effective rate applied to adjusted km,0.0,1.0,1.0,0.0,1.0,1.0,post_model_extrapolation:current_basecase:FY2031; ; ,,adjusted,Post-model overlays; default Off preserves model forecast. Scenario workbook price variables are already captured by finalist forecasts where supplied.
2031,,FY2031,Current finalist Base case,current_basecase,basecase,Current planned path,Off,Off,Off,Off,LIGHT_BEV,light_bev_ruc_net_revenue,376.69572292420656,376.69572292420656,0.0,$m nominal ex GST,light_bev_ruc_net_revenue effective rate applied to adjusted km,0.0,1.0,1.0,0.0,1.0,1.0,post_model_extrapolation:current_basecase:FY2031; ; ,,adjusted,Post-model overlays; default Off preserves model forecast. Scenario workbook price variables are already captured by finalist forecasts where supplied.
2031,,FY2031,Current finalist Base case,current_basecase,basecase,Current planned path,Off,Off,Off,Off,PHEV,phev_ruc_net_revenue,99.18080672805972,99.18080672805972,0.0,$m nominal ex GST,phev_ruc_net_revenue effective rate applied to adjusted km,0.0,1.0,1.0,0.0,1.0,1.0,post_model_extrapolation:current_basecase:FY2031; ; ,,adjusted,Post-model overlays; default Off preserves model forecast. Scenario workbook price variables are already captured by finalist forecasts where supplied.
2031,,FY2031,Current finalist Base case,current_basecase,basecase,Current planned path,Off,Off,Off,Off,HEAVY_RUC,heavy_ruc_net_km,4243.077952193822,4243.077952193822,0.0,million km,heavy_ruc_net_km * freight_factor * heavy_demand_factor,0.0,1.0,1.0,0.0,1.0,1.0,post_model_extrapolation:current_basecase:FY2031; ; ,,adjusted,Post-model overlays; default Off preserves model forecast. Scenario workbook price variables are already captured by finalist forecasts where supplied.
2031,,FY2031,Current finalist Base case,current_basecase,basecase,Current planned path,Off,Off,Off,Off,HEAVY_RUC,heavy_ruc_net_revenue,1633.4365038662957,1633.4365038662957,0.0,$m nominal ex GST,heavy_ruc_net_revenue effective rate applied to adjusted km,0.0,1.0,1.0,0.0,1.0,1.0,post_model_extrapolation:current_basecase:FY2031; ; ,,adjusted,Post-model overlays; default Off preserves model forecast. Scenario workbook price variables are already captured by finalist forecasts where supplied.
2031,,FY2031,Current finalist Base case,current_basecase,basecase,Current planned path,Off,Off,Off,Off,ROLLUP,gross_ruc_revenue,3579.242234052491,3579.242234052491,0.0,$m nominal ex GST,gross_ruc_revenue + PED/RUC component deltas,0.0,1.0,1.0,0.0,1.0,1.0,post_model_extrapolation:current_basecase:FY2031,,adjusted,Post-model overlays; default Off preserves model forecast. Scenario workbook price variables are already captured by finalist forecasts where supplied.
2031,,FY2031,Current finalist Base case,current_basecase,basecase,Current planned path,Off,Off,Off,Off,ROLLUP,ruc_revenue_net_admin,3537.4388444992605,3537.4388444992605,0.0,$m nominal ex GST,ruc_revenue_net_admin + PED/RUC component deltas,0.0,1.0,1.0,0.0,1.0,1.0,post_model_extrapolation:current_basecase:FY2031,,adjusted,Post-model overlays; default Off preserves model forecast. Scenario workbook price variables are already captured by finalist forecasts where supplied.
2031,,FY2031,Current finalist Base case,current_basecase,basecase,Current planned path,Off,Off,Off,Off,ROLLUP,total_ruc_net_revenue,3419.3066983587264,3419.3066983587264,0.0,$m nominal ex GST,total_ruc_net_revenue + PED/RUC component deltas,0.0,1.0,1.0,0.0,1.0,1.0,post_model_extrapolation:current_basecase:FY2031,,adjusted,Post-model overlays; default Off preserves model forecast. Scenario workbook price variables are already captured by finalist forecasts where supplied.
2031,,FY2031,Current finalist Base case,current_basecase,basecase,Current planned path,Off,Off,Off,Off,ROLLUP,gross_fed_revenue,2810.904795431963,2810.904795431963,0.0,$m nominal ex GST,gross_fed_revenue + PED/RUC component deltas,0.0,1.0,1.0,0.0,1.0,1.0,post_model_extrapolation:current_basecase:FY2031,,adjusted,Post-model overlays; default Off preserves model forecast. Scenario workbook price variables are already captured by finalist forecasts where supplied.
2031,,FY2031,Current finalist Base case,current_basecase,basecase,Current planned path,Off,Off,Off,Off,ROLLUP,net_fed_revenue,2705.476256814171,2705.476256814171,0.0,$m nominal ex GST,net_fed_revenue + PED/RUC component deltas,0.0,1.0,1.0,0.0,1.0,1.0,post_model_extrapolation:current_basecase:FY2031,,adjusted,Post-model overlays; default Off preserves model forecast. Scenario workbook price variables are already captured by finalist forecasts where supplied.
2031,,FY2031,Current finalist Base case,current_basecase,basecase,Current planned path,Off,Off,Off,Off,ROLLUP,total_gross_revenue,6955.828594531209,6955.828594531209,0.0,$m nominal ex GST,total_gross_revenue + PED/RUC component deltas,0.0,1.0,1.0,0.0,1.0,1.0,post_model_extrapolation:current_basecase:FY2031,,adjusted,Post-model overlays; default Off preserves model forecast. Scenario workbook price variables are already captured by finalist forecasts where supplied.
2031,,FY2031,Current finalist Base case,current_basecase,basecase,Current planned path,Off,Off,Off,Off,ROLLUP,total_revenue_net_admin,6843.1900755268225,6843.1900755268225,0.0,$m nominal ex GST,total_revenue_net_admin + PED/RUC component deltas,0.0,1.0,1.0,0.0,1.0,1.0,post_model_extrapolation:current_basecase:FY2031,,adjusted,Post-model overlays; default Off preserves model forecast. Scenario workbook price variables are already captured by finalist forecasts where supplied.
2031,,FY2031,Current finalist Base case,current_basecase,basecase,Current planned path,Off,Off,Off,Off,ROLLUP,total_nltf_net_revenue,6617.671193048093,6617.671193048093,0.0,$m nominal ex GST,total_nltf_net_revenue + PED/RUC component deltas,0.0,1.0,1.0,0.0,1.0,1.0,post_model_extrapolation:current_basecase:FY2031,,adjusted,Post-model overlays; default Off preserves model forecast. Scenario workbook price variables are already captured by finalist forecasts where supplied.
2032,,FY2032,Current finalist Base case,current_basecase,basecase,Current planned path,Off,Off,Off,Off,PED,light_petrol_vkt,32591.686117277794,32591.686117277794,0.0,million km,light_petrol_vkt * pt_factor * petrol_demand_factor,0.0,1.0,1.0,0.0,1.0,1.0,post_model_extrapolation:current_basecase:FY2032; ; ,,adjusted,Post-model overlays; default Off preserves model forecast. Scenario workbook price variables are already captured by finalist forecasts where supplied.
2032,,FY2032,Current finalist Base case,current_basecase,basecase,Current planned path,Off,Off,Off,Off,PED,ped_vkt_per_capita,5814.430976229391,5814.430976229391,0.0,km/person,ped_vkt_per_capita * pt_factor * petrol_demand_factor,0.0,1.0,1.0,0.0,1.0,1.0,post_model_extrapolation:current_basecase:FY2032; ; ,,adjusted,Post-model overlays; default Off preserves model forecast. Scenario workbook price variables are already captured by finalist forecasts where supplied.
2032,,FY2032,Current finalist Base case,current_basecase,basecase,Current planned path,Off,Off,Off,Off,LIGHT_RUC,light_ruc_net_km,13775.00062702552,13775.00062702552,0.0,million km,light_ruc_net_km * pt_factor * light_demand_factor,0.0,1.0,1.0,0.0,1.0,1.0,post_model_extrapolation:current_basecase:FY2032; ; ,,adjusted,Post-model overlays; default Off preserves model forecast. Scenario workbook price variables are already captured by finalist forecasts where supplied.
2032,,FY2032,Current finalist Base case,current_basecase,basecase,Current planned path,Off,Off,Off,Off,LIGHT_BEV,light_bev_ruc_net_km,4775.173449470449,4775.173449470449,0.0,million km,light_bev_ruc_net_km * pt_factor * light_demand_factor,0.0,1.0,1.0,0.0,1.0,1.0,post_model_extrapolation:current_basecase:FY2032; ; ,,adjusted,Post-model overlays; default Off preserves model forecast. Scenario workbook price variables are already captured by finalist forecasts where supplied.
2032,,FY2032,Current finalist Base case,current_basecase,basecase,Current planned path,Off,Off,Off,Off,PHEV,phev_ruc_net_km,2478.8843820329275,2478.8843820329275,0.0,million km,phev_ruc_net_km * pt_factor * light_demand_factor,0.0,1.0,1.0,0.0,1.0,1.0,post_model_extrapolation:current_basecase:FY2032; ; ,,adjusted,Post-model overlays; default Off preserves model forecast. Scenario workbook price variables are already captured by finalist forecasts where supplied.
2032,,FY2032,Current finalist Base case,current_basecase,basecase,Current planned path,Off,Off,Off,Off,LIGHT_RUC,current_light_ruc_conventional_modelled_km,13775.00062702552,13775.00062702552,0.0,million km,current_light_ruc_conventional_modelled_km * pt_factor * light_demand_factor,0.0,1.0,1.0,0.0,1.0,1.0,post_model_extrapolation:current_basecase:FY2032; ; ,,adjusted,Post-model overlays; default Off preserves model forecast. Scenario workbook price variables are already captured by finalist forecasts where supplied.
2032,,FY2032,Current finalist Base case,current_basecase,basecase,Current planned path,Off,Off,Off,Off,LIGHT_RUC,light_ruc_net_revenue,1344.6466862070968,1344.6466862070968,0.0,$m nominal ex GST,light_ruc_net_revenue effective rate applied to adjusted km,0.0,1.0,1.0,0.0,1.0,1.0,post_model_extrapolation:current_basecase:FY2032; ; ,,adjusted,Post-model overlays; default Off preserves model forecast. Scenario workbook price variables are already captured by finalist forecasts where supplied.
2032,,FY2032,Current finalist Base case,current_basecase,basecase,Current planned path,Off,Off,Off,Off,LIGHT_BEV,light_bev_ruc_net_revenue,466.12855627005763,466.12855627005763,0.0,$m nominal ex GST,light_bev_ruc_net_revenue effective rate applied to adjusted km,0.0,1.0,1.0,0.0,1.0,1.0,post_model_extrapolation:current_basecase:FY2032; ; ,,adjusted,Post-model overlays; default Off preserves model forecast. Scenario workbook price variables are already captured by finalist forecasts where supplied.
2032,,FY2032,Current finalist Base case,current_basecase,basecase,Current planned path,Off,Off,Off,Off,PHEV,phev_ruc_net_revenue,119.3334941510648,119.3334941510648,0.0,$m nominal ex GST,phev_ruc_net_revenue effective rate applied to adjusted km,0.0,1.0,1.0,0.0,1.0,1.0,post_model_extrapolation:current_basecase:FY2032; ; ,,adjusted,Post-model overlays; default Off preserves model forecast. Scenario workbook price variables are already captured by finalist forecasts where supplied.
2032,,FY2032,Current finalist Base case,current_basecase,basecase,Current planned path,Off,Off,Off,Off,HEAVY_RUC,heavy_ruc_net_km,4274.356327077081,4274.356327077081,0.0,million km,heavy_ruc_net_km * freight_factor * heavy_demand_factor,0.0,1.0,1.0,0.0,1.0,1.0,post_model_extrapolation:current_basecase:FY2032; ; ,,adjusted,Post-model overlays; default Off preserves model forecast. Scenario workbook price variables are already captured by finalist forecasts where supplied.
2032,,FY2032,Current finalist Base case,current_basecase,basecase,Current planned path,Off,Off,Off,Off,HEAVY_RUC,heavy_ruc_net_revenue,1712.627721351614,1712.627721351614,0.0,$m nominal ex GST,heavy_ruc_net_revenue effective rate applied to adjusted km,0.0,1.0,1.0,0.0,1.0,1.0,post_model_extrapolation:current_basecase:FY2032; ; ,,adjusted,Post-model overlays; default Off preserves model forecast. Scenario workbook price variables are already captured by finalist forecasts where supplied.
2032,,FY2032,Current finalist Base case,current_basecase,basecase,Current planned path,Off,Off,Off,Off,ROLLUP,gross_ruc_revenue,3818.81394083883,3818.81394083883,0.0,$m nominal ex GST,gross_ruc_revenue + PED/RUC component deltas,0.0,1.0,1.0,0.0,1.0,1.0,post_model_extrapolation:current_basecase:FY2032,,adjusted,Post-model overlays; default Off preserves model forecast. Scenario workbook price variables are already captured by finalist forecasts where supplied.
2032,,FY2032,Current finalist Base case,current_basecase,basecase,Current planned path,Off,Off,Off,Off,ROLLUP,ruc_revenue_net_admin,3775.6551527707948,3775.6551527707948,0.0,$m nominal ex GST,ruc_revenue_net_admin + PED/RUC component deltas,0.0,1.0,1.0,0.0,1.0,1.0,post_model_extrapolation:current_basecase:FY2032,,adjusted,Post-model overlays; default Off preserves model forecast. Scenario workbook price variables are already captured by finalist forecasts where supplied.
2032,,FY2032,Current finalist Base case,current_basecase,basecase,Current planned path,Off,Off,Off,Off,ROLLUP,total_ruc_net_revenue,3650.72503790828,3650.72503790828,0.0,$m nominal ex GST,total_ruc_net_revenue + PED/RUC component deltas,0.0,1.0,1.0,0.0,1.0,1.0,post_model_extrapolation:current_basecase:FY2032,,adjusted,Post-model overlays; default Off preserves model forecast. Scenario workbook price variables are already captured by finalist forecasts where supplied.
2032,,FY2032,Current finalist Base case,current_basecase,basecase,Current planned path,Off,Off,Off,Off,ROLLUP,gross_fed_revenue,2897.3689416781303,2897.3689416781303,0.0,$m nominal ex GST,gross_fed_revenue + PED/RUC component deltas,0.0,1.0,1.0,0.0,1.0,1.0,post_model_extrapolation:current_basecase:FY2032,,adjusted,Post-model overlays; default Off preserves model forecast. Scenario workbook price variables are already captured by finalist forecasts where supplied.
2032,,FY2032,Current finalist Base case,current_basecase,basecase,Current planned path,Off,Off,Off,Off,ROLLUP,net_fed_revenue,2789.4882812750025,2789.4882812750025,0.0,$m nominal ex GST,net_fed_revenue + PED/RUC component deltas,0.0,1.0,1.0,0.0,1.0,1.0,post_model_extrapolation:current_basecase:FY2032,,adjusted,Post-model overlays; default Off preserves model forecast. Scenario workbook price variables are already captured by finalist forecasts where supplied.
2032,,FY2032,Current finalist Base case,current_basecase,basecase,Current planned path,Off,Off,Off,Off,ROLLUP,total_gross_revenue,7277.372643079543,7277.372643079543,0.0,$m nominal ex GST,total_gross_revenue + PED/RUC component deltas,0.0,1.0,1.0,0.0,1.0,1.0,post_model_extrapolation:current_basecase:FY2032,,adjusted,Post-model overlays; default Off preserves model forecast. Scenario workbook price variables are already captured by finalist forecasts where supplied.
2032,,FY2032,Current finalist Base case,current_basecase,basecase,Current planned path,Off,Off,Off,Off,ROLLUP,total_revenue_net_admin,7163.693121130626,7163.693121130626,0.0,$m nominal ex GST,total_revenue_net_admin + PED/RUC component deltas,0.0,1.0,1.0,0.0,1.0,1.0,post_model_extrapolation:current_basecase:FY2032,,adjusted,Post-model overlays; default Off preserves model forecast. Scenario workbook price variables are already captured by finalist forecasts where supplied.
2032,,FY2032,Current finalist Base case,current_basecase,basecase,Current planned path,Off,Off,Off,Off,ROLLUP,total_nltf_net_revenue,6928.915212176217,6928.915212176217,0.0,$m nominal ex GST,total_nltf_net_revenue + PED/RUC component deltas,0.0,1.0,1.0,0.0,1.0,1.0,post_model_extrapolation:current_basecase:FY2032,,adjusted,Post-model overlays; default Off preserves model forecast. Scenario workbook price variables are already captured by finalist forecasts where supplied.
2033,,FY2033,Current finalist Base case,current_basecase,basecase,Current planned path,Off,Off,Off,Off,PED,light_petrol_vkt,32592.494288753085,32592.494288753085,0.0,million km,light_petrol_vkt * pt_factor * petrol_demand_factor,0.0,1.0,1.0,0.0,1.0,1.0,post_model_extrapolation:current_basecase:FY2033; ; ,,adjusted,Post-model overlays; default Off preserves model forecast. Scenario workbook price variables are already captured by finalist forecasts where supplied.
2033,,FY2033,Current finalist Base case,current_basecase,basecase,Current planned path,Off,Off,Off,Off,PED,ped_vkt_per_capita,5777.025086870662,5777.025086870662,0.0,km/person,ped_vkt_per_capita * pt_factor * petrol_demand_factor,0.0,1.0,1.0,0.0,1.0,1.0,post_model_extrapolation:current_basecase:FY2033; ; ,,adjusted,Post-model overlays; default Off preserves model forecast. Scenario workbook price variables are already captured by finalist forecasts where supplied.
2033,,FY2033,Current finalist Base case,current_basecase,basecase,Current planned path,Off,Off,Off,Off,LIGHT_RUC,light_ruc_net_km,13525.177472846086,13525.177472846086,0.0,million km,light_ruc_net_km * pt_factor * light_demand_factor,0.0,1.0,1.0,0.0,1.0,1.0,post_model_extrapolation:current_basecase:FY2033; ; ,,adjusted,Post-model overlays; default Off preserves model forecast. Scenario workbook price variables are already captured by finalist forecasts where supplied.
2033,,FY2033,Current finalist Base case,current_basecase,basecase,Current planned path,Off,Off,Off,Off,LIGHT_BEV,light_bev_ruc_net_km,5648.8408958640175,5648.8408958640175,0.0,million km,light_bev_ruc_net_km * pt_factor * light_demand_factor,0.0,1.0,1.0,0.0,1.0,1.0,post_model_extrapolation:current_basecase:FY2033; ; ,,adjusted,Post-model overlays; default Off preserves model forecast. Scenario workbook price variables are already captured by finalist forecasts where supplied.
2033,,FY2033,Current finalist Base case,current_basecase,basecase,Current planned path,Off,Off,Off,Off,PHEV,phev_ruc_net_km,2819.834724976253,2819.834724976253,0.0,million km,phev_ruc_net_km * pt_factor * light_demand_factor,0.0,1.0,1.0,0.0,1.0,1.0,post_model_extrapolation:current_basecase:FY2033; ; ,,adjusted,Post-model overlays; default Off preserves model forecast. Scenario workbook price variables are already captured by finalist forecasts where supplied.
2033,,FY2033,Current finalist Base case,current_basecase,basecase,Current planned path,Off,Off,Off,Off,LIGHT_RUC,current_light_ruc_conventional_modelled_km,13525.177472846086,13525.177472846086,0.0,million km,current_light_ruc_conventional_modelled_km * pt_factor * light_demand_factor,0.0,1.0,1.0,0.0,1.0,1.0,post_model_extrapolation:current_basecase:FY2033; ; ,,adjusted,Post-model overlays; default Off preserves model forecast. Scenario workbook price variables are already captured by finalist forecasts where supplied.
2033,,FY2033,Current finalist Base case,current_basecase,basecase,Current planned path,Off,Off,Off,Off,LIGHT_RUC,light_ruc_net_revenue,1372.0616287328764,1372.0616287328764,0.0,$m nominal ex GST,light_ruc_net_revenue effective rate applied to adjusted km,0.0,1.0,1.0,0.0,1.0,1.0,post_model_extrapolation:current_basecase:FY2033; ; ,,adjusted,Post-model overlays; default Off preserves model forecast. Scenario workbook price variables are already captured by finalist forecasts where supplied.
2033,,FY2033,Current finalist Base case,current_basecase,basecase,Current planned path,Off,Off,Off,Off,LIGHT_BEV,light_bev_ruc_net_revenue,573.0466646809255,573.0466646809255,0.0,$m nominal ex GST,light_bev_ruc_net_revenue effective rate applied to adjusted km,0.0,1.0,1.0,0.0,1.0,1.0,post_model_extrapolation:current_basecase:FY2033; ; ,,adjusted,Post-model overlays; default Off preserves model forecast. Scenario workbook price variables are already captured by finalist forecasts where supplied.
2033,,FY2033,Current finalist Base case,current_basecase,basecase,Current planned path,Off,Off,Off,Off,PHEV,phev_ruc_net_revenue,141.06223211693694,141.06223211693694,0.0,$m nominal ex GST,phev_ruc_net_revenue effective rate applied to adjusted km,0.0,1.0,1.0,0.0,1.0,1.0,post_model_extrapolation:current_basecase:FY2033; ; ,,adjusted,Post-model overlays; default Off preserves model forecast. Scenario workbook price variables are already captured by finalist forecasts where supplied.
2033,,FY2033,Current finalist Base case,current_basecase,basecase,Current planned path,Off,Off,Off,Off,HEAVY_RUC,heavy_ruc_net_km,4301.483346364516,4301.483346364516,0.0,million km,heavy_ruc_net_km * freight_factor * heavy_demand_factor,0.0,1.0,1.0,0.0,1.0,1.0,post_model_extrapolation:current_basecase:FY2033; ; ,,adjusted,Post-model overlays; default Off preserves model forecast. Scenario workbook price variables are already captured by finalist forecasts where supplied.
2033,,FY2033,Current finalist Base case,current_basecase,basecase,Current planned path,Off,Off,Off,Off,HEAVY_RUC,heavy_ruc_net_revenue,1791.0516357592596,1791.0516357592596,0.0,$m nominal ex GST,heavy_ruc_net_revenue effective rate applied to adjusted km,0.0,1.0,1.0,0.0,1.0,1.0,post_model_extrapolation:current_basecase:FY2033; ; ,,adjusted,Post-model overlays; default Off preserves model forecast. Scenario workbook price variables are already captured by finalist forecasts where supplied.
2033,,FY2033,Current finalist Base case,current_basecase,basecase,Current planned path,Off,Off,Off,Off,ROLLUP,gross_ruc_revenue,4072.5342619497483,4072.5342619497483,0.0,$m nominal ex GST,gross_ruc_revenue + PED/RUC component deltas,0.0,1.0,1.0,0.0,1.0,1.0,post_model_extrapolation:current_basecase:FY2033,,adjusted,Post-model overlays; default Off preserves model forecast. Scenario workbook price variables are already captured by finalist forecasts where supplied.
2033,,FY2033,Current finalist Base case,current_basecase,basecase,Current planned path,Off,Off,Off,Off,ROLLUP,ruc_revenue_net_admin,4027.9396796229494,4027.9396796229494,0.0,$m nominal ex GST,ruc_revenue_net_admin + PED/RUC component deltas,0.0,1.0,1.0,0.0,1.0,1.0,post_model_extrapolation:current_basecase:FY2033,,adjusted,Post-model overlays; default Off preserves model forecast. Scenario workbook price variables are already captured by finalist forecasts where supplied.
2033,,FY2033,Current finalist Base case,current_basecase,basecase,Current planned path,Off,Off,Off,Off,ROLLUP,total_ruc_net_revenue,3895.9115599583265,3895.9115599583265,0.0,$m nominal ex GST,total_ruc_net_revenue + PED/RUC component deltas,0.0,1.0,1.0,0.0,1.0,1.0,post_model_extrapolation:current_basecase:FY2033,,adjusted,Post-model overlays; default Off preserves model forecast. Scenario workbook price variables are already captured by finalist forecasts where supplied.
2033,,FY2033,Current finalist Base case,current_basecase,basecase,Current planned path,Off,Off,Off,Off,ROLLUP,gross_fed_revenue,2979.406729947532,2979.406729947532,0.0,$m nominal ex GST,gross_fed_revenue + PED/RUC component deltas,0.0,1.0,1.0,0.0,1.0,1.0,post_model_extrapolation:current_basecase:FY2033,,adjusted,Post-model overlays; default Off preserves model forecast. Scenario workbook price variables are already captured by finalist forecasts where supplied.
2033,,FY2033,Current finalist Base case,current_basecase,basecase,Current planned path,Off,Off,Off,Off,ROLLUP,net_fed_revenue,2869.787911327624,2869.787911327624,0.0,$m nominal ex GST,net_fed_revenue + PED/RUC component deltas,0.0,1.0,1.0,0.0,1.0,1.0,post_model_extrapolation:current_basecase:FY2033,,adjusted,Post-model overlays; default Off preserves model forecast. Scenario workbook price variables are already captured by finalist forecasts where supplied.
2033,,FY2033,Current finalist Base case,current_basecase,basecase,Current planned path,Off,Off,Off,Off,ROLLUP,total_gross_revenue,7608.991231956344,7608.991231956344,0.0,$m nominal ex GST,total_gross_revenue + PED/RUC component deltas,0.0,1.0,1.0,0.0,1.0,1.0,post_model_extrapolation:current_basecase:FY2033,,adjusted,Post-model overlays; default Off preserves model forecast. Scenario workbook price variables are already captured by finalist forecasts where supplied.
2033,,FY2033,Current finalist Base case,current_basecase,basecase,Current planned path,Off,Off,Off,Off,ROLLUP,total_revenue_net_admin,7494.170581551427,7494.170581551427,0.0,$m nominal ex GST,total_revenue_net_admin + PED/RUC component deltas,0.0,1.0,1.0,0.0,1.0,1.0,post_model_extrapolation:current_basecase:FY2033,,adjusted,Post-model overlays; default Off preserves model forecast. Scenario workbook price variables are already captured by finalist forecasts where supplied.
2033,,FY2033,Current finalist Base case,current_basecase,basecase,Current planned path,Off,Off,Off,Off,ROLLUP,total_nltf_net_revenue,7250.546402316871,7250.546402316871,0.0,$m nominal ex GST,total_nltf_net_revenue + PED/RUC component deltas,0.0,1.0,1.0,0.0,1.0,1.0,post_model_extrapolation:current_basecase:FY2033,,adjusted,Post-model overlays; default Off preserves model forecast. Scenario workbook price variables are already captured by finalist forecasts where supplied.
2034,,FY2034,Current finalist Base case,current_basecase,basecase,Current planned path,Off,Off,Off,Off,PED,light_petrol_vkt,32590.096709470916,32590.096709470916,0.0,million km,light_petrol_vkt * pt_factor * petrol_demand_factor,0.0,1.0,1.0,0.0,1.0,1.0,post_model_extrapolation:current_basecase:FY2034; ; ,,adjusted,Post-model overlays; default Off preserves model forecast. Scenario workbook price variables are already captured by finalist forecasts where supplied.
2034,,FY2034,Current finalist Base case,current_basecase,basecase,Current planned path,Off,Off,Off,Off,PED,ped_vkt_per_capita,5739.2944901589035,5739.2944901589035,0.0,km/person,ped_vkt_per_capita * pt_factor * petrol_demand_factor,0.0,1.0,1.0,0.0,1.0,1.0,post_model_extrapolation:current_basecase:FY2034; ; ,,adjusted,Post-model overlays; default Off preserves model forecast. Scenario workbook price variables are already captured by finalist forecasts where supplied.
2034,,FY2034,Current finalist Base case,current_basecase,basecase,Current planned path,Off,Off,Off,Off,LIGHT_RUC,light_ruc_net_km,13237.583216969853,13237.583216969853,0.0,million km,light_ruc_net_km * pt_factor * light_demand_factor,0.0,1.0,1.0,0.0,1.0,1.0,post_model_extrapolation:current_basecase:FY2034; ; ,,adjusted,Post-model overlays; default Off preserves model forecast. Scenario workbook price variables are already captured by finalist forecasts where supplied.
2034,,FY2034,Current finalist Base case,current_basecase,basecase,Current planned path,Off,Off,Off,Off,LIGHT_BEV,light_bev_ruc_net_km,6700.546142023555,6700.546142023555,0.0,million km,light_bev_ruc_net_km * pt_factor * light_demand_factor,0.0,1.0,1.0,0.0,1.0,1.0,post_model_extrapolation:current_basecase:FY2034; ; ,,adjusted,Post-model overlays; default Off preserves model forecast. Scenario workbook price variables are already captured by finalist forecasts where supplied.
2034,,FY2034,Current finalist Base case,current_basecase,basecase,Current planned path,Off,Off,Off,Off,PHEV,phev_ruc_net_km,3156.371640619031,3156.371640619031,0.0,million km,phev_ruc_net_km * pt_factor * light_demand_factor,0.0,1.0,1.0,0.0,1.0,1.0,post_model_extrapolation:current_basecase:FY2034; ; ,,adjusted,Post-model overlays; default Off preserves model forecast. Scenario workbook price variables are already captured by finalist forecasts where supplied.
2034,,FY2034,Current finalist Base case,current_basecase,basecase,Current planned path,Off,Off,Off,Off,LIGHT_RUC,current_light_ruc_conventional_modelled_km,13237.583216969853,13237.583216969853,0.0,million km,current_light_ruc_conventional_modelled_km * pt_factor * light_demand_factor,0.0,1.0,1.0,0.0,1.0,1.0,post_model_extrapolation:current_basecase:FY2034; ; ,,adjusted,Post-model overlays; default Off preserves model forecast. Scenario workbook price variables are already captured by finalist forecasts where supplied.
2034,,FY2034,Current finalist Base case,current_basecase,basecase,Current planned path,Off,Off,Off,Off,LIGHT_RUC,light_ruc_net_revenue,1393.5865731665017,1393.5865731665017,0.0,$m nominal ex GST,light_ruc_net_revenue effective rate applied to adjusted km,0.0,1.0,1.0,0.0,1.0,1.0,post_model_extrapolation:current_basecase:FY2034; ; ,,adjusted,Post-model overlays; default Off preserves model forecast. Scenario workbook price variables are already captured by finalist forecasts where supplied.
2034,,FY2034,Current finalist Base case,current_basecase,basecase,Current planned path,Off,Off,Off,Off,LIGHT_BEV,light_bev_ruc_net_revenue,705.3999951015292,705.3999951015292,0.0,$m nominal ex GST,light_bev_ruc_net_revenue effective rate applied to adjusted km,0.0,1.0,1.0,0.0,1.0,1.0,post_model_extrapolation:current_basecase:FY2034; ; ,,adjusted,Post-model overlays; default Off preserves model forecast. Scenario workbook price variables are already captured by finalist forecasts where supplied.
2034,,FY2034,Current finalist Base case,current_basecase,basecase,Current planned path,Off,Off,Off,Off,PHEV,phev_ruc_net_revenue,163.86303372273707,163.86303372273707,0.0,$m nominal ex GST,phev_ruc_net_revenue effective rate applied to adjusted km,0.0,1.0,1.0,0.0,1.0,1.0,post_model_extrapolation:current_basecase:FY2034; ; ,,adjusted,Post-model overlays; default Off preserves model forecast. Scenario workbook price variables are already captured by finalist forecasts where supplied.
2034,,FY2034,Current finalist Base case,current_basecase,basecase,Current planned path,Off,Off,Off,Off,HEAVY_RUC,heavy_ruc_net_km,4330.449531757859,4330.449531757859,0.0,million km,heavy_ruc_net_km * freight_factor * heavy_demand_factor,0.0,1.0,1.0,0.0,1.0,1.0,post_model_extrapolation:current_basecase:FY2034; ; ,,adjusted,Post-model overlays; default Off preserves model forecast. Scenario workbook price variables are already captured by finalist forecasts where supplied.
2034,,FY2034,Current finalist Base case,current_basecase,basecase,Current planned path,Off,Off,Off,Off,HEAVY_RUC,heavy_ruc_net_revenue,1871.122285929598,1871.122285929598,0.0,$m nominal ex GST,heavy_ruc_net_revenue effective rate applied to adjusted km,0.0,1.0,1.0,0.0,1.0,1.0,post_model_extrapolation:current_basecase:FY2034; ; ,,adjusted,Post-model overlays; default Off preserves model forecast. Scenario workbook price variables are already captured by finalist forecasts where supplied.
2034,,FY2034,Current finalist Base case,current_basecase,basecase,Current planned path,Off,Off,Off,Off,ROLLUP,gross_ruc_revenue,4350.478828807338,4350.478828807338,0.0,$m nominal ex GST,gross_ruc_revenue + PED/RUC component deltas,0.0,1.0,1.0,0.0,1.0,1.0,post_model_extrapolation:current_basecase:FY2034,,adjusted,Post-model overlays; default Off preserves model forecast. Scenario workbook price variables are already captured by finalist forecasts where supplied.
2034,,FY2034,Current finalist Base case,current_basecase,basecase,Current planned path,Off,Off,Off,Off,ROLLUP,ruc_revenue_net_admin,4304.252597263441,4304.252597263441,0.0,$m nominal ex GST,ruc_revenue_net_admin + PED/RUC component deltas,0.0,1.0,1.0,0.0,1.0,1.0,post_model_extrapolation:current_basecase:FY2034,,adjusted,Post-model overlays; default Off preserves model forecast. Scenario workbook price variables are already captured by finalist forecasts where supplied.
2034,,FY2034,Current finalist Base case,current_basecase,basecase,Current planned path,Off,Off,Off,Off,ROLLUP,total_ruc_net_revenue,4164.674175545195,4164.674175545195,0.0,$m nominal ex GST,total_ruc_net_revenue + PED/RUC component deltas,0.0,1.0,1.0,0.0,1.0,1.0,post_model_extrapolation:current_basecase:FY2034,,adjusted,Post-model overlays; default Off preserves model forecast. Scenario workbook price variables are already captured by finalist forecasts where supplied.
2034,,FY2034,Current finalist Base case,current_basecase,basecase,Current planned path,Off,Off,Off,Off,ROLLUP,gross_fed_revenue,3058.8381720322886,3058.8381720322886,0.0,$m nominal ex GST,gross_fed_revenue + PED/RUC component deltas,0.0,1.0,1.0,0.0,1.0,1.0,post_model_extrapolation:current_basecase:FY2034,,adjusted,Post-model overlays; default Off preserves model forecast. Scenario workbook price variables are already captured by finalist forecasts where supplied.
2034,,FY2034,Current finalist Base case,current_basecase,basecase,Current planned path,Off,Off,Off,Off,ROLLUP,net_fed_revenue,2947.9632354465066,2947.9632354465066,0.0,$m nominal ex GST,net_fed_revenue + PED/RUC component deltas,0.0,1.0,1.0,0.0,1.0,1.0,post_model_extrapolation:current_basecase:FY2034,,adjusted,Post-model overlays; default Off preserves model forecast. Scenario workbook price variables are already captured by finalist forecasts where supplied.
2034,,FY2034,Current finalist Base case,current_basecase,basecase,Current planned path,Off,Off,Off,Off,ROLLUP,total_gross_revenue,7962.547157122223,7962.547157122223,0.0,$m nominal ex GST,total_gross_revenue + PED/RUC component deltas,0.0,1.0,1.0,0.0,1.0,1.0,post_model_extrapolation:current_basecase:FY2034,,adjusted,Post-model overlays; default Off preserves model forecast. Scenario workbook price variables are already captured by finalist forecasts where supplied.
2034,,FY2034,Current finalist Base case,current_basecase,basecase,Current planned path,Off,Off,Off,Off,ROLLUP,total_revenue_net_admin,7846.370230406651,7846.370230406651,0.0,$m nominal ex GST,total_revenue_net_admin + PED/RUC component deltas,0.0,1.0,1.0,0.0,1.0,1.0,post_model_extrapolation:current_basecase:FY2034,,adjusted,Post-model overlays; default Off preserves model forecast. Scenario workbook price variables are already captured by finalist forecasts where supplied.
2034,,FY2034,Current finalist Base case,current_basecase,basecase,Current planned path,Off,Off,Off,Off,ROLLUP,total_nltf_net_revenue,7593.928428745813,7593.928428745813,0.0,$m nominal ex GST,total_nltf_net_revenue + PED/RUC component deltas,0.0,1.0,1.0,0.0,1.0,1.0,post_model_extrapolation:current_basecase:FY2034,,adjusted,Post-model overlays; default Off preserves model forecast. Scenario workbook price variables are already captured by finalist forecasts where supplied.
2035,,FY2035,Current finalist Base case,current_basecase,basecase,Current planned path,Off,Off,Off,Off,PED,light_petrol_vkt,32591.864251210547,32591.864251210547,0.0,million km,light_petrol_vkt * pt_factor * petrol_demand_factor,0.0,1.0,1.0,0.0,1.0,1.0,post_model_extrapolation:current_basecase:FY2035; ; ,,adjusted,Post-model overlays; default Off preserves model forecast. Scenario workbook price variables are already captured by finalist forecasts where supplied.
2035,,FY2035,Current finalist Base case,current_basecase,basecase,Current planned path,Off,Off,Off,Off,PED,ped_vkt_per_capita,5702.538955141836,5702.538955141836,0.0,km/person,ped_vkt_per_capita * pt_factor * petrol_demand_factor,0.0,1.0,1.0,0.0,1.0,1.0,post_model_extrapolation:current_basecase:FY2035; ; ,,adjusted,Post-model overlays; default Off preserves model forecast. Scenario workbook price variables are already captured by finalist forecasts where supplied.
2035,,FY2035,Current finalist Base case,current_basecase,basecase,Current planned path,Off,Off,Off,Off,LIGHT_RUC,light_ruc_net_km,12912.571195009017,12912.571195009017,0.0,million km,light_ruc_net_km * pt_factor * light_demand_factor,0.0,1.0,1.0,0.0,1.0,1.0,post_model_extrapolation:current_basecase:FY2035; ; ,,adjusted,Post-model overlays; default Off preserves model forecast. Scenario workbook price variables are already captured by finalist forecasts where supplied.
2035,,FY2035,Current finalist Base case,current_basecase,basecase,Current planned path,Off,Off,Off,Off,LIGHT_BEV,light_bev_ruc_net_km,7966.403240258576,7966.403240258576,0.0,million km,light_bev_ruc_net_km * pt_factor * light_demand_factor,0.0,1.0,1.0,0.0,1.0,1.0,post_model_extrapolation:current_basecase:FY2035; ; ,,adjusted,Post-model overlays; default Off preserves model forecast. Scenario workbook price variables are already captured by finalist forecasts where supplied.
2035,,FY2035,Current finalist Base case,current_basecase,basecase,Current planned path,Off,Off,Off,Off,PHEV,phev_ruc_net_km,3471.8704047560514,3471.8704047560514,0.0,million km,phev_ruc_net_km * pt_factor * light_demand_factor,0.0,1.0,1.0,0.0,1.0,1.0,post_model_extrapolation:current_basecase:FY2035; ; ,,adjusted,Post-model overlays; default Off preserves model forecast. Scenario workbook price variables are already captured by finalist forecasts where supplied.
2035,,FY2035,Current finalist Base case,current_basecase,basecase,Current planned path,Off,Off,Off,Off,LIGHT_RUC,current_light_ruc_conventional_modelled_km,12912.571195009017,12912.571195009017,0.0,million km,current_light_ruc_conventional_modelled_km * pt_factor * light_demand_factor,0.0,1.0,1.0,0.0,1.0,1.0,post_model_extrapolation:current_basecase:FY2035; ; ,,adjusted,Post-model overlays; default Off preserves model forecast. Scenario workbook price variables are already captured by finalist forecasts where supplied.
2035,,FY2035,Current finalist Base case,current_basecase,basecase,Current planned path,Off,Off,Off,Off,LIGHT_RUC,light_ruc_net_revenue,1408.761517375491,1408.761517375491,0.0,$m nominal ex GST,light_ruc_net_revenue effective rate applied to adjusted km,0.0,1.0,1.0,0.0,1.0,1.0,post_model_extrapolation:current_basecase:FY2035; ; ,,adjusted,Post-model overlays; default Off preserves model forecast. Scenario workbook price variables are already captured by finalist forecasts where supplied.
2035,,FY2035,Current finalist Base case,current_basecase,basecase,Current planned path,Off,Off,Off,Off,LIGHT_BEV,light_bev_ruc_net_revenue,869.134593512211,869.134593512211,0.0,$m nominal ex GST,light_bev_ruc_net_revenue effective rate applied to adjusted km,0.0,1.0,1.0,0.0,1.0,1.0,post_model_extrapolation:current_basecase:FY2035; ; ,,adjusted,Post-model overlays; default Off preserves model forecast. Scenario workbook price variables are already captured by finalist forecasts where supplied.
2035,,FY2035,Current finalist Base case,current_basecase,basecase,Current planned path,Off,Off,Off,Off,PHEV,phev_ruc_net_revenue,186.7866277758748,186.7866277758748,0.0,$m nominal ex GST,phev_ruc_net_revenue effective rate applied to adjusted km,0.0,1.0,1.0,0.0,1.0,1.0,post_model_extrapolation:current_basecase:FY2035; ; ,,adjusted,Post-model overlays; default Off preserves model forecast. Scenario workbook price variables are already captured by finalist forecasts where supplied.
2035,,FY2035,Current finalist Base case,current_basecase,basecase,Current planned path,Off,Off,Off,Off,HEAVY_RUC,heavy_ruc_net_km,4358.359659743342,4358.359659743342,0.0,million km,heavy_ruc_net_km * freight_factor * heavy_demand_factor,0.0,1.0,1.0,0.0,1.0,1.0,post_model_extrapolation:current_basecase:FY2035; ; ,,adjusted,Post-model overlays; default Off preserves model forecast. Scenario workbook price variables are already captured by finalist forecasts where supplied.
2035,,FY2035,Current finalist Base case,current_basecase,basecase,Current planned path,Off,Off,Off,Off,HEAVY_RUC,heavy_ruc_net_revenue,1951.6516638347684,1951.6516638347684,0.0,$m nominal ex GST,heavy_ruc_net_revenue effective rate applied to adjusted km,0.0,1.0,1.0,0.0,1.0,1.0,post_model_extrapolation:current_basecase:FY2035; ; ,,adjusted,Post-model overlays; default Off preserves model forecast. Scenario workbook price variables are already captured by finalist forecasts where supplied.
2035,,FY2035,Current finalist Base case,current_basecase,basecase,Current planned path,Off,Off,Off,Off,ROLLUP,gross_ruc_revenue,4656.001121912233,4656.001121912233,0.0,$m nominal ex GST,gross_ruc_revenue + PED/RUC component deltas,0.0,1.0,1.0,0.0,1.0,1.0,post_model_extrapolation:current_basecase:FY2035,,adjusted,Post-model overlays; default Off preserves model forecast. Scenario workbook price variables are already captured by finalist forecasts where supplied.
2035,,FY2035,Current finalist Base case,current_basecase,basecase,Current planned path,Off,Off,Off,Off,ROLLUP,ruc_revenue_net_admin,4607.914447450002,4607.914447450002,0.0,$m nominal ex GST,ruc_revenue_net_admin + PED/RUC component deltas,0.0,1.0,1.0,0.0,1.0,1.0,post_model_extrapolation:current_basecase:FY2035,,adjusted,Post-model overlays; default Off preserves model forecast. Scenario workbook price variables are already captured by finalist forecasts where supplied.
2035,,FY2035,Current finalist Base case,current_basecase,basecase,Current planned path,Off,Off,Off,Off,ROLLUP,total_ruc_net_revenue,4460.199681583746,4460.199681583746,0.0,$m nominal ex GST,total_ruc_net_revenue + PED/RUC component deltas,0.0,1.0,1.0,0.0,1.0,1.0,post_model_extrapolation:current_basecase:FY2035,,adjusted,Post-model overlays; default Off preserves model forecast. Scenario workbook price variables are already captured by finalist forecasts where supplied.
2035,,FY2035,Current finalist Base case,current_basecase,basecase,Current planned path,Off,Off,Off,Off,ROLLUP,gross_fed_revenue,3136.2676447693443,3136.2676447693443,0.0,$m nominal ex GST,gross_fed_revenue + PED/RUC component deltas,0.0,1.0,1.0,0.0,1.0,1.0,post_model_extrapolation:current_basecase:FY2035,,adjusted,Post-model overlays; default Off preserves model forecast. Scenario workbook price variables are already captured by finalist forecasts where supplied.
2035,,FY2035,Current finalist Base case,current_basecase,basecase,Current planned path,Off,Off,Off,Off,ROLLUP,net_fed_revenue,3024.8216742394375,3024.8216742394375,0.0,$m nominal ex GST,net_fed_revenue + PED/RUC component deltas,0.0,1.0,1.0,0.0,1.0,1.0,post_model_extrapolation:current_basecase:FY2035,,adjusted,Post-model overlays; default Off preserves model forecast. Scenario workbook price variables are already captured by finalist forecasts where supplied.
2035,,FY2035,Current finalist Base case,current_basecase,basecase,Current planned path,Off,Off,Off,Off,ROLLUP,total_gross_revenue,8341.968178221918,8341.968178221918,0.0,$m nominal ex GST,total_gross_revenue + PED/RUC component deltas,0.0,1.0,1.0,0.0,1.0,1.0,post_model_extrapolation:current_basecase:FY2035,,adjusted,Post-model overlays; default Off preserves model forecast. Scenario workbook price variables are already captured by finalist forecasts where supplied.
2035,,FY2035,Current finalist Base case,current_basecase,basecase,Current planned path,Off,Off,Off,Off,ROLLUP,total_revenue_net_admin,8224.187739237697,8224.187739237697,0.0,$m nominal ex GST,total_revenue_net_admin + PED/RUC component deltas,0.0,1.0,1.0,0.0,1.0,1.0,post_model_extrapolation:current_basecase:FY2035,,adjusted,Post-model overlays; default Off preserves model forecast. Scenario workbook price variables are already captured by finalist forecasts where supplied.
2035,,FY2035,Current finalist Base case,current_basecase,basecase,Current planned path,Off,Off,Off,Off,ROLLUP,total_nltf_net_revenue,7963.026332906366,7963.026332906366,0.0,$m nominal ex GST,total_nltf_net_revenue + PED/RUC component deltas,0.0,1.0,1.0,0.0,1.0,1.0,post_model_extrapolation:current_basecase:FY2035,,adjusted,Post-model overlays; default Off preserves model forecast. Scenario workbook price variables are already captured by finalist forecasts where supplied.
2036,,FY2036,Current finalist Base case,current_basecase,basecase,Current planned path,Off,Off,Off,Off,PED,light_petrol_vkt,32594.219585395636,32594.219585395636,0.0,million km,light_petrol_vkt * pt_factor * petrol_demand_factor,0.0,1.0,1.0,0.0,1.0,1.0,post_model_extrapolation:current_basecase:FY2036; ; ,,adjusted,Post-model overlays; default Off preserves model forecast. Scenario workbook price variables are already captured by finalist forecasts where supplied.
2036,,FY2036,Current finalist Base case,current_basecase,basecase,Current planned path,Off,Off,Off,Off,PED,ped_vkt_per_capita,5666.121674618826,5666.121674618826,0.0,km/person,ped_vkt_per_capita * pt_factor * petrol_demand_factor,0.0,1.0,1.0,0.0,1.0,1.0,post_model_extrapolation:current_basecase:FY2036; ; ,,adjusted,Post-model overlays; default Off preserves model forecast. Scenario workbook price variables are already captured by finalist forecasts where supplied.
2036,,FY2036,Current finalist Base case,current_basecase,basecase,Current planned path,Off,Off,Off,Off,LIGHT_RUC,light_ruc_net_km,12552.122907498964,12552.122907498964,0.0,million km,light_ruc_net_km * pt_factor * light_demand_factor,0.0,1.0,1.0,0.0,1.0,1.0,post_model_extrapolation:current_basecase:FY2036; ; ,,adjusted,Post-model overlays; default Off preserves model forecast. Scenario workbook price variables are already captured by finalist forecasts where supplied.
2036,,FY2036,Current finalist Base case,current_basecase,basecase,Current planned path,Off,Off,Off,Off,LIGHT_BEV,light_bev_ruc_net_km,9460.49238066271,9460.49238066271,0.0,million km,light_bev_ruc_net_km * pt_factor * light_demand_factor,0.0,1.0,1.0,0.0,1.0,1.0,post_model_extrapolation:current_basecase:FY2036; ; ,,adjusted,Post-model overlays; default Off preserves model forecast. Scenario workbook price variables are already captured by finalist forecasts where supplied.
2036,,FY2036,Current finalist Base case,current_basecase,basecase,Current planned path,Off,Off,Off,Off,PHEV,phev_ruc_net_km,3729.520655520703,3729.520655520703,0.0,million km,phev_ruc_net_km * pt_factor * light_demand_factor,0.0,1.0,1.0,0.0,1.0,1.0,post_model_extrapolation:current_basecase:FY2036; ; ,,adjusted,Post-model overlays; default Off preserves model forecast. Scenario workbook price variables are already captured by finalist forecasts where supplied.
2036,,FY2036,Current finalist Base case,current_basecase,basecase,Current planned path,Off,Off,Off,Off,LIGHT_RUC,current_light_ruc_conventional_modelled_km,12552.122907498964,12552.122907498964,0.0,million km,current_light_ruc_conventional_modelled_km * pt_factor * light_demand_factor,0.0,1.0,1.0,0.0,1.0,1.0,post_model_extrapolation:current_basecase:FY2036; ; ,,adjusted,Post-model overlays; default Off preserves model forecast. Scenario workbook price variables are already captured by finalist forecasts where supplied.
2036,,FY2036,Current finalist Base case,current_basecase,basecase,Current planned path,Off,Off,Off,Off,LIGHT_RUC,light_ruc_net_revenue,1417.4484793293268,1417.4484793293268,0.0,$m nominal ex GST,light_ruc_net_revenue effective rate applied to adjusted km,0.0,1.0,1.0,0.0,1.0,1.0,post_model_extrapolation:current_basecase:FY2036; ; ,,adjusted,Post-model overlays; default Off preserves model forecast. Scenario workbook price variables are already captured by finalist forecasts where supplied.
2036,,FY2036,Current finalist Base case,current_basecase,basecase,Current planned path,Off,Off,Off,Off,LIGHT_BEV,light_bev_ruc_net_revenue,1068.3261020863365,1068.3261020863365,0.0,$m nominal ex GST,light_bev_ruc_net_revenue effective rate applied to adjusted km,0.0,1.0,1.0,0.0,1.0,1.0,post_model_extrapolation:current_basecase:FY2036; ; ,,adjusted,Post-model overlays; default Off preserves model forecast. Scenario workbook price variables are already captured by finalist forecasts where supplied.
2036,,FY2036,Current finalist Base case,current_basecase,basecase,Current planned path,Off,Off,Off,Off,PHEV,phev_ruc_net_revenue,207.6783577026698,207.6783577026698,0.0,$m nominal ex GST,phev_ruc_net_revenue effective rate applied to adjusted km,0.0,1.0,1.0,0.0,1.0,1.0,post_model_extrapolation:current_basecase:FY2036; ; ,,adjusted,Post-model overlays; default Off preserves model forecast. Scenario workbook price variables are already captured by finalist forecasts where supplied.
2036,,FY2036,Current finalist Base case,current_basecase,basecase,Current planned path,Off,Off,Off,Off,HEAVY_RUC,heavy_ruc_net_km,4383.287429204114,4383.287429204114,0.0,million km,heavy_ruc_net_km * freight_factor * heavy_demand_factor,0.0,1.0,1.0,0.0,1.0,1.0,post_model_extrapolation:current_basecase:FY2036; ; ,,adjusted,Post-model overlays; default Off preserves model forecast. Scenario workbook price variables are already captured by finalist forecasts where supplied.
2036,,FY2036,Current finalist Base case,current_basecase,basecase,Current planned path,Off,Off,Off,Off,HEAVY_RUC,heavy_ruc_net_revenue,2031.6756398732493,2031.6756398732493,0.0,$m nominal ex GST,heavy_ruc_net_revenue effective rate applied to adjusted km,0.0,1.0,1.0,0.0,1.0,1.0,post_model_extrapolation:current_basecase:FY2036; ; ,,adjusted,Post-model overlays; default Off preserves model forecast. Scenario workbook price variables are already captured by finalist forecasts where supplied.
2036,,FY2036,Current finalist Base case,current_basecase,basecase,Current planned path,Off,Off,Off,Off,ROLLUP,gross_ruc_revenue,4990.947021943129,4990.947021943129,0.0,$m nominal ex GST,gross_ruc_revenue + PED/RUC component deltas,0.0,1.0,1.0,0.0,1.0,1.0,post_model_extrapolation:current_basecase:FY2036,,adjusted,Post-model overlays; default Off preserves model forecast. Scenario workbook price variables are already captured by finalist forecasts where supplied.
2036,,FY2036,Current finalist Base case,current_basecase,basecase,Current planned path,Off,Off,Off,Off,ROLLUP,ruc_revenue_net_admin,4940.811410723102,4940.811410723102,0.0,$m nominal ex GST,ruc_revenue_net_admin + PED/RUC component deltas,0.0,1.0,1.0,0.0,1.0,1.0,post_model_extrapolation:current_basecase:FY2036,,adjusted,Post-model overlays; default Off preserves model forecast. Scenario workbook price variables are already captured by finalist forecasts where supplied.
2036,,FY2036,Current finalist Base case,current_basecase,basecase,Current planned path,Off,Off,Off,Off,ROLLUP,total_ruc_net_revenue,4784.196777296488,4784.196777296488,0.0,$m nominal ex GST,total_ruc_net_revenue + PED/RUC component deltas,0.0,1.0,1.0,0.0,1.0,1.0,post_model_extrapolation:current_basecase:FY2036,,adjusted,Post-model overlays; default Off preserves model forecast. Scenario workbook price variables are already captured by finalist forecasts where supplied.
2036,,FY2036,Current finalist Base case,current_basecase,basecase,Current planned path,Off,Off,Off,Off,ROLLUP,gross_fed_revenue,3211.5589229907005,3211.5589229907005,0.0,$m nominal ex GST,gross_fed_revenue + PED/RUC component deltas,0.0,1.0,1.0,0.0,1.0,1.0,post_model_extrapolation:current_basecase:FY2036,,adjusted,Post-model overlays; default Off preserves model forecast. Scenario workbook price variables are already captured by finalist forecasts where supplied.
2036,,FY2036,Current finalist Base case,current_basecase,basecase,Current planned path,Off,Off,Off,Off,ROLLUP,net_fed_revenue,3100.3827310724287,3100.3827310724287,0.0,$m nominal ex GST,net_fed_revenue + PED/RUC component deltas,0.0,1.0,1.0,0.0,1.0,1.0,post_model_extrapolation:current_basecase:FY2036,,adjusted,Post-model overlays; default Off preserves model forecast. Scenario workbook price variables are already captured by finalist forecasts where supplied.
2036,,FY2036,Current finalist Base case,current_basecase,basecase,Current planned path,Off,Off,Off,Off,ROLLUP,total_gross_revenue,8748.936573344952,8748.936573344952,0.0,$m nominal ex GST,total_gross_revenue + PED/RUC component deltas,0.0,1.0,1.0,0.0,1.0,1.0,post_model_extrapolation:current_basecase:FY2036,,adjusted,Post-model overlays; default Off preserves model forecast. Scenario workbook price variables are already captured by finalist forecasts where supplied.
2036,,FY2036,Current finalist Base case,current_basecase,basecase,Current planned path,Off,Off,Off,Off,ROLLUP,total_revenue_net_admin,8629.346750089528,8629.346750089528,0.0,$m nominal ex GST,total_revenue_net_admin + PED/RUC component deltas,0.0,1.0,1.0,0.0,1.0,1.0,post_model_extrapolation:current_basecase:FY2036,,adjusted,Post-model overlays; default Off preserves model forecast. Scenario workbook price variables are already captured by finalist forecasts where supplied.
2036,,FY2036,Current finalist Base case,current_basecase,basecase,Current planned path,Off,Off,Off,Off,ROLLUP,total_nltf_net_revenue,8359.542069472038,8359.542069472038,0.0,$m nominal ex GST,total_nltf_net_revenue + PED/RUC component deltas,0.0,1.0,1.0,0.0,1.0,1.0,post_model_extrapolation:current_basecase:FY2036,,adjusted,Post-model overlays; default Off preserves model forecast. Scenario workbook price variables are already captured by finalist forecasts where supplied.
2037,,FY2037,Current finalist Base case,current_basecase,basecase,Current planned path,Off,Off,Off,Off,PED,light_petrol_vkt,32588.181903557885,32588.181903557885,0.0,million km,light_petrol_vkt * pt_factor * petrol_demand_factor,0.0,1.0,1.0,0.0,1.0,1.0,post_model_extrapolation:current_basecase:FY2037; ; ,,adjusted,Post-model overlays; default Off preserves model forecast. Scenario workbook price variables are already captured by finalist forecasts where supplied.
2037,,FY2037,Current finalist Base case,current_basecase,basecase,Current planned path,Off,Off,Off,Off,PED,ped_vkt_per_capita,5628.487562501598,5628.487562501598,0.0,km/person,ped_vkt_per_capita * pt_factor * petrol_demand_factor,0.0,1.0,1.0,0.0,1.0,1.0,post_model_extrapolation:current_basecase:FY2037; ; ,,adjusted,Post-model overlays; default Off preserves model forecast. Scenario workbook price variables are already captured by finalist forecasts where supplied.
2037,,FY2037,Current finalist Base case,current_basecase,basecase,Current planned path,Off,Off,Off,Off,LIGHT_RUC,light_ruc_net_km,12146.54359530915,12146.54359530915,0.0,million km,light_ruc_net_km * pt_factor * light_demand_factor,0.0,1.0,1.0,0.0,1.0,1.0,post_model_extrapolation:current_basecase:FY2037; ; ,,adjusted,Post-model overlays; default Off preserves model forecast. Scenario workbook price variables are already captured by finalist forecasts where supplied.
2037,,FY2037,Current finalist Base case,current_basecase,basecase,Current planned path,Off,Off,Off,Off,LIGHT_BEV,light_bev_ruc_net_km,11212.420722093915,11212.420722093915,0.0,million km,light_bev_ruc_net_km * pt_factor * light_demand_factor,0.0,1.0,1.0,0.0,1.0,1.0,post_model_extrapolation:current_basecase:FY2037; ; ,,adjusted,Post-model overlays; default Off preserves model forecast. Scenario workbook price variables are already captured by finalist forecasts where supplied.
2037,,FY2037,Current finalist Base case,current_basecase,basecase,Current planned path,Off,Off,Off,Off,PHEV,phev_ruc_net_km,3921.0681928251406,3921.0681928251406,0.0,million km,phev_ruc_net_km * pt_factor * light_demand_factor,0.0,1.0,1.0,0.0,1.0,1.0,post_model_extrapolation:current_basecase:FY2037; ; ,,adjusted,Post-model overlays; default Off preserves model forecast. Scenario workbook price variables are already captured by finalist forecasts where supplied.
2037,,FY2037,Current finalist Base case,current_basecase,basecase,Current planned path,Off,Off,Off,Off,LIGHT_RUC,current_light_ruc_conventional_modelled_km,12146.54359530915,12146.54359530915,0.0,million km,current_light_ruc_conventional_modelled_km * pt_factor * light_demand_factor,0.0,1.0,1.0,0.0,1.0,1.0,post_model_extrapolation:current_basecase:FY2037; ; ,,adjusted,Post-model overlays; default Off preserves model forecast. Scenario workbook price variables are already captured by finalist forecasts where supplied.
2037,,FY2037,Current finalist Base case,current_basecase,basecase,Current planned path,Off,Off,Off,Off,LIGHT_RUC,light_ruc_net_revenue,1418.1696974703254,1418.1696974703254,0.0,$m nominal ex GST,light_ruc_net_revenue effective rate applied to adjusted km,0.0,1.0,1.0,0.0,1.0,1.0,post_model_extrapolation:current_basecase:FY2037; ; ,,adjusted,Post-model overlays; default Off preserves model forecast. Scenario workbook price variables are already captured by finalist forecasts where supplied.
2037,,FY2037,Current finalist Base case,current_basecase,basecase,Current planned path,Off,Off,Off,Off,LIGHT_BEV,light_bev_ruc_net_revenue,1309.1061814080724,1309.1061814080724,0.0,$m nominal ex GST,light_bev_ruc_net_revenue effective rate applied to adjusted km,0.0,1.0,1.0,0.0,1.0,1.0,post_model_extrapolation:current_basecase:FY2037; ; ,,adjusted,Post-model overlays; default Off preserves model forecast. Scenario workbook price variables are already captured by finalist forecasts where supplied.
2037,,FY2037,Current finalist Base case,current_basecase,basecase,Current planned path,Off,Off,Off,Off,PHEV,phev_ruc_net_revenue,225.75550120190786,225.75550120190786,0.0,$m nominal ex GST,phev_ruc_net_revenue effective rate applied to adjusted km,0.0,1.0,1.0,0.0,1.0,1.0,post_model_extrapolation:current_basecase:FY2037; ; ,,adjusted,Post-model overlays; default Off preserves model forecast. Scenario workbook price variables are already captured by finalist forecasts where supplied.
2037,,FY2037,Current finalist Base case,current_basecase,basecase,Current planned path,Off,Off,Off,Off,HEAVY_RUC,heavy_ruc_net_km,4406.816970445276,4406.816970445276,0.0,million km,heavy_ruc_net_km * freight_factor * heavy_demand_factor,0.0,1.0,1.0,0.0,1.0,1.0,post_model_extrapolation:current_basecase:FY2037; ; ,,adjusted,Post-model overlays; default Off preserves model forecast. Scenario workbook price variables are already captured by finalist forecasts where supplied.
2037,,FY2037,Current finalist Base case,current_basecase,basecase,Current planned path,Off,Off,Off,Off,HEAVY_RUC,heavy_ruc_net_revenue,2111.8127944919324,2111.8127944919324,0.0,$m nominal ex GST,heavy_ruc_net_revenue effective rate applied to adjusted km,0.0,1.0,1.0,0.0,1.0,1.0,post_model_extrapolation:current_basecase:FY2037; ; ,,adjusted,Post-model overlays; default Off preserves model forecast. Scenario workbook price variables are already captured by finalist forecasts where supplied.
2037,,FY2037,Current finalist Base case,current_basecase,basecase,Current planned path,Off,Off,Off,Off,ROLLUP,gross_ruc_revenue,5359.744991307881,5359.744991307881,0.0,$m nominal ex GST,gross_ruc_revenue + PED/RUC component deltas,0.0,1.0,1.0,0.0,1.0,1.0,post_model_extrapolation:current_basecase:FY2037,,adjusted,Post-model overlays; default Off preserves model forecast. Scenario workbook price variables are already captured by finalist forecasts where supplied.
2037,,FY2037,Current finalist Base case,current_basecase,basecase,Current planned path,Off,Off,Off,Off,ROLLUP,ruc_revenue_net_admin,5307.335715140707,5307.335715140707,0.0,$m nominal ex GST,ruc_revenue_net_admin + PED/RUC component deltas,0.0,1.0,1.0,0.0,1.0,1.0,post_model_extrapolation:current_basecase:FY2037,,adjusted,Post-model overlays; default Off preserves model forecast. Scenario workbook price variables are already captured by finalist forecasts where supplied.
2037,,FY2037,Current finalist Base case,current_basecase,basecase,Current planned path,Off,Off,Off,Off,ROLLUP,total_ruc_net_revenue,5140.946136566404,5140.946136566404,0.0,$m nominal ex GST,total_ruc_net_revenue + PED/RUC component deltas,0.0,1.0,1.0,0.0,1.0,1.0,post_model_extrapolation:current_basecase:FY2037,,adjusted,Post-model overlays; default Off preserves model forecast. Scenario workbook price variables are already captured by finalist forecasts where supplied.
2037,,FY2037,Current finalist Base case,current_basecase,basecase,Current planned path,Off,Off,Off,Off,ROLLUP,gross_fed_revenue,3283.7085627158276,3283.7085627158276,0.0,$m nominal ex GST,gross_fed_revenue + PED/RUC component deltas,0.0,1.0,1.0,0.0,1.0,1.0,post_model_extrapolation:current_basecase:FY2037,,adjusted,Post-model overlays; default Off preserves model forecast. Scenario workbook price variables are already captured by finalist forecasts where supplied.
2037,,FY2037,Current finalist Base case,current_basecase,basecase,Current planned path,Off,Off,Off,Off,ROLLUP,net_fed_revenue,3173.665648743711,3173.665648743711,0.0,$m nominal ex GST,net_fed_revenue + PED/RUC component deltas,0.0,1.0,1.0,0.0,1.0,1.0,post_model_extrapolation:current_basecase:FY2037,,adjusted,Post-model overlays; default Off preserves model forecast. Scenario workbook price variables are already captured by finalist forecasts where supplied.
2037,,FY2037,Current finalist Base case,current_basecase,basecase,Current planned path,Off,Off,Off,Off,ROLLUP,total_gross_revenue,9186.852570554074,9186.852570554074,0.0,$m nominal ex GST,total_gross_revenue + PED/RUC component deltas,0.0,1.0,1.0,0.0,1.0,1.0,post_model_extrapolation:current_basecase:FY2037,,adjusted,Post-model overlays; default Off preserves model forecast. Scenario workbook price variables are already captured by finalist forecasts where supplied.
2037,,FY2037,Current finalist Base case,current_basecase,basecase,Current planned path,Off,Off,Off,Off,ROLLUP,total_revenue_net_admin,9065.212413341129,9065.212413341129,0.0,$m nominal ex GST,total_revenue_net_admin + PED/RUC component deltas,0.0,1.0,1.0,0.0,1.0,1.0,post_model_extrapolation:current_basecase:FY2037,,adjusted,Post-model overlays; default Off preserves model forecast. Scenario workbook price variables are already captured by finalist forecasts where supplied.
2037,,FY2037,Current finalist Base case,current_basecase,basecase,Current planned path,Off,Off,Off,Off,ROLLUP,total_nltf_net_revenue,8786.75198127841,8786.75198127841,0.0,$m nominal ex GST,total_nltf_net_revenue + PED/RUC component deltas,0.0,1.0,1.0,0.0,1.0,1.0,post_model_extrapolation:current_basecase:FY2037,,adjusted,Post-model overlays; default Off preserves model forecast. Scenario workbook price variables are already captured by finalist forecasts where supplied.
2038,,FY2038,Current finalist Base case,current_basecase,basecase,Current planned path,Off,Off,Off,Off,PED,light_petrol_vkt,32579.217570388173,32579.217570388173,0.0,million km,light_petrol_vkt * pt_factor * petrol_demand_factor,0.0,1.0,1.0,0.0,1.0,1.0,post_model_extrapolation:current_basecase:FY2038; ; ,,adjusted,Post-model overlays; default Off preserves model forecast. Scenario workbook price variables are already captured by finalist forecasts where supplied.
2038,,FY2038,Current finalist Base case,current_basecase,basecase,Current planned path,Off,Off,Off,Off,PED,ped_vkt_per_capita,5590.60042901127,5590.60042901127,0.0,km/person,ped_vkt_per_capita * pt_factor * petrol_demand_factor,0.0,1.0,1.0,0.0,1.0,1.0,post_model_extrapolation:current_basecase:FY2038; ; ,,adjusted,Post-model overlays; default Off preserves model forecast. Scenario workbook price variables are already captured by finalist forecasts where supplied.
2038,,FY2038,Current finalist Base case,current_basecase,basecase,Current planned path,Off,Off,Off,Off,LIGHT_RUC,light_ruc_net_km,11684.693617102424,11684.693617102424,0.0,million km,light_ruc_net_km * pt_factor * light_demand_factor,0.0,1.0,1.0,0.0,1.0,1.0,post_model_extrapolation:current_basecase:FY2038; ; ,,adjusted,Post-model overlays; default Off preserves model forecast. Scenario workbook price variables are already captured by finalist forecasts where supplied.
2038,,FY2038,Current finalist Base case,current_basecase,basecase,Current planned path,Off,Off,Off,Off,LIGHT_BEV,light_bev_ruc_net_km,13229.119505540864,13229.119505540864,0.0,million km,light_bev_ruc_net_km * pt_factor * light_demand_factor,0.0,1.0,1.0,0.0,1.0,1.0,post_model_extrapolation:current_basecase:FY2038; ; ,,adjusted,Post-model overlays; default Off preserves model forecast. Scenario workbook price variables are already captured by finalist forecasts where supplied.
2038,,FY2038,Current finalist Base case,current_basecase,basecase,Current planned path,Off,Off,Off,Off,PHEV,phev_ruc_net_km,4061.1951029100005,4061.1951029100005,0.0,million km,phev_ruc_net_km * pt_factor * light_demand_factor,0.0,1.0,1.0,0.0,1.0,1.0,post_model_extrapolation:current_basecase:FY2038; ; ,,adjusted,Post-model overlays; default Off preserves model forecast. Scenario workbook price variables are already captured by finalist forecasts where supplied.
2038,,FY2038,Current finalist Base case,current_basecase,basecase,Current planned path,Off,Off,Off,Off,LIGHT_RUC,current_light_ruc_conventional_modelled_km,11684.693617102424,11684.693617102424,0.0,million km,current_light_ruc_conventional_modelled_km * pt_factor * light_demand_factor,0.0,1.0,1.0,0.0,1.0,1.0,post_model_extrapolation:current_basecase:FY2038; ; ,,adjusted,Post-model overlays; default Off preserves model forecast. Scenario workbook price variables are already captured by finalist forecasts where supplied.
2038,,FY2038,Current finalist Base case,current_basecase,basecase,Current planned path,Off,Off,Off,Off,LIGHT_RUC,light_ruc_net_revenue,1408.9987798182983,1408.9987798182983,0.0,$m nominal ex GST,light_ruc_net_revenue effective rate applied to adjusted km,0.0,1.0,1.0,0.0,1.0,1.0,post_model_extrapolation:current_basecase:FY2038; ; ,,adjusted,Post-model overlays; default Off preserves model forecast. Scenario workbook price variables are already captured by finalist forecasts where supplied.
2038,,FY2038,Current finalist Base case,current_basecase,basecase,Current planned path,Off,Off,Off,Off,LIGHT_BEV,light_bev_ruc_net_revenue,1595.2333755756454,1595.2333755756454,0.0,$m nominal ex GST,light_bev_ruc_net_revenue effective rate applied to adjusted km,0.0,1.0,1.0,0.0,1.0,1.0,post_model_extrapolation:current_basecase:FY2038; ; ,,adjusted,Post-model overlays; default Off preserves model forecast. Scenario workbook price variables are already captured by finalist forecasts where supplied.
2038,,FY2038,Current finalist Base case,current_basecase,basecase,Current planned path,Off,Off,Off,Off,PHEV,phev_ruc_net_revenue,241.49896679454267,241.49896679454267,0.0,$m nominal ex GST,phev_ruc_net_revenue effective rate applied to adjusted km,0.0,1.0,1.0,0.0,1.0,1.0,post_model_extrapolation:current_basecase:FY2038; ; ,,adjusted,Post-model overlays; default Off preserves model forecast. Scenario workbook price variables are already captured by finalist forecasts where supplied.
2038,,FY2038,Current finalist Base case,current_basecase,basecase,Current planned path,Off,Off,Off,Off,HEAVY_RUC,heavy_ruc_net_km,4431.545497042672,4431.545497042672,0.0,million km,heavy_ruc_net_km * freight_factor * heavy_demand_factor,0.0,1.0,1.0,0.0,1.0,1.0,post_model_extrapolation:current_basecase:FY2038; ; ,,adjusted,Post-model overlays; default Off preserves model forecast. Scenario workbook price variables are already captured by finalist forecasts where supplied.
2038,,FY2038,Current finalist Base case,current_basecase,basecase,Current planned path,Off,Off,Off,Off,HEAVY_RUC,heavy_ruc_net_revenue,2193.282655123839,2193.282655123839,0.0,$m nominal ex GST,heavy_ruc_net_revenue effective rate applied to adjusted km,0.0,1.0,1.0,0.0,1.0,1.0,post_model_extrapolation:current_basecase:FY2038; ; ,,adjusted,Post-model overlays; default Off preserves model forecast. Scenario workbook price variables are already captured by finalist forecasts where supplied.
2038,,FY2038,Current finalist Base case,current_basecase,basecase,Current planned path,Off,Off,Off,Off,ROLLUP,gross_ruc_revenue,5766.0314754354695,5766.0314754354695,0.0,$m nominal ex GST,gross_ruc_revenue + PED/RUC component deltas,0.0,1.0,1.0,0.0,1.0,1.0,post_model_extrapolation:current_basecase:FY2038,,adjusted,Post-model overlays; default Off preserves model forecast. Scenario workbook price variables are already captured by finalist forecasts where supplied.
2038,,FY2038,Current finalist Base case,current_basecase,basecase,Current planned path,Off,Off,Off,Off,ROLLUP,ruc_revenue_net_admin,5711.143535356347,5711.143535356347,0.0,$m nominal ex GST,ruc_revenue_net_admin + PED/RUC component deltas,0.0,1.0,1.0,0.0,1.0,1.0,post_model_extrapolation:current_basecase:FY2038,,adjusted,Post-model overlays; default Off preserves model forecast. Scenario workbook price variables are already captured by finalist forecasts where supplied.
2038,,FY2038,Current finalist Base case,current_basecase,basecase,Current planned path,Off,Off,Off,Off,ROLLUP,total_ruc_net_revenue,5534.111683357262,5534.111683357262,0.0,$m nominal ex GST,total_ruc_net_revenue + PED/RUC component deltas,0.0,1.0,1.0,0.0,1.0,1.0,post_model_extrapolation:current_basecase:FY2038,,adjusted,Post-model overlays; default Off preserves model forecast. Scenario workbook price variables are already captured by finalist forecasts where supplied.
2038,,FY2038,Current finalist Base case,current_basecase,basecase,Current planned path,Off,Off,Off,Off,ROLLUP,gross_fed_revenue,3353.2874197588358,3353.2874197588358,0.0,$m nominal ex GST,gross_fed_revenue + PED/RUC component deltas,0.0,1.0,1.0,0.0,1.0,1.0,post_model_extrapolation:current_basecase:FY2038,,adjusted,Post-model overlays; default Off preserves model forecast. Scenario workbook price variables are already captured by finalist forecasts where supplied.
2038,,FY2038,Current finalist Base case,current_basecase,basecase,Current planned path,Off,Off,Off,Off,ROLLUP,net_fed_revenue,3245.373911083243,3245.373911083243,0.0,$m nominal ex GST,net_fed_revenue + PED/RUC component deltas,0.0,1.0,1.0,0.0,1.0,1.0,post_model_extrapolation:current_basecase:FY2038,,adjusted,Post-model overlays; default Off preserves model forecast. Scenario workbook price variables are already captured by finalist forecasts where supplied.
2038,,FY2038,Current finalist Base case,current_basecase,basecase,Current planned path,Off,Off,Off,Off,ROLLUP,total_gross_revenue,9659.901086509679,9659.901086509679,0.0,$m nominal ex GST,total_gross_revenue + PED/RUC component deltas,0.0,1.0,1.0,0.0,1.0,1.0,post_model_extrapolation:current_basecase:FY2038,,adjusted,Post-model overlays; default Off preserves model forecast. Scenario workbook price variables are already captured by finalist forecasts where supplied.
2038,,FY2038,Current finalist Base case,current_basecase,basecase,Current planned path,Off,Off,Off,Off,ROLLUP,total_revenue_net_admin,9535.990551325656,9535.990551325656,0.0,$m nominal ex GST,total_revenue_net_admin + PED/RUC component deltas,0.0,1.0,1.0,0.0,1.0,1.0,post_model_extrapolation:current_basecase:FY2038,,adjusted,Post-model overlays; default Off preserves model forecast. Scenario workbook price variables are already captured by finalist forecasts where supplied.
2038,,FY2038,Current finalist Base case,current_basecase,basecase,Current planned path,Off,Off,Off,Off,ROLLUP,total_nltf_net_revenue,9249.002322486942,9249.002322486942,0.0,$m nominal ex GST,total_nltf_net_revenue + PED/RUC component deltas,0.0,1.0,1.0,0.0,1.0,1.0,post_model_extrapolation:current_basecase:FY2038,,adjusted,Post-model overlays; default Off preserves model forecast. Scenario workbook price variables are already captured by finalist forecasts where supplied.
2039,,FY2039,Current finalist Base case,current_basecase,basecase,Current planned path,Off,Off,Off,Off,PED,light_petrol_vkt,32570.031070039156,32570.031070039156,0.0,million km,light_petrol_vkt * pt_factor * petrol_demand_factor,0.0,1.0,1.0,0.0,1.0,1.0,post_model_extrapolation:current_basecase:FY2039; ; ,,adjusted,Post-model overlays; default Off preserves model forecast. Scenario workbook price variables are already captured by finalist forecasts where supplied.
2039,,FY2039,Current finalist Base case,current_basecase,basecase,Current planned path,Off,Off,Off,Off,PED,ped_vkt_per_capita,5552.929982116287,5552.929982116287,0.0,km/person,ped_vkt_per_capita * pt_factor * petrol_demand_factor,0.0,1.0,1.0,0.0,1.0,1.0,post_model_extrapolation:current_basecase:FY2039; ; ,,adjusted,Post-model overlays; default Off preserves model forecast. Scenario workbook price variables are already captured by finalist forecasts where supplied.
2039,,FY2039,Current finalist Base case,current_basecase,basecase,Current planned path,Off,Off,Off,Off,LIGHT_RUC,light_ruc_net_km,11178.367305618745,11178.367305618745,0.0,million km,light_ruc_net_km * pt_factor * light_demand_factor,0.0,1.0,1.0,0.0,1.0,1.0,post_model_extrapolation:current_basecase:FY2039; ; ,,adjusted,Post-model overlays; default Off preserves model forecast. Scenario workbook price variables are already captured by finalist forecasts where supplied.
2039,,FY2039,Current finalist Base case,current_basecase,basecase,Current planned path,Off,Off,Off,Off,LIGHT_BEV,light_bev_ruc_net_km,15546.413601962127,15546.413601962127,0.0,million km,light_bev_ruc_net_km * pt_factor * light_demand_factor,0.0,1.0,1.0,0.0,1.0,1.0,post_model_extrapolation:current_basecase:FY2039; ; ,,adjusted,Post-model overlays; default Off preserves model forecast. Scenario workbook price variables are already captured by finalist forecasts where supplied.
2039,,FY2039,Current finalist Base case,current_basecase,basecase,Current planned path,Off,Off,Off,Off,PHEV,phev_ruc_net_km,4172.0982884819505,4172.0982884819505,0.0,million km,phev_ruc_net_km * pt_factor * light_demand_factor,0.0,1.0,1.0,0.0,1.0,1.0,post_model_extrapolation:current_basecase:FY2039; ; ,,adjusted,Post-model overlays; default Off preserves model forecast. Scenario workbook price variables are already captured by finalist forecasts where supplied.
2039,,FY2039,Current finalist Base case,current_basecase,basecase,Current planned path,Off,Off,Off,Off,LIGHT_RUC,current_light_ruc_conventional_modelled_km,11178.367305618745,11178.367305618745,0.0,million km,current_light_ruc_conventional_modelled_km * pt_factor * light_demand_factor,0.0,1.0,1.0,0.0,1.0,1.0,post_model_extrapolation:current_basecase:FY2039; ; ,,adjusted,Post-model overlays; default Off preserves model forecast. Scenario workbook price variables are already captured by finalist forecasts where supplied.
2039,,FY2039,Current finalist Base case,current_basecase,basecase,Current planned path,Off,Off,Off,Off,LIGHT_RUC,light_ruc_net_revenue,1390.7006764920218,1390.7006764920218,0.0,$m nominal ex GST,light_ruc_net_revenue effective rate applied to adjusted km,0.0,1.0,1.0,0.0,1.0,1.0,post_model_extrapolation:current_basecase:FY2039; ; ,,adjusted,Post-model overlays; default Off preserves model forecast. Scenario workbook price variables are already captured by finalist forecasts where supplied.
2039,,FY2039,Current finalist Base case,current_basecase,basecase,Current planned path,Off,Off,Off,Off,LIGHT_BEV,light_bev_ruc_net_revenue,1934.1293162201023,1934.1293162201023,0.0,$m nominal ex GST,light_bev_ruc_net_revenue effective rate applied to adjusted km,0.0,1.0,1.0,0.0,1.0,1.0,post_model_extrapolation:current_basecase:FY2039; ; ,,adjusted,Post-model overlays; default Off preserves model forecast. Scenario workbook price variables are already captured by finalist forecasts where supplied.
2039,,FY2039,Current finalist Base case,current_basecase,basecase,Current planned path,Off,Off,Off,Off,PHEV,phev_ruc_net_revenue,255.95822999836793,255.95822999836793,0.0,$m nominal ex GST,phev_ruc_net_revenue effective rate applied to adjusted km,0.0,1.0,1.0,0.0,1.0,1.0,post_model_extrapolation:current_basecase:FY2039; ; ,,adjusted,Post-model overlays; default Off preserves model forecast. Scenario workbook price variables are already captured by finalist forecasts where supplied.
2039,,FY2039,Current finalist Base case,current_basecase,basecase,Current planned path,Off,Off,Off,Off,HEAVY_RUC,heavy_ruc_net_km,4456.807344134446,4456.807344134446,0.0,million km,heavy_ruc_net_km * freight_factor * heavy_demand_factor,0.0,1.0,1.0,0.0,1.0,1.0,post_model_extrapolation:current_basecase:FY2039; ; ,,adjusted,Post-model overlays; default Off preserves model forecast. Scenario workbook price variables are already captured by finalist forecasts where supplied.
2039,,FY2039,Current finalist Base case,current_basecase,basecase,Current planned path,Off,Off,Off,Off,HEAVY_RUC,heavy_ruc_net_revenue,2275.8018181720886,2275.8018181720886,0.0,$m nominal ex GST,heavy_ruc_net_revenue effective rate applied to adjusted km,0.0,1.0,1.0,0.0,1.0,1.0,post_model_extrapolation:current_basecase:FY2039; ; ,,adjusted,Post-model overlays; default Off preserves model forecast. Scenario workbook price variables are already captured by finalist forecasts where supplied.
2039,,FY2039,Current finalist Base case,current_basecase,basecase,Current planned path,Off,Off,Off,Off,ROLLUP,gross_ruc_revenue,6219.194104716506,6219.194104716506,0.0,$m nominal ex GST,gross_ruc_revenue + PED/RUC component deltas,0.0,1.0,1.0,0.0,1.0,1.0,post_model_extrapolation:current_basecase:FY2039,,adjusted,Post-model overlays; default Off preserves model forecast. Scenario workbook price variables are already captured by finalist forecasts where supplied.
2039,,FY2039,Current finalist Base case,current_basecase,basecase,Current planned path,Off,Off,Off,Off,ROLLUP,ruc_revenue_net_admin,6161.456972965972,6161.456972965972,0.0,$m nominal ex GST,ruc_revenue_net_admin + PED/RUC component deltas,0.0,1.0,1.0,0.0,1.0,1.0,post_model_extrapolation:current_basecase:FY2039,,adjusted,Post-model overlays; default Off preserves model forecast. Scenario workbook price variables are already captured by finalist forecasts where supplied.
2039,,FY2039,Current finalist Base case,current_basecase,basecase,Current planned path,Off,Off,Off,Off,ROLLUP,total_ruc_net_revenue,5972.560302260023,5972.560302260023,0.0,$m nominal ex GST,total_ruc_net_revenue + PED/RUC component deltas,0.0,1.0,1.0,0.0,1.0,1.0,post_model_extrapolation:current_basecase:FY2039,,adjusted,Post-model overlays; default Off preserves model forecast. Scenario workbook price variables are already captured by finalist forecasts where supplied.
2039,,FY2039,Current finalist Base case,current_basecase,basecase,Current planned path,Off,Off,Off,Off,ROLLUP,gross_fed_revenue,3420.5057668929776,3420.5057668929776,0.0,$m nominal ex GST,gross_fed_revenue + PED/RUC component deltas,0.0,1.0,1.0,0.0,1.0,1.0,post_model_extrapolation:current_basecase:FY2039,,adjusted,Post-model overlays; default Off preserves model forecast. Scenario workbook price variables are already captured by finalist forecasts where supplied.
2039,,FY2039,Current finalist Base case,current_basecase,basecase,Current planned path,Off,Off,Off,Off,ROLLUP,net_fed_revenue,3315.6648928666455,3315.6648928666455,0.0,$m nominal ex GST,net_fed_revenue + PED/RUC component deltas,0.0,1.0,1.0,0.0,1.0,1.0,post_model_extrapolation:current_basecase:FY2039,,adjusted,Post-model overlays; default Off preserves model forecast. Scenario workbook price variables are already captured by finalist forecasts where supplied.
2039,,FY2039,Current finalist Base case,current_basecase,basecase,Current planned path,Off,Off,Off,Off,ROLLUP,total_gross_revenue,10177.659847181645,10177.659847181645,0.0,$m nominal ex GST,total_gross_revenue + PED/RUC component deltas,0.0,1.0,1.0,0.0,1.0,1.0,post_model_extrapolation:current_basecase:FY2039,,adjusted,Post-model overlays; default Off preserves model forecast. Scenario workbook price variables are already captured by finalist forecasts where supplied.
2039,,FY2039,Current finalist Base case,current_basecase,basecase,Current planned path,Off,Off,Off,Off,ROLLUP,total_revenue_net_admin,10051.094514079998,10051.094514079998,0.0,$m nominal ex GST,total_revenue_net_admin + PED/RUC component deltas,0.0,1.0,1.0,0.0,1.0,1.0,post_model_extrapolation:current_basecase:FY2039,,adjusted,Post-model overlays; default Off preserves model forecast. Scenario workbook price variables are already captured by finalist forecasts where supplied.
2039,,FY2039,Current finalist Base case,current_basecase,basecase,Current planned path,Off,Off,Off,Off,ROLLUP,total_nltf_net_revenue,9755.298377595373,9755.298377595373,0.0,$m nominal ex GST,total_nltf_net_revenue + PED/RUC component deltas,0.0,1.0,1.0,0.0,1.0,1.0,post_model_extrapolation:current_basecase:FY2039,,adjusted,Post-model overlays; default Off preserves model forecast. Scenario workbook price variables are already captured by finalist forecasts where supplied.
2040,,FY2040,Current finalist Base case,current_basecase,basecase,Current planned path,Off,Off,Off,Off,PED,light_petrol_vkt,32560.83497350485,32560.83497350485,0.0,million km,light_petrol_vkt * pt_factor * petrol_demand_factor,0.0,1.0,1.0,0.0,1.0,1.0,post_model_extrapolation:current_basecase:FY2040; ; ,,adjusted,Post-model overlays; default Off preserves model forecast. Scenario workbook price variables are already captured by finalist forecasts where supplied.
2040,,FY2040,Current finalist Base case,current_basecase,basecase,Current planned path,Off,Off,Off,Off,PED,ped_vkt_per_capita,5515.5112975591355,5515.5112975591355,0.0,km/person,ped_vkt_per_capita * pt_factor * petrol_demand_factor,0.0,1.0,1.0,0.0,1.0,1.0,post_model_extrapolation:current_basecase:FY2040; ; ,,adjusted,Post-model overlays; default Off preserves model forecast. Scenario workbook price variables are already captured by finalist forecasts where supplied.
2040,,FY2040,Current finalist Base case,current_basecase,basecase,Current planned path,Off,Off,Off,Off,LIGHT_RUC,light_ruc_net_km,10641.233920367154,10641.233920367154,0.0,million km,light_ruc_net_km * pt_factor * light_demand_factor,0.0,1.0,1.0,0.0,1.0,1.0,post_model_extrapolation:current_basecase:FY2040; ; ,,adjusted,Post-model overlays; default Off preserves model forecast. Scenario workbook price variables are already captured by finalist forecasts where supplied.
2040,,FY2040,Current finalist Base case,current_basecase,basecase,Current planned path,Off,Off,Off,Off,LIGHT_BEV,light_bev_ruc_net_km,18159.061349485328,18159.061349485328,0.0,million km,light_bev_ruc_net_km * pt_factor * light_demand_factor,0.0,1.0,1.0,0.0,1.0,1.0,post_model_extrapolation:current_basecase:FY2040; ; ,,adjusted,Post-model overlays; default Off preserves model forecast. Scenario workbook price variables are already captured by finalist forecasts where supplied.
2040,,FY2040,Current finalist Base case,current_basecase,basecase,Current planned path,Off,Off,Off,Off,PHEV,phev_ruc_net_km,4215.639650276694,4215.639650276694,0.0,million km,phev_ruc_net_km * pt_factor * light_demand_factor,0.0,1.0,1.0,0.0,1.0,1.0,post_model_extrapolation:current_basecase:FY2040; ; ,,adjusted,Post-model overlays; default Off preserves model forecast. Scenario workbook price variables are already captured by finalist forecasts where supplied.
2040,,FY2040,Current finalist Base case,current_basecase,basecase,Current planned path,Off,Off,Off,Off,LIGHT_RUC,current_light_ruc_conventional_modelled_km,10641.233920367154,10641.233920367154,0.0,million km,current_light_ruc_conventional_modelled_km * pt_factor * light_demand_factor,0.0,1.0,1.0,0.0,1.0,1.0,post_model_extrapolation:current_basecase:FY2040; ; ,,adjusted,Post-model overlays; default Off preserves model forecast. Scenario workbook price variables are already captured by finalist forecasts where supplied.
2040,,FY2040,Current finalist Base case,current_basecase,basecase,Current planned path,Off,Off,Off,Off,LIGHT_RUC,light_ruc_net_revenue,1364.5786317782813,1364.5786317782813,0.0,$m nominal ex GST,light_ruc_net_revenue effective rate applied to adjusted km,0.0,1.0,1.0,0.0,1.0,1.0,post_model_extrapolation:current_basecase:FY2040; ; ,,adjusted,Post-model overlays; default Off preserves model forecast. Scenario workbook price variables are already captured by finalist forecasts where supplied.
2040,,FY2040,Current finalist Base case,current_basecase,basecase,Current planned path,Off,Off,Off,Off,LIGHT_BEV,light_bev_ruc_net_revenue,2328.62723215125,2328.62723215125,0.0,$m nominal ex GST,light_bev_ruc_net_revenue effective rate applied to adjusted km,0.0,1.0,1.0,0.0,1.0,1.0,post_model_extrapolation:current_basecase:FY2040; ; ,,adjusted,Post-model overlays; default Off preserves model forecast. Scenario workbook price variables are already captured by finalist forecasts where supplied.
2040,,FY2040,Current finalist Base case,current_basecase,basecase,Current planned path,Off,Off,Off,Off,PHEV,phev_ruc_net_revenue,266.57597328524673,266.57597328524673,0.0,$m nominal ex GST,phev_ruc_net_revenue effective rate applied to adjusted km,0.0,1.0,1.0,0.0,1.0,1.0,post_model_extrapolation:current_basecase:FY2040; ; ,,adjusted,Post-model overlays; default Off preserves model forecast. Scenario workbook price variables are already captured by finalist forecasts where supplied.
2040,,FY2040,Current finalist Base case,current_basecase,basecase,Current planned path,Off,Off,Off,Off,HEAVY_RUC,heavy_ruc_net_km,4482.507180988519,4482.507180988519,0.0,million km,heavy_ruc_net_km * freight_factor * heavy_demand_factor,0.0,1.0,1.0,0.0,1.0,1.0,post_model_extrapolation:current_basecase:FY2040; ; ,,adjusted,Post-model overlays; default Off preserves model forecast. Scenario workbook price variables are already captured by finalist forecasts where supplied.
2040,,FY2040,Current finalist Base case,current_basecase,basecase,Current planned path,Off,Off,Off,Off,HEAVY_RUC,heavy_ruc_net_revenue,2359.345242177401,2359.345242177401,0.0,$m nominal ex GST,heavy_ruc_net_revenue effective rate applied to adjusted km,0.0,1.0,1.0,0.0,1.0,1.0,post_model_extrapolation:current_basecase:FY2040; ; ,,adjusted,Post-model overlays; default Off preserves model forecast. Scenario workbook price variables are already captured by finalist forecasts where supplied.
2040,,FY2040,Current finalist Base case,current_basecase,basecase,Current planned path,Off,Off,Off,Off,ROLLUP,gross_ruc_revenue,6720.5561492399975,6720.5561492399975,0.0,$m nominal ex GST,gross_ruc_revenue + PED/RUC component deltas,0.0,1.0,1.0,0.0,1.0,1.0,post_model_extrapolation:current_basecase:FY2040,,adjusted,Post-model overlays; default Off preserves model forecast. Scenario workbook price variables are already captured by finalist forecasts where supplied.
2040,,FY2040,Current finalist Base case,current_basecase,basecase,Current planned path,Off,Off,Off,Off,ROLLUP,ruc_revenue_net_admin,6659.660778059426,6659.660778059426,0.0,$m nominal ex GST,ruc_revenue_net_admin + PED/RUC component deltas,0.0,1.0,1.0,0.0,1.0,1.0,post_model_extrapolation:current_basecase:FY2040,,adjusted,Post-model overlays; default Off preserves model forecast. Scenario workbook price variables are already captured by finalist forecasts where supplied.
2040,,FY2040,Current finalist Base case,current_basecase,basecase,Current planned path,Off,Off,Off,Off,ROLLUP,total_ruc_net_revenue,6457.642073519177,6457.642073519177,0.0,$m nominal ex GST,total_ruc_net_revenue + PED/RUC component deltas,0.0,1.0,1.0,0.0,1.0,1.0,post_model_extrapolation:current_basecase:FY2040,,adjusted,Post-model overlays; default Off preserves model forecast. Scenario workbook price variables are already captured by finalist forecasts where supplied.
2040,,FY2040,Current finalist Base case,current_basecase,basecase,Current planned path,Off,Off,Off,Off,ROLLUP,gross_fed_revenue,3485.3486378261405,3485.3486378261405,0.0,$m nominal ex GST,gross_fed_revenue + PED/RUC component deltas,0.0,1.0,1.0,0.0,1.0,1.0,post_model_extrapolation:current_basecase:FY2040,,adjusted,Post-model overlays; default Off preserves model forecast. Scenario workbook price variables are already captured by finalist forecasts where supplied.
2040,,FY2040,Current finalist Base case,current_basecase,basecase,Current planned path,Off,Off,Off,Off,ROLLUP,net_fed_revenue,3384.4043764751113,3384.4043764751113,0.0,$m nominal ex GST,net_fed_revenue + PED/RUC component deltas,0.0,1.0,1.0,0.0,1.0,1.0,post_model_extrapolation:current_basecase:FY2040,,adjusted,Post-model overlays; default Off preserves model forecast. Scenario workbook price variables are already captured by finalist forecasts where supplied.
2040,,FY2040,Current finalist Base case,current_basecase,basecase,Current planned path,Off,Off,Off,Off,ROLLUP,total_gross_revenue,10741.4189877813,10741.4189877813,0.0,$m nominal ex GST,total_gross_revenue + PED/RUC component deltas,0.0,1.0,1.0,0.0,1.0,1.0,post_model_extrapolation:current_basecase:FY2040,,adjusted,Post-model overlays; default Off preserves model forecast. Scenario workbook price variables are already captured by finalist forecasts where supplied.
2040,,FY2040,Current finalist Base case,current_basecase,basecase,Current planned path,Off,Off,Off,Off,ROLLUP,total_revenue_net_admin,10611.877020919686,10611.877020919686,0.0,$m nominal ex GST,total_revenue_net_admin + PED/RUC component deltas,0.0,1.0,1.0,0.0,1.0,1.0,post_model_extrapolation:current_basecase:FY2040,,adjusted,Post-model overlays; default Off preserves model forecast. Scenario workbook price variables are already captured by finalist forecasts where supplied.
2040,,FY2040,Current finalist Base case,current_basecase,basecase,Current planned path,Off,Off,Off,Off,ROLLUP,total_nltf_net_revenue,10306.838989527276,10306.838989527276,0.0,$m nominal ex GST,total_nltf_net_revenue + PED/RUC component deltas,0.0,1.0,1.0,0.0,1.0,1.0,post_model_extrapolation:current_basecase:FY2040,,adjusted,Post-model overlays; default Off preserves model forecast. Scenario workbook price variables are already captured by finalist forecasts where supplied.
2041,,FY2041,Current finalist Base case,current_basecase,basecase,Current planned path,Off,Off,Off,Off,PED,light_petrol_vkt,32545.625465797148,32545.625465797148,0.0,million km,light_petrol_vkt * pt_factor * petrol_demand_factor,0.0,1.0,1.0,0.0,1.0,1.0,post_model_extrapolation:current_basecase:FY2041; ; ,,adjusted,Post-model overlays; default Off preserves model forecast. Scenario workbook price variables are already captured by finalist forecasts where supplied.
2041,,FY2041,Current finalist Base case,current_basecase,basecase,Current planned path,Off,Off,Off,Off,PED,ped_vkt_per_capita,5478.347702424589,5478.347702424589,0.0,km/person,ped_vkt_per_capita * pt_factor * petrol_demand_factor,0.0,1.0,1.0,0.0,1.0,1.0,post_model_extrapolation:current_basecase:FY2041; ; ,,adjusted,Post-model overlays; default Off preserves model forecast. Scenario workbook price variables are already captured by finalist forecasts where supplied.
2041,,FY2041,Current finalist Base case,current_basecase,basecase,Current planned path,Off,Off,Off,Off,LIGHT_RUC,light_ruc_net_km,10111.285751276555,10111.285751276555,0.0,million km,light_ruc_net_km * pt_factor * light_demand_factor,0.0,1.0,1.0,0.0,1.0,1.0,post_model_extrapolation:current_basecase:FY2041; ; ,,adjusted,Post-model overlays; default Off preserves model forecast. Scenario workbook price variables are already captured by finalist forecasts where supplied.
2041,,FY2041,Current finalist Base case,current_basecase,basecase,Current planned path,Off,Off,Off,Off,LIGHT_BEV,light_bev_ruc_net_km,20962.884157292618,20962.884157292618,0.0,million km,light_bev_ruc_net_km * pt_factor * light_demand_factor,0.0,1.0,1.0,0.0,1.0,1.0,post_model_extrapolation:current_basecase:FY2041; ; ,,adjusted,Post-model overlays; default Off preserves model forecast. Scenario workbook price variables are already captured by finalist forecasts where supplied.
2041,,FY2041,Current finalist Base case,current_basecase,basecase,Current planned path,Off,Off,Off,Off,PHEV,phev_ruc_net_km,4170.422080933922,4170.422080933922,0.0,million km,phev_ruc_net_km * pt_factor * light_demand_factor,0.0,1.0,1.0,0.0,1.0,1.0,post_model_extrapolation:current_basecase:FY2041; ; ,,adjusted,Post-model overlays; default Off preserves model forecast. Scenario workbook price variables are already captured by finalist forecasts where supplied.
2041,,FY2041,Current finalist Base case,current_basecase,basecase,Current planned path,Off,Off,Off,Off,LIGHT_RUC,current_light_ruc_conventional_modelled_km,10111.285751276555,10111.285751276555,0.0,million km,current_light_ruc_conventional_modelled_km * pt_factor * light_demand_factor,0.0,1.0,1.0,0.0,1.0,1.0,post_model_extrapolation:current_basecase:FY2041; ; ,,adjusted,Post-model overlays; default Off preserves model forecast. Scenario workbook price variables are already captured by finalist forecasts where supplied.
2041,,FY2041,Current finalist Base case,current_basecase,basecase,Current planned path,Off,Off,Off,Off,LIGHT_RUC,light_ruc_net_revenue,1335.3469527423401,1335.3469527423401,0.0,$m nominal ex GST,light_ruc_net_revenue effective rate applied to adjusted km,0.0,1.0,1.0,0.0,1.0,1.0,post_model_extrapolation:current_basecase:FY2041; ; ,,adjusted,Post-model overlays; default Off preserves model forecast. Scenario workbook price variables are already captured by finalist forecasts where supplied.
2041,,FY2041,Current finalist Base case,current_basecase,basecase,Current planned path,Off,Off,Off,Off,LIGHT_BEV,light_bev_ruc_net_revenue,2768.46329623285,2768.46329623285,0.0,$m nominal ex GST,light_bev_ruc_net_revenue effective rate applied to adjusted km,0.0,1.0,1.0,0.0,1.0,1.0,post_model_extrapolation:current_basecase:FY2041; ; ,,adjusted,Post-model overlays; default Off preserves model forecast. Scenario workbook price variables are already captured by finalist forecasts where supplied.
2041,,FY2041,Current finalist Base case,current_basecase,basecase,Current planned path,Off,Off,Off,Off,PHEV,phev_ruc_net_revenue,271.59873802082154,271.59873802082154,0.0,$m nominal ex GST,phev_ruc_net_revenue effective rate applied to adjusted km,0.0,1.0,1.0,0.0,1.0,1.0,post_model_extrapolation:current_basecase:FY2041; ; ,,adjusted,Post-model overlays; default Off preserves model forecast. Scenario workbook price variables are already captured by finalist forecasts where supplied.
2041,,FY2041,Current finalist Base case,current_basecase,basecase,Current planned path,Off,Off,Off,Off,HEAVY_RUC,heavy_ruc_net_km,4508.10719717719,4508.10719717719,0.0,million km,heavy_ruc_net_km * freight_factor * heavy_demand_factor,0.0,1.0,1.0,0.0,1.0,1.0,post_model_extrapolation:current_basecase:FY2041; ; ,,adjusted,Post-model overlays; default Off preserves model forecast. Scenario workbook price variables are already captured by finalist forecasts where supplied.
2041,,FY2041,Current finalist Base case,current_basecase,basecase,Current planned path,Off,Off,Off,Off,HEAVY_RUC,heavy_ruc_net_revenue,2443.6420467658836,2443.6420467658836,0.0,$m nominal ex GST,heavy_ruc_net_revenue effective rate applied to adjusted km,0.0,1.0,1.0,0.0,1.0,1.0,post_model_extrapolation:current_basecase:FY2041; ; ,,adjusted,Post-model overlays; default Off preserves model forecast. Scenario workbook price variables are already captured by finalist forecasts where supplied.
2041,,FY2041,Current finalist Base case,current_basecase,basecase,Current planned path,Off,Off,Off,Off,ROLLUP,gross_ruc_revenue,7262.429523721752,7262.429523721752,0.0,$m nominal ex GST,gross_ruc_revenue + PED/RUC component deltas,0.0,1.0,1.0,0.0,1.0,1.0,post_model_extrapolation:current_basecase:FY2041,,adjusted,Post-model overlays; default Off preserves model forecast. Scenario workbook price variables are already captured by finalist forecasts where supplied.
2041,,FY2041,Current finalist Base case,current_basecase,basecase,Current planned path,Off,Off,Off,Off,ROLLUP,ruc_revenue_net_admin,7198.222116386305,7198.222116386305,0.0,$m nominal ex GST,ruc_revenue_net_admin + PED/RUC component deltas,0.0,1.0,1.0,0.0,1.0,1.0,post_model_extrapolation:current_basecase:FY2041,,adjusted,Post-model overlays; default Off preserves model forecast. Scenario workbook price variables are already captured by finalist forecasts where supplied.
2041,,FY2041,Current finalist Base case,current_basecase,basecase,Current planned path,Off,Off,Off,Off,ROLLUP,total_ruc_net_revenue,6982.068333956024,6982.068333956024,0.0,$m nominal ex GST,total_ruc_net_revenue + PED/RUC component deltas,0.0,1.0,1.0,0.0,1.0,1.0,post_model_extrapolation:current_basecase:FY2041,,adjusted,Post-model overlays; default Off preserves model forecast. Scenario workbook price variables are already captured by finalist forecasts where supplied.
2041,,FY2041,Current finalist Base case,current_basecase,basecase,Current planned path,Off,Off,Off,Off,ROLLUP,gross_fed_revenue,3547.253932746338,3547.253932746338,0.0,$m nominal ex GST,gross_fed_revenue + PED/RUC component deltas,0.0,1.0,1.0,0.0,1.0,1.0,post_model_extrapolation:current_basecase:FY2041,,adjusted,Post-model overlays; default Off preserves model forecast. Scenario workbook price variables are already captured by finalist forecasts where supplied.
2041,,FY2041,Current finalist Base case,current_basecase,basecase,Current planned path,Off,Off,Off,Off,ROLLUP,net_fed_revenue,3450.921703598927,3450.921703598927,0.0,$m nominal ex GST,net_fed_revenue + PED/RUC component deltas,0.0,1.0,1.0,0.0,1.0,1.0,post_model_extrapolation:current_basecase:FY2041,,adjusted,Post-model overlays; default Off preserves model forecast. Scenario workbook price variables are already captured by finalist forecasts where supplied.
2041,,FY2041,Current finalist Base case,current_basecase,basecase,Current planned path,Off,Off,Off,Off,ROLLUP,total_gross_revenue,11342.911972756172,11342.911972756172,0.0,$m nominal ex GST,total_gross_revenue + PED/RUC component deltas,0.0,1.0,1.0,0.0,1.0,1.0,post_model_extrapolation:current_basecase:FY2041,,adjusted,Post-model overlays; default Off preserves model forecast. Scenario workbook price variables are already captured by finalist forecasts where supplied.
2041,,FY2041,Current finalist Base case,current_basecase,basecase,Current planned path,Off,Off,Off,Off,ROLLUP,total_revenue_net_admin,11210.227828865996,11210.227828865996,0.0,$m nominal ex GST,total_revenue_net_admin + PED/RUC component deltas,0.0,1.0,1.0,0.0,1.0,1.0,post_model_extrapolation:current_basecase:FY2041,,adjusted,Post-model overlays; default Off preserves model forecast. Scenario workbook price variables are already captured by finalist forecasts where supplied.
2041,,FY2041,Current finalist Base case,current_basecase,basecase,Current planned path,Off,Off,Off,Off,ROLLUP,total_nltf_net_revenue,10895.649568340315,10895.649568340315,0.0,$m nominal ex GST,total_nltf_net_revenue + PED/RUC component deltas,0.0,1.0,1.0,0.0,1.0,1.0,post_model_extrapolation:current_basecase:FY2041,,adjusted,Post-model overlays; default Off preserves model forecast. Scenario workbook price variables are already captured by finalist forecasts where supplied.
2042,,FY2042,Current finalist Base case,current_basecase,basecase,Current planned path,Off,Off,Off,Off,PED,light_petrol_vkt,32506.235970047797,32506.235970047797,0.0,million km,light_petrol_vkt * pt_factor * petrol_demand_factor,0.0,1.0,1.0,0.0,1.0,1.0,post_model_extrapolation:current_basecase:FY2042; ; ,,adjusted,Post-model overlays; default Off preserves model forecast. Scenario workbook price variables are already captured by finalist forecasts where supplied.
2042,,FY2042,Current finalist Base case,current_basecase,basecase,Current planned path,Off,Off,Off,Off,PED,ped_vkt_per_capita,5441.450020579263,5441.450020579263,0.0,km/person,ped_vkt_per_capita * pt_factor * petrol_demand_factor,0.0,1.0,1.0,0.0,1.0,1.0,post_model_extrapolation:current_basecase:FY2042; ; ,,adjusted,Post-model overlays; default Off preserves model forecast. Scenario workbook price variables are already captured by finalist forecasts where supplied.
2042,,FY2042,Current finalist Base case,current_basecase,basecase,Current planned path,Off,Off,Off,Off,LIGHT_RUC,light_ruc_net_km,9611.762640128363,9611.762640128363,0.0,million km,light_ruc_net_km * pt_factor * light_demand_factor,0.0,1.0,1.0,0.0,1.0,1.0,post_model_extrapolation:current_basecase:FY2042; ; ,,adjusted,Post-model overlays; default Off preserves model forecast. Scenario workbook price variables are already captured by finalist forecasts where supplied.
2042,,FY2042,Current finalist Base case,current_basecase,basecase,Current planned path,Off,Off,Off,Off,LIGHT_BEV,light_bev_ruc_net_km,23832.230018701586,23832.230018701586,0.0,million km,light_bev_ruc_net_km * pt_factor * light_demand_factor,0.0,1.0,1.0,0.0,1.0,1.0,post_model_extrapolation:current_basecase:FY2042; ; ,,adjusted,Post-model overlays; default Off preserves model forecast. Scenario workbook price variables are already captured by finalist forecasts where supplied.
2042,,FY2042,Current finalist Base case,current_basecase,basecase,Current planned path,Off,Off,Off,Off,PHEV,phev_ruc_net_km,4081.2869337708557,4081.2869337708557,0.0,million km,phev_ruc_net_km * pt_factor * light_demand_factor,0.0,1.0,1.0,0.0,1.0,1.0,post_model_extrapolation:current_basecase:FY2042; ; ,,adjusted,Post-model overlays; default Off preserves model forecast. Scenario workbook price variables are already captured by finalist forecasts where supplied.
2042,,FY2042,Current finalist Base case,current_basecase,basecase,Current planned path,Off,Off,Off,Off,LIGHT_RUC,current_light_ruc_conventional_modelled_km,9611.762640128363,9611.762640128363,0.0,million km,current_light_ruc_conventional_modelled_km * pt_factor * light_demand_factor,0.0,1.0,1.0,0.0,1.0,1.0,post_model_extrapolation:current_basecase:FY2042; ; ,,adjusted,Post-model overlays; default Off preserves model forecast. Scenario workbook price variables are already captured by finalist forecasts where supplied.
2042,,FY2042,Current finalist Base case,current_basecase,basecase,Current planned path,Off,Off,Off,Off,LIGHT_RUC,light_ruc_net_revenue,1306.1424251670392,1306.1424251670392,0.0,$m nominal ex GST,light_ruc_net_revenue effective rate applied to adjusted km,0.0,1.0,1.0,0.0,1.0,1.0,post_model_extrapolation:current_basecase:FY2042; ; ,,adjusted,Post-model overlays; default Off preserves model forecast. Scenario workbook price variables are already captured by finalist forecasts where supplied.
2042,,FY2042,Current finalist Base case,current_basecase,basecase,Current planned path,Off,Off,Off,Off,LIGHT_BEV,light_bev_ruc_net_revenue,3238.561737241358,3238.561737241358,0.0,$m nominal ex GST,light_bev_ruc_net_revenue effective rate applied to adjusted km,0.0,1.0,1.0,0.0,1.0,1.0,post_model_extrapolation:current_basecase:FY2042; ; ,,adjusted,Post-model overlays; default Off preserves model forecast. Scenario workbook price variables are already captured by finalist forecasts where supplied.
2042,,FY2042,Current finalist Base case,current_basecase,basecase,Current planned path,Off,Off,Off,Off,PHEV,phev_ruc_net_revenue,273.5074438666538,273.5074438666538,0.0,$m nominal ex GST,phev_ruc_net_revenue effective rate applied to adjusted km,0.0,1.0,1.0,0.0,1.0,1.0,post_model_extrapolation:current_basecase:FY2042; ; ,,adjusted,Post-model overlays; default Off preserves model forecast. Scenario workbook price variables are already captured by finalist forecasts where supplied.
2042,,FY2042,Current finalist Base case,current_basecase,basecase,Current planned path,Off,Off,Off,Off,HEAVY_RUC,heavy_ruc_net_km,4532.805090841068,4532.805090841068,0.0,million km,heavy_ruc_net_km * freight_factor * heavy_demand_factor,0.0,1.0,1.0,0.0,1.0,1.0,post_model_extrapolation:current_basecase:FY2042; ; ,,adjusted,Post-model overlays; default Off preserves model forecast. Scenario workbook price variables are already captured by finalist forecasts where supplied.
2042,,FY2042,Current finalist Base case,current_basecase,basecase,Current planned path,Off,Off,Off,Off,HEAVY_RUC,heavy_ruc_net_revenue,2528.217367467518,2528.217367467518,0.0,$m nominal ex GST,heavy_ruc_net_revenue effective rate applied to adjusted km,0.0,1.0,1.0,0.0,1.0,1.0,post_model_extrapolation:current_basecase:FY2042; ; ,,adjusted,Post-model overlays; default Off preserves model forecast. Scenario workbook price variables are already captured by finalist forecasts where supplied.
2042,,FY2042,Current finalist Base case,current_basecase,basecase,Current planned path,Off,Off,Off,Off,ROLLUP,gross_ruc_revenue,7841.65023107432,7841.65023107432,0.0,$m nominal ex GST,gross_ruc_revenue + PED/RUC component deltas,0.0,1.0,1.0,0.0,1.0,1.0,post_model_extrapolation:current_basecase:FY2042,,adjusted,Post-model overlays; default Off preserves model forecast. Scenario workbook price variables are already captured by finalist forecasts where supplied.
2042,,FY2042,Current finalist Base case,current_basecase,basecase,Current planned path,Off,Off,Off,Off,ROLLUP,ruc_revenue_net_admin,7773.998401594689,7773.998401594689,0.0,$m nominal ex GST,ruc_revenue_net_admin + PED/RUC component deltas,0.0,1.0,1.0,0.0,1.0,1.0,post_model_extrapolation:current_basecase:FY2042,,adjusted,Post-model overlays; default Off preserves model forecast. Scenario workbook price variables are already captured by finalist forecasts where supplied.
2042,,FY2042,Current finalist Base case,current_basecase,basecase,Current planned path,Off,Off,Off,Off,ROLLUP,total_ruc_net_revenue,7542.653220488002,7542.653220488002,0.0,$m nominal ex GST,total_ruc_net_revenue + PED/RUC component deltas,0.0,1.0,1.0,0.0,1.0,1.0,post_model_extrapolation:current_basecase:FY2042,,adjusted,Post-model overlays; default Off preserves model forecast. Scenario workbook price variables are already captured by finalist forecasts where supplied.
2042,,FY2042,Current finalist Base case,current_basecase,basecase,Current planned path,Off,Off,Off,Off,ROLLUP,gross_fed_revenue,3604.2262974541586,3604.2262974541586,0.0,$m nominal ex GST,gross_fed_revenue + PED/RUC component deltas,0.0,1.0,1.0,0.0,1.0,1.0,post_model_extrapolation:current_basecase:FY2042,,adjusted,Post-model overlays; default Off preserves model forecast. Scenario workbook price variables are already captured by finalist forecasts where supplied.
2042,,FY2042,Current finalist Base case,current_basecase,basecase,Current planned path,Off,Off,Off,Off,ROLLUP,net_fed_revenue,3513.6840286157667,3513.6840286157667,0.0,$m nominal ex GST,net_fed_revenue + PED/RUC component deltas,0.0,1.0,1.0,0.0,1.0,1.0,post_model_extrapolation:current_basecase:FY2042,,adjusted,Post-model overlays; default Off preserves model forecast. Scenario workbook price variables are already captured by finalist forecasts where supplied.
2042,,FY2042,Current finalist Base case,current_basecase,basecase,Current planned path,Off,Off,Off,Off,ROLLUP,total_gross_revenue,11976.964740485068,11976.964740485068,0.0,$m nominal ex GST,total_gross_revenue + PED/RUC component deltas,0.0,1.0,1.0,0.0,1.0,1.0,post_model_extrapolation:current_basecase:FY2042,,adjusted,Post-model overlays; default Off preserves model forecast. Scenario workbook price variables are already captured by finalist forecasts where supplied.
2042,,FY2042,Current finalist Base case,current_basecase,basecase,Current planned path,Off,Off,Off,Off,ROLLUP,total_revenue_net_admin,11840.995259356101,11840.995259356101,0.0,$m nominal ex GST,total_revenue_net_admin + PED/RUC component deltas,0.0,1.0,1.0,0.0,1.0,1.0,post_model_extrapolation:current_basecase:FY2042,,adjusted,Post-model overlays; default Off preserves model forecast. Scenario workbook price variables are already captured by finalist forecasts where supplied.
2042,,FY2042,Current finalist Base case,current_basecase,basecase,Current planned path,Off,Off,Off,Off,ROLLUP,total_nltf_net_revenue,11516.997703820822,11516.997703820822,0.0,$m nominal ex GST,total_nltf_net_revenue + PED/RUC component deltas,0.0,1.0,1.0,0.0,1.0,1.0,post_model_extrapolation:current_basecase:FY2042,,adjusted,Post-model overlays; default Off preserves model forecast. Scenario workbook price variables are already captured by finalist forecasts where supplied.
2043,,FY2043,Current finalist Base case,current_basecase,basecase,Current planned path,Off,Off,Off,Off,PED,light_petrol_vkt,32464.91548771303,32464.91548771303,0.0,million km,light_petrol_vkt * pt_factor * petrol_demand_factor,0.0,1.0,1.0,0.0,1.0,1.0,post_model_extrapolation:current_basecase:FY2043; ; ,,adjusted,Post-model overlays; default Off preserves model forecast. Scenario workbook price variables are already captured by finalist forecasts where supplied.
2043,,FY2043,Current finalist Base case,current_basecase,basecase,Current planned path,Off,Off,Off,Off,PED,ped_vkt_per_capita,5404.806653800375,5404.806653800375,0.0,km/person,ped_vkt_per_capita * pt_factor * petrol_demand_factor,0.0,1.0,1.0,0.0,1.0,1.0,post_model_extrapolation:current_basecase:FY2043; ; ,,adjusted,Post-model overlays; default Off preserves model forecast. Scenario workbook price variables are already captured by finalist forecasts where supplied.
2043,,FY2043,Current finalist Base case,current_basecase,basecase,Current planned path,Off,Off,Off,Off,LIGHT_RUC,light_ruc_net_km,9132.405085672706,9132.405085672706,0.0,million km,light_ruc_net_km * pt_factor * light_demand_factor,0.0,1.0,1.0,0.0,1.0,1.0,post_model_extrapolation:current_basecase:FY2043; ; ,,adjusted,Post-model overlays; default Off preserves model forecast. Scenario workbook price variables are already captured by finalist forecasts where supplied.
2043,,FY2043,Current finalist Base case,current_basecase,basecase,Current planned path,Off,Off,Off,Off,LIGHT_BEV,light_bev_ruc_net_km,26639.066223302434,26639.066223302434,0.0,million km,light_bev_ruc_net_km * pt_factor * light_demand_factor,0.0,1.0,1.0,0.0,1.0,1.0,post_model_extrapolation:current_basecase:FY2043; ; ,,adjusted,Post-model overlays; default Off preserves model forecast. Scenario workbook price variables are already captured by finalist forecasts where supplied.
2043,,FY2043,Current finalist Base case,current_basecase,basecase,Current planned path,Off,Off,Off,Off,PHEV,phev_ruc_net_km,3972.095244110258,3972.095244110258,0.0,million km,phev_ruc_net_km * pt_factor * light_demand_factor,0.0,1.0,1.0,0.0,1.0,1.0,post_model_extrapolation:current_basecase:FY2043; ; ,,adjusted,Post-model overlays; default Off preserves model forecast. Scenario workbook price variables are already captured by finalist forecasts where supplied.
2043,,FY2043,Current finalist Base case,current_basecase,basecase,Current planned path,Off,Off,Off,Off,LIGHT_RUC,current_light_ruc_conventional_modelled_km,9132.405085672706,9132.405085672706,0.0,million km,current_light_ruc_conventional_modelled_km * pt_factor * light_demand_factor,0.0,1.0,1.0,0.0,1.0,1.0,post_model_extrapolation:current_basecase:FY2043; ; ,,adjusted,Post-model overlays; default Off preserves model forecast. Scenario workbook price variables are already captured by finalist forecasts where supplied.
2043,,FY2043,Current finalist Base case,current_basecase,basecase,Current planned path,Off,Off,Off,Off,LIGHT_RUC,light_ruc_net_revenue,1275.933976544763,1275.933976544763,0.0,$m nominal ex GST,light_ruc_net_revenue effective rate applied to adjusted km,0.0,1.0,1.0,0.0,1.0,1.0,post_model_extrapolation:current_basecase:FY2043; ; ,,adjusted,Post-model overlays; default Off preserves model forecast. Scenario workbook price variables are already captured by finalist forecasts where supplied.
2043,,FY2043,Current finalist Base case,current_basecase,basecase,Current planned path,Off,Off,Off,Off,LIGHT_BEV,light_bev_ruc_net_revenue,3721.8771373887002,3721.8771373887002,0.0,$m nominal ex GST,light_bev_ruc_net_revenue effective rate applied to adjusted km,0.0,1.0,1.0,0.0,1.0,1.0,post_model_extrapolation:current_basecase:FY2043; ; ,,adjusted,Post-model overlays; default Off preserves model forecast. Scenario workbook price variables are already captured by finalist forecasts where supplied.
2043,,FY2043,Current finalist Base case,current_basecase,basecase,Current planned path,Off,Off,Off,Off,PHEV,phev_ruc_net_revenue,273.6773623191971,273.6773623191971,0.0,$m nominal ex GST,phev_ruc_net_revenue effective rate applied to adjusted km,0.0,1.0,1.0,0.0,1.0,1.0,post_model_extrapolation:current_basecase:FY2043; ; ,,adjusted,Post-model overlays; default Off preserves model forecast. Scenario workbook price variables are already captured by finalist forecasts where supplied.
2043,,FY2043,Current finalist Base case,current_basecase,basecase,Current planned path,Off,Off,Off,Off,HEAVY_RUC,heavy_ruc_net_km,4558.856019389018,4558.856019389018,0.0,million km,heavy_ruc_net_km * freight_factor * heavy_demand_factor,0.0,1.0,1.0,0.0,1.0,1.0,post_model_extrapolation:current_basecase:FY2043; ; ,,adjusted,Post-model overlays; default Off preserves model forecast. Scenario workbook price variables are already captured by finalist forecasts where supplied.
2043,,FY2043,Current finalist Base case,current_basecase,basecase,Current planned path,Off,Off,Off,Off,HEAVY_RUC,heavy_ruc_net_revenue,2614.344367158924,2614.344367158924,0.0,$m nominal ex GST,heavy_ruc_net_revenue effective rate applied to adjusted km,0.0,1.0,1.0,0.0,1.0,1.0,post_model_extrapolation:current_basecase:FY2043; ; ,,adjusted,Post-model overlays; default Off preserves model forecast. Scenario workbook price variables are already captured by finalist forecasts where supplied.
2043,,FY2043,Current finalist Base case,current_basecase,basecase,Current planned path,Off,Off,Off,Off,ROLLUP,gross_ruc_revenue,8438.020253157852,8438.020253157852,0.0,$m nominal ex GST,gross_ruc_revenue + PED/RUC component deltas,0.0,1.0,1.0,0.0,1.0,1.0,post_model_extrapolation:current_basecase:FY2043,,adjusted,Post-model overlays; default Off preserves model forecast. Scenario workbook price variables are already captured by finalist forecasts where supplied.
2043,,FY2043,Current finalist Base case,current_basecase,basecase,Current planned path,Off,Off,Off,Off,ROLLUP,ruc_revenue_net_admin,8366.966091591728,8366.966091591728,0.0,$m nominal ex GST,ruc_revenue_net_admin + PED/RUC component deltas,0.0,1.0,1.0,0.0,1.0,1.0,post_model_extrapolation:current_basecase:FY2043,,adjusted,Post-model overlays; default Off preserves model forecast. Scenario workbook price variables are already captured by finalist forecasts where supplied.
2043,,FY2043,Current finalist Base case,current_basecase,basecase,Current planned path,Off,Off,Off,Off,ROLLUP,total_ruc_net_revenue,8119.993306062913,8119.993306062913,0.0,$m nominal ex GST,total_ruc_net_revenue + PED/RUC component deltas,0.0,1.0,1.0,0.0,1.0,1.0,post_model_extrapolation:current_basecase:FY2043,,adjusted,Post-model overlays; default Off preserves model forecast. Scenario workbook price variables are already captured by finalist forecasts where supplied.
2043,,FY2043,Current finalist Base case,current_basecase,basecase,Current planned path,Off,Off,Off,Off,ROLLUP,gross_fed_revenue,3658.7042796897376,3658.7042796897376,0.0,$m nominal ex GST,gross_fed_revenue + PED/RUC component deltas,0.0,1.0,1.0,0.0,1.0,1.0,post_model_extrapolation:current_basecase:FY2043,,adjusted,Post-model overlays; default Off preserves model forecast. Scenario workbook price variables are already captured by finalist forecasts where supplied.
2043,,FY2043,Current finalist Base case,current_basecase,basecase,Current planned path,Off,Off,Off,Off,ROLLUP,net_fed_revenue,3574.370673890759,3574.370673890759,0.0,$m nominal ex GST,net_fed_revenue + PED/RUC component deltas,0.0,1.0,1.0,0.0,1.0,1.0,post_model_extrapolation:current_basecase:FY2043,,adjusted,Post-model overlays; default Off preserves model forecast. Scenario workbook price variables are already captured by finalist forecasts where supplied.
2043,,FY2043,Current finalist Base case,current_basecase,basecase,Current planned path,Off,Off,Off,Off,ROLLUP,total_gross_revenue,12625.804586479539,12625.804586479539,0.0,$m nominal ex GST,total_gross_revenue + PED/RUC component deltas,0.0,1.0,1.0,0.0,1.0,1.0,post_model_extrapolation:current_basecase:FY2043,,adjusted,Post-model overlays; default Off preserves model forecast. Scenario workbook price variables are already captured by finalist forecasts where supplied.
2043,,FY2043,Current finalist Base case,current_basecase,basecase,Current planned path,Off,Off,Off,Off,ROLLUP,total_revenue_net_admin,12486.5819849103,12486.5819849103,0.0,$m nominal ex GST,total_revenue_net_admin + PED/RUC component deltas,0.0,1.0,1.0,0.0,1.0,1.0,post_model_extrapolation:current_basecase:FY2043,,adjusted,Post-model overlays; default Off preserves model forecast. Scenario workbook price variables are already captured by finalist forecasts where supplied.
2043,,FY2043,Current finalist Base case,current_basecase,basecase,Current planned path,Off,Off,Off,Off,ROLLUP,total_nltf_net_revenue,12153.14699103849,12153.14699103849,0.0,$m nominal ex GST,total_nltf_net_revenue + PED/RUC component deltas,0.0,1.0,1.0,0.0,1.0,1.0,post_model_extrapolation:current_basecase:FY2043,,adjusted,Post-model overlays; default Off preserves model forecast. Scenario workbook price variables are already captured by finalist forecasts where supplied.
2044,,FY2044,Current finalist Base case,current_basecase,basecase,Current planned path,Off,Off,Off,Off,PED,light_petrol_vkt,32423.654830551823,32423.654830551823,0.0,million km,light_petrol_vkt * pt_factor * petrol_demand_factor,0.0,1.0,1.0,0.0,1.0,1.0,post_model_extrapolation:current_basecase:FY2044; ; ,,adjusted,Post-model overlays; default Off preserves model forecast. Scenario workbook price variables are already captured by finalist forecasts where supplied.
2044,,FY2044,Current finalist Base case,current_basecase,basecase,Current planned path,Off,Off,Off,Off,PED,ped_vkt_per_capita,5368.411256903528,5368.411256903528,0.0,km/person,ped_vkt_per_capita * pt_factor * petrol_demand_factor,0.0,1.0,1.0,0.0,1.0,1.0,post_model_extrapolation:current_basecase:FY2044; ; ,,adjusted,Post-model overlays; default Off preserves model forecast. Scenario workbook price variables are already captured by finalist forecasts where supplied.
2044,,FY2044,Current finalist Base case,current_basecase,basecase,Current planned path,Off,Off,Off,Off,LIGHT_RUC,light_ruc_net_km,8671.836942368514,8671.836942368514,0.0,million km,light_ruc_net_km * pt_factor * light_demand_factor,0.0,1.0,1.0,0.0,1.0,1.0,post_model_extrapolation:current_basecase:FY2044; ; ,,adjusted,Post-model overlays; default Off preserves model forecast. Scenario workbook price variables are already captured by finalist forecasts where supplied.
2044,,FY2044,Current finalist Base case,current_basecase,basecase,Current planned path,Off,Off,Off,Off,LIGHT_BEV,light_bev_ruc_net_km,29239.484533814353,29239.484533814353,0.0,million km,light_bev_ruc_net_km * pt_factor * light_demand_factor,0.0,1.0,1.0,0.0,1.0,1.0,post_model_extrapolation:current_basecase:FY2044; ; ,,adjusted,Post-model overlays; default Off preserves model forecast. Scenario workbook price variables are already captured by finalist forecasts where supplied.
2044,,FY2044,Current finalist Base case,current_basecase,basecase,Current planned path,Off,Off,Off,Off,PHEV,phev_ruc_net_km,3851.0778956766544,3851.0778956766544,0.0,million km,phev_ruc_net_km * pt_factor * light_demand_factor,0.0,1.0,1.0,0.0,1.0,1.0,post_model_extrapolation:current_basecase:FY2044; ; ,,adjusted,Post-model overlays; default Off preserves model forecast. Scenario workbook price variables are already captured by finalist forecasts where supplied.
2044,,FY2044,Current finalist Base case,current_basecase,basecase,Current planned path,Off,Off,Off,Off,LIGHT_RUC,current_light_ruc_conventional_modelled_km,8671.836942368514,8671.836942368514,0.0,million km,current_light_ruc_conventional_modelled_km * pt_factor * light_demand_factor,0.0,1.0,1.0,0.0,1.0,1.0,post_model_extrapolation:current_basecase:FY2044; ; ,,adjusted,Post-model overlays; default Off preserves model forecast. Scenario workbook price variables are already captured by finalist forecasts where supplied.
2044,,FY2044,Current finalist Base case,current_basecase,basecase,Current planned path,Off,Off,Off,Off,LIGHT_RUC,light_ruc_net_revenue,1244.798833892293,1244.798833892293,0.0,$m nominal ex GST,light_ruc_net_revenue effective rate applied to adjusted km,0.0,1.0,1.0,0.0,1.0,1.0,post_model_extrapolation:current_basecase:FY2044; ; ,,adjusted,Post-model overlays; default Off preserves model forecast. Scenario workbook price variables are already captured by finalist forecasts where supplied.
2044,,FY2044,Current finalist Base case,current_basecase,basecase,Current planned path,Off,Off,Off,Off,LIGHT_BEV,light_bev_ruc_net_revenue,4197.181807406389,4197.181807406389,0.0,$m nominal ex GST,light_bev_ruc_net_revenue effective rate applied to adjusted km,0.0,1.0,1.0,0.0,1.0,1.0,post_model_extrapolation:current_basecase:FY2044; ; ,,adjusted,Post-model overlays; default Off preserves model forecast. Scenario workbook price variables are already captured by finalist forecasts where supplied.
2044,,FY2044,Current finalist Base case,current_basecase,basecase,Current planned path,Off,Off,Off,Off,PHEV,phev_ruc_net_revenue,272.59854884547184,272.59854884547184,0.0,$m nominal ex GST,phev_ruc_net_revenue effective rate applied to adjusted km,0.0,1.0,1.0,0.0,1.0,1.0,post_model_extrapolation:current_basecase:FY2044; ; ,,adjusted,Post-model overlays; default Off preserves model forecast. Scenario workbook price variables are already captured by finalist forecasts where supplied.
2044,,FY2044,Current finalist Base case,current_basecase,basecase,Current planned path,Off,Off,Off,Off,HEAVY_RUC,heavy_ruc_net_km,4585.482987228015,4585.482987228015,0.0,million km,heavy_ruc_net_km * freight_factor * heavy_demand_factor,0.0,1.0,1.0,0.0,1.0,1.0,post_model_extrapolation:current_basecase:FY2044; ; ,,adjusted,Post-model overlays; default Off preserves model forecast. Scenario workbook price variables are already captured by finalist forecasts where supplied.
2044,,FY2044,Current finalist Base case,current_basecase,basecase,Current planned path,Off,Off,Off,Off,HEAVY_RUC,heavy_ruc_net_revenue,2701.6519390000612,2701.6519390000612,0.0,$m nominal ex GST,heavy_ruc_net_revenue effective rate applied to adjusted km,0.0,1.0,1.0,0.0,1.0,1.0,post_model_extrapolation:current_basecase:FY2044; ; ,,adjusted,Post-model overlays; default Off preserves model forecast. Scenario workbook price variables are already captured by finalist forecasts where supplied.
2044,,FY2044,Current finalist Base case,current_basecase,basecase,Current planned path,Off,Off,Off,Off,ROLLUP,gross_ruc_revenue,9030.755710993195,9030.755710993195,0.0,$m nominal ex GST,gross_ruc_revenue + PED/RUC component deltas,0.0,1.0,1.0,0.0,1.0,1.0,post_model_extrapolation:current_basecase:FY2044,,adjusted,Post-model overlays; default Off preserves model forecast. Scenario workbook price variables are already captured by finalist forecasts where supplied.
2044,,FY2044,Current finalist Base case,current_basecase,basecase,Current planned path,Off,Off,Off,Off,ROLLUP,ruc_revenue_net_admin,8956.626044748986,8956.626044748986,0.0,$m nominal ex GST,ruc_revenue_net_admin + PED/RUC component deltas,0.0,1.0,1.0,0.0,1.0,1.0,post_model_extrapolation:current_basecase:FY2044,,adjusted,Post-model overlays; default Off preserves model forecast. Scenario workbook price variables are already captured by finalist forecasts where supplied.
2044,,FY2044,Current finalist Base case,current_basecase,basecase,Current planned path,Off,Off,Off,Off,ROLLUP,total_ruc_net_revenue,8694.334690502412,8694.334690502412,0.0,$m nominal ex GST,total_ruc_net_revenue + PED/RUC component deltas,0.0,1.0,1.0,0.0,1.0,1.0,post_model_extrapolation:current_basecase:FY2044,,adjusted,Post-model overlays; default Off preserves model forecast. Scenario workbook price variables are already captured by finalist forecasts where supplied.
2044,,FY2044,Current finalist Base case,current_basecase,basecase,Current planned path,Off,Off,Off,Off,ROLLUP,gross_fed_revenue,3710.7024449519604,3710.7024449519604,0.0,$m nominal ex GST,gross_fed_revenue + PED/RUC component deltas,0.0,1.0,1.0,0.0,1.0,1.0,post_model_extrapolation:current_basecase:FY2044,,adjusted,Post-model overlays; default Off preserves model forecast. Scenario workbook price variables are already captured by finalist forecasts where supplied.
2044,,FY2044,Current finalist Base case,current_basecase,basecase,Current planned path,Off,Off,Off,Off,ROLLUP,net_fed_revenue,3632.5194102066025,3632.5194102066025,0.0,$m nominal ex GST,net_fed_revenue + PED/RUC component deltas,0.0,1.0,1.0,0.0,1.0,1.0,post_model_extrapolation:current_basecase:FY2044,,adjusted,Post-model overlays; default Off preserves model forecast. Scenario workbook price variables are already captured by finalist forecasts where supplied.
2044,,FY2044,Current finalist Base case,current_basecase,basecase,Current planned path,Off,Off,Off,Off,ROLLUP,total_gross_revenue,13268.65028995587,13268.65028995587,0.0,$m nominal ex GST,total_gross_revenue + PED/RUC component deltas,0.0,1.0,1.0,0.0,1.0,1.0,post_model_extrapolation:current_basecase:FY2044,,adjusted,Post-model overlays; default Off preserves model forecast. Scenario workbook price variables are already captured by finalist forecasts where supplied.
2044,,FY2044,Current finalist Base case,current_basecase,basecase,Current planned path,Off,Off,Off,Off,ROLLUP,total_revenue_net_admin,13126.492352380334,13126.492352380334,0.0,$m nominal ex GST,total_revenue_net_admin + PED/RUC component deltas,0.0,1.0,1.0,0.0,1.0,1.0,post_model_extrapolation:current_basecase:FY2044,,adjusted,Post-model overlays; default Off preserves model forecast. Scenario workbook price variables are already captured by finalist forecasts where supplied.
2044,,FY2044,Current finalist Base case,current_basecase,basecase,Current planned path,Off,Off,Off,Off,ROLLUP,total_nltf_net_revenue,12783.870253162737,12783.870253162737,0.0,$m nominal ex GST,total_nltf_net_revenue + PED/RUC component deltas,0.0,1.0,1.0,0.0,1.0,1.0,post_model_extrapolation:current_basecase:FY2044,,adjusted,Post-model overlays; default Off preserves model forecast. Scenario workbook price variables are already captured by finalist forecasts where supplied.
2045,,FY2045,Current finalist Base case,current_basecase,basecase,Current planned path,Off,Off,Off,Off,PED,light_petrol_vkt,32382.45167731775,32382.45167731775,0.0,million km,light_petrol_vkt * pt_factor * petrol_demand_factor,0.0,1.0,1.0,0.0,1.0,1.0,post_model_extrapolation:current_basecase:FY2045; ; ,,adjusted,Post-model overlays; default Off preserves model forecast. Scenario workbook price variables are already captured by finalist forecasts where supplied.
2045,,FY2045,Current finalist Base case,current_basecase,basecase,Current planned path,Off,Off,Off,Off,PED,ped_vkt_per_capita,5332.261776739854,5332.261776739854,0.0,km/person,ped_vkt_per_capita * pt_factor * petrol_demand_factor,0.0,1.0,1.0,0.0,1.0,1.0,post_model_extrapolation:current_basecase:FY2045; ; ,,adjusted,Post-model overlays; default Off preserves model forecast. Scenario workbook price variables are already captured by finalist forecasts where supplied.
2045,,FY2045,Current finalist Base case,current_basecase,basecase,Current planned path,Off,Off,Off,Off,LIGHT_RUC,light_ruc_net_km,8238.50872385256,8238.50872385256,0.0,million km,light_ruc_net_km * pt_factor * light_demand_factor,0.0,1.0,1.0,0.0,1.0,1.0,post_model_extrapolation:current_basecase:FY2045; ; ,,adjusted,Post-model overlays; default Off preserves model forecast. Scenario workbook price variables are already captured by finalist forecasts where supplied.
2045,,FY2045,Current finalist Base case,current_basecase,basecase,Current planned path,Off,Off,Off,Off,LIGHT_BEV,light_bev_ruc_net_km,31688.049353853752,31688.049353853752,0.0,million km,light_bev_ruc_net_km * pt_factor * light_demand_factor,0.0,1.0,1.0,0.0,1.0,1.0,post_model_extrapolation:current_basecase:FY2045; ; ,,adjusted,Post-model overlays; default Off preserves model forecast. Scenario workbook price variables are already captured by finalist forecasts where supplied.
2045,,FY2045,Current finalist Base case,current_basecase,basecase,Current planned path,Off,Off,Off,Off,PHEV,phev_ruc_net_km,3722.0952651595435,3722.0952651595435,0.0,million km,phev_ruc_net_km * pt_factor * light_demand_factor,0.0,1.0,1.0,0.0,1.0,1.0,post_model_extrapolation:current_basecase:FY2045; ; ,,adjusted,Post-model overlays; default Off preserves model forecast. Scenario workbook price variables are already captured by finalist forecasts where supplied.
2045,,FY2045,Current finalist Base case,current_basecase,basecase,Current planned path,Off,Off,Off,Off,LIGHT_RUC,current_light_ruc_conventional_modelled_km,8238.50872385256,8238.50872385256,0.0,million km,current_light_ruc_conventional_modelled_km * pt_factor * light_demand_factor,0.0,1.0,1.0,0.0,1.0,1.0,post_model_extrapolation:current_basecase:FY2045; ; ,,adjusted,Post-model overlays; default Off preserves model forecast. Scenario workbook price variables are already captured by finalist forecasts where supplied.
2045,,FY2045,Current finalist Base case,current_basecase,basecase,Current planned path,Off,Off,Off,Off,LIGHT_RUC,light_ruc_net_revenue,1214.1502231777745,1214.1502231777745,0.0,$m nominal ex GST,light_ruc_net_revenue effective rate applied to adjusted km,0.0,1.0,1.0,0.0,1.0,1.0,post_model_extrapolation:current_basecase:FY2045; ; ,,adjusted,Post-model overlays; default Off preserves model forecast. Scenario workbook price variables are already captured by finalist forecasts where supplied.
2045,,FY2045,Current finalist Base case,current_basecase,basecase,Current planned path,Off,Off,Off,Off,LIGHT_BEV,light_bev_ruc_net_revenue,4670.026273524186,4670.026273524186,0.0,$m nominal ex GST,light_bev_ruc_net_revenue effective rate applied to adjusted km,0.0,1.0,1.0,0.0,1.0,1.0,post_model_extrapolation:current_basecase:FY2045; ; ,,adjusted,Post-model overlays; default Off preserves model forecast. Scenario workbook price variables are already captured by finalist forecasts where supplied.
2045,,FY2045,Current finalist Base case,current_basecase,basecase,Current planned path,Off,Off,Off,Off,PHEV,phev_ruc_net_revenue,270.50327339547,270.50327339547,0.0,$m nominal ex GST,phev_ruc_net_revenue effective rate applied to adjusted km,0.0,1.0,1.0,0.0,1.0,1.0,post_model_extrapolation:current_basecase:FY2045; ; ,,adjusted,Post-model overlays; default Off preserves model forecast. Scenario workbook price variables are already captured by finalist forecasts where supplied.
2045,,FY2045,Current finalist Base case,current_basecase,basecase,Current planned path,Off,Off,Off,Off,HEAVY_RUC,heavy_ruc_net_km,4612.571051808469,4612.571051808469,0.0,million km,heavy_ruc_net_km * freight_factor * heavy_demand_factor,0.0,1.0,1.0,0.0,1.0,1.0,post_model_extrapolation:current_basecase:FY2045; ; ,,adjusted,Post-model overlays; default Off preserves model forecast. Scenario workbook price variables are already captured by finalist forecasts where supplied.
2045,,FY2045,Current finalist Base case,current_basecase,basecase,Current planned path,Off,Off,Off,Off,HEAVY_RUC,heavy_ruc_net_revenue,2790.0750406731727,2790.0750406731727,0.0,$m nominal ex GST,heavy_ruc_net_revenue effective rate applied to adjusted km,0.0,1.0,1.0,0.0,1.0,1.0,post_model_extrapolation:current_basecase:FY2045; ; ,,adjusted,Post-model overlays; default Off preserves model forecast. Scenario workbook price variables are already captured by finalist forecasts where supplied.
2045,,FY2045,Current finalist Base case,current_basecase,basecase,Current planned path,Off,Off,Off,Off,ROLLUP,gross_ruc_revenue,9627.563379346913,9627.563379346913,0.0,$m nominal ex GST,gross_ruc_revenue + PED/RUC component deltas,0.0,1.0,1.0,0.0,1.0,1.0,post_model_extrapolation:current_basecase:FY2045,,adjusted,Post-model overlays; default Off preserves model forecast. Scenario workbook price variables are already captured by finalist forecasts where supplied.
2045,,FY2045,Current finalist Base case,current_basecase,basecase,Current planned path,Off,Off,Off,Off,ROLLUP,ruc_revenue_net_admin,9550.551246235249,9550.551246235249,0.0,$m nominal ex GST,ruc_revenue_net_admin + PED/RUC component deltas,0.0,1.0,1.0,0.0,1.0,1.0,post_model_extrapolation:current_basecase:FY2045,,adjusted,Post-model overlays; default Off preserves model forecast. Scenario workbook price variables are already captured by finalist forecasts where supplied.
2045,,FY2045,Current finalist Base case,current_basecase,basecase,Current planned path,Off,Off,Off,Off,ROLLUP,total_ruc_net_revenue,9272.937913906948,9272.937913906948,0.0,$m nominal ex GST,total_ruc_net_revenue + PED/RUC component deltas,0.0,1.0,1.0,0.0,1.0,1.0,post_model_extrapolation:current_basecase:FY2045,,adjusted,Post-model overlays; default Off preserves model forecast. Scenario workbook price variables are already captured by finalist forecasts where supplied.
2045,,FY2045,Current finalist Base case,current_basecase,basecase,Current planned path,Off,Off,Off,Off,ROLLUP,gross_fed_revenue,3760.2453973835222,3760.2453973835222,0.0,$m nominal ex GST,gross_fed_revenue + PED/RUC component deltas,0.0,1.0,1.0,0.0,1.0,1.0,post_model_extrapolation:current_basecase:FY2045,,adjusted,Post-model overlays; default Off preserves model forecast. Scenario workbook price variables are already captured by finalist forecasts where supplied.
2045,,FY2045,Current finalist Base case,current_basecase,basecase,Current planned path,Off,Off,Off,Off,ROLLUP,net_fed_revenue,3687.9839221547395,3687.9839221547395,0.0,$m nominal ex GST,net_fed_revenue + PED/RUC component deltas,0.0,1.0,1.0,0.0,1.0,1.0,post_model_extrapolation:current_basecase:FY2045,,adjusted,Post-model overlays; default Off preserves model forecast. Scenario workbook price variables are already captured by finalist forecasts where supplied.
2045,,FY2045,Current finalist Base case,current_basecase,basecase,Current planned path,Off,Off,Off,Off,ROLLUP,total_gross_revenue,13913.222513816097,13913.222513816097,0.0,$m nominal ex GST,total_gross_revenue + PED/RUC component deltas,0.0,1.0,1.0,0.0,1.0,1.0,post_model_extrapolation:current_basecase:FY2045,,adjusted,Post-model overlays; default Off preserves model forecast. Scenario workbook price variables are already captured by finalist forecasts where supplied.
2045,,FY2045,Current finalist Base case,current_basecase,basecase,Current planned path,Off,Off,Off,Off,ROLLUP,total_revenue_net_admin,13768.313997104036,13768.313997104036,0.0,$m nominal ex GST,total_revenue_net_admin + PED/RUC component deltas,0.0,1.0,1.0,0.0,1.0,1.0,post_model_extrapolation:current_basecase:FY2045,,adjusted,Post-model overlays; default Off preserves model forecast. Scenario workbook price variables are already captured by finalist forecasts where supplied.
2045,,FY2045,Current finalist Base case,current_basecase,basecase,Current planned path,Off,Off,Off,Off,ROLLUP,total_nltf_net_revenue,13416.27178749111,13416.27178749111,0.0,$m nominal ex GST,total_nltf_net_revenue + PED/RUC component deltas,0.0,1.0,1.0,0.0,1.0,1.0,post_model_extrapolation:current_basecase:FY2045,,adjusted,Post-model overlays; default Off preserves model forecast. Scenario workbook price variables are already captured by finalist forecasts where supplied.
2046,,FY2046,Current finalist Base case,current_basecase,basecase,Current planned path,Off,Off,Off,Off,PED,light_petrol_vkt,32341.305770178973,32341.305770178973,0.0,million km,light_petrol_vkt * pt_factor * petrol_demand_factor,0.0,1.0,1.0,0.0,1.0,1.0,post_model_extrapolation:current_basecase:FY2046; ; ,,adjusted,Post-model overlays; default Off preserves model forecast. Scenario workbook price variables are already captured by finalist forecasts where supplied.
2046,,FY2046,Current finalist Base case,current_basecase,basecase,Current planned path,Off,Off,Off,Off,PED,ped_vkt_per_capita,5296.35651792441,5296.35651792441,0.0,km/person,ped_vkt_per_capita * pt_factor * petrol_demand_factor,0.0,1.0,1.0,0.0,1.0,1.0,post_model_extrapolation:current_basecase:FY2046; ; ,,adjusted,Post-model overlays; default Off preserves model forecast. Scenario workbook price variables are already captured by finalist forecasts where supplied.
2046,,FY2046,Current finalist Base case,current_basecase,basecase,Current planned path,Off,Off,Off,Off,LIGHT_RUC,light_ruc_net_km,7823.61746025536,7823.61746025536,0.0,million km,light_ruc_net_km * pt_factor * light_demand_factor,0.0,1.0,1.0,0.0,1.0,1.0,post_model_extrapolation:current_basecase:FY2046; ; ,,adjusted,Post-model overlays; default Off preserves model forecast. Scenario workbook price variables are already captured by finalist forecasts where supplied.
2046,,FY2046,Current finalist Base case,current_basecase,basecase,Current planned path,Off,Off,Off,Off,LIGHT_BEV,light_bev_ruc_net_km,34132.345577185486,34132.345577185486,0.0,million km,light_bev_ruc_net_km * pt_factor * light_demand_factor,0.0,1.0,1.0,0.0,1.0,1.0,post_model_extrapolation:current_basecase:FY2046; ; ,,adjusted,Post-model overlays; default Off preserves model forecast. Scenario workbook price variables are already captured by finalist forecasts where supplied.
2046,,FY2046,Current finalist Base case,current_basecase,basecase,Current planned path,Off,Off,Off,Off,PHEV,phev_ruc_net_km,3589.234865976725,3589.234865976725,0.0,million km,phev_ruc_net_km * pt_factor * light_demand_factor,0.0,1.0,1.0,0.0,1.0,1.0,post_model_extrapolation:current_basecase:FY2046; ; ,,adjusted,Post-model overlays; default Off preserves model forecast. Scenario workbook price variables are already captured by finalist forecasts where supplied.
2046,,FY2046,Current finalist Base case,current_basecase,basecase,Current planned path,Off,Off,Off,Off,LIGHT_RUC,current_light_ruc_conventional_modelled_km,7823.61746025536,7823.61746025536,0.0,million km,current_light_ruc_conventional_modelled_km * pt_factor * light_demand_factor,0.0,1.0,1.0,0.0,1.0,1.0,post_model_extrapolation:current_basecase:FY2046; ; ,,adjusted,Post-model overlays; default Off preserves model forecast. Scenario workbook price variables are already captured by finalist forecasts where supplied.
2046,,FY2046,Current finalist Base case,current_basecase,basecase,Current planned path,Off,Off,Off,Off,LIGHT_RUC,light_ruc_net_revenue,1182.9309599906146,1182.9309599906146,0.0,$m nominal ex GST,light_ruc_net_revenue effective rate applied to adjusted km,0.0,1.0,1.0,0.0,1.0,1.0,post_model_extrapolation:current_basecase:FY2046; ; ,,adjusted,Post-model overlays; default Off preserves model forecast. Scenario workbook price variables are already captured by finalist forecasts where supplied.
2046,,FY2046,Current finalist Base case,current_basecase,basecase,Current planned path,Off,Off,Off,Off,LIGHT_BEV,light_bev_ruc_net_revenue,5160.8106512704435,5160.8106512704435,0.0,$m nominal ex GST,light_bev_ruc_net_revenue effective rate applied to adjusted km,0.0,1.0,1.0,0.0,1.0,1.0,post_model_extrapolation:current_basecase:FY2046; ; ,,adjusted,Post-model overlays; default Off preserves model forecast. Scenario workbook price variables are already captured by finalist forecasts where supplied.
2046,,FY2046,Current finalist Base case,current_basecase,basecase,Current planned path,Off,Off,Off,Off,PHEV,phev_ruc_net_revenue,267.63129778155457,267.63129778155457,0.0,$m nominal ex GST,phev_ruc_net_revenue effective rate applied to adjusted km,0.0,1.0,1.0,0.0,1.0,1.0,post_model_extrapolation:current_basecase:FY2046; ; ,,adjusted,Post-model overlays; default Off preserves model forecast. Scenario workbook price variables are already captured by finalist forecasts where supplied.
2046,,FY2046,Current finalist Base case,current_basecase,basecase,Current planned path,Off,Off,Off,Off,HEAVY_RUC,heavy_ruc_net_km,4640.124917236298,4640.124917236298,0.0,million km,heavy_ruc_net_km * freight_factor * heavy_demand_factor,0.0,1.0,1.0,0.0,1.0,1.0,post_model_extrapolation:current_basecase:FY2046; ; ,,adjusted,Post-model overlays; default Off preserves model forecast. Scenario workbook price variables are already captured by finalist forecasts where supplied.
2046,,FY2046,Current finalist Base case,current_basecase,basecase,Current planned path,Off,Off,Off,Off,HEAVY_RUC,heavy_ruc_net_revenue,2879.6383230122683,2879.6383230122683,0.0,$m nominal ex GST,heavy_ruc_net_revenue effective rate applied to adjusted km,0.0,1.0,1.0,0.0,1.0,1.0,post_model_extrapolation:current_basecase:FY2046; ; ,,adjusted,Post-model overlays; default Off preserves model forecast. Scenario workbook price variables are already captured by finalist forecasts where supplied.
2046,,FY2046,Current finalist Base case,current_basecase,basecase,Current planned path,Off,Off,Off,Off,ROLLUP,gross_ruc_revenue,10249.28824545285,10249.28824545285,0.0,$m nominal ex GST,gross_ruc_revenue + PED/RUC component deltas,0.0,1.0,1.0,0.0,1.0,1.0,post_model_extrapolation:current_basecase:FY2046,,adjusted,Post-model overlays; default Off preserves model forecast. Scenario workbook price variables are already captured by finalist forecasts where supplied.
2046,,FY2046,Current finalist Base case,current_basecase,basecase,Current planned path,Off,Off,Off,Off,ROLLUP,ruc_revenue_net_admin,10169.285961069396,10169.285961069396,0.0,$m nominal ex GST,ruc_revenue_net_admin + PED/RUC component deltas,0.0,1.0,1.0,0.0,1.0,1.0,post_model_extrapolation:current_basecase:FY2046,,adjusted,Post-model overlays; default Off preserves model forecast. Scenario workbook price variables are already captured by finalist forecasts where supplied.
2046,,FY2046,Current finalist Base case,current_basecase,basecase,Current planned path,Off,Off,Off,Off,ROLLUP,total_ruc_net_revenue,9875.572005670985,9875.572005670985,0.0,$m nominal ex GST,total_ruc_net_revenue + PED/RUC component deltas,0.0,1.0,1.0,0.0,1.0,1.0,post_model_extrapolation:current_basecase:FY2046,,adjusted,Post-model overlays; default Off preserves model forecast. Scenario workbook price variables are already captured by finalist forecasts where supplied.
2046,,FY2046,Current finalist Base case,current_basecase,basecase,Current planned path,Off,Off,Off,Off,ROLLUP,gross_fed_revenue,3807.377693416691,3807.377693416691,0.0,$m nominal ex GST,gross_fed_revenue + PED/RUC component deltas,0.0,1.0,1.0,0.0,1.0,1.0,post_model_extrapolation:current_basecase:FY2046,,adjusted,Post-model overlays; default Off preserves model forecast. Scenario workbook price variables are already captured by finalist forecasts where supplied.
2046,,FY2046,Current finalist Base case,current_basecase,basecase,Current planned path,Off,Off,Off,Off,ROLLUP,net_fed_revenue,3740.6989594192937,3740.6989594192937,0.0,$m nominal ex GST,net_fed_revenue + PED/RUC component deltas,0.0,1.0,1.0,0.0,1.0,1.0,post_model_extrapolation:current_basecase:FY2046,,adjusted,Post-model overlays; default Off preserves model forecast. Scenario workbook price variables are already captured by finalist forecasts where supplied.
2046,,FY2046,Current finalist Base case,current_basecase,basecase,Current planned path,Off,Off,Off,Off,ROLLUP,total_gross_revenue,14580.401154685624,14580.401154685624,0.0,$m nominal ex GST,total_gross_revenue + PED/RUC component deltas,0.0,1.0,1.0,0.0,1.0,1.0,post_model_extrapolation:current_basecase:FY2046,,adjusted,Post-model overlays; default Off preserves model forecast. Scenario workbook price variables are already captured by finalist forecasts where supplied.
2046,,FY2046,Current finalist Base case,current_basecase,basecase,Current planned path,Off,Off,Off,Off,ROLLUP,total_revenue_net_admin,14432.626790731556,14432.626790731556,0.0,$m nominal ex GST,total_revenue_net_admin + PED/RUC component deltas,0.0,1.0,1.0,0.0,1.0,1.0,post_model_extrapolation:current_basecase:FY2046,,adjusted,Post-model overlays; default Off preserves model forecast. Scenario workbook price variables are already captured by finalist forecasts where supplied.
2046,,FY2046,Current finalist Base case,current_basecase,basecase,Current planned path,Off,Off,Off,Off,ROLLUP,total_nltf_net_revenue,14070.046447147897,14070.046447147897,0.0,$m nominal ex GST,total_nltf_net_revenue + PED/RUC component deltas,0.0,1.0,1.0,0.0,1.0,1.0,post_model_extrapolation:current_basecase:FY2046,,adjusted,Post-model overlays; default Off preserves model forecast. Scenario workbook price variables are already captured by finalist forecasts where supplied.
2047,,FY2047,Current finalist Base case,current_basecase,basecase,Current planned path,Off,Off,Off,Off,PED,light_petrol_vkt,32300.21701941286,32300.21701941286,0.0,million km,light_petrol_vkt * pt_factor * petrol_demand_factor,0.0,1.0,1.0,0.0,1.0,1.0,post_model_extrapolation:current_basecase:FY2047; ; ,,adjusted,Post-model overlays; default Off preserves model forecast. Scenario workbook price variables are already captured by finalist forecasts where supplied.
2047,,FY2047,Current finalist Base case,current_basecase,basecase,Current planned path,Off,Off,Off,Off,PED,ped_vkt_per_capita,5260.693824413342,5260.693824413342,0.0,km/person,ped_vkt_per_capita * pt_factor * petrol_demand_factor,0.0,1.0,1.0,0.0,1.0,1.0,post_model_extrapolation:current_basecase:FY2047; ; ,,adjusted,Post-model overlays; default Off preserves model forecast. Scenario workbook price variables are already captured by finalist forecasts where supplied.
2047,,FY2047,Current finalist Base case,current_basecase,basecase,Current planned path,Off,Off,Off,Off,LIGHT_RUC,light_ruc_net_km,7423.469400556028,7423.469400556028,0.0,million km,light_ruc_net_km * pt_factor * light_demand_factor,0.0,1.0,1.0,0.0,1.0,1.0,post_model_extrapolation:current_basecase:FY2047; ; ,,adjusted,Post-model overlays; default Off preserves model forecast. Scenario workbook price variables are already captured by finalist forecasts where supplied.
2047,,FY2047,Current finalist Base case,current_basecase,basecase,Current planned path,Off,Off,Off,Off,LIGHT_BEV,light_bev_ruc_net_km,36547.57689679175,36547.57689679175,0.0,million km,light_bev_ruc_net_km * pt_factor * light_demand_factor,0.0,1.0,1.0,0.0,1.0,1.0,post_model_extrapolation:current_basecase:FY2047; ; ,,adjusted,Post-model overlays; default Off preserves model forecast. Scenario workbook price variables are already captured by finalist forecasts where supplied.
2047,,FY2047,Current finalist Base case,current_basecase,basecase,Current planned path,Off,Off,Off,Off,PHEV,phev_ruc_net_km,3458.413953080477,3458.413953080477,0.0,million km,phev_ruc_net_km * pt_factor * light_demand_factor,0.0,1.0,1.0,0.0,1.0,1.0,post_model_extrapolation:current_basecase:FY2047; ; ,,adjusted,Post-model overlays; default Off preserves model forecast. Scenario workbook price variables are already captured by finalist forecasts where supplied.
2047,,FY2047,Current finalist Base case,current_basecase,basecase,Current planned path,Off,Off,Off,Off,LIGHT_RUC,current_light_ruc_conventional_modelled_km,7423.469400556028,7423.469400556028,0.0,million km,current_light_ruc_conventional_modelled_km * pt_factor * light_demand_factor,0.0,1.0,1.0,0.0,1.0,1.0,post_model_extrapolation:current_basecase:FY2047; ; ,,adjusted,Post-model overlays; default Off preserves model forecast. Scenario workbook price variables are already captured by finalist forecasts where supplied.
2047,,FY2047,Current finalist Base case,current_basecase,basecase,Current planned path,Off,Off,Off,Off,LIGHT_RUC,light_ruc_net_revenue,1150.8233438211962,1150.8233438211962,0.0,$m nominal ex GST,light_ruc_net_revenue effective rate applied to adjusted km,0.0,1.0,1.0,0.0,1.0,1.0,post_model_extrapolation:current_basecase:FY2047; ; ,,adjusted,Post-model overlays; default Off preserves model forecast. Scenario workbook price variables are already captured by finalist forecasts where supplied.
2047,,FY2047,Current finalist Base case,current_basecase,basecase,Current planned path,Off,Off,Off,Off,LIGHT_BEV,light_bev_ruc_net_revenue,5665.788108425133,5665.788108425133,0.0,$m nominal ex GST,light_bev_ruc_net_revenue effective rate applied to adjusted km,0.0,1.0,1.0,0.0,1.0,1.0,post_model_extrapolation:current_basecase:FY2047; ; ,,adjusted,Post-model overlays; default Off preserves model forecast. Scenario workbook price variables are already captured by finalist forecasts where supplied.
2047,,FY2047,Current finalist Base case,current_basecase,basecase,Current planned path,Off,Off,Off,Off,PHEV,phev_ruc_net_revenue,264.39574671300215,264.39574671300215,0.0,$m nominal ex GST,phev_ruc_net_revenue effective rate applied to adjusted km,0.0,1.0,1.0,0.0,1.0,1.0,post_model_extrapolation:current_basecase:FY2047; ; ,,adjusted,Post-model overlays; default Off preserves model forecast. Scenario workbook price variables are already captured by finalist forecasts where supplied.
2047,,FY2047,Current finalist Base case,current_basecase,basecase,Current planned path,Off,Off,Off,Off,HEAVY_RUC,heavy_ruc_net_km,4668.153375396992,4668.153375396992,0.0,million km,heavy_ruc_net_km * freight_factor * heavy_demand_factor,0.0,1.0,1.0,0.0,1.0,1.0,post_model_extrapolation:current_basecase:FY2047; ; ,,adjusted,Post-model overlays; default Off preserves model forecast. Scenario workbook price variables are already captured by finalist forecasts where supplied.
2047,,FY2047,Current finalist Base case,current_basecase,basecase,Current planned path,Off,Off,Off,Off,HEAVY_RUC,heavy_ruc_net_revenue,2970.369333531982,2970.369333531982,0.0,$m nominal ex GST,heavy_ruc_net_revenue effective rate applied to adjusted km,0.0,1.0,1.0,0.0,1.0,1.0,post_model_extrapolation:current_basecase:FY2047; ; ,,adjusted,Post-model overlays; default Off preserves model forecast. Scenario workbook price variables are already captured by finalist forecasts where supplied.
2047,,FY2047,Current finalist Base case,current_basecase,basecase,Current planned path,Off,Off,Off,Off,ROLLUP,gross_ruc_revenue,10892.019632482095,10892.019632482095,0.0,$m nominal ex GST,gross_ruc_revenue + PED/RUC component deltas,0.0,1.0,1.0,0.0,1.0,1.0,post_model_extrapolation:current_basecase:FY2047,,adjusted,Post-model overlays; default Off preserves model forecast. Scenario workbook price variables are already captured by finalist forecasts where supplied.
2047,,FY2047,Current finalist Base case,current_basecase,basecase,Current planned path,Off,Off,Off,Off,ROLLUP,ruc_revenue_net_admin,10809.064145508213,10809.064145508213,0.0,$m nominal ex GST,ruc_revenue_net_admin + PED/RUC component deltas,0.0,1.0,1.0,0.0,1.0,1.0,post_model_extrapolation:current_basecase:FY2047,,adjusted,Post-model overlays; default Off preserves model forecast. Scenario workbook price variables are already captured by finalist forecasts where supplied.
2047,,FY2047,Current finalist Base case,current_basecase,basecase,Current planned path,Off,Off,Off,Off,ROLLUP,total_ruc_net_revenue,10498.86179330227,10498.86179330227,0.0,$m nominal ex GST,total_ruc_net_revenue + PED/RUC component deltas,0.0,1.0,1.0,0.0,1.0,1.0,post_model_extrapolation:current_basecase:FY2047,,adjusted,Post-model overlays; default Off preserves model forecast. Scenario workbook price variables are already captured by finalist forecasts where supplied.
2047,,FY2047,Current finalist Base case,current_basecase,basecase,Current planned path,Off,Off,Off,Off,ROLLUP,gross_fed_revenue,3852.1623999377525,3852.1623999377525,0.0,$m nominal ex GST,gross_fed_revenue + PED/RUC component deltas,0.0,1.0,1.0,0.0,1.0,1.0,post_model_extrapolation:current_basecase:FY2047,,adjusted,Post-model overlays; default Off preserves model forecast. Scenario workbook price variables are already captured by finalist forecasts where supplied.
2047,,FY2047,Current finalist Base case,current_basecase,basecase,Current planned path,Off,Off,Off,Off,ROLLUP,net_fed_revenue,3790.720667288492,3790.720667288492,0.0,$m nominal ex GST,net_fed_revenue + PED/RUC component deltas,0.0,1.0,1.0,0.0,1.0,1.0,post_model_extrapolation:current_basecase:FY2047,,adjusted,Post-model overlays; default Off preserves model forecast. Scenario workbook price variables are already captured by finalist forecasts where supplied.
2047,,FY2047,Current finalist Base case,current_basecase,basecase,Current planned path,Off,Off,Off,Off,ROLLUP,total_gross_revenue,15266.32991440313,15266.32991440313,0.0,$m nominal ex GST,total_gross_revenue + PED/RUC component deltas,0.0,1.0,1.0,0.0,1.0,1.0,post_model_extrapolation:current_basecase:FY2047,,adjusted,Post-model overlays; default Off preserves model forecast. Scenario workbook price variables are already captured by finalist forecasts where supplied.
2047,,FY2047,Current finalist Base case,current_basecase,basecase,Current planned path,Off,Off,Off,Off,ROLLUP,total_revenue_net_admin,15115.719704653306,15115.719704653306,0.0,$m nominal ex GST,total_revenue_net_admin + PED/RUC component deltas,0.0,1.0,1.0,0.0,1.0,1.0,post_model_extrapolation:current_basecase:FY2047,,adjusted,Post-model overlays; default Off preserves model forecast. Scenario workbook price variables are already captured by finalist forecasts where supplied.
2047,,FY2047,Current finalist Base case,current_basecase,basecase,Current planned path,Off,Off,Off,Off,ROLLUP,total_nltf_net_revenue,14741.867174539466,14741.867174539466,0.0,$m nominal ex GST,total_nltf_net_revenue + PED/RUC component deltas,0.0,1.0,1.0,0.0,1.0,1.0,post_model_extrapolation:current_basecase:FY2047,,adjusted,Post-model overlays; default Off preserves model forecast. Scenario workbook price variables are already captured by finalist forecasts where supplied.
2048,,FY2048,Current finalist Base case,current_basecase,basecase,Current planned path,Off,Off,Off,Off,PED,light_petrol_vkt,32259.18534910881,32259.18534910881,0.0,million km,light_petrol_vkt * pt_factor * petrol_demand_factor,0.0,1.0,1.0,0.0,1.0,1.0,post_model_extrapolation:current_basecase:FY2048; ; ,,adjusted,Post-model overlays; default Off preserves model forecast. Scenario workbook price variables are already captured by finalist forecasts where supplied.
2048,,FY2048,Current finalist Base case,current_basecase,basecase,Current planned path,Off,Off,Off,Off,PED,ped_vkt_per_capita,5225.272053652305,5225.272053652305,0.0,km/person,ped_vkt_per_capita * pt_factor * petrol_demand_factor,0.0,1.0,1.0,0.0,1.0,1.0,post_model_extrapolation:current_basecase:FY2048; ; ,,adjusted,Post-model overlays; default Off preserves model forecast. Scenario workbook price variables are already captured by finalist forecasts where supplied.
2048,,FY2048,Current finalist Base case,current_basecase,basecase,Current planned path,Off,Off,Off,Off,LIGHT_RUC,light_ruc_net_km,7035.468939563513,7035.468939563513,0.0,million km,light_ruc_net_km * pt_factor * light_demand_factor,0.0,1.0,1.0,0.0,1.0,1.0,post_model_extrapolation:current_basecase:FY2048; ; ,,adjusted,Post-model overlays; default Off preserves model forecast. Scenario workbook price variables are already captured by finalist forecasts where supplied.
2048,,FY2048,Current finalist Base case,current_basecase,basecase,Current planned path,Off,Off,Off,Off,LIGHT_BEV,light_bev_ruc_net_km,38956.21478118727,38956.21478118727,0.0,million km,light_bev_ruc_net_km * pt_factor * light_demand_factor,0.0,1.0,1.0,0.0,1.0,1.0,post_model_extrapolation:current_basecase:FY2048; ; ,,adjusted,Post-model overlays; default Off preserves model forecast. Scenario workbook price variables are already captured by finalist forecasts where supplied.
2048,,FY2048,Current finalist Base case,current_basecase,basecase,Current planned path,Off,Off,Off,Off,PHEV,phev_ruc_net_km,3335.0283283518806,3335.0283283518806,0.0,million km,phev_ruc_net_km * pt_factor * light_demand_factor,0.0,1.0,1.0,0.0,1.0,1.0,post_model_extrapolation:current_basecase:FY2048; ; ,,adjusted,Post-model overlays; default Off preserves model forecast. Scenario workbook price variables are already captured by finalist forecasts where supplied.
2048,,FY2048,Current finalist Base case,current_basecase,basecase,Current planned path,Off,Off,Off,Off,LIGHT_RUC,current_light_ruc_conventional_modelled_km,7035.468939563513,7035.468939563513,0.0,million km,current_light_ruc_conventional_modelled_km * pt_factor * light_demand_factor,0.0,1.0,1.0,0.0,1.0,1.0,post_model_extrapolation:current_basecase:FY2048; ; ,,adjusted,Post-model overlays; default Off preserves model forecast. Scenario workbook price variables are already captured by finalist forecasts where supplied.
2048,,FY2048,Current finalist Base case,current_basecase,basecase,Current planned path,Off,Off,Off,Off,LIGHT_RUC,light_ruc_net_revenue,1117.6194183943664,1117.6194183943664,0.0,$m nominal ex GST,light_ruc_net_revenue effective rate applied to adjusted km,0.0,1.0,1.0,0.0,1.0,1.0,post_model_extrapolation:current_basecase:FY2048; ; ,,adjusted,Post-model overlays; default Off preserves model forecast. Scenario workbook price variables are already captured by finalist forecasts where supplied.
2048,,FY2048,Current finalist Base case,current_basecase,basecase,Current planned path,Off,Off,Off,Off,LIGHT_BEV,light_bev_ruc_net_revenue,6188.38949906551,6188.38949906551,0.0,$m nominal ex GST,light_bev_ruc_net_revenue effective rate applied to adjusted km,0.0,1.0,1.0,0.0,1.0,1.0,post_model_extrapolation:current_basecase:FY2048; ; ,,adjusted,Post-model overlays; default Off preserves model forecast. Scenario workbook price variables are already captured by finalist forecasts where supplied.
2048,,FY2048,Current finalist Base case,current_basecase,basecase,Current planned path,Off,Off,Off,Off,PHEV,phev_ruc_net_revenue,261.2494441014448,261.2494441014448,0.0,$m nominal ex GST,phev_ruc_net_revenue effective rate applied to adjusted km,0.0,1.0,1.0,0.0,1.0,1.0,post_model_extrapolation:current_basecase:FY2048; ; ,,adjusted,Post-model overlays; default Off preserves model forecast. Scenario workbook price variables are already captured by finalist forecasts where supplied.
2048,,FY2048,Current finalist Base case,current_basecase,basecase,Current planned path,Off,Off,Off,Off,HEAVY_RUC,heavy_ruc_net_km,4696.665573810622,4696.665573810622,0.0,million km,heavy_ruc_net_km * freight_factor * heavy_demand_factor,0.0,1.0,1.0,0.0,1.0,1.0,post_model_extrapolation:current_basecase:FY2048; ; ,,adjusted,Post-model overlays; default Off preserves model forecast. Scenario workbook price variables are already captured by finalist forecasts where supplied.
2048,,FY2048,Current finalist Base case,current_basecase,basecase,Current planned path,Off,Off,Off,Off,HEAVY_RUC,heavy_ruc_net_revenue,3062.2964041081336,3062.2964041081336,0.0,$m nominal ex GST,heavy_ruc_net_revenue effective rate applied to adjusted km,0.0,1.0,1.0,0.0,1.0,1.0,post_model_extrapolation:current_basecase:FY2048; ; ,,adjusted,Post-model overlays; default Off preserves model forecast. Scenario workbook price variables are already captured by finalist forecasts where supplied.
2048,,FY2048,Current finalist Base case,current_basecase,basecase,Current planned path,Off,Off,Off,Off,ROLLUP,gross_ruc_revenue,11560.203131416423,11560.203131416423,0.0,$m nominal ex GST,gross_ruc_revenue + PED/RUC component deltas,0.0,1.0,1.0,0.0,1.0,1.0,post_model_extrapolation:current_basecase:FY2048,,adjusted,Post-model overlays; default Off preserves model forecast. Scenario workbook price variables are already captured by finalist forecasts where supplied.
2048,,FY2048,Current finalist Base case,current_basecase,basecase,Current planned path,Off,Off,Off,Off,ROLLUP,ruc_revenue_net_admin,11474.159382139997,11474.159382139997,0.0,$m nominal ex GST,ruc_revenue_net_admin + PED/RUC component deltas,0.0,1.0,1.0,0.0,1.0,1.0,post_model_extrapolation:current_basecase:FY2048,,adjusted,Post-model overlays; default Off preserves model forecast. Scenario workbook price variables are already captured by finalist forecasts where supplied.
2048,,FY2048,Current finalist Base case,current_basecase,basecase,Current planned path,Off,Off,Off,Off,ROLLUP,total_ruc_net_revenue,11146.580373704452,11146.580373704452,0.0,$m nominal ex GST,total_ruc_net_revenue + PED/RUC component deltas,0.0,1.0,1.0,0.0,1.0,1.0,post_model_extrapolation:current_basecase:FY2048,,adjusted,Post-model overlays; default Off preserves model forecast. Scenario workbook price variables are already captured by finalist forecasts where supplied.
2048,,FY2048,Current finalist Base case,current_basecase,basecase,Current planned path,Off,Off,Off,Off,ROLLUP,gross_fed_revenue,3894.6732443547658,3894.6732443547658,0.0,$m nominal ex GST,gross_fed_revenue + PED/RUC component deltas,0.0,1.0,1.0,0.0,1.0,1.0,post_model_extrapolation:current_basecase:FY2048,,adjusted,Post-model overlays; default Off preserves model forecast. Scenario workbook price variables are already captured by finalist forecasts where supplied.
2048,,FY2048,Current finalist Base case,current_basecase,basecase,Current planned path,Off,Off,Off,Off,ROLLUP,net_fed_revenue,3838.047812502333,3838.047812502333,0.0,$m nominal ex GST,net_fed_revenue + PED/RUC component deltas,0.0,1.0,1.0,0.0,1.0,1.0,post_model_extrapolation:current_basecase:FY2048,,adjusted,Post-model overlays; default Off preserves model forecast. Scenario workbook price variables are already captured by finalist forecasts where supplied.
2048,,FY2048,Current finalist Base case,current_basecase,basecase,Current planned path,Off,Off,Off,Off,ROLLUP,total_gross_revenue,15975.520282979069,15975.520282979069,0.0,$m nominal ex GST,total_gross_revenue + PED/RUC component deltas,0.0,1.0,1.0,0.0,1.0,1.0,post_model_extrapolation:current_basecase:FY2048,,adjusted,Post-model overlays; default Off preserves model forecast. Scenario workbook price variables are already captured by finalist forecasts where supplied.
2048,,FY2048,Current finalist Base case,current_basecase,basecase,Current planned path,Off,Off,Off,Off,ROLLUP,total_revenue_net_admin,15821.932800451708,15821.932800451708,0.0,$m nominal ex GST,total_revenue_net_admin + PED/RUC component deltas,0.0,1.0,1.0,0.0,1.0,1.0,post_model_extrapolation:current_basecase:FY2048,,adjusted,Post-model overlays; default Off preserves model forecast. Scenario workbook price variables are already captured by finalist forecasts where supplied.
2048,,FY2048,Current finalist Base case,current_basecase,basecase,Current planned path,Off,Off,Off,Off,ROLLUP,total_nltf_net_revenue,15435.498604002172,15435.498604002172,0.0,$m nominal ex GST,total_nltf_net_revenue + PED/RUC component deltas,0.0,1.0,1.0,0.0,1.0,1.0,post_model_extrapolation:current_basecase:FY2048,,adjusted,Post-model overlays; default Off preserves model forecast. Scenario workbook price variables are already captured by finalist forecasts where supplied.
2049,,FY2049,Current finalist Base case,current_basecase,basecase,Current planned path,Off,Off,Off,Off,PED,light_petrol_vkt,32218.210684590744,32218.210684590744,0.0,million km,light_petrol_vkt * pt_factor * petrol_demand_factor,0.0,1.0,1.0,0.0,1.0,1.0,post_model_extrapolation:current_basecase:FY2049; ; ,,adjusted,Post-model overlays; default Off preserves model forecast. Scenario workbook price variables are already captured by finalist forecasts where supplied.
2049,,FY2049,Current finalist Base case,current_basecase,basecase,Current planned path,Off,Off,Off,Off,PED,ped_vkt_per_capita,5190.08957441076,5190.08957441076,0.0,km/person,ped_vkt_per_capita * pt_factor * petrol_demand_factor,0.0,1.0,1.0,0.0,1.0,1.0,post_model_extrapolation:current_basecase:FY2049; ; ,,adjusted,Post-model overlays; default Off preserves model forecast. Scenario workbook price variables are already captured by finalist forecasts where supplied.
2049,,FY2049,Current finalist Base case,current_basecase,basecase,Current planned path,Off,Off,Off,Off,LIGHT_RUC,light_ruc_net_km,6654.1728255871385,6654.1728255871385,0.0,million km,light_ruc_net_km * pt_factor * light_demand_factor,0.0,1.0,1.0,0.0,1.0,1.0,post_model_extrapolation:current_basecase:FY2049; ; ,,adjusted,Post-model overlays; default Off preserves model forecast. Scenario workbook price variables are already captured by finalist forecasts where supplied.
2049,,FY2049,Current finalist Base case,current_basecase,basecase,Current planned path,Off,Off,Off,Off,LIGHT_BEV,light_bev_ruc_net_km,41169.16671282177,41169.16671282177,0.0,million km,light_bev_ruc_net_km * pt_factor * light_demand_factor,0.0,1.0,1.0,0.0,1.0,1.0,post_model_extrapolation:current_basecase:FY2049; ; ,,adjusted,Post-model overlays; default Off preserves model forecast. Scenario workbook price variables are already captured by finalist forecasts where supplied.
2049,,FY2049,Current finalist Base case,current_basecase,basecase,Current planned path,Off,Off,Off,Off,PHEV,phev_ruc_net_km,3209.506734979682,3209.506734979682,0.0,million km,phev_ruc_net_km * pt_factor * light_demand_factor,0.0,1.0,1.0,0.0,1.0,1.0,post_model_extrapolation:current_basecase:FY2049; ; ,,adjusted,Post-model overlays; default Off preserves model forecast. Scenario workbook price variables are already captured by finalist forecasts where supplied.
2049,,FY2049,Current finalist Base case,current_basecase,basecase,Current planned path,Off,Off,Off,Off,LIGHT_RUC,current_light_ruc_conventional_modelled_km,6654.1728255871385,6654.1728255871385,0.0,million km,current_light_ruc_conventional_modelled_km * pt_factor * light_demand_factor,0.0,1.0,1.0,0.0,1.0,1.0,post_model_extrapolation:current_basecase:FY2049; ; ,,adjusted,Post-model overlays; default Off preserves model forecast. Scenario workbook price variables are already captured by finalist forecasts where supplied.
2049,,FY2049,Current finalist Base case,current_basecase,basecase,Current planned path,Off,Off,Off,Off,LIGHT_RUC,light_ruc_net_revenue,1082.5341061306387,1082.5341061306387,0.0,$m nominal ex GST,light_ruc_net_revenue effective rate applied to adjusted km,0.0,1.0,1.0,0.0,1.0,1.0,post_model_extrapolation:current_basecase:FY2049; ; ,,adjusted,Post-model overlays; default Off preserves model forecast. Scenario workbook price variables are already captured by finalist forecasts where supplied.
2049,,FY2049,Current finalist Base case,current_basecase,basecase,Current planned path,Off,Off,Off,Off,LIGHT_BEV,light_bev_ruc_net_revenue,6697.6058866754065,6697.6058866754065,0.0,$m nominal ex GST,light_bev_ruc_net_revenue effective rate applied to adjusted km,0.0,1.0,1.0,0.0,1.0,1.0,post_model_extrapolation:current_basecase:FY2049; ; ,,adjusted,Post-model overlays; default Off preserves model forecast. Scenario workbook price variables are already captured by finalist forecasts where supplied.
2049,,FY2049,Current finalist Base case,current_basecase,basecase,Current planned path,Off,Off,Off,Off,PHEV,phev_ruc_net_revenue,257.48267781374483,257.48267781374483,0.0,$m nominal ex GST,phev_ruc_net_revenue effective rate applied to adjusted km,0.0,1.0,1.0,0.0,1.0,1.0,post_model_extrapolation:current_basecase:FY2049; ; ,,adjusted,Post-model overlays; default Off preserves model forecast. Scenario workbook price variables are already captured by finalist forecasts where supplied.
2049,,FY2049,Current finalist Base case,current_basecase,basecase,Current planned path,Off,Off,Off,Off,HEAVY_RUC,heavy_ruc_net_km,4725.670894176879,4725.670894176879,0.0,million km,heavy_ruc_net_km * freight_factor * heavy_demand_factor,0.0,1.0,1.0,0.0,1.0,1.0,post_model_extrapolation:current_basecase:FY2049; ; ,,adjusted,Post-model overlays; default Off preserves model forecast. Scenario workbook price variables are already captured by finalist forecasts where supplied.
2049,,FY2049,Current finalist Base case,current_basecase,basecase,Current planned path,Off,Off,Off,Off,HEAVY_RUC,heavy_ruc_net_revenue,3155.448597814252,3155.448597814252,0.0,$m nominal ex GST,heavy_ruc_net_revenue effective rate applied to adjusted km,0.0,1.0,1.0,0.0,1.0,1.0,post_model_extrapolation:current_basecase:FY2049; ; ,,adjusted,Post-model overlays; default Off preserves model forecast. Scenario workbook price variables are already captured by finalist forecasts where supplied.
2049,,FY2049,Current finalist Base case,current_basecase,basecase,Current planned path,Off,Off,Off,Off,ROLLUP,gross_ruc_revenue,12219.923523180367,12219.923523180367,0.0,$m nominal ex GST,gross_ruc_revenue + PED/RUC component deltas,0.0,1.0,1.0,0.0,1.0,1.0,post_model_extrapolation:current_basecase:FY2049,,adjusted,Post-model overlays; default Off preserves model forecast. Scenario workbook price variables are already captured by finalist forecasts where supplied.
2049,,FY2049,Current finalist Base case,current_basecase,basecase,Current planned path,Off,Off,Off,Off,ROLLUP,ruc_revenue_net_admin,12131.102116632106,12131.102116632106,0.0,$m nominal ex GST,ruc_revenue_net_admin + PED/RUC component deltas,0.0,1.0,1.0,0.0,1.0,1.0,post_model_extrapolation:current_basecase:FY2049,,adjusted,Post-model overlays; default Off preserves model forecast. Scenario workbook price variables are already captured by finalist forecasts where supplied.
2049,,FY2049,Current finalist Base case,current_basecase,basecase,Current planned path,Off,Off,Off,Off,ROLLUP,total_ruc_net_revenue,11786.584602840112,11786.584602840112,0.0,$m nominal ex GST,total_ruc_net_revenue + PED/RUC component deltas,0.0,1.0,1.0,0.0,1.0,1.0,post_model_extrapolation:current_basecase:FY2049,,adjusted,Post-model overlays; default Off preserves model forecast. Scenario workbook price variables are already captured by finalist forecasts where supplied.
2049,,FY2049,Current finalist Base case,current_basecase,basecase,Current planned path,Off,Off,Off,Off,ROLLUP,gross_fed_revenue,3934.794434983031,3934.794434983031,0.0,$m nominal ex GST,gross_fed_revenue + PED/RUC component deltas,0.0,1.0,1.0,0.0,1.0,1.0,post_model_extrapolation:current_basecase:FY2049,,adjusted,Post-model overlays; default Off preserves model forecast. Scenario workbook price variables are already captured by finalist forecasts where supplied.
2049,,FY2049,Current finalist Base case,current_basecase,basecase,Current planned path,Off,Off,Off,Off,ROLLUP,net_fed_revenue,3882.6584917688265,3882.6584917688265,0.0,$m nominal ex GST,net_fed_revenue + PED/RUC component deltas,0.0,1.0,1.0,0.0,1.0,1.0,post_model_extrapolation:current_basecase:FY2049,,adjusted,Post-model overlays; default Off preserves model forecast. Scenario workbook price variables are already captured by finalist forecasts where supplied.
2049,,FY2049,Current finalist Base case,current_basecase,basecase,Current planned path,Off,Off,Off,Off,ROLLUP,total_gross_revenue,16673.934192282744,16673.934192282744,0.0,$m nominal ex GST,total_gross_revenue + PED/RUC component deltas,0.0,1.0,1.0,0.0,1.0,1.0,post_model_extrapolation:current_basecase:FY2049,,adjusted,Post-model overlays; default Off preserves model forecast. Scenario workbook price variables are already captured by finalist forecasts where supplied.
2049,,FY2049,Current finalist Base case,current_basecase,basecase,Current planned path,Off,Off,Off,Off,ROLLUP,total_revenue_net_admin,16517.674202525304,16517.674202525304,0.0,$m nominal ex GST,total_revenue_net_admin + PED/RUC component deltas,0.0,1.0,1.0,0.0,1.0,1.0,post_model_extrapolation:current_basecase:FY2049,,adjusted,Post-model overlays; default Off preserves model forecast. Scenario workbook price variables are already captured by finalist forecasts where supplied.
2049,,FY2049,Current finalist Base case,current_basecase,basecase,Current planned path,Off,Off,Off,Off,ROLLUP,total_nltf_net_revenue,16118.769175679667,16118.769175679667,0.0,$m nominal ex GST,total_nltf_net_revenue + PED/RUC component deltas,0.0,1.0,1.0,0.0,1.0,1.0,post_model_extrapolation:current_basecase:FY2049,,adjusted,Post-model overlays; default Off preserves model forecast. Scenario workbook price variables are already captured by finalist forecasts where supplied.
2050,,FY2050,Current finalist Base case,current_basecase,basecase,Current planned path,Off,Off,Off,Off,PED,light_petrol_vkt,32177.292951388936,32177.292951388936,0.0,million km,light_petrol_vkt * pt_factor * petrol_demand_factor,0.0,1.0,1.0,0.0,1.0,1.0,post_model_extrapolation:current_basecase:FY2050; ; ,,adjusted,Post-model overlays; default Off preserves model forecast. Scenario workbook price variables are already captured by finalist forecasts where supplied.
2050,,FY2050,Current finalist Base case,current_basecase,basecase,Current planned path,Off,Off,Off,Off,PED,ped_vkt_per_capita,5155.144766536467,5155.144766536467,0.0,km/person,ped_vkt_per_capita * pt_factor * petrol_demand_factor,0.0,1.0,1.0,0.0,1.0,1.0,post_model_extrapolation:current_basecase:FY2050; ; ,,adjusted,Post-model overlays; default Off preserves model forecast. Scenario workbook price variables are already captured by finalist forecasts where supplied.
2050,,FY2050,Current finalist Base case,current_basecase,basecase,Current planned path,Off,Off,Off,Off,LIGHT_RUC,light_ruc_net_km,6284.47667973669,6284.47667973669,0.0,million km,light_ruc_net_km * pt_factor * light_demand_factor,0.0,1.0,1.0,0.0,1.0,1.0,post_model_extrapolation:current_basecase:FY2050; ; ,,adjusted,Post-model overlays; default Off preserves model forecast. Scenario workbook price variables are already captured by finalist forecasts where supplied.
2050,,FY2050,Current finalist Base case,current_basecase,basecase,Current planned path,Off,Off,Off,Off,LIGHT_BEV,light_bev_ruc_net_km,43096.35727540888,43096.35727540888,0.0,million km,light_bev_ruc_net_km * pt_factor * light_demand_factor,0.0,1.0,1.0,0.0,1.0,1.0,post_model_extrapolation:current_basecase:FY2050; ; ,,adjusted,Post-model overlays; default Off preserves model forecast. Scenario workbook price variables are already captured by finalist forecasts where supplied.
2050,,FY2050,Current finalist Base case,current_basecase,basecase,Current planned path,Off,Off,Off,Off,PHEV,phev_ruc_net_km,3079.8625716979286,3079.8625716979286,0.0,million km,phev_ruc_net_km * pt_factor * light_demand_factor,0.0,1.0,1.0,0.0,1.0,1.0,post_model_extrapolation:current_basecase:FY2050; ; ,,adjusted,Post-model overlays; default Off preserves model forecast. Scenario workbook price variables are already captured by finalist forecasts where supplied.
2050,,FY2050,Current finalist Base case,current_basecase,basecase,Current planned path,Off,Off,Off,Off,LIGHT_RUC,current_light_ruc_conventional_modelled_km,6284.47667973669,6284.47667973669,0.0,million km,current_light_ruc_conventional_modelled_km * pt_factor * light_demand_factor,0.0,1.0,1.0,0.0,1.0,1.0,post_model_extrapolation:current_basecase:FY2050; ; ,,adjusted,Post-model overlays; default Off preserves model forecast. Scenario workbook price variables are already captured by finalist forecasts where supplied.
2050,,FY2050,Current finalist Base case,current_basecase,basecase,Current planned path,Off,Off,Off,Off,LIGHT_RUC,light_ruc_net_revenue,1046.428211942956,1046.428211942956,0.0,$m nominal ex GST,light_ruc_net_revenue effective rate applied to adjusted km,0.0,1.0,1.0,0.0,1.0,1.0,post_model_extrapolation:current_basecase:FY2050; ; ,,adjusted,Post-model overlays; default Off preserves model forecast. Scenario workbook price variables are already captured by finalist forecasts where supplied.
2050,,FY2050,Current finalist Base case,current_basecase,basecase,Current planned path,Off,Off,Off,Off,LIGHT_BEV,light_bev_ruc_net_revenue,7175.974449928328,7175.974449928328,0.0,$m nominal ex GST,light_bev_ruc_net_revenue effective rate applied to adjusted km,0.0,1.0,1.0,0.0,1.0,1.0,post_model_extrapolation:current_basecase:FY2050; ; ,,adjusted,Post-model overlays; default Off preserves model forecast. Scenario workbook price variables are already captured by finalist forecasts where supplied.
2050,,FY2050,Current finalist Base case,current_basecase,basecase,Current planned path,Off,Off,Off,Off,PHEV,phev_ruc_net_revenue,252.88751576211675,252.88751576211675,0.0,$m nominal ex GST,phev_ruc_net_revenue effective rate applied to adjusted km,0.0,1.0,1.0,0.0,1.0,1.0,post_model_extrapolation:current_basecase:FY2050; ; ,,adjusted,Post-model overlays; default Off preserves model forecast. Scenario workbook price variables are already captured by finalist forecasts where supplied.
2050,,FY2050,Current finalist Base case,current_basecase,basecase,Current planned path,Off,Off,Off,Off,HEAVY_RUC,heavy_ruc_net_km,4755.178954591507,4755.178954591507,0.0,million km,heavy_ruc_net_km * freight_factor * heavy_demand_factor,0.0,1.0,1.0,0.0,1.0,1.0,post_model_extrapolation:current_basecase:FY2050; ; ,,adjusted,Post-model overlays; default Off preserves model forecast. Scenario workbook price variables are already captured by finalist forecasts where supplied.
2050,,FY2050,Current finalist Base case,current_basecase,basecase,Current planned path,Off,Off,Off,Off,HEAVY_RUC,heavy_ruc_net_revenue,3249.85572883125,3249.85572883125,0.0,$m nominal ex GST,heavy_ruc_net_revenue effective rate applied to adjusted km,0.0,1.0,1.0,0.0,1.0,1.0,post_model_extrapolation:current_basecase:FY2050; ; ,,adjusted,Post-model overlays; default Off preserves model forecast. Scenario workbook price variables are already captured by finalist forecasts where supplied.
2050,,FY2050,Current finalist Base case,current_basecase,basecase,Current planned path,Off,Off,Off,Off,ROLLUP,gross_ruc_revenue,12852.587260666656,12852.587260666656,0.0,$m nominal ex GST,gross_ruc_revenue + PED/RUC component deltas,0.0,1.0,1.0,0.0,1.0,1.0,post_model_extrapolation:current_basecase:FY2050,,adjusted,Post-model overlays; default Off preserves model forecast. Scenario workbook price variables are already captured by finalist forecasts where supplied.
2050,,FY2050,Current finalist Base case,current_basecase,basecase,Current planned path,Off,Off,Off,Off,ROLLUP,ruc_revenue_net_admin,12761.47986114865,12761.47986114865,0.0,$m nominal ex GST,ruc_revenue_net_admin + PED/RUC component deltas,0.0,1.0,1.0,0.0,1.0,1.0,post_model_extrapolation:current_basecase:FY2050,,adjusted,Post-model overlays; default Off preserves model forecast. Scenario workbook price variables are already captured by finalist forecasts where supplied.
2050,,FY2050,Current finalist Base case,current_basecase,basecase,Current planned path,Off,Off,Off,Off,ROLLUP,total_ruc_net_revenue,12401.091879942142,12401.091879942142,0.0,$m nominal ex GST,total_ruc_net_revenue + PED/RUC component deltas,0.0,1.0,1.0,0.0,1.0,1.0,post_model_extrapolation:current_basecase:FY2050,,adjusted,Post-model overlays; default Off preserves model forecast. Scenario workbook price variables are already captured by finalist forecasts where supplied.
2050,,FY2050,Current finalist Base case,current_basecase,basecase,Current planned path,Off,Off,Off,Off,ROLLUP,gross_fed_revenue,3972.6343692987366,3972.6343692987366,0.0,$m nominal ex GST,gross_fed_revenue + PED/RUC component deltas,0.0,1.0,1.0,0.0,1.0,1.0,post_model_extrapolation:current_basecase:FY2050,,adjusted,Post-model overlays; default Off preserves model forecast. Scenario workbook price variables are already captured by finalist forecasts where supplied.
2050,,FY2050,Current finalist Base case,current_basecase,basecase,Current planned path,Off,Off,Off,Off,ROLLUP,net_fed_revenue,3924.6777961311273,3924.6777961311273,0.0,$m nominal ex GST,net_fed_revenue + PED/RUC component deltas,0.0,1.0,1.0,0.0,1.0,1.0,post_model_extrapolation:current_basecase:FY2050,,adjusted,Post-model overlays; default Off preserves model forecast. Scenario workbook price variables are already captured by finalist forecasts where supplied.
2050,,FY2050,Current finalist Base case,current_basecase,basecase,Current planned path,Off,Off,Off,Off,ROLLUP,total_gross_revenue,17343.080126680077,17343.080126680077,0.0,$m nominal ex GST,total_gross_revenue + PED/RUC component deltas,0.0,1.0,1.0,0.0,1.0,1.0,post_model_extrapolation:current_basecase:FY2050,,adjusted,Post-model overlays; default Off preserves model forecast. Scenario workbook price variables are already captured by finalist forecasts where supplied.
2050,,FY2050,Current finalist Base case,current_basecase,basecase,Current planned path,Off,Off,Off,Off,ROLLUP,total_revenue_net_admin,17184.63393435563,17184.63393435563,0.0,$m nominal ex GST,total_revenue_net_admin + PED/RUC component deltas,0.0,1.0,1.0,0.0,1.0,1.0,post_model_extrapolation:current_basecase:FY2050,,adjusted,Post-model overlays; default Off preserves model forecast. Scenario workbook price variables are already captured by finalist forecasts where supplied.
2050,,FY2050,Current finalist Base case,current_basecase,basecase,Current planned path,Off,Off,Off,Off,ROLLUP,total_nltf_net_revenue,16774.015508885033,16774.015508885033,0.0,$m nominal ex GST,total_nltf_net_revenue + PED/RUC component deltas,0.0,1.0,1.0,0.0,1.0,1.0,post_model_extrapolation:current_basecase:FY2050,,adjusted,Post-model overlays; default Off preserves model forecast. Scenario workbook price variables are already captured by finalist forecasts where supplied.
2031,,FY2031,Current finalist High population/comparison,current_comparison_1,comparison,Current planned path,Off,Off,Off,Off,PED,light_petrol_vkt,33540.351379434265,33540.351379434265,0.0,million km,light_petrol_vkt * pt_factor * petrol_demand_factor,0.0,1.0,1.0,0.0,1.0,1.0,post_model_extrapolation:current_comparison_1:FY2031; ; ,,adjusted,Post-model overlays; default Off preserves model forecast. Scenario workbook price variables are already captured by finalist forecasts where supplied.
2031,,FY2031,Current finalist High population/comparison,current_comparison_1,comparison,Current planned path,Off,Off,Off,Off,PED,ped_vkt_per_capita,5817.416466540272,5817.416466540272,0.0,km/person,ped_vkt_per_capita * pt_factor * petrol_demand_factor,0.0,1.0,1.0,0.0,1.0,1.0,post_model_extrapolation:current_comparison_1:FY2031; ; ,,adjusted,Post-model overlays; default Off preserves model forecast. Scenario workbook price variables are already captured by finalist forecasts where supplied.
2031,,FY2031,Current finalist High population/comparison,current_comparison_1,comparison,Current planned path,Off,Off,Off,Off,LIGHT_RUC,light_ruc_net_km,14285.439477586699,14285.439477586699,0.0,million km,light_ruc_net_km * pt_factor * light_demand_factor,0.0,1.0,1.0,0.0,1.0,1.0,post_model_extrapolation:current_comparison_1:FY2031; ; ,,adjusted,Post-model overlays; default Off preserves model forecast. Scenario workbook price variables are already captured by finalist forecasts where supplied.
2031,,FY2031,Current finalist High population/comparison,current_comparison_1,comparison,Current planned path,Off,Off,Off,Off,LIGHT_BEV,light_bev_ruc_net_km,4105.374022787737,4105.374022787737,0.0,million km,light_bev_ruc_net_km * pt_factor * light_demand_factor,0.0,1.0,1.0,0.0,1.0,1.0,post_model_extrapolation:current_comparison_1:FY2031; ; ,,adjusted,Post-model overlays; default Off preserves model forecast. Scenario workbook price variables are already captured by finalist forecasts where supplied.
2031,,FY2031,Current finalist High population/comparison,current_comparison_1,comparison,Current planned path,Off,Off,Off,Off,PHEV,phev_ruc_net_km,2191.7324002253704,2191.7324002253704,0.0,million km,phev_ruc_net_km * pt_factor * light_demand_factor,0.0,1.0,1.0,0.0,1.0,1.0,post_model_extrapolation:current_comparison_1:FY2031; ; ,,adjusted,Post-model overlays; default Off preserves model forecast. Scenario workbook price variables are already captured by finalist forecasts where supplied.
2031,,FY2031,Current finalist High population/comparison,current_comparison_1,comparison,Current planned path,Off,Off,Off,Off,LIGHT_RUC,current_light_ruc_conventional_modelled_km,14285.439477586699,14285.439477586699,0.0,million km,current_light_ruc_conventional_modelled_km * pt_factor * light_demand_factor,0.0,1.0,1.0,0.0,1.0,1.0,post_model_extrapolation:current_comparison_1:FY2031; ; ,,adjusted,Post-model overlays; default Off preserves model forecast. Scenario workbook price variables are already captured by finalist forecasts where supplied.
2031,,FY2031,Current finalist High population/comparison,current_comparison_1,comparison,Current planned path,Off,Off,Off,Off,LIGHT_RUC,light_ruc_net_revenue,1339.8313686028598,1339.8313686028598,0.0,$m nominal ex GST,light_ruc_net_revenue effective rate applied to adjusted km,0.0,1.0,1.0,0.0,1.0,1.0,post_model_extrapolation:current_comparison_1:FY2031; ; ,,adjusted,Post-model overlays; default Off preserves model forecast. Scenario workbook price variables are already captured by finalist forecasts where supplied.
2031,,FY2031,Current finalist High population/comparison,current_comparison_1,comparison,Current planned path,Off,Off,Off,Off,LIGHT_BEV,light_bev_ruc_net_revenue,385.0430295972619,385.0430295972619,0.0,$m nominal ex GST,light_bev_ruc_net_revenue effective rate applied to adjusted km,0.0,1.0,1.0,0.0,1.0,1.0,post_model_extrapolation:current_comparison_1:FY2031; ; ,,adjusted,Post-model overlays; default Off preserves model forecast. Scenario workbook price variables are already captured by finalist forecasts where supplied.
2031,,FY2031,Current finalist High population/comparison,current_comparison_1,comparison,Current planned path,Off,Off,Off,Off,PHEV,phev_ruc_net_revenue,101.37858217242471,101.37858217242471,0.0,$m nominal ex GST,phev_ruc_net_revenue effective rate applied to adjusted km,0.0,1.0,1.0,0.0,1.0,1.0,post_model_extrapolation:current_comparison_1:FY2031; ; ,,adjusted,Post-model overlays; default Off preserves model forecast. Scenario workbook price variables are already captured by finalist forecasts where supplied.
2031,,FY2031,Current finalist High population/comparison,current_comparison_1,comparison,Current planned path,Off,Off,Off,Off,HEAVY_RUC,heavy_ruc_net_km,4251.3175338658475,4251.3175338658475,0.0,million km,heavy_ruc_net_km * freight_factor * heavy_demand_factor,0.0,1.0,1.0,0.0,1.0,1.0,post_model_extrapolation:current_comparison_1:FY2031; ; ,,adjusted,Post-model overlays; default Off preserves model forecast. Scenario workbook price variables are already captured by finalist forecasts where supplied.
2031,,FY2031,Current finalist High population/comparison,current_comparison_1,comparison,Current planned path,Off,Off,Off,Off,HEAVY_RUC,heavy_ruc_net_revenue,1636.608454424667,1636.608454424667,0.0,$m nominal ex GST,heavy_ruc_net_revenue effective rate applied to adjusted km,0.0,1.0,1.0,0.0,1.0,1.0,post_model_extrapolation:current_comparison_1:FY2031; ; ,,adjusted,Post-model overlays; default Off preserves model forecast. Scenario workbook price variables are already captured by finalist forecasts where supplied.
2031,,FY2031,Current finalist High population/comparison,current_comparison_1,comparison,Current planned path,Off,Off,Off,Off,ROLLUP,gross_ruc_revenue,3622.0053277246475,3622.0053277246475,0.0,$m nominal ex GST,gross_ruc_revenue + PED/RUC component deltas,0.0,1.0,1.0,0.0,1.0,1.0,post_model_extrapolation:current_comparison_1:FY2031,,adjusted,Post-model overlays; default Off preserves model forecast. Scenario workbook price variables are already captured by finalist forecasts where supplied.
2031,,FY2031,Current finalist High population/comparison,current_comparison_1,comparison,Current planned path,Off,Off,Off,Off,ROLLUP,ruc_revenue_net_admin,3580.201938171417,3580.201938171417,0.0,$m nominal ex GST,ruc_revenue_net_admin + PED/RUC component deltas,0.0,1.0,1.0,0.0,1.0,1.0,post_model_extrapolation:current_comparison_1:FY2031,,adjusted,Post-model overlays; default Off preserves model forecast. Scenario workbook price variables are already captured by finalist forecasts where supplied.
2031,,FY2031,Current finalist High population/comparison,current_comparison_1,comparison,Current planned path,Off,Off,Off,Off,ROLLUP,total_ruc_net_revenue,3462.069792030883,3462.069792030883,0.0,$m nominal ex GST,total_ruc_net_revenue + PED/RUC component deltas,0.0,1.0,1.0,0.0,1.0,1.0,post_model_extrapolation:current_comparison_1:FY2031,,adjusted,Post-model overlays; default Off preserves model forecast. Scenario workbook price variables are already captured by finalist forecasts where supplied.
2031,,FY2031,Current finalist High population/comparison,current_comparison_1,comparison,Current planned path,Off,Off,Off,Off,ROLLUP,gross_fed_revenue,2893.7200170029405,2893.7200170029405,0.0,$m nominal ex GST,gross_fed_revenue + PED/RUC component deltas,0.0,1.0,1.0,0.0,1.0,1.0,post_model_extrapolation:current_comparison_1:FY2031,,adjusted,Post-model overlays; default Off preserves model forecast. Scenario workbook price variables are already captured by finalist forecasts where supplied.
2031,,FY2031,Current finalist High population/comparison,current_comparison_1,comparison,Current planned path,Off,Off,Off,Off,ROLLUP,net_fed_revenue,2788.2914783851484,2788.2914783851484,0.0,$m nominal ex GST,net_fed_revenue + PED/RUC component deltas,0.0,1.0,1.0,0.0,1.0,1.0,post_model_extrapolation:current_comparison_1:FY2031,,adjusted,Post-model overlays; default Off preserves model forecast. Scenario workbook price variables are already captured by finalist forecasts where supplied.
2031,,FY2031,Current finalist High population/comparison,current_comparison_1,comparison,Current planned path,Off,Off,Off,Off,ROLLUP,total_gross_revenue,7081.406909774343,7081.406909774343,0.0,$m nominal ex GST,total_gross_revenue + PED/RUC component deltas,0.0,1.0,1.0,0.0,1.0,1.0,post_model_extrapolation:current_comparison_1:FY2031,,adjusted,Post-model overlays; default Off preserves model forecast. Scenario workbook price variables are already captured by finalist forecasts where supplied.
2031,,FY2031,Current finalist High population/comparison,current_comparison_1,comparison,Current planned path,Off,Off,Off,Off,ROLLUP,total_revenue_net_admin,6968.768390769957,6968.768390769957,0.0,$m nominal ex GST,total_revenue_net_admin + PED/RUC component deltas,0.0,1.0,1.0,0.0,1.0,1.0,post_model_extrapolation:current_comparison_1:FY2031,,adjusted,Post-model overlays; default Off preserves model forecast. Scenario workbook price variables are already captured by finalist forecasts where supplied.
2031,,FY2031,Current finalist High population/comparison,current_comparison_1,comparison,Current planned path,Off,Off,Off,Off,ROLLUP,total_nltf_net_revenue,6743.249508291227,6743.249508291227,0.0,$m nominal ex GST,total_nltf_net_revenue + PED/RUC component deltas,0.0,1.0,1.0,0.0,1.0,1.0,post_model_extrapolation:current_comparison_1:FY2031,,adjusted,Post-model overlays; default Off preserves model forecast. Scenario workbook price variables are already captured by finalist forecasts where supplied.
2032,,FY2032,Current finalist High population/comparison,current_comparison_1,comparison,Current planned path,Off,Off,Off,Off,PED,light_petrol_vkt,33787.568138178816,33787.568138178816,0.0,million km,light_petrol_vkt * pt_factor * petrol_demand_factor,0.0,1.0,1.0,0.0,1.0,1.0,post_model_extrapolation:current_comparison_1:FY2032; ; ,,adjusted,Post-model overlays; default Off preserves model forecast. Scenario workbook price variables are already captured by finalist forecasts where supplied.
2032,,FY2032,Current finalist High population/comparison,current_comparison_1,comparison,Current planned path,Off,Off,Off,Off,PED,ped_vkt_per_capita,5773.702905530953,5773.702905530953,0.0,km/person,ped_vkt_per_capita * pt_factor * petrol_demand_factor,0.0,1.0,1.0,0.0,1.0,1.0,post_model_extrapolation:current_comparison_1:FY2032; ; ,,adjusted,Post-model overlays; default Off preserves model forecast. Scenario workbook price variables are already captured by finalist forecasts where supplied.
2032,,FY2032,Current finalist High population/comparison,current_comparison_1,comparison,Current planned path,Off,Off,Off,Off,LIGHT_RUC,light_ruc_net_km,14080.244747565868,14080.244747565868,0.0,million km,light_ruc_net_km * pt_factor * light_demand_factor,0.0,1.0,1.0,0.0,1.0,1.0,post_model_extrapolation:current_comparison_1:FY2032; ; ,,adjusted,Post-model overlays; default Off preserves model forecast. Scenario workbook price variables are already captured by finalist forecasts where supplied.
2032,,FY2032,Current finalist High population/comparison,current_comparison_1,comparison,Current planned path,Off,Off,Off,Off,LIGHT_BEV,light_bev_ruc_net_km,4880.987863529462,4880.987863529462,0.0,million km,light_bev_ruc_net_km * pt_factor * light_demand_factor,0.0,1.0,1.0,0.0,1.0,1.0,post_model_extrapolation:current_comparison_1:FY2032; ; ,,adjusted,Post-model overlays; default Off preserves model forecast. Scenario workbook price variables are already captured by finalist forecasts where supplied.
2032,,FY2032,Current finalist High population/comparison,current_comparison_1,comparison,Current planned path,Off,Off,Off,Off,PHEV,phev_ruc_net_km,2533.8146795771854,2533.8146795771854,0.0,million km,phev_ruc_net_km * pt_factor * light_demand_factor,0.0,1.0,1.0,0.0,1.0,1.0,post_model_extrapolation:current_comparison_1:FY2032; ; ,,adjusted,Post-model overlays; default Off preserves model forecast. Scenario workbook price variables are already captured by finalist forecasts where supplied.
2032,,FY2032,Current finalist High population/comparison,current_comparison_1,comparison,Current planned path,Off,Off,Off,Off,LIGHT_RUC,current_light_ruc_conventional_modelled_km,14080.244747565868,14080.244747565868,0.0,million km,current_light_ruc_conventional_modelled_km * pt_factor * light_demand_factor,0.0,1.0,1.0,0.0,1.0,1.0,post_model_extrapolation:current_comparison_1:FY2032; ; ,,adjusted,Post-model overlays; default Off preserves model forecast. Scenario workbook price variables are already captured by finalist forecasts where supplied.
2032,,FY2032,Current finalist High population/comparison,current_comparison_1,comparison,Current planned path,Off,Off,Off,Off,LIGHT_RUC,light_ruc_net_revenue,1374.443091033643,1374.443091033643,0.0,$m nominal ex GST,light_ruc_net_revenue effective rate applied to adjusted km,0.0,1.0,1.0,0.0,1.0,1.0,post_model_extrapolation:current_comparison_1:FY2032; ; ,,adjusted,Post-model overlays; default Off preserves model forecast. Scenario workbook price variables are already captured by finalist forecasts where supplied.
2032,,FY2032,Current finalist High population/comparison,current_comparison_1,comparison,Current planned path,Off,Off,Off,Off,LIGHT_BEV,light_bev_ruc_net_revenue,476.45763029842817,476.45763029842817,0.0,$m nominal ex GST,light_bev_ruc_net_revenue effective rate applied to adjusted km,0.0,1.0,1.0,0.0,1.0,1.0,post_model_extrapolation:current_comparison_1:FY2032; ; ,,adjusted,Post-model overlays; default Off preserves model forecast. Scenario workbook price variables are already captured by finalist forecasts where supplied.
2032,,FY2032,Current finalist High population/comparison,current_comparison_1,comparison,Current planned path,Off,Off,Off,Off,PHEV,phev_ruc_net_revenue,121.97783867484536,121.97783867484536,0.0,$m nominal ex GST,phev_ruc_net_revenue effective rate applied to adjusted km,0.0,1.0,1.0,0.0,1.0,1.0,post_model_extrapolation:current_comparison_1:FY2032; ; ,,adjusted,Post-model overlays; default Off preserves model forecast. Scenario workbook price variables are already captured by finalist forecasts where supplied.
2032,,FY2032,Current finalist High population/comparison,current_comparison_1,comparison,Current planned path,Off,Off,Off,Off,HEAVY_RUC,heavy_ruc_net_km,4286.1840290771315,4286.1840290771315,0.0,million km,heavy_ruc_net_km * freight_factor * heavy_demand_factor,0.0,1.0,1.0,0.0,1.0,1.0,post_model_extrapolation:current_comparison_1:FY2032; ; ,,adjusted,Post-model overlays; default Off preserves model forecast. Scenario workbook price variables are already captured by finalist forecasts where supplied.
2032,,FY2032,Current finalist High population/comparison,current_comparison_1,comparison,Current planned path,Off,Off,Off,Off,HEAVY_RUC,heavy_ruc_net_revenue,1717.3667858504841,1717.3667858504841,0.0,$m nominal ex GST,heavy_ruc_net_revenue effective rate applied to adjusted km,0.0,1.0,1.0,0.0,1.0,1.0,post_model_extrapolation:current_comparison_1:FY2032; ; ,,adjusted,Post-model overlays; default Off preserves model forecast. Scenario workbook price variables are already captured by finalist forecasts where supplied.
2032,,FY2032,Current finalist High population/comparison,current_comparison_1,comparison,Current planned path,Off,Off,Off,Off,ROLLUP,gross_ruc_revenue,3866.322828716398,3866.322828716398,0.0,$m nominal ex GST,gross_ruc_revenue + PED/RUC component deltas,0.0,1.0,1.0,0.0,1.0,1.0,post_model_extrapolation:current_comparison_1:FY2032,,adjusted,Post-model overlays; default Off preserves model forecast. Scenario workbook price variables are already captured by finalist forecasts where supplied.
2032,,FY2032,Current finalist High population/comparison,current_comparison_1,comparison,Current planned path,Off,Off,Off,Off,ROLLUP,ruc_revenue_net_admin,3823.1640406483625,3823.1640406483625,0.0,$m nominal ex GST,ruc_revenue_net_admin + PED/RUC component deltas,0.0,1.0,1.0,0.0,1.0,1.0,post_model_extrapolation:current_comparison_1:FY2032,,adjusted,Post-model overlays; default Off preserves model forecast. Scenario workbook price variables are already captured by finalist forecasts where supplied.
2032,,FY2032,Current finalist High population/comparison,current_comparison_1,comparison,Current planned path,Off,Off,Off,Off,ROLLUP,total_ruc_net_revenue,3698.2339257858475,3698.2339257858475,0.0,$m nominal ex GST,total_ruc_net_revenue + PED/RUC component deltas,0.0,1.0,1.0,0.0,1.0,1.0,post_model_extrapolation:current_comparison_1:FY2032,,adjusted,Post-model overlays; default Off preserves model forecast. Scenario workbook price variables are already captured by finalist forecasts where supplied.
2032,,FY2032,Current finalist High population/comparison,current_comparison_1,comparison,Current planned path,Off,Off,Off,Off,ROLLUP,gross_fed_revenue,3002.0824513123234,3002.0824513123234,0.0,$m nominal ex GST,gross_fed_revenue + PED/RUC component deltas,0.0,1.0,1.0,0.0,1.0,1.0,post_model_extrapolation:current_comparison_1:FY2032,,adjusted,Post-model overlays; default Off preserves model forecast. Scenario workbook price variables are already captured by finalist forecasts where supplied.
2032,,FY2032,Current finalist High population/comparison,current_comparison_1,comparison,Current planned path,Off,Off,Off,Off,ROLLUP,net_fed_revenue,2894.2017909091956,2894.2017909091956,0.0,$m nominal ex GST,net_fed_revenue + PED/RUC component deltas,0.0,1.0,1.0,0.0,1.0,1.0,post_model_extrapolation:current_comparison_1:FY2032,,adjusted,Post-model overlays; default Off preserves model forecast. Scenario workbook price variables are already captured by finalist forecasts where supplied.
2032,,FY2032,Current finalist High population/comparison,current_comparison_1,comparison,Current planned path,Off,Off,Off,Off,ROLLUP,total_gross_revenue,7429.5950405913045,7429.5950405913045,0.0,$m nominal ex GST,total_gross_revenue + PED/RUC component deltas,0.0,1.0,1.0,0.0,1.0,1.0,post_model_extrapolation:current_comparison_1:FY2032,,adjusted,Post-model overlays; default Off preserves model forecast. Scenario workbook price variables are already captured by finalist forecasts where supplied.
2032,,FY2032,Current finalist High population/comparison,current_comparison_1,comparison,Current planned path,Off,Off,Off,Off,ROLLUP,total_revenue_net_admin,7315.915518642388,7315.915518642388,0.0,$m nominal ex GST,total_revenue_net_admin + PED/RUC component deltas,0.0,1.0,1.0,0.0,1.0,1.0,post_model_extrapolation:current_comparison_1:FY2032,,adjusted,Post-model overlays; default Off preserves model forecast. Scenario workbook price variables are already captured by finalist forecasts where supplied.
2032,,FY2032,Current finalist High population/comparison,current_comparison_1,comparison,Current planned path,Off,Off,Off,Off,ROLLUP,total_nltf_net_revenue,7081.1376096879785,7081.1376096879785,0.0,$m nominal ex GST,total_nltf_net_revenue + PED/RUC component deltas,0.0,1.0,1.0,0.0,1.0,1.0,post_model_extrapolation:current_comparison_1:FY2032,,adjusted,Post-model overlays; default Off preserves model forecast. Scenario workbook price variables are already captured by finalist forecasts where supplied.
2033,,FY2033,Current finalist High population/comparison,current_comparison_1,comparison,Current planned path,Off,Off,Off,Off,PED,light_petrol_vkt,34009.40778180114,34009.40778180114,0.0,million km,light_petrol_vkt * pt_factor * petrol_demand_factor,0.0,1.0,1.0,0.0,1.0,1.0,post_model_extrapolation:current_comparison_1:FY2033; ; ,,adjusted,Post-model overlays; default Off preserves model forecast. Scenario workbook price variables are already captured by finalist forecasts where supplied.
2033,,FY2033,Current finalist High population/comparison,current_comparison_1,comparison,Current planned path,Off,Off,Off,Off,PED,ped_vkt_per_capita,5725.72659070166,5725.72659070166,0.0,km/person,ped_vkt_per_capita * pt_factor * petrol_demand_factor,0.0,1.0,1.0,0.0,1.0,1.0,post_model_extrapolation:current_comparison_1:FY2033; ; ,,adjusted,Post-model overlays; default Off preserves model forecast. Scenario workbook price variables are already captured by finalist forecasts where supplied.
2033,,FY2033,Current finalist High population/comparison,current_comparison_1,comparison,Current planned path,Off,Off,Off,Off,LIGHT_RUC,light_ruc_net_km,13824.885691715514,13824.885691715514,0.0,million km,light_ruc_net_km * pt_factor * light_demand_factor,0.0,1.0,1.0,0.0,1.0,1.0,post_model_extrapolation:current_comparison_1:FY2033; ; ,,adjusted,Post-model overlays; default Off preserves model forecast. Scenario workbook price variables are already captured by finalist forecasts where supplied.
2033,,FY2033,Current finalist High population/comparison,current_comparison_1,comparison,Current planned path,Off,Off,Off,Off,LIGHT_BEV,light_bev_ruc_net_km,5774.015153057696,5774.015153057696,0.0,million km,light_bev_ruc_net_km * pt_factor * light_demand_factor,0.0,1.0,1.0,0.0,1.0,1.0,post_model_extrapolation:current_comparison_1:FY2033; ; ,,adjusted,Post-model overlays; default Off preserves model forecast. Scenario workbook price variables are already captured by finalist forecasts where supplied.
2033,,FY2033,Current finalist High population/comparison,current_comparison_1,comparison,Current planned path,Off,Off,Off,Off,PHEV,phev_ruc_net_km,2882.320237245908,2882.320237245908,0.0,million km,phev_ruc_net_km * pt_factor * light_demand_factor,0.0,1.0,1.0,0.0,1.0,1.0,post_model_extrapolation:current_comparison_1:FY2033; ; ,,adjusted,Post-model overlays; default Off preserves model forecast. Scenario workbook price variables are already captured by finalist forecasts where supplied.
2033,,FY2033,Current finalist High population/comparison,current_comparison_1,comparison,Current planned path,Off,Off,Off,Off,LIGHT_RUC,current_light_ruc_conventional_modelled_km,13824.885691715514,13824.885691715514,0.0,million km,current_light_ruc_conventional_modelled_km * pt_factor * light_demand_factor,0.0,1.0,1.0,0.0,1.0,1.0,post_model_extrapolation:current_comparison_1:FY2033; ; ,,adjusted,Post-model overlays; default Off preserves model forecast. Scenario workbook price variables are already captured by finalist forecasts where supplied.
2033,,FY2033,Current finalist High population/comparison,current_comparison_1,comparison,Current planned path,Off,Off,Off,Off,LIGHT_RUC,light_ruc_net_revenue,1402.4655289960858,1402.4655289960858,0.0,$m nominal ex GST,light_ruc_net_revenue effective rate applied to adjusted km,0.0,1.0,1.0,0.0,1.0,1.0,post_model_extrapolation:current_comparison_1:FY2033; ; ,,adjusted,Post-model overlays; default Off preserves model forecast. Scenario workbook price variables are already captured by finalist forecasts where supplied.
2033,,FY2033,Current finalist High population/comparison,current_comparison_1,comparison,Current planned path,Off,Off,Off,Off,LIGHT_BEV,light_bev_ruc_net_revenue,585.7449672019382,585.7449672019382,0.0,$m nominal ex GST,light_bev_ruc_net_revenue effective rate applied to adjusted km,0.0,1.0,1.0,0.0,1.0,1.0,post_model_extrapolation:current_comparison_1:FY2033; ; ,,adjusted,Post-model overlays; default Off preserves model forecast. Scenario workbook price variables are already captured by finalist forecasts where supplied.
2033,,FY2033,Current finalist High population/comparison,current_comparison_1,comparison,Current planned path,Off,Off,Off,Off,PHEV,phev_ruc_net_revenue,144.18806986822645,144.18806986822645,0.0,$m nominal ex GST,phev_ruc_net_revenue effective rate applied to adjusted km,0.0,1.0,1.0,0.0,1.0,1.0,post_model_extrapolation:current_comparison_1:FY2033; ; ,,adjusted,Post-model overlays; default Off preserves model forecast. Scenario workbook price variables are already captured by finalist forecasts where supplied.
2033,,FY2033,Current finalist High population/comparison,current_comparison_1,comparison,Current planned path,Off,Off,Off,Off,HEAVY_RUC,heavy_ruc_net_km,4316.994420679974,4316.994420679974,0.0,million km,heavy_ruc_net_km * freight_factor * heavy_demand_factor,0.0,1.0,1.0,0.0,1.0,1.0,post_model_extrapolation:current_comparison_1:FY2033; ; ,,adjusted,Post-model overlays; default Off preserves model forecast. Scenario workbook price variables are already captured by finalist forecasts where supplied.
2033,,FY2033,Current finalist High population/comparison,current_comparison_1,comparison,Current planned path,Off,Off,Off,Off,HEAVY_RUC,heavy_ruc_net_revenue,1797.5101368827297,1797.5101368827297,0.0,$m nominal ex GST,heavy_ruc_net_revenue effective rate applied to adjusted km,0.0,1.0,1.0,0.0,1.0,1.0,post_model_extrapolation:current_comparison_1:FY2033; ; ,,adjusted,Post-model overlays; default Off preserves model forecast. Scenario workbook price variables are already captured by finalist forecasts where supplied.
2033,,FY2033,Current finalist High population/comparison,current_comparison_1,comparison,Current planned path,Off,Off,Off,Off,ROLLUP,gross_ruc_revenue,4125.22080360873,4125.22080360873,0.0,$m nominal ex GST,gross_ruc_revenue + PED/RUC component deltas,0.0,1.0,1.0,0.0,1.0,1.0,post_model_extrapolation:current_comparison_1:FY2033,,adjusted,Post-model overlays; default Off preserves model forecast. Scenario workbook price variables are already captured by finalist forecasts where supplied.
2033,,FY2033,Current finalist High population/comparison,current_comparison_1,comparison,Current planned path,Off,Off,Off,Off,ROLLUP,ruc_revenue_net_admin,4080.6262212819315,4080.6262212819315,0.0,$m nominal ex GST,ruc_revenue_net_admin + PED/RUC component deltas,0.0,1.0,1.0,0.0,1.0,1.0,post_model_extrapolation:current_comparison_1:FY2033,,adjusted,Post-model overlays; default Off preserves model forecast. Scenario workbook price variables are already captured by finalist forecasts where supplied.
2033,,FY2033,Current finalist High population/comparison,current_comparison_1,comparison,Current planned path,Off,Off,Off,Off,ROLLUP,total_ruc_net_revenue,3948.5981016173087,3948.5981016173087,0.0,$m nominal ex GST,total_ruc_net_revenue + PED/RUC component deltas,0.0,1.0,1.0,0.0,1.0,1.0,post_model_extrapolation:current_comparison_1:FY2033,,adjusted,Post-model overlays; default Off preserves model forecast. Scenario workbook price variables are already captured by finalist forecasts where supplied.
2033,,FY2033,Current finalist High population/comparison,current_comparison_1,comparison,Current planned path,Off,Off,Off,Off,ROLLUP,gross_fed_revenue,3107.030837856826,3107.030837856826,0.0,$m nominal ex GST,gross_fed_revenue + PED/RUC component deltas,0.0,1.0,1.0,0.0,1.0,1.0,post_model_extrapolation:current_comparison_1:FY2033,,adjusted,Post-model overlays; default Off preserves model forecast. Scenario workbook price variables are already captured by finalist forecasts where supplied.
2033,,FY2033,Current finalist High population/comparison,current_comparison_1,comparison,Current planned path,Off,Off,Off,Off,ROLLUP,net_fed_revenue,2997.4120192369182,2997.4120192369182,0.0,$m nominal ex GST,net_fed_revenue + PED/RUC component deltas,0.0,1.0,1.0,0.0,1.0,1.0,post_model_extrapolation:current_comparison_1:FY2033,,adjusted,Post-model overlays; default Off preserves model forecast. Scenario workbook price variables are already captured by finalist forecasts where supplied.
2033,,FY2033,Current finalist High population/comparison,current_comparison_1,comparison,Current planned path,Off,Off,Off,Off,ROLLUP,total_gross_revenue,7789.3018815246205,7789.3018815246205,0.0,$m nominal ex GST,total_gross_revenue + PED/RUC component deltas,0.0,1.0,1.0,0.0,1.0,1.0,post_model_extrapolation:current_comparison_1:FY2033,,adjusted,Post-model overlays; default Off preserves model forecast. Scenario workbook price variables are already captured by finalist forecasts where supplied.
2033,,FY2033,Current finalist High population/comparison,current_comparison_1,comparison,Current planned path,Off,Off,Off,Off,ROLLUP,total_revenue_net_admin,7674.481231119704,7674.481231119704,0.0,$m nominal ex GST,total_revenue_net_admin + PED/RUC component deltas,0.0,1.0,1.0,0.0,1.0,1.0,post_model_extrapolation:current_comparison_1:FY2033,,adjusted,Post-model overlays; default Off preserves model forecast. Scenario workbook price variables are already captured by finalist forecasts where supplied.
2033,,FY2033,Current finalist High population/comparison,current_comparison_1,comparison,Current planned path,Off,Off,Off,Off,ROLLUP,total_nltf_net_revenue,7430.8570518851475,7430.8570518851475,0.0,$m nominal ex GST,total_nltf_net_revenue + PED/RUC component deltas,0.0,1.0,1.0,0.0,1.0,1.0,post_model_extrapolation:current_comparison_1:FY2033,,adjusted,Post-model overlays; default Off preserves model forecast. Scenario workbook price variables are already captured by finalist forecasts where supplied.
2034,,FY2034,Current finalist High population/comparison,current_comparison_1,comparison,Current planned path,Off,Off,Off,Off,PED,light_petrol_vkt,34231.25765621192,34231.25765621192,0.0,million km,light_petrol_vkt * pt_factor * petrol_demand_factor,0.0,1.0,1.0,0.0,1.0,1.0,post_model_extrapolation:current_comparison_1:FY2034; ; ,,adjusted,Post-model overlays; default Off preserves model forecast. Scenario workbook price variables are already captured by finalist forecasts where supplied.
2034,,FY2034,Current finalist High population/comparison,current_comparison_1,comparison,Current planned path,Off,Off,Off,Off,PED,ped_vkt_per_capita,5677.907499803551,5677.907499803551,0.0,km/person,ped_vkt_per_capita * pt_factor * petrol_demand_factor,0.0,1.0,1.0,0.0,1.0,1.0,post_model_extrapolation:current_comparison_1:FY2034; ; ,,adjusted,Post-model overlays; default Off preserves model forecast. Scenario workbook price variables are already captured by finalist forecasts where supplied.
2034,,FY2034,Current finalist High population/comparison,current_comparison_1,comparison,Current planned path,Off,Off,Off,Off,LIGHT_RUC,light_ruc_net_km,13530.918553682372,13530.918553682372,0.0,million km,light_ruc_net_km * pt_factor * light_demand_factor,0.0,1.0,1.0,0.0,1.0,1.0,post_model_extrapolation:current_comparison_1:FY2034; ; ,,adjusted,Post-model overlays; default Off preserves model forecast. Scenario workbook price variables are already captured by finalist forecasts where supplied.
2034,,FY2034,Current finalist High population/comparison,current_comparison_1,comparison,Current planned path,Off,Off,Off,Off,LIGHT_BEV,light_bev_ruc_net_km,6849.025432126039,6849.025432126039,0.0,million km,light_bev_ruc_net_km * pt_factor * light_demand_factor,0.0,1.0,1.0,0.0,1.0,1.0,post_model_extrapolation:current_comparison_1:FY2034; ; ,,adjusted,Post-model overlays; default Off preserves model forecast. Scenario workbook price variables are already captured by finalist forecasts where supplied.
2034,,FY2034,Current finalist High population/comparison,current_comparison_1,comparison,Current planned path,Off,Off,Off,Off,PHEV,phev_ruc_net_km,3226.3145692348758,3226.3145692348758,0.0,million km,phev_ruc_net_km * pt_factor * light_demand_factor,0.0,1.0,1.0,0.0,1.0,1.0,post_model_extrapolation:current_comparison_1:FY2034; ; ,,adjusted,Post-model overlays; default Off preserves model forecast. Scenario workbook price variables are already captured by finalist forecasts where supplied.
2034,,FY2034,Current finalist High population/comparison,current_comparison_1,comparison,Current planned path,Off,Off,Off,Off,LIGHT_RUC,current_light_ruc_conventional_modelled_km,13530.918553682372,13530.918553682372,0.0,million km,current_light_ruc_conventional_modelled_km * pt_factor * light_demand_factor,0.0,1.0,1.0,0.0,1.0,1.0,post_model_extrapolation:current_comparison_1:FY2034; ; ,,adjusted,Post-model overlays; default Off preserves model forecast. Scenario workbook price variables are already captured by finalist forecasts where supplied.
2034,,FY2034,Current finalist High population/comparison,current_comparison_1,comparison,Current planned path,Off,Off,Off,Off,LIGHT_RUC,light_ruc_net_revenue,1424.467450738912,1424.467450738912,0.0,$m nominal ex GST,light_ruc_net_revenue effective rate applied to adjusted km,0.0,1.0,1.0,0.0,1.0,1.0,post_model_extrapolation:current_comparison_1:FY2034; ; ,,adjusted,Post-model overlays; default Off preserves model forecast. Scenario workbook price variables are already captured by finalist forecasts where supplied.
2034,,FY2034,Current finalist High population/comparison,current_comparison_1,comparison,Current planned path,Off,Off,Off,Off,LIGHT_BEV,light_bev_ruc_net_revenue,721.0311523670681,721.0311523670681,0.0,$m nominal ex GST,light_bev_ruc_net_revenue effective rate applied to adjusted km,0.0,1.0,1.0,0.0,1.0,1.0,post_model_extrapolation:current_comparison_1:FY2034; ; ,,adjusted,Post-model overlays; default Off preserves model forecast. Scenario workbook price variables are already captured by finalist forecasts where supplied.
2034,,FY2034,Current finalist High population/comparison,current_comparison_1,comparison,Current planned path,Off,Off,Off,Off,PHEV,phev_ruc_net_revenue,167.49412086182866,167.49412086182866,0.0,$m nominal ex GST,phev_ruc_net_revenue effective rate applied to adjusted km,0.0,1.0,1.0,0.0,1.0,1.0,post_model_extrapolation:current_comparison_1:FY2034; ; ,,adjusted,Post-model overlays; default Off preserves model forecast. Scenario workbook price variables are already captured by finalist forecasts where supplied.
2034,,FY2034,Current finalist High population/comparison,current_comparison_1,comparison,Current planned path,Off,Off,Off,Off,HEAVY_RUC,heavy_ruc_net_km,4347.7874810075955,4347.7874810075955,0.0,million km,heavy_ruc_net_km * freight_factor * heavy_demand_factor,0.0,1.0,1.0,0.0,1.0,1.0,post_model_extrapolation:current_comparison_1:FY2034; ; ,,adjusted,Post-model overlays; default Off preserves model forecast. Scenario workbook price variables are already captured by finalist forecasts where supplied.
2034,,FY2034,Current finalist High population/comparison,current_comparison_1,comparison,Current planned path,Off,Off,Off,Off,HEAVY_RUC,heavy_ruc_net_revenue,1878.6137537311702,1878.6137537311702,0.0,$m nominal ex GST,heavy_ruc_net_revenue effective rate applied to adjusted km,0.0,1.0,1.0,0.0,1.0,1.0,post_model_extrapolation:current_comparison_1:FY2034; ; ,,adjusted,Post-model overlays; default Off preserves model forecast. Scenario workbook price variables are already captured by finalist forecasts where supplied.
2034,,FY2034,Current finalist High population/comparison,current_comparison_1,comparison,Current planned path,Off,Off,Off,Off,ROLLUP,gross_ruc_revenue,4408.113418585951,4408.113418585951,0.0,$m nominal ex GST,gross_ruc_revenue + PED/RUC component deltas,0.0,1.0,1.0,0.0,1.0,1.0,post_model_extrapolation:current_comparison_1:FY2034,,adjusted,Post-model overlays; default Off preserves model forecast. Scenario workbook price variables are already captured by finalist forecasts where supplied.
2034,,FY2034,Current finalist High population/comparison,current_comparison_1,comparison,Current planned path,Off,Off,Off,Off,ROLLUP,ruc_revenue_net_admin,4361.887187042054,4361.887187042054,0.0,$m nominal ex GST,ruc_revenue_net_admin + PED/RUC component deltas,0.0,1.0,1.0,0.0,1.0,1.0,post_model_extrapolation:current_comparison_1:FY2034,,adjusted,Post-model overlays; default Off preserves model forecast. Scenario workbook price variables are already captured by finalist forecasts where supplied.
2034,,FY2034,Current finalist High population/comparison,current_comparison_1,comparison,Current planned path,Off,Off,Off,Off,ROLLUP,total_ruc_net_revenue,4222.308765323808,4222.308765323808,0.0,$m nominal ex GST,total_ruc_net_revenue + PED/RUC component deltas,0.0,1.0,1.0,0.0,1.0,1.0,post_model_extrapolation:current_comparison_1:FY2034,,adjusted,Post-model overlays; default Off preserves model forecast. Scenario workbook price variables are already captured by finalist forecasts where supplied.
2034,,FY2034,Current finalist High population/comparison,current_comparison_1,comparison,Current planned path,Off,Off,Off,Off,ROLLUP,gross_fed_revenue,3210.6642082191033,3210.6642082191033,0.0,$m nominal ex GST,gross_fed_revenue + PED/RUC component deltas,0.0,1.0,1.0,0.0,1.0,1.0,post_model_extrapolation:current_comparison_1:FY2034,,adjusted,Post-model overlays; default Off preserves model forecast. Scenario workbook price variables are already captured by finalist forecasts where supplied.
2034,,FY2034,Current finalist High population/comparison,current_comparison_1,comparison,Current planned path,Off,Off,Off,Off,ROLLUP,net_fed_revenue,3099.7892716333213,3099.7892716333213,0.0,$m nominal ex GST,net_fed_revenue + PED/RUC component deltas,0.0,1.0,1.0,0.0,1.0,1.0,post_model_extrapolation:current_comparison_1:FY2034,,adjusted,Post-model overlays; default Off preserves model forecast. Scenario workbook price variables are already captured by finalist forecasts where supplied.
2034,,FY2034,Current finalist High population/comparison,current_comparison_1,comparison,Current planned path,Off,Off,Off,Off,ROLLUP,total_gross_revenue,8172.007783087652,8172.007783087652,0.0,$m nominal ex GST,total_gross_revenue + PED/RUC component deltas,0.0,1.0,1.0,0.0,1.0,1.0,post_model_extrapolation:current_comparison_1:FY2034,,adjusted,Post-model overlays; default Off preserves model forecast. Scenario workbook price variables are already captured by finalist forecasts where supplied.
2034,,FY2034,Current finalist High population/comparison,current_comparison_1,comparison,Current planned path,Off,Off,Off,Off,ROLLUP,total_revenue_net_admin,8055.830856372079,8055.830856372079,0.0,$m nominal ex GST,total_revenue_net_admin + PED/RUC component deltas,0.0,1.0,1.0,0.0,1.0,1.0,post_model_extrapolation:current_comparison_1:FY2034,,adjusted,Post-model overlays; default Off preserves model forecast. Scenario workbook price variables are already captured by finalist forecasts where supplied.
2034,,FY2034,Current finalist High population/comparison,current_comparison_1,comparison,Current planned path,Off,Off,Off,Off,ROLLUP,total_nltf_net_revenue,7803.389054711241,7803.389054711241,0.0,$m nominal ex GST,total_nltf_net_revenue + PED/RUC component deltas,0.0,1.0,1.0,0.0,1.0,1.0,post_model_extrapolation:current_comparison_1:FY2034,,adjusted,Post-model overlays; default Off preserves model forecast. Scenario workbook price variables are already captured by finalist forecasts where supplied.
2035,,FY2035,Current finalist High population/comparison,current_comparison_1,comparison,Current planned path,Off,Off,Off,Off,PED,light_petrol_vkt,34457.811128185036,34457.811128185036,0.0,million km,light_petrol_vkt * pt_factor * petrol_demand_factor,0.0,1.0,1.0,0.0,1.0,1.0,post_model_extrapolation:current_comparison_1:FY2035; ; ,,adjusted,Post-model overlays; default Off preserves model forecast. Scenario workbook price variables are already captured by finalist forecasts where supplied.
2035,,FY2035,Current finalist High population/comparison,current_comparison_1,comparison,Current planned path,Off,Off,Off,Off,PED,ped_vkt_per_capita,5631.019943926045,5631.019943926045,0.0,km/person,ped_vkt_per_capita * pt_factor * petrol_demand_factor,0.0,1.0,1.0,0.0,1.0,1.0,post_model_extrapolation:current_comparison_1:FY2035; ; ,,adjusted,Post-model overlays; default Off preserves model forecast. Scenario workbook price variables are already captured by finalist forecasts where supplied.
2035,,FY2035,Current finalist High population/comparison,current_comparison_1,comparison,Current planned path,Off,Off,Off,Off,LIGHT_RUC,light_ruc_net_km,13198.704498742032,13198.704498742032,0.0,million km,light_ruc_net_km * pt_factor * light_demand_factor,0.0,1.0,1.0,0.0,1.0,1.0,post_model_extrapolation:current_comparison_1:FY2035; ; ,,adjusted,Post-model overlays; default Off preserves model forecast. Scenario workbook price variables are already captured by finalist forecasts where supplied.
2035,,FY2035,Current finalist High population/comparison,current_comparison_1,comparison,Current planned path,Off,Off,Off,Off,LIGHT_BEV,light_bev_ruc_net_km,8142.933014505678,8142.933014505678,0.0,million km,light_bev_ruc_net_km * pt_factor * light_demand_factor,0.0,1.0,1.0,0.0,1.0,1.0,post_model_extrapolation:current_comparison_1:FY2035; ; ,,adjusted,Post-model overlays; default Off preserves model forecast. Scenario workbook price variables are already captured by finalist forecasts where supplied.
2035,,FY2035,Current finalist High population/comparison,current_comparison_1,comparison,Current planned path,Off,Off,Off,Off,PHEV,phev_ruc_net_km,3548.804559390545,3548.804559390545,0.0,million km,phev_ruc_net_km * pt_factor * light_demand_factor,0.0,1.0,1.0,0.0,1.0,1.0,post_model_extrapolation:current_comparison_1:FY2035; ; ,,adjusted,Post-model overlays; default Off preserves model forecast. Scenario workbook price variables are already captured by finalist forecasts where supplied.
2035,,FY2035,Current finalist High population/comparison,current_comparison_1,comparison,Current planned path,Off,Off,Off,Off,LIGHT_RUC,current_light_ruc_conventional_modelled_km,13198.704498742032,13198.704498742032,0.0,million km,current_light_ruc_conventional_modelled_km * pt_factor * light_demand_factor,0.0,1.0,1.0,0.0,1.0,1.0,post_model_extrapolation:current_comparison_1:FY2035; ; ,,adjusted,Post-model overlays; default Off preserves model forecast. Scenario workbook price variables are already captured by finalist forecasts where supplied.
2035,,FY2035,Current finalist High population/comparison,current_comparison_1,comparison,Current planned path,Off,Off,Off,Off,LIGHT_RUC,light_ruc_net_revenue,1439.978660812763,1439.978660812763,0.0,$m nominal ex GST,light_ruc_net_revenue effective rate applied to adjusted km,0.0,1.0,1.0,0.0,1.0,1.0,post_model_extrapolation:current_comparison_1:FY2035; ; ,,adjusted,Post-model overlays; default Off preserves model forecast. Scenario workbook price variables are already captured by finalist forecasts where supplied.
2035,,FY2035,Current finalist High population/comparison,current_comparison_1,comparison,Current planned path,Off,Off,Off,Off,LIGHT_BEV,light_bev_ruc_net_revenue,888.3939918825698,888.3939918825698,0.0,$m nominal ex GST,light_bev_ruc_net_revenue effective rate applied to adjusted km,0.0,1.0,1.0,0.0,1.0,1.0,post_model_extrapolation:current_comparison_1:FY2035; ; ,,adjusted,Post-model overlays; default Off preserves model forecast. Scenario workbook price variables are already captured by finalist forecasts where supplied.
2035,,FY2035,Current finalist High population/comparison,current_comparison_1,comparison,Current planned path,Off,Off,Off,Off,PHEV,phev_ruc_net_revenue,190.92568529521054,190.92568529521054,0.0,$m nominal ex GST,phev_ruc_net_revenue effective rate applied to adjusted km,0.0,1.0,1.0,0.0,1.0,1.0,post_model_extrapolation:current_comparison_1:FY2035; ; ,,adjusted,Post-model overlays; default Off preserves model forecast. Scenario workbook price variables are already captured by finalist forecasts where supplied.
2035,,FY2035,Current finalist High population/comparison,current_comparison_1,comparison,Current planned path,Off,Off,Off,Off,HEAVY_RUC,heavy_ruc_net_km,4377.46921593617,4377.46921593617,0.0,million km,heavy_ruc_net_km * freight_factor * heavy_demand_factor,0.0,1.0,1.0,0.0,1.0,1.0,post_model_extrapolation:current_comparison_1:FY2035; ; ,,adjusted,Post-model overlays; default Off preserves model forecast. Scenario workbook price variables are already captured by finalist forecasts where supplied.
2035,,FY2035,Current finalist High population/comparison,current_comparison_1,comparison,Current planned path,Off,Off,Off,Off,HEAVY_RUC,heavy_ruc_net_revenue,1960.2088275501362,1960.2088275501362,0.0,$m nominal ex GST,heavy_ruc_net_revenue effective rate applied to adjusted km,0.0,1.0,1.0,0.0,1.0,1.0,post_model_extrapolation:current_comparison_1:FY2035; ; ,,adjusted,Post-model overlays; default Off preserves model forecast. Scenario workbook price variables are already captured by finalist forecasts where supplied.
2035,,FY2035,Current finalist High population/comparison,current_comparison_1,comparison,Current planned path,Off,Off,Off,Off,ROLLUP,gross_ruc_revenue,4719.173884954567,4719.173884954567,0.0,$m nominal ex GST,gross_ruc_revenue + PED/RUC component deltas,0.0,1.0,1.0,0.0,1.0,1.0,post_model_extrapolation:current_comparison_1:FY2035,,adjusted,Post-model overlays; default Off preserves model forecast. Scenario workbook price variables are already captured by finalist forecasts where supplied.
2035,,FY2035,Current finalist High population/comparison,current_comparison_1,comparison,Current planned path,Off,Off,Off,Off,ROLLUP,ruc_revenue_net_admin,4671.0872104923355,4671.0872104923355,0.0,$m nominal ex GST,ruc_revenue_net_admin + PED/RUC component deltas,0.0,1.0,1.0,0.0,1.0,1.0,post_model_extrapolation:current_comparison_1:FY2035,,adjusted,Post-model overlays; default Off preserves model forecast. Scenario workbook price variables are already captured by finalist forecasts where supplied.
2035,,FY2035,Current finalist High population/comparison,current_comparison_1,comparison,Current planned path,Off,Off,Off,Off,ROLLUP,total_ruc_net_revenue,4523.372444626079,4523.372444626079,0.0,$m nominal ex GST,total_ruc_net_revenue + PED/RUC component deltas,0.0,1.0,1.0,0.0,1.0,1.0,post_model_extrapolation:current_comparison_1:FY2035,,adjusted,Post-model overlays; default Off preserves model forecast. Scenario workbook price variables are already captured by finalist forecasts where supplied.
2035,,FY2035,Current finalist High population/comparison,current_comparison_1,comparison,Current planned path,Off,Off,Off,Off,ROLLUP,gross_fed_revenue,3313.3046778504854,3313.3046778504854,0.0,$m nominal ex GST,gross_fed_revenue + PED/RUC component deltas,0.0,1.0,1.0,0.0,1.0,1.0,post_model_extrapolation:current_comparison_1:FY2035,,adjusted,Post-model overlays; default Off preserves model forecast. Scenario workbook price variables are already captured by finalist forecasts where supplied.
2035,,FY2035,Current finalist High population/comparison,current_comparison_1,comparison,Current planned path,Off,Off,Off,Off,ROLLUP,net_fed_revenue,3201.8587073205786,3201.8587073205786,0.0,$m nominal ex GST,net_fed_revenue + PED/RUC component deltas,0.0,1.0,1.0,0.0,1.0,1.0,post_model_extrapolation:current_comparison_1:FY2035,,adjusted,Post-model overlays; default Off preserves model forecast. Scenario workbook price variables are already captured by finalist forecasts where supplied.
2035,,FY2035,Current finalist High population/comparison,current_comparison_1,comparison,Current planned path,Off,Off,Off,Off,ROLLUP,total_gross_revenue,8582.177974345392,8582.177974345392,0.0,$m nominal ex GST,total_gross_revenue + PED/RUC component deltas,0.0,1.0,1.0,0.0,1.0,1.0,post_model_extrapolation:current_comparison_1:FY2035,,adjusted,Post-model overlays; default Off preserves model forecast. Scenario workbook price variables are already captured by finalist forecasts where supplied.
2035,,FY2035,Current finalist High population/comparison,current_comparison_1,comparison,Current planned path,Off,Off,Off,Off,ROLLUP,total_revenue_net_admin,8464.397535361171,8464.397535361171,0.0,$m nominal ex GST,total_revenue_net_admin + PED/RUC component deltas,0.0,1.0,1.0,0.0,1.0,1.0,post_model_extrapolation:current_comparison_1:FY2035,,adjusted,Post-model overlays; default Off preserves model forecast. Scenario workbook price variables are already captured by finalist forecasts where supplied.
2035,,FY2035,Current finalist High population/comparison,current_comparison_1,comparison,Current planned path,Off,Off,Off,Off,ROLLUP,total_nltf_net_revenue,8203.23612902984,8203.23612902984,0.0,$m nominal ex GST,total_nltf_net_revenue + PED/RUC component deltas,0.0,1.0,1.0,0.0,1.0,1.0,post_model_extrapolation:current_comparison_1:FY2035,,adjusted,Post-model overlays; default Off preserves model forecast. Scenario workbook price variables are already captured by finalist forecasts where supplied.
2036,,FY2036,Current finalist High population/comparison,current_comparison_1,comparison,Current planned path,Off,Off,Off,Off,PED,light_petrol_vkt,34683.59893039554,34683.59893039554,0.0,million km,light_petrol_vkt * pt_factor * petrol_demand_factor,0.0,1.0,1.0,0.0,1.0,1.0,post_model_extrapolation:current_comparison_1:FY2036; ; ,,adjusted,Post-model overlays; default Off preserves model forecast. Scenario workbook price variables are already captured by finalist forecasts where supplied.
2036,,FY2036,Current finalist High population/comparison,current_comparison_1,comparison,Current planned path,Off,Off,Off,Off,PED,ped_vkt_per_capita,5584.157927889014,5584.157927889014,0.0,km/person,ped_vkt_per_capita * pt_factor * petrol_demand_factor,0.0,1.0,1.0,0.0,1.0,1.0,post_model_extrapolation:current_comparison_1:FY2036; ; ,,adjusted,Post-model overlays; default Off preserves model forecast. Scenario workbook price variables are already captured by finalist forecasts where supplied.
2036,,FY2036,Current finalist High population/comparison,current_comparison_1,comparison,Current planned path,Off,Off,Off,Off,LIGHT_RUC,light_ruc_net_km,12830.26893605862,12830.26893605862,0.0,million km,light_ruc_net_km * pt_factor * light_demand_factor,0.0,1.0,1.0,0.0,1.0,1.0,post_model_extrapolation:current_comparison_1:FY2036; ; ,,adjusted,Post-model overlays; default Off preserves model forecast. Scenario workbook price variables are already captured by finalist forecasts where supplied.
2036,,FY2036,Current finalist High population/comparison,current_comparison_1,comparison,Current planned path,Off,Off,Off,Off,LIGHT_BEV,light_bev_ruc_net_km,9670.130097190178,9670.130097190178,0.0,million km,light_bev_ruc_net_km * pt_factor * light_demand_factor,0.0,1.0,1.0,0.0,1.0,1.0,post_model_extrapolation:current_comparison_1:FY2036; ; ,,adjusted,Post-model overlays; default Off preserves model forecast. Scenario workbook price variables are already captured by finalist forecasts where supplied.
2036,,FY2036,Current finalist High population/comparison,current_comparison_1,comparison,Current planned path,Off,Off,Off,Off,PHEV,phev_ruc_net_km,3812.164154664943,3812.164154664943,0.0,million km,phev_ruc_net_km * pt_factor * light_demand_factor,0.0,1.0,1.0,0.0,1.0,1.0,post_model_extrapolation:current_comparison_1:FY2036; ; ,,adjusted,Post-model overlays; default Off preserves model forecast. Scenario workbook price variables are already captured by finalist forecasts where supplied.
2036,,FY2036,Current finalist High population/comparison,current_comparison_1,comparison,Current planned path,Off,Off,Off,Off,LIGHT_RUC,current_light_ruc_conventional_modelled_km,12830.26893605862,12830.26893605862,0.0,million km,current_light_ruc_conventional_modelled_km * pt_factor * light_demand_factor,0.0,1.0,1.0,0.0,1.0,1.0,post_model_extrapolation:current_comparison_1:FY2036; ; ,,adjusted,Post-model overlays; default Off preserves model forecast. Scenario workbook price variables are already captured by finalist forecasts where supplied.
2036,,FY2036,Current finalist High population/comparison,current_comparison_1,comparison,Current planned path,Off,Off,Off,Off,LIGHT_RUC,light_ruc_net_revenue,1448.8581196044258,1448.8581196044258,0.0,$m nominal ex GST,light_ruc_net_revenue effective rate applied to adjusted km,0.0,1.0,1.0,0.0,1.0,1.0,post_model_extrapolation:current_comparison_1:FY2036; ; ,,adjusted,Post-model overlays; default Off preserves model forecast. Scenario workbook price variables are already captured by finalist forecasts where supplied.
2036,,FY2036,Current finalist High population/comparison,current_comparison_1,comparison,Current planned path,Off,Off,Off,Off,LIGHT_BEV,light_bev_ruc_net_revenue,1091.9994412252008,1091.9994412252008,0.0,$m nominal ex GST,light_bev_ruc_net_revenue effective rate applied to adjusted km,0.0,1.0,1.0,0.0,1.0,1.0,post_model_extrapolation:current_comparison_1:FY2036; ; ,,adjusted,Post-model overlays; default Off preserves model forecast. Scenario workbook price variables are already captured by finalist forecasts where supplied.
2036,,FY2036,Current finalist High population/comparison,current_comparison_1,comparison,Current planned path,Off,Off,Off,Off,PHEV,phev_ruc_net_revenue,212.28036095251682,212.28036095251682,0.0,$m nominal ex GST,phev_ruc_net_revenue effective rate applied to adjusted km,0.0,1.0,1.0,0.0,1.0,1.0,post_model_extrapolation:current_comparison_1:FY2036; ; ,,adjusted,Post-model overlays; default Off preserves model forecast. Scenario workbook price variables are already captured by finalist forecasts where supplied.
2036,,FY2036,Current finalist High population/comparison,current_comparison_1,comparison,Current planned path,Off,Off,Off,Off,HEAVY_RUC,heavy_ruc_net_km,4404.846171567302,4404.846171567302,0.0,million km,heavy_ruc_net_km * freight_factor * heavy_demand_factor,0.0,1.0,1.0,0.0,1.0,1.0,post_model_extrapolation:current_comparison_1:FY2036; ; ,,adjusted,Post-model overlays; default Off preserves model forecast. Scenario workbook price variables are already captured by finalist forecasts where supplied.
2036,,FY2036,Current finalist High population/comparison,current_comparison_1,comparison,Current planned path,Off,Off,Off,Off,HEAVY_RUC,heavy_ruc_net_revenue,2041.6682247522986,2041.6682247522986,0.0,$m nominal ex GST,heavy_ruc_net_revenue effective rate applied to adjusted km,0.0,1.0,1.0,0.0,1.0,1.0,post_model_extrapolation:current_comparison_1:FY2036; ; ,,adjusted,Post-model overlays; default Off preserves model forecast. Scenario workbook price variables are already captured by finalist forecasts where supplied.
2036,,FY2036,Current finalist High population/comparison,current_comparison_1,comparison,Current planned path,Off,Off,Off,Off,ROLLUP,gross_ruc_revenue,5060.6245894859885,5060.6245894859885,0.0,$m nominal ex GST,gross_ruc_revenue + PED/RUC component deltas,0.0,1.0,1.0,0.0,1.0,1.0,post_model_extrapolation:current_comparison_1:FY2036,,adjusted,Post-model overlays; default Off preserves model forecast. Scenario workbook price variables are already captured by finalist forecasts where supplied.
2036,,FY2036,Current finalist High population/comparison,current_comparison_1,comparison,Current planned path,Off,Off,Off,Off,ROLLUP,ruc_revenue_net_admin,5010.488978265962,5010.488978265962,0.0,$m nominal ex GST,ruc_revenue_net_admin + PED/RUC component deltas,0.0,1.0,1.0,0.0,1.0,1.0,post_model_extrapolation:current_comparison_1:FY2036,,adjusted,Post-model overlays; default Off preserves model forecast. Scenario workbook price variables are already captured by finalist forecasts where supplied.
2036,,FY2036,Current finalist High population/comparison,current_comparison_1,comparison,Current planned path,Off,Off,Off,Off,ROLLUP,total_ruc_net_revenue,4853.874344839348,4853.874344839348,0.0,$m nominal ex GST,total_ruc_net_revenue + PED/RUC component deltas,0.0,1.0,1.0,0.0,1.0,1.0,post_model_extrapolation:current_comparison_1:FY2036,,adjusted,Post-model overlays; default Off preserves model forecast. Scenario workbook price variables are already captured by finalist forecasts where supplied.
2036,,FY2036,Current finalist High population/comparison,current_comparison_1,comparison,Current planned path,Off,Off,Off,Off,ROLLUP,gross_fed_revenue,3414.5984290795495,3414.5984290795495,0.0,$m nominal ex GST,gross_fed_revenue + PED/RUC component deltas,0.0,1.0,1.0,0.0,1.0,1.0,post_model_extrapolation:current_comparison_1:FY2036,,adjusted,Post-model overlays; default Off preserves model forecast. Scenario workbook price variables are already captured by finalist forecasts where supplied.
2036,,FY2036,Current finalist High population/comparison,current_comparison_1,comparison,Current planned path,Off,Off,Off,Off,ROLLUP,net_fed_revenue,3303.4222371612777,3303.4222371612777,0.0,$m nominal ex GST,net_fed_revenue + PED/RUC component deltas,0.0,1.0,1.0,0.0,1.0,1.0,post_model_extrapolation:current_comparison_1:FY2036,,adjusted,Post-model overlays; default Off preserves model forecast. Scenario workbook price variables are already captured by finalist forecasts where supplied.
2036,,FY2036,Current finalist High population/comparison,current_comparison_1,comparison,Current planned path,Off,Off,Off,Off,ROLLUP,total_gross_revenue,9021.653646976662,9021.653646976662,0.0,$m nominal ex GST,total_gross_revenue + PED/RUC component deltas,0.0,1.0,1.0,0.0,1.0,1.0,post_model_extrapolation:current_comparison_1:FY2036,,adjusted,Post-model overlays; default Off preserves model forecast. Scenario workbook price variables are already captured by finalist forecasts where supplied.
2036,,FY2036,Current finalist High population/comparison,current_comparison_1,comparison,Current planned path,Off,Off,Off,Off,ROLLUP,total_revenue_net_admin,8902.063823721237,8902.063823721237,0.0,$m nominal ex GST,total_revenue_net_admin + PED/RUC component deltas,0.0,1.0,1.0,0.0,1.0,1.0,post_model_extrapolation:current_comparison_1:FY2036,,adjusted,Post-model overlays; default Off preserves model forecast. Scenario workbook price variables are already captured by finalist forecasts where supplied.
2036,,FY2036,Current finalist High population/comparison,current_comparison_1,comparison,Current planned path,Off,Off,Off,Off,ROLLUP,total_nltf_net_revenue,8632.259143103747,8632.259143103747,0.0,$m nominal ex GST,total_nltf_net_revenue + PED/RUC component deltas,0.0,1.0,1.0,0.0,1.0,1.0,post_model_extrapolation:current_comparison_1:FY2036,,adjusted,Post-model overlays; default Off preserves model forecast. Scenario workbook price variables are already captured by finalist forecasts where supplied.
2037,,FY2037,Current finalist High population/comparison,current_comparison_1,comparison,Current planned path,Off,Off,Off,Off,PED,light_petrol_vkt,34887.577066929276,34887.577066929276,0.0,million km,light_petrol_vkt * pt_factor * petrol_demand_factor,0.0,1.0,1.0,0.0,1.0,1.0,post_model_extrapolation:current_comparison_1:FY2037; ; ,,adjusted,Post-model overlays; default Off preserves model forecast. Scenario workbook price variables are already captured by finalist forecasts where supplied.
2037,,FY2037,Current finalist High population/comparison,current_comparison_1,comparison,Current planned path,Off,Off,Off,Off,PED,ped_vkt_per_capita,5533.9927768374555,5533.9927768374555,0.0,km/person,ped_vkt_per_capita * pt_factor * petrol_demand_factor,0.0,1.0,1.0,0.0,1.0,1.0,post_model_extrapolation:current_comparison_1:FY2037; ; ,,adjusted,Post-model overlays; default Off preserves model forecast. Scenario workbook price variables are already captured by finalist forecasts where supplied.
2037,,FY2037,Current finalist High population/comparison,current_comparison_1,comparison,Current planned path,Off,Off,Off,Off,LIGHT_RUC,light_ruc_net_km,12415.702277602128,12415.702277602128,0.0,million km,light_ruc_net_km * pt_factor * light_demand_factor,0.0,1.0,1.0,0.0,1.0,1.0,post_model_extrapolation:current_comparison_1:FY2037; ; ,,adjusted,Post-model overlays; default Off preserves model forecast. Scenario workbook price variables are already captured by finalist forecasts where supplied.
2037,,FY2037,Current finalist High population/comparison,current_comparison_1,comparison,Current planned path,Off,Off,Off,Off,LIGHT_BEV,light_bev_ruc_net_km,11460.879912413602,11460.879912413602,0.0,million km,light_bev_ruc_net_km * pt_factor * light_demand_factor,0.0,1.0,1.0,0.0,1.0,1.0,post_model_extrapolation:current_comparison_1:FY2037; ; ,,adjusted,Post-model overlays; default Off preserves model forecast. Scenario workbook price variables are already captured by finalist forecasts where supplied.
2037,,FY2037,Current finalist High population/comparison,current_comparison_1,comparison,Current planned path,Off,Off,Off,Off,PHEV,phev_ruc_net_km,4007.9562478245325,4007.9562478245325,0.0,million km,phev_ruc_net_km * pt_factor * light_demand_factor,0.0,1.0,1.0,0.0,1.0,1.0,post_model_extrapolation:current_comparison_1:FY2037; ; ,,adjusted,Post-model overlays; default Off preserves model forecast. Scenario workbook price variables are already captured by finalist forecasts where supplied.
2037,,FY2037,Current finalist High population/comparison,current_comparison_1,comparison,Current planned path,Off,Off,Off,Off,LIGHT_RUC,current_light_ruc_conventional_modelled_km,12415.702277602128,12415.702277602128,0.0,million km,current_light_ruc_conventional_modelled_km * pt_factor * light_demand_factor,0.0,1.0,1.0,0.0,1.0,1.0,post_model_extrapolation:current_comparison_1:FY2037; ; ,,adjusted,Post-model overlays; default Off preserves model forecast. Scenario workbook price variables are already captured by finalist forecasts where supplied.
2037,,FY2037,Current finalist High population/comparison,current_comparison_1,comparison,Current planned path,Off,Off,Off,Off,LIGHT_RUC,light_ruc_net_revenue,1449.5953194214424,1449.5953194214424,0.0,$m nominal ex GST,light_ruc_net_revenue effective rate applied to adjusted km,0.0,1.0,1.0,0.0,1.0,1.0,post_model_extrapolation:current_comparison_1:FY2037; ; ,,adjusted,Post-model overlays; default Off preserves model forecast. Scenario workbook price variables are already captured by finalist forecasts where supplied.
2037,,FY2037,Current finalist High population/comparison,current_comparison_1,comparison,Current planned path,Off,Off,Off,Off,LIGHT_BEV,light_bev_ruc_net_revenue,1338.1150341738473,1338.1150341738473,0.0,$m nominal ex GST,light_bev_ruc_net_revenue effective rate applied to adjusted km,0.0,1.0,1.0,0.0,1.0,1.0,post_model_extrapolation:current_comparison_1:FY2037; ; ,,adjusted,Post-model overlays; default Off preserves model forecast. Scenario workbook price variables are already captured by finalist forecasts where supplied.
2037,,FY2037,Current finalist High population/comparison,current_comparison_1,comparison,Current planned path,Off,Off,Off,Off,PHEV,phev_ruc_net_revenue,230.75808096849786,230.75808096849786,0.0,$m nominal ex GST,phev_ruc_net_revenue effective rate applied to adjusted km,0.0,1.0,1.0,0.0,1.0,1.0,post_model_extrapolation:current_comparison_1:FY2037; ; ,,adjusted,Post-model overlays; default Off preserves model forecast. Scenario workbook price variables are already captured by finalist forecasts where supplied.
2037,,FY2037,Current finalist High population/comparison,current_comparison_1,comparison,Current planned path,Off,Off,Off,Off,HEAVY_RUC,heavy_ruc_net_km,4429.15476033063,4429.15476033063,0.0,million km,heavy_ruc_net_km * freight_factor * heavy_demand_factor,0.0,1.0,1.0,0.0,1.0,1.0,post_model_extrapolation:current_comparison_1:FY2037; ; ,,adjusted,Post-model overlays; default Off preserves model forecast. Scenario workbook price variables are already captured by finalist forecasts where supplied.
2037,,FY2037,Current finalist High population/comparison,current_comparison_1,comparison,Current planned path,Off,Off,Off,Off,HEAVY_RUC,heavy_ruc_net_revenue,2122.517398471842,2122.517398471842,0.0,$m nominal ex GST,heavy_ruc_net_revenue effective rate applied to adjusted km,0.0,1.0,1.0,0.0,1.0,1.0,post_model_extrapolation:current_comparison_1:FY2037; ; ,,adjusted,Post-model overlays; default Off preserves model forecast. Scenario workbook price variables are already captured by finalist forecasts where supplied.
2037,,FY2037,Current finalist High population/comparison,current_comparison_1,comparison,Current planned path,Off,Off,Off,Off,ROLLUP,gross_ruc_revenue,5435.886649771273,5435.886649771273,0.0,$m nominal ex GST,gross_ruc_revenue + PED/RUC component deltas,0.0,1.0,1.0,0.0,1.0,1.0,post_model_extrapolation:current_comparison_1:FY2037,,adjusted,Post-model overlays; default Off preserves model forecast. Scenario workbook price variables are already captured by finalist forecasts where supplied.
2037,,FY2037,Current finalist High population/comparison,current_comparison_1,comparison,Current planned path,Off,Off,Off,Off,ROLLUP,ruc_revenue_net_admin,5383.4773736041,5383.4773736041,0.0,$m nominal ex GST,ruc_revenue_net_admin + PED/RUC component deltas,0.0,1.0,1.0,0.0,1.0,1.0,post_model_extrapolation:current_comparison_1:FY2037,,adjusted,Post-model overlays; default Off preserves model forecast. Scenario workbook price variables are already captured by finalist forecasts where supplied.
2037,,FY2037,Current finalist High population/comparison,current_comparison_1,comparison,Current planned path,Off,Off,Off,Off,ROLLUP,total_ruc_net_revenue,5217.087795029796,5217.087795029796,0.0,$m nominal ex GST,total_ruc_net_revenue + PED/RUC component deltas,0.0,1.0,1.0,0.0,1.0,1.0,post_model_extrapolation:current_comparison_1:FY2037,,adjusted,Post-model overlays; default Off preserves model forecast. Scenario workbook price variables are already captured by finalist forecasts where supplied.
2037,,FY2037,Current finalist High population/comparison,current_comparison_1,comparison,Current planned path,Off,Off,Off,Off,ROLLUP,gross_fed_revenue,3512.2802130218297,3512.2802130218297,0.0,$m nominal ex GST,gross_fed_revenue + PED/RUC component deltas,0.0,1.0,1.0,0.0,1.0,1.0,post_model_extrapolation:current_comparison_1:FY2037,,adjusted,Post-model overlays; default Off preserves model forecast. Scenario workbook price variables are already captured by finalist forecasts where supplied.
2037,,FY2037,Current finalist High population/comparison,current_comparison_1,comparison,Current planned path,Off,Off,Off,Off,ROLLUP,net_fed_revenue,3402.237299049713,3402.237299049713,0.0,$m nominal ex GST,net_fed_revenue + PED/RUC component deltas,0.0,1.0,1.0,0.0,1.0,1.0,post_model_extrapolation:current_comparison_1:FY2037,,adjusted,Post-model overlays; default Off preserves model forecast. Scenario workbook price variables are already captured by finalist forecasts where supplied.
2037,,FY2037,Current finalist High population/comparison,current_comparison_1,comparison,Current planned path,Off,Off,Off,Off,ROLLUP,total_gross_revenue,9491.565879323469,9491.565879323469,0.0,$m nominal ex GST,total_gross_revenue + PED/RUC component deltas,0.0,1.0,1.0,0.0,1.0,1.0,post_model_extrapolation:current_comparison_1:FY2037,,adjusted,Post-model overlays; default Off preserves model forecast. Scenario workbook price variables are already captured by finalist forecasts where supplied.
2037,,FY2037,Current finalist High population/comparison,current_comparison_1,comparison,Current planned path,Off,Off,Off,Off,ROLLUP,total_revenue_net_admin,9369.925722110524,9369.925722110524,0.0,$m nominal ex GST,total_revenue_net_admin + PED/RUC component deltas,0.0,1.0,1.0,0.0,1.0,1.0,post_model_extrapolation:current_comparison_1:FY2037,,adjusted,Post-model overlays; default Off preserves model forecast. Scenario workbook price variables are already captured by finalist forecasts where supplied.
2037,,FY2037,Current finalist High population/comparison,current_comparison_1,comparison,Current planned path,Off,Off,Off,Off,ROLLUP,total_nltf_net_revenue,9091.465290047805,9091.465290047805,0.0,$m nominal ex GST,total_nltf_net_revenue + PED/RUC component deltas,0.0,1.0,1.0,0.0,1.0,1.0,post_model_extrapolation:current_comparison_1:FY2037,,adjusted,Post-model overlays; default Off preserves model forecast. Scenario workbook price variables are already captured by finalist forecasts where supplied.
2038,,FY2038,Current finalist High population/comparison,current_comparison_1,comparison,Current planned path,Off,Off,Off,Off,PED,light_petrol_vkt,35084.72338794096,35084.72338794096,0.0,million km,light_petrol_vkt * pt_factor * petrol_demand_factor,0.0,1.0,1.0,0.0,1.0,1.0,post_model_extrapolation:current_comparison_1:FY2038; ; ,,adjusted,Post-model overlays; default Off preserves model forecast. Scenario workbook price variables are already captured by finalist forecasts where supplied.
2038,,FY2038,Current finalist High population/comparison,current_comparison_1,comparison,Current planned path,Off,Off,Off,Off,PED,ped_vkt_per_capita,5483.019830612894,5483.019830612894,0.0,km/person,ped_vkt_per_capita * pt_factor * petrol_demand_factor,0.0,1.0,1.0,0.0,1.0,1.0,post_model_extrapolation:current_comparison_1:FY2038; ; ,,adjusted,Post-model overlays; default Off preserves model forecast. Scenario workbook price variables are already captured by finalist forecasts where supplied.
2038,,FY2038,Current finalist High population/comparison,current_comparison_1,comparison,Current planned path,Off,Off,Off,Off,LIGHT_RUC,light_ruc_net_km,11943.618035583997,11943.618035583997,0.0,million km,light_ruc_net_km * pt_factor * light_demand_factor,0.0,1.0,1.0,0.0,1.0,1.0,post_model_extrapolation:current_comparison_1:FY2038; ; ,,adjusted,Post-model overlays; default Off preserves model forecast. Scenario workbook price variables are already captured by finalist forecasts where supplied.
2038,,FY2038,Current finalist High population/comparison,current_comparison_1,comparison,Current planned path,Off,Off,Off,Off,LIGHT_BEV,light_bev_ruc_net_km,13522.267292486846,13522.267292486846,0.0,million km,light_bev_ruc_net_km * pt_factor * light_demand_factor,0.0,1.0,1.0,0.0,1.0,1.0,post_model_extrapolation:current_comparison_1:FY2038; ; ,,adjusted,Post-model overlays; default Off preserves model forecast. Scenario workbook price variables are already captured by finalist forecasts where supplied.
2038,,FY2038,Current finalist High population/comparison,current_comparison_1,comparison,Current planned path,Off,Off,Off,Off,PHEV,phev_ruc_net_km,4151.1882695962095,4151.1882695962095,0.0,million km,phev_ruc_net_km * pt_factor * light_demand_factor,0.0,1.0,1.0,0.0,1.0,1.0,post_model_extrapolation:current_comparison_1:FY2038; ; ,,adjusted,Post-model overlays; default Off preserves model forecast. Scenario workbook price variables are already captured by finalist forecasts where supplied.
2038,,FY2038,Current finalist High population/comparison,current_comparison_1,comparison,Current planned path,Off,Off,Off,Off,LIGHT_RUC,current_light_ruc_conventional_modelled_km,11943.618035583997,11943.618035583997,0.0,million km,current_light_ruc_conventional_modelled_km * pt_factor * light_demand_factor,0.0,1.0,1.0,0.0,1.0,1.0,post_model_extrapolation:current_comparison_1:FY2038; ; ,,adjusted,Post-model overlays; default Off preserves model forecast. Scenario workbook price variables are already captured by finalist forecasts where supplied.
2038,,FY2038,Current finalist High population/comparison,current_comparison_1,comparison,Current planned path,Off,Off,Off,Off,LIGHT_RUC,light_ruc_net_revenue,1440.2211808208988,1440.2211808208988,0.0,$m nominal ex GST,light_ruc_net_revenue effective rate applied to adjusted km,0.0,1.0,1.0,0.0,1.0,1.0,post_model_extrapolation:current_comparison_1:FY2038; ; ,,adjusted,Post-model overlays; default Off preserves model forecast. Scenario workbook price variables are already captured by finalist forecasts where supplied.
2038,,FY2038,Current finalist High population/comparison,current_comparison_1,comparison,Current planned path,Off,Off,Off,Off,LIGHT_BEV,light_bev_ruc_net_revenue,1630.5826014645265,1630.5826014645265,0.0,$m nominal ex GST,light_bev_ruc_net_revenue effective rate applied to adjusted km,0.0,1.0,1.0,0.0,1.0,1.0,post_model_extrapolation:current_comparison_1:FY2038; ; ,,adjusted,Post-model overlays; default Off preserves model forecast. Scenario workbook price variables are already captured by finalist forecasts where supplied.
2038,,FY2038,Current finalist High population/comparison,current_comparison_1,comparison,Current planned path,Off,Off,Off,Off,PHEV,phev_ruc_net_revenue,246.85041045153807,246.85041045153807,0.0,$m nominal ex GST,phev_ruc_net_revenue effective rate applied to adjusted km,0.0,1.0,1.0,0.0,1.0,1.0,post_model_extrapolation:current_comparison_1:FY2038; ; ,,adjusted,Post-model overlays; default Off preserves model forecast. Scenario workbook price variables are already captured by finalist forecasts where supplied.
2038,,FY2038,Current finalist High population/comparison,current_comparison_1,comparison,Current planned path,Off,Off,Off,Off,HEAVY_RUC,heavy_ruc_net_km,4456.090001769831,4456.090001769831,0.0,million km,heavy_ruc_net_km * freight_factor * heavy_demand_factor,0.0,1.0,1.0,0.0,1.0,1.0,post_model_extrapolation:current_comparison_1:FY2038; ; ,,adjusted,Post-model overlays; default Off preserves model forecast. Scenario workbook price variables are already captured by finalist forecasts where supplied.
2038,,FY2038,Current finalist High population/comparison,current_comparison_1,comparison,Current planned path,Off,Off,Off,Off,HEAVY_RUC,heavy_ruc_net_revenue,2205.4303441259285,2205.4303441259285,0.0,$m nominal ex GST,heavy_ruc_net_revenue effective rate applied to adjusted km,0.0,1.0,1.0,0.0,1.0,1.0,post_model_extrapolation:current_comparison_1:FY2038; ; ,,adjusted,Post-model overlays; default Off preserves model forecast. Scenario workbook price variables are already captured by finalist forecasts where supplied.
2038,,FY2038,Current finalist High population/comparison,current_comparison_1,comparison,Current planned path,Off,Off,Off,Off,ROLLUP,gross_ruc_revenue,5850.102234986035,5850.102234986035,0.0,$m nominal ex GST,gross_ruc_revenue + PED/RUC component deltas,0.0,1.0,1.0,0.0,1.0,1.0,post_model_extrapolation:current_comparison_1:FY2038,,adjusted,Post-model overlays; default Off preserves model forecast. Scenario workbook price variables are already captured by finalist forecasts where supplied.
2038,,FY2038,Current finalist High population/comparison,current_comparison_1,comparison,Current planned path,Off,Off,Off,Off,ROLLUP,ruc_revenue_net_admin,5795.214294906912,5795.214294906912,0.0,$m nominal ex GST,ruc_revenue_net_admin + PED/RUC component deltas,0.0,1.0,1.0,0.0,1.0,1.0,post_model_extrapolation:current_comparison_1:FY2038,,adjusted,Post-model overlays; default Off preserves model forecast. Scenario workbook price variables are already captured by finalist forecasts where supplied.
2038,,FY2038,Current finalist High population/comparison,current_comparison_1,comparison,Current planned path,Off,Off,Off,Off,ROLLUP,total_ruc_net_revenue,5618.182442907828,5618.182442907828,0.0,$m nominal ex GST,total_ruc_net_revenue + PED/RUC component deltas,0.0,1.0,1.0,0.0,1.0,1.0,post_model_extrapolation:current_comparison_1:FY2038,,adjusted,Post-model overlays; default Off preserves model forecast. Scenario workbook price variables are already captured by finalist forecasts where supplied.
2038,,FY2038,Current finalist High population/comparison,current_comparison_1,comparison,Current planned path,Off,Off,Off,Off,ROLLUP,gross_fed_revenue,3607.7579027868546,3607.7579027868546,0.0,$m nominal ex GST,gross_fed_revenue + PED/RUC component deltas,0.0,1.0,1.0,0.0,1.0,1.0,post_model_extrapolation:current_comparison_1:FY2038,,adjusted,Post-model overlays; default Off preserves model forecast. Scenario workbook price variables are already captured by finalist forecasts where supplied.
2038,,FY2038,Current finalist High population/comparison,current_comparison_1,comparison,Current planned path,Off,Off,Off,Off,ROLLUP,net_fed_revenue,3499.844394111262,3499.844394111262,0.0,$m nominal ex GST,net_fed_revenue + PED/RUC component deltas,0.0,1.0,1.0,0.0,1.0,1.0,post_model_extrapolation:current_comparison_1:FY2038,,adjusted,Post-model overlays; default Off preserves model forecast. Scenario workbook price variables are already captured by finalist forecasts where supplied.
2038,,FY2038,Current finalist High population/comparison,current_comparison_1,comparison,Current planned path,Off,Off,Off,Off,ROLLUP,total_gross_revenue,9998.442329088264,9998.442329088264,0.0,$m nominal ex GST,total_gross_revenue + PED/RUC component deltas,0.0,1.0,1.0,0.0,1.0,1.0,post_model_extrapolation:current_comparison_1:FY2038,,adjusted,Post-model overlays; default Off preserves model forecast. Scenario workbook price variables are already captured by finalist forecasts where supplied.
2038,,FY2038,Current finalist High population/comparison,current_comparison_1,comparison,Current planned path,Off,Off,Off,Off,ROLLUP,total_revenue_net_admin,9874.531793904242,9874.531793904242,0.0,$m nominal ex GST,total_revenue_net_admin + PED/RUC component deltas,0.0,1.0,1.0,0.0,1.0,1.0,post_model_extrapolation:current_comparison_1:FY2038,,adjusted,Post-model overlays; default Off preserves model forecast. Scenario workbook price variables are already captured by finalist forecasts where supplied.
2038,,FY2038,Current finalist High population/comparison,current_comparison_1,comparison,Current planned path,Off,Off,Off,Off,ROLLUP,total_nltf_net_revenue,9587.543565065527,9587.543565065527,0.0,$m nominal ex GST,total_nltf_net_revenue + PED/RUC component deltas,0.0,1.0,1.0,0.0,1.0,1.0,post_model_extrapolation:current_comparison_1:FY2038,,adjusted,Post-model overlays; default Off preserves model forecast. Scenario workbook price variables are already captured by finalist forecasts where supplied.
2039,,FY2039,Current finalist High population/comparison,current_comparison_1,comparison,Current planned path,Off,Off,Off,Off,PED,light_petrol_vkt,35282.33754604142,35282.33754604142,0.0,million km,light_petrol_vkt * pt_factor * petrol_demand_factor,0.0,1.0,1.0,0.0,1.0,1.0,post_model_extrapolation:current_comparison_1:FY2039; ; ,,adjusted,Post-model overlays; default Off preserves model forecast. Scenario workbook price variables are already captured by finalist forecasts where supplied.
2039,,FY2039,Current finalist High population/comparison,current_comparison_1,comparison,Current planned path,Off,Off,Off,Off,PED,ped_vkt_per_capita,5432.416627408201,5432.416627408201,0.0,km/person,ped_vkt_per_capita * pt_factor * petrol_demand_factor,0.0,1.0,1.0,0.0,1.0,1.0,post_model_extrapolation:current_comparison_1:FY2039; ; ,,adjusted,Post-model overlays; default Off preserves model forecast. Scenario workbook price variables are already captured by finalist forecasts where supplied.
2039,,FY2039,Current finalist High population/comparison,current_comparison_1,comparison,Current planned path,Off,Off,Off,Off,LIGHT_RUC,light_ruc_net_km,11426.071896686875,11426.071896686875,0.0,million km,light_ruc_net_km * pt_factor * light_demand_factor,0.0,1.0,1.0,0.0,1.0,1.0,post_model_extrapolation:current_comparison_1:FY2039; ; ,,adjusted,Post-model overlays; default Off preserves model forecast. Scenario workbook price variables are already captured by finalist forecasts where supplied.
2039,,FY2039,Current finalist High population/comparison,current_comparison_1,comparison,Current planned path,Off,Off,Off,Off,LIGHT_BEV,light_bev_ruc_net_km,15890.910961779102,15890.910961779102,0.0,million km,light_bev_ruc_net_km * pt_factor * light_demand_factor,0.0,1.0,1.0,0.0,1.0,1.0,post_model_extrapolation:current_comparison_1:FY2039; ; ,,adjusted,Post-model overlays; default Off preserves model forecast. Scenario workbook price variables are already captured by finalist forecasts where supplied.
2039,,FY2039,Current finalist High population/comparison,current_comparison_1,comparison,Current planned path,Off,Off,Off,Off,PHEV,phev_ruc_net_km,4264.548990108566,4264.548990108566,0.0,million km,phev_ruc_net_km * pt_factor * light_demand_factor,0.0,1.0,1.0,0.0,1.0,1.0,post_model_extrapolation:current_comparison_1:FY2039; ; ,,adjusted,Post-model overlays; default Off preserves model forecast. Scenario workbook price variables are already captured by finalist forecasts where supplied.
2039,,FY2039,Current finalist High population/comparison,current_comparison_1,comparison,Current planned path,Off,Off,Off,Off,LIGHT_RUC,current_light_ruc_conventional_modelled_km,11426.071896686875,11426.071896686875,0.0,million km,current_light_ruc_conventional_modelled_km * pt_factor * light_demand_factor,0.0,1.0,1.0,0.0,1.0,1.0,post_model_extrapolation:current_comparison_1:FY2039; ; ,,adjusted,Post-model overlays; default Off preserves model forecast. Scenario workbook price variables are already captured by finalist forecasts where supplied.
2039,,FY2039,Current finalist High population/comparison,current_comparison_1,comparison,Current planned path,Off,Off,Off,Off,LIGHT_RUC,light_ruc_net_revenue,1421.5176046668075,1421.5176046668075,0.0,$m nominal ex GST,light_ruc_net_revenue effective rate applied to adjusted km,0.0,1.0,1.0,0.0,1.0,1.0,post_model_extrapolation:current_comparison_1:FY2039; ; ,,adjusted,Post-model overlays; default Off preserves model forecast. Scenario workbook price variables are already captured by finalist forecasts where supplied.
2039,,FY2039,Current finalist High population/comparison,current_comparison_1,comparison,Current planned path,Off,Off,Off,Off,LIGHT_BEV,light_bev_ruc_net_revenue,1976.988232754932,1976.988232754932,0.0,$m nominal ex GST,light_bev_ruc_net_revenue effective rate applied to adjusted km,0.0,1.0,1.0,0.0,1.0,1.0,post_model_extrapolation:current_comparison_1:FY2039; ; ,,adjusted,Post-model overlays; default Off preserves model forecast. Scenario workbook price variables are already captured by finalist forecasts where supplied.
2039,,FY2039,Current finalist High population/comparison,current_comparison_1,comparison,Current planned path,Off,Off,Off,Off,PHEV,phev_ruc_net_revenue,261.6300805431608,261.6300805431608,0.0,$m nominal ex GST,phev_ruc_net_revenue effective rate applied to adjusted km,0.0,1.0,1.0,0.0,1.0,1.0,post_model_extrapolation:current_comparison_1:FY2039; ; ,,adjusted,Post-model overlays; default Off preserves model forecast. Scenario workbook price variables are already captured by finalist forecasts where supplied.
2039,,FY2039,Current finalist High population/comparison,current_comparison_1,comparison,Current planned path,Off,Off,Off,Off,HEAVY_RUC,heavy_ruc_net_km,4483.818222825168,4483.818222825168,0.0,million km,heavy_ruc_net_km * freight_factor * heavy_demand_factor,0.0,1.0,1.0,0.0,1.0,1.0,post_model_extrapolation:current_comparison_1:FY2039; ; ,,adjusted,Post-model overlays; default Off preserves model forecast. Scenario workbook price variables are already captured by finalist forecasts where supplied.
2039,,FY2039,Current finalist High population/comparison,current_comparison_1,comparison,Current planned path,Off,Off,Off,Off,HEAVY_RUC,heavy_ruc_net_revenue,2289.5945182123255,2289.5945182123255,0.0,$m nominal ex GST,heavy_ruc_net_revenue effective rate applied to adjusted km,0.0,1.0,1.0,0.0,1.0,1.0,post_model_extrapolation:current_comparison_1:FY2039; ; ,,adjusted,Post-model overlays; default Off preserves model forecast. Scenario workbook price variables are already captured by finalist forecasts where supplied.
2039,,FY2039,Current finalist High population/comparison,current_comparison_1,comparison,Current planned path,Off,Off,Off,Off,ROLLUP,gross_ruc_revenue,6312.334500011151,6312.334500011151,0.0,$m nominal ex GST,gross_ruc_revenue + PED/RUC component deltas,0.0,1.0,1.0,0.0,1.0,1.0,post_model_extrapolation:current_comparison_1:FY2039,,adjusted,Post-model overlays; default Off preserves model forecast. Scenario workbook price variables are already captured by finalist forecasts where supplied.
2039,,FY2039,Current finalist High population/comparison,current_comparison_1,comparison,Current planned path,Off,Off,Off,Off,ROLLUP,ruc_revenue_net_admin,6254.597368260617,6254.597368260617,0.0,$m nominal ex GST,ruc_revenue_net_admin + PED/RUC component deltas,0.0,1.0,1.0,0.0,1.0,1.0,post_model_extrapolation:current_comparison_1:FY2039,,adjusted,Post-model overlays; default Off preserves model forecast. Scenario workbook price variables are already captured by finalist forecasts where supplied.
2039,,FY2039,Current finalist High population/comparison,current_comparison_1,comparison,Current planned path,Off,Off,Off,Off,ROLLUP,total_ruc_net_revenue,6065.700697554667,6065.700697554667,0.0,$m nominal ex GST,total_ruc_net_revenue + PED/RUC component deltas,0.0,1.0,1.0,0.0,1.0,1.0,post_model_extrapolation:current_comparison_1:FY2039,,adjusted,Post-model overlays; default Off preserves model forecast. Scenario workbook price variables are already captured by finalist forecasts where supplied.
2039,,FY2039,Current finalist High population/comparison,current_comparison_1,comparison,Current planned path,Off,Off,Off,Off,ROLLUP,gross_fed_revenue,3701.645806999318,3701.645806999318,0.0,$m nominal ex GST,gross_fed_revenue + PED/RUC component deltas,0.0,1.0,1.0,0.0,1.0,1.0,post_model_extrapolation:current_comparison_1:FY2039,,adjusted,Post-model overlays; default Off preserves model forecast. Scenario workbook price variables are already captured by finalist forecasts where supplied.
2039,,FY2039,Current finalist High population/comparison,current_comparison_1,comparison,Current planned path,Off,Off,Off,Off,ROLLUP,net_fed_revenue,3596.804932972986,3596.804932972986,0.0,$m nominal ex GST,net_fed_revenue + PED/RUC component deltas,0.0,1.0,1.0,0.0,1.0,1.0,post_model_extrapolation:current_comparison_1:FY2039,,adjusted,Post-model overlays; default Off preserves model forecast. Scenario workbook price variables are already captured by finalist forecasts where supplied.
2039,,FY2039,Current finalist High population/comparison,current_comparison_1,comparison,Current planned path,Off,Off,Off,Off,ROLLUP,total_gross_revenue,10551.940282582631,10551.940282582631,0.0,$m nominal ex GST,total_gross_revenue + PED/RUC component deltas,0.0,1.0,1.0,0.0,1.0,1.0,post_model_extrapolation:current_comparison_1:FY2039,,adjusted,Post-model overlays; default Off preserves model forecast. Scenario workbook price variables are already captured by finalist forecasts where supplied.
2039,,FY2039,Current finalist High population/comparison,current_comparison_1,comparison,Current planned path,Off,Off,Off,Off,ROLLUP,total_revenue_net_admin,10425.374949480984,10425.374949480984,0.0,$m nominal ex GST,total_revenue_net_admin + PED/RUC component deltas,0.0,1.0,1.0,0.0,1.0,1.0,post_model_extrapolation:current_comparison_1:FY2039,,adjusted,Post-model overlays; default Off preserves model forecast. Scenario workbook price variables are already captured by finalist forecasts where supplied.
2039,,FY2039,Current finalist High population/comparison,current_comparison_1,comparison,Current planned path,Off,Off,Off,Off,ROLLUP,total_nltf_net_revenue,10129.578812996358,10129.578812996358,0.0,$m nominal ex GST,total_nltf_net_revenue + PED/RUC component deltas,0.0,1.0,1.0,0.0,1.0,1.0,post_model_extrapolation:current_comparison_1:FY2039,,adjusted,Post-model overlays; default Off preserves model forecast. Scenario workbook price variables are already captured by finalist forecasts where supplied.
2040,,FY2040,Current finalist High population/comparison,current_comparison_1,comparison,Current planned path,Off,Off,Off,Off,PED,light_petrol_vkt,35481.017878889295,35481.017878889295,0.0,million km,light_petrol_vkt * pt_factor * petrol_demand_factor,0.0,1.0,1.0,0.0,1.0,1.0,post_model_extrapolation:current_comparison_1:FY2040; ; ,,adjusted,Post-model overlays; default Off preserves model forecast. Scenario workbook price variables are already captured by finalist forecasts where supplied.
2040,,FY2040,Current finalist High population/comparison,current_comparison_1,comparison,Current planned path,Off,Off,Off,Off,PED,ped_vkt_per_capita,5382.273311938024,5382.273311938024,0.0,km/person,ped_vkt_per_capita * pt_factor * petrol_demand_factor,0.0,1.0,1.0,0.0,1.0,1.0,post_model_extrapolation:current_comparison_1:FY2040; ; ,,adjusted,Post-model overlays; default Off preserves model forecast. Scenario workbook price variables are already captured by finalist forecasts where supplied.
2040,,FY2040,Current finalist High population/comparison,current_comparison_1,comparison,Current planned path,Off,Off,Off,Off,LIGHT_RUC,light_ruc_net_km,10877.036021393122,10877.036021393122,0.0,million km,light_ruc_net_km * pt_factor * light_demand_factor,0.0,1.0,1.0,0.0,1.0,1.0,post_model_extrapolation:current_comparison_1:FY2040; ; ,,adjusted,Post-model overlays; default Off preserves model forecast. Scenario workbook price variables are already captured by finalist forecasts where supplied.
2040,,FY2040,Current finalist High population/comparison,current_comparison_1,comparison,Current planned path,Off,Off,Off,Off,LIGHT_BEV,light_bev_ruc_net_km,18561.45310695553,18561.45310695553,0.0,million km,light_bev_ruc_net_km * pt_factor * light_demand_factor,0.0,1.0,1.0,0.0,1.0,1.0,post_model_extrapolation:current_comparison_1:FY2040; ; ,,adjusted,Post-model overlays; default Off preserves model forecast. Scenario workbook price variables are already captured by finalist forecasts where supplied.
2040,,FY2040,Current finalist High population/comparison,current_comparison_1,comparison,Current planned path,Off,Off,Off,Off,PHEV,phev_ruc_net_km,4309.055197208803,4309.055197208803,0.0,million km,phev_ruc_net_km * pt_factor * light_demand_factor,0.0,1.0,1.0,0.0,1.0,1.0,post_model_extrapolation:current_comparison_1:FY2040; ; ,,adjusted,Post-model overlays; default Off preserves model forecast. Scenario workbook price variables are already captured by finalist forecasts where supplied.
2040,,FY2040,Current finalist High population/comparison,current_comparison_1,comparison,Current planned path,Off,Off,Off,Off,LIGHT_RUC,current_light_ruc_conventional_modelled_km,10877.036021393122,10877.036021393122,0.0,million km,current_light_ruc_conventional_modelled_km * pt_factor * light_demand_factor,0.0,1.0,1.0,0.0,1.0,1.0,post_model_extrapolation:current_comparison_1:FY2040; ; ,,adjusted,Post-model overlays; default Off preserves model forecast. Scenario workbook price variables are already captured by finalist forecasts where supplied.
2040,,FY2040,Current finalist High population/comparison,current_comparison_1,comparison,Current planned path,Off,Off,Off,Off,LIGHT_RUC,light_ruc_net_revenue,1394.8167142033462,1394.8167142033462,0.0,$m nominal ex GST,light_ruc_net_revenue effective rate applied to adjusted km,0.0,1.0,1.0,0.0,1.0,1.0,post_model_extrapolation:current_comparison_1:FY2040; ; ,,adjusted,Post-model overlays; default Off preserves model forecast. Scenario workbook price variables are already captured by finalist forecasts where supplied.
2040,,FY2040,Current finalist High population/comparison,current_comparison_1,comparison,Current planned path,Off,Off,Off,Off,LIGHT_BEV,light_bev_ruc_net_revenue,2380.227939170442,2380.227939170442,0.0,$m nominal ex GST,light_bev_ruc_net_revenue effective rate applied to adjusted km,0.0,1.0,1.0,0.0,1.0,1.0,post_model_extrapolation:current_comparison_1:FY2040; ; ,,adjusted,Post-model overlays; default Off preserves model forecast. Scenario workbook price variables are already captured by finalist forecasts where supplied.
2040,,FY2040,Current finalist High population/comparison,current_comparison_1,comparison,Current planned path,Off,Off,Off,Off,PHEV,phev_ruc_net_revenue,272.4831053954987,272.4831053954987,0.0,$m nominal ex GST,phev_ruc_net_revenue effective rate applied to adjusted km,0.0,1.0,1.0,0.0,1.0,1.0,post_model_extrapolation:current_comparison_1:FY2040; ; ,,adjusted,Post-model overlays; default Off preserves model forecast. Scenario workbook price variables are already captured by finalist forecasts where supplied.
2040,,FY2040,Current finalist High population/comparison,current_comparison_1,comparison,Current planned path,Off,Off,Off,Off,HEAVY_RUC,heavy_ruc_net_km,4512.061830816224,4512.061830816224,0.0,million km,heavy_ruc_net_km * freight_factor * heavy_demand_factor,0.0,1.0,1.0,0.0,1.0,1.0,post_model_extrapolation:current_comparison_1:FY2040; ; ,,adjusted,Post-model overlays; default Off preserves model forecast. Scenario workbook price variables are already captured by finalist forecasts where supplied.
2040,,FY2040,Current finalist High population/comparison,current_comparison_1,comparison,Current planned path,Off,Off,Off,Off,HEAVY_RUC,heavy_ruc_net_revenue,2374.901184340964,2374.901184340964,0.0,$m nominal ex GST,heavy_ruc_net_revenue effective rate applied to adjusted km,0.0,1.0,1.0,0.0,1.0,1.0,post_model_extrapolation:current_comparison_1:FY2040; ; ,,adjusted,Post-model overlays; default Off preserves model forecast. Scenario workbook price variables are already captured by finalist forecasts where supplied.
2040,,FY2040,Current finalist High population/comparison,current_comparison_1,comparison,Current planned path,Off,Off,Off,Off,ROLLUP,gross_ruc_revenue,6823.85801295807,6823.85801295807,0.0,$m nominal ex GST,gross_ruc_revenue + PED/RUC component deltas,0.0,1.0,1.0,0.0,1.0,1.0,post_model_extrapolation:current_comparison_1:FY2040,,adjusted,Post-model overlays; default Off preserves model forecast. Scenario workbook price variables are already captured by finalist forecasts where supplied.
2040,,FY2040,Current finalist High population/comparison,current_comparison_1,comparison,Current planned path,Off,Off,Off,Off,ROLLUP,ruc_revenue_net_admin,6762.962641777498,6762.962641777498,0.0,$m nominal ex GST,ruc_revenue_net_admin + PED/RUC component deltas,0.0,1.0,1.0,0.0,1.0,1.0,post_model_extrapolation:current_comparison_1:FY2040,,adjusted,Post-model overlays; default Off preserves model forecast. Scenario workbook price variables are already captured by finalist forecasts where supplied.
2040,,FY2040,Current finalist High population/comparison,current_comparison_1,comparison,Current planned path,Off,Off,Off,Off,ROLLUP,total_ruc_net_revenue,6560.943937237249,6560.943937237249,0.0,$m nominal ex GST,total_ruc_net_revenue + PED/RUC component deltas,0.0,1.0,1.0,0.0,1.0,1.0,post_model_extrapolation:current_comparison_1:FY2040,,adjusted,Post-model overlays; default Off preserves model forecast. Scenario workbook price variables are already captured by finalist forecasts where supplied.
2040,,FY2040,Current finalist High population/comparison,current_comparison_1,comparison,Current planned path,Off,Off,Off,Off,ROLLUP,gross_fed_revenue,3793.9269152155503,3793.9269152155503,0.0,$m nominal ex GST,gross_fed_revenue + PED/RUC component deltas,0.0,1.0,1.0,0.0,1.0,1.0,post_model_extrapolation:current_comparison_1:FY2040,,adjusted,Post-model overlays; default Off preserves model forecast. Scenario workbook price variables are already captured by finalist forecasts where supplied.
2040,,FY2040,Current finalist High population/comparison,current_comparison_1,comparison,Current planned path,Off,Off,Off,Off,ROLLUP,net_fed_revenue,3692.982653864521,3692.982653864521,0.0,$m nominal ex GST,net_fed_revenue + PED/RUC component deltas,0.0,1.0,1.0,0.0,1.0,1.0,post_model_extrapolation:current_comparison_1:FY2040,,adjusted,Post-model overlays; default Off preserves model forecast. Scenario workbook price variables are already captured by finalist forecasts where supplied.
2040,,FY2040,Current finalist High population/comparison,current_comparison_1,comparison,Current planned path,Off,Off,Off,Off,ROLLUP,total_gross_revenue,11153.299128888782,11153.299128888782,0.0,$m nominal ex GST,total_gross_revenue + PED/RUC component deltas,0.0,1.0,1.0,0.0,1.0,1.0,post_model_extrapolation:current_comparison_1:FY2040,,adjusted,Post-model overlays; default Off preserves model forecast. Scenario workbook price variables are already captured by finalist forecasts where supplied.
2040,,FY2040,Current finalist High population/comparison,current_comparison_1,comparison,Current planned path,Off,Off,Off,Off,ROLLUP,total_revenue_net_admin,11023.757162027168,11023.757162027168,0.0,$m nominal ex GST,total_revenue_net_admin + PED/RUC component deltas,0.0,1.0,1.0,0.0,1.0,1.0,post_model_extrapolation:current_comparison_1:FY2040,,adjusted,Post-model overlays; default Off preserves model forecast. Scenario workbook price variables are already captured by finalist forecasts where supplied.
2040,,FY2040,Current finalist High population/comparison,current_comparison_1,comparison,Current planned path,Off,Off,Off,Off,ROLLUP,total_nltf_net_revenue,10718.719130634758,10718.719130634758,0.0,$m nominal ex GST,total_nltf_net_revenue + PED/RUC component deltas,0.0,1.0,1.0,0.0,1.0,1.0,post_model_extrapolation:current_comparison_1:FY2040,,adjusted,Post-model overlays; default Off preserves model forecast. Scenario workbook price variables are already captured by finalist forecasts where supplied.
2041,,FY2041,Current finalist High population/comparison,current_comparison_1,comparison,Current planned path,Off,Off,Off,Off,PED,light_petrol_vkt,35679.303156954404,35679.303156954404,0.0,million km,light_petrol_vkt * pt_factor * petrol_demand_factor,0.0,1.0,1.0,0.0,1.0,1.0,post_model_extrapolation:current_comparison_1:FY2041; ; ,,adjusted,Post-model overlays; default Off preserves model forecast. Scenario workbook price variables are already captured by finalist forecasts where supplied.
2041,,FY2041,Current finalist High population/comparison,current_comparison_1,comparison,Current planned path,Off,Off,Off,Off,PED,ped_vkt_per_capita,5332.367613302238,5332.367613302238,0.0,km/person,ped_vkt_per_capita * pt_factor * petrol_demand_factor,0.0,1.0,1.0,0.0,1.0,1.0,post_model_extrapolation:current_comparison_1:FY2041; ; ,,adjusted,Post-model overlays; default Off preserves model forecast. Scenario workbook price variables are already captured by finalist forecasts where supplied.
2041,,FY2041,Current finalist High population/comparison,current_comparison_1,comparison,Current planned path,Off,Off,Off,Off,LIGHT_RUC,light_ruc_net_km,10335.344581489982,10335.344581489982,0.0,million km,light_ruc_net_km * pt_factor * light_demand_factor,0.0,1.0,1.0,0.0,1.0,1.0,post_model_extrapolation:current_comparison_1:FY2041; ; ,,adjusted,Post-model overlays; default Off preserves model forecast. Scenario workbook price variables are already captured by finalist forecasts where supplied.
2041,,FY2041,Current finalist High population/comparison,current_comparison_1,comparison,Current planned path,Off,Off,Off,Off,LIGHT_BEV,light_bev_ruc_net_km,21427.40661444794,21427.40661444794,0.0,million km,light_bev_ruc_net_km * pt_factor * light_demand_factor,0.0,1.0,1.0,0.0,1.0,1.0,post_model_extrapolation:current_comparison_1:FY2041; ; ,,adjusted,Post-model overlays; default Off preserves model forecast. Scenario workbook price variables are already captured by finalist forecasts where supplied.
2041,,FY2041,Current finalist High population/comparison,current_comparison_1,comparison,Current planned path,Off,Off,Off,Off,PHEV,phev_ruc_net_km,4262.835639005143,4262.835639005143,0.0,million km,phev_ruc_net_km * pt_factor * light_demand_factor,0.0,1.0,1.0,0.0,1.0,1.0,post_model_extrapolation:current_comparison_1:FY2041; ; ,,adjusted,Post-model overlays; default Off preserves model forecast. Scenario workbook price variables are already captured by finalist forecasts where supplied.
2041,,FY2041,Current finalist High population/comparison,current_comparison_1,comparison,Current planned path,Off,Off,Off,Off,LIGHT_RUC,current_light_ruc_conventional_modelled_km,10335.344581489982,10335.344581489982,0.0,million km,current_light_ruc_conventional_modelled_km * pt_factor * light_demand_factor,0.0,1.0,1.0,0.0,1.0,1.0,post_model_extrapolation:current_comparison_1:FY2041; ; ,,adjusted,Post-model overlays; default Off preserves model forecast. Scenario workbook price variables are already captured by finalist forecasts where supplied.
2041,,FY2041,Current finalist High population/comparison,current_comparison_1,comparison,Current planned path,Off,Off,Off,Off,LIGHT_RUC,light_ruc_net_revenue,1364.9372821544764,1364.9372821544764,0.0,$m nominal ex GST,light_ruc_net_revenue effective rate applied to adjusted km,0.0,1.0,1.0,0.0,1.0,1.0,post_model_extrapolation:current_comparison_1:FY2041; ; ,,adjusted,Post-model overlays; default Off preserves model forecast. Scenario workbook price variables are already captured by finalist forecasts where supplied.
2041,,FY2041,Current finalist High population/comparison,current_comparison_1,comparison,Current planned path,Off,Off,Off,Off,LIGHT_BEV,light_bev_ruc_net_revenue,2829.8104545370675,2829.8104545370675,0.0,$m nominal ex GST,light_bev_ruc_net_revenue effective rate applied to adjusted km,0.0,1.0,1.0,0.0,1.0,1.0,post_model_extrapolation:current_comparison_1:FY2041; ; ,,adjusted,Post-model overlays; default Off preserves model forecast. Scenario workbook price variables are already captured by finalist forecasts where supplied.
2041,,FY2041,Current finalist High population/comparison,current_comparison_1,comparison,Current planned path,Off,Off,Off,Off,PHEV,phev_ruc_net_revenue,277.6171709902098,277.6171709902098,0.0,$m nominal ex GST,phev_ruc_net_revenue effective rate applied to adjusted km,0.0,1.0,1.0,0.0,1.0,1.0,post_model_extrapolation:current_comparison_1:FY2041; ; ,,adjusted,Post-model overlays; default Off preserves model forecast. Scenario workbook price variables are already captured by finalist forecasts where supplied.
2041,,FY2041,Current finalist High population/comparison,current_comparison_1,comparison,Current planned path,Off,Off,Off,Off,HEAVY_RUC,heavy_ruc_net_km,4540.272085151839,4540.272085151839,0.0,million km,heavy_ruc_net_km * freight_factor * heavy_demand_factor,0.0,1.0,1.0,0.0,1.0,1.0,post_model_extrapolation:current_comparison_1:FY2041; ; ,,adjusted,Post-model overlays; default Off preserves model forecast. Scenario workbook price variables are already captured by finalist forecasts where supplied.
2041,,FY2041,Current finalist High population/comparison,current_comparison_1,comparison,Current planned path,Off,Off,Off,Off,HEAVY_RUC,heavy_ruc_net_revenue,2461.0771851169816,2461.0771851169816,0.0,$m nominal ex GST,heavy_ruc_net_revenue effective rate applied to adjusted km,0.0,1.0,1.0,0.0,1.0,1.0,post_model_extrapolation:current_comparison_1:FY2041; ; ,,adjusted,Post-model overlays; default Off preserves model forecast. Scenario workbook price variables are already captured by finalist forecasts where supplied.
2041,,FY2041,Current finalist High population/comparison,current_comparison_1,comparison,Current planned path,Off,Off,Off,Off,ROLLUP,gross_ruc_revenue,7376.8205827585925,7376.8205827585925,0.0,$m nominal ex GST,gross_ruc_revenue + PED/RUC component deltas,0.0,1.0,1.0,0.0,1.0,1.0,post_model_extrapolation:current_comparison_1:FY2041,,adjusted,Post-model overlays; default Off preserves model forecast. Scenario workbook price variables are already captured by finalist forecasts where supplied.
2041,,FY2041,Current finalist High population/comparison,current_comparison_1,comparison,Current planned path,Off,Off,Off,Off,ROLLUP,ruc_revenue_net_admin,7312.613175423146,7312.613175423146,0.0,$m nominal ex GST,ruc_revenue_net_admin + PED/RUC component deltas,0.0,1.0,1.0,0.0,1.0,1.0,post_model_extrapolation:current_comparison_1:FY2041,,adjusted,Post-model overlays; default Off preserves model forecast. Scenario workbook price variables are already captured by finalist forecasts where supplied.
2041,,FY2041,Current finalist High population/comparison,current_comparison_1,comparison,Current planned path,Off,Off,Off,Off,ROLLUP,total_ruc_net_revenue,7096.459392992864,7096.459392992864,0.0,$m nominal ex GST,total_ruc_net_revenue + PED/RUC component deltas,0.0,1.0,1.0,0.0,1.0,1.0,post_model_extrapolation:current_comparison_1:FY2041,,adjusted,Post-model overlays; default Off preserves model forecast. Scenario workbook price variables are already captured by finalist forecasts where supplied.
2041,,FY2041,Current finalist High population/comparison,current_comparison_1,comparison,Current planned path,Off,Off,Off,Off,ROLLUP,gross_fed_revenue,3884.4977126172635,3884.4977126172635,0.0,$m nominal ex GST,gross_fed_revenue + PED/RUC component deltas,0.0,1.0,1.0,0.0,1.0,1.0,post_model_extrapolation:current_comparison_1:FY2041,,adjusted,Post-model overlays; default Off preserves model forecast. Scenario workbook price variables are already captured by finalist forecasts where supplied.
2041,,FY2041,Current finalist High population/comparison,current_comparison_1,comparison,Current planned path,Off,Off,Off,Off,ROLLUP,net_fed_revenue,3788.1654834698525,3788.1654834698525,0.0,$m nominal ex GST,net_fed_revenue + PED/RUC component deltas,0.0,1.0,1.0,0.0,1.0,1.0,post_model_extrapolation:current_comparison_1:FY2041,,adjusted,Post-model overlays; default Off preserves model forecast. Scenario workbook price variables are already captured by finalist forecasts where supplied.
2041,,FY2041,Current finalist High population/comparison,current_comparison_1,comparison,Current planned path,Off,Off,Off,Off,ROLLUP,total_gross_revenue,11794.546811663937,11794.546811663937,0.0,$m nominal ex GST,total_gross_revenue + PED/RUC component deltas,0.0,1.0,1.0,0.0,1.0,1.0,post_model_extrapolation:current_comparison_1:FY2041,,adjusted,Post-model overlays; default Off preserves model forecast. Scenario workbook price variables are already captured by finalist forecasts where supplied.
2041,,FY2041,Current finalist High population/comparison,current_comparison_1,comparison,Current planned path,Off,Off,Off,Off,ROLLUP,total_revenue_net_admin,11661.862667773761,11661.862667773761,0.0,$m nominal ex GST,total_revenue_net_admin + PED/RUC component deltas,0.0,1.0,1.0,0.0,1.0,1.0,post_model_extrapolation:current_comparison_1:FY2041,,adjusted,Post-model overlays; default Off preserves model forecast. Scenario workbook price variables are already captured by finalist forecasts where supplied.
2041,,FY2041,Current finalist High population/comparison,current_comparison_1,comparison,Current planned path,Off,Off,Off,Off,ROLLUP,total_nltf_net_revenue,11347.28440724808,11347.28440724808,0.0,$m nominal ex GST,total_nltf_net_revenue + PED/RUC component deltas,0.0,1.0,1.0,0.0,1.0,1.0,post_model_extrapolation:current_comparison_1:FY2041,,adjusted,Post-model overlays; default Off preserves model forecast. Scenario workbook price variables are already captured by finalist forecasts where supplied.
2042,,FY2042,Current finalist High population/comparison,current_comparison_1,comparison,Current planned path,Off,Off,Off,Off,PED,light_petrol_vkt,35868.97540502667,35868.97540502667,0.0,million km,light_petrol_vkt * pt_factor * petrol_demand_factor,0.0,1.0,1.0,0.0,1.0,1.0,post_model_extrapolation:current_comparison_1:FY2042; ; ,,adjusted,Post-model overlays; default Off preserves model forecast. Scenario workbook price variables are already captured by finalist forecasts where supplied.
2042,,FY2042,Current finalist High population/comparison,current_comparison_1,comparison,Current planned path,Off,Off,Off,Off,PED,ped_vkt_per_capita,5281.493651081698,5281.493651081698,0.0,km/person,ped_vkt_per_capita * pt_factor * petrol_demand_factor,0.0,1.0,1.0,0.0,1.0,1.0,post_model_extrapolation:current_comparison_1:FY2042; ; ,,adjusted,Post-model overlays; default Off preserves model forecast. Scenario workbook price variables are already captured by finalist forecasts where supplied.
2042,,FY2042,Current finalist High population/comparison,current_comparison_1,comparison,Current planned path,Off,Off,Off,Off,LIGHT_RUC,light_ruc_net_km,9824.752396961654,9824.752396961654,0.0,million km,light_ruc_net_km * pt_factor * light_demand_factor,0.0,1.0,1.0,0.0,1.0,1.0,post_model_extrapolation:current_comparison_1:FY2042; ; ,,adjusted,Post-model overlays; default Off preserves model forecast. Scenario workbook price variables are already captured by finalist forecasts where supplied.
2042,,FY2042,Current finalist High population/comparison,current_comparison_1,comparison,Current planned path,Off,Off,Off,Off,LIGHT_BEV,light_bev_ruc_net_km,24360.335119350486,24360.335119350486,0.0,million km,light_bev_ruc_net_km * pt_factor * light_demand_factor,0.0,1.0,1.0,0.0,1.0,1.0,post_model_extrapolation:current_comparison_1:FY2042; ; ,,adjusted,Post-model overlays; default Off preserves model forecast. Scenario workbook price variables are already captured by finalist forecasts where supplied.
2042,,FY2042,Current finalist High population/comparison,current_comparison_1,comparison,Current planned path,Off,Off,Off,Off,PHEV,phev_ruc_net_km,4171.725320998771,4171.725320998771,0.0,million km,phev_ruc_net_km * pt_factor * light_demand_factor,0.0,1.0,1.0,0.0,1.0,1.0,post_model_extrapolation:current_comparison_1:FY2042; ; ,,adjusted,Post-model overlays; default Off preserves model forecast. Scenario workbook price variables are already captured by finalist forecasts where supplied.
2042,,FY2042,Current finalist High population/comparison,current_comparison_1,comparison,Current planned path,Off,Off,Off,Off,LIGHT_RUC,current_light_ruc_conventional_modelled_km,9824.752396961654,9824.752396961654,0.0,million km,current_light_ruc_conventional_modelled_km * pt_factor * light_demand_factor,0.0,1.0,1.0,0.0,1.0,1.0,post_model_extrapolation:current_comparison_1:FY2042; ; ,,adjusted,Post-model overlays; default Off preserves model forecast. Scenario workbook price variables are already captured by finalist forecasts where supplied.
2042,,FY2042,Current finalist High population/comparison,current_comparison_1,comparison,Current planned path,Off,Off,Off,Off,LIGHT_RUC,light_ruc_net_revenue,1335.085603223115,1335.085603223115,0.0,$m nominal ex GST,light_ruc_net_revenue effective rate applied to adjusted km,0.0,1.0,1.0,0.0,1.0,1.0,post_model_extrapolation:current_comparison_1:FY2042; ; ,,adjusted,Post-model overlays; default Off preserves model forecast. Scenario workbook price variables are already captured by finalist forecasts where supplied.
2042,,FY2042,Current finalist High population/comparison,current_comparison_1,comparison,Current planned path,Off,Off,Off,Off,LIGHT_BEV,light_bev_ruc_net_revenue,3310.325939368537,3310.325939368537,0.0,$m nominal ex GST,light_bev_ruc_net_revenue effective rate applied to adjusted km,0.0,1.0,1.0,0.0,1.0,1.0,post_model_extrapolation:current_comparison_1:FY2042; ; ,,adjusted,Post-model overlays; default Off preserves model forecast. Scenario workbook price variables are already captured by finalist forecasts where supplied.
2042,,FY2042,Current finalist High population/comparison,current_comparison_1,comparison,Current planned path,Off,Off,Off,Off,PHEV,phev_ruc_net_revenue,279.5681723867325,279.5681723867325,0.0,$m nominal ex GST,phev_ruc_net_revenue effective rate applied to adjusted km,0.0,1.0,1.0,0.0,1.0,1.0,post_model_extrapolation:current_comparison_1:FY2042; ; ,,adjusted,Post-model overlays; default Off preserves model forecast. Scenario workbook price variables are already captured by finalist forecasts where supplied.
2042,,FY2042,Current finalist High population/comparison,current_comparison_1,comparison,Current planned path,Off,Off,Off,Off,HEAVY_RUC,heavy_ruc_net_km,4567.631427397976,4567.631427397976,0.0,million km,heavy_ruc_net_km * freight_factor * heavy_demand_factor,0.0,1.0,1.0,0.0,1.0,1.0,post_model_extrapolation:current_comparison_1:FY2042; ; ,,adjusted,Post-model overlays; default Off preserves model forecast. Scenario workbook price variables are already captured by finalist forecasts where supplied.
2042,,FY2042,Current finalist High population/comparison,current_comparison_1,comparison,Current planned path,Off,Off,Off,Off,HEAVY_RUC,heavy_ruc_net_revenue,2547.6421049454993,2547.6421049454993,0.0,$m nominal ex GST,heavy_ruc_net_revenue effective rate applied to adjusted km,0.0,1.0,1.0,0.0,1.0,1.0,post_model_extrapolation:current_comparison_1:FY2042; ; ,,adjusted,Post-model overlays; default Off preserves model forecast. Scenario workbook price variables are already captured by finalist forecasts where supplied.
2042,,FY2042,Current finalist High population/comparison,current_comparison_1,comparison,Current planned path,Off,Off,Off,Off,ROLLUP,gross_ruc_revenue,7967.843077255636,7967.843077255636,0.0,$m nominal ex GST,gross_ruc_revenue + PED/RUC component deltas,0.0,1.0,1.0,0.0,1.0,1.0,post_model_extrapolation:current_comparison_1:FY2042,,adjusted,Post-model overlays; default Off preserves model forecast. Scenario workbook price variables are already captured by finalist forecasts where supplied.
2042,,FY2042,Current finalist High population/comparison,current_comparison_1,comparison,Current planned path,Off,Off,Off,Off,ROLLUP,ruc_revenue_net_admin,7900.191247776005,7900.191247776005,0.0,$m nominal ex GST,ruc_revenue_net_admin + PED/RUC component deltas,0.0,1.0,1.0,0.0,1.0,1.0,post_model_extrapolation:current_comparison_1:FY2042,,adjusted,Post-model overlays; default Off preserves model forecast. Scenario workbook price variables are already captured by finalist forecasts where supplied.
2042,,FY2042,Current finalist High population/comparison,current_comparison_1,comparison,Current planned path,Off,Off,Off,Off,ROLLUP,total_ruc_net_revenue,7668.846066669318,7668.846066669318,0.0,$m nominal ex GST,total_ruc_net_revenue + PED/RUC component deltas,0.0,1.0,1.0,0.0,1.0,1.0,post_model_extrapolation:current_comparison_1:FY2042,,adjusted,Post-model overlays; default Off preserves model forecast. Scenario workbook price variables are already captured by finalist forecasts where supplied.
2042,,FY2042,Current finalist High population/comparison,current_comparison_1,comparison,Current planned path,Off,Off,Off,Off,ROLLUP,gross_fed_revenue,3972.4434286657115,3972.4434286657115,0.0,$m nominal ex GST,gross_fed_revenue + PED/RUC component deltas,0.0,1.0,1.0,0.0,1.0,1.0,post_model_extrapolation:current_comparison_1:FY2042,,adjusted,Post-model overlays; default Off preserves model forecast. Scenario workbook price variables are already captured by finalist forecasts where supplied.
2042,,FY2042,Current finalist High population/comparison,current_comparison_1,comparison,Current planned path,Off,Off,Off,Off,ROLLUP,net_fed_revenue,3881.9011598273196,3881.9011598273196,0.0,$m nominal ex GST,net_fed_revenue + PED/RUC component deltas,0.0,1.0,1.0,0.0,1.0,1.0,post_model_extrapolation:current_comparison_1:FY2042,,adjusted,Post-model overlays; default Off preserves model forecast. Scenario workbook price variables are already captured by finalist forecasts where supplied.
2042,,FY2042,Current finalist High population/comparison,current_comparison_1,comparison,Current planned path,Off,Off,Off,Off,ROLLUP,total_gross_revenue,12471.374717877936,12471.374717877936,0.0,$m nominal ex GST,total_gross_revenue + PED/RUC component deltas,0.0,1.0,1.0,0.0,1.0,1.0,post_model_extrapolation:current_comparison_1:FY2042,,adjusted,Post-model overlays; default Off preserves model forecast. Scenario workbook price variables are already captured by finalist forecasts where supplied.
2042,,FY2042,Current finalist High population/comparison,current_comparison_1,comparison,Current planned path,Off,Off,Off,Off,ROLLUP,total_revenue_net_admin,12335.40523674897,12335.40523674897,0.0,$m nominal ex GST,total_revenue_net_admin + PED/RUC component deltas,0.0,1.0,1.0,0.0,1.0,1.0,post_model_extrapolation:current_comparison_1:FY2042,,adjusted,Post-model overlays; default Off preserves model forecast. Scenario workbook price variables are already captured by finalist forecasts where supplied.
2042,,FY2042,Current finalist High population/comparison,current_comparison_1,comparison,Current planned path,Off,Off,Off,Off,ROLLUP,total_nltf_net_revenue,12011.40768121369,12011.40768121369,0.0,$m nominal ex GST,total_nltf_net_revenue + PED/RUC component deltas,0.0,1.0,1.0,0.0,1.0,1.0,post_model_extrapolation:current_comparison_1:FY2042,,adjusted,Post-model overlays; default Off preserves model forecast. Scenario workbook price variables are already captured by finalist forecasts where supplied.
2043,,FY2043,Current finalist High population/comparison,current_comparison_1,comparison,Current planned path,Off,Off,Off,Off,PED,light_petrol_vkt,36056.32590985295,36056.32590985295,0.0,million km,light_petrol_vkt * pt_factor * petrol_demand_factor,0.0,1.0,1.0,0.0,1.0,1.0,post_model_extrapolation:current_comparison_1:FY2043; ; ,,adjusted,Post-model overlays; default Off preserves model forecast. Scenario workbook price variables are already captured by finalist forecasts where supplied.
2043,,FY2043,Current finalist High population/comparison,current_comparison_1,comparison,Current planned path,Off,Off,Off,Off,PED,ped_vkt_per_capita,5230.620703292565,5230.620703292565,0.0,km/person,ped_vkt_per_capita * pt_factor * petrol_demand_factor,0.0,1.0,1.0,0.0,1.0,1.0,post_model_extrapolation:current_comparison_1:FY2043; ; ,,adjusted,Post-model overlays; default Off preserves model forecast. Scenario workbook price variables are already captured by finalist forecasts where supplied.
2043,,FY2043,Current finalist High population/comparison,current_comparison_1,comparison,Current planned path,Off,Off,Off,Off,LIGHT_RUC,light_ruc_net_km,9334.772623379042,9334.772623379042,0.0,million km,light_ruc_net_km * pt_factor * light_demand_factor,0.0,1.0,1.0,0.0,1.0,1.0,post_model_extrapolation:current_comparison_1:FY2043; ; ,,adjusted,Post-model overlays; default Off preserves model forecast. Scenario workbook price variables are already captured by finalist forecasts where supplied.
2043,,FY2043,Current finalist High population/comparison,current_comparison_1,comparison,Current planned path,Off,Off,Off,Off,LIGHT_BEV,light_bev_ruc_net_km,27229.368798345142,27229.368798345142,0.0,million km,light_bev_ruc_net_km * pt_factor * light_demand_factor,0.0,1.0,1.0,0.0,1.0,1.0,post_model_extrapolation:current_comparison_1:FY2043; ; ,,adjusted,Post-model overlays; default Off preserves model forecast. Scenario workbook price variables are already captured by finalist forecasts where supplied.
2043,,FY2043,Current finalist High population/comparison,current_comparison_1,comparison,Current planned path,Off,Off,Off,Off,PHEV,phev_ruc_net_km,4060.1140219179474,4060.1140219179474,0.0,million km,phev_ruc_net_km * pt_factor * light_demand_factor,0.0,1.0,1.0,0.0,1.0,1.0,post_model_extrapolation:current_comparison_1:FY2043; ; ,,adjusted,Post-model overlays; default Off preserves model forecast. Scenario workbook price variables are already captured by finalist forecasts where supplied.
2043,,FY2043,Current finalist High population/comparison,current_comparison_1,comparison,Current planned path,Off,Off,Off,Off,LIGHT_RUC,current_light_ruc_conventional_modelled_km,9334.772623379042,9334.772623379042,0.0,million km,current_light_ruc_conventional_modelled_km * pt_factor * light_demand_factor,0.0,1.0,1.0,0.0,1.0,1.0,post_model_extrapolation:current_comparison_1:FY2043; ; ,,adjusted,Post-model overlays; default Off preserves model forecast. Scenario workbook price variables are already captured by finalist forecasts where supplied.
2043,,FY2043,Current finalist High population/comparison,current_comparison_1,comparison,Current planned path,Off,Off,Off,Off,LIGHT_RUC,light_ruc_net_revenue,1304.2077570754036,1304.2077570754036,0.0,$m nominal ex GST,light_ruc_net_revenue effective rate applied to adjusted km,0.0,1.0,1.0,0.0,1.0,1.0,post_model_extrapolation:current_comparison_1:FY2043; ; ,,adjusted,Post-model overlays; default Off preserves model forecast. Scenario workbook price variables are already captured by finalist forecasts where supplied.
2043,,FY2043,Current finalist High population/comparison,current_comparison_1,comparison,Current planned path,Off,Off,Off,Off,LIGHT_BEV,light_bev_ruc_net_revenue,3804.3512616607923,3804.3512616607923,0.0,$m nominal ex GST,light_bev_ruc_net_revenue effective rate applied to adjusted km,0.0,1.0,1.0,0.0,1.0,1.0,post_model_extrapolation:current_comparison_1:FY2043; ; ,,adjusted,Post-model overlays; default Off preserves model forecast. Scenario workbook price variables are already captured by finalist forecasts where supplied.
2043,,FY2043,Current finalist High population/comparison,current_comparison_1,comparison,Current planned path,Off,Off,Off,Off,PHEV,phev_ruc_net_revenue,279.7418561101469,279.7418561101469,0.0,$m nominal ex GST,phev_ruc_net_revenue effective rate applied to adjusted km,0.0,1.0,1.0,0.0,1.0,1.0,post_model_extrapolation:current_comparison_1:FY2043; ; ,,adjusted,Post-model overlays; default Off preserves model forecast. Scenario workbook price variables are already captured by finalist forecasts where supplied.
2043,,FY2043,Current finalist High population/comparison,current_comparison_1,comparison,Current planned path,Off,Off,Off,Off,HEAVY_RUC,heavy_ruc_net_km,4596.42299892358,4596.42299892358,0.0,million km,heavy_ruc_net_km * freight_factor * heavy_demand_factor,0.0,1.0,1.0,0.0,1.0,1.0,post_model_extrapolation:current_comparison_1:FY2043; ; ,,adjusted,Post-model overlays; default Off preserves model forecast. Scenario workbook price variables are already captured by finalist forecasts where supplied.
2043,,FY2043,Current finalist High population/comparison,current_comparison_1,comparison,Current planned path,Off,Off,Off,Off,HEAVY_RUC,heavy_ruc_net_revenue,2635.887715077711,2635.887715077711,0.0,$m nominal ex GST,heavy_ruc_net_revenue effective rate applied to adjusted km,0.0,1.0,1.0,0.0,1.0,1.0,post_model_extrapolation:current_comparison_1:FY2043; ; ,,adjusted,Post-model overlays; default Off preserves model forecast. Scenario workbook price variables are already captured by finalist forecasts where supplied.
2043,,FY2043,Current finalist High population/comparison,current_comparison_1,comparison,Current planned path,Off,Off,Off,Off,ROLLUP,gross_ruc_revenue,8576.375999670323,8576.375999670323,0.0,$m nominal ex GST,gross_ruc_revenue + PED/RUC component deltas,0.0,1.0,1.0,0.0,1.0,1.0,post_model_extrapolation:current_comparison_1:FY2043,,adjusted,Post-model overlays; default Off preserves model forecast. Scenario workbook price variables are already captured by finalist forecasts where supplied.
2043,,FY2043,Current finalist High population/comparison,current_comparison_1,comparison,Current planned path,Off,Off,Off,Off,ROLLUP,ruc_revenue_net_admin,8505.321838104199,8505.321838104199,0.0,$m nominal ex GST,ruc_revenue_net_admin + PED/RUC component deltas,0.0,1.0,1.0,0.0,1.0,1.0,post_model_extrapolation:current_comparison_1:FY2043,,adjusted,Post-model overlays; default Off preserves model forecast. Scenario workbook price variables are already captured by finalist forecasts where supplied.
2043,,FY2043,Current finalist High population/comparison,current_comparison_1,comparison,Current planned path,Off,Off,Off,Off,ROLLUP,total_ruc_net_revenue,8258.349052575382,8258.349052575382,0.0,$m nominal ex GST,total_ruc_net_revenue + PED/RUC component deltas,0.0,1.0,1.0,0.0,1.0,1.0,post_model_extrapolation:current_comparison_1:FY2043,,adjusted,Post-model overlays; default Off preserves model forecast. Scenario workbook price variables are already captured by finalist forecasts where supplied.
2043,,FY2043,Current finalist High population/comparison,current_comparison_1,comparison,Current planned path,Off,Off,Off,Off,ROLLUP,gross_fed_revenue,4058.477160164145,4058.477160164145,0.0,$m nominal ex GST,gross_fed_revenue + PED/RUC component deltas,0.0,1.0,1.0,0.0,1.0,1.0,post_model_extrapolation:current_comparison_1:FY2043,,adjusted,Post-model overlays; default Off preserves model forecast. Scenario workbook price variables are already captured by finalist forecasts where supplied.
2043,,FY2043,Current finalist High population/comparison,current_comparison_1,comparison,Current planned path,Off,Off,Off,Off,ROLLUP,net_fed_revenue,3974.1435543651664,3974.1435543651664,0.0,$m nominal ex GST,net_fed_revenue + PED/RUC component deltas,0.0,1.0,1.0,0.0,1.0,1.0,post_model_extrapolation:current_comparison_1:FY2043,,adjusted,Post-model overlays; default Off preserves model forecast. Scenario workbook price variables are already captured by finalist forecasts where supplied.
2043,,FY2043,Current finalist High population/comparison,current_comparison_1,comparison,Current planned path,Off,Off,Off,Off,ROLLUP,total_gross_revenue,13163.933213466415,13163.933213466415,0.0,$m nominal ex GST,total_gross_revenue + PED/RUC component deltas,0.0,1.0,1.0,0.0,1.0,1.0,post_model_extrapolation:current_comparison_1:FY2043,,adjusted,Post-model overlays; default Off preserves model forecast. Scenario workbook price variables are already captured by finalist forecasts where supplied.
2043,,FY2043,Current finalist High population/comparison,current_comparison_1,comparison,Current planned path,Off,Off,Off,Off,ROLLUP,total_revenue_net_admin,13024.710611897177,13024.710611897177,0.0,$m nominal ex GST,total_revenue_net_admin + PED/RUC component deltas,0.0,1.0,1.0,0.0,1.0,1.0,post_model_extrapolation:current_comparison_1:FY2043,,adjusted,Post-model overlays; default Off preserves model forecast. Scenario workbook price variables are already captured by finalist forecasts where supplied.
2043,,FY2043,Current finalist High population/comparison,current_comparison_1,comparison,Current planned path,Off,Off,Off,Off,ROLLUP,total_nltf_net_revenue,12691.275618025365,12691.275618025365,0.0,$m nominal ex GST,total_nltf_net_revenue + PED/RUC component deltas,0.0,1.0,1.0,0.0,1.0,1.0,post_model_extrapolation:current_comparison_1:FY2043,,adjusted,Post-model overlays; default Off preserves model forecast. Scenario workbook price variables are already captured by finalist forecasts where supplied.
2044,,FY2044,Current finalist High population/comparison,current_comparison_1,comparison,Current planned path,Off,Off,Off,Off,PED,light_petrol_vkt,36244.38741371439,36244.38741371439,0.0,million km,light_petrol_vkt * pt_factor * petrol_demand_factor,0.0,1.0,1.0,0.0,1.0,1.0,post_model_extrapolation:current_comparison_1:FY2044; ; ,,adjusted,Post-model overlays; default Off preserves model forecast. Scenario workbook price variables are already captured by finalist forecasts where supplied.
2044,,FY2044,Current finalist High population/comparison,current_comparison_1,comparison,Current planned path,Off,Off,Off,Off,PED,ped_vkt_per_capita,5180.19943474328,5180.19943474328,0.0,km/person,ped_vkt_per_capita * pt_factor * petrol_demand_factor,0.0,1.0,1.0,0.0,1.0,1.0,post_model_extrapolation:current_comparison_1:FY2044; ; ,,adjusted,Post-model overlays; default Off preserves model forecast. Scenario workbook price variables are already captured by finalist forecasts where supplied.
2044,,FY2044,Current finalist High population/comparison,current_comparison_1,comparison,Current planned path,Off,Off,Off,Off,LIGHT_RUC,light_ruc_net_km,8863.998620804254,8863.998620804254,0.0,million km,light_ruc_net_km * pt_factor * light_demand_factor,0.0,1.0,1.0,0.0,1.0,1.0,post_model_extrapolation:current_comparison_1:FY2044; ; ,,adjusted,Post-model overlays; default Off preserves model forecast. Scenario workbook price variables are already captured by finalist forecasts where supplied.
2044,,FY2044,Current finalist High population/comparison,current_comparison_1,comparison,Current planned path,Off,Off,Off,Off,LIGHT_BEV,light_bev_ruc_net_km,29887.41051096943,29887.41051096943,0.0,million km,light_bev_ruc_net_km * pt_factor * light_demand_factor,0.0,1.0,1.0,0.0,1.0,1.0,post_model_extrapolation:current_comparison_1:FY2044; ; ,,adjusted,Post-model overlays; default Off preserves model forecast. Scenario workbook price variables are already captured by finalist forecasts where supplied.
2044,,FY2044,Current finalist High population/comparison,current_comparison_1,comparison,Current planned path,Off,Off,Off,Off,PHEV,phev_ruc_net_km,3936.4150159590245,3936.4150159590245,0.0,million km,phev_ruc_net_km * pt_factor * light_demand_factor,0.0,1.0,1.0,0.0,1.0,1.0,post_model_extrapolation:current_comparison_1:FY2044; ; ,,adjusted,Post-model overlays; default Off preserves model forecast. Scenario workbook price variables are already captured by finalist forecasts where supplied.
2044,,FY2044,Current finalist High population/comparison,current_comparison_1,comparison,Current planned path,Off,Off,Off,Off,LIGHT_RUC,current_light_ruc_conventional_modelled_km,8863.998620804254,8863.998620804254,0.0,million km,current_light_ruc_conventional_modelled_km * pt_factor * light_demand_factor,0.0,1.0,1.0,0.0,1.0,1.0,post_model_extrapolation:current_comparison_1:FY2044; ; ,,adjusted,Post-model overlays; default Off preserves model forecast. Scenario workbook price variables are already captured by finalist forecasts where supplied.
2044,,FY2044,Current finalist High population/comparison,current_comparison_1,comparison,Current planned path,Off,Off,Off,Off,LIGHT_RUC,light_ruc_net_revenue,1272.3826820233514,1272.3826820233514,0.0,$m nominal ex GST,light_ruc_net_revenue effective rate applied to adjusted km,0.0,1.0,1.0,0.0,1.0,1.0,post_model_extrapolation:current_comparison_1:FY2044; ; ,,adjusted,Post-model overlays; default Off preserves model forecast. Scenario workbook price variables are already captured by finalist forecasts where supplied.
2044,,FY2044,Current finalist High population/comparison,current_comparison_1,comparison,Current planned path,Off,Off,Off,Off,LIGHT_BEV,light_bev_ruc_net_revenue,4290.188341797115,4290.188341797115,0.0,$m nominal ex GST,light_bev_ruc_net_revenue effective rate applied to adjusted km,0.0,1.0,1.0,0.0,1.0,1.0,post_model_extrapolation:current_comparison_1:FY2044; ; ,,adjusted,Post-model overlays; default Off preserves model forecast. Scenario workbook price variables are already captured by finalist forecasts where supplied.
2044,,FY2044,Current finalist High population/comparison,current_comparison_1,comparison,Current planned path,Off,Off,Off,Off,PHEV,phev_ruc_net_revenue,278.6391369046594,278.6391369046594,0.0,$m nominal ex GST,phev_ruc_net_revenue effective rate applied to adjusted km,0.0,1.0,1.0,0.0,1.0,1.0,post_model_extrapolation:current_comparison_1:FY2044; ; ,,adjusted,Post-model overlays; default Off preserves model forecast. Scenario workbook price variables are already captured by finalist forecasts where supplied.
2044,,FY2044,Current finalist High population/comparison,current_comparison_1,comparison,Current planned path,Off,Off,Off,Off,HEAVY_RUC,heavy_ruc_net_km,4625.868394364349,4625.868394364349,0.0,million km,heavy_ruc_net_km * freight_factor * heavy_demand_factor,0.0,1.0,1.0,0.0,1.0,1.0,post_model_extrapolation:current_comparison_1:FY2044; ; ,,adjusted,Post-model overlays; default Off preserves model forecast. Scenario workbook price variables are already captured by finalist forecasts where supplied.
2044,,FY2044,Current finalist High population/comparison,current_comparison_1,comparison,Current planned path,Off,Off,Off,Off,HEAVY_RUC,heavy_ruc_net_revenue,2725.446011249611,2725.446011249611,0.0,$m nominal ex GST,heavy_ruc_net_revenue effective rate applied to adjusted km,0.0,1.0,1.0,0.0,1.0,1.0,post_model_extrapolation:current_comparison_1:FY2044; ; ,,adjusted,Post-model overlays; default Off preserves model forecast. Scenario workbook price variables are already captured by finalist forecasts where supplied.
2044,,FY2044,Current finalist High population/comparison,current_comparison_1,comparison,Current planned path,Off,Off,Off,Off,ROLLUP,gross_ruc_revenue,9181.180753823715,9181.180753823715,0.0,$m nominal ex GST,gross_ruc_revenue + PED/RUC component deltas,0.0,1.0,1.0,0.0,1.0,1.0,post_model_extrapolation:current_comparison_1:FY2044,,adjusted,Post-model overlays; default Off preserves model forecast. Scenario workbook price variables are already captured by finalist forecasts where supplied.
2044,,FY2044,Current finalist High population/comparison,current_comparison_1,comparison,Current planned path,Off,Off,Off,Off,ROLLUP,ruc_revenue_net_admin,9107.051087579506,9107.051087579506,0.0,$m nominal ex GST,ruc_revenue_net_admin + PED/RUC component deltas,0.0,1.0,1.0,0.0,1.0,1.0,post_model_extrapolation:current_comparison_1:FY2044,,adjusted,Post-model overlays; default Off preserves model forecast. Scenario workbook price variables are already captured by finalist forecasts where supplied.
2044,,FY2044,Current finalist High population/comparison,current_comparison_1,comparison,Current planned path,Off,Off,Off,Off,ROLLUP,total_ruc_net_revenue,8844.759733332932,8844.759733332932,0.0,$m nominal ex GST,total_ruc_net_revenue + PED/RUC component deltas,0.0,1.0,1.0,0.0,1.0,1.0,post_model_extrapolation:current_comparison_1:FY2044,,adjusted,Post-model overlays; default Off preserves model forecast. Scenario workbook price variables are already captured by finalist forecasts where supplied.
2044,,FY2044,Current finalist High population/comparison,current_comparison_1,comparison,Current planned path,Off,Off,Off,Off,ROLLUP,gross_fed_revenue,4142.659635965941,4142.659635965941,0.0,$m nominal ex GST,gross_fed_revenue + PED/RUC component deltas,0.0,1.0,1.0,0.0,1.0,1.0,post_model_extrapolation:current_comparison_1:FY2044,,adjusted,Post-model overlays; default Off preserves model forecast. Scenario workbook price variables are already captured by finalist forecasts where supplied.
2044,,FY2044,Current finalist High population/comparison,current_comparison_1,comparison,Current planned path,Off,Off,Off,Off,ROLLUP,net_fed_revenue,4064.476601220583,4064.476601220583,0.0,$m nominal ex GST,net_fed_revenue + PED/RUC component deltas,0.0,1.0,1.0,0.0,1.0,1.0,post_model_extrapolation:current_comparison_1:FY2044,,adjusted,Post-model overlays; default Off preserves model forecast. Scenario workbook price variables are already captured by finalist forecasts where supplied.
2044,,FY2044,Current finalist High population/comparison,current_comparison_1,comparison,Current planned path,Off,Off,Off,Off,ROLLUP,total_gross_revenue,13851.032523800373,13851.032523800373,0.0,$m nominal ex GST,total_gross_revenue + PED/RUC component deltas,0.0,1.0,1.0,0.0,1.0,1.0,post_model_extrapolation:current_comparison_1:FY2044,,adjusted,Post-model overlays; default Off preserves model forecast. Scenario workbook price variables are already captured by finalist forecasts where supplied.
2044,,FY2044,Current finalist High population/comparison,current_comparison_1,comparison,Current planned path,Off,Off,Off,Off,ROLLUP,total_revenue_net_admin,13708.874586224836,13708.874586224836,0.0,$m nominal ex GST,total_revenue_net_admin + PED/RUC component deltas,0.0,1.0,1.0,0.0,1.0,1.0,post_model_extrapolation:current_comparison_1:FY2044,,adjusted,Post-model overlays; default Off preserves model forecast. Scenario workbook price variables are already captured by finalist forecasts where supplied.
2044,,FY2044,Current finalist High population/comparison,current_comparison_1,comparison,Current planned path,Off,Off,Off,Off,ROLLUP,total_nltf_net_revenue,13366.25248700724,13366.25248700724,0.0,$m nominal ex GST,total_nltf_net_revenue + PED/RUC component deltas,0.0,1.0,1.0,0.0,1.0,1.0,post_model_extrapolation:current_comparison_1:FY2044,,adjusted,Post-model overlays; default Off preserves model forecast. Scenario workbook price variables are already captured by finalist forecasts where supplied.
2045,,FY2045,Current finalist High population/comparison,current_comparison_1,comparison,Current planned path,Off,Off,Off,Off,PED,light_petrol_vkt,36433.41293242286,36433.41293242286,0.0,million km,light_petrol_vkt * pt_factor * petrol_demand_factor,0.0,1.0,1.0,0.0,1.0,1.0,post_model_extrapolation:current_comparison_1:FY2045; ; ,,adjusted,Post-model overlays; default Off preserves model forecast. Scenario workbook price variables are already captured by finalist forecasts where supplied.
2045,,FY2045,Current finalist High population/comparison,current_comparison_1,comparison,Current planned path,Off,Off,Off,Off,PED,ped_vkt_per_capita,5130.261824903797,5130.261824903797,0.0,km/person,ped_vkt_per_capita * pt_factor * petrol_demand_factor,0.0,1.0,1.0,0.0,1.0,1.0,post_model_extrapolation:current_comparison_1:FY2045; ; ,,adjusted,Post-model overlays; default Off preserves model forecast. Scenario workbook price variables are already captured by finalist forecasts where supplied.
2045,,FY2045,Current finalist High population/comparison,current_comparison_1,comparison,Current planned path,Off,Off,Off,Off,LIGHT_RUC,light_ruc_net_km,8421.068160187002,8421.068160187002,0.0,million km,light_ruc_net_km * pt_factor * light_demand_factor,0.0,1.0,1.0,0.0,1.0,1.0,post_model_extrapolation:current_comparison_1:FY2045; ; ,,adjusted,Post-model overlays; default Off preserves model forecast. Scenario workbook price variables are already captured by finalist forecasts where supplied.
2045,,FY2045,Current finalist High population/comparison,current_comparison_1,comparison,Current planned path,Off,Off,Off,Off,LIGHT_BEV,light_bev_ruc_net_km,32390.23376883515,32390.23376883515,0.0,million km,light_bev_ruc_net_km * pt_factor * light_demand_factor,0.0,1.0,1.0,0.0,1.0,1.0,post_model_extrapolation:current_comparison_1:FY2045; ; ,,adjusted,Post-model overlays; default Off preserves model forecast. Scenario workbook price variables are already captured by finalist forecasts where supplied.
2045,,FY2045,Current finalist High population/comparison,current_comparison_1,comparison,Current planned path,Off,Off,Off,Off,PHEV,phev_ruc_net_km,3804.574222986376,3804.574222986376,0.0,million km,phev_ruc_net_km * pt_factor * light_demand_factor,0.0,1.0,1.0,0.0,1.0,1.0,post_model_extrapolation:current_comparison_1:FY2045; ; ,,adjusted,Post-model overlays; default Off preserves model forecast. Scenario workbook price variables are already captured by finalist forecasts where supplied.
2045,,FY2045,Current finalist High population/comparison,current_comparison_1,comparison,Current planned path,Off,Off,Off,Off,LIGHT_RUC,current_light_ruc_conventional_modelled_km,8421.068160187002,8421.068160187002,0.0,million km,current_light_ruc_conventional_modelled_km * pt_factor * light_demand_factor,0.0,1.0,1.0,0.0,1.0,1.0,post_model_extrapolation:current_comparison_1:FY2045; ; ,,adjusted,Post-model overlays; default Off preserves model forecast. Scenario workbook price variables are already captured by finalist forecasts where supplied.
2045,,FY2045,Current finalist High population/comparison,current_comparison_1,comparison,Current planned path,Off,Off,Off,Off,LIGHT_RUC,light_ruc_net_revenue,1241.054920107563,1241.054920107563,0.0,$m nominal ex GST,light_ruc_net_revenue effective rate applied to adjusted km,0.0,1.0,1.0,0.0,1.0,1.0,post_model_extrapolation:current_comparison_1:FY2045; ; ,,adjusted,Post-model overlays; default Off preserves model forecast. Scenario workbook price variables are already captured by finalist forecasts where supplied.
2045,,FY2045,Current finalist High population/comparison,current_comparison_1,comparison,Current planned path,Off,Off,Off,Off,LIGHT_BEV,light_bev_ruc_net_revenue,4773.510701682068,4773.510701682068,0.0,$m nominal ex GST,light_bev_ruc_net_revenue effective rate applied to adjusted km,0.0,1.0,1.0,0.0,1.0,1.0,post_model_extrapolation:current_comparison_1:FY2045; ; ,,adjusted,Post-model overlays; default Off preserves model forecast. Scenario workbook price variables are already captured by finalist forecasts where supplied.
2045,,FY2045,Current finalist High population/comparison,current_comparison_1,comparison,Current planned path,Off,Off,Off,Off,PHEV,phev_ruc_net_revenue,276.497431655535,276.497431655535,0.0,$m nominal ex GST,phev_ruc_net_revenue effective rate applied to adjusted km,0.0,1.0,1.0,0.0,1.0,1.0,post_model_extrapolation:current_comparison_1:FY2045; ; ,,adjusted,Post-model overlays; default Off preserves model forecast. Scenario workbook price variables are already captured by finalist forecasts where supplied.
2045,,FY2045,Current finalist High population/comparison,current_comparison_1,comparison,Current planned path,Off,Off,Off,Off,HEAVY_RUC,heavy_ruc_net_km,4655.8544657550065,4655.8544657550065,0.0,million km,heavy_ruc_net_km * freight_factor * heavy_demand_factor,0.0,1.0,1.0,0.0,1.0,1.0,post_model_extrapolation:current_comparison_1:FY2045; ; ,,adjusted,Post-model overlays; default Off preserves model forecast. Scenario workbook price variables are already captured by finalist forecasts where supplied.
2045,,FY2045,Current finalist High population/comparison,current_comparison_1,comparison,Current planned path,Off,Off,Off,Off,HEAVY_RUC,heavy_ruc_net_revenue,2816.2565285182245,2816.2565285182245,0.0,$m nominal ex GST,heavy_ruc_net_revenue effective rate applied to adjusted km,0.0,1.0,1.0,0.0,1.0,1.0,post_model_extrapolation:current_comparison_1:FY2045; ; ,,adjusted,Post-model overlays; default Off preserves model forecast. Scenario workbook price variables are already captured by finalist forecasts where supplied.
2045,,FY2045,Current finalist High population/comparison,current_comparison_1,comparison,Current planned path,Off,Off,Off,Off,ROLLUP,gross_ruc_revenue,9790.1281505397,9790.1281505397,0.0,$m nominal ex GST,gross_ruc_revenue + PED/RUC component deltas,0.0,1.0,1.0,0.0,1.0,1.0,post_model_extrapolation:current_comparison_1:FY2045,,adjusted,Post-model overlays; default Off preserves model forecast. Scenario workbook price variables are already captured by finalist forecasts where supplied.
2045,,FY2045,Current finalist High population/comparison,current_comparison_1,comparison,Current planned path,Off,Off,Off,Off,ROLLUP,ruc_revenue_net_admin,9713.116017428036,9713.116017428036,0.0,$m nominal ex GST,ruc_revenue_net_admin + PED/RUC component deltas,0.0,1.0,1.0,0.0,1.0,1.0,post_model_extrapolation:current_comparison_1:FY2045,,adjusted,Post-model overlays; default Off preserves model forecast. Scenario workbook price variables are already captured by finalist forecasts where supplied.
2045,,FY2045,Current finalist High population/comparison,current_comparison_1,comparison,Current planned path,Off,Off,Off,Off,ROLLUP,total_ruc_net_revenue,9435.502685099735,9435.502685099735,0.0,$m nominal ex GST,total_ruc_net_revenue + PED/RUC component deltas,0.0,1.0,1.0,0.0,1.0,1.0,post_model_extrapolation:current_comparison_1:FY2045,,adjusted,Post-model overlays; default Off preserves model forecast. Scenario workbook price variables are already captured by finalist forecasts where supplied.
2045,,FY2045,Current finalist High population/comparison,current_comparison_1,comparison,Current planned path,Off,Off,Off,Off,ROLLUP,gross_fed_revenue,4225.000580676976,4225.000580676976,0.0,$m nominal ex GST,gross_fed_revenue + PED/RUC component deltas,0.0,1.0,1.0,0.0,1.0,1.0,post_model_extrapolation:current_comparison_1:FY2045,,adjusted,Post-model overlays; default Off preserves model forecast. Scenario workbook price variables are already captured by finalist forecasts where supplied.
2045,,FY2045,Current finalist High population/comparison,current_comparison_1,comparison,Current planned path,Off,Off,Off,Off,ROLLUP,net_fed_revenue,4152.739105448193,4152.739105448193,0.0,$m nominal ex GST,net_fed_revenue + PED/RUC component deltas,0.0,1.0,1.0,0.0,1.0,1.0,post_model_extrapolation:current_comparison_1:FY2045,,adjusted,Post-model overlays; default Off preserves model forecast. Scenario workbook price variables are already captured by finalist forecasts where supplied.
2045,,FY2045,Current finalist High population/comparison,current_comparison_1,comparison,Current planned path,Off,Off,Off,Off,ROLLUP,total_gross_revenue,14540.542468302338,14540.542468302338,0.0,$m nominal ex GST,total_gross_revenue + PED/RUC component deltas,0.0,1.0,1.0,0.0,1.0,1.0,post_model_extrapolation:current_comparison_1:FY2045,,adjusted,Post-model overlays; default Off preserves model forecast. Scenario workbook price variables are already captured by finalist forecasts where supplied.
2045,,FY2045,Current finalist High population/comparison,current_comparison_1,comparison,Current planned path,Off,Off,Off,Off,ROLLUP,total_revenue_net_admin,14395.633951590276,14395.633951590276,0.0,$m nominal ex GST,total_revenue_net_admin + PED/RUC component deltas,0.0,1.0,1.0,0.0,1.0,1.0,post_model_extrapolation:current_comparison_1:FY2045,,adjusted,Post-model overlays; default Off preserves model forecast. Scenario workbook price variables are already captured by finalist forecasts where supplied.
2045,,FY2045,Current finalist High population/comparison,current_comparison_1,comparison,Current planned path,Off,Off,Off,Off,ROLLUP,total_nltf_net_revenue,14043.59174197735,14043.59174197735,0.0,$m nominal ex GST,total_nltf_net_revenue + PED/RUC component deltas,0.0,1.0,1.0,0.0,1.0,1.0,post_model_extrapolation:current_comparison_1:FY2045,,adjusted,Post-model overlays; default Off preserves model forecast. Scenario workbook price variables are already captured by finalist forecasts where supplied.
2046,,FY2046,Current finalist High population/comparison,current_comparison_1,comparison,Current planned path,Off,Off,Off,Off,PED,light_petrol_vkt,36623.42796262134,36623.42796262134,0.0,million km,light_petrol_vkt * pt_factor * petrol_demand_factor,0.0,1.0,1.0,0.0,1.0,1.0,post_model_extrapolation:current_comparison_1:FY2046; ; ,,adjusted,Post-model overlays; default Off preserves model forecast. Scenario workbook price variables are already captured by finalist forecasts where supplied.
2046,,FY2046,Current finalist High population/comparison,current_comparison_1,comparison,Current planned path,Off,Off,Off,Off,PED,ped_vkt_per_capita,5080.806128993433,5080.806128993433,0.0,km/person,ped_vkt_per_capita * pt_factor * petrol_demand_factor,0.0,1.0,1.0,0.0,1.0,1.0,post_model_extrapolation:current_comparison_1:FY2046; ; ,,adjusted,Post-model overlays; default Off preserves model forecast. Scenario workbook price variables are already captured by finalist forecasts where supplied.
2046,,FY2046,Current finalist High population/comparison,current_comparison_1,comparison,Current planned path,Off,Off,Off,Off,LIGHT_RUC,light_ruc_net_km,7996.983204167886,7996.983204167886,0.0,million km,light_ruc_net_km * pt_factor * light_demand_factor,0.0,1.0,1.0,0.0,1.0,1.0,post_model_extrapolation:current_comparison_1:FY2046; ; ,,adjusted,Post-model overlays; default Off preserves model forecast. Scenario workbook price variables are already captured by finalist forecasts where supplied.
2046,,FY2046,Current finalist High population/comparison,current_comparison_1,comparison,Current planned path,Off,Off,Off,Off,LIGHT_BEV,light_bev_ruc_net_km,34888.693840955915,34888.693840955915,0.0,million km,light_bev_ruc_net_km * pt_factor * light_demand_factor,0.0,1.0,1.0,0.0,1.0,1.0,post_model_extrapolation:current_comparison_1:FY2046; ; ,,adjusted,Post-model overlays; default Off preserves model forecast. Scenario workbook price variables are already captured by finalist forecasts where supplied.
2046,,FY2046,Current finalist High population/comparison,current_comparison_1,comparison,Current planned path,Off,Off,Off,Off,PHEV,phev_ruc_net_km,3668.769732779443,3668.769732779443,0.0,million km,phev_ruc_net_km * pt_factor * light_demand_factor,0.0,1.0,1.0,0.0,1.0,1.0,post_model_extrapolation:current_comparison_1:FY2046; ; ,,adjusted,Post-model overlays; default Off preserves model forecast. Scenario workbook price variables are already captured by finalist forecasts where supplied.
2046,,FY2046,Current finalist High population/comparison,current_comparison_1,comparison,Current planned path,Off,Off,Off,Off,LIGHT_RUC,current_light_ruc_conventional_modelled_km,7996.983204167886,7996.983204167886,0.0,million km,current_light_ruc_conventional_modelled_km * pt_factor * light_demand_factor,0.0,1.0,1.0,0.0,1.0,1.0,post_model_extrapolation:current_comparison_1:FY2046; ; ,,adjusted,Post-model overlays; default Off preserves model forecast. Scenario workbook price variables are already captured by finalist forecasts where supplied.
2046,,FY2046,Current finalist High population/comparison,current_comparison_1,comparison,Current planned path,Off,Off,Off,Off,LIGHT_RUC,light_ruc_net_revenue,1209.1438604701884,1209.1438604701884,0.0,$m nominal ex GST,light_ruc_net_revenue effective rate applied to adjusted km,0.0,1.0,1.0,0.0,1.0,1.0,post_model_extrapolation:current_comparison_1:FY2046; ; ,,adjusted,Post-model overlays; default Off preserves model forecast. Scenario workbook price variables are already captured by finalist forecasts where supplied.
2046,,FY2046,Current finalist High population/comparison,current_comparison_1,comparison,Current planned path,Off,Off,Off,Off,LIGHT_BEV,light_bev_ruc_net_revenue,5275.170508752532,5275.170508752532,0.0,$m nominal ex GST,light_bev_ruc_net_revenue effective rate applied to adjusted km,0.0,1.0,1.0,0.0,1.0,1.0,post_model_extrapolation:current_comparison_1:FY2046; ; ,,adjusted,Post-model overlays; default Off preserves model forecast. Scenario workbook price variables are already captured by finalist forecasts where supplied.
2046,,FY2046,Current finalist High population/comparison,current_comparison_1,comparison,Current planned path,Off,Off,Off,Off,PHEV,phev_ruc_net_revenue,273.56181512469925,273.56181512469925,0.0,$m nominal ex GST,phev_ruc_net_revenue effective rate applied to adjusted km,0.0,1.0,1.0,0.0,1.0,1.0,post_model_extrapolation:current_comparison_1:FY2046; ; ,,adjusted,Post-model overlays; default Off preserves model forecast. Scenario workbook price variables are already captured by finalist forecasts where supplied.
2046,,FY2046,Current finalist High population/comparison,current_comparison_1,comparison,Current planned path,Off,Off,Off,Off,HEAVY_RUC,heavy_ruc_net_km,4686.388698561367,4686.388698561367,0.0,million km,heavy_ruc_net_km * freight_factor * heavy_demand_factor,0.0,1.0,1.0,0.0,1.0,1.0,post_model_extrapolation:current_comparison_1:FY2046; ; ,,adjusted,Post-model overlays; default Off preserves model forecast. Scenario workbook price variables are already captured by finalist forecasts where supplied.
2046,,FY2046,Current finalist High population/comparison,current_comparison_1,comparison,Current planned path,Off,Off,Off,Off,HEAVY_RUC,heavy_ruc_net_revenue,2908.3493943837,2908.3493943837,0.0,$m nominal ex GST,heavy_ruc_net_revenue effective rate applied to adjusted km,0.0,1.0,1.0,0.0,1.0,1.0,post_model_extrapolation:current_comparison_1:FY2046; ; ,,adjusted,Post-model overlays; default Off preserves model forecast. Scenario workbook price variables are already captured by finalist forecasts where supplied.
2046,,FY2046,Current finalist High population/comparison,current_comparison_1,comparison,Current planned path,Off,Off,Off,Off,ROLLUP,gross_ruc_revenue,10424.502592129093,10424.502592129093,0.0,$m nominal ex GST,gross_ruc_revenue + PED/RUC component deltas,0.0,1.0,1.0,0.0,1.0,1.0,post_model_extrapolation:current_comparison_1:FY2046,,adjusted,Post-model overlays; default Off preserves model forecast. Scenario workbook price variables are already captured by finalist forecasts where supplied.
2046,,FY2046,Current finalist High population/comparison,current_comparison_1,comparison,Current planned path,Off,Off,Off,Off,ROLLUP,ruc_revenue_net_admin,10344.500307745639,10344.500307745639,0.0,$m nominal ex GST,ruc_revenue_net_admin + PED/RUC component deltas,0.0,1.0,1.0,0.0,1.0,1.0,post_model_extrapolation:current_comparison_1:FY2046,,adjusted,Post-model overlays; default Off preserves model forecast. Scenario workbook price variables are already captured by finalist forecasts where supplied.
2046,,FY2046,Current finalist High population/comparison,current_comparison_1,comparison,Current planned path,Off,Off,Off,Off,ROLLUP,total_ruc_net_revenue,10050.786352347228,10050.786352347228,0.0,$m nominal ex GST,total_ruc_net_revenue + PED/RUC component deltas,0.0,1.0,1.0,0.0,1.0,1.0,post_model_extrapolation:current_comparison_1:FY2046,,adjusted,Post-model overlays; default Off preserves model forecast. Scenario workbook price variables are already captured by finalist forecasts where supplied.
2046,,FY2046,Current finalist High population/comparison,current_comparison_1,comparison,Current planned path,Off,Off,Off,Off,ROLLUP,gross_fed_revenue,4305.507385443476,4305.507385443476,0.0,$m nominal ex GST,gross_fed_revenue + PED/RUC component deltas,0.0,1.0,1.0,0.0,1.0,1.0,post_model_extrapolation:current_comparison_1:FY2046,,adjusted,Post-model overlays; default Off preserves model forecast. Scenario workbook price variables are already captured by finalist forecasts where supplied.
2046,,FY2046,Current finalist High population/comparison,current_comparison_1,comparison,Current planned path,Off,Off,Off,Off,ROLLUP,net_fed_revenue,4238.828651446079,4238.828651446079,0.0,$m nominal ex GST,net_fed_revenue + PED/RUC component deltas,0.0,1.0,1.0,0.0,1.0,1.0,post_model_extrapolation:current_comparison_1:FY2046,,adjusted,Post-model overlays; default Off preserves model forecast. Scenario workbook price variables are already captured by finalist forecasts where supplied.
2046,,FY2046,Current finalist High population/comparison,current_comparison_1,comparison,Current planned path,Off,Off,Off,Off,ROLLUP,total_gross_revenue,15253.745193388651,15253.745193388651,0.0,$m nominal ex GST,total_gross_revenue + PED/RUC component deltas,0.0,1.0,1.0,0.0,1.0,1.0,post_model_extrapolation:current_comparison_1:FY2046,,adjusted,Post-model overlays; default Off preserves model forecast. Scenario workbook price variables are already captured by finalist forecasts where supplied.
2046,,FY2046,Current finalist High population/comparison,current_comparison_1,comparison,Current planned path,Off,Off,Off,Off,ROLLUP,total_revenue_net_admin,15105.970829434584,15105.970829434584,0.0,$m nominal ex GST,total_revenue_net_admin + PED/RUC component deltas,0.0,1.0,1.0,0.0,1.0,1.0,post_model_extrapolation:current_comparison_1:FY2046,,adjusted,Post-model overlays; default Off preserves model forecast. Scenario workbook price variables are already captured by finalist forecasts where supplied.
2046,,FY2046,Current finalist High population/comparison,current_comparison_1,comparison,Current planned path,Off,Off,Off,Off,ROLLUP,total_nltf_net_revenue,14743.390485850925,14743.390485850925,0.0,$m nominal ex GST,total_nltf_net_revenue + PED/RUC component deltas,0.0,1.0,1.0,0.0,1.0,1.0,post_model_extrapolation:current_comparison_1:FY2046,,adjusted,Post-model overlays; default Off preserves model forecast. Scenario workbook price variables are already captured by finalist forecasts where supplied.
2047,,FY2047,Current finalist High population/comparison,current_comparison_1,comparison,Current planned path,Off,Off,Off,Off,PED,light_petrol_vkt,36814.43940388608,36814.43940388608,0.0,million km,light_petrol_vkt * pt_factor * petrol_demand_factor,0.0,1.0,1.0,0.0,1.0,1.0,post_model_extrapolation:current_comparison_1:FY2047; ; ,,adjusted,Post-model overlays; default Off preserves model forecast. Scenario workbook price variables are already captured by finalist forecasts where supplied.
2047,,FY2047,Current finalist High population/comparison,current_comparison_1,comparison,Current planned path,Off,Off,Off,Off,PED,ped_vkt_per_capita,5031.827924505994,5031.827924505994,0.0,km/person,ped_vkt_per_capita * pt_factor * petrol_demand_factor,0.0,1.0,1.0,0.0,1.0,1.0,post_model_extrapolation:current_comparison_1:FY2047; ; ,,adjusted,Post-model overlays; default Off preserves model forecast. Scenario workbook price variables are already captured by finalist forecasts where supplied.
2047,,FY2047,Current finalist High population/comparison,current_comparison_1,comparison,Current planned path,Off,Off,Off,Off,LIGHT_RUC,light_ruc_net_km,7587.968150856283,7587.968150856283,0.0,million km,light_ruc_net_km * pt_factor * light_demand_factor,0.0,1.0,1.0,0.0,1.0,1.0,post_model_extrapolation:current_comparison_1:FY2047; ; ,,adjusted,Post-model overlays; default Off preserves model forecast. Scenario workbook price variables are already captured by finalist forecasts where supplied.
2047,,FY2047,Current finalist High population/comparison,current_comparison_1,comparison,Current planned path,Off,Off,Off,Off,LIGHT_BEV,light_bev_ruc_net_km,37357.444951959376,37357.444951959376,0.0,million km,light_bev_ruc_net_km * pt_factor * light_demand_factor,0.0,1.0,1.0,0.0,1.0,1.0,post_model_extrapolation:current_comparison_1:FY2047; ; ,,adjusted,Post-model overlays; default Off preserves model forecast. Scenario workbook price variables are already captured by finalist forecasts where supplied.
2047,,FY2047,Current finalist High population/comparison,current_comparison_1,comparison,Current planned path,Off,Off,Off,Off,PHEV,phev_ruc_net_km,3535.049922410409,3535.049922410409,0.0,million km,phev_ruc_net_km * pt_factor * light_demand_factor,0.0,1.0,1.0,0.0,1.0,1.0,post_model_extrapolation:current_comparison_1:FY2047; ; ,,adjusted,Post-model overlays; default Off preserves model forecast. Scenario workbook price variables are already captured by finalist forecasts where supplied.
2047,,FY2047,Current finalist High population/comparison,current_comparison_1,comparison,Current planned path,Off,Off,Off,Off,LIGHT_RUC,current_light_ruc_conventional_modelled_km,7587.968150856283,7587.968150856283,0.0,million km,current_light_ruc_conventional_modelled_km * pt_factor * light_demand_factor,0.0,1.0,1.0,0.0,1.0,1.0,post_model_extrapolation:current_comparison_1:FY2047; ; ,,adjusted,Post-model overlays; default Off preserves model forecast. Scenario workbook price variables are already captured by finalist forecasts where supplied.
2047,,FY2047,Current finalist High population/comparison,current_comparison_1,comparison,Current planned path,Off,Off,Off,Off,LIGHT_RUC,light_ruc_net_revenue,1176.3247625864933,1176.3247625864933,0.0,$m nominal ex GST,light_ruc_net_revenue effective rate applied to adjusted km,0.0,1.0,1.0,0.0,1.0,1.0,post_model_extrapolation:current_comparison_1:FY2047; ; ,,adjusted,Post-model overlays; default Off preserves model forecast. Scenario workbook price variables are already captured by finalist forecasts where supplied.
2047,,FY2047,Current finalist High population/comparison,current_comparison_1,comparison,Current planned path,Off,Off,Off,Off,LIGHT_BEV,light_bev_ruc_net_revenue,5791.337903677495,5791.337903677495,0.0,$m nominal ex GST,light_bev_ruc_net_revenue effective rate applied to adjusted km,0.0,1.0,1.0,0.0,1.0,1.0,post_model_extrapolation:current_comparison_1:FY2047; ; ,,adjusted,Post-model overlays; default Off preserves model forecast. Scenario workbook price variables are already captured by finalist forecasts where supplied.
2047,,FY2047,Current finalist High population/comparison,current_comparison_1,comparison,Current planned path,Off,Off,Off,Off,PHEV,phev_ruc_net_revenue,270.25456656827544,270.25456656827544,0.0,$m nominal ex GST,phev_ruc_net_revenue effective rate applied to adjusted km,0.0,1.0,1.0,0.0,1.0,1.0,post_model_extrapolation:current_comparison_1:FY2047; ; ,,adjusted,Post-model overlays; default Off preserves model forecast. Scenario workbook price variables are already captured by finalist forecasts where supplied.
2047,,FY2047,Current finalist High population/comparison,current_comparison_1,comparison,Current planned path,Off,Off,Off,Off,HEAVY_RUC,heavy_ruc_net_km,4717.482803278485,4717.482803278485,0.0,million km,heavy_ruc_net_km * freight_factor * heavy_demand_factor,0.0,1.0,1.0,0.0,1.0,1.0,post_model_extrapolation:current_comparison_1:FY2047; ; ,,adjusted,Post-model overlays; default Off preserves model forecast. Scenario workbook price variables are already captured by finalist forecasts where supplied.
2047,,FY2047,Current finalist High population/comparison,current_comparison_1,comparison,Current planned path,Off,Off,Off,Off,HEAVY_RUC,heavy_ruc_net_revenue,3001.757895140116,3001.757895140116,0.0,$m nominal ex GST,heavy_ruc_net_revenue effective rate applied to adjusted km,0.0,1.0,1.0,0.0,1.0,1.0,post_model_extrapolation:current_comparison_1:FY2047; ; ,,adjusted,Post-model overlays; default Off preserves model forecast. Scenario workbook price variables are already captured by finalist forecasts where supplied.
2047,,FY2047,Current finalist High population/comparison,current_comparison_1,comparison,Current planned path,Off,Off,Off,Off,ROLLUP,gross_ruc_revenue,11080.31822796316,11080.31822796316,0.0,$m nominal ex GST,gross_ruc_revenue + PED/RUC component deltas,0.0,1.0,1.0,0.0,1.0,1.0,post_model_extrapolation:current_comparison_1:FY2047,,adjusted,Post-model overlays; default Off preserves model forecast. Scenario workbook price variables are already captured by finalist forecasts where supplied.
2047,,FY2047,Current finalist High population/comparison,current_comparison_1,comparison,Current planned path,Off,Off,Off,Off,ROLLUP,ruc_revenue_net_admin,10997.362740989278,10997.362740989278,0.0,$m nominal ex GST,ruc_revenue_net_admin + PED/RUC component deltas,0.0,1.0,1.0,0.0,1.0,1.0,post_model_extrapolation:current_comparison_1:FY2047,,adjusted,Post-model overlays; default Off preserves model forecast. Scenario workbook price variables are already captured by finalist forecasts where supplied.
2047,,FY2047,Current finalist High population/comparison,current_comparison_1,comparison,Current planned path,Off,Off,Off,Off,ROLLUP,total_ruc_net_revenue,10687.160388783335,10687.160388783335,0.0,$m nominal ex GST,total_ruc_net_revenue + PED/RUC component deltas,0.0,1.0,1.0,0.0,1.0,1.0,post_model_extrapolation:current_comparison_1:FY2047,,adjusted,Post-model overlays; default Off preserves model forecast. Scenario workbook price variables are already captured by finalist forecasts where supplied.
2047,,FY2047,Current finalist High population/comparison,current_comparison_1,comparison,Current planned path,Off,Off,Off,Off,ROLLUP,gross_fed_revenue,4384.207136543006,4384.207136543006,0.0,$m nominal ex GST,gross_fed_revenue + PED/RUC component deltas,0.0,1.0,1.0,0.0,1.0,1.0,post_model_extrapolation:current_comparison_1:FY2047,,adjusted,Post-model overlays; default Off preserves model forecast. Scenario workbook price variables are already captured by finalist forecasts where supplied.
2047,,FY2047,Current finalist High population/comparison,current_comparison_1,comparison,Current planned path,Off,Off,Off,Off,ROLLUP,net_fed_revenue,4322.765403893745,4322.765403893745,0.0,$m nominal ex GST,net_fed_revenue + PED/RUC component deltas,0.0,1.0,1.0,0.0,1.0,1.0,post_model_extrapolation:current_comparison_1:FY2047,,adjusted,Post-model overlays; default Off preserves model forecast. Scenario workbook price variables are already captured by finalist forecasts where supplied.
2047,,FY2047,Current finalist High population/comparison,current_comparison_1,comparison,Current planned path,Off,Off,Off,Off,ROLLUP,total_gross_revenue,15986.673246489447,15986.673246489447,0.0,$m nominal ex GST,total_gross_revenue + PED/RUC component deltas,0.0,1.0,1.0,0.0,1.0,1.0,post_model_extrapolation:current_comparison_1:FY2047,,adjusted,Post-model overlays; default Off preserves model forecast. Scenario workbook price variables are already captured by finalist forecasts where supplied.
2047,,FY2047,Current finalist High population/comparison,current_comparison_1,comparison,Current planned path,Off,Off,Off,Off,ROLLUP,total_revenue_net_admin,15836.063036739622,15836.063036739622,0.0,$m nominal ex GST,total_revenue_net_admin + PED/RUC component deltas,0.0,1.0,1.0,0.0,1.0,1.0,post_model_extrapolation:current_comparison_1:FY2047,,adjusted,Post-model overlays; default Off preserves model forecast. Scenario workbook price variables are already captured by finalist forecasts where supplied.
2047,,FY2047,Current finalist High population/comparison,current_comparison_1,comparison,Current planned path,Off,Off,Off,Off,ROLLUP,total_nltf_net_revenue,15462.210506625783,15462.210506625783,0.0,$m nominal ex GST,total_nltf_net_revenue + PED/RUC component deltas,0.0,1.0,1.0,0.0,1.0,1.0,post_model_extrapolation:current_comparison_1:FY2047,,adjusted,Post-model overlays; default Off preserves model forecast. Scenario workbook price variables are already captured by finalist forecasts where supplied.
2048,,FY2048,Current finalist High population/comparison,current_comparison_1,comparison,Current planned path,Off,Off,Off,Off,PED,light_petrol_vkt,37006.45265935058,37006.45265935058,0.0,million km,light_petrol_vkt * pt_factor * petrol_demand_factor,0.0,1.0,1.0,0.0,1.0,1.0,post_model_extrapolation:current_comparison_1:FY2048; ; ,,adjusted,Post-model overlays; default Off preserves model forecast. Scenario workbook price variables are already captured by finalist forecasts where supplied.
2048,,FY2048,Current finalist High population/comparison,current_comparison_1,comparison,Current planned path,Off,Off,Off,Off,PED,ped_vkt_per_capita,4983.322614439187,4983.322614439187,0.0,km/person,ped_vkt_per_capita * pt_factor * petrol_demand_factor,0.0,1.0,1.0,0.0,1.0,1.0,post_model_extrapolation:current_comparison_1:FY2048; ; ,,adjusted,Post-model overlays; default Off preserves model forecast. Scenario workbook price variables are already captured by finalist forecasts where supplied.
2048,,FY2048,Current finalist High population/comparison,current_comparison_1,comparison,Current planned path,Off,Off,Off,Off,LIGHT_RUC,light_ruc_net_km,7191.3698783143045,7191.3698783143045,0.0,million km,light_ruc_net_km * pt_factor * light_demand_factor,0.0,1.0,1.0,0.0,1.0,1.0,post_model_extrapolation:current_comparison_1:FY2048; ; ,,adjusted,Post-model overlays; default Off preserves model forecast. Scenario workbook price variables are already captured by finalist forecasts where supplied.
2048,,FY2048,Current finalist High population/comparison,current_comparison_1,comparison,Current planned path,Off,Off,Off,Off,LIGHT_BEV,light_bev_ruc_net_km,39819.45652196331,39819.45652196331,0.0,million km,light_bev_ruc_net_km * pt_factor * light_demand_factor,0.0,1.0,1.0,0.0,1.0,1.0,post_model_extrapolation:current_comparison_1:FY2048; ; ,,adjusted,Post-model overlays; default Off preserves model forecast. Scenario workbook price variables are already captured by finalist forecasts where supplied.
2048,,FY2048,Current finalist High population/comparison,current_comparison_1,comparison,Current planned path,Off,Off,Off,Off,PHEV,phev_ruc_net_km,3408.930160854718,3408.930160854718,0.0,million km,phev_ruc_net_km * pt_factor * light_demand_factor,0.0,1.0,1.0,0.0,1.0,1.0,post_model_extrapolation:current_comparison_1:FY2048; ; ,,adjusted,Post-model overlays; default Off preserves model forecast. Scenario workbook price variables are already captured by finalist forecasts where supplied.
2048,,FY2048,Current finalist High population/comparison,current_comparison_1,comparison,Current planned path,Off,Off,Off,Off,LIGHT_RUC,current_light_ruc_conventional_modelled_km,7191.3698783143045,7191.3698783143045,0.0,million km,current_light_ruc_conventional_modelled_km * pt_factor * light_demand_factor,0.0,1.0,1.0,0.0,1.0,1.0,post_model_extrapolation:current_comparison_1:FY2048; ; ,,adjusted,Post-model overlays; default Off preserves model forecast. Scenario workbook price variables are already captured by finalist forecasts where supplied.
2048,,FY2048,Current finalist High population/comparison,current_comparison_1,comparison,Current planned path,Off,Off,Off,Off,LIGHT_RUC,light_ruc_net_revenue,1142.3850620196233,1142.3850620196233,0.0,$m nominal ex GST,light_ruc_net_revenue effective rate applied to adjusted km,0.0,1.0,1.0,0.0,1.0,1.0,post_model_extrapolation:current_comparison_1:FY2048; ; ,,adjusted,Post-model overlays; default Off preserves model forecast. Scenario workbook price variables are already captured by finalist forecasts where supplied.
2048,,FY2048,Current finalist High population/comparison,current_comparison_1,comparison,Current planned path,Off,Off,Off,Off,LIGHT_BEV,light_bev_ruc_net_revenue,6325.519765796488,6325.519765796488,0.0,$m nominal ex GST,light_bev_ruc_net_revenue effective rate applied to adjusted km,0.0,1.0,1.0,0.0,1.0,1.0,post_model_extrapolation:current_comparison_1:FY2048; ; ,,adjusted,Post-model overlays; default Off preserves model forecast. Scenario workbook price variables are already captured by finalist forecasts where supplied.
2048,,FY2048,Current finalist High population/comparison,current_comparison_1,comparison,Current planned path,Off,Off,Off,Off,PHEV,phev_ruc_net_revenue,267.03854415055457,267.03854415055457,0.0,$m nominal ex GST,phev_ruc_net_revenue effective rate applied to adjusted km,0.0,1.0,1.0,0.0,1.0,1.0,post_model_extrapolation:current_comparison_1:FY2048; ; ,,adjusted,Post-model overlays; default Off preserves model forecast. Scenario workbook price variables are already captured by finalist forecasts where supplied.
2048,,FY2048,Current finalist High population/comparison,current_comparison_1,comparison,Current planned path,Off,Off,Off,Off,HEAVY_RUC,heavy_ruc_net_km,4749.148957314288,4749.148957314288,0.0,million km,heavy_ruc_net_km * freight_factor * heavy_demand_factor,0.0,1.0,1.0,0.0,1.0,1.0,post_model_extrapolation:current_comparison_1:FY2048; ; ,,adjusted,Post-model overlays; default Off preserves model forecast. Scenario workbook price variables are already captured by finalist forecasts where supplied.
2048,,FY2048,Current finalist High population/comparison,current_comparison_1,comparison,Current planned path,Off,Off,Off,Off,HEAVY_RUC,heavy_ruc_net_revenue,3096.5163574032767,3096.5163574032767,0.0,$m nominal ex GST,heavy_ruc_net_revenue effective rate applied to adjusted km,0.0,1.0,1.0,0.0,1.0,1.0,post_model_extrapolation:current_comparison_1:FY2048; ; ,,adjusted,Post-model overlays; default Off preserves model forecast. Scenario workbook price variables are already captured by finalist forecasts where supplied.
2048,,FY2048,Current finalist High population/comparison,current_comparison_1,comparison,Current planned path,Off,Off,Off,Off,ROLLUP,gross_ruc_revenue,11762.10809511691,11762.10809511691,0.0,$m nominal ex GST,gross_ruc_revenue + PED/RUC component deltas,0.0,1.0,1.0,0.0,1.0,1.0,post_model_extrapolation:current_comparison_1:FY2048,,adjusted,Post-model overlays; default Off preserves model forecast. Scenario workbook price variables are already captured by finalist forecasts where supplied.
2048,,FY2048,Current finalist High population/comparison,current_comparison_1,comparison,Current planned path,Off,Off,Off,Off,ROLLUP,ruc_revenue_net_admin,11676.064345840483,11676.064345840483,0.0,$m nominal ex GST,ruc_revenue_net_admin + PED/RUC component deltas,0.0,1.0,1.0,0.0,1.0,1.0,post_model_extrapolation:current_comparison_1:FY2048,,adjusted,Post-model overlays; default Off preserves model forecast. Scenario workbook price variables are already captured by finalist forecasts where supplied.
2048,,FY2048,Current finalist High population/comparison,current_comparison_1,comparison,Current planned path,Off,Off,Off,Off,ROLLUP,total_ruc_net_revenue,11348.485337404938,11348.485337404938,0.0,$m nominal ex GST,total_ruc_net_revenue + PED/RUC component deltas,0.0,1.0,1.0,0.0,1.0,1.0,post_model_extrapolation:current_comparison_1:FY2048,,adjusted,Post-model overlays; default Off preserves model forecast. Scenario workbook price variables are already captured by finalist forecasts where supplied.
2048,,FY2048,Current finalist High population/comparison,current_comparison_1,comparison,Current planned path,Off,Off,Off,Off,ROLLUP,gross_fed_revenue,4461.1402189172795,4461.1402189172795,0.0,$m nominal ex GST,gross_fed_revenue + PED/RUC component deltas,0.0,1.0,1.0,0.0,1.0,1.0,post_model_extrapolation:current_comparison_1:FY2048,,adjusted,Post-model overlays; default Off preserves model forecast. Scenario workbook price variables are already captured by finalist forecasts where supplied.
2048,,FY2048,Current finalist High population/comparison,current_comparison_1,comparison,Current planned path,Off,Off,Off,Off,ROLLUP,net_fed_revenue,4404.514787064846,4404.514787064846,0.0,$m nominal ex GST,net_fed_revenue + PED/RUC component deltas,0.0,1.0,1.0,0.0,1.0,1.0,post_model_extrapolation:current_comparison_1:FY2048,,adjusted,Post-model overlays; default Off preserves model forecast. Scenario workbook price variables are already captured by finalist forecasts where supplied.
2048,,FY2048,Current finalist High population/comparison,current_comparison_1,comparison,Current planned path,Off,Off,Off,Off,ROLLUP,total_gross_revenue,16743.89222124207,16743.89222124207,0.0,$m nominal ex GST,total_gross_revenue + PED/RUC component deltas,0.0,1.0,1.0,0.0,1.0,1.0,post_model_extrapolation:current_comparison_1:FY2048,,adjusted,Post-model overlays; default Off preserves model forecast. Scenario workbook price variables are already captured by finalist forecasts where supplied.
2048,,FY2048,Current finalist High population/comparison,current_comparison_1,comparison,Current planned path,Off,Off,Off,Off,ROLLUP,total_revenue_net_admin,16590.30473871471,16590.30473871471,0.0,$m nominal ex GST,total_revenue_net_admin + PED/RUC component deltas,0.0,1.0,1.0,0.0,1.0,1.0,post_model_extrapolation:current_comparison_1:FY2048,,adjusted,Post-model overlays; default Off preserves model forecast. Scenario workbook price variables are already captured by finalist forecasts where supplied.
2048,,FY2048,Current finalist High population/comparison,current_comparison_1,comparison,Current planned path,Off,Off,Off,Off,ROLLUP,total_nltf_net_revenue,16203.870542265173,16203.870542265173,0.0,$m nominal ex GST,total_nltf_net_revenue + PED/RUC component deltas,0.0,1.0,1.0,0.0,1.0,1.0,post_model_extrapolation:current_comparison_1:FY2048,,adjusted,Post-model overlays; default Off preserves model forecast. Scenario workbook price variables are already captured by finalist forecasts where supplied.
2049,,FY2049,Current finalist High population/comparison,current_comparison_1,comparison,Current planned path,Off,Off,Off,Off,PED,light_petrol_vkt,37199.473035525974,37199.473035525974,0.0,million km,light_petrol_vkt * pt_factor * petrol_demand_factor,0.0,1.0,1.0,0.0,1.0,1.0,post_model_extrapolation:current_comparison_1:FY2049; ; ,,adjusted,Post-model overlays; default Off preserves model forecast. Scenario workbook price variables are already captured by finalist forecasts where supplied.
2049,,FY2049,Current finalist High population/comparison,current_comparison_1,comparison,Current planned path,Off,Off,Off,Off,PED,ped_vkt_per_capita,4935.285628753915,4935.285628753915,0.0,km/person,ped_vkt_per_capita * pt_factor * petrol_demand_factor,0.0,1.0,1.0,0.0,1.0,1.0,post_model_extrapolation:current_comparison_1:FY2049; ; ,,adjusted,Post-model overlays; default Off preserves model forecast. Scenario workbook price variables are already captured by finalist forecasts where supplied.
2049,,FY2049,Current finalist High population/comparison,current_comparison_1,comparison,Current planned path,Off,Off,Off,Off,LIGHT_RUC,light_ruc_net_km,6801.624516303209,6801.624516303209,0.0,million km,light_ruc_net_km * pt_factor * light_demand_factor,0.0,1.0,1.0,0.0,1.0,1.0,post_model_extrapolation:current_comparison_1:FY2049; ; ,,adjusted,Post-model overlays; default Off preserves model forecast. Scenario workbook price variables are already captured by finalist forecasts where supplied.
2049,,FY2049,Current finalist High population/comparison,current_comparison_1,comparison,Current planned path,Off,Off,Off,Off,LIGHT_BEV,light_bev_ruc_net_km,42081.4458790368,42081.4458790368,0.0,million km,light_bev_ruc_net_km * pt_factor * light_demand_factor,0.0,1.0,1.0,0.0,1.0,1.0,post_model_extrapolation:current_comparison_1:FY2049; ; ,,adjusted,Post-model overlays; default Off preserves model forecast. Scenario workbook price variables are already captured by finalist forecasts where supplied.
2049,,FY2049,Current finalist High population/comparison,current_comparison_1,comparison,Current planned path,Off,Off,Off,Off,PHEV,phev_ruc_net_km,3280.6270991243587,3280.6270991243587,0.0,million km,phev_ruc_net_km * pt_factor * light_demand_factor,0.0,1.0,1.0,0.0,1.0,1.0,post_model_extrapolation:current_comparison_1:FY2049; ; ,,adjusted,Post-model overlays; default Off preserves model forecast. Scenario workbook price variables are already captured by finalist forecasts where supplied.
2049,,FY2049,Current finalist High population/comparison,current_comparison_1,comparison,Current planned path,Off,Off,Off,Off,LIGHT_RUC,current_light_ruc_conventional_modelled_km,6801.624516303209,6801.624516303209,0.0,million km,current_light_ruc_conventional_modelled_km * pt_factor * light_demand_factor,0.0,1.0,1.0,0.0,1.0,1.0,post_model_extrapolation:current_comparison_1:FY2049; ; ,,adjusted,Post-model overlays; default Off preserves model forecast. Scenario workbook price variables are already captured by finalist forecasts where supplied.
2049,,FY2049,Current finalist High population/comparison,current_comparison_1,comparison,Current planned path,Off,Off,Off,Off,LIGHT_RUC,light_ruc_net_revenue,1106.5222844347827,1106.5222844347827,0.0,$m nominal ex GST,light_ruc_net_revenue effective rate applied to adjusted km,0.0,1.0,1.0,0.0,1.0,1.0,post_model_extrapolation:current_comparison_1:FY2049; ; ,,adjusted,Post-model overlays; default Off preserves model forecast. Scenario workbook price variables are already captured by finalist forecasts where supplied.
2049,,FY2049,Current finalist High population/comparison,current_comparison_1,comparison,Current planned path,Off,Off,Off,Off,LIGHT_BEV,light_bev_ruc_net_revenue,6846.0200228311,6846.0200228311,0.0,$m nominal ex GST,light_bev_ruc_net_revenue effective rate applied to adjusted km,0.0,1.0,1.0,0.0,1.0,1.0,post_model_extrapolation:current_comparison_1:FY2049; ; ,,adjusted,Post-model overlays; default Off preserves model forecast. Scenario workbook price variables are already captured by finalist forecasts where supplied.
2049,,FY2049,Current finalist High population/comparison,current_comparison_1,comparison,Current planned path,Off,Off,Off,Off,PHEV,phev_ruc_net_revenue,263.18830902725153,263.18830902725153,0.0,$m nominal ex GST,phev_ruc_net_revenue effective rate applied to adjusted km,0.0,1.0,1.0,0.0,1.0,1.0,post_model_extrapolation:current_comparison_1:FY2049; ; ,,adjusted,Post-model overlays; default Off preserves model forecast. Scenario workbook price variables are already captured by finalist forecasts where supplied.
2049,,FY2049,Current finalist High population/comparison,current_comparison_1,comparison,Current planned path,Off,Off,Off,Off,HEAVY_RUC,heavy_ruc_net_km,4781.399686941462,4781.399686941462,0.0,million km,heavy_ruc_net_km * freight_factor * heavy_demand_factor,0.0,1.0,1.0,0.0,1.0,1.0,post_model_extrapolation:current_comparison_1:FY2049; ; ,,adjusted,Post-model overlays; default Off preserves model forecast. Scenario workbook price variables are already captured by finalist forecasts where supplied.
2049,,FY2049,Current finalist High population/comparison,current_comparison_1,comparison,Current planned path,Off,Off,Off,Off,HEAVY_RUC,heavy_ruc_net_revenue,3192.6601059629834,3192.6601059629834,0.0,$m nominal ex GST,heavy_ruc_net_revenue effective rate applied to adjusted km,0.0,1.0,1.0,0.0,1.0,1.0,post_model_extrapolation:current_comparison_1:FY2049; ; ,,adjusted,Post-model overlays; default Off preserves model forecast. Scenario workbook price variables are already captured by finalist forecasts where supplied.
2049,,FY2049,Current finalist High population/comparison,current_comparison_1,comparison,Current planned path,Off,Off,Off,Off,ROLLUP,gross_ruc_revenue,12435.242977002441,12435.242977002441,0.0,$m nominal ex GST,gross_ruc_revenue + PED/RUC component deltas,0.0,1.0,1.0,0.0,1.0,1.0,post_model_extrapolation:current_comparison_1:FY2049,,adjusted,Post-model overlays; default Off preserves model forecast. Scenario workbook price variables are already captured by finalist forecasts where supplied.
2049,,FY2049,Current finalist High population/comparison,current_comparison_1,comparison,Current planned path,Off,Off,Off,Off,ROLLUP,ruc_revenue_net_admin,12346.42157045418,12346.42157045418,0.0,$m nominal ex GST,ruc_revenue_net_admin + PED/RUC component deltas,0.0,1.0,1.0,0.0,1.0,1.0,post_model_extrapolation:current_comparison_1:FY2049,,adjusted,Post-model overlays; default Off preserves model forecast. Scenario workbook price variables are already captured by finalist forecasts where supplied.
2049,,FY2049,Current finalist High population/comparison,current_comparison_1,comparison,Current planned path,Off,Off,Off,Off,ROLLUP,total_ruc_net_revenue,12001.904056662186,12001.904056662186,0.0,$m nominal ex GST,total_ruc_net_revenue + PED/RUC component deltas,0.0,1.0,1.0,0.0,1.0,1.0,post_model_extrapolation:current_comparison_1:FY2049,,adjusted,Post-model overlays; default Off preserves model forecast. Scenario workbook price variables are already captured by finalist forecasts where supplied.
2049,,FY2049,Current finalist High population/comparison,current_comparison_1,comparison,Current planned path,Off,Off,Off,Off,ROLLUP,gross_fed_revenue,4536.129766264447,4536.129766264447,0.0,$m nominal ex GST,gross_fed_revenue + PED/RUC component deltas,0.0,1.0,1.0,0.0,1.0,1.0,post_model_extrapolation:current_comparison_1:FY2049,,adjusted,Post-model overlays; default Off preserves model forecast. Scenario workbook price variables are already captured by finalist forecasts where supplied.
2049,,FY2049,Current finalist High population/comparison,current_comparison_1,comparison,Current planned path,Off,Off,Off,Off,ROLLUP,net_fed_revenue,4483.993823050243,4483.993823050243,0.0,$m nominal ex GST,net_fed_revenue + PED/RUC component deltas,0.0,1.0,1.0,0.0,1.0,1.0,post_model_extrapolation:current_comparison_1:FY2049,,adjusted,Post-model overlays; default Off preserves model forecast. Scenario workbook price variables are already captured by finalist forecasts where supplied.
2049,,FY2049,Current finalist High population/comparison,current_comparison_1,comparison,Current planned path,Off,Off,Off,Off,ROLLUP,total_gross_revenue,17490.588977386236,17490.588977386236,0.0,$m nominal ex GST,total_gross_revenue + PED/RUC component deltas,0.0,1.0,1.0,0.0,1.0,1.0,post_model_extrapolation:current_comparison_1:FY2049,,adjusted,Post-model overlays; default Off preserves model forecast. Scenario workbook price variables are already captured by finalist forecasts where supplied.
2049,,FY2049,Current finalist High population/comparison,current_comparison_1,comparison,Current planned path,Off,Off,Off,Off,ROLLUP,total_revenue_net_admin,17334.328987628796,17334.328987628796,0.0,$m nominal ex GST,total_revenue_net_admin + PED/RUC component deltas,0.0,1.0,1.0,0.0,1.0,1.0,post_model_extrapolation:current_comparison_1:FY2049,,adjusted,Post-model overlays; default Off preserves model forecast. Scenario workbook price variables are already captured by finalist forecasts where supplied.
2049,,FY2049,Current finalist High population/comparison,current_comparison_1,comparison,Current planned path,Off,Off,Off,Off,ROLLUP,total_nltf_net_revenue,16935.42396078316,16935.42396078316,0.0,$m nominal ex GST,total_nltf_net_revenue + PED/RUC component deltas,0.0,1.0,1.0,0.0,1.0,1.0,post_model_extrapolation:current_comparison_1:FY2049,,adjusted,Post-model overlays; default Off preserves model forecast. Scenario workbook price variables are already captured by finalist forecasts where supplied.
2050,,FY2050,Current finalist High population/comparison,current_comparison_1,comparison,Current planned path,Off,Off,Off,Off,PED,light_petrol_vkt,37393.50585701412,37393.50585701412,0.0,million km,light_petrol_vkt * pt_factor * petrol_demand_factor,0.0,1.0,1.0,0.0,1.0,1.0,post_model_extrapolation:current_comparison_1:FY2050; ; ,,adjusted,Post-model overlays; default Off preserves model forecast. Scenario workbook price variables are already captured by finalist forecasts where supplied.
2050,,FY2050,Current finalist High population/comparison,current_comparison_1,comparison,Current planned path,Off,Off,Off,Off,PED,ped_vkt_per_capita,4887.712440222228,4887.712440222228,0.0,km/person,ped_vkt_per_capita * pt_factor * petrol_demand_factor,0.0,1.0,1.0,0.0,1.0,1.0,post_model_extrapolation:current_comparison_1:FY2050; ; ,,adjusted,Post-model overlays; default Off preserves model forecast. Scenario workbook price variables are already captured by finalist forecasts where supplied.
2050,,FY2050,Current finalist High population/comparison,current_comparison_1,comparison,Current planned path,Off,Off,Off,Off,LIGHT_RUC,light_ruc_net_km,6423.736169380488,6423.736169380488,0.0,million km,light_ruc_net_km * pt_factor * light_demand_factor,0.0,1.0,1.0,0.0,1.0,1.0,post_model_extrapolation:current_comparison_1:FY2050; ; ,,adjusted,Post-model overlays; default Off preserves model forecast. Scenario workbook price variables are already captured by finalist forecasts where supplied.
2050,,FY2050,Current finalist High population/comparison,current_comparison_1,comparison,Current planned path,Off,Off,Off,Off,LIGHT_BEV,light_bev_ruc_net_km,44051.341600361724,44051.341600361724,0.0,million km,light_bev_ruc_net_km * pt_factor * light_demand_factor,0.0,1.0,1.0,0.0,1.0,1.0,post_model_extrapolation:current_comparison_1:FY2050; ; ,,adjusted,Post-model overlays; default Off preserves model forecast. Scenario workbook price variables are already captured by finalist forecasts where supplied.
2050,,FY2050,Current finalist High population/comparison,current_comparison_1,comparison,Current planned path,Off,Off,Off,Off,PHEV,phev_ruc_net_km,3148.110114296123,3148.110114296123,0.0,million km,phev_ruc_net_km * pt_factor * light_demand_factor,0.0,1.0,1.0,0.0,1.0,1.0,post_model_extrapolation:current_comparison_1:FY2050; ; ,,adjusted,Post-model overlays; default Off preserves model forecast. Scenario workbook price variables are already captured by finalist forecasts where supplied.
2050,,FY2050,Current finalist High population/comparison,current_comparison_1,comparison,Current planned path,Off,Off,Off,Off,LIGHT_RUC,current_light_ruc_conventional_modelled_km,6423.736169380488,6423.736169380488,0.0,million km,current_light_ruc_conventional_modelled_km * pt_factor * light_demand_factor,0.0,1.0,1.0,0.0,1.0,1.0,post_model_extrapolation:current_comparison_1:FY2050; ; ,,adjusted,Post-model overlays; default Off preserves model forecast. Scenario workbook price variables are already captured by finalist forecasts where supplied.
2050,,FY2050,Current finalist High population/comparison,current_comparison_1,comparison,Current planned path,Off,Off,Off,Off,LIGHT_RUC,light_ruc_net_revenue,1069.6163095635447,1069.6163095635447,0.0,$m nominal ex GST,light_ruc_net_revenue effective rate applied to adjusted km,0.0,1.0,1.0,0.0,1.0,1.0,post_model_extrapolation:current_comparison_1:FY2050; ; ,,adjusted,Post-model overlays; default Off preserves model forecast. Scenario workbook price variables are already captured by finalist forecasts where supplied.
2050,,FY2050,Current finalist High population/comparison,current_comparison_1,comparison,Current planned path,Off,Off,Off,Off,LIGHT_BEV,light_bev_ruc_net_revenue,7334.988889876226,7334.988889876226,0.0,$m nominal ex GST,light_bev_ruc_net_revenue effective rate applied to adjusted km,0.0,1.0,1.0,0.0,1.0,1.0,post_model_extrapolation:current_comparison_1:FY2050; ; ,,adjusted,Post-model overlays; default Off preserves model forecast. Scenario workbook price variables are already captured by finalist forecasts where supplied.
2050,,FY2050,Current finalist High population/comparison,current_comparison_1,comparison,Current planned path,Off,Off,Off,Off,PHEV,phev_ruc_net_revenue,258.4913214848545,258.4913214848545,0.0,$m nominal ex GST,phev_ruc_net_revenue effective rate applied to adjusted km,0.0,1.0,1.0,0.0,1.0,1.0,post_model_extrapolation:current_comparison_1:FY2050; ; ,,adjusted,Post-model overlays; default Off preserves model forecast. Scenario workbook price variables are already captured by finalist forecasts where supplied.
2050,,FY2050,Current finalist High population/comparison,current_comparison_1,comparison,Current planned path,Off,Off,Off,Off,HEAVY_RUC,heavy_ruc_net_km,4814.247874228561,4814.247874228561,0.0,million km,heavy_ruc_net_km * freight_factor * heavy_demand_factor,0.0,1.0,1.0,0.0,1.0,1.0,post_model_extrapolation:current_comparison_1:FY2050; ; ,,adjusted,Post-model overlays; default Off preserves model forecast. Scenario workbook price variables are already captured by finalist forecasts where supplied.
2050,,FY2050,Current finalist High population/comparison,current_comparison_1,comparison,Current planned path,Off,Off,Off,Off,HEAVY_RUC,heavy_ruc_net_revenue,3290.2254959234,3290.2254959234,0.0,$m nominal ex GST,heavy_ruc_net_revenue effective rate applied to adjusted km,0.0,1.0,1.0,0.0,1.0,1.0,post_model_extrapolation:current_comparison_1:FY2050; ; ,,adjusted,Post-model overlays; default Off preserves model forecast. Scenario workbook price variables are already captured by finalist forecasts where supplied.
2050,,FY2050,Current finalist High population/comparison,current_comparison_1,comparison,Current planned path,Off,Off,Off,Off,ROLLUP,gross_ruc_revenue,13080.76337105003,13080.76337105003,0.0,$m nominal ex GST,gross_ruc_revenue + PED/RUC component deltas,0.0,1.0,1.0,0.0,1.0,1.0,post_model_extrapolation:current_comparison_1:FY2050,,adjusted,Post-model overlays; default Off preserves model forecast. Scenario workbook price variables are already captured by finalist forecasts where supplied.
2050,,FY2050,Current finalist High population/comparison,current_comparison_1,comparison,Current planned path,Off,Off,Off,Off,ROLLUP,ruc_revenue_net_admin,12989.655971532024,12989.655971532024,0.0,$m nominal ex GST,ruc_revenue_net_admin + PED/RUC component deltas,0.0,1.0,1.0,0.0,1.0,1.0,post_model_extrapolation:current_comparison_1:FY2050,,adjusted,Post-model overlays; default Off preserves model forecast. Scenario workbook price variables are already captured by finalist forecasts where supplied.
2050,,FY2050,Current finalist High population/comparison,current_comparison_1,comparison,Current planned path,Off,Off,Off,Off,ROLLUP,total_ruc_net_revenue,12629.267990325516,12629.267990325516,0.0,$m nominal ex GST,total_ruc_net_revenue + PED/RUC component deltas,0.0,1.0,1.0,0.0,1.0,1.0,post_model_extrapolation:current_comparison_1:FY2050,,adjusted,Post-model overlays; default Off preserves model forecast. Scenario workbook price variables are already captured by finalist forecasts where supplied.
2050,,FY2050,Current finalist High population/comparison,current_comparison_1,comparison,Current planned path,Off,Off,Off,Off,ROLLUP,gross_fed_revenue,4609.255371788408,4609.255371788408,0.0,$m nominal ex GST,gross_fed_revenue + PED/RUC component deltas,0.0,1.0,1.0,0.0,1.0,1.0,post_model_extrapolation:current_comparison_1:FY2050,,adjusted,Post-model overlays; default Off preserves model forecast. Scenario workbook price variables are already captured by finalist forecasts where supplied.
2050,,FY2050,Current finalist High population/comparison,current_comparison_1,comparison,Current planned path,Off,Off,Off,Off,ROLLUP,net_fed_revenue,4561.298798620799,4561.298798620799,0.0,$m nominal ex GST,net_fed_revenue + PED/RUC component deltas,0.0,1.0,1.0,0.0,1.0,1.0,post_model_extrapolation:current_comparison_1:FY2050,,adjusted,Post-model overlays; default Off preserves model forecast. Scenario workbook price variables are already captured by finalist forecasts where supplied.
2050,,FY2050,Current finalist High population/comparison,current_comparison_1,comparison,Current planned path,Off,Off,Off,Off,ROLLUP,total_gross_revenue,18207.877239553123,18207.877239553123,0.0,$m nominal ex GST,total_gross_revenue + PED/RUC component deltas,0.0,1.0,1.0,0.0,1.0,1.0,post_model_extrapolation:current_comparison_1:FY2050,,adjusted,Post-model overlays; default Off preserves model forecast. Scenario workbook price variables are already captured by finalist forecasts where supplied.
2050,,FY2050,Current finalist High population/comparison,current_comparison_1,comparison,Current planned path,Off,Off,Off,Off,ROLLUP,total_revenue_net_admin,18049.431047228674,18049.431047228674,0.0,$m nominal ex GST,total_revenue_net_admin + PED/RUC component deltas,0.0,1.0,1.0,0.0,1.0,1.0,post_model_extrapolation:current_comparison_1:FY2050,,adjusted,Post-model overlays; default Off preserves model forecast. Scenario workbook price variables are already captured by finalist forecasts where supplied.
2050,,FY2050,Current finalist High population/comparison,current_comparison_1,comparison,Current planned path,Off,Off,Off,Off,ROLLUP,total_nltf_net_revenue,17638.81262175808,17638.81262175808,0.0,$m nominal ex GST,total_nltf_net_revenue + PED/RUC component deltas,0.0,1.0,1.0,0.0,1.0,1.0,post_model_extrapolation:current_comparison_1:FY2050,,adjusted,Post-model overlays; default Off preserves model forecast. Scenario workbook price variables are already captured by finalist forecasts where supplied.
