FY,period,source_path,scenario,scenario_name,scenario_role,fed_path,lambda_mode,ped_vktpc_model,ped_vkt_per_capita,scenario_population,scenario_population_million,population_million,population_source,population_source_status,population_fallback_flag,population_warning,raw_light_petrol_vkt,raw_light_petrol_vkt_million_km,adjusted_light_petrol_vkt_million_km,optimized_light_petrol_vkt,optimized_light_petrol_vkt_million_km,optimization_delta,optimization_delta_million_km,base_litres_per_100km,ped_volume_raw,ped_volume_raw_million_litres,ped_volume_optimized,ped_volume_optimized_million_litres,ped_volume_million_litres,ped_rate,ped_rate_nzd_per_litre,gross_ped_revenue_raw,gross_ped_revenue_raw_million_nzd,gross_ped_revenue_optimized,gross_ped_revenue_optimized_million_nzd,gross_ped_revenue_million_nzd,total_nltf_raw,total_nltf_raw_million_nzd,total_nltf_optimized,total_nltf_optimized_million_nzd,total_nltf_net_revenue_million_nzd,mbu26_ped_vkt_per_capita,mbu26_population_proxy,mbu26_light_petrol_vkt_million_km,mbu26_ped_volume_million_litres,mbu26_gross_ped_revenue_million_nzd,mbu26_total_nltf_net_revenue_million_nzd,raw_light_petrol_vkt_residual,ped_volume_raw_residual,ped_volume_optimized_residual,gross_ped_revenue_raw_residual,gross_ped_revenue_optimized_residual,vktpc_unit,population_unit,light_petrol_vkt_unit,litres_intensity_unit,ped_volume_unit,ped_rate_unit,gross_ped_revenue_unit,source_file,vktpc_source_cell,population_source_cell,migration_source_cells,formula,availability_status,notes
2026,FY2026,Current finalist Base case,current_basecase,current_basecase,basecase,Current planned path,optimized,6144.321779043229,6144.321779043229,5361539.436754805,5.361539436754805,5.361539436754805,scenario_inputs/scenario_input_wide.parquet:PED:population (2026Q1; 2026Q2); mbu26_official_annual.csv:population_proxy (2025Q3; 2025Q4),scenario_input_population_with_mbu_population_proxy_for_missing_quarters,True,warning_current_finalist_uses_mbu26_population_proxy,32943.02353045172,32943.02353045172,31742.11507864332,31742.11507864332,31742.11507864332,-1200.9084518083982,-1200.9084518083982,9.253495188709412,3048.3810974057587,3048.3810974057587,2937.2550915968645,2937.2550915968645,2937.2550915968645,0.7002400000000003,0.7002400000000003,2134.5983796474093,2134.5983796474093,2056.7835053397894,2056.7835053397894,2056.7835053397894,4579.282519084646,4579.282519084646,4501.467644777026,4501.467644777026,4501.467644777026,5935.87599744435,5363105.743888369,31834.7306569029,2945.82526967511,2062.7846868373,4563.15127995703,0.0,0.0,0.0,0.0,0.0,km/person,million people,million km,litres/100km,million litres,$/litre,$m nominal ex GST,forecast_scenario_comparison.parquet; scenario_inputs/scenario_input_wide.parquet; mbu26_official_annual.csv,data/current_revenue_outlook/revenue_chart_rows.csv:historical_actual:2025Q3; data/current_revenue_outlook/revenue_chart_rows.csv:historical_actual:2025Q4; data/current_revenue_outlook/revenue_chart_rows.csv:current_basecase:2026Q1; data/current_revenue_outlook/revenue_chart_rows.csv:current_basecase:2026Q2,scenario_inputs/scenario_input_wide.parquet:PED:population (2026Q1; 2026Q2); mbu26_official_annual.csv:population_proxy (2025Q3; 2025Q4),data/current_revenue_outlook/revenue_chart_rows.csv:historical_actual:2025Q3; data/current_revenue_outlook/revenue_chart_rows.csv:historical_actual:2025Q4; data/current_revenue_outlook/revenue_chart_rows.csv:current_basecase:2026Q1; data/current_revenue_outlook/revenue_chart_rows.csv:current_basecase:2026Q2; data/current_revenue_outlook/revenue_chart_rows.csv:historical_actual:2025Q3; data/current_revenue_outlook/revenue_chart_rows.csv:historical_actual:2025Q4; data/current_revenue_outlook/revenue_chart_rows.csv:current_basecase:2026Q1; data/current_revenue_outlook/revenue_chart_rows.csv:current_basecase:2026Q2; AB16; AB10; AB12; AB14; scenario_inputs/scenario_input_wide.parquet:PED:population (2026Q1; 2026Q2); mbu26_official_annual.csv:population_proxy (2025Q3; 2025Q4),"raw_light_petrol_vkt = ped_vkt_per_capita * scenario_population / 1,000,000; optimized_light_petrol_vkt = raw_light_petrol_vkt + optimization_delta; gross_ped_revenue = selected_light_petrol_vkt * base_litres_per_100km / 100 * ped_rate_nzd_per_litre",warning_current_finalist_uses_mbu26_population_proxy,Raw bridge uses current-finalist PED VKTpc times scenario population. Optimized bridge then applies the PED+Light EV/PHEV migration allocation before MBU26 litres intensity and PED rate.
2027,FY2027,Current finalist Base case,current_basecase,current_basecase,basecase,Current planned path,optimized,5966.778677198156,5966.778677198156,5395033.188649469,5.395033188649469,5.395033188649469,scenario_inputs/scenario_input_wide.parquet:PED:population (2026Q3; 2026Q4; 2027Q1; 2027Q2),scenario_input_population,False,,32190.96899281003,32190.96899281003,30689.795137708454,30689.795137708454,30689.795137708454,-1501.173855101577,-1501.173855101577,9.019048682247908,2903.3191647488657,2903.3191647488657,2767.9275639520765,2767.9275639520765,2767.9275639520765,0.7598432334330983,0.7598432334330983,2206.0674218310605,2206.0674218310605,2103.1910301019448,2103.1910301019448,2103.1910301019448,4881.727763040259,4881.727763040259,4778.851371311143,4778.851371311143,4778.851371311143,5924.5731702763,5420684.735249234,32115.2433469839,2896.48943188686,2200.87789552971,5008.27996268758,0.0,0.0,0.0,0.0,0.0,km/person,million people,million km,litres/100km,million litres,$/litre,$m nominal ex GST,forecast_scenario_comparison.parquet; scenario_inputs/scenario_input_wide.parquet; mbu26_official_annual.csv,data/current_revenue_outlook/revenue_chart_rows.csv:current_basecase:2026Q3; data/current_revenue_outlook/revenue_chart_rows.csv:current_basecase:2026Q4; data/current_revenue_outlook/revenue_chart_rows.csv:current_basecase:2027Q1; data/current_revenue_outlook/revenue_chart_rows.csv:current_basecase:2027Q2,scenario_inputs/scenario_input_wide.parquet:PED:population (2026Q3; 2026Q4; 2027Q1; 2027Q2),data/current_revenue_outlook/revenue_chart_rows.csv:current_basecase:2026Q3; data/current_revenue_outlook/revenue_chart_rows.csv:current_basecase:2026Q4; data/current_revenue_outlook/revenue_chart_rows.csv:current_basecase:2027Q1; data/current_revenue_outlook/revenue_chart_rows.csv:current_basecase:2027Q2; data/current_revenue_outlook/revenue_chart_rows.csv:current_basecase:2026Q3; data/current_revenue_outlook/revenue_chart_rows.csv:current_basecase:2026Q4; data/current_revenue_outlook/revenue_chart_rows.csv:current_basecase:2027Q1; data/current_revenue_outlook/revenue_chart_rows.csv:current_basecase:2027Q2; AC16; AC10; AC12; AC14; scenario_inputs/scenario_input_wide.parquet:PED:population (2026Q3; 2026Q4; 2027Q1; 2027Q2),"raw_light_petrol_vkt = ped_vkt_per_capita * scenario_population / 1,000,000; optimized_light_petrol_vkt = raw_light_petrol_vkt + optimization_delta; gross_ped_revenue = selected_light_petrol_vkt * base_litres_per_100km / 100 * ped_rate_nzd_per_litre",available,Raw bridge uses current-finalist PED VKTpc times scenario population. Optimized bridge then applies the PED+Light EV/PHEV migration allocation before MBU26 litres intensity and PED rate.
2028,FY2028,Current finalist Base case,current_basecase,current_basecase,basecase,Current planned path,optimized,5911.505385511109,5911.505385511109,5438574.545647807,5.438574545647808,5.438574545647808,scenario_inputs/scenario_input_wide.parquet:PED:population (2027Q3; 2027Q4; 2028Q1; 2028Q2),scenario_input_population,False,,32150.162716100647,32150.162716100647,30295.920177543616,30295.920177543616,30295.920177543616,-1854.2425385570314,-1854.2425385570314,8.931856817675813,2871.606500451903,2871.606500451903,2705.988211855552,2705.988211855552,2705.988211855552,0.8500894140750587,0.8500894140750587,2441.1222874232876,2441.1222874232876,2300.331933510302,2300.331933510302,2300.331933510302,5457.636647109046,5457.636647109046,5316.84629319606,5316.84629319606,5316.84629319606,5908.65677079833,5474417.296010022,32346.4528222451,2889.13885167999,2456.02635360613,5639.13432985787,0.0,0.0,0.0,0.0,0.0,km/person,million people,million km,litres/100km,million litres,$/litre,$m nominal ex GST,forecast_scenario_comparison.parquet; scenario_inputs/scenario_input_wide.parquet; mbu26_official_annual.csv,data/current_revenue_outlook/revenue_chart_rows.csv:current_basecase:2027Q3; data/current_revenue_outlook/revenue_chart_rows.csv:current_basecase:2027Q4; data/current_revenue_outlook/revenue_chart_rows.csv:current_basecase:2028Q1; data/current_revenue_outlook/revenue_chart_rows.csv:current_basecase:2028Q2,scenario_inputs/scenario_input_wide.parquet:PED:population (2027Q3; 2027Q4; 2028Q1; 2028Q2),data/current_revenue_outlook/revenue_chart_rows.csv:current_basecase:2027Q3; data/current_revenue_outlook/revenue_chart_rows.csv:current_basecase:2027Q4; data/current_revenue_outlook/revenue_chart_rows.csv:current_basecase:2028Q1; data/current_revenue_outlook/revenue_chart_rows.csv:current_basecase:2028Q2; data/current_revenue_outlook/revenue_chart_rows.csv:current_basecase:2027Q3; data/current_revenue_outlook/revenue_chart_rows.csv:current_basecase:2027Q4; data/current_revenue_outlook/revenue_chart_rows.csv:current_basecase:2028Q1; data/current_revenue_outlook/revenue_chart_rows.csv:current_basecase:2028Q2; AD16; AD10; AD12; AD14; scenario_inputs/scenario_input_wide.parquet:PED:population (2027Q3; 2027Q4; 2028Q1; 2028Q2),"raw_light_petrol_vkt = ped_vkt_per_capita * scenario_population / 1,000,000; optimized_light_petrol_vkt = raw_light_petrol_vkt + optimization_delta; gross_ped_revenue = selected_light_petrol_vkt * base_litres_per_100km / 100 * ped_rate_nzd_per_litre",available,Raw bridge uses current-finalist PED VKTpc times scenario population. Optimized bridge then applies the PED+Light EV/PHEV migration allocation before MBU26 litres intensity and PED rate.
2029,FY2029,Current finalist Base case,current_basecase,current_basecase,basecase,Current planned path,optimized,5889.9724021517095,5889.9724021517095,5482087.280881718,5.482087280881718,5.482087280881718,scenario_inputs/scenario_input_wide.parquet:PED:population (2028Q3; 2028Q4; 2029Q1; 2029Q2),scenario_input_population,False,,32289.342790580224,32289.342790580224,30037.969964285094,30037.969964285094,30037.969964285094,-2251.37282629513,-2251.37282629513,8.844689067937997,2855.8919719074747,2855.8919719074747,2656.765045661623,2656.765045661623,2656.765045661623,0.9001107027491552,0.9001107027491552,2570.6189298093077,2570.6189298093077,2391.382652289875,2391.382652289875,2391.382652289875,5808.653070285638,5808.653070285638,5629.416792766205,5629.416792766205,5629.416792766205,5897.91062691712,5528812.289434058,32608.4407560831,2884.11519477832,2596.02295478143,6059.82780134886,0.0,0.0,0.0,0.0,0.0,km/person,million people,million km,litres/100km,million litres,$/litre,$m nominal ex GST,forecast_scenario_comparison.parquet; scenario_inputs/scenario_input_wide.parquet; mbu26_official_annual.csv,data/current_revenue_outlook/revenue_chart_rows.csv:current_basecase:2028Q3; data/current_revenue_outlook/revenue_chart_rows.csv:current_basecase:2028Q4; data/current_revenue_outlook/revenue_chart_rows.csv:current_basecase:2029Q1; data/current_revenue_outlook/revenue_chart_rows.csv:current_basecase:2029Q2,scenario_inputs/scenario_input_wide.parquet:PED:population (2028Q3; 2028Q4; 2029Q1; 2029Q2),data/current_revenue_outlook/revenue_chart_rows.csv:current_basecase:2028Q3; data/current_revenue_outlook/revenue_chart_rows.csv:current_basecase:2028Q4; data/current_revenue_outlook/revenue_chart_rows.csv:current_basecase:2029Q1; data/current_revenue_outlook/revenue_chart_rows.csv:current_basecase:2029Q2; data/current_revenue_outlook/revenue_chart_rows.csv:current_basecase:2028Q3; data/current_revenue_outlook/revenue_chart_rows.csv:current_basecase:2028Q4; data/current_revenue_outlook/revenue_chart_rows.csv:current_basecase:2029Q1; data/current_revenue_outlook/revenue_chart_rows.csv:current_basecase:2029Q2; AE16; AE10; AE12; AE14; scenario_inputs/scenario_input_wide.parquet:PED:population (2028Q3; 2028Q4; 2029Q1; 2029Q2),"raw_light_petrol_vkt = ped_vkt_per_capita * scenario_population / 1,000,000; optimized_light_petrol_vkt = raw_light_petrol_vkt + optimization_delta; gross_ped_revenue = selected_light_petrol_vkt * base_litres_per_100km / 100 * ped_rate_nzd_per_litre",available,Raw bridge uses current-finalist PED VKTpc times scenario population. Optimized bridge then applies the PED+Light EV/PHEV migration allocation before MBU26 litres intensity and PED rate.
2030,FY2030,Current finalist Base case,current_basecase,current_basecase,basecase,Current planned path,optimized,5870.472750433319,5870.472750433319,5525943.3279658845,5.5259433279658845,5.5259433279658845,scenario_inputs/scenario_input_wide.parquet:PED:population (2029Q3; 2029Q4; 2030Q1; 2030Q2),scenario_input_population,False,,32439.89972726253,32439.89972726253,29787.43819764469,29787.43819764469,29787.43819764469,-2652.4615296178417,-2652.4615296178417,8.757543274926979,2840.9382569579348,2840.9382569579348,2608.6477906508626,2608.6477906508626,2608.6477906508626,0.9400992657432979,0.9400992657432979,2670.7639693881993,2670.7639693881993,2452.3878725737522,2452.3878725737522,2452.3878725737522,6092.850862670024,6092.850862670024,5874.474765855576,5874.474765855576,5874.474765855576,5887.16953577159,5583306.592200029,32869.8724784727,2878.59330671556,2706.16345401687,6434.36939164909,0.0,0.0,0.0,0.0,0.0,km/person,million people,million km,litres/100km,million litres,$/litre,$m nominal ex GST,forecast_scenario_comparison.parquet; scenario_inputs/scenario_input_wide.parquet; mbu26_official_annual.csv,data/current_revenue_outlook/revenue_chart_rows.csv:current_basecase:2029Q3; data/current_revenue_outlook/revenue_chart_rows.csv:current_basecase:2029Q4; data/current_revenue_outlook/revenue_chart_rows.csv:current_basecase:2030Q1; data/current_revenue_outlook/revenue_chart_rows.csv:current_basecase:2030Q2,scenario_inputs/scenario_input_wide.parquet:PED:population (2029Q3; 2029Q4; 2030Q1; 2030Q2),data/current_revenue_outlook/revenue_chart_rows.csv:current_basecase:2029Q3; data/current_revenue_outlook/revenue_chart_rows.csv:current_basecase:2029Q4; data/current_revenue_outlook/revenue_chart_rows.csv:current_basecase:2030Q1; data/current_revenue_outlook/revenue_chart_rows.csv:current_basecase:2030Q2; data/current_revenue_outlook/revenue_chart_rows.csv:current_basecase:2029Q3; data/current_revenue_outlook/revenue_chart_rows.csv:current_basecase:2029Q4; data/current_revenue_outlook/revenue_chart_rows.csv:current_basecase:2030Q1; data/current_revenue_outlook/revenue_chart_rows.csv:current_basecase:2030Q2; AF16; AF10; AF12; AF14; scenario_inputs/scenario_input_wide.parquet:PED:population (2029Q3; 2029Q4; 2030Q1; 2030Q2),"raw_light_petrol_vkt = ped_vkt_per_capita * scenario_population / 1,000,000; optimized_light_petrol_vkt = raw_light_petrol_vkt + optimization_delta; gross_ped_revenue = selected_light_petrol_vkt * base_litres_per_100km / 100 * ped_rate_nzd_per_litre",available,Raw bridge uses current-finalist PED VKTpc times scenario population. Optimized bridge then applies the PED+Light EV/PHEV migration allocation before MBU26 litres intensity and PED rate.
2031,FY2031,Current finalist Base case,current_basecase,current_basecase,basecase,Current planned path,optimized,5848.121515525907,5848.121515525907,5568598.263760428,5.568598263760428,5.568598263760428,scenario_inputs/scenario_input_wide.parquet:PED:population (2030Q3; 2030Q4; 2031Q1; 2031Q2),scenario_input_population,False,,32565.83931761757,32565.83931761757,29447.728280504183,29447.728280504183,29447.728280504183,-3118.1110371133873,-3118.1110371133873,8.6704364524934,2823.6004032551414,2823.6004032551414,2553.2465672640424,2553.2465672640424,2553.2465672640424,0.9801272010486018,0.9801272010486018,2767.487560122165,2767.487560122165,2502.5064115594564,2502.5064115594564,2502.5064115594564,6396.487643295826,6396.487643295826,6131.5064947331175,6131.5064947331175,6131.5064947331175,5783.7523211264,5637863.420921249,32608.0056469469,2827.25640804399,2771.07090986288,6701.03490698007,0.0,0.0,0.0,0.0,0.0,km/person,million people,million km,litres/100km,million litres,$/litre,$m nominal ex GST,forecast_scenario_comparison.parquet; scenario_inputs/scenario_input_wide.parquet; mbu26_official_annual.csv,data/current_revenue_outlook/revenue_chart_rows.csv:current_basecase:2030Q3; data/current_revenue_outlook/revenue_chart_rows.csv:current_basecase:2030Q4; data/current_revenue_outlook/revenue_chart_rows.csv:current_basecase:2031Q1; data/current_revenue_outlook/revenue_chart_rows.csv:current_basecase:2031Q2,scenario_inputs/scenario_input_wide.parquet:PED:population (2030Q3; 2030Q4; 2031Q1; 2031Q2),data/current_revenue_outlook/revenue_chart_rows.csv:current_basecase:2030Q3; data/current_revenue_outlook/revenue_chart_rows.csv:current_basecase:2030Q4; data/current_revenue_outlook/revenue_chart_rows.csv:current_basecase:2031Q1; data/current_revenue_outlook/revenue_chart_rows.csv:current_basecase:2031Q2; data/current_revenue_outlook/revenue_chart_rows.csv:current_basecase:2030Q3; data/current_revenue_outlook/revenue_chart_rows.csv:current_basecase:2030Q4; data/current_revenue_outlook/revenue_chart_rows.csv:current_basecase:2031Q1; data/current_revenue_outlook/revenue_chart_rows.csv:current_basecase:2031Q2; AG16; AG10; AG12; AG14; scenario_inputs/scenario_input_wide.parquet:PED:population (2030Q3; 2030Q4; 2031Q1; 2031Q2),"raw_light_petrol_vkt = ped_vkt_per_capita * scenario_population / 1,000,000; optimized_light_petrol_vkt = raw_light_petrol_vkt + optimization_delta; gross_ped_revenue = selected_light_petrol_vkt * base_litres_per_100km / 100 * ped_rate_nzd_per_litre",available,Raw bridge uses current-finalist PED VKTpc times scenario population. Optimized bridge then applies the PED+Light EV/PHEV migration allocation before MBU26 litres intensity and PED rate.
2032,FY2032,Current finalist Base case,current_basecase,current_basecase,basecase,Current planned path,optimized,5814.43097622939,5814.43097622939,5605309.659796363,5.6053096597963625,5.6053096597963625,scenario_inputs/scenario_input_wide.parquet:PED:population (2031Q3; 2031Q4; 2032Q1; 2032Q2),scenario_input_population,False,,32591.686117277794,32591.686117277794,28974.02420887717,28974.02420887717,28974.02420887717,-3617.6619084006234,-3617.6619084006234,8.583296413903813,2797.4410257350914,2797.4410257350914,2486.926380884177,2486.926380884177,2486.926380884177,1.0201409097685845,1.0201409097685845,2853.7840330173585,2853.7840330173585,2537.0153407226776,2537.0153407226776,2537.0153407226776,6697.548383502657,6697.548383502657,6380.779691207976,6380.779691207976,6380.779691207976,5666.7678369261,5692363.352725131,32257.3015633196,2768.73980830655,2824.50474695834,6963.1655994848,0.0,0.0,0.0,0.0,0.0,km/person,million people,million km,litres/100km,million litres,$/litre,$m nominal ex GST,forecast_scenario_comparison.parquet; scenario_inputs/scenario_input_wide.parquet; mbu26_official_annual.csv,data/current_revenue_outlook/revenue_chart_rows.csv:current_basecase:2031Q3; data/current_revenue_outlook/revenue_chart_rows.csv:current_basecase:2031Q4; data/current_revenue_outlook/revenue_chart_rows.csv:current_basecase:2032Q1; data/current_revenue_outlook/revenue_chart_rows.csv:current_basecase:2032Q2,scenario_inputs/scenario_input_wide.parquet:PED:population (2031Q3; 2031Q4; 2032Q1; 2032Q2),data/current_revenue_outlook/revenue_chart_rows.csv:current_basecase:2031Q3; data/current_revenue_outlook/revenue_chart_rows.csv:current_basecase:2031Q4; data/current_revenue_outlook/revenue_chart_rows.csv:current_basecase:2032Q1; data/current_revenue_outlook/revenue_chart_rows.csv:current_basecase:2032Q2; data/current_revenue_outlook/revenue_chart_rows.csv:current_basecase:2031Q3; data/current_revenue_outlook/revenue_chart_rows.csv:current_basecase:2031Q4; data/current_revenue_outlook/revenue_chart_rows.csv:current_basecase:2032Q1; data/current_revenue_outlook/revenue_chart_rows.csv:current_basecase:2032Q2; AH16; AH10; AH12; AH14; scenario_inputs/scenario_input_wide.parquet:PED:population (2031Q3; 2031Q4; 2032Q1; 2032Q2),"raw_light_petrol_vkt = ped_vkt_per_capita * scenario_population / 1,000,000; optimized_light_petrol_vkt = raw_light_petrol_vkt + optimization_delta; gross_ped_revenue = selected_light_petrol_vkt * base_litres_per_100km / 100 * ped_rate_nzd_per_litre",available,Raw bridge uses current-finalist PED VKTpc times scenario population. Optimized bridge then applies the PED+Light EV/PHEV migration allocation before MBU26 litres intensity and PED rate.
2033,FY2033,Current finalist Base case,current_basecase,current_basecase,basecase,Current planned path,optimized,5777.025086870663,5777.025086870663,5641743.596167765,5.641743596167765,5.641743596167765,scenario_inputs/scenario_input_wide.parquet:PED:population (2032Q3; 2032Q4; 2033Q1; 2033Q2),scenario_input_population,False,,32592.494288753085,32592.494288753085,28423.48033454412,28423.48033454412,28423.48033454412,-4169.013954208964,-4169.013954208964,8.496172791765561,2769.114631918784,2769.114631918784,2414.9080026563724,2414.9080026563724,2414.9080026563724,1.0601469577062015,1.0601469577062015,2935.668452568427,2935.668452568427,2560.157372156513,2560.157372156513,2560.157372156513,7007.993619874336,7007.993619874336,6632.482539462421,6632.482539462421,6632.482539462421,5523.87123261316,5746863.284529051,31744.9327751708,2697.10434120833,2859.3269619482,7217.73683993677,0.0,0.0,0.0,0.0,0.0,km/person,million people,million km,litres/100km,million litres,$/litre,$m nominal ex GST,forecast_scenario_comparison.parquet; scenario_inputs/scenario_input_wide.parquet; mbu26_official_annual.csv,data/current_revenue_outlook/revenue_chart_rows.csv:current_basecase:2032Q3; data/current_revenue_outlook/revenue_chart_rows.csv:current_basecase:2032Q4; data/current_revenue_outlook/revenue_chart_rows.csv:current_basecase:2033Q1; data/current_revenue_outlook/revenue_chart_rows.csv:current_basecase:2033Q2,scenario_inputs/scenario_input_wide.parquet:PED:population (2032Q3; 2032Q4; 2033Q1; 2033Q2),data/current_revenue_outlook/revenue_chart_rows.csv:current_basecase:2032Q3; data/current_revenue_outlook/revenue_chart_rows.csv:current_basecase:2032Q4; data/current_revenue_outlook/revenue_chart_rows.csv:current_basecase:2033Q1; data/current_revenue_outlook/revenue_chart_rows.csv:current_basecase:2033Q2; data/current_revenue_outlook/revenue_chart_rows.csv:current_basecase:2032Q3; data/current_revenue_outlook/revenue_chart_rows.csv:current_basecase:2032Q4; data/current_revenue_outlook/revenue_chart_rows.csv:current_basecase:2033Q1; data/current_revenue_outlook/revenue_chart_rows.csv:current_basecase:2033Q2; AI16; AI10; AI12; AI14; scenario_inputs/scenario_input_wide.parquet:PED:population (2032Q3; 2032Q4; 2033Q1; 2033Q2),"raw_light_petrol_vkt = ped_vkt_per_capita * scenario_population / 1,000,000; optimized_light_petrol_vkt = raw_light_petrol_vkt + optimization_delta; gross_ped_revenue = selected_light_petrol_vkt * base_litres_per_100km / 100 * ped_rate_nzd_per_litre",available,Raw bridge uses current-finalist PED VKTpc times scenario population. Optimized bridge then applies the PED+Light EV/PHEV migration allocation before MBU26 litres intensity and PED rate.
2034,FY2034,Current finalist Base case,current_basecase,current_basecase,basecase,Current planned path,optimized,5739.294490158903,5739.294490158903,5678415.137148434,5.678415137148434,5.678415137148434,scenario_inputs/scenario_input_wide.parquet:PED:population (2033Q3; 2033Q4; 2034Q1; 2034Q2),scenario_input_population,False,,32590.096709470916,32590.096709470916,27792.88685129438,27792.88685129438,27792.88685129438,-4797.209858176535,-4797.209858176535,8.409038557513078,2740.51379823021,2740.51379823021,2337.114571571327,2337.114571571327,2337.114571571327,1.1001419629388474,1.1001419629388474,3014.9542294459793,3014.9542294459793,2571.157812381463,2571.157812381463,2571.157812381463,7334.765963713966,7334.765963713966,6890.96954664945,6890.96954664945,6890.96954664945,5370.7813642462,5800063.217634328,31150.8714407203,2619.4887904515,2881.80953982362,7475.31754720384,0.0,0.0,0.0,0.0,0.0,km/person,million people,million km,litres/100km,million litres,$/litre,$m nominal ex GST,forecast_scenario_comparison.parquet; scenario_inputs/scenario_input_wide.parquet; mbu26_official_annual.csv,data/current_revenue_outlook/revenue_chart_rows.csv:current_basecase:2033Q3; data/current_revenue_outlook/revenue_chart_rows.csv:current_basecase:2033Q4; data/current_revenue_outlook/revenue_chart_rows.csv:current_basecase:2034Q1; data/current_revenue_outlook/revenue_chart_rows.csv:current_basecase:2034Q2,scenario_inputs/scenario_input_wide.parquet:PED:population (2033Q3; 2033Q4; 2034Q1; 2034Q2),data/current_revenue_outlook/revenue_chart_rows.csv:current_basecase:2033Q3; data/current_revenue_outlook/revenue_chart_rows.csv:current_basecase:2033Q4; data/current_revenue_outlook/revenue_chart_rows.csv:current_basecase:2034Q1; data/current_revenue_outlook/revenue_chart_rows.csv:current_basecase:2034Q2; data/current_revenue_outlook/revenue_chart_rows.csv:current_basecase:2033Q3; data/current_revenue_outlook/revenue_chart_rows.csv:current_basecase:2033Q4; data/current_revenue_outlook/revenue_chart_rows.csv:current_basecase:2034Q1; data/current_revenue_outlook/revenue_chart_rows.csv:current_basecase:2034Q2; AJ16; AJ10; AJ12; AJ14; scenario_inputs/scenario_input_wide.parquet:PED:population (2033Q3; 2033Q4; 2034Q1; 2034Q2),"raw_light_petrol_vkt = ped_vkt_per_capita * scenario_population / 1,000,000; optimized_light_petrol_vkt = raw_light_petrol_vkt + optimization_delta; gross_ped_revenue = selected_light_petrol_vkt * base_litres_per_100km / 100 * ped_rate_nzd_per_litre",available,Raw bridge uses current-finalist PED VKTpc times scenario population. Optimized bridge then applies the PED+Light EV/PHEV migration allocation before MBU26 litres intensity and PED rate.
2035,FY2035,Current finalist Base case,current_basecase,current_basecase,basecase,Current planned path,optimized,5702.538955141836,5702.538955141836,5715325.139835,5.7153251398350005,5.7153251398350005,scenario_inputs/scenario_input_wide.parquet:PED:population (2034Q3; 2034Q4; 2035Q1; 2035Q2),scenario_input_population,False,,32591.864251210543,32591.864251210543,27075.89614451093,27075.89614451093,27075.89614451093,-5515.968106699613,-5515.968106699613,8.32192231328104,2712.269623435757,2712.269623435757,2253.2350427708557,2253.2350427708557,2253.2350427708557,1.1400953950017312,1.1400953950017312,3092.246107682186,3092.246107682186,2568.9028961195813,2568.9028961195813,2568.9028961195813,7680.236846439628,7680.236846439628,7156.893634877023,7156.893634877023,7156.893634877023,5198.71027991832,5852483.152040939,30425.364325564,2531.97518270616,2886.69324606196,7734.95073507805,-3.637978807091713e-12,0.0,0.0,0.0,0.0,km/person,million people,million km,litres/100km,million litres,$/litre,$m nominal ex GST,forecast_scenario_comparison.parquet; scenario_inputs/scenario_input_wide.parquet; mbu26_official_annual.csv,data/current_revenue_outlook/revenue_chart_rows.csv:current_basecase:2034Q3; data/current_revenue_outlook/revenue_chart_rows.csv:current_basecase:2034Q4; data/current_revenue_outlook/revenue_chart_rows.csv:current_basecase:2035Q1; data/current_revenue_outlook/revenue_chart_rows.csv:current_basecase:2035Q2,scenario_inputs/scenario_input_wide.parquet:PED:population (2034Q3; 2034Q4; 2035Q1; 2035Q2),data/current_revenue_outlook/revenue_chart_rows.csv:current_basecase:2034Q3; data/current_revenue_outlook/revenue_chart_rows.csv:current_basecase:2034Q4; data/current_revenue_outlook/revenue_chart_rows.csv:current_basecase:2035Q1; data/current_revenue_outlook/revenue_chart_rows.csv:current_basecase:2035Q2; data/current_revenue_outlook/revenue_chart_rows.csv:current_basecase:2034Q3; data/current_revenue_outlook/revenue_chart_rows.csv:current_basecase:2034Q4; data/current_revenue_outlook/revenue_chart_rows.csv:current_basecase:2035Q1; data/current_revenue_outlook/revenue_chart_rows.csv:current_basecase:2035Q2; AK16; AK10; AK12; AK14; scenario_inputs/scenario_input_wide.parquet:PED:population (2034Q3; 2034Q4; 2035Q1; 2035Q2),"raw_light_petrol_vkt = ped_vkt_per_capita * scenario_population / 1,000,000; optimized_light_petrol_vkt = raw_light_petrol_vkt + optimization_delta; gross_ped_revenue = selected_light_petrol_vkt * base_litres_per_100km / 100 * ped_rate_nzd_per_litre",available,Raw bridge uses current-finalist PED VKTpc times scenario population. Optimized bridge then applies the PED+Light EV/PHEV migration allocation before MBU26 litres intensity and PED rate.
2036,FY2036,Current finalist Base case,current_basecase,current_basecase,basecase,Current planned path,optimized,5666.121674618827,5666.121674618827,5752474.347912468,5.752474347912468,5.752474347912468,scenario_inputs/scenario_input_wide.parquet:PED:population (2035Q3; 2035Q4; 2036Q1; 2036Q2),scenario_input_population,False,,32594.219585395636,32594.219585395636,26277.950513105458,26277.950513105458,26277.950513105458,-6316.269072290179,-6316.269072290179,8.234809466679051,2684.0718800083177,2684.0718800083177,2163.9391565024443,2163.9391565024443,2163.9391565024443,1.1800752333146345,1.1800752333146345,3167.406750034065,3167.406750034065,2553.6110049882955,2553.6110049882955,2553.6110049882955,8046.229420930573,8046.229420930573,7432.433675884802,7432.433675884802,7432.433675884802,5001.59972450879,5904903.086447556,29533.9616504272,2432.06546987474,2870.0202267989,7998.37874262194,3.637978807091713e-12,0.0,0.0,0.0,0.0,km/person,million people,million km,litres/100km,million litres,$/litre,$m nominal ex GST,forecast_scenario_comparison.parquet; scenario_inputs/scenario_input_wide.parquet; mbu26_official_annual.csv,data/current_revenue_outlook/revenue_chart_rows.csv:current_basecase:2035Q3; data/current_revenue_outlook/revenue_chart_rows.csv:current_basecase:2035Q4; data/current_revenue_outlook/revenue_chart_rows.csv:current_basecase:2036Q1; data/current_revenue_outlook/revenue_chart_rows.csv:current_basecase:2036Q2,scenario_inputs/scenario_input_wide.parquet:PED:population (2035Q3; 2035Q4; 2036Q1; 2036Q2),data/current_revenue_outlook/revenue_chart_rows.csv:current_basecase:2035Q3; data/current_revenue_outlook/revenue_chart_rows.csv:current_basecase:2035Q4; data/current_revenue_outlook/revenue_chart_rows.csv:current_basecase:2036Q1; data/current_revenue_outlook/revenue_chart_rows.csv:current_basecase:2036Q2; data/current_revenue_outlook/revenue_chart_rows.csv:current_basecase:2035Q3; data/current_revenue_outlook/revenue_chart_rows.csv:current_basecase:2035Q4; data/current_revenue_outlook/revenue_chart_rows.csv:current_basecase:2036Q1; data/current_revenue_outlook/revenue_chart_rows.csv:current_basecase:2036Q2; AL16; AL10; AL12; AL14; scenario_inputs/scenario_input_wide.parquet:PED:population (2035Q3; 2035Q4; 2036Q1; 2036Q2),"raw_light_petrol_vkt = ped_vkt_per_capita * scenario_population / 1,000,000; optimized_light_petrol_vkt = raw_light_petrol_vkt + optimization_delta; gross_ped_revenue = selected_light_petrol_vkt * base_litres_per_100km / 100 * ped_rate_nzd_per_litre",available,Raw bridge uses current-finalist PED VKTpc times scenario population. Optimized bridge then applies the PED+Light EV/PHEV migration allocation before MBU26 litres intensity and PED rate.
2037,FY2037,Current finalist Base case,current_basecase,current_basecase,basecase,Current planned path,optimized,5628.487562501598,5628.487562501598,5789864.780135352,5.789864780135352,5.789864780135352,scenario_inputs/scenario_input_wide.parquet:PED:population (2036Q3; 2036Q4; 2037Q1; 2037Q2),scenario_input_population,False,,32588.18190355788,32588.18190355788,25370.835749017668,25370.835749017668,25370.835749017668,-7217.346154540213,-7217.346154540213,8.147703681892619,2655.1884968180493,2655.1884968180493,2067.140518449641,2067.140518449641,2067.140518449641,1.2200384688112886,1.2200384688112886,3239.43210806324,3239.43210806324,2521.9909529470733,2521.9909529470733,2521.9909529470733,8434.68947996218,8434.68947996218,7717.248324846014,7717.248324846014,7717.248324846014,4781.16168765587,5957323.020854151,28482.9245882982,2320.70429539147,2831.34851511319,8268.70831296181,0.0,0.0,0.0,0.0,0.0,km/person,million people,million km,litres/100km,million litres,$/litre,$m nominal ex GST,forecast_scenario_comparison.parquet; scenario_inputs/scenario_input_wide.parquet; mbu26_official_annual.csv,data/current_revenue_outlook/revenue_chart_rows.csv:current_basecase:2036Q3; data/current_revenue_outlook/revenue_chart_rows.csv:current_basecase:2036Q4; data/current_revenue_outlook/revenue_chart_rows.csv:current_basecase:2037Q1; data/current_revenue_outlook/revenue_chart_rows.csv:current_basecase:2037Q2,scenario_inputs/scenario_input_wide.parquet:PED:population (2036Q3; 2036Q4; 2037Q1; 2037Q2),data/current_revenue_outlook/revenue_chart_rows.csv:current_basecase:2036Q3; data/current_revenue_outlook/revenue_chart_rows.csv:current_basecase:2036Q4; data/current_revenue_outlook/revenue_chart_rows.csv:current_basecase:2037Q1; data/current_revenue_outlook/revenue_chart_rows.csv:current_basecase:2037Q2; data/current_revenue_outlook/revenue_chart_rows.csv:current_basecase:2036Q3; data/current_revenue_outlook/revenue_chart_rows.csv:current_basecase:2036Q4; data/current_revenue_outlook/revenue_chart_rows.csv:current_basecase:2037Q1; data/current_revenue_outlook/revenue_chart_rows.csv:current_basecase:2037Q2; AM16; AM10; AM12; AM14; scenario_inputs/scenario_input_wide.parquet:PED:population (2036Q3; 2036Q4; 2037Q1; 2037Q2),"raw_light_petrol_vkt = ped_vkt_per_capita * scenario_population / 1,000,000; optimized_light_petrol_vkt = raw_light_petrol_vkt + optimization_delta; gross_ped_revenue = selected_light_petrol_vkt * base_litres_per_100km / 100 * ped_rate_nzd_per_litre",available,Raw bridge uses current-finalist PED VKTpc times scenario population. Optimized bridge then applies the PED+Light EV/PHEV migration allocation before MBU26 litres intensity and PED rate.
2038,FY2038,Current finalist Base case,current_basecase,current_basecase,basecase,Current planned path,optimized,5590.6004290112705,5590.6004290112705,5827498.8499133345,5.827498849913335,5.827498849913335,scenario_inputs/scenario_input_wide.parquet:PED:population (2037Q3; 2037Q4; 2038Q1; 2038Q2),scenario_input_population,False,,32579.217570388173,32579.217570388173,24342.876542106904,24342.876542106904,24342.876542106904,-8236.34102828127,-8236.34102828127,8.060605193348296,2626.0821034309497,2626.0821034309497,1962.183170763433,1962.183170763433,1962.183170763433,1.26001103375754,1.26001103375754,3308.8924258762063,3308.8924258762063,2472.372445415281,2472.372445415281,2472.372445415281,8851.917084412882,8851.917084412882,8015.397103951957,8015.397103951957,8015.397103951957,4533.86454139067,6009742.955260797,27247.3604877293,2196.30215452424,2767.364948166,8542.71252940298,0.0,0.0,0.0,0.0,0.0,km/person,million people,million km,litres/100km,million litres,$/litre,$m nominal ex GST,forecast_scenario_comparison.parquet; scenario_inputs/scenario_input_wide.parquet; mbu26_official_annual.csv,data/current_revenue_outlook/revenue_chart_rows.csv:current_basecase:2037Q3; data/current_revenue_outlook/revenue_chart_rows.csv:current_basecase:2037Q4; data/current_revenue_outlook/revenue_chart_rows.csv:current_basecase:2038Q1; data/current_revenue_outlook/revenue_chart_rows.csv:current_basecase:2038Q2,scenario_inputs/scenario_input_wide.parquet:PED:population (2037Q3; 2037Q4; 2038Q1; 2038Q2),data/current_revenue_outlook/revenue_chart_rows.csv:current_basecase:2037Q3; data/current_revenue_outlook/revenue_chart_rows.csv:current_basecase:2037Q4; data/current_revenue_outlook/revenue_chart_rows.csv:current_basecase:2038Q1; data/current_revenue_outlook/revenue_chart_rows.csv:current_basecase:2038Q2; data/current_revenue_outlook/revenue_chart_rows.csv:current_basecase:2037Q3; data/current_revenue_outlook/revenue_chart_rows.csv:current_basecase:2037Q4; data/current_revenue_outlook/revenue_chart_rows.csv:current_basecase:2038Q1; data/current_revenue_outlook/revenue_chart_rows.csv:current_basecase:2038Q2; AN16; AN10; AN12; AN14; scenario_inputs/scenario_input_wide.parquet:PED:population (2037Q3; 2037Q4; 2038Q1; 2038Q2),"raw_light_petrol_vkt = ped_vkt_per_capita * scenario_population / 1,000,000; optimized_light_petrol_vkt = raw_light_petrol_vkt + optimization_delta; gross_ped_revenue = selected_light_petrol_vkt * base_litres_per_100km / 100 * ped_rate_nzd_per_litre",available,Raw bridge uses current-finalist PED VKTpc times scenario population. Optimized bridge then applies the PED+Light EV/PHEV migration allocation before MBU26 litres intensity and PED rate.
2039,FY2039,Current finalist Base case,current_basecase,current_basecase,basecase,Current planned path,optimized,5552.929982116287,5552.929982116287,5865377.588936632,5.8653775889366315,5.8653775889366315,scenario_inputs/scenario_input_wide.parquet:PED:population (2038Q3; 2038Q4; 2039Q1; 2039Q2),scenario_input_population,False,,32570.031070039156,32570.031070039156,23162.63211598635,23162.63211598635,23162.63211598635,-9407.398954052805,-9407.398954052805,7.973505925734825,2596.973357383246,2596.973357383246,1846.8738443243294,1846.8738443243294,1846.8738443243294,1.2999738677723927,1.2999738677723927,3375.9974998993544,3375.9974998993544,2400.887734693966,2400.887734693966,2400.887734693966,9302.111246175,9302.111246175,8327.001480969611,8327.001480969611,8327.001480969611,4265.03442932969,6061275.390555834,25851.5482263694,2061.27472972376,2679.60328294049,8832.79426457145,0.0,0.0,0.0,0.0,0.0,km/person,million people,million km,litres/100km,million litres,$/litre,$m nominal ex GST,forecast_scenario_comparison.parquet; scenario_inputs/scenario_input_wide.parquet; mbu26_official_annual.csv,data/current_revenue_outlook/revenue_chart_rows.csv:current_basecase:2038Q3; data/current_revenue_outlook/revenue_chart_rows.csv:current_basecase:2038Q4; data/current_revenue_outlook/revenue_chart_rows.csv:current_basecase:2039Q1; data/current_revenue_outlook/revenue_chart_rows.csv:current_basecase:2039Q2,scenario_inputs/scenario_input_wide.parquet:PED:population (2038Q3; 2038Q4; 2039Q1; 2039Q2),data/current_revenue_outlook/revenue_chart_rows.csv:current_basecase:2038Q3; data/current_revenue_outlook/revenue_chart_rows.csv:current_basecase:2038Q4; data/current_revenue_outlook/revenue_chart_rows.csv:current_basecase:2039Q1; data/current_revenue_outlook/revenue_chart_rows.csv:current_basecase:2039Q2; data/current_revenue_outlook/revenue_chart_rows.csv:current_basecase:2038Q3; data/current_revenue_outlook/revenue_chart_rows.csv:current_basecase:2038Q4; data/current_revenue_outlook/revenue_chart_rows.csv:current_basecase:2039Q1; data/current_revenue_outlook/revenue_chart_rows.csv:current_basecase:2039Q2; AO16; AO10; AO12; AO14; scenario_inputs/scenario_input_wide.parquet:PED:population (2038Q3; 2038Q4; 2039Q1; 2039Q2),"raw_light_petrol_vkt = ped_vkt_per_capita * scenario_population / 1,000,000; optimized_light_petrol_vkt = raw_light_petrol_vkt + optimization_delta; gross_ped_revenue = selected_light_petrol_vkt * base_litres_per_100km / 100 * ped_rate_nzd_per_litre",available,Raw bridge uses current-finalist PED VKTpc times scenario population. Optimized bridge then applies the PED+Light EV/PHEV migration allocation before MBU26 litres intensity and PED rate.
2040,FY2040,Current finalist Base case,current_basecase,current_basecase,basecase,Current planned path,optimized,5515.5112975591355,5515.5112975591355,5903502.543438629,5.90350254343863,5.90350254343863,scenario_inputs/scenario_input_wide.parquet:PED:population (2039Q3; 2039Q4; 2040Q1; 2040Q2),scenario_input_population,False,,32560.83497350485,32560.83497350485,21854.946962048834,21854.946962048834,21854.946962048834,-10705.888011456016,-10705.888011456016,7.886398872548973,2567.8773222430186,2567.8773222430186,1723.5682908111953,1723.5682908111953,1723.5682908111953,1.3399128408042527,1.3399128408042527,3440.7317976834606,3440.7317976834606,2309.431284860959,2309.431284860959,2309.431284860959,9786.856995579641,9786.856995579641,8655.55648275714,8655.55648275714,8655.55648275714,3981.00455821593,6112275.3267393205,24332.99593682,1918.99711721876,2571.28887882776,9143.42684394959,0.0,0.0,0.0,0.0,0.0,km/person,million people,million km,litres/100km,million litres,$/litre,$m nominal ex GST,forecast_scenario_comparison.parquet; scenario_inputs/scenario_input_wide.parquet; mbu26_official_annual.csv,data/current_revenue_outlook/revenue_chart_rows.csv:current_basecase:2039Q3; data/current_revenue_outlook/revenue_chart_rows.csv:current_basecase:2039Q4; data/current_revenue_outlook/revenue_chart_rows.csv:current_basecase:2040Q1; data/current_revenue_outlook/revenue_chart_rows.csv:current_basecase:2040Q2,scenario_inputs/scenario_input_wide.parquet:PED:population (2039Q3; 2039Q4; 2040Q1; 2040Q2),data/current_revenue_outlook/revenue_chart_rows.csv:current_basecase:2039Q3; data/current_revenue_outlook/revenue_chart_rows.csv:current_basecase:2039Q4; data/current_revenue_outlook/revenue_chart_rows.csv:current_basecase:2040Q1; data/current_revenue_outlook/revenue_chart_rows.csv:current_basecase:2040Q2; data/current_revenue_outlook/revenue_chart_rows.csv:current_basecase:2039Q3; data/current_revenue_outlook/revenue_chart_rows.csv:current_basecase:2039Q4; data/current_revenue_outlook/revenue_chart_rows.csv:current_basecase:2040Q1; data/current_revenue_outlook/revenue_chart_rows.csv:current_basecase:2040Q2; AP16; AP10; AP12; AP14; scenario_inputs/scenario_input_wide.parquet:PED:population (2039Q3; 2039Q4; 2040Q1; 2040Q2),"raw_light_petrol_vkt = ped_vkt_per_capita * scenario_population / 1,000,000; optimized_light_petrol_vkt = raw_light_petrol_vkt + optimization_delta; gross_ped_revenue = selected_light_petrol_vkt * base_litres_per_100km / 100 * ped_rate_nzd_per_litre",available,Raw bridge uses current-finalist PED VKTpc times scenario population. Optimized bridge then applies the PED+Light EV/PHEV migration allocation before MBU26 litres intensity and PED rate.
2041,FY2041,Current finalist Base case,current_basecase,current_basecase,basecase,Current planned path,optimized,5478.347702424589,5478.347702424589,5940773.976685199,5.940773976685199,5.940773976685199,scenario_inputs/scenario_input_wide.parquet:PED:population (2040Q3; 2040Q4; 2041Q1; 2041Q2),scenario_input_population,False,,32545.62546579715,32545.62546579715,20471.593741153603,20471.593741153603,20471.593741153603,-12074.031724643548,-12074.031724643548,7.799322541185269,2538.3383031236503,2538.3383031236503,1596.6456251936656,1596.6456251936656,1596.6456251936656,1.3798528544506345,1.3798528544506345,3502.533353126549,3502.533353126549,2203.1360234695976,2203.1360234695976,2203.1360234695976,10300.726519981916,10300.726519981916,9001.329190324963,9001.329190324963,9001.329190324963,3686.68590633845,6163275.262922802,22722.0600487019,1772.16675120006,2445.32935020591,9470.23778897839,0.0,0.0,0.0,0.0,0.0,km/person,million people,million km,litres/100km,million litres,$/litre,$m nominal ex GST,forecast_scenario_comparison.parquet; scenario_inputs/scenario_input_wide.parquet; mbu26_official_annual.csv,data/current_revenue_outlook/revenue_chart_rows.csv:current_basecase:2040Q3; data/current_revenue_outlook/revenue_chart_rows.csv:current_basecase:2040Q4; data/current_revenue_outlook/revenue_chart_rows.csv:current_basecase:2041Q1; data/current_revenue_outlook/revenue_chart_rows.csv:current_basecase:2041Q2,scenario_inputs/scenario_input_wide.parquet:PED:population (2040Q3; 2040Q4; 2041Q1; 2041Q2),data/current_revenue_outlook/revenue_chart_rows.csv:current_basecase:2040Q3; data/current_revenue_outlook/revenue_chart_rows.csv:current_basecase:2040Q4; data/current_revenue_outlook/revenue_chart_rows.csv:current_basecase:2041Q1; data/current_revenue_outlook/revenue_chart_rows.csv:current_basecase:2041Q2; data/current_revenue_outlook/revenue_chart_rows.csv:current_basecase:2040Q3; data/current_revenue_outlook/revenue_chart_rows.csv:current_basecase:2040Q4; data/current_revenue_outlook/revenue_chart_rows.csv:current_basecase:2041Q1; data/current_revenue_outlook/revenue_chart_rows.csv:current_basecase:2041Q2; AQ16; AQ10; AQ12; AQ14; scenario_inputs/scenario_input_wide.parquet:PED:population (2040Q3; 2040Q4; 2041Q1; 2041Q2),"raw_light_petrol_vkt = ped_vkt_per_capita * scenario_population / 1,000,000; optimized_light_petrol_vkt = raw_light_petrol_vkt + optimization_delta; gross_ped_revenue = selected_light_petrol_vkt * base_litres_per_100km / 100 * ped_rate_nzd_per_litre",available,Raw bridge uses current-finalist PED VKTpc times scenario population. Optimized bridge then applies the PED+Light EV/PHEV migration allocation before MBU26 litres intensity and PED rate.
2042,FY2042,Current finalist Base case,current_basecase,current_basecase,basecase,Current planned path,optimized,5441.450020579263,5441.450020579263,5973818.715068779,5.973818715068779,5.973818715068779,scenario_inputs/scenario_input_wide.parquet:PED:population (2041Q3; 2041Q4; 2042Q1; 2042Q2),scenario_input_population,False,,32506.235970047794,32506.235970047794,18961.911999129985,18961.911999129985,18961.911999129985,-13544.323970917809,-13544.323970917809,7.712254584034743,2506.9636736971615,2506.9636736971615,1462.3909273735362,1462.3909273735362,1462.3909273735362,1.4198075992979604,1.4198075992979604,3559.4060750791623,3559.4060750791623,2076.3137518293383,2076.3137518293383,2076.3137518293383,10847.431853663385,10847.431853663385,9364.339530413561,9364.339530413561,9364.339530413561,3365.39913896083,6214275.199106245,20913.5164043378,1612.9036275764,2290.01282736822,9804.3465944076,0.0,0.0,0.0,0.0,0.0,km/person,million people,million km,litres/100km,million litres,$/litre,$m nominal ex GST,forecast_scenario_comparison.parquet; scenario_inputs/scenario_input_wide.parquet; mbu26_official_annual.csv,data/current_revenue_outlook/revenue_chart_rows.csv:current_basecase:2041Q3; data/current_revenue_outlook/revenue_chart_rows.csv:current_basecase:2041Q4; data/current_revenue_outlook/revenue_chart_rows.csv:current_basecase:2042Q1; data/current_revenue_outlook/revenue_chart_rows.csv:current_basecase:2042Q2,scenario_inputs/scenario_input_wide.parquet:PED:population (2041Q3; 2041Q4; 2042Q1; 2042Q2),data/current_revenue_outlook/revenue_chart_rows.csv:current_basecase:2041Q3; data/current_revenue_outlook/revenue_chart_rows.csv:current_basecase:2041Q4; data/current_revenue_outlook/revenue_chart_rows.csv:current_basecase:2042Q1; data/current_revenue_outlook/revenue_chart_rows.csv:current_basecase:2042Q2; data/current_revenue_outlook/revenue_chart_rows.csv:current_basecase:2041Q3; data/current_revenue_outlook/revenue_chart_rows.csv:current_basecase:2041Q4; data/current_revenue_outlook/revenue_chart_rows.csv:current_basecase:2042Q1; data/current_revenue_outlook/revenue_chart_rows.csv:current_basecase:2042Q2; AR16; AR10; AR12; AR14; scenario_inputs/scenario_input_wide.parquet:PED:population (2041Q3; 2041Q4; 2042Q1; 2042Q2),"raw_light_petrol_vkt = ped_vkt_per_capita * scenario_population / 1,000,000; optimized_light_petrol_vkt = raw_light_petrol_vkt + optimization_delta; gross_ped_revenue = selected_light_petrol_vkt * base_litres_per_100km / 100 * ped_rate_nzd_per_litre",available,Raw bridge uses current-finalist PED VKTpc times scenario population. Optimized bridge then applies the PED+Light EV/PHEV migration allocation before MBU26 litres intensity and PED rate.
2043,FY2043,Current finalist Base case,current_basecase,current_basecase,basecase,Current planned path,optimized,5404.806653800375,5404.806653800375,6006674.718860742,6.006674718860742,6.006674718860742,scenario_inputs/scenario_input_wide.parquet:PED:population (2042Q3; 2042Q4; 2043Q1; 2043Q2),scenario_input_population,False,,32464.915487713035,32464.915487713035,17436.779953469486,17436.779953469486,17436.779953469486,-15028.135534243549,-15028.135534243549,7.625135432509178,2475.4937739877664,2475.4937739877664,1329.5780865206593,1329.5780865206593,1329.5780865206593,1.4598249947423272,1.4598249947423272,3613.787685596355,3613.787685596355,1940.9513231645349,1940.9513231645349,1940.9513231645349,11416.886297813837,11416.886297813837,9744.049935382016,9744.049935382016,9744.049935382016,3046.78926417717,6265275.135289726,19088.9730193169,1455.56004539805,2124.86293562035,10144.760461124,3.637978807091713e-12,0.0,0.0,0.0,0.0,km/person,million people,million km,litres/100km,million litres,$/litre,$m nominal ex GST,forecast_scenario_comparison.parquet; scenario_inputs/scenario_input_wide.parquet; mbu26_official_annual.csv,data/current_revenue_outlook/revenue_chart_rows.csv:current_basecase:2042Q3; data/current_revenue_outlook/revenue_chart_rows.csv:current_basecase:2042Q4; data/current_revenue_outlook/revenue_chart_rows.csv:current_basecase:2043Q1; data/current_revenue_outlook/revenue_chart_rows.csv:current_basecase:2043Q2,scenario_inputs/scenario_input_wide.parquet:PED:population (2042Q3; 2042Q4; 2043Q1; 2043Q2),data/current_revenue_outlook/revenue_chart_rows.csv:current_basecase:2042Q3; data/current_revenue_outlook/revenue_chart_rows.csv:current_basecase:2042Q4; data/current_revenue_outlook/revenue_chart_rows.csv:current_basecase:2043Q1; data/current_revenue_outlook/revenue_chart_rows.csv:current_basecase:2043Q2; data/current_revenue_outlook/revenue_chart_rows.csv:current_basecase:2042Q3; data/current_revenue_outlook/revenue_chart_rows.csv:current_basecase:2042Q4; data/current_revenue_outlook/revenue_chart_rows.csv:current_basecase:2043Q1; data/current_revenue_outlook/revenue_chart_rows.csv:current_basecase:2043Q2; AS16; AS10; AS12; AS14; scenario_inputs/scenario_input_wide.parquet:PED:population (2042Q3; 2042Q4; 2043Q1; 2043Q2),"raw_light_petrol_vkt = ped_vkt_per_capita * scenario_population / 1,000,000; optimized_light_petrol_vkt = raw_light_petrol_vkt + optimization_delta; gross_ped_revenue = selected_light_petrol_vkt * base_litres_per_100km / 100 * ped_rate_nzd_per_litre",available,Raw bridge uses current-finalist PED VKTpc times scenario population. Optimized bridge then applies the PED+Light EV/PHEV migration allocation before MBU26 litres intensity and PED rate.
2044,FY2044,Current finalist Base case,current_basecase,current_basecase,basecase,Current planned path,optimized,5368.411256903528,5368.411256903528,6039711.430240465,6.039711430240465,6.039711430240465,scenario_inputs/scenario_input_wide.parquet:PED:population (2043Q3; 2043Q4; 2044Q1; 2044Q2),scenario_input_population,False,,32423.654830551823,32423.654830551823,15975.386163640123,15975.386163640123,15975.386163640123,-16448.2686669117,-16448.2686669117,7.538000256491559,2444.095184290934,2444.095184290934,1204.2246499907096,1204.2246499907096,1204.2246499907096,1.4998160102952343,1.4998160102952343,3665.693088085024,3665.693088085024,1806.115410048241,1806.115410048241,1806.115410048241,11998.45914219494,11998.45914219494,10138.88146415816,10138.88146415816,10138.88146415816,2748.20812997984,6315150.072599419,17355.3467715605,1308.24608415523,1962.12842242206,10480.3361707828,3.637978807091713e-12,0.0,0.0,0.0,0.0,km/person,million people,million km,litres/100km,million litres,$/litre,$m nominal ex GST,forecast_scenario_comparison.parquet; scenario_inputs/scenario_input_wide.parquet; mbu26_official_annual.csv,data/current_revenue_outlook/revenue_chart_rows.csv:current_basecase:2043Q3; data/current_revenue_outlook/revenue_chart_rows.csv:current_basecase:2043Q4; data/current_revenue_outlook/revenue_chart_rows.csv:current_basecase:2044Q1; data/current_revenue_outlook/revenue_chart_rows.csv:current_basecase:2044Q2,scenario_inputs/scenario_input_wide.parquet:PED:population (2043Q3; 2043Q4; 2044Q1; 2044Q2),data/current_revenue_outlook/revenue_chart_rows.csv:current_basecase:2043Q3; data/current_revenue_outlook/revenue_chart_rows.csv:current_basecase:2043Q4; data/current_revenue_outlook/revenue_chart_rows.csv:current_basecase:2044Q1; data/current_revenue_outlook/revenue_chart_rows.csv:current_basecase:2044Q2; data/current_revenue_outlook/revenue_chart_rows.csv:current_basecase:2043Q3; data/current_revenue_outlook/revenue_chart_rows.csv:current_basecase:2043Q4; data/current_revenue_outlook/revenue_chart_rows.csv:current_basecase:2044Q1; data/current_revenue_outlook/revenue_chart_rows.csv:current_basecase:2044Q2; AT16; AT10; AT12; AT14; scenario_inputs/scenario_input_wide.parquet:PED:population (2043Q3; 2043Q4; 2044Q1; 2044Q2),"raw_light_petrol_vkt = ped_vkt_per_capita * scenario_population / 1,000,000; optimized_light_petrol_vkt = raw_light_petrol_vkt + optimization_delta; gross_ped_revenue = selected_light_petrol_vkt * base_litres_per_100km / 100 * ped_rate_nzd_per_litre",available,Raw bridge uses current-finalist PED VKTpc times scenario population. Optimized bridge then applies the PED+Light EV/PHEV migration allocation before MBU26 litres intensity and PED rate.
2045,FY2045,Current finalist Base case,current_basecase,current_basecase,basecase,Current planned path,optimized,5332.261776739854,5332.261776739854,6072929.843499992,6.072929843499992,6.072929843499992,scenario_inputs/scenario_input_wide.parquet:PED:population (2044Q3; 2044Q4; 2045Q1; 2045Q2),scenario_input_population,False,,32382.451677317753,32382.451677317753,14577.295419984897,14577.295419984897,14577.295419984897,-17805.156257332856,-17805.156257332856,7.450855176983784,2412.769577233702,2412.769577233702,1086.1331704641648,1086.1331704641648,1086.1331704641648,1.5397850358388132,1.5397850358388132,3715.146489951594,3715.146489951594,1672.411602808888,1672.411602808888,1672.411602808888,12591.84467132335,12591.84467132335,10549.109784180644,10549.109784180644,10549.109784180644,2473.5812475664,6364350.011035207,15742.7368402457,1172.96852286038,1806.11937901037,10824.7010196728,0.0,0.0,0.0,0.0,0.0,km/person,million people,million km,litres/100km,million litres,$/litre,$m nominal ex GST,forecast_scenario_comparison.parquet; scenario_inputs/scenario_input_wide.parquet; mbu26_official_annual.csv,data/current_revenue_outlook/revenue_chart_rows.csv:current_basecase:2044Q3; data/current_revenue_outlook/revenue_chart_rows.csv:current_basecase:2044Q4; data/current_revenue_outlook/revenue_chart_rows.csv:current_basecase:2045Q1; data/current_revenue_outlook/revenue_chart_rows.csv:current_basecase:2045Q2,scenario_inputs/scenario_input_wide.parquet:PED:population (2044Q3; 2044Q4; 2045Q1; 2045Q2),data/current_revenue_outlook/revenue_chart_rows.csv:current_basecase:2044Q3; data/current_revenue_outlook/revenue_chart_rows.csv:current_basecase:2044Q4; data/current_revenue_outlook/revenue_chart_rows.csv:current_basecase:2045Q1; data/current_revenue_outlook/revenue_chart_rows.csv:current_basecase:2045Q2; data/current_revenue_outlook/revenue_chart_rows.csv:current_basecase:2044Q3; data/current_revenue_outlook/revenue_chart_rows.csv:current_basecase:2044Q4; data/current_revenue_outlook/revenue_chart_rows.csv:current_basecase:2045Q1; data/current_revenue_outlook/revenue_chart_rows.csv:current_basecase:2045Q2; AU16; AU10; AU12; AU14; scenario_inputs/scenario_input_wide.parquet:PED:population (2044Q3; 2044Q4; 2045Q1; 2045Q2),"raw_light_petrol_vkt = ped_vkt_per_capita * scenario_population / 1,000,000; optimized_light_petrol_vkt = raw_light_petrol_vkt + optimization_delta; gross_ped_revenue = selected_light_petrol_vkt * base_litres_per_100km / 100 * ped_rate_nzd_per_litre",available,Raw bridge uses current-finalist PED VKTpc times scenario population. Optimized bridge then applies the PED+Light EV/PHEV migration allocation before MBU26 litres intensity and PED rate.
2046,FY2046,Current finalist Base case,current_basecase,current_basecase,basecase,Current planned path,optimized,5296.35651792441,5296.35651792441,6106330.958032488,6.106330958032488,6.106330958032488,scenario_inputs/scenario_input_wide.parquet:PED:population (2045Q3; 2045Q4; 2046Q1; 2046Q2),scenario_input_population,False,,32341.30577017897,32341.30577017897,13214.646034837911,13214.646034837911,13214.646034837911,-19126.659735341058,-19126.659735341058,7.3637059302644055,2381.518650923613,2381.518650923613,973.0876737308093,973.0876737308093,973.0876737308093,1.579745035410907,1.579745035410907,3762.192265535059,3762.192265535059,1537.2304215957945,1537.2304215957945,1537.2304215957945,13201.083068429332,13201.083068429332,10976.121224490067,10976.121224490067,10976.121224490067,2224.38341529434,6413549.949471025,14266.1941407652,1050.52058396656,1659.55467711814,11204.3799668378,0.0,0.0,0.0,0.0,0.0,km/person,million people,million km,litres/100km,million litres,$/litre,$m nominal ex GST,forecast_scenario_comparison.parquet; scenario_inputs/scenario_input_wide.parquet; mbu26_official_annual.csv,data/current_revenue_outlook/revenue_chart_rows.csv:current_basecase:2045Q3; data/current_revenue_outlook/revenue_chart_rows.csv:current_basecase:2045Q4; data/current_revenue_outlook/revenue_chart_rows.csv:current_basecase:2046Q1; data/current_revenue_outlook/revenue_chart_rows.csv:current_basecase:2046Q2,scenario_inputs/scenario_input_wide.parquet:PED:population (2045Q3; 2045Q4; 2046Q1; 2046Q2),data/current_revenue_outlook/revenue_chart_rows.csv:current_basecase:2045Q3; data/current_revenue_outlook/revenue_chart_rows.csv:current_basecase:2045Q4; data/current_revenue_outlook/revenue_chart_rows.csv:current_basecase:2046Q1; data/current_revenue_outlook/revenue_chart_rows.csv:current_basecase:2046Q2; data/current_revenue_outlook/revenue_chart_rows.csv:current_basecase:2045Q3; data/current_revenue_outlook/revenue_chart_rows.csv:current_basecase:2045Q4; data/current_revenue_outlook/revenue_chart_rows.csv:current_basecase:2046Q1; data/current_revenue_outlook/revenue_chart_rows.csv:current_basecase:2046Q2; AV16; AV10; AV12; AV14; scenario_inputs/scenario_input_wide.parquet:PED:population (2045Q3; 2045Q4; 2046Q1; 2046Q2),"raw_light_petrol_vkt = ped_vkt_per_capita * scenario_population / 1,000,000; optimized_light_petrol_vkt = raw_light_petrol_vkt + optimization_delta; gross_ped_revenue = selected_light_petrol_vkt * base_litres_per_100km / 100 * ped_rate_nzd_per_litre",available,Raw bridge uses current-finalist PED VKTpc times scenario population. Optimized bridge then applies the PED+Light EV/PHEV migration allocation before MBU26 litres intensity and PED rate.
2047,FY2047,Current finalist Base case,current_basecase,current_basecase,basecase,Current planned path,optimized,5260.693824413342,5260.693824413342,6139915.778697669,6.139915778697668,6.139915778697668,scenario_inputs/scenario_input_wide.parquet:PED:population (2046Q3; 2046Q4; 2047Q1; 2047Q2),scenario_input_population,False,,32300.21701941286,32300.21701941286,11916.249638623056,11916.249638623056,11916.249638623056,-20383.967380789803,-20383.967380789803,7.276550267891755,2350.3415280557047,2350.3415280557047,867.0918950018763,867.0918950018763,867.0918950018763,1.619719190351213,1.619719190351213,3806.8932768712184,3806.8932768712184,1404.445382132538,1404.445382132538,1404.445382132538,13821.148059083498,13821.148059083498,11418.700164344818,11418.700164344818,11418.700164344818,1998.84262548416,6462749.887906855,12918.0199537912,939.986215553904,1522.51371199827,11607.428851371,3.637978807091713e-12,0.0,0.0,0.0,0.0,km/person,million people,million km,litres/100km,million litres,$/litre,$m nominal ex GST,forecast_scenario_comparison.parquet; scenario_inputs/scenario_input_wide.parquet; mbu26_official_annual.csv,data/current_revenue_outlook/revenue_chart_rows.csv:current_basecase:2046Q3; data/current_revenue_outlook/revenue_chart_rows.csv:current_basecase:2046Q4; data/current_revenue_outlook/revenue_chart_rows.csv:current_basecase:2047Q1; data/current_revenue_outlook/revenue_chart_rows.csv:current_basecase:2047Q2,scenario_inputs/scenario_input_wide.parquet:PED:population (2046Q3; 2046Q4; 2047Q1; 2047Q2),data/current_revenue_outlook/revenue_chart_rows.csv:current_basecase:2046Q3; data/current_revenue_outlook/revenue_chart_rows.csv:current_basecase:2046Q4; data/current_revenue_outlook/revenue_chart_rows.csv:current_basecase:2047Q1; data/current_revenue_outlook/revenue_chart_rows.csv:current_basecase:2047Q2; data/current_revenue_outlook/revenue_chart_rows.csv:current_basecase:2046Q3; data/current_revenue_outlook/revenue_chart_rows.csv:current_basecase:2046Q4; data/current_revenue_outlook/revenue_chart_rows.csv:current_basecase:2047Q1; data/current_revenue_outlook/revenue_chart_rows.csv:current_basecase:2047Q2; AW16; AW10; AW12; AW14; scenario_inputs/scenario_input_wide.parquet:PED:population (2046Q3; 2046Q4; 2047Q1; 2047Q2),"raw_light_petrol_vkt = ped_vkt_per_capita * scenario_population / 1,000,000; optimized_light_petrol_vkt = raw_light_petrol_vkt + optimization_delta; gross_ped_revenue = selected_light_petrol_vkt * base_litres_per_100km / 100 * ped_rate_nzd_per_litre",available,Raw bridge uses current-finalist PED VKTpc times scenario population. Optimized bridge then applies the PED+Light EV/PHEV migration allocation before MBU26 litres intensity and PED rate.
2048,FY2048,Current finalist Base case,current_basecase,current_basecase,basecase,Current planned path,optimized,5225.272053652305,5225.272053652305,6173685.315879511,6.173685315879511,6.173685315879511,scenario_inputs/scenario_input_wide.parquet:PED:population (2047Q3; 2047Q4; 2048Q1; 2048Q2),scenario_input_population,False,,32259.18534910881,32259.18534910881,10672.59534688526,10672.59534688526,10672.59534688526,-21586.59000222355,-21586.59000222355,7.189391807545562,2319.239228669767,2319.239228669767,767.2946955214578,767.2946955214578,767.2946955214578,1.6597352391364104,1.6597352391364104,3849.3230758107593,3849.3230758107593,1273.506044959406,1273.506044959406,1273.506044959406,14453.08712092786,14453.08712092786,11877.270090076505,11877.270090076505,11877.270090076505,1797.61629814668,6511949.826342656,11705.987140547,841.589280474823,1396.81538568352,12051.183033534,0.0,0.0,0.0,0.0,0.0,km/person,million people,million km,litres/100km,million litres,$/litre,$m nominal ex GST,forecast_scenario_comparison.parquet; scenario_inputs/scenario_input_wide.parquet; mbu26_official_annual.csv,data/current_revenue_outlook/revenue_chart_rows.csv:current_basecase:2047Q3; data/current_revenue_outlook/revenue_chart_rows.csv:current_basecase:2047Q4; data/current_revenue_outlook/revenue_chart_rows.csv:current_basecase:2048Q1; data/current_revenue_outlook/revenue_chart_rows.csv:current_basecase:2048Q2,scenario_inputs/scenario_input_wide.parquet:PED:population (2047Q3; 2047Q4; 2048Q1; 2048Q2),data/current_revenue_outlook/revenue_chart_rows.csv:current_basecase:2047Q3; data/current_revenue_outlook/revenue_chart_rows.csv:current_basecase:2047Q4; data/current_revenue_outlook/revenue_chart_rows.csv:current_basecase:2048Q1; data/current_revenue_outlook/revenue_chart_rows.csv:current_basecase:2048Q2; data/current_revenue_outlook/revenue_chart_rows.csv:current_basecase:2047Q3; data/current_revenue_outlook/revenue_chart_rows.csv:current_basecase:2047Q4; data/current_revenue_outlook/revenue_chart_rows.csv:current_basecase:2048Q1; data/current_revenue_outlook/revenue_chart_rows.csv:current_basecase:2048Q2; AX16; AX10; AX12; AX14; scenario_inputs/scenario_input_wide.parquet:PED:population (2047Q3; 2047Q4; 2048Q1; 2048Q2),"raw_light_petrol_vkt = ped_vkt_per_capita * scenario_population / 1,000,000; optimized_light_petrol_vkt = raw_light_petrol_vkt + optimization_delta; gross_ped_revenue = selected_light_petrol_vkt * base_litres_per_100km / 100 * ped_rate_nzd_per_litre",available,Raw bridge uses current-finalist PED VKTpc times scenario population. Optimized bridge then applies the PED+Light EV/PHEV migration allocation before MBU26 litres intensity and PED rate.
2049,FY2049,Current finalist Base case,current_basecase,current_basecase,basecase,Current planned path,optimized,5190.089574410761,5190.089574410761,6207640.5855188975,6.207640585518898,6.207640585518898,scenario_inputs/scenario_input_wide.parquet:PED:population (2048Q3; 2048Q4; 2049Q1; 2049Q2),scenario_input_population,False,,32218.210684590744,32218.210684590744,9519.879653053707,9519.879653053707,9519.879653053707,-22698.331031537036,-22698.331031537036,7.102242223984312,2288.215363053229,2288.215363053229,676.1249123916717,676.1249123916717,676.1249123916717,1.6997375991319723,1.6997375991319723,3889.3656874929898,3889.3656874929898,1149.2349353019351,1149.2349353019351,1149.2349353019351,15090.35661831876,15090.35661831876,12350.225866127705,12350.225866127705,12350.225866127705,1616.43788466169,6559437.2664927505,10602.9228996206,753.045267153356,1279.97935442894,12492.0158686577,0.0,0.0,0.0,0.0,0.0,km/person,million people,million km,litres/100km,million litres,$/litre,$m nominal ex GST,forecast_scenario_comparison.parquet; scenario_inputs/scenario_input_wide.parquet; mbu26_official_annual.csv,data/current_revenue_outlook/revenue_chart_rows.csv:current_basecase:2048Q3; data/current_revenue_outlook/revenue_chart_rows.csv:current_basecase:2048Q4; data/current_revenue_outlook/revenue_chart_rows.csv:current_basecase:2049Q1; data/current_revenue_outlook/revenue_chart_rows.csv:current_basecase:2049Q2,scenario_inputs/scenario_input_wide.parquet:PED:population (2048Q3; 2048Q4; 2049Q1; 2049Q2),data/current_revenue_outlook/revenue_chart_rows.csv:current_basecase:2048Q3; data/current_revenue_outlook/revenue_chart_rows.csv:current_basecase:2048Q4; data/current_revenue_outlook/revenue_chart_rows.csv:current_basecase:2049Q1; data/current_revenue_outlook/revenue_chart_rows.csv:current_basecase:2049Q2; data/current_revenue_outlook/revenue_chart_rows.csv:current_basecase:2048Q3; data/current_revenue_outlook/revenue_chart_rows.csv:current_basecase:2048Q4; data/current_revenue_outlook/revenue_chart_rows.csv:current_basecase:2049Q1; data/current_revenue_outlook/revenue_chart_rows.csv:current_basecase:2049Q2; AY16; AY10; AY12; AY14; scenario_inputs/scenario_input_wide.parquet:PED:population (2048Q3; 2048Q4; 2049Q1; 2049Q2),"raw_light_petrol_vkt = ped_vkt_per_capita * scenario_population / 1,000,000; optimized_light_petrol_vkt = raw_light_petrol_vkt + optimization_delta; gross_ped_revenue = selected_light_petrol_vkt * base_litres_per_100km / 100 * ped_rate_nzd_per_litre",available,Raw bridge uses current-finalist PED VKTpc times scenario population. Optimized bridge then applies the PED+Light EV/PHEV migration allocation before MBU26 litres intensity and PED rate.
2050,FY2050,Current finalist Base case,current_basecase,current_basecase,basecase,Current planned path,optimized,5155.144766536467,5155.144766536467,6241782.609144371,6.241782609144371,6.241782609144371,scenario_inputs/scenario_input_wide.parquet:PED:population (2049Q3; 2049Q4; 2050Q1; 2050Q2),scenario_input_population,False,,32177.292951388936,32177.292951388936,8463.849185736453,8463.849185736453,8463.849185736453,-23713.443765652482,-23713.443765652482,7.015085168223659,2257.264505368762,2257.264505368762,593.7462288894169,593.7462288894169,593.7462288894169,1.7397737172505494,1.7397737172505494,3927.1294593231337,3927.1294593231337,1032.9840837384363,1032.9840837384363,1032.9840837384363,15729.917112274557,15729.917112274557,12835.771736689861,12835.771736689861,12835.771736689861,1453.07421427843,6605897.208357157,9598.85889563765,673.368126706594,1171.50816887837,12909.5821651262,0.0,0.0,0.0,0.0,0.0,km/person,million people,million km,litres/100km,million litres,$/litre,$m nominal ex GST,forecast_scenario_comparison.parquet; scenario_inputs/scenario_input_wide.parquet; mbu26_official_annual.csv,data/current_revenue_outlook/revenue_chart_rows.csv:current_basecase:2049Q3; data/current_revenue_outlook/revenue_chart_rows.csv:current_basecase:2049Q4; data/current_revenue_outlook/revenue_chart_rows.csv:current_basecase:2050Q1; data/current_revenue_outlook/revenue_chart_rows.csv:current_basecase:2050Q2,scenario_inputs/scenario_input_wide.parquet:PED:population (2049Q3; 2049Q4; 2050Q1; 2050Q2),data/current_revenue_outlook/revenue_chart_rows.csv:current_basecase:2049Q3; data/current_revenue_outlook/revenue_chart_rows.csv:current_basecase:2049Q4; data/current_revenue_outlook/revenue_chart_rows.csv:current_basecase:2050Q1; data/current_revenue_outlook/revenue_chart_rows.csv:current_basecase:2050Q2; data/current_revenue_outlook/revenue_chart_rows.csv:current_basecase:2049Q3; data/current_revenue_outlook/revenue_chart_rows.csv:current_basecase:2049Q4; data/current_revenue_outlook/revenue_chart_rows.csv:current_basecase:2050Q1; data/current_revenue_outlook/revenue_chart_rows.csv:current_basecase:2050Q2; AZ16; AZ10; AZ12; AZ14; scenario_inputs/scenario_input_wide.parquet:PED:population (2049Q3; 2049Q4; 2050Q1; 2050Q2),"raw_light_petrol_vkt = ped_vkt_per_capita * scenario_population / 1,000,000; optimized_light_petrol_vkt = raw_light_petrol_vkt + optimization_delta; gross_ped_revenue = selected_light_petrol_vkt * base_litres_per_100km / 100 * ped_rate_nzd_per_litre",available,Raw bridge uses current-finalist PED VKTpc times scenario population. Optimized bridge then applies the PED+Light EV/PHEV migration allocation before MBU26 litres intensity and PED rate.
2026,FY2026,Current finalist High population/comparison,current_comparison_1,current_comparison_1,comparison,Current planned path,optimized,6143.789827574411,6143.789827574411,5367416.950035031,5.367416950035031,5.367416950035031,scenario_inputs/scenario_input_wide.parquet:PED:population (2026Q1; 2026Q2); mbu26_official_annual.csv:population_proxy (2025Q3; 2025Q4),scenario_input_population_with_mbu_population_proxy_for_missing_quarters,True,warning_current_finalist_uses_mbu26_population_proxy,32976.2816579757,32976.2816579757,31775.877321969325,31775.877321969325,31775.877321969325,-1200.4043360063733,-1200.4043360063733,9.253495188709412,3051.4586366360454,3051.4586366360454,2940.3792791586366,2940.3792791586366,2940.3792791586366,0.7002400000000003,0.7002400000000003,2136.7533957180253,2136.7533957180253,2058.9711864380447,2058.9711864380447,2058.9711864380447,4582.760387816064,4582.760387816064,4504.978178536083,4504.978178536083,4504.978178536083,5935.87599744435,5363105.743888369,31834.7306569029,2945.82526967511,2062.7846868373,4563.15127995703,7.275957614183426e-12,0.0,0.0,0.0,0.0,km/person,million people,million km,litres/100km,million litres,$/litre,$m nominal ex GST,forecast_scenario_comparison.parquet; scenario_inputs/scenario_input_wide.parquet; mbu26_official_annual.csv,data/current_revenue_outlook/revenue_chart_rows.csv:historical_actual:2025Q3; data/current_revenue_outlook/revenue_chart_rows.csv:historical_actual:2025Q4; data/current_revenue_outlook/revenue_chart_rows.csv:current_comparison_1:2026Q1; data/current_revenue_outlook/revenue_chart_rows.csv:current_comparison_1:2026Q2,scenario_inputs/scenario_input_wide.parquet:PED:population (2026Q1; 2026Q2); mbu26_official_annual.csv:population_proxy (2025Q3; 2025Q4),data/current_revenue_outlook/revenue_chart_rows.csv:historical_actual:2025Q3; data/current_revenue_outlook/revenue_chart_rows.csv:historical_actual:2025Q4; data/current_revenue_outlook/revenue_chart_rows.csv:current_comparison_1:2026Q1; data/current_revenue_outlook/revenue_chart_rows.csv:current_comparison_1:2026Q2; data/current_revenue_outlook/revenue_chart_rows.csv:historical_actual:2025Q3; data/current_revenue_outlook/revenue_chart_rows.csv:historical_actual:2025Q4; data/current_revenue_outlook/revenue_chart_rows.csv:current_comparison_1:2026Q1; data/current_revenue_outlook/revenue_chart_rows.csv:current_comparison_1:2026Q2; AB16; AB10; AB12; AB14; scenario_inputs/scenario_input_wide.parquet:PED:population (2026Q1; 2026Q2); mbu26_official_annual.csv:population_proxy (2025Q3; 2025Q4),"raw_light_petrol_vkt = ped_vkt_per_capita * scenario_population / 1,000,000; optimized_light_petrol_vkt = raw_light_petrol_vkt + optimization_delta; gross_ped_revenue = selected_light_petrol_vkt * base_litres_per_100km / 100 * ped_rate_nzd_per_litre",warning_current_finalist_uses_mbu26_population_proxy,Raw bridge uses current-finalist PED VKTpc times scenario population. Optimized bridge then applies the PED+Light EV/PHEV migration allocation before MBU26 litres intensity and PED rate.
2027,FY2027,Current finalist High population/comparison,current_comparison_1,current_comparison_1,comparison,Current planned path,optimized,5962.372187463133,5962.372187463133,5432094.429483625,5.432094429483625,5.432094429483625,scenario_inputs/scenario_input_wide.parquet:PED:population (2026Q3; 2026Q4; 2027Q1; 2027Q2),scenario_input_population,False,,32388.168746026582,32388.168746026582,30877.48931172546,30877.48931172546,30877.48931172546,-1510.6794343011206,-1510.6794343011206,9.019048682247908,2921.104706492739,2921.104706492739,2784.855792880414,2784.855792880414,2784.855792880414,0.7598432334330983,0.7598432334330983,2219.5816453780844,2219.5816453780844,2116.0538303071485,2116.0538303071485,2116.0538303071485,4903.734027721686,4903.734027721686,4800.206212650751,4800.206212650751,4800.206212650751,5924.5731702763,5420684.735249234,32115.2433469839,2896.48943188686,2200.87789552971,5008.27996268758,0.0,0.0,0.0,0.0,0.0,km/person,million people,million km,litres/100km,million litres,$/litre,$m nominal ex GST,forecast_scenario_comparison.parquet; scenario_inputs/scenario_input_wide.parquet; mbu26_official_annual.csv,data/current_revenue_outlook/revenue_chart_rows.csv:current_comparison_1:2026Q3; data/current_revenue_outlook/revenue_chart_rows.csv:current_comparison_1:2026Q4; data/current_revenue_outlook/revenue_chart_rows.csv:current_comparison_1:2027Q1; data/current_revenue_outlook/revenue_chart_rows.csv:current_comparison_1:2027Q2,scenario_inputs/scenario_input_wide.parquet:PED:population (2026Q3; 2026Q4; 2027Q1; 2027Q2),data/current_revenue_outlook/revenue_chart_rows.csv:current_comparison_1:2026Q3; data/current_revenue_outlook/revenue_chart_rows.csv:current_comparison_1:2026Q4; data/current_revenue_outlook/revenue_chart_rows.csv:current_comparison_1:2027Q1; data/current_revenue_outlook/revenue_chart_rows.csv:current_comparison_1:2027Q2; data/current_revenue_outlook/revenue_chart_rows.csv:current_comparison_1:2026Q3; data/current_revenue_outlook/revenue_chart_rows.csv:current_comparison_1:2026Q4; data/current_revenue_outlook/revenue_chart_rows.csv:current_comparison_1:2027Q1; data/current_revenue_outlook/revenue_chart_rows.csv:current_comparison_1:2027Q2; AC16; AC10; AC12; AC14; scenario_inputs/scenario_input_wide.parquet:PED:population (2026Q3; 2026Q4; 2027Q1; 2027Q2),"raw_light_petrol_vkt = ped_vkt_per_capita * scenario_population / 1,000,000; optimized_light_petrol_vkt = raw_light_petrol_vkt + optimization_delta; gross_ped_revenue = selected_light_petrol_vkt * base_litres_per_100km / 100 * ped_rate_nzd_per_litre",available,Raw bridge uses current-finalist PED VKTpc times scenario population. Optimized bridge then applies the PED+Light EV/PHEV migration allocation before MBU26 litres intensity and PED rate.
2028,FY2028,Current finalist High population/comparison,current_comparison_1,current_comparison_1,comparison,Current planned path,optimized,5901.515350664844,5901.515350664844,5513657.011686059,5.513657011686059,5.513657011686059,scenario_inputs/scenario_input_wide.parquet:PED:population (2027Q3; 2027Q4; 2028Q1; 2028Q2),scenario_input_population,False,,32538.931492766125,32538.931492766125,30659.02697629969,30659.02697629969,30659.02697629969,-1879.9045164664349,-1879.9045164664349,8.931856817675813,2906.3307709354935,2906.3307709354935,2738.420391215691,2738.420391215691,2738.420391215691,0.8500894140750587,0.8500894140750587,2470.6410221728675,2470.6410221728675,2327.90218585974,2327.90218585974,2327.90218585974,5503.702269017346,5503.702269017346,5360.963432704219,5360.963432704219,5360.963432704219,5908.65677079833,5474417.296010022,32346.4528222451,2889.13885167999,2456.02635360613,5639.13432985787,0.0,0.0,0.0,0.0,0.0,km/person,million people,million km,litres/100km,million litres,$/litre,$m nominal ex GST,forecast_scenario_comparison.parquet; scenario_inputs/scenario_input_wide.parquet; mbu26_official_annual.csv,data/current_revenue_outlook/revenue_chart_rows.csv:current_comparison_1:2027Q3; data/current_revenue_outlook/revenue_chart_rows.csv:current_comparison_1:2027Q4; data/current_revenue_outlook/revenue_chart_rows.csv:current_comparison_1:2028Q1; data/current_revenue_outlook/revenue_chart_rows.csv:current_comparison_1:2028Q2,scenario_inputs/scenario_input_wide.parquet:PED:population (2027Q3; 2027Q4; 2028Q1; 2028Q2),data/current_revenue_outlook/revenue_chart_rows.csv:current_comparison_1:2027Q3; data/current_revenue_outlook/revenue_chart_rows.csv:current_comparison_1:2027Q4; data/current_revenue_outlook/revenue_chart_rows.csv:current_comparison_1:2028Q1; data/current_revenue_outlook/revenue_chart_rows.csv:current_comparison_1:2028Q2; data/current_revenue_outlook/revenue_chart_rows.csv:current_comparison_1:2027Q3; data/current_revenue_outlook/revenue_chart_rows.csv:current_comparison_1:2027Q4; data/current_revenue_outlook/revenue_chart_rows.csv:current_comparison_1:2028Q1; data/current_revenue_outlook/revenue_chart_rows.csv:current_comparison_1:2028Q2; AD16; AD10; AD12; AD14; scenario_inputs/scenario_input_wide.parquet:PED:population (2027Q3; 2027Q4; 2028Q1; 2028Q2),"raw_light_petrol_vkt = ped_vkt_per_capita * scenario_population / 1,000,000; optimized_light_petrol_vkt = raw_light_petrol_vkt + optimization_delta; gross_ped_revenue = selected_light_petrol_vkt * base_litres_per_100km / 100 * ped_rate_nzd_per_litre",available,Raw bridge uses current-finalist PED VKTpc times scenario population. Optimized bridge then applies the PED+Light EV/PHEV migration allocation before MBU26 litres intensity and PED rate.
2029,FY2029,Current finalist High population/comparison,current_comparison_1,current_comparison_1,comparison,Current planned path,optimized,5873.960913560629,5873.960913560629,5596368.811184944,5.596368811184943,5.596368811184943,scenario_inputs/scenario_input_wide.parquet:PED:population (2028Q3; 2028Q4; 2029Q1; 2029Q2),scenario_input_population,False,,32872.85165477012,32872.85165477012,30573.212911089955,30573.212911089955,30573.212911089955,-2299.638743680167,-2299.638743680167,8.844689067937997,2907.5015166289277,2907.5015166289277,2704.1056200645817,2704.1056200645817,2704.1056200645817,0.9001107027491552,0.9001107027491552,2617.0732333770984,2617.0732333770984,2433.9944099842705,2433.9944099842705,2433.9944099842705,5880.031101884439,5880.031101884439,5696.952278491611,5696.952278491611,5696.952278491611,5897.91062691712,5528812.289434058,32608.4407560831,2884.11519477832,2596.02295478143,6059.82780134886,0.0,0.0,0.0,0.0,0.0,km/person,million people,million km,litres/100km,million litres,$/litre,$m nominal ex GST,forecast_scenario_comparison.parquet; scenario_inputs/scenario_input_wide.parquet; mbu26_official_annual.csv,data/current_revenue_outlook/revenue_chart_rows.csv:current_comparison_1:2028Q3; data/current_revenue_outlook/revenue_chart_rows.csv:current_comparison_1:2028Q4; data/current_revenue_outlook/revenue_chart_rows.csv:current_comparison_1:2029Q1; data/current_revenue_outlook/revenue_chart_rows.csv:current_comparison_1:2029Q2,scenario_inputs/scenario_input_wide.parquet:PED:population (2028Q3; 2028Q4; 2029Q1; 2029Q2),data/current_revenue_outlook/revenue_chart_rows.csv:current_comparison_1:2028Q3; data/current_revenue_outlook/revenue_chart_rows.csv:current_comparison_1:2028Q4; data/current_revenue_outlook/revenue_chart_rows.csv:current_comparison_1:2029Q1; data/current_revenue_outlook/revenue_chart_rows.csv:current_comparison_1:2029Q2; data/current_revenue_outlook/revenue_chart_rows.csv:current_comparison_1:2028Q3; data/current_revenue_outlook/revenue_chart_rows.csv:current_comparison_1:2028Q4; data/current_revenue_outlook/revenue_chart_rows.csv:current_comparison_1:2029Q1; data/current_revenue_outlook/revenue_chart_rows.csv:current_comparison_1:2029Q2; AE16; AE10; AE12; AE14; scenario_inputs/scenario_input_wide.parquet:PED:population (2028Q3; 2028Q4; 2029Q1; 2029Q2),"raw_light_petrol_vkt = ped_vkt_per_capita * scenario_population / 1,000,000; optimized_light_petrol_vkt = raw_light_petrol_vkt + optimization_delta; gross_ped_revenue = selected_light_petrol_vkt * base_litres_per_100km / 100 * ped_rate_nzd_per_litre",available,Raw bridge uses current-finalist PED VKTpc times scenario population. Optimized bridge then applies the PED+Light EV/PHEV migration allocation before MBU26 litres intensity and PED rate.
2030,FY2030,Current finalist High population/comparison,current_comparison_1,current_comparison_1,comparison,Current planned path,optimized,5847.472417864368,5847.472417864368,5680312.261437219,5.680312261437218,5.680312261437218,scenario_inputs/scenario_input_wide.parquet:PED:population (2029Q3; 2029Q4; 2030Q1; 2030Q2),scenario_input_population,False,,33215.469273610914,33215.469273610914,30486.026531120795,30486.026531120795,30486.026531120795,-2729.4427424901187,-2729.4427424901187,8.757543274926979,2908.8590956065495,2908.8590956065495,2669.826966268624,2669.826966268624,2669.826966268624,0.9400992657432979,0.9400992657432979,2734.616299930431,2734.616299930431,2509.90237065079,2509.90237065079,2509.90237065079,6192.197536669772,6192.197536669772,5967.4836073901315,5967.4836073901315,5967.4836073901315,5887.16953577159,5583306.592200029,32869.8724784727,2878.59330671556,2706.16345401687,6434.36939164909,7.275957614183426e-12,0.0,0.0,0.0,0.0,km/person,million people,million km,litres/100km,million litres,$/litre,$m nominal ex GST,forecast_scenario_comparison.parquet; scenario_inputs/scenario_input_wide.parquet; mbu26_official_annual.csv,data/current_revenue_outlook/revenue_chart_rows.csv:current_comparison_1:2029Q3; data/current_revenue_outlook/revenue_chart_rows.csv:current_comparison_1:2029Q4; data/current_revenue_outlook/revenue_chart_rows.csv:current_comparison_1:2030Q1; data/current_revenue_outlook/revenue_chart_rows.csv:current_comparison_1:2030Q2,scenario_inputs/scenario_input_wide.parquet:PED:population (2029Q3; 2029Q4; 2030Q1; 2030Q2),data/current_revenue_outlook/revenue_chart_rows.csv:current_comparison_1:2029Q3; data/current_revenue_outlook/revenue_chart_rows.csv:current_comparison_1:2029Q4; data/current_revenue_outlook/revenue_chart_rows.csv:current_comparison_1:2030Q1; data/current_revenue_outlook/revenue_chart_rows.csv:current_comparison_1:2030Q2; data/current_revenue_outlook/revenue_chart_rows.csv:current_comparison_1:2029Q3; data/current_revenue_outlook/revenue_chart_rows.csv:current_comparison_1:2029Q4; data/current_revenue_outlook/revenue_chart_rows.csv:current_comparison_1:2030Q1; data/current_revenue_outlook/revenue_chart_rows.csv:current_comparison_1:2030Q2; AF16; AF10; AF12; AF14; scenario_inputs/scenario_input_wide.parquet:PED:population (2029Q3; 2029Q4; 2030Q1; 2030Q2),"raw_light_petrol_vkt = ped_vkt_per_capita * scenario_population / 1,000,000; optimized_light_petrol_vkt = raw_light_petrol_vkt + optimization_delta; gross_ped_revenue = selected_light_petrol_vkt * base_litres_per_100km / 100 * ped_rate_nzd_per_litre",available,Raw bridge uses current-finalist PED VKTpc times scenario population. Optimized bridge then applies the PED+Light EV/PHEV migration allocation before MBU26 litres intensity and PED rate.
2031,FY2031,Current finalist High population/comparison,current_comparison_1,current_comparison_1,comparison,Current planned path,optimized,5817.416466540271,5817.416466540271,5765506.315792681,5.765506315792681,5.765506315792681,scenario_inputs/scenario_input_wide.parquet:PED:population (2030Q3; 2030Q4; 2031Q1; 2031Q2),scenario_input_population,False,,33540.35137943427,33540.35137943427,30307.426681862424,30307.426681862424,30307.426681862424,-3232.924697571849,-3232.924697571849,8.6704364524934,2908.094852296842,2908.094852296842,2627.7861708369105,2627.7861708369105,2627.7861708369105,0.9801272010486018,0.9801272010486018,2850.302867965551,2850.302867965551,2575.564704576604,2575.564704576604,2575.564704576604,6528.266627956471,6528.266627956471,6253.528464567524,6253.528464567524,6253.528464567524,5783.7523211264,5637863.420921249,32608.0056469469,2827.25640804399,2771.07090986288,6701.03490698007,0.0,0.0,0.0,0.0,0.0,km/person,million people,million km,litres/100km,million litres,$/litre,$m nominal ex GST,forecast_scenario_comparison.parquet; scenario_inputs/scenario_input_wide.parquet; mbu26_official_annual.csv,data/current_revenue_outlook/revenue_chart_rows.csv:current_comparison_1:2030Q3; data/current_revenue_outlook/revenue_chart_rows.csv:current_comparison_1:2030Q4; data/current_revenue_outlook/revenue_chart_rows.csv:current_comparison_1:2031Q1; data/current_revenue_outlook/revenue_chart_rows.csv:current_comparison_1:2031Q2,scenario_inputs/scenario_input_wide.parquet:PED:population (2030Q3; 2030Q4; 2031Q1; 2031Q2),data/current_revenue_outlook/revenue_chart_rows.csv:current_comparison_1:2030Q3; data/current_revenue_outlook/revenue_chart_rows.csv:current_comparison_1:2030Q4; data/current_revenue_outlook/revenue_chart_rows.csv:current_comparison_1:2031Q1; data/current_revenue_outlook/revenue_chart_rows.csv:current_comparison_1:2031Q2; data/current_revenue_outlook/revenue_chart_rows.csv:current_comparison_1:2030Q3; data/current_revenue_outlook/revenue_chart_rows.csv:current_comparison_1:2030Q4; data/current_revenue_outlook/revenue_chart_rows.csv:current_comparison_1:2031Q1; data/current_revenue_outlook/revenue_chart_rows.csv:current_comparison_1:2031Q2; AG16; AG10; AG12; AG14; scenario_inputs/scenario_input_wide.parquet:PED:population (2030Q3; 2030Q4; 2031Q1; 2031Q2),"raw_light_petrol_vkt = ped_vkt_per_capita * scenario_population / 1,000,000; optimized_light_petrol_vkt = raw_light_petrol_vkt + optimization_delta; gross_ped_revenue = selected_light_petrol_vkt * base_litres_per_100km / 100 * ped_rate_nzd_per_litre",available,Raw bridge uses current-finalist PED VKTpc times scenario population. Optimized bridge then applies the PED+Light EV/PHEV migration allocation before MBU26 litres intensity and PED rate.
2032,FY2032,Current finalist High population/comparison,current_comparison_1,current_comparison_1,comparison,Current planned path,optimized,5773.702905530952,5773.702905530952,5851975.533034757,5.851975533034757,5.851975533034757,scenario_inputs/scenario_input_wide.parquet:PED:population (2031Q3; 2031Q4; 2032Q1; 2032Q2),scenario_input_population,False,,33787.568138178816,33787.568138178816,30006.29431002931,30006.29431002931,30006.29431002931,-3781.2738281495076,-3781.2738281495076,8.583296413903813,2900.08712434961,2900.08712434961,2575.5291834581694,2575.5291834581694,2575.5291834581694,1.0201409097685845,1.0201409097685845,2958.4975174421693,2958.4975174421693,2627.4026843485567,2627.4026843485567,2627.4026843485567,6867.2702555695905,6867.2702555695905,6536.175422475979,6536.175422475979,6536.175422475979,5666.7678369261,5692363.352725131,32257.3015633196,2768.73980830655,2824.50474695834,6963.1655994848,0.0,0.0,0.0,0.0,0.0,km/person,million people,million km,litres/100km,million litres,$/litre,$m nominal ex GST,forecast_scenario_comparison.parquet; scenario_inputs/scenario_input_wide.parquet; mbu26_official_annual.csv,data/current_revenue_outlook/revenue_chart_rows.csv:current_comparison_1:2031Q3; data/current_revenue_outlook/revenue_chart_rows.csv:current_comparison_1:2031Q4; data/current_revenue_outlook/revenue_chart_rows.csv:current_comparison_1:2032Q1; data/current_revenue_outlook/revenue_chart_rows.csv:current_comparison_1:2032Q2,scenario_inputs/scenario_input_wide.parquet:PED:population (2031Q3; 2031Q4; 2032Q1; 2032Q2),data/current_revenue_outlook/revenue_chart_rows.csv:current_comparison_1:2031Q3; data/current_revenue_outlook/revenue_chart_rows.csv:current_comparison_1:2031Q4; data/current_revenue_outlook/revenue_chart_rows.csv:current_comparison_1:2032Q1; data/current_revenue_outlook/revenue_chart_rows.csv:current_comparison_1:2032Q2; data/current_revenue_outlook/revenue_chart_rows.csv:current_comparison_1:2031Q3; data/current_revenue_outlook/revenue_chart_rows.csv:current_comparison_1:2031Q4; data/current_revenue_outlook/revenue_chart_rows.csv:current_comparison_1:2032Q1; data/current_revenue_outlook/revenue_chart_rows.csv:current_comparison_1:2032Q2; AH16; AH10; AH12; AH14; scenario_inputs/scenario_input_wide.parquet:PED:population (2031Q3; 2031Q4; 2032Q1; 2032Q2),"raw_light_petrol_vkt = ped_vkt_per_capita * scenario_population / 1,000,000; optimized_light_petrol_vkt = raw_light_petrol_vkt + optimization_delta; gross_ped_revenue = selected_light_petrol_vkt * base_litres_per_100km / 100 * ped_rate_nzd_per_litre",available,Raw bridge uses current-finalist PED VKTpc times scenario population. Optimized bridge then applies the PED+Light EV/PHEV migration allocation before MBU26 litres intensity and PED rate.
2033,FY2033,Current finalist High population/comparison,current_comparison_1,current_comparison_1,comparison,Current planned path,optimized,5725.726590701659,5725.726590701659,5939754.063184051,5.939754063184051,5.939754063184051,scenario_inputs/scenario_input_wide.parquet:PED:population (2032Q3; 2032Q4; 2033Q1; 2033Q2),scenario_input_population,False,,34009.40778180114,34009.40778180114,29616.45459332968,29616.45459332968,29616.45459332968,-4392.953188471463,-4392.953188471463,8.496172791765561,2889.4980505979884,2889.4980505979884,2516.265157044078,2516.265157044078,2516.265157044078,1.0601469577062015,1.0601469577062015,3063.292567639457,3063.292567639457,2667.6108510223967,2667.6108510223967,2667.6108510223967,7219.270258806955,7219.270258806955,6823.588542189896,6823.588542189896,6823.588542189896,5523.87123261316,5746863.284529051,31744.9327751708,2697.10434120833,2859.3269619482,7217.73683993677,0.0,0.0,0.0,0.0,0.0,km/person,million people,million km,litres/100km,million litres,$/litre,$m nominal ex GST,forecast_scenario_comparison.parquet; scenario_inputs/scenario_input_wide.parquet; mbu26_official_annual.csv,data/current_revenue_outlook/revenue_chart_rows.csv:current_comparison_1:2032Q3; data/current_revenue_outlook/revenue_chart_rows.csv:current_comparison_1:2032Q4; data/current_revenue_outlook/revenue_chart_rows.csv:current_comparison_1:2033Q1; data/current_revenue_outlook/revenue_chart_rows.csv:current_comparison_1:2033Q2,scenario_inputs/scenario_input_wide.parquet:PED:population (2032Q3; 2032Q4; 2033Q1; 2033Q2),data/current_revenue_outlook/revenue_chart_rows.csv:current_comparison_1:2032Q3; data/current_revenue_outlook/revenue_chart_rows.csv:current_comparison_1:2032Q4; data/current_revenue_outlook/revenue_chart_rows.csv:current_comparison_1:2033Q1; data/current_revenue_outlook/revenue_chart_rows.csv:current_comparison_1:2033Q2; data/current_revenue_outlook/revenue_chart_rows.csv:current_comparison_1:2032Q3; data/current_revenue_outlook/revenue_chart_rows.csv:current_comparison_1:2032Q4; data/current_revenue_outlook/revenue_chart_rows.csv:current_comparison_1:2033Q1; data/current_revenue_outlook/revenue_chart_rows.csv:current_comparison_1:2033Q2; AI16; AI10; AI12; AI14; scenario_inputs/scenario_input_wide.parquet:PED:population (2032Q3; 2032Q4; 2033Q1; 2033Q2),"raw_light_petrol_vkt = ped_vkt_per_capita * scenario_population / 1,000,000; optimized_light_petrol_vkt = raw_light_petrol_vkt + optimization_delta; gross_ped_revenue = selected_light_petrol_vkt * base_litres_per_100km / 100 * ped_rate_nzd_per_litre",available,Raw bridge uses current-finalist PED VKTpc times scenario population. Optimized bridge then applies the PED+Light EV/PHEV migration allocation before MBU26 litres intensity and PED rate.
2034,FY2034,Current finalist High population/comparison,current_comparison_1,current_comparison_1,comparison,Current planned path,optimized,5677.90749980355,5677.90749980355,6028850.885189004,6.028850885189004,6.028850885189004,scenario_inputs/scenario_input_wide.parquet:PED:population (2033Q3; 2033Q4; 2034Q1; 2034Q2),scenario_input_population,False,,34231.25765621192,34231.25765621192,29134.95797008076,29134.95797008076,29134.95797008076,-5096.299686131162,-5096.299686131162,8.409038557513078,2878.519655032508,2878.519655032508,2449.9698494193203,2449.9698494193203,2449.9698494193203,1.1001419629388474,1.1001419629388474,3166.780263645517,3166.780263645517,2695.314639281163,2695.314639281163,2695.314639281163,7591.184838638297,7591.184838638297,7119.719214273944,7119.719214273944,7119.719214273944,5370.7813642462,5800063.217634328,31150.8714407203,2619.4887904515,2881.80953982362,7475.31754720384,0.0,0.0,0.0,0.0,0.0,km/person,million people,million km,litres/100km,million litres,$/litre,$m nominal ex GST,forecast_scenario_comparison.parquet; scenario_inputs/scenario_input_wide.parquet; mbu26_official_annual.csv,data/current_revenue_outlook/revenue_chart_rows.csv:current_comparison_1:2033Q3; data/current_revenue_outlook/revenue_chart_rows.csv:current_comparison_1:2033Q4; data/current_revenue_outlook/revenue_chart_rows.csv:current_comparison_1:2034Q1; data/current_revenue_outlook/revenue_chart_rows.csv:current_comparison_1:2034Q2,scenario_inputs/scenario_input_wide.parquet:PED:population (2033Q3; 2033Q4; 2034Q1; 2034Q2),data/current_revenue_outlook/revenue_chart_rows.csv:current_comparison_1:2033Q3; data/current_revenue_outlook/revenue_chart_rows.csv:current_comparison_1:2033Q4; data/current_revenue_outlook/revenue_chart_rows.csv:current_comparison_1:2034Q1; data/current_revenue_outlook/revenue_chart_rows.csv:current_comparison_1:2034Q2; data/current_revenue_outlook/revenue_chart_rows.csv:current_comparison_1:2033Q3; data/current_revenue_outlook/revenue_chart_rows.csv:current_comparison_1:2033Q4; data/current_revenue_outlook/revenue_chart_rows.csv:current_comparison_1:2034Q1; data/current_revenue_outlook/revenue_chart_rows.csv:current_comparison_1:2034Q2; AJ16; AJ10; AJ12; AJ14; scenario_inputs/scenario_input_wide.parquet:PED:population (2033Q3; 2033Q4; 2034Q1; 2034Q2),"raw_light_petrol_vkt = ped_vkt_per_capita * scenario_population / 1,000,000; optimized_light_petrol_vkt = raw_light_petrol_vkt + optimization_delta; gross_ped_revenue = selected_light_petrol_vkt * base_litres_per_100km / 100 * ped_rate_nzd_per_litre",available,Raw bridge uses current-finalist PED VKTpc times scenario population. Optimized bridge then applies the PED+Light EV/PHEV migration allocation before MBU26 litres intensity and PED rate.
2035,FY2035,Current finalist High population/comparison,current_comparison_1,current_comparison_1,comparison,Current planned path,optimized,5631.019943926043,5631.019943926043,6119284.156567994,6.119284156567994,6.119284156567994,scenario_inputs/scenario_input_wide.parquet:PED:population (2034Q3; 2034Q4; 2035Q1; 2035Q2),scenario_input_population,False,,34457.81112818503,34457.81112818503,28549.95268361988,28549.95268361988,28549.95268361988,-5907.85844456515,-5907.85844456515,8.32192231328104,2867.552272944667,2867.552272944667,2375.9048828093414,2375.9048828093414,2375.9048828093414,1.1400953950017312,1.1400953950017312,3269.283141310962,3269.283141310962,2708.758215853058,2708.758215853058,2708.758215853058,7986.392179871187,7986.392179871187,7425.867254413283,7425.867254413283,7425.867254413283,5198.71027991832,5852483.152040939,30425.364325564,2531.97518270616,2886.69324606196,7734.95073507805,0.0,0.0,0.0,0.0,0.0,km/person,million people,million km,litres/100km,million litres,$/litre,$m nominal ex GST,forecast_scenario_comparison.parquet; scenario_inputs/scenario_input_wide.parquet; mbu26_official_annual.csv,data/current_revenue_outlook/revenue_chart_rows.csv:current_comparison_1:2034Q3; data/current_revenue_outlook/revenue_chart_rows.csv:current_comparison_1:2034Q4; data/current_revenue_outlook/revenue_chart_rows.csv:current_comparison_1:2035Q1; data/current_revenue_outlook/revenue_chart_rows.csv:current_comparison_1:2035Q2,scenario_inputs/scenario_input_wide.parquet:PED:population (2034Q3; 2034Q4; 2035Q1; 2035Q2),data/current_revenue_outlook/revenue_chart_rows.csv:current_comparison_1:2034Q3; data/current_revenue_outlook/revenue_chart_rows.csv:current_comparison_1:2034Q4; data/current_revenue_outlook/revenue_chart_rows.csv:current_comparison_1:2035Q1; data/current_revenue_outlook/revenue_chart_rows.csv:current_comparison_1:2035Q2; data/current_revenue_outlook/revenue_chart_rows.csv:current_comparison_1:2034Q3; data/current_revenue_outlook/revenue_chart_rows.csv:current_comparison_1:2034Q4; data/current_revenue_outlook/revenue_chart_rows.csv:current_comparison_1:2035Q1; data/current_revenue_outlook/revenue_chart_rows.csv:current_comparison_1:2035Q2; AK16; AK10; AK12; AK14; scenario_inputs/scenario_input_wide.parquet:PED:population (2034Q3; 2034Q4; 2035Q1; 2035Q2),"raw_light_petrol_vkt = ped_vkt_per_capita * scenario_population / 1,000,000; optimized_light_petrol_vkt = raw_light_petrol_vkt + optimization_delta; gross_ped_revenue = selected_light_petrol_vkt * base_litres_per_100km / 100 * ped_rate_nzd_per_litre",available,Raw bridge uses current-finalist PED VKTpc times scenario population. Optimized bridge then applies the PED+Light EV/PHEV migration allocation before MBU26 litres intensity and PED rate.
2036,FY2036,Current finalist High population/comparison,current_comparison_1,current_comparison_1,comparison,Current planned path,optimized,5584.157927889013,5584.157927889013,6211070.563956461,6.2110705639564605,6.2110705639564605,scenario_inputs/scenario_input_wide.parquet:PED:population (2035Q3; 2035Q4; 2036Q1; 2036Q2),scenario_input_population,False,,34683.59893039555,34683.59893039555,27864.375369441674,27864.375369441674,27864.375369441674,-6819.223560953877,-6819.223560953877,8.234809466679051,2856.128288105207,2856.128288105207,2294.5782207537686,2294.5782207537686,2294.5782207537686,1.1800752333146345,1.1800752333146345,3370.44625596228,3370.44625596228,2707.7749292146823,2707.7749292146823,2707.7749292146823,8406.578899789054,8406.578899789054,7743.907573041457,7743.907573041457,7743.907573041457,5001.59972450879,5904903.086447556,29533.9616504272,2432.06546987474,2870.0202267989,7998.37874262194,0.0,0.0,0.0,0.0,0.0,km/person,million people,million km,litres/100km,million litres,$/litre,$m nominal ex GST,forecast_scenario_comparison.parquet; scenario_inputs/scenario_input_wide.parquet; mbu26_official_annual.csv,data/current_revenue_outlook/revenue_chart_rows.csv:current_comparison_1:2035Q3; data/current_revenue_outlook/revenue_chart_rows.csv:current_comparison_1:2035Q4; data/current_revenue_outlook/revenue_chart_rows.csv:current_comparison_1:2036Q1; data/current_revenue_outlook/revenue_chart_rows.csv:current_comparison_1:2036Q2,scenario_inputs/scenario_input_wide.parquet:PED:population (2035Q3; 2035Q4; 2036Q1; 2036Q2),data/current_revenue_outlook/revenue_chart_rows.csv:current_comparison_1:2035Q3; data/current_revenue_outlook/revenue_chart_rows.csv:current_comparison_1:2035Q4; data/current_revenue_outlook/revenue_chart_rows.csv:current_comparison_1:2036Q1; data/current_revenue_outlook/revenue_chart_rows.csv:current_comparison_1:2036Q2; data/current_revenue_outlook/revenue_chart_rows.csv:current_comparison_1:2035Q3; data/current_revenue_outlook/revenue_chart_rows.csv:current_comparison_1:2035Q4; data/current_revenue_outlook/revenue_chart_rows.csv:current_comparison_1:2036Q1; data/current_revenue_outlook/revenue_chart_rows.csv:current_comparison_1:2036Q2; AL16; AL10; AL12; AL14; scenario_inputs/scenario_input_wide.parquet:PED:population (2035Q3; 2035Q4; 2036Q1; 2036Q2),"raw_light_petrol_vkt = ped_vkt_per_capita * scenario_population / 1,000,000; optimized_light_petrol_vkt = raw_light_petrol_vkt + optimization_delta; gross_ped_revenue = selected_light_petrol_vkt * base_litres_per_100km / 100 * ped_rate_nzd_per_litre",available,Raw bridge uses current-finalist PED VKTpc times scenario population. Optimized bridge then applies the PED+Light EV/PHEV migration allocation before MBU26 litres intensity and PED rate.
2037,FY2037,Current finalist High population/comparison,current_comparison_1,current_comparison_1,comparison,Current planned path,optimized,5533.9927768374555,5533.9927768374555,6304232.490680388,6.304232490680389,6.304232490680389,scenario_inputs/scenario_input_wide.parquet:PED:population (2036Q3; 2036Q4; 2037Q1; 2037Q2),scenario_input_population,False,,34887.57706692927,34887.57706692927,27039.291244436397,27039.291244436397,27039.291244436397,-7848.285822492871,-7848.285822492871,8.147703681892619,2842.5364012053205,2842.5364012053205,2203.081328280613,2203.081328280613,2203.081328280613,1.2200384688112886,1.2200384688112886,3468.0037584668903,3468.0037584668903,2687.843970422219,2687.843970422219,2687.843970422219,8849.15000758586,8849.15000758586,8068.99021954119,8068.99021954119,8068.99021954119,4781.16168765587,5957323.020854151,28482.9245882982,2320.70429539147,2831.34851511319,8268.70831296181,0.0,0.0,0.0,0.0,0.0,km/person,million people,million km,litres/100km,million litres,$/litre,$m nominal ex GST,forecast_scenario_comparison.parquet; scenario_inputs/scenario_input_wide.parquet; mbu26_official_annual.csv,data/current_revenue_outlook/revenue_chart_rows.csv:current_comparison_1:2036Q3; data/current_revenue_outlook/revenue_chart_rows.csv:current_comparison_1:2036Q4; data/current_revenue_outlook/revenue_chart_rows.csv:current_comparison_1:2037Q1; data/current_revenue_outlook/revenue_chart_rows.csv:current_comparison_1:2037Q2,scenario_inputs/scenario_input_wide.parquet:PED:population (2036Q3; 2036Q4; 2037Q1; 2037Q2),data/current_revenue_outlook/revenue_chart_rows.csv:current_comparison_1:2036Q3; data/current_revenue_outlook/revenue_chart_rows.csv:current_comparison_1:2036Q4; data/current_revenue_outlook/revenue_chart_rows.csv:current_comparison_1:2037Q1; data/current_revenue_outlook/revenue_chart_rows.csv:current_comparison_1:2037Q2; data/current_revenue_outlook/revenue_chart_rows.csv:current_comparison_1:2036Q3; data/current_revenue_outlook/revenue_chart_rows.csv:current_comparison_1:2036Q4; data/current_revenue_outlook/revenue_chart_rows.csv:current_comparison_1:2037Q1; data/current_revenue_outlook/revenue_chart_rows.csv:current_comparison_1:2037Q2; AM16; AM10; AM12; AM14; scenario_inputs/scenario_input_wide.parquet:PED:population (2036Q3; 2036Q4; 2037Q1; 2037Q2),"raw_light_petrol_vkt = ped_vkt_per_capita * scenario_population / 1,000,000; optimized_light_petrol_vkt = raw_light_petrol_vkt + optimization_delta; gross_ped_revenue = selected_light_petrol_vkt * base_litres_per_100km / 100 * ped_rate_nzd_per_litre",available,Raw bridge uses current-finalist PED VKTpc times scenario population. Optimized bridge then applies the PED+Light EV/PHEV migration allocation before MBU26 litres intensity and PED rate.
2038,FY2038,Current finalist High population/comparison,current_comparison_1,current_comparison_1,comparison,Current planned path,optimized,5483.019830612893,5483.019830612893,6398795.640324938,6.398795640324938,6.398795640324938,scenario_inputs/scenario_input_wide.parquet:PED:population (2037Q3; 2037Q4; 2038Q1; 2038Q2),scenario_input_population,False,,35084.72338794096,35084.72338794096,26065.43015115785,26065.43015115785,26065.43015115785,-9019.293236783113,-9019.293236783113,8.060605193348296,2828.0410354802534,2828.0410354802534,2101.0314164328024,2101.0314164328024,2101.0314164328024,1.26001103375754,1.26001103375754,3563.362908624218,3563.362908624218,2647.3227669765643,2647.3227669765643,2647.3227669765643,9326.246274962634,9326.246274962634,8410.20613331498,8410.20613331498,8410.20613331498,4533.86454139067,6009742.955260797,27247.3604877293,2196.30215452424,2767.364948166,8542.71252940298,0.0,0.0,0.0,0.0,0.0,km/person,million people,million km,litres/100km,million litres,$/litre,$m nominal ex GST,forecast_scenario_comparison.parquet; scenario_inputs/scenario_input_wide.parquet; mbu26_official_annual.csv,data/current_revenue_outlook/revenue_chart_rows.csv:current_comparison_1:2037Q3; data/current_revenue_outlook/revenue_chart_rows.csv:current_comparison_1:2037Q4; data/current_revenue_outlook/revenue_chart_rows.csv:current_comparison_1:2038Q1; data/current_revenue_outlook/revenue_chart_rows.csv:current_comparison_1:2038Q2,scenario_inputs/scenario_input_wide.parquet:PED:population (2037Q3; 2037Q4; 2038Q1; 2038Q2),data/current_revenue_outlook/revenue_chart_rows.csv:current_comparison_1:2037Q3; data/current_revenue_outlook/revenue_chart_rows.csv:current_comparison_1:2037Q4; data/current_revenue_outlook/revenue_chart_rows.csv:current_comparison_1:2038Q1; data/current_revenue_outlook/revenue_chart_rows.csv:current_comparison_1:2038Q2; data/current_revenue_outlook/revenue_chart_rows.csv:current_comparison_1:2037Q3; data/current_revenue_outlook/revenue_chart_rows.csv:current_comparison_1:2037Q4; data/current_revenue_outlook/revenue_chart_rows.csv:current_comparison_1:2038Q1; data/current_revenue_outlook/revenue_chart_rows.csv:current_comparison_1:2038Q2; AN16; AN10; AN12; AN14; scenario_inputs/scenario_input_wide.parquet:PED:population (2037Q3; 2037Q4; 2038Q1; 2038Q2),"raw_light_petrol_vkt = ped_vkt_per_capita * scenario_population / 1,000,000; optimized_light_petrol_vkt = raw_light_petrol_vkt + optimization_delta; gross_ped_revenue = selected_light_petrol_vkt * base_litres_per_100km / 100 * ped_rate_nzd_per_litre",available,Raw bridge uses current-finalist PED VKTpc times scenario population. Optimized bridge then applies the PED+Light EV/PHEV migration allocation before MBU26 litres intensity and PED rate.
2039,FY2039,Current finalist High population/comparison,current_comparison_1,current_comparison_1,comparison,Current planned path,optimized,5432.4166274082,5432.4166274082,6494777.54854649,6.49477754854649,6.49477754854649,scenario_inputs/scenario_input_wide.parquet:PED:population (2038Q3; 2038Q4; 2039Q1; 2039Q2),scenario_input_population,False,,35282.33754604142,35282.33754604142,24909.3547240922,24909.3547240922,24909.3547240922,-10372.982821949216,-10372.982821949216,7.973505925734825,2813.239274971376,2813.239274971376,1986.1488749877992,1986.1488749877992,1986.1488749877992,1.2999738677723927,1.2999738677723927,3657.137541253741,3657.137541253741,2581.9416349896755,2581.9416349896755,2581.9416349896755,9843.226134249679,9843.226134249679,8768.030227985611,8768.030227985611,8768.030227985611,4265.03442932969,6061275.390555834,25851.5482263694,2061.27472972376,2679.60328294049,8832.79426457145,0.0,0.0,0.0,0.0,0.0,km/person,million people,million km,litres/100km,million litres,$/litre,$m nominal ex GST,forecast_scenario_comparison.parquet; scenario_inputs/scenario_input_wide.parquet; mbu26_official_annual.csv,data/current_revenue_outlook/revenue_chart_rows.csv:current_comparison_1:2038Q3; data/current_revenue_outlook/revenue_chart_rows.csv:current_comparison_1:2038Q4; data/current_revenue_outlook/revenue_chart_rows.csv:current_comparison_1:2039Q1; data/current_revenue_outlook/revenue_chart_rows.csv:current_comparison_1:2039Q2,scenario_inputs/scenario_input_wide.parquet:PED:population (2038Q3; 2038Q4; 2039Q1; 2039Q2),data/current_revenue_outlook/revenue_chart_rows.csv:current_comparison_1:2038Q3; data/current_revenue_outlook/revenue_chart_rows.csv:current_comparison_1:2038Q4; data/current_revenue_outlook/revenue_chart_rows.csv:current_comparison_1:2039Q1; data/current_revenue_outlook/revenue_chart_rows.csv:current_comparison_1:2039Q2; data/current_revenue_outlook/revenue_chart_rows.csv:current_comparison_1:2038Q3; data/current_revenue_outlook/revenue_chart_rows.csv:current_comparison_1:2038Q4; data/current_revenue_outlook/revenue_chart_rows.csv:current_comparison_1:2039Q1; data/current_revenue_outlook/revenue_chart_rows.csv:current_comparison_1:2039Q2; AO16; AO10; AO12; AO14; scenario_inputs/scenario_input_wide.parquet:PED:population (2038Q3; 2038Q4; 2039Q1; 2039Q2),"raw_light_petrol_vkt = ped_vkt_per_capita * scenario_population / 1,000,000; optimized_light_petrol_vkt = raw_light_petrol_vkt + optimization_delta; gross_ped_revenue = selected_light_petrol_vkt * base_litres_per_100km / 100 * ped_rate_nzd_per_litre",available,Raw bridge uses current-finalist PED VKTpc times scenario population. Optimized bridge then applies the PED+Light EV/PHEV migration allocation before MBU26 litres intensity and PED rate.
2040,FY2040,Current finalist High population/comparison,current_comparison_1,current_comparison_1,comparison,Current planned path,optimized,5382.273311938023,5382.273311938023,6592199.210729688,6.592199210729689,6.592199210729689,scenario_inputs/scenario_input_wide.parquet:PED:population (2039Q3; 2039Q4; 2040Q1; 2040Q2),scenario_input_population,False,,35481.017878889295,35481.017878889295,23596.324177129914,23596.324177129914,23596.324177129914,-11884.693701759381,-11884.693701759381,7.886398872548973,2798.1745939696248,2798.1745939696248,1860.9002438681744,1860.9002438681744,1860.9002438681744,1.3399128408042527,1.3399128408042527,3749.310069272126,3749.310069272126,2493.4441322147322,2493.4441322147322,2493.4441322147322,10402.267446160773,10402.267446160773,9146.40150910338,9146.40150910338,9146.40150910338,3981.00455821593,6112275.3267393205,24332.99593682,1918.99711721876,2571.28887882776,9143.42684394959,0.0,0.0,0.0,0.0,0.0,km/person,million people,million km,litres/100km,million litres,$/litre,$m nominal ex GST,forecast_scenario_comparison.parquet; scenario_inputs/scenario_input_wide.parquet; mbu26_official_annual.csv,data/current_revenue_outlook/revenue_chart_rows.csv:current_comparison_1:2039Q3; data/current_revenue_outlook/revenue_chart_rows.csv:current_comparison_1:2039Q4; data/current_revenue_outlook/revenue_chart_rows.csv:current_comparison_1:2040Q1; data/current_revenue_outlook/revenue_chart_rows.csv:current_comparison_1:2040Q2,scenario_inputs/scenario_input_wide.parquet:PED:population (2039Q3; 2039Q4; 2040Q1; 2040Q2),data/current_revenue_outlook/revenue_chart_rows.csv:current_comparison_1:2039Q3; data/current_revenue_outlook/revenue_chart_rows.csv:current_comparison_1:2039Q4; data/current_revenue_outlook/revenue_chart_rows.csv:current_comparison_1:2040Q1; data/current_revenue_outlook/revenue_chart_rows.csv:current_comparison_1:2040Q2; data/current_revenue_outlook/revenue_chart_rows.csv:current_comparison_1:2039Q3; data/current_revenue_outlook/revenue_chart_rows.csv:current_comparison_1:2039Q4; data/current_revenue_outlook/revenue_chart_rows.csv:current_comparison_1:2040Q1; data/current_revenue_outlook/revenue_chart_rows.csv:current_comparison_1:2040Q2; AP16; AP10; AP12; AP14; scenario_inputs/scenario_input_wide.parquet:PED:population (2039Q3; 2039Q4; 2040Q1; 2040Q2),"raw_light_petrol_vkt = ped_vkt_per_capita * scenario_population / 1,000,000; optimized_light_petrol_vkt = raw_light_petrol_vkt + optimization_delta; gross_ped_revenue = selected_light_petrol_vkt * base_litres_per_100km / 100 * ped_rate_nzd_per_litre",available,Raw bridge uses current-finalist PED VKTpc times scenario population. Optimized bridge then applies the PED+Light EV/PHEV migration allocation before MBU26 litres intensity and PED rate.
2041,FY2041,Current finalist High population/comparison,current_comparison_1,current_comparison_1,comparison,Current planned path,optimized,5332.367613302237,5332.367613302237,6691080.912716531,6.691080912716531,6.691080912716531,scenario_inputs/scenario_input_wide.parquet:PED:population (2040Q3; 2040Q4; 2041Q1; 2041Q2),scenario_input_population,False,,35679.303156954404,35679.303156954404,22186.84541265764,22186.84541265764,22186.84541265764,-13492.457744296764,-13492.457744296764,7.799322541185269,2782.743933658172,2782.743933658172,1730.423635447337,1730.423635447337,1730.423635447337,1.3798528544506345,1.3798528544506345,3839.777160063416,3839.777160063416,2387.729992780852,2387.729992780852,2387.729992780852,10998.413843209779,10998.413843209779,9546.366675927215,9546.366675927215,9546.366675927215,3686.68590633845,6163275.262922802,22722.0600487019,1772.16675120006,2445.32935020591,9470.23778897839,0.0,0.0,0.0,0.0,0.0,km/person,million people,million km,litres/100km,million litres,$/litre,$m nominal ex GST,forecast_scenario_comparison.parquet; scenario_inputs/scenario_input_wide.parquet; mbu26_official_annual.csv,data/current_revenue_outlook/revenue_chart_rows.csv:current_comparison_1:2040Q3; data/current_revenue_outlook/revenue_chart_rows.csv:current_comparison_1:2040Q4; data/current_revenue_outlook/revenue_chart_rows.csv:current_comparison_1:2041Q1; data/current_revenue_outlook/revenue_chart_rows.csv:current_comparison_1:2041Q2,scenario_inputs/scenario_input_wide.parquet:PED:population (2040Q3; 2040Q4; 2041Q1; 2041Q2),data/current_revenue_outlook/revenue_chart_rows.csv:current_comparison_1:2040Q3; data/current_revenue_outlook/revenue_chart_rows.csv:current_comparison_1:2040Q4; data/current_revenue_outlook/revenue_chart_rows.csv:current_comparison_1:2041Q1; data/current_revenue_outlook/revenue_chart_rows.csv:current_comparison_1:2041Q2; data/current_revenue_outlook/revenue_chart_rows.csv:current_comparison_1:2040Q3; data/current_revenue_outlook/revenue_chart_rows.csv:current_comparison_1:2040Q4; data/current_revenue_outlook/revenue_chart_rows.csv:current_comparison_1:2041Q1; data/current_revenue_outlook/revenue_chart_rows.csv:current_comparison_1:2041Q2; AQ16; AQ10; AQ12; AQ14; scenario_inputs/scenario_input_wide.parquet:PED:population (2040Q3; 2040Q4; 2041Q1; 2041Q2),"raw_light_petrol_vkt = ped_vkt_per_capita * scenario_population / 1,000,000; optimized_light_petrol_vkt = raw_light_petrol_vkt + optimization_delta; gross_ped_revenue = selected_light_petrol_vkt * base_litres_per_100km / 100 * ped_rate_nzd_per_litre",available,Raw bridge uses current-finalist PED VKTpc times scenario population. Optimized bridge then applies the PED+Light EV/PHEV migration allocation before MBU26 litres intensity and PED rate.
2042,FY2042,Current finalist High population/comparison,current_comparison_1,current_comparison_1,comparison,Current planned path,optimized,5281.493651081697,5281.493651081697,6791445.3324544635,6.7914453324544635,6.7914453324544635,scenario_inputs/scenario_input_wide.parquet:PED:population (2041Q3; 2041Q4; 2042Q1; 2042Q2),scenario_input_population,False,,35868.97540502667,35868.97540502667,20633.6887359452,20633.6887359452,20633.6887359452,-15235.28666908147,-15235.28666908147,7.712254584034743,2766.306699920464,2766.306699920464,1591.3226053933943,1591.3226053933943,1591.3226053933943,1.4198075992979604,1.4198075992979604,3927.623274535937,3927.623274535937,2259.3719280721707,2259.3719280721707,2259.3719280721707,11637.177349632853,11637.177349632853,9968.926003169086,9968.926003169086,9968.926003169086,3365.39913896083,6214275.199106245,20913.5164043378,1612.9036275764,2290.01282736822,9804.3465944076,0.0,0.0,0.0,0.0,0.0,km/person,million people,million km,litres/100km,million litres,$/litre,$m nominal ex GST,forecast_scenario_comparison.parquet; scenario_inputs/scenario_input_wide.parquet; mbu26_official_annual.csv,data/current_revenue_outlook/revenue_chart_rows.csv:current_comparison_1:2041Q3; data/current_revenue_outlook/revenue_chart_rows.csv:current_comparison_1:2041Q4; data/current_revenue_outlook/revenue_chart_rows.csv:current_comparison_1:2042Q1; data/current_revenue_outlook/revenue_chart_rows.csv:current_comparison_1:2042Q2,scenario_inputs/scenario_input_wide.parquet:PED:population (2041Q3; 2041Q4; 2042Q1; 2042Q2),data/current_revenue_outlook/revenue_chart_rows.csv:current_comparison_1:2041Q3; data/current_revenue_outlook/revenue_chart_rows.csv:current_comparison_1:2041Q4; data/current_revenue_outlook/revenue_chart_rows.csv:current_comparison_1:2042Q1; data/current_revenue_outlook/revenue_chart_rows.csv:current_comparison_1:2042Q2; data/current_revenue_outlook/revenue_chart_rows.csv:current_comparison_1:2041Q3; data/current_revenue_outlook/revenue_chart_rows.csv:current_comparison_1:2041Q4; data/current_revenue_outlook/revenue_chart_rows.csv:current_comparison_1:2042Q1; data/current_revenue_outlook/revenue_chart_rows.csv:current_comparison_1:2042Q2; AR16; AR10; AR12; AR14; scenario_inputs/scenario_input_wide.parquet:PED:population (2041Q3; 2041Q4; 2042Q1; 2042Q2),"raw_light_petrol_vkt = ped_vkt_per_capita * scenario_population / 1,000,000; optimized_light_petrol_vkt = raw_light_petrol_vkt + optimization_delta; gross_ped_revenue = selected_light_petrol_vkt * base_litres_per_100km / 100 * ped_rate_nzd_per_litre",available,Raw bridge uses current-finalist PED VKTpc times scenario population. Optimized bridge then applies the PED+Light EV/PHEV migration allocation before MBU26 litres intensity and PED rate.
2043,FY2043,Current finalist High population/comparison,current_comparison_1,current_comparison_1,comparison,Current planned path,optimized,5230.620703292563,5230.620703292563,6893316.865273039,6.8933168652730386,6.8933168652730386,scenario_inputs/scenario_input_wide.parquet:PED:population (2042Q3; 2042Q4; 2043Q1; 2043Q2),scenario_input_population,False,,36056.32590985295,36056.32590985295,19050.158110666474,19050.158110666474,19050.158110666474,-17006.167799186478,-17006.167799186478,7.625135432509178,2749.3436826131847,2749.3436826131847,1452.6003560454503,1452.6003560454503,1452.6003560454503,1.4598249947423272,1.4598249947423272,4013.5606270156427,4013.5606270156427,2120.5423071267523,2120.5423071267523,2120.5423071267523,12304.867478167393,12304.867478167393,10411.849158278503,10411.849158278503,10411.849158278503,3046.78926417717,6265275.135289726,19088.9730193169,1455.56004539805,2124.86293562035,10144.760461124,0.0,0.0,0.0,0.0,0.0,km/person,million people,million km,litres/100km,million litres,$/litre,$m nominal ex GST,forecast_scenario_comparison.parquet; scenario_inputs/scenario_input_wide.parquet; mbu26_official_annual.csv,data/current_revenue_outlook/revenue_chart_rows.csv:current_comparison_1:2042Q3; data/current_revenue_outlook/revenue_chart_rows.csv:current_comparison_1:2042Q4; data/current_revenue_outlook/revenue_chart_rows.csv:current_comparison_1:2043Q1; data/current_revenue_outlook/revenue_chart_rows.csv:current_comparison_1:2043Q2,scenario_inputs/scenario_input_wide.parquet:PED:population (2042Q3; 2042Q4; 2043Q1; 2043Q2),data/current_revenue_outlook/revenue_chart_rows.csv:current_comparison_1:2042Q3; data/current_revenue_outlook/revenue_chart_rows.csv:current_comparison_1:2042Q4; data/current_revenue_outlook/revenue_chart_rows.csv:current_comparison_1:2043Q1; data/current_revenue_outlook/revenue_chart_rows.csv:current_comparison_1:2043Q2; data/current_revenue_outlook/revenue_chart_rows.csv:current_comparison_1:2042Q3; data/current_revenue_outlook/revenue_chart_rows.csv:current_comparison_1:2042Q4; data/current_revenue_outlook/revenue_chart_rows.csv:current_comparison_1:2043Q1; data/current_revenue_outlook/revenue_chart_rows.csv:current_comparison_1:2043Q2; AS16; AS10; AS12; AS14; scenario_inputs/scenario_input_wide.parquet:PED:population (2042Q3; 2042Q4; 2043Q1; 2043Q2),"raw_light_petrol_vkt = ped_vkt_per_capita * scenario_population / 1,000,000; optimized_light_petrol_vkt = raw_light_petrol_vkt + optimization_delta; gross_ped_revenue = selected_light_petrol_vkt * base_litres_per_100km / 100 * ped_rate_nzd_per_litre",available,Raw bridge uses current-finalist PED VKTpc times scenario population. Optimized bridge then applies the PED+Light EV/PHEV migration allocation before MBU26 litres intensity and PED rate.
2044,FY2044,Current finalist High population/comparison,current_comparison_1,current_comparison_1,comparison,Current planned path,optimized,5180.199434743279,5180.199434743279,6996716.607207342,6.996716607207342,6.996716607207342,scenario_inputs/scenario_input_wide.parquet:PED:population (2043Q3; 2043Q4; 2044Q1; 2044Q2),scenario_input_population,False,,36244.38741371439,36244.38741371439,17535.002824097115,17535.002824097115,17535.002824097115,-18709.38458961727,-18709.38458961727,7.538000256491559,2732.1020162095847,2732.1020162095847,1321.7885578562427,1321.7885578562427,1321.7885578562427,1.4998160102952343,1.4998160102952343,4097.650345671024,4097.650345671024,1982.4396412978415,1982.4396412978415,1982.4396412978415,12988.455452496604,12988.455452496604,10873.244748123423,10873.244748123423,10873.244748123423,2748.20812997984,6315150.072599419,17355.3467715605,1308.24608415523,1962.12842242206,10480.3361707828,0.0,0.0,0.0,0.0,0.0,km/person,million people,million km,litres/100km,million litres,$/litre,$m nominal ex GST,forecast_scenario_comparison.parquet; scenario_inputs/scenario_input_wide.parquet; mbu26_official_annual.csv,data/current_revenue_outlook/revenue_chart_rows.csv:current_comparison_1:2043Q3; data/current_revenue_outlook/revenue_chart_rows.csv:current_comparison_1:2043Q4; data/current_revenue_outlook/revenue_chart_rows.csv:current_comparison_1:2044Q1; data/current_revenue_outlook/revenue_chart_rows.csv:current_comparison_1:2044Q2,scenario_inputs/scenario_input_wide.parquet:PED:population (2043Q3; 2043Q4; 2044Q1; 2044Q2),data/current_revenue_outlook/revenue_chart_rows.csv:current_comparison_1:2043Q3; data/current_revenue_outlook/revenue_chart_rows.csv:current_comparison_1:2043Q4; data/current_revenue_outlook/revenue_chart_rows.csv:current_comparison_1:2044Q1; data/current_revenue_outlook/revenue_chart_rows.csv:current_comparison_1:2044Q2; data/current_revenue_outlook/revenue_chart_rows.csv:current_comparison_1:2043Q3; data/current_revenue_outlook/revenue_chart_rows.csv:current_comparison_1:2043Q4; data/current_revenue_outlook/revenue_chart_rows.csv:current_comparison_1:2044Q1; data/current_revenue_outlook/revenue_chart_rows.csv:current_comparison_1:2044Q2; AT16; AT10; AT12; AT14; scenario_inputs/scenario_input_wide.parquet:PED:population (2043Q3; 2043Q4; 2044Q1; 2044Q2),"raw_light_petrol_vkt = ped_vkt_per_capita * scenario_population / 1,000,000; optimized_light_petrol_vkt = raw_light_petrol_vkt + optimization_delta; gross_ped_revenue = selected_light_petrol_vkt * base_litres_per_100km / 100 * ped_rate_nzd_per_litre",available,Raw bridge uses current-finalist PED VKTpc times scenario population. Optimized bridge then applies the PED+Light EV/PHEV migration allocation before MBU26 litres intensity and PED rate.
2045,FY2045,Current finalist High population/comparison,current_comparison_1,current_comparison_1,comparison,Current planned path,optimized,5130.261824903796,5130.261824903796,7101667.3565400485,7.101667356540048,7.101667356540048,scenario_inputs/scenario_input_wide.parquet:PED:population (2044Q3; 2044Q4; 2045Q1; 2045Q2),scenario_input_population,False,,36433.41293242286,36433.41293242286,16102.129653171414,16102.129653171414,16102.129653171414,-20331.28327925145,-20331.28327925145,7.450855176983784,2714.6008336273085,2714.6008336273085,1199.7463608679634,1199.7463608679634,1199.7463608679634,1.5397850358388132,1.5397850358388132,4179.901741894897,4179.901741894897,1847.3514932665628,1847.3514932665628,1847.3514932665628,13685.614017736807,13685.614017736807,11353.063769108472,11353.063769108472,11353.063769108472,2473.5812475664,6364350.011035207,15742.7368402457,1172.96852286038,1806.11937901037,10824.7010196728,0.0,0.0,0.0,0.0,0.0,km/person,million people,million km,litres/100km,million litres,$/litre,$m nominal ex GST,forecast_scenario_comparison.parquet; scenario_inputs/scenario_input_wide.parquet; mbu26_official_annual.csv,data/current_revenue_outlook/revenue_chart_rows.csv:current_comparison_1:2044Q3; data/current_revenue_outlook/revenue_chart_rows.csv:current_comparison_1:2044Q4; data/current_revenue_outlook/revenue_chart_rows.csv:current_comparison_1:2045Q1; data/current_revenue_outlook/revenue_chart_rows.csv:current_comparison_1:2045Q2,scenario_inputs/scenario_input_wide.parquet:PED:population (2044Q3; 2044Q4; 2045Q1; 2045Q2),data/current_revenue_outlook/revenue_chart_rows.csv:current_comparison_1:2044Q3; data/current_revenue_outlook/revenue_chart_rows.csv:current_comparison_1:2044Q4; data/current_revenue_outlook/revenue_chart_rows.csv:current_comparison_1:2045Q1; data/current_revenue_outlook/revenue_chart_rows.csv:current_comparison_1:2045Q2; data/current_revenue_outlook/revenue_chart_rows.csv:current_comparison_1:2044Q3; data/current_revenue_outlook/revenue_chart_rows.csv:current_comparison_1:2044Q4; data/current_revenue_outlook/revenue_chart_rows.csv:current_comparison_1:2045Q1; data/current_revenue_outlook/revenue_chart_rows.csv:current_comparison_1:2045Q2; AU16; AU10; AU12; AU14; scenario_inputs/scenario_input_wide.parquet:PED:population (2044Q3; 2044Q4; 2045Q1; 2045Q2),"raw_light_petrol_vkt = ped_vkt_per_capita * scenario_population / 1,000,000; optimized_light_petrol_vkt = raw_light_petrol_vkt + optimization_delta; gross_ped_revenue = selected_light_petrol_vkt * base_litres_per_100km / 100 * ped_rate_nzd_per_litre",available,Raw bridge uses current-finalist PED VKTpc times scenario population. Optimized bridge then applies the PED+Light EV/PHEV migration allocation before MBU26 litres intensity and PED rate.
2046,FY2046,Current finalist High population/comparison,current_comparison_1,current_comparison_1,comparison,Current planned path,optimized,5080.806128993432,5080.806128993432,7208192.368063623,7.2081923680636235,7.2081923680636235,scenario_inputs/scenario_input_wide.parquet:PED:population (2045Q3; 2045Q4; 2046Q1; 2046Q2),scenario_input_population,False,,36623.42796262134,36623.42796262134,14739.685131316703,14739.685131316703,14739.685131316703,-21883.742831304637,-21883.742831304637,7.3637059302644055,2696.84153674966,2696.84153674966,1085.3870681170688,1085.3870681170688,1085.3870681170688,1.579745035410907,1.579745035410907,4260.322028970197,4260.322028970197,1714.6348323571394,1714.6348323571394,1714.6348323571394,14397.847557372923,14397.847557372923,11852.160360759866,11852.160360759866,11852.160360759866,2224.38341529434,6413549.949471025,14266.1941407652,1050.52058396656,1659.55467711814,11204.3799668378,0.0,0.0,0.0,0.0,0.0,km/person,million people,million km,litres/100km,million litres,$/litre,$m nominal ex GST,forecast_scenario_comparison.parquet; scenario_inputs/scenario_input_wide.parquet; mbu26_official_annual.csv,data/current_revenue_outlook/revenue_chart_rows.csv:current_comparison_1:2045Q3; data/current_revenue_outlook/revenue_chart_rows.csv:current_comparison_1:2045Q4; data/current_revenue_outlook/revenue_chart_rows.csv:current_comparison_1:2046Q1; data/current_revenue_outlook/revenue_chart_rows.csv:current_comparison_1:2046Q2,scenario_inputs/scenario_input_wide.parquet:PED:population (2045Q3; 2045Q4; 2046Q1; 2046Q2),data/current_revenue_outlook/revenue_chart_rows.csv:current_comparison_1:2045Q3; data/current_revenue_outlook/revenue_chart_rows.csv:current_comparison_1:2045Q4; data/current_revenue_outlook/revenue_chart_rows.csv:current_comparison_1:2046Q1; data/current_revenue_outlook/revenue_chart_rows.csv:current_comparison_1:2046Q2; data/current_revenue_outlook/revenue_chart_rows.csv:current_comparison_1:2045Q3; data/current_revenue_outlook/revenue_chart_rows.csv:current_comparison_1:2045Q4; data/current_revenue_outlook/revenue_chart_rows.csv:current_comparison_1:2046Q1; data/current_revenue_outlook/revenue_chart_rows.csv:current_comparison_1:2046Q2; AV16; AV10; AV12; AV14; scenario_inputs/scenario_input_wide.parquet:PED:population (2045Q3; 2045Q4; 2046Q1; 2046Q2),"raw_light_petrol_vkt = ped_vkt_per_capita * scenario_population / 1,000,000; optimized_light_petrol_vkt = raw_light_petrol_vkt + optimization_delta; gross_ped_revenue = selected_light_petrol_vkt * base_litres_per_100km / 100 * ped_rate_nzd_per_litre",available,Raw bridge uses current-finalist PED VKTpc times scenario population. Optimized bridge then applies the PED+Light EV/PHEV migration allocation before MBU26 litres intensity and PED rate.
2047,FY2047,Current finalist High population/comparison,current_comparison_1,current_comparison_1,comparison,Current planned path,optimized,5031.827924505993,5031.827924505993,7316315.25485848,7.3163152548584796,7.3163152548584796,scenario_inputs/scenario_input_wide.parquet:PED:population (2046Q3; 2046Q4; 2047Q1; 2047Q2),scenario_input_population,False,,36814.43940388608,36814.43940388608,13506.766269902091,13506.766269902091,13506.766269902091,-23307.673133983986,-23307.673133983986,7.276550267891755,2678.82118906632,2678.82118906632,982.8266371960739,982.8266371960739,982.8266371960739,1.619719190351213,1.619719190351213,4338.938087450174,4338.938087450174,1591.90316505483,1591.90316505483,1591.90316505483,15115.032911892516,15115.032911892516,12367.997989497171,12367.997989497171,12367.997989497171,1998.84262548416,6462749.887906855,12918.0199537912,939.986215553904,1522.51371199827,11607.428851371,0.0,0.0,0.0,0.0,0.0,km/person,million people,million km,litres/100km,million litres,$/litre,$m nominal ex GST,forecast_scenario_comparison.parquet; scenario_inputs/scenario_input_wide.parquet; mbu26_official_annual.csv,data/current_revenue_outlook/revenue_chart_rows.csv:current_comparison_1:2046Q3; data/current_revenue_outlook/revenue_chart_rows.csv:current_comparison_1:2046Q4; data/current_revenue_outlook/revenue_chart_rows.csv:current_comparison_1:2047Q1; data/current_revenue_outlook/revenue_chart_rows.csv:current_comparison_1:2047Q2,scenario_inputs/scenario_input_wide.parquet:PED:population (2046Q3; 2046Q4; 2047Q1; 2047Q2),data/current_revenue_outlook/revenue_chart_rows.csv:current_comparison_1:2046Q3; data/current_revenue_outlook/revenue_chart_rows.csv:current_comparison_1:2046Q4; data/current_revenue_outlook/revenue_chart_rows.csv:current_comparison_1:2047Q1; data/current_revenue_outlook/revenue_chart_rows.csv:current_comparison_1:2047Q2; data/current_revenue_outlook/revenue_chart_rows.csv:current_comparison_1:2046Q3; data/current_revenue_outlook/revenue_chart_rows.csv:current_comparison_1:2046Q4; data/current_revenue_outlook/revenue_chart_rows.csv:current_comparison_1:2047Q1; data/current_revenue_outlook/revenue_chart_rows.csv:current_comparison_1:2047Q2; AW16; AW10; AW12; AW14; scenario_inputs/scenario_input_wide.parquet:PED:population (2046Q3; 2046Q4; 2047Q1; 2047Q2),"raw_light_petrol_vkt = ped_vkt_per_capita * scenario_population / 1,000,000; optimized_light_petrol_vkt = raw_light_petrol_vkt + optimization_delta; gross_ped_revenue = selected_light_petrol_vkt * base_litres_per_100km / 100 * ped_rate_nzd_per_litre",available,Raw bridge uses current-finalist PED VKTpc times scenario population. Optimized bridge then applies the PED+Light EV/PHEV migration allocation before MBU26 litres intensity and PED rate.
2048,FY2048,Current finalist High population/comparison,current_comparison_1,current_comparison_1,comparison,Current planned path,optimized,4983.3226144391865,4983.3226144391865,7426059.984983577,7.426059984983578,7.426059984983578,scenario_inputs/scenario_input_wide.parquet:PED:population (2047Q3; 2047Q4; 2048Q1; 2048Q2),scenario_input_population,False,,37006.45265935059,37006.45265935059,12423.145806076787,12423.145806076787,12423.145806076787,-24583.3068532738,-24583.3068532738,7.189391807545562,2660.5388757545775,2660.5388757545775,893.1486268215245,893.1486268215245,893.1486268215245,1.6597352391364104,1.6597352391364104,4415.79012718224,4415.79012718224,1482.3902497219797,1482.3902497219797,1482.3902497219797,15832.889495297288,15832.889495297288,12899.489617837025,12899.489617837025,12899.489617837025,1797.61629814668,6511949.826342656,11705.987140547,841.589280474823,1396.81538568352,12051.183033534,0.0,0.0,0.0,0.0,0.0,km/person,million people,million km,litres/100km,million litres,$/litre,$m nominal ex GST,forecast_scenario_comparison.parquet; scenario_inputs/scenario_input_wide.parquet; mbu26_official_annual.csv,data/current_revenue_outlook/revenue_chart_rows.csv:current_comparison_1:2047Q3; data/current_revenue_outlook/revenue_chart_rows.csv:current_comparison_1:2047Q4; data/current_revenue_outlook/revenue_chart_rows.csv:current_comparison_1:2048Q1; data/current_revenue_outlook/revenue_chart_rows.csv:current_comparison_1:2048Q2,scenario_inputs/scenario_input_wide.parquet:PED:population (2047Q3; 2047Q4; 2048Q1; 2048Q2),data/current_revenue_outlook/revenue_chart_rows.csv:current_comparison_1:2047Q3; data/current_revenue_outlook/revenue_chart_rows.csv:current_comparison_1:2047Q4; data/current_revenue_outlook/revenue_chart_rows.csv:current_comparison_1:2048Q1; data/current_revenue_outlook/revenue_chart_rows.csv:current_comparison_1:2048Q2; data/current_revenue_outlook/revenue_chart_rows.csv:current_comparison_1:2047Q3; data/current_revenue_outlook/revenue_chart_rows.csv:current_comparison_1:2047Q4; data/current_revenue_outlook/revenue_chart_rows.csv:current_comparison_1:2048Q1; data/current_revenue_outlook/revenue_chart_rows.csv:current_comparison_1:2048Q2; AX16; AX10; AX12; AX14; scenario_inputs/scenario_input_wide.parquet:PED:population (2047Q3; 2047Q4; 2048Q1; 2048Q2),"raw_light_petrol_vkt = ped_vkt_per_capita * scenario_population / 1,000,000; optimized_light_petrol_vkt = raw_light_petrol_vkt + optimization_delta; gross_ped_revenue = selected_light_petrol_vkt * base_litres_per_100km / 100 * ped_rate_nzd_per_litre",available,Raw bridge uses current-finalist PED VKTpc times scenario population. Optimized bridge then applies the PED+Light EV/PHEV migration allocation before MBU26 litres intensity and PED rate.
2049,FY2049,Current finalist High population/comparison,current_comparison_1,current_comparison_1,comparison,Current planned path,optimized,4935.285628753914,4935.285628753914,7537450.886083423,7.537450886083423,7.537450886083423,scenario_inputs/scenario_input_wide.parquet:PED:population (2048Q3; 2048Q4; 2049Q1; 2049Q2),scenario_input_population,False,,37199.47303552598,37199.47303552598,11558.856938916484,11558.856938916484,11558.856938916484,-25640.616096609498,-25640.616096609498,7.102242223984312,2641.996681028785,2641.996681028785,820.9380181256671,820.9380181256671,820.9380181256671,1.6997375991319723,1.6997375991319723,4490.701095526507,4490.701095526507,1395.379215965081,1395.379215965081,1395.379215965081,16538.260220061624,16538.260220061624,13442.938340500197,13442.938340500197,13442.938340500197,1616.43788466169,6559437.2664927505,10602.9228996206,753.045267153356,1279.97935442894,12492.0158686577,0.0,0.0,0.0,0.0,0.0,km/person,million people,million km,litres/100km,million litres,$/litre,$m nominal ex GST,forecast_scenario_comparison.parquet; scenario_inputs/scenario_input_wide.parquet; mbu26_official_annual.csv,data/current_revenue_outlook/revenue_chart_rows.csv:current_comparison_1:2048Q3; data/current_revenue_outlook/revenue_chart_rows.csv:current_comparison_1:2048Q4; data/current_revenue_outlook/revenue_chart_rows.csv:current_comparison_1:2049Q1; data/current_revenue_outlook/revenue_chart_rows.csv:current_comparison_1:2049Q2,scenario_inputs/scenario_input_wide.parquet:PED:population (2048Q3; 2048Q4; 2049Q1; 2049Q2),data/current_revenue_outlook/revenue_chart_rows.csv:current_comparison_1:2048Q3; data/current_revenue_outlook/revenue_chart_rows.csv:current_comparison_1:2048Q4; data/current_revenue_outlook/revenue_chart_rows.csv:current_comparison_1:2049Q1; data/current_revenue_outlook/revenue_chart_rows.csv:current_comparison_1:2049Q2; data/current_revenue_outlook/revenue_chart_rows.csv:current_comparison_1:2048Q3; data/current_revenue_outlook/revenue_chart_rows.csv:current_comparison_1:2048Q4; data/current_revenue_outlook/revenue_chart_rows.csv:current_comparison_1:2049Q1; data/current_revenue_outlook/revenue_chart_rows.csv:current_comparison_1:2049Q2; AY16; AY10; AY12; AY14; scenario_inputs/scenario_input_wide.parquet:PED:population (2048Q3; 2048Q4; 2049Q1; 2049Q2),"raw_light_petrol_vkt = ped_vkt_per_capita * scenario_population / 1,000,000; optimized_light_petrol_vkt = raw_light_petrol_vkt + optimization_delta; gross_ped_revenue = selected_light_petrol_vkt * base_litres_per_100km / 100 * ped_rate_nzd_per_litre",available,Raw bridge uses current-finalist PED VKTpc times scenario population. Optimized bridge then applies the PED+Light EV/PHEV migration allocation before MBU26 litres intensity and PED rate.
2050,FY2050,Current finalist High population/comparison,current_comparison_1,current_comparison_1,comparison,Current planned path,optimized,4887.712440222228,4887.712440222228,7650512.650722547,7.650512650722548,7.650512650722548,scenario_inputs/scenario_input_wide.parquet:PED:population (2049Q3; 2049Q4; 2050Q1; 2050Q2),scenario_input_population,False,,37393.50585701413,37393.50585701413,10933.936923808655,10933.936923808655,10933.936923808655,-26459.56893320547,-26459.56893320547,7.015085168223659,2623.1862832542433,2623.1862832542433,767.0249874450311,767.0249874450311,767.0249874450311,1.7397737172505494,1.7397737172505494,4563.750551057888,4563.750551057888,1334.4499136312977,1334.4499136312977,1334.4499136312977,17224.282818349144,17224.282818349144,13994.982180922556,13994.982180922556,13994.982180922556,1453.07421427843,6605897.208357157,9598.85889563765,673.368126706594,1171.50816887837,12909.5821651262,0.0,0.0,0.0,0.0,0.0,km/person,million people,million km,litres/100km,million litres,$/litre,$m nominal ex GST,forecast_scenario_comparison.parquet; scenario_inputs/scenario_input_wide.parquet; mbu26_official_annual.csv,data/current_revenue_outlook/revenue_chart_rows.csv:current_comparison_1:2049Q3; data/current_revenue_outlook/revenue_chart_rows.csv:current_comparison_1:2049Q4; data/current_revenue_outlook/revenue_chart_rows.csv:current_comparison_1:2050Q1; data/current_revenue_outlook/revenue_chart_rows.csv:current_comparison_1:2050Q2,scenario_inputs/scenario_input_wide.parquet:PED:population (2049Q3; 2049Q4; 2050Q1; 2050Q2),data/current_revenue_outlook/revenue_chart_rows.csv:current_comparison_1:2049Q3; data/current_revenue_outlook/revenue_chart_rows.csv:current_comparison_1:2049Q4; data/current_revenue_outlook/revenue_chart_rows.csv:current_comparison_1:2050Q1; data/current_revenue_outlook/revenue_chart_rows.csv:current_comparison_1:2050Q2; data/current_revenue_outlook/revenue_chart_rows.csv:current_comparison_1:2049Q3; data/current_revenue_outlook/revenue_chart_rows.csv:current_comparison_1:2049Q4; data/current_revenue_outlook/revenue_chart_rows.csv:current_comparison_1:2050Q1; data/current_revenue_outlook/revenue_chart_rows.csv:current_comparison_1:2050Q2; AZ16; AZ10; AZ12; AZ14; scenario_inputs/scenario_input_wide.parquet:PED:population (2049Q3; 2049Q4; 2050Q1; 2050Q2),"raw_light_petrol_vkt = ped_vkt_per_capita * scenario_population / 1,000,000; optimized_light_petrol_vkt = raw_light_petrol_vkt + optimization_delta; gross_ped_revenue = selected_light_petrol_vkt * base_litres_per_100km / 100 * ped_rate_nzd_per_litre",available,Raw bridge uses current-finalist PED VKTpc times scenario population. Optimized bridge then applies the PED+Light EV/PHEV migration allocation before MBU26 litres intensity and PED rate.
