stream,model,h1_4_n,h1_4_mape,h1_4_bias,h5_8_n,h5_8_mape,h5_8_bias,h9_12_n,h9_12_mape,h9_12_bias,recent_2024_plus_n,recent_2024_plus_mape,recent_2024_plus_bias,stress_2022_23_n,stress_2022_23_mape,stress_2022_23_bias,annual_n,annual_mape,annual_bias
LIGHT_RUC,LIGHT_RUC__HPOREFINE_top3_mean,166,7.663241460908678,-0.4836077370671435,150,9.4741221386721,1.9964530680305004,134,10.529558767041244,4.065440692402257,108,6.866797780941051,-0.6330324621192773,96,18.984908006313535,6.697279435982841,78,5.992441666172811,1.3510831817922393
PED,PED__schiff__SCHIFF_OLS__noylag__w64,222,2.0404401388795503,0.24588248658416115,206,3.209117351343762,0.7972245389606015,190,4.165082727919456,1.3291410274107143,108,2.350110937179581,-1.9072105874701588,96,3.2844864857134373,-0.17376379222272695,109,2.965757956236625,0.8939118012835849
HEAVY_RUC,HEAVY_RUC__solver_static_convex_top18,166,2.9449673529882197,-0.12752155756772468,150,3.6270326218291045,-0.12334543708788438,134,4.254251250779513,0.8562247814085754,108,2.162247360407197,-0.08908198621038618,96,2.953979790480143,1.1608091003208665,78,3.171406050511394,0.07901808542889993
HEAVY_RUC,HEAVY_RUC__schiff_no_lead__SCHIFF_OLS__noylag__w40,166,5.890688800289067,4.6625282640284285,150,11.718581690856515,11.087737065154654,134,18.186102487529922,17.826060011510695,108,12.604933361440803,12.58061176891894,96,29.961840823164604,29.92950127435482,78,11.717803544852806,11.179954968160462
PED,PED__HPOREFINE_solver_static_convex_top18,222,1.555152207045429,0.643100856226572,206,2.504012939508072,1.5436958319818026,190,3.5158732389911256,2.506770396486814,108,0.9623656999078108,-0.15778800895694545,96,2.170775969398621,0.8618476712465103,109,2.385624944203041,1.6190818880900157
LIGHT_RUC,LIGHT_RUC__schiff__SCHIFF_OLS__noylag__w40,166,12.121018966373358,1.7870129191691078,150,16.169098277076532,5.909400190870857,134,17.79058462347042,9.099443031000614,108,24.021319434174618,23.77091657841392,96,20.915660081470275,3.2134194012767647,78,13.767670365851442,3.96046504920595
LIGHT_RUC,LIGHT_RUC__HPOREFINE_top5_median,166,7.591380213675067,-0.2677983151837699,150,9.301010494332154,2.1473908585685093,134,10.574745623926743,4.202174710552986,108,6.5823604049560185,-0.7428358474907283,96,18.880078826936174,6.490057948451165,78,6.097151089277773,1.5111345557102869
