scenario_name,scenario_role,stream,period,engine,input_workbook_sha256,drivers_changed,raw_model_output,post_macro_output,replay_status,error_class,error_message,fallback_used,commit_sha,scenario_input_artifact_sha256,fitted_state_tree_sha256
current_basecase,basecase,PED,2026Q1,ensemble,d0644d353ee5a073602186cf7ac5c16e707d5350e16fd037b73a65528067cc6a,population:5.35398e+06->5.35821e+06; real_gdp_per_capita_nzd:21243.8->21227,1529.8881193068491,1529.7454278971777,replayed,,,none,f908f241829d395d9d1633f56988695ddf0f411e,db5631a4024d2f2f8cfc05da20276a486ab238e88b01def6283aa9d5c94397a8,
current_basecase,basecase,PED,2026Q2,ensemble,d0644d353ee5a073602186cf7ac5c16e707d5350e16fd037b73a65528067cc6a,population:5.36599e+06->5.37e+06; real_gdp_per_capita_nzd:21317.1->21230.8,1529.4019970974282,1528.6712580526837,replayed,,,none,f908f241829d395d9d1633f56988695ddf0f411e,db5631a4024d2f2f8cfc05da20276a486ab238e88b01def6283aa9d5c94397a8,
current_basecase,basecase,PED,2026Q3,ensemble,d0644d353ee5a073602186cf7ac5c16e707d5350e16fd037b73a65528067cc6a,population:5.37802e+06->5.38543e+06; real_gdp_per_capita_nzd:21390.7->21302.7,1537.67393490705,1536.7119084951355,replayed,,,none,f908f241829d395d9d1633f56988695ddf0f411e,db5631a4024d2f2f8cfc05da20276a486ab238e88b01def6283aa9d5c94397a8,
current_basecase,basecase,PED,2026Q4,ensemble,d0644d353ee5a073602186cf7ac5c16e707d5350e16fd037b73a65528067cc6a,population:5.39008e+06->5.40091e+06; real_gdp_per_capita_nzd:21464.5->21408.7,1547.5834747893223,1547.1091371081434,replayed,,,none,f908f241829d395d9d1633f56988695ddf0f411e,db5631a4024d2f2f8cfc05da20276a486ab238e88b01def6283aa9d5c94397a8,
current_basecase,basecase,PED,2027Q1,ensemble,d0644d353ee5a073602186cf7ac5c16e707d5350e16fd037b73a65528067cc6a,population:5.40083e+06->5.41643e+06; real_gdp_per_capita_nzd:21549.1->21527.8,1531.4418782380003,1531.2633649931868,replayed,,,none,f908f241829d395d9d1633f56988695ddf0f411e,db5631a4024d2f2f8cfc05da20276a486ab238e88b01def6283aa9d5c94397a8,
current_basecase,basecase,PED,2027Q2,ensemble,d0644d353ee5a073602186cf7ac5c16e707d5350e16fd037b73a65528067cc6a,population:5.4116e+06->5.432e+06; real_gdp_per_capita_nzd:21634.2->21644.6,1524.3091667099493,1524.395747657601,replayed,,,none,f908f241829d395d9d1633f56988695ddf0f411e,db5631a4024d2f2f8cfc05da20276a486ab238e88b01def6283aa9d5c94397a8,
current_basecase,basecase,PED,2027Q3,ensemble,d0644d353ee5a073602186cf7ac5c16e707d5350e16fd037b73a65528067cc6a,population:5.42239e+06->5.44818e+06; real_gdp_per_capita_nzd:21719.5->21755.1,1531.3876310781338,1531.5713052969425,replayed,,,none,f908f241829d395d9d1633f56988695ddf0f411e,db5631a4024d2f2f8cfc05da20276a486ab238e88b01def6283aa9d5c94397a8,
current_basecase,basecase,PED,2027Q4,ensemble,d0644d353ee5a073602186cf7ac5c16e707d5350e16fd037b73a65528067cc6a,population:5.4332e+06->5.4644e+06; real_gdp_per_capita_nzd:21805.2->21858.2,1546.534628746646,1546.8644948009671,replayed,,,none,f908f241829d395d9d1633f56988695ddf0f411e,db5631a4024d2f2f8cfc05da20276a486ab238e88b01def6283aa9d5c94397a8,
current_basecase,basecase,PED,2028Q1,ensemble,d0644d353ee5a073602186cf7ac5c16e707d5350e16fd037b73a65528067cc6a,population:5.44403e+06->5.48068e+06; real_gdp_per_capita_nzd:21875.1->21954.1,1532.9252976404525,1533.5728770666105,replayed,,,none,f908f241829d395d9d1633f56988695ddf0f411e,db5631a4024d2f2f8cfc05da20276a486ab238e88b01def6283aa9d5c94397a8,
current_basecase,basecase,PED,2028Q2,ensemble,d0644d353ee5a073602186cf7ac5c16e707d5350e16fd037b73a65528067cc6a,population:5.45489e+06->5.497e+06; real_gdp_per_capita_nzd:21945.3->22042,1527.1988871945018,1527.9853275783398,replayed,,,none,f908f241829d395d9d1633f56988695ddf0f411e,db5631a4024d2f2f8cfc05da20276a486ab238e88b01def6283aa9d5c94397a8,
current_basecase,basecase,PED,2028Q3,ensemble,d0644d353ee5a073602186cf7ac5c16e707d5350e16fd037b73a65528067cc6a,population:5.46577e+06->5.51318e+06; real_gdp_per_capita_nzd:22015.7->22120.9,1532.9817988397829,1533.8379231246465,replayed,,,none,f908f241829d395d9d1633f56988695ddf0f411e,db5631a4024d2f2f8cfc05da20276a486ab238e88b01def6283aa9d5c94397a8,
current_basecase,basecase,PED,2028Q4,ensemble,d0644d353ee5a073602186cf7ac5c16e707d5350e16fd037b73a65528067cc6a,population:5.47666e+06->5.5294e+06; real_gdp_per_capita_nzd:22086.4->22197.7,1546.3376916124976,1547.2504507807716,replayed,,,none,f908f241829d395d9d1633f56988695ddf0f411e,db5631a4024d2f2f8cfc05da20276a486ab238e88b01def6283aa9d5c94397a8,
current_basecase,basecase,PED,2029Q1,ensemble,d0644d353ee5a073602186cf7ac5c16e707d5350e16fd037b73a65528067cc6a,population:5.48758e+06->5.54568e+06; real_gdp_per_capita_nzd:22146.4->22277.6,1532.0090305007263,1533.069683082318,replayed,,,none,f908f241829d395d9d1633f56988695ddf0f411e,db5631a4024d2f2f8cfc05da20276a486ab238e88b01def6283aa9d5c94397a8,
current_basecase,basecase,PED,2029Q2,ensemble,d0644d353ee5a073602186cf7ac5c16e707d5350e16fd037b73a65528067cc6a,population:5.49853e+06->5.562e+06; real_gdp_per_capita_nzd:22206.6->22354.9,1522.1807725201995,1523.3659555445254,replayed,,,none,f908f241829d395d9d1633f56988695ddf0f411e,db5631a4024d2f2f8cfc05da20276a486ab238e88b01def6283aa9d5c94397a8,
current_basecase,basecase,PED,2029Q3,ensemble,d0644d353ee5a073602186cf7ac5c16e707d5350e16fd037b73a65528067cc6a,population:5.50949e+06->5.57843e+06; real_gdp_per_capita_nzd:22266.9->22427.3,1527.7729389588642,1529.0562098179853,replayed,,,none,f908f241829d395d9d1633f56988695ddf0f411e,db5631a4024d2f2f8cfc05da20276a486ab238e88b01def6283aa9d5c94397a8,
current_basecase,basecase,PED,2029Q4,ensemble,d0644d353ee5a073602186cf7ac5c16e707d5350e16fd037b73a65528067cc6a,population:5.52048e+06->5.5949e+06; real_gdp_per_capita_nzd:22327.4->22496.4,1540.3025977253524,1541.6631736933305,replayed,,,none,f908f241829d395d9d1633f56988695ddf0f411e,db5631a4024d2f2f8cfc05da20276a486ab238e88b01def6283aa9d5c94397a8,
current_basecase,basecase,PED,2030Q1,ensemble,d0644d353ee5a073602186cf7ac5c16e707d5350e16fd037b73a65528067cc6a,population:5.53149e+06->5.61143e+06; real_gdp_per_capita_nzd:22382.6->22563.8,1526.0933810060255,1527.5320754944182,replayed,,,none,f908f241829d395d9d1633f56988695ddf0f411e,db5631a4024d2f2f8cfc05da20276a486ab238e88b01def6283aa9d5c94397a8,
current_basecase,basecase,PED,2030Q2,ensemble,d0644d353ee5a073602186cf7ac5c16e707d5350e16fd037b73a65528067cc6a,population:5.54252e+06->5.628e+06; real_gdp_per_capita_nzd:22437.9->22630.6,1520.0400159101446,1521.5592971704887,replayed,,,none,f908f241829d395d9d1633f56988695ddf0f411e,db5631a4024d2f2f8cfc05da20276a486ab238e88b01def6283aa9d5c94397a8,
current_basecase,basecase,PED,2030Q3,ensemble,d0644d353ee5a073602186cf7ac5c16e707d5350e16fd037b73a65528067cc6a,population:5.55357e+06->5.63922e+06; real_gdp_per_capita_nzd:22493.3->22686.5,1525.5806498273582,1527.105706766646,replayed,,,none,f908f241829d395d9d1633f56988695ddf0f411e,db5631a4024d2f2f8cfc05da20276a486ab238e88b01def6283aa9d5c94397a8,
current_basecase,basecase,PED,2030Q4,ensemble,d0644d353ee5a073602186cf7ac5c16e707d5350e16fd037b73a65528067cc6a,population:5.56464e+06->5.65047e+06; real_gdp_per_capita_nzd:22548.9->22742.6,1538.6876892524017,1540.2283796515712,replayed,,,none,f908f241829d395d9d1633f56988695ddf0f411e,db5631a4024d2f2f8cfc05da20276a486ab238e88b01def6283aa9d5c94397a8,
current_basecase,basecase,PED,2031Q1,ensemble,d0644d353ee5a073602186cf7ac5c16e707d5350e16fd037b73a65528067cc6a,population:5.57366e+06->5.65963e+06; real_gdp_per_capita_nzd:22610.3->22804.5,1527.9218882798018,1529.4510583228403,replayed,,,none,f908f241829d395d9d1633f56988695ddf0f411e,db5631a4024d2f2f8cfc05da20276a486ab238e88b01def6283aa9d5c94397a8,
current_basecase,basecase,PED,2031Q2,ensemble,d0644d353ee5a073602186cf7ac5c16e707d5350e16fd037b73a65528067cc6a,population:5.5827e+06->5.6688e+06; real_gdp_per_capita_nzd:22671.8->22866.5,1521.2071947448685,1522.728505805751,replayed,,,none,f908f241829d395d9d1633f56988695ddf0f411e,db5631a4024d2f2f8cfc05da20276a486ab238e88b01def6283aa9d5c94397a8,
current_basecase,basecase,PED,2031Q3,ensemble,d0644d353ee5a073602186cf7ac5c16e707d5350e16fd037b73a65528067cc6a,population:5.59175e+06->5.67799e+06; real_gdp_per_capita_nzd:22733.5->22928.7,1526.0940286297152,1527.619978368408,replayed,,,none,f908f241829d395d9d1633f56988695ddf0f411e,db5631a4024d2f2f8cfc05da20276a486ab238e88b01def6283aa9d5c94397a8,
current_basecase,basecase,PED,2031Q4,ensemble,d0644d353ee5a073602186cf7ac5c16e707d5350e16fd037b73a65528067cc6a,population:5.60081e+06->5.6872e+06; real_gdp_per_capita_nzd:22795.4->22991.1,1538.538192242582,1540.0786226566465,replayed,,,none,f908f241829d395d9d1633f56988695ddf0f411e,db5631a4024d2f2f8cfc05da20276a486ab238e88b01def6283aa9d5c94397a8,
current_basecase,basecase,PED,2032Q1,ensemble,d0644d353ee5a073602186cf7ac5c16e707d5350e16fd037b73a65528067cc6a,population:5.60989e+06->5.69641e+06; real_gdp_per_capita_nzd:22857.4->23053.7,1523.6961234045816,1525.2179445653728,replayed,,,none,f908f241829d395d9d1633f56988695ddf0f411e,db5631a4024d2f2f8cfc05da20276a486ab238e88b01def6283aa9d5c94397a8,
current_basecase,basecase,PED,2032Q2,ensemble,d0644d353ee5a073602186cf7ac5c16e707d5350e16fd037b73a65528067cc6a,population:5.61898e+06->5.70565e+06; real_gdp_per_capita_nzd:22919.6->23116.4,1517.002305680549,1518.5163041635883,replayed,,,none,f908f241829d395d9d1633f56988695ddf0f411e,db5631a4024d2f2f8cfc05da20276a486ab238e88b01def6283aa9d5c94397a8,
current_basecase,basecase,PED,2032Q3,ensemble,d0644d353ee5a073602186cf7ac5c16e707d5350e16fd037b73a65528067cc6a,population:5.62809e+06->5.7149e+06; real_gdp_per_capita_nzd:22981.9->23179.3,1521.8757800158855,1523.3943939436017,replayed,,,none,f908f241829d395d9d1633f56988695ddf0f411e,db5631a4024d2f2f8cfc05da20276a486ab238e88b01def6283aa9d5c94397a8,
current_basecase,basecase,PED,2032Q4,ensemble,d0644d353ee5a073602186cf7ac5c16e707d5350e16fd037b73a65528067cc6a,population:5.63722e+06->5.72416e+06; real_gdp_per_capita_nzd:23044.5->23242.4,1534.2795716459045,1535.8125960394673,replayed,,,none,f908f241829d395d9d1633f56988695ddf0f411e,db5631a4024d2f2f8cfc05da20276a486ab238e88b01def6283aa9d5c94397a8,
current_basecase,basecase,PED,2033Q1,ensemble,d0644d353ee5a073602186cf7ac5c16e707d5350e16fd037b73a65528067cc6a,population:5.64636e+06->5.73344e+06; real_gdp_per_capita_nzd:23107.2->23305.6,1519.568020329357,1521.0826624481751,replayed,,,none,f908f241829d395d9d1633f56988695ddf0f411e,db5631a4024d2f2f8cfc05da20276a486ab238e88b01def6283aa9d5c94397a8,
current_basecase,basecase,PED,2033Q2,ensemble,d0644d353ee5a073602186cf7ac5c16e707d5350e16fd037b73a65528067cc6a,population:5.65551e+06->5.74274e+06; real_gdp_per_capita_nzd:23170.1->23369.1,1513.1131803250612,1514.6201256158029,replayed,,,none,f908f241829d395d9d1633f56988695ddf0f411e,db5631a4024d2f2f8cfc05da20276a486ab238e88b01def6283aa9d5c94397a8,
current_basecase,basecase,PED,2033Q3,ensemble,d0644d353ee5a073602186cf7ac5c16e707d5350e16fd037b73a65528067cc6a,population:5.66468e+06->5.75204e+06; real_gdp_per_capita_nzd:23233.1->23432.6,1518.0082215395155,1519.5198187862966,replayed,,,none,f908f241829d395d9d1633f56988695ddf0f411e,db5631a4024d2f2f8cfc05da20276a486ab238e88b01def6283aa9d5c94397a8,
current_basecase,basecase,PED,2033Q4,ensemble,d0644d353ee5a073602186cf7ac5c16e707d5350e16fd037b73a65528067cc6a,population:5.67386e+06->5.76137e+06; real_gdp_per_capita_nzd:23296.3->23496.4,1530.3966882708787,1531.9226674869124,replayed,,,none,f908f241829d395d9d1633f56988695ddf0f411e,db5631a4024d2f2f8cfc05da20276a486ab238e88b01def6283aa9d5c94397a8,
current_basecase,basecase,PED,2034Q1,ensemble,d0644d353ee5a073602186cf7ac5c16e707d5350e16fd037b73a65528067cc6a,population:5.68306e+06->5.77071e+06; real_gdp_per_capita_nzd:23359.7->23560.3,1515.5888943193531,1517.0963257446845,replayed,,,none,f908f241829d395d9d1633f56988695ddf0f411e,db5631a4024d2f2f8cfc05da20276a486ab238e88b01def6283aa9d5c94397a8,
current_basecase,basecase,PED,2034Q2,ensemble,d0644d353ee5a073602186cf7ac5c16e707d5350e16fd037b73a65528067cc6a,population:5.69227e+06->5.78006e+06; real_gdp_per_capita_nzd:23423.3->23624.5,1508.9542077975339,1510.4538174071267,replayed,,,none,f908f241829d395d9d1633f56988695ddf0f411e,db5631a4024d2f2f8cfc05da20276a486ab238e88b01def6283aa9d5c94397a8,
current_basecase,basecase,PED,2034Q3,ensemble,d0644d353ee5a073602186cf7ac5c16e707d5350e16fd037b73a65528067cc6a,population:5.7015e+06->5.78943e+06; real_gdp_per_capita_nzd:23487->23688.7,1513.7758489194787,1515.27998248404,replayed,,,none,f908f241829d395d9d1633f56988695ddf0f411e,db5631a4024d2f2f8cfc05da20276a486ab238e88b01def6283aa9d5c94397a8,
current_basecase,basecase,PED,2034Q4,ensemble,d0644d353ee5a073602186cf7ac5c16e707d5350e16fd037b73a65528067cc6a,population:5.71074e+06->5.79882e+06; real_gdp_per_capita_nzd:23550.9->23753.2,1526.084119154798,1527.6024945658578,replayed,,,none,f908f241829d395d9d1633f56988695ddf0f411e,db5631a4024d2f2f8cfc05da20276a486ab238e88b01def6283aa9d5c94397a8,
current_basecase,basecase,PED,2035Q1,ensemble,d0644d353ee5a073602186cf7ac5c16e707d5350e16fd037b73a65528067cc6a,population:5.72e+06->5.80822e+06; real_gdp_per_capita_nzd:23615->23817.8,1511.3035850924284,1512.8034607791128,replayed,,,none,f908f241829d395d9d1633f56988695ddf0f411e,db5631a4024d2f2f8cfc05da20276a486ab238e88b01def6283aa9d5c94397a8,
current_basecase,basecase,PED,2035Q2,ensemble,d0644d353ee5a073602186cf7ac5c16e707d5350e16fd037b73a65528067cc6a,population:5.72927e+06->5.81763e+06; real_gdp_per_capita_nzd:23679.3->23882.6,1504.6155585433999,1506.1076229574082,replayed,,,none,f908f241829d395d9d1633f56988695ddf0f411e,db5631a4024d2f2f8cfc05da20276a486ab238e88b01def6283aa9d5c94397a8,
current_basecase,basecase,PED,2035Q3,ensemble,d0644d353ee5a073602186cf7ac5c16e707d5350e16fd037b73a65528067cc6a,population:5.73856e+06->5.82706e+06; real_gdp_per_capita_nzd:23743.7->23947.6,1509.4133764751919,1510.9099234140776,replayed,,,none,f908f241829d395d9d1633f56988695ddf0f411e,db5631a4024d2f2f8cfc05da20276a486ab238e88b01def6283aa9d5c94397a8,
current_basecase,basecase,PED,2035Q4,ensemble,d0644d353ee5a073602186cf7ac5c16e707d5350e16fd037b73a65528067cc6a,population:5.74786e+06->5.83651e+06; real_gdp_per_capita_nzd:23808.3->24012.8,1521.6733080028312,1523.1840127240332,replayed,,,none,f908f241829d395d9d1633f56988695ddf0f411e,db5631a4024d2f2f8cfc05da20276a486ab238e88b01def6283aa9d5c94397a8,
current_basecase,basecase,PED,2036Q1,ensemble,d0644d353ee5a073602186cf7ac5c16e707d5350e16fd037b73a65528067cc6a,population:5.75718e+06->5.84597e+06; real_gdp_per_capita_nzd:23867.2->24072.2,1506.8991506335983,1508.391366719911,replayed,,,none,f908f241829d395d9d1633f56988695ddf0f411e,db5631a4024d2f2f8cfc05da20276a486ab238e88b01def6283aa9d5c94397a8,
current_basecase,basecase,PED,2036Q2,ensemble,d0644d353ee5a073602186cf7ac5c16e707d5350e16fd037b73a65528067cc6a,population:5.76651e+06->5.85545e+06; real_gdp_per_capita_nzd:23926.3->24131.8,1500.1885261409884,1501.6728916553193,replayed,,,none,f908f241829d395d9d1633f56988695ddf0f411e,db5631a4024d2f2f8cfc05da20276a486ab238e88b01def6283aa9d5c94397a8,
current_basecase,basecase,PED,2036Q3,ensemble,d0644d353ee5a073602186cf7ac5c16e707d5350e16fd037b73a65528067cc6a,population:5.77586e+06->5.86494e+06; real_gdp_per_capita_nzd:23985.5->24191.5,1504.9284031322177,1506.4171504083315,replayed,,,none,f908f241829d395d9d1633f56988695ddf0f411e,db5631a4024d2f2f8cfc05da20276a486ab238e88b01def6283aa9d5c94397a8,
current_basecase,basecase,PED,2036Q4,ensemble,d0644d353ee5a073602186cf7ac5c16e707d5350e16fd037b73a65528067cc6a,population:5.78522e+06->5.87445e+06; real_gdp_per_capita_nzd:24044.9->24251.4,1517.1015197963843,1518.6042738780736,replayed,,,none,f908f241829d395d9d1633f56988695ddf0f411e,db5631a4024d2f2f8cfc05da20276a486ab238e88b01def6283aa9d5c94397a8,
current_basecase,basecase,PED,2037Q1,ensemble,d0644d353ee5a073602186cf7ac5c16e707d5350e16fd037b73a65528067cc6a,population:5.7946e+06->5.88397e+06; real_gdp_per_capita_nzd:24104.4->24311.4,1502.3825386875994,1503.8669000895356,replayed,,,none,f908f241829d395d9d1633f56988695ddf0f411e,db5631a4024d2f2f8cfc05da20276a486ab238e88b01def6283aa9d5c94397a8,
current_basecase,basecase,PED,2037Q2,ensemble,d0644d353ee5a073602186cf7ac5c16e707d5350e16fd037b73a65528067cc6a,population:5.80399e+06->5.89351e+06; real_gdp_per_capita_nzd:24164->24371.5,1495.6951854182144,1497.171736718352,replayed,,,none,f908f241829d395d9d1633f56988695ddf0f411e,db5631a4024d2f2f8cfc05da20276a486ab238e88b01def6283aa9d5c94397a8,
current_basecase,basecase,PED,2037Q3,ensemble,d0644d353ee5a073602186cf7ac5c16e707d5350e16fd037b73a65528067cc6a,population:5.8134e+06->5.90306e+06; real_gdp_per_capita_nzd:24223.8->24431.9,1500.421488919124,1501.9023983758539,replayed,,,none,f908f241829d395d9d1633f56988695ddf0f411e,db5631a4024d2f2f8cfc05da20276a486ab238e88b01def6283aa9d5c94397a8,
current_basecase,basecase,PED,2037Q4,ensemble,d0644d353ee5a073602186cf7ac5c16e707d5350e16fd037b73a65528067cc6a,population:5.82282e+06->5.91263e+06; real_gdp_per_capita_nzd:24283.8->24492.3,1512.5520101181335,1514.0468523041313,replayed,,,none,f908f241829d395d9d1633f56988695ddf0f411e,db5631a4024d2f2f8cfc05da20276a486ab238e88b01def6283aa9d5c94397a8,
current_basecase,basecase,PED,2038Q1,ensemble,d0644d353ee5a073602186cf7ac5c16e707d5350e16fd037b73a65528067cc6a,population:5.83226e+06->5.92222e+06; real_gdp_per_capita_nzd:24343.9->24552.9,1497.8885988671777,1499.3651450130492,replayed,,,none,f908f241829d395d9d1633f56988695ddf0f411e,db5631a4024d2f2f8cfc05da20276a486ab238e88b01def6283aa9d5c94397a8,
current_basecase,basecase,PED,2038Q2,ensemble,d0644d353ee5a073602186cf7ac5c16e707d5350e16fd037b73a65528067cc6a,population:5.84172e+06->5.93182e+06; real_gdp_per_capita_nzd:24404.1->24613.7,1491.22482823888,1492.693605294713,replayed,,,none,f908f241829d395d9d1633f56988695ddf0f411e,db5631a4024d2f2f8cfc05da20276a486ab238e88b01def6283aa9d5c94397a8,
current_basecase,basecase,PED,2038Q3,ensemble,d0644d353ee5a073602186cf7ac5c16e707d5350e16fd037b73a65528067cc6a,population:5.85119e+06->5.94143e+06; real_gdp_per_capita_nzd:24464.5->24674.6,1495.9379067856653,1497.4110189990279,replayed,,,none,f908f241829d395d9d1633f56988695ddf0f411e,db5631a4024d2f2f8cfc05da20276a486ab238e88b01def6283aa9d5c94397a8,
current_basecase,basecase,PED,2038Q4,ensemble,d0644d353ee5a073602186cf7ac5c16e707d5350e16fd037b73a65528067cc6a,population:5.86067e+06->5.95106e+06; real_gdp_per_capita_nzd:24525->24735.7,1508.0262361136638,1509.5132076818627,replayed,,,none,f908f241829d395d9d1633f56988695ddf0f411e,db5631a4024d2f2f8cfc05da20276a486ab238e88b01def6283aa9d5c94397a8,
current_basecase,basecase,PED,2039Q1,ensemble,d0644d353ee5a073602186cf7ac5c16e707d5350e16fd037b73a65528067cc6a,population:5.87017e+06->5.96071e+06; real_gdp_per_capita_nzd:24585.7->24796.9,1493.4182223081518,1494.8869941760165,replayed,,,none,f908f241829d395d9d1633f56988695ddf0f411e,db5631a4024d2f2f8cfc05da20276a486ab238e88b01def6283aa9d5c94397a8,
current_basecase,basecase,PED,2039Q2,ensemble,d0644d353ee5a073602186cf7ac5c16e707d5350e16fd037b73a65528067cc6a,population:5.87969e+06->5.97037e+06; real_gdp_per_capita_nzd:24646.6->24858.2,1486.7779866110382,1488.2390303176524,replayed,,,none,f908f241829d395d9d1633f56988695ddf0f411e,db5631a4024d2f2f8cfc05da20276a486ab238e88b01def6283aa9d5c94397a8,
current_basecase,basecase,PED,2039Q3,ensemble,d0644d353ee5a073602186cf7ac5c16e707d5350e16fd037b73a65528067cc6a,population:5.88922e+06->5.98005e+06; real_gdp_per_capita_nzd:24707.6->24919.8,1491.4779592452567,1492.9433153173586,replayed,,,none,f908f241829d395d9d1633f56988695ddf0f411e,db5631a4024d2f2f8cfc05da20276a486ab238e88b01def6283aa9d5c94397a8,
current_basecase,basecase,PED,2039Q4,ensemble,d0644d353ee5a073602186cf7ac5c16e707d5350e16fd037b73a65528067cc6a,population:5.89877e+06->5.98975e+06; real_gdp_per_capita_nzd:24768.7->24981.4,1503.5243515378181,1505.003494033503,replayed,,,none,f908f241829d395d9d1633f56988695ddf0f411e,db5631a4024d2f2f8cfc05da20276a486ab238e88b01def6283aa9d5c94397a8,
current_basecase,basecase,PED,2040Q1,ensemble,d0644d353ee5a073602186cf7ac5c16e707d5350e16fd037b73a65528067cc6a,population:5.90833e+06->5.99946e+06; real_gdp_per_capita_nzd:24830->25043.2,1488.9714635471325,1490.4325022098894,replayed,,,none,f908f241829d395d9d1633f56988695ddf0f411e,db5631a4024d2f2f8cfc05da20276a486ab238e88b01def6283aa9d5c94397a8,
current_basecase,basecase,PED,2040Q2,ensemble,d0644d353ee5a073602186cf7ac5c16e707d5350e16fd037b73a65528067cc6a,population:5.91791e+06->6.00918e+06; real_gdp_per_capita_nzd:24891.4->25105.2,1482.3546518491976,1483.808003086574,replayed,,,none,f908f241829d395d9d1633f56988695ddf0f411e,db5631a4024d2f2f8cfc05da20276a486ab238e88b01def6283aa9d5c94397a8,
current_basecase,basecase,PED,2040Q3,ensemble,d0644d353ee5a073602186cf7ac5c16e707d5350e16fd037b73a65528067cc6a,population:5.9275e+06->6.01892e+06; real_gdp_per_capita_nzd:24953->25167.3,1487.0415965587822,1488.499237505232,replayed,,,none,f908f241829d395d9d1633f56988695ddf0f411e,db5631a4024d2f2f8cfc05da20276a486ab238e88b01def6283aa9d5c94397a8,
current_basecase,basecase,PED,2040Q4,ensemble,d0644d353ee5a073602186cf7ac5c16e707d5350e16fd037b73a65528067cc6a,population:5.93711e+06->6.02868e+06; real_gdp_per_capita_nzd:25014.8->25229.6,1499.0462792650367,1500.5176340993626,replayed,,,none,f908f241829d395d9d1633f56988695ddf0f411e,db5631a4024d2f2f8cfc05da20276a486ab238e88b01def6283aa9d5c94397a8,
current_basecase,basecase,PED,2041Q1,ensemble,d0644d353ee5a073602186cf7ac5c16e707d5350e16fd037b73a65528067cc6a,population:5.94526e+06->6.03695e+06; real_gdp_per_capita_nzd:25076.8->25292.1,1484.5486444563335,1486.0019915466391,replayed,,,none,f908f241829d395d9d1633f56988695ddf0f411e,db5631a4024d2f2f8cfc05da20276a486ab238e88b01def6283aa9d5c94397a8,
current_basecase,basecase,PED,2041Q2,ensemble,d0644d353ee5a073602186cf7ac5c16e707d5350e16fd037b73a65528067cc6a,population:5.95341e+06->6.04523e+06; real_gdp_per_capita_nzd:25138.9->25354.8,1477.9555461091982,1479.401247013196,replayed,,,none,f908f241829d395d9d1633f56988695ddf0f411e,db5631a4024d2f2f8cfc05da20276a486ab238e88b01def6283aa9d5c94397a8,
current_basecase,basecase,PED,2041Q3,ensemble,d0644d353ee5a073602186cf7ac5c16e707d5350e16fd037b73a65528067cc6a,population:5.96158e+06->6.05353e+06; real_gdp_per_capita_nzd:25201.1->25417.6,1482.6299501004623,1484.0799189044012,replayed,,,none,f908f241829d395d9d1633f56988695ddf0f411e,db5631a4024d2f2f8cfc05da20276a486ab238e88b01def6283aa9d5c94397a8,
current_basecase,basecase,PED,2041Q4,ensemble,d0644d353ee5a073602186cf7ac5c16e707d5350e16fd037b73a65528067cc6a,population:5.96976e+06->6.06184e+06; real_gdp_per_capita_nzd:25263.6->25480.5,1494.593574804825,1496.0571860940831,replayed,,,none,f908f241829d395d9d1633f56988695ddf0f411e,db5631a4024d2f2f8cfc05da20276a486ab238e88b01def6283aa9d5c94397a8,
current_basecase,basecase,PED,2042Q1,ensemble,d0644d353ee5a073602186cf7ac5c16e707d5350e16fd037b73a65528067cc6a,population:5.97795e+06->6.07015e+06; real_gdp_per_capita_nzd:25326.2->25543.7,1480.1504655815318,1481.5961639503375,replayed,,,none,f908f241829d395d9d1633f56988695ddf0f411e,db5631a4024d2f2f8cfc05da20276a486ab238e88b01def6283aa9d5c94397a8,
current_basecase,basecase,PED,2042Q2,ensemble,d0644d353ee5a073602186cf7ac5c16e707d5350e16fd037b73a65528067cc6a,population:5.98616e+06->6.07848e+06; real_gdp_per_capita_nzd:25388.9->25606.9,1473.5805357920026,1475.0186282661416,replayed,,,none,f908f241829d395d9d1633f56988695ddf0f411e,db5631a4024d2f2f8cfc05da20276a486ab238e88b01def6283aa9d5c94397a8,
current_basecase,basecase,PED,2042Q3,ensemble,d0644d353ee5a073602186cf7ac5c16e707d5350e16fd037b73a65528067cc6a,population:5.99437e+06->6.08682e+06; real_gdp_per_capita_nzd:25451.8->25670.4,1478.2420536630798,1479.6843916273529,replayed,,,none,f908f241829d395d9d1633f56988695ddf0f411e,db5631a4024d2f2f8cfc05da20276a486ab238e88b01def6283aa9d5c94397a8,
current_basecase,basecase,PED,2042Q4,ensemble,d0644d353ee5a073602186cf7ac5c16e707d5350e16fd037b73a65528067cc6a,population:6.0026e+06->6.09518e+06; real_gdp_per_capita_nzd:25514.8->25734,1490.1644232726721,1491.6203319769475,replayed,,,none,f908f241829d395d9d1633f56988695ddf0f411e,db5631a4024d2f2f8cfc05da20276a486ab238e88b01def6283aa9d5c94397a8,
current_basecase,basecase,PED,2043Q1,ensemble,d0644d353ee5a073602186cf7ac5c16e707d5350e16fd037b73a65528067cc6a,population:6.01083e+06->6.10354e+06; real_gdp_per_capita_nzd:25578->25797.7,1475.7755512415401,1477.2136413473982,replayed,,,none,f908f241829d395d9d1633f56988695ddf0f411e,db5631a4024d2f2f8cfc05da20276a486ab238e88b01def6283aa9d5c94397a8,
current_basecase,basecase,PED,2043Q2,ensemble,d0644d353ee5a073602186cf7ac5c16e707d5350e16fd037b73a65528067cc6a,population:6.01908e+06->6.11192e+06; real_gdp_per_capita_nzd:25641.4->25861.6,1469.2286674408303,1470.6591917305077,replayed,,,none,f908f241829d395d9d1633f56988695ddf0f411e,db5631a4024d2f2f8cfc05da20276a486ab238e88b01def6283aa9d5c94397a8,
current_basecase,basecase,PED,2043Q3,ensemble,d0644d353ee5a073602186cf7ac5c16e707d5350e16fd037b73a65528067cc6a,population:6.02734e+06->6.1203e+06; real_gdp_per_capita_nzd:25704.9->25925.7,1473.8773673105047,1475.3121147989705,replayed,,,none,f908f241829d395d9d1633f56988695ddf0f411e,db5631a4024d2f2f8cfc05da20276a486ab238e88b01def6283aa9d5c94397a8,
current_basecase,basecase,PED,2043Q4,ensemble,d0644d353ee5a073602186cf7ac5c16e707d5350e16fd037b73a65528067cc6a,population:6.03561e+06->6.1287e+06; real_gdp_per_capita_nzd:25768.6->25989.9,1485.758699985808,1487.2069468483562,replayed,,,none,f908f241829d395d9d1633f56988695ddf0f411e,db5631a4024d2f2f8cfc05da20276a486ab238e88b01def6283aa9d5c94397a8,
current_basecase,basecase,PED,2044Q1,ensemble,d0644d353ee5a073602186cf7ac5c16e707d5350e16fd037b73a65528067cc6a,population:6.04389e+06->6.13711e+06; real_gdp_per_capita_nzd:25832.4->26054.3,1471.4237781844845,1472.8543002716024,replayed,,,none,f908f241829d395d9d1633f56988695ddf0f411e,db5631a4024d2f2f8cfc05da20276a486ab238e88b01def6283aa9d5c94397a8,
current_basecase,basecase,PED,2044Q2,ensemble,d0644d353ee5a073602186cf7ac5c16e707d5350e16fd037b73a65528067cc6a,population:6.05219e+06->6.14553e+06; real_gdp_per_capita_nzd:25896.4->26118.8,1464.8998183913582,1466.3228145286491,replayed,,,none,f908f241829d395d9d1633f56988695ddf0f411e,db5631a4024d2f2f8cfc05da20276a486ab238e88b01def6283aa9d5c94397a8,
current_basecase,basecase,PED,2044Q3,ensemble,d0644d353ee5a073602186cf7ac5c16e707d5350e16fd037b73a65528067cc6a,population:6.06049e+06->6.15396e+06; real_gdp_per_capita_nzd:25960.5->26183.5,1469.5357679771873,1470.9629651396863,replayed,,,none,f908f241829d395d9d1633f56988695ddf0f411e,db5631a4024d2f2f8cfc05da20276a486ab238e88b01def6283aa9d5c94397a8,
current_basecase,basecase,PED,2044Q4,ensemble,d0644d353ee5a073602186cf7ac5c16e707d5350e16fd037b73a65528067cc6a,population:6.06881e+06->6.16241e+06; real_gdp_per_capita_nzd:26024.9->26248.4,1481.3762806957195,1482.81690624372,replayed,,,none,f908f241829d395d9d1633f56988695ddf0f411e,db5631a4024d2f2f8cfc05da20276a486ab238e88b01def6283aa9d5c94397a8,
current_basecase,basecase,PED,2045Q1,ensemble,d0644d353ee5a073602186cf7ac5c16e707d5350e16fd037b73a65528067cc6a,population:6.07713e+06->6.17086e+06; real_gdp_per_capita_nzd:26089.3->26313.4,1468.6088386976526,1470.0318327967811,replayed,,,none,f908f241829d395d9d1633f56988695ddf0f411e,db5631a4024d2f2f8cfc05da20276a486ab238e88b01def6283aa9d5c94397a8,
current_basecase,basecase,PED,2045Q2,ensemble,d0644d353ee5a073602186cf7ac5c16e707d5350e16fd037b73a65528067cc6a,population:6.08547e+06->6.17933e+06; real_gdp_per_capita_nzd:26153.9->26378.6,1462.7723996937902,1464.1879074984174,replayed,,,none,f908f241829d395d9d1633f56988695ddf0f411e,db5631a4024d2f2f8cfc05da20276a486ab238e88b01def6283aa9d5c94397a8,
current_basecase,basecase,PED,2045Q3,ensemble,d0644d353ee5a073602186cf7ac5c16e707d5350e16fd037b73a65528067cc6a,population:6.09382e+06->6.18781e+06; real_gdp_per_capita_nzd:26218.7->26443.9,1467.1009287126872,1468.520615486071,replayed,,,none,f908f241829d395d9d1633f56988695ddf0f411e,db5631a4024d2f2f8cfc05da20276a486ab238e88b01def6283aa9d5c94397a8,
current_basecase,basecase,PED,2045Q4,ensemble,d0644d353ee5a073602186cf7ac5c16e707d5350e16fd037b73a65528067cc6a,population:6.10218e+06->6.1963e+06; real_gdp_per_capita_nzd:26283.7->26509.4,1478.9127953306202,1480.3458398762532,replayed,,,none,f908f241829d395d9d1633f56988695ddf0f411e,db5631a4024d2f2f8cfc05da20276a486ab238e88b01def6283aa9d5c94397a8,
current_basecase,basecase,PED,2046Q1,ensemble,d0644d353ee5a073602186cf7ac5c16e707d5350e16fd037b73a65528067cc6a,population:6.11056e+06->6.2048e+06; real_gdp_per_capita_nzd:26348.8->26575.1,1464.672891729357,1466.0883976588775,replayed,,,none,f908f241829d395d9d1633f56988695ddf0f411e,db5631a4024d2f2f8cfc05da20276a486ab238e88b01def6283aa9d5c94397a8,
current_basecase,basecase,PED,2046Q2,ensemble,d0644d353ee5a073602186cf7ac5c16e707d5350e16fd037b73a65528067cc6a,population:6.11894e+06->6.21332e+06; real_gdp_per_capita_nzd:26414.1->26640.9,1458.0660378334842,1459.4740969139186,replayed,,,none,f908f241829d395d9d1633f56988695ddf0f411e,db5631a4024d2f2f8cfc05da20276a486ab238e88b01def6283aa9d5c94397a8,
current_basecase,basecase,PED,2046Q3,ensemble,d0644d353ee5a073602186cf7ac5c16e707d5350e16fd037b73a65528067cc6a,population:6.12734e+06->6.22184e+06; real_gdp_per_capita_nzd:26479.5->26706.9,1462.4352118910183,1463.8474280002638,replayed,,,none,f908f241829d395d9d1633f56988695ddf0f411e,db5631a4024d2f2f8cfc05da20276a486ab238e88b01def6283aa9d5c94397a8,
current_basecase,basecase,PED,2046Q4,ensemble,d0644d353ee5a073602186cf7ac5c16e707d5350e16fd037b73a65528067cc6a,population:6.13575e+06->6.23038e+06; real_gdp_per_capita_nzd:26545.1->26773.1,1474.2043408275733,1475.6298444691517,replayed,,,none,f908f241829d395d9d1633f56988695ddf0f411e,db5631a4024d2f2f8cfc05da20276a486ab238e88b01def6283aa9d5c94397a8,
current_basecase,basecase,PED,2047Q1,ensemble,d0644d353ee5a073602186cf7ac5c16e707d5350e16fd037b73a65528067cc6a,population:6.14417e+06->6.23893e+06; real_gdp_per_capita_nzd:26610.8->26839.4,1460.0198974590112,1461.4279548260556,replayed,,,none,f908f241829d395d9d1633f56988695ddf0f411e,db5631a4024d2f2f8cfc05da20276a486ab238e88b01def6283aa9d5c94397a8,
current_basecase,basecase,PED,2047Q2,ensemble,d0644d353ee5a073602186cf7ac5c16e707d5350e16fd037b73a65528067cc6a,population:6.1526e+06->6.24749e+06; real_gdp_per_capita_nzd:26676.8->26905.9,1453.5588598193578,1454.959509573935,replayed,,,none,f908f241829d395d9d1633f56988695ddf0f411e,db5631a4024d2f2f8cfc05da20276a486ab238e88b01def6283aa9d5c94397a8,
current_basecase,basecase,PED,2047Q3,ensemble,d0644d353ee5a073602186cf7ac5c16e707d5350e16fd037b73a65528067cc6a,population:6.16104e+06->6.25606e+06; real_gdp_per_capita_nzd:26742.8->26972.5,1458.1621413435014,1459.566926302834,replayed,,,none,f908f241829d395d9d1633f56988695ddf0f411e,db5631a4024d2f2f8cfc05da20276a486ab238e88b01def6283aa9d5c94397a8,
current_basecase,basecase,PED,2047Q4,ensemble,d0644d353ee5a073602186cf7ac5c16e707d5350e16fd037b73a65528067cc6a,population:6.16949e+06->6.26465e+06; real_gdp_per_capita_nzd:26809.1->27039.3,1469.8910943600345,1471.3090969831396,replayed,,,none,f908f241829d395d9d1633f56988695ddf0f411e,db5631a4024d2f2f8cfc05da20276a486ab238e88b01def6283aa9d5c94397a8,
current_basecase,basecase,PED,2048Q1,ensemble,d0644d353ee5a073602186cf7ac5c16e707d5350e16fd037b73a65528067cc6a,population:6.17796e+06->6.27324e+06; real_gdp_per_capita_nzd:26875.5->27106.3,1455.7594684387086,1457.1601166402847,replayed,,,none,f908f241829d395d9d1633f56988695ddf0f411e,db5631a4024d2f2f8cfc05da20276a486ab238e88b01def6283aa9d5c94397a8,
current_basecase,basecase,PED,2048Q2,ensemble,d0644d353ee5a073602186cf7ac5c16e707d5350e16fd037b73a65528067cc6a,population:6.18644e+06->6.28185e+06; real_gdp_per_capita_nzd:26942.1->27173.4,1449.3208732714343,1450.7141528894745,replayed,,,none,f908f241829d395d9d1633f56988695ddf0f411e,db5631a4024d2f2f8cfc05da20276a486ab238e88b01def6283aa9d5c94397a8,
current_basecase,basecase,PED,2048Q3,ensemble,d0644d353ee5a073602186cf7ac5c16e707d5350e16fd037b73a65528067cc6a,population:6.19492e+06->6.29047e+06; real_gdp_per_capita_nzd:27008.8->27240.8,1453.911671779293,1455.3090648933032,replayed,,,none,f908f241829d395d9d1633f56988695ddf0f411e,db5631a4024d2f2f8cfc05da20276a486ab238e88b01def6283aa9d5c94397a8,
current_basecase,basecase,PED,2048Q4,ensemble,d0644d353ee5a073602186cf7ac5c16e707d5350e16fd037b73a65528067cc6a,population:6.20343e+06->6.2991e+06; real_gdp_per_capita_nzd:27075.7->27308.2,1465.600661281226,1467.011202559836,replayed,,,none,f908f241829d395d9d1633f56988695ddf0f411e,db5631a4024d2f2f8cfc05da20276a486ab238e88b01def6283aa9d5c94397a8,
current_basecase,basecase,PED,2049Q1,ensemble,d0644d353ee5a073602186cf7ac5c16e707d5350e16fd037b73a65528067cc6a,population:6.21194e+06->6.30775e+06; real_gdp_per_capita_nzd:27142.8->27375.9,1451.5215733573318,1452.9148515814359,replayed,,,none,f908f241829d395d9d1633f56988695ddf0f411e,db5631a4024d2f2f8cfc05da20276a486ab238e88b01def6283aa9d5c94397a8,
current_basecase,basecase,PED,2049Q2,ensemble,d0644d353ee5a073602186cf7ac5c16e707d5350e16fd037b73a65528067cc6a,population:6.22046e+06->6.3164e+06; real_gdp_per_capita_nzd:27210->27443.7,1445.1053018712205,1446.4912503341343,replayed,,,none,f908f241829d395d9d1633f56988695ddf0f411e,db5631a4024d2f2f8cfc05da20276a486ab238e88b01def6283aa9d5c94397a8,
current_basecase,basecase,PED,2049Q3,ensemble,d0644d353ee5a073602186cf7ac5c16e707d5350e16fd037b73a65528067cc6a,population:6.229e+06->6.32507e+06; real_gdp_per_capita_nzd:27277.4->27511.7,1449.683683296267,1451.0737236610298,replayed,,,none,f908f241829d395d9d1633f56988695ddf0f411e,db5631a4024d2f2f8cfc05da20276a486ab238e88b01def6283aa9d5c94397a8,
current_basecase,basecase,PED,2049Q4,ensemble,d0644d353ee5a073602186cf7ac5c16e707d5350e16fd037b73a65528067cc6a,population:6.23754e+06->6.33375e+06; real_gdp_per_capita_nzd:27345->27579.8,1461.3329205625273,1462.736039960146,replayed,,,none,f908f241829d395d9d1633f56988695ddf0f411e,db5631a4024d2f2f8cfc05da20276a486ab238e88b01def6283aa9d5c94397a8,
current_basecase,basecase,PED,2050Q1,ensemble,d0644d353ee5a073602186cf7ac5c16e707d5350e16fd037b73a65528067cc6a,population:6.2461e+06->6.34244e+06; real_gdp_per_capita_nzd:27412.7->27648.1,1447.3060926691364,1448.6920398958687,replayed,,,none,f908f241829d395d9d1633f56988695ddf0f411e,db5631a4024d2f2f8cfc05da20276a486ab238e88b01def6283aa9d5c94397a8,
current_basecase,basecase,PED,2050Q2,ensemble,d0644d353ee5a073602186cf7ac5c16e707d5350e16fd037b73a65528067cc6a,population:6.25467e+06->6.35114e+06; real_gdp_per_capita_nzd:27480.6->27716.6,1440.912026703526,1442.2906827859251,replayed,,,none,f908f241829d395d9d1633f56988695ddf0f411e,db5631a4024d2f2f8cfc05da20276a486ab238e88b01def6283aa9d5c94397a8,
current_basecase,basecase,PED,2050Q3,ensemble,d0644d353ee5a073602186cf7ac5c16e707d5350e16fd037b73a65528067cc6a,population:6.26326e+06->6.35986e+06; real_gdp_per_capita_nzd:27548.7->27785.3,1445.4780566298018,1446.8607831339832,replayed,,,none,f908f241829d395d9d1633f56988695ddf0f411e,db5631a4024d2f2f8cfc05da20276a486ab238e88b01def6283aa9d5c94397a8,
current_basecase,basecase,PED,2050Q4,ensemble,d0644d353ee5a073602186cf7ac5c16e707d5350e16fd037b73a65528067cc6a,population:6.27185e+06->6.36858e+06; real_gdp_per_capita_nzd:27616.9->27854.1,1457.087751818817,1458.4834885895884,replayed,,,none,f908f241829d395d9d1633f56988695ddf0f411e,db5631a4024d2f2f8cfc05da20276a486ab238e88b01def6283aa9d5c94397a8,
current_basecase,basecase,LIGHT_RUC,2026Q1,ensemble,d0644d353ee5a073602186cf7ac5c16e707d5350e16fd037b73a65528067cc6a,,3359089541.450709,3359089541.450709,replayed,,,none,f908f241829d395d9d1633f56988695ddf0f411e,db5631a4024d2f2f8cfc05da20276a486ab238e88b01def6283aa9d5c94397a8,
current_basecase,basecase,LIGHT_RUC,2026Q2,ensemble,d0644d353ee5a073602186cf7ac5c16e707d5350e16fd037b73a65528067cc6a,real_gdp_sa_nzd:1.14387e+11->1.1401e+11,3178078226.073193,3163841337.5972414,replayed,,,none,f908f241829d395d9d1633f56988695ddf0f411e,db5631a4024d2f2f8cfc05da20276a486ab238e88b01def6283aa9d5c94397a8,
current_basecase,basecase,LIGHT_RUC,2026Q3,ensemble,d0644d353ee5a073602186cf7ac5c16e707d5350e16fd037b73a65528067cc6a,real_gdp_sa_nzd:1.15039e+11->1.14724e+11,3052255206.937117,3040912069.613429,replayed,,,none,f908f241829d395d9d1633f56988695ddf0f411e,db5631a4024d2f2f8cfc05da20276a486ab238e88b01def6283aa9d5c94397a8,
current_basecase,basecase,LIGHT_RUC,2026Q4,ensemble,d0644d353ee5a073602186cf7ac5c16e707d5350e16fd037b73a65528067cc6a,real_gdp_sa_nzd:1.15695e+11->1.15627e+11,3075890925.395191,3073413342.3958325,replayed,,,none,f908f241829d395d9d1633f56988695ddf0f411e,db5631a4024d2f2f8cfc05da20276a486ab238e88b01def6283aa9d5c94397a8,
current_basecase,basecase,LIGHT_RUC,2027Q1,ensemble,d0644d353ee5a073602186cf7ac5c16e707d5350e16fd037b73a65528067cc6a,real_gdp_sa_nzd:1.16383e+11->1.16604e+11,3270598734.6146383,3279030169.5973287,replayed,,,none,f908f241829d395d9d1633f56988695ddf0f411e,db5631a4024d2f2f8cfc05da20276a486ab238e88b01def6283aa9d5c94397a8,
current_basecase,basecase,LIGHT_RUC,2027Q2,ensemble,d0644d353ee5a073602186cf7ac5c16e707d5350e16fd037b73a65528067cc6a,real_gdp_sa_nzd:1.17075e+11->1.17574e+11,3298763101.1596136,3317842381.032331,replayed,,,none,f908f241829d395d9d1633f56988695ddf0f411e,db5631a4024d2f2f8cfc05da20276a486ab238e88b01def6283aa9d5c94397a8,
current_basecase,basecase,LIGHT_RUC,2027Q3,ensemble,d0644d353ee5a073602186cf7ac5c16e707d5350e16fd037b73a65528067cc6a,real_gdp_sa_nzd:1.17771e+11->1.18525e+11,3169316022.0669727,3196898489.827317,replayed,,,none,f908f241829d395d9d1633f56988695ddf0f411e,db5631a4024d2f2f8cfc05da20276a486ab238e88b01def6283aa9d5c94397a8,
current_basecase,basecase,LIGHT_RUC,2027Q4,ensemble,d0644d353ee5a073602186cf7ac5c16e707d5350e16fd037b73a65528067cc6a,real_gdp_sa_nzd:1.18472e+11->1.19442e+11,3389166782.9990306,3426911185.398824,replayed,,,none,f908f241829d395d9d1633f56988695ddf0f411e,db5631a4024d2f2f8cfc05da20276a486ab238e88b01def6283aa9d5c94397a8,
current_basecase,basecase,LIGHT_RUC,2028Q1,ensemble,d0644d353ee5a073602186cf7ac5c16e707d5350e16fd037b73a65528067cc6a,real_gdp_sa_nzd:1.19089e+11->1.20324e+11,3394003072.696928,3441864725.292429,replayed,,,none,f908f241829d395d9d1633f56988695ddf0f411e,db5631a4024d2f2f8cfc05da20276a486ab238e88b01def6283aa9d5c94397a8,
current_basecase,basecase,LIGHT_RUC,2028Q2,ensemble,d0644d353ee5a073602186cf7ac5c16e707d5350e16fd037b73a65528067cc6a,real_gdp_sa_nzd:1.19709e+11->1.21165e+11,3419937802.5217576,3476520855.4145393,replayed,,,none,f908f241829d395d9d1633f56988695ddf0f411e,db5631a4024d2f2f8cfc05da20276a486ab238e88b01def6283aa9d5c94397a8,
current_basecase,basecase,LIGHT_RUC,2028Q3,ensemble,d0644d353ee5a073602186cf7ac5c16e707d5350e16fd037b73a65528067cc6a,real_gdp_sa_nzd:1.20333e+11->1.21956e+11,3282577017.994457,3342858765.2790956,replayed,,,none,f908f241829d395d9d1633f56988695ddf0f411e,db5631a4024d2f2f8cfc05da20276a486ab238e88b01def6283aa9d5c94397a8,
current_basecase,basecase,LIGHT_RUC,2028Q4,ensemble,d0644d353ee5a073602186cf7ac5c16e707d5350e16fd037b73a65528067cc6a,real_gdp_sa_nzd:1.2096e+11->1.2274e+11,3506911512.904078,3577182034.591584,replayed,,,none,f908f241829d395d9d1633f56988695ddf0f411e,db5631a4024d2f2f8cfc05da20276a486ab238e88b01def6283aa9d5c94397a8,
current_basecase,basecase,LIGHT_RUC,2029Q1,ensemble,d0644d353ee5a073602186cf7ac5c16e707d5350e16fd037b73a65528067cc6a,real_gdp_sa_nzd:1.2153e+11->1.23545e+11,3509702078.6991105,3588922602.7420716,replayed,,,none,f908f241829d395d9d1633f56988695ddf0f411e,db5631a4024d2f2f8cfc05da20276a486ab238e88b01def6283aa9d5c94397a8,
current_basecase,basecase,LIGHT_RUC,2029Q2,ensemble,d0644d353ee5a073602186cf7ac5c16e707d5350e16fd037b73a65528067cc6a,real_gdp_sa_nzd:1.22103e+11->1.24338e+11,3534293251.602885,3622395155.3799033,replayed,,,none,f908f241829d395d9d1633f56988695ddf0f411e,db5631a4024d2f2f8cfc05da20276a486ab238e88b01def6283aa9d5c94397a8,
current_basecase,basecase,LIGHT_RUC,2029Q3,ensemble,d0644d353ee5a073602186cf7ac5c16e707d5350e16fd037b73a65528067cc6a,real_gdp_sa_nzd:1.22679e+11->1.25109e+11,3390204148.1028075,3481703445.810012,replayed,,,none,f908f241829d395d9d1633f56988695ddf0f411e,db5631a4024d2f2f8cfc05da20276a486ab238e88b01def6283aa9d5c94397a8,
current_basecase,basecase,LIGHT_RUC,2029Q4,ensemble,d0644d353ee5a073602186cf7ac5c16e707d5350e16fd037b73a65528067cc6a,real_gdp_sa_nzd:1.23258e+11->1.25865e+11,3572810734.6569395,3675806351.407386,replayed,,,none,f908f241829d395d9d1633f56988695ddf0f411e,db5631a4024d2f2f8cfc05da20276a486ab238e88b01def6283aa9d5c94397a8,
current_basecase,basecase,LIGHT_RUC,2030Q1,ensemble,d0644d353ee5a073602186cf7ac5c16e707d5350e16fd037b73a65528067cc6a,real_gdp_sa_nzd:1.23809e+11->1.26615e+11,3571388279.4264145,3681738905.2761497,replayed,,,none,f908f241829d395d9d1633f56988695ddf0f411e,db5631a4024d2f2f8cfc05da20276a486ab238e88b01def6283aa9d5c94397a8,
current_basecase,basecase,LIGHT_RUC,2030Q2,ensemble,d0644d353ee5a073602186cf7ac5c16e707d5350e16fd037b73a65528067cc6a,real_gdp_sa_nzd:1.24362e+11->1.27365e+11,3595347705.5040107,3713722332.568066,replayed,,,none,f908f241829d395d9d1633f56988695ddf0f411e,db5631a4024d2f2f8cfc05da20276a486ab238e88b01def6283aa9d5c94397a8,
current_basecase,basecase,LIGHT_RUC,2030Q3,ensemble,d0644d353ee5a073602186cf7ac5c16e707d5350e16fd037b73a65528067cc6a,real_gdp_sa_nzd:1.24918e+11->1.27934e+11,3447750923.7786636,3561266016.960685,replayed,,,none,f908f241829d395d9d1633f56988695ddf0f411e,db5631a4024d2f2f8cfc05da20276a486ab238e88b01def6283aa9d5c94397a8,
current_basecase,basecase,LIGHT_RUC,2030Q4,ensemble,d0644d353ee5a073602186cf7ac5c16e707d5350e16fd037b73a65528067cc6a,real_gdp_sa_nzd:1.25477e+11->1.28506e+11,3670646115.7981424,3791499897.0267425,replayed,,,none,f908f241829d395d9d1633f56988695ddf0f411e,db5631a4024d2f2f8cfc05da20276a486ab238e88b01def6283aa9d5c94397a8,
current_basecase,basecase,LIGHT_RUC,2031Q1,ensemble,d0644d353ee5a073602186cf7ac5c16e707d5350e16fd037b73a65528067cc6a,real_gdp_sa_nzd:1.26022e+11->1.29065e+11,3666900230.942971,3787630681.2008333,replayed,,,none,f908f241829d395d9d1633f56988695ddf0f411e,db5631a4024d2f2f8cfc05da20276a486ab238e88b01def6283aa9d5c94397a8,
current_basecase,basecase,LIGHT_RUC,2031Q2,ensemble,d0644d353ee5a073602186cf7ac5c16e707d5350e16fd037b73a65528067cc6a,real_gdp_sa_nzd:1.2657e+11->1.29626e+11,3685858296.523775,3807212929.510738,replayed,,,none,f908f241829d395d9d1633f56988695ddf0f411e,db5631a4024d2f2f8cfc05da20276a486ab238e88b01def6283aa9d5c94397a8,
current_basecase,basecase,LIGHT_RUC,2031Q3,ensemble,d0644d353ee5a073602186cf7ac5c16e707d5350e16fd037b73a65528067cc6a,real_gdp_sa_nzd:1.2712e+11->1.30189e+11,3529109590.781306,3645303368.378249,replayed,,,none,f908f241829d395d9d1633f56988695ddf0f411e,db5631a4024d2f2f8cfc05da20276a486ab238e88b01def6283aa9d5c94397a8,
current_basecase,basecase,LIGHT_RUC,2031Q4,ensemble,d0644d353ee5a073602186cf7ac5c16e707d5350e16fd037b73a65528067cc6a,real_gdp_sa_nzd:1.27672e+11->1.30755e+11,3760979808.4843926,3884807771.3663507,replayed,,,none,f908f241829d395d9d1633f56988695ddf0f411e,db5631a4024d2f2f8cfc05da20276a486ab238e88b01def6283aa9d5c94397a8,
current_basecase,basecase,LIGHT_RUC,2032Q1,ensemble,d0644d353ee5a073602186cf7ac5c16e707d5350e16fd037b73a65528067cc6a,real_gdp_sa_nzd:1.28227e+11->1.31323e+11,3757142086.7480774,3880843694.986028,replayed,,,none,f908f241829d395d9d1633f56988695ddf0f411e,db5631a4024d2f2f8cfc05da20276a486ab238e88b01def6283aa9d5c94397a8,
current_basecase,basecase,LIGHT_RUC,2032Q2,ensemble,d0644d353ee5a073602186cf7ac5c16e707d5350e16fd037b73a65528067cc6a,real_gdp_sa_nzd:1.28785e+11->1.31894e+11,3776567057.883763,3900908221.4310365,replayed,,,none,f908f241829d395d9d1633f56988695ddf0f411e,db5631a4024d2f2f8cfc05da20276a486ab238e88b01def6283aa9d5c94397a8,
current_basecase,basecase,LIGHT_RUC,2032Q3,ensemble,d0644d353ee5a073602186cf7ac5c16e707d5350e16fd037b73a65528067cc6a,real_gdp_sa_nzd:1.29345e+11->1.32467e+11,3615961111.2475457,3735014422.104485,replayed,,,none,f908f241829d395d9d1633f56988695ddf0f411e,db5631a4024d2f2f8cfc05da20276a486ab238e88b01def6283aa9d5c94397a8,
current_basecase,basecase,LIGHT_RUC,2032Q4,ensemble,d0644d353ee5a073602186cf7ac5c16e707d5350e16fd037b73a65528067cc6a,real_gdp_sa_nzd:1.29907e+11->1.33043e+11,3853538021.8399253,3980413407.359451,replayed,,,none,f908f241829d395d9d1633f56988695ddf0f411e,db5631a4024d2f2f8cfc05da20276a486ab238e88b01def6283aa9d5c94397a8,
current_basecase,basecase,LIGHT_RUC,2033Q1,ensemble,d0644d353ee5a073602186cf7ac5c16e707d5350e16fd037b73a65528067cc6a,real_gdp_sa_nzd:1.30471e+11->1.33621e+11,3849606211.1962132,3976352144.2519264,replayed,,,none,f908f241829d395d9d1633f56988695ddf0f411e,db5631a4024d2f2f8cfc05da20276a486ab238e88b01def6283aa9d5c94397a8,
current_basecase,basecase,LIGHT_RUC,2033Q2,ensemble,d0644d353ee5a073602186cf7ac5c16e707d5350e16fd037b73a65528067cc6a,real_gdp_sa_nzd:1.31038e+11->1.34202e+11,3869509595.328899,3996910835.1496334,replayed,,,none,f908f241829d395d9d1633f56988695ddf0f411e,db5631a4024d2f2f8cfc05da20276a486ab238e88b01def6283aa9d5c94397a8,
current_basecase,basecase,LIGHT_RUC,2033Q3,ensemble,d0644d353ee5a073602186cf7ac5c16e707d5350e16fd037b73a65528067cc6a,real_gdp_sa_nzd:1.31608e+11->1.34786e+11,3704951429.3113546,3826934692.0327253,replayed,,,none,f908f241829d395d9d1633f56988695ddf0f411e,db5631a4024d2f2f8cfc05da20276a486ab238e88b01def6283aa9d5c94397a8,
current_basecase,basecase,LIGHT_RUC,2033Q4,ensemble,d0644d353ee5a073602186cf7ac5c16e707d5350e16fd037b73a65528067cc6a,real_gdp_sa_nzd:1.3218e+11->1.35371e+11,3948375575.065759,4078373429.0957966,replayed,,,none,f908f241829d395d9d1633f56988695ddf0f411e,db5631a4024d2f2f8cfc05da20276a486ab238e88b01def6283aa9d5c94397a8,
current_basecase,basecase,LIGHT_RUC,2034Q1,ensemble,d0644d353ee5a073602186cf7ac5c16e707d5350e16fd037b73a65528067cc6a,real_gdp_sa_nzd:1.32755e+11->1.3596e+11,3944347368.2524576,4074212596.0336804,replayed,,,none,f908f241829d395d9d1633f56988695ddf0f411e,db5631a4024d2f2f8cfc05da20276a486ab238e88b01def6283aa9d5c94397a8,
current_basecase,basecase,LIGHT_RUC,2034Q2,ensemble,d0644d353ee5a073602186cf7ac5c16e707d5350e16fd037b73a65528067cc6a,real_gdp_sa_nzd:1.33332e+11->1.36551e+11,3964740956.6678157,4095277630.890665,replayed,,,none,f908f241829d395d9d1633f56988695ddf0f411e,db5631a4024d2f2f8cfc05da20276a486ab238e88b01def6283aa9d5c94397a8,
current_basecase,basecase,LIGHT_RUC,2034Q3,ensemble,d0644d353ee5a073602186cf7ac5c16e707d5350e16fd037b73a65528067cc6a,real_gdp_sa_nzd:1.33911e+11->1.37144e+11,3796133252.4413586,3921118620.992858,replayed,,,none,f908f241829d395d9d1633f56988695ddf0f411e,db5631a4024d2f2f8cfc05da20276a486ab238e88b01def6283aa9d5c94397a8,
current_basecase,basecase,LIGHT_RUC,2034Q4,ensemble,d0644d353ee5a073602186cf7ac5c16e707d5350e16fd037b73a65528067cc6a,real_gdp_sa_nzd:1.34493e+11->1.3774e+11,4045548639.353022,4178745857.168644,replayed,,,none,f908f241829d395d9d1633f56988695ddf0f411e,db5631a4024d2f2f8cfc05da20276a486ab238e88b01def6283aa9d5c94397a8,
current_basecase,basecase,LIGHT_RUC,2035Q1,ensemble,d0644d353ee5a073602186cf7ac5c16e707d5350e16fd037b73a65528067cc6a,real_gdp_sa_nzd:1.35078e+11->1.38339e+11,4041421672.51685,4174483012.470258,replayed,,,none,f908f241829d395d9d1633f56988695ddf0f411e,db5631a4024d2f2f8cfc05da20276a486ab238e88b01def6283aa9d5c94397a8,
current_basecase,basecase,LIGHT_RUC,2035Q2,ensemble,d0644d353ee5a073602186cf7ac5c16e707d5350e16fd037b73a65528067cc6a,real_gdp_sa_nzd:1.35665e+11->1.3894e+11,4062317547.351833,4196066871.2204237,replayed,,,none,f908f241829d395d9d1633f56988695ddf0f411e,db5631a4024d2f2f8cfc05da20276a486ab238e88b01def6283aa9d5c94397a8,
current_basecase,basecase,LIGHT_RUC,2035Q3,ensemble,d0644d353ee5a073602186cf7ac5c16e707d5350e16fd037b73a65528067cc6a,real_gdp_sa_nzd:1.36255e+11->1.39544e+11,3889560588.035914,4017621994.543844,replayed,,,none,f908f241829d395d9d1633f56988695ddf0f411e,db5631a4024d2f2f8cfc05da20276a486ab238e88b01def6283aa9d5c94397a8,
current_basecase,basecase,LIGHT_RUC,2035Q4,ensemble,d0644d353ee5a073602186cf7ac5c16e707d5350e16fd037b73a65528067cc6a,real_gdp_sa_nzd:1.36847e+11->1.40151e+11,4145114771.256137,4281590143.14687,replayed,,,none,f908f241829d395d9d1633f56988695ddf0f411e,db5631a4024d2f2f8cfc05da20276a486ab238e88b01def6283aa9d5c94397a8,
current_basecase,basecase,LIGHT_RUC,2036Q1,ensemble,d0644d353ee5a073602186cf7ac5c16e707d5350e16fd037b73a65528067cc6a,real_gdp_sa_nzd:1.37408e+11->1.40726e+11,4139504693.556143,4275795357.065428,replayed,,,none,f908f241829d395d9d1633f56988695ddf0f411e,db5631a4024d2f2f8cfc05da20276a486ab238e88b01def6283aa9d5c94397a8,
current_basecase,basecase,LIGHT_RUC,2036Q2,ensemble,d0644d353ee5a073602186cf7ac5c16e707d5350e16fd037b73a65528067cc6a,real_gdp_sa_nzd:1.37971e+11->1.41302e+11,4159519478.958083,4296469117.051102,replayed,,,none,f908f241829d395d9d1633f56988695ddf0f411e,db5631a4024d2f2f8cfc05da20276a486ab238e88b01def6283aa9d5c94397a8,
current_basecase,basecase,LIGHT_RUC,2036Q3,ensemble,d0644d353ee5a073602186cf7ac5c16e707d5350e16fd037b73a65528067cc6a,real_gdp_sa_nzd:1.38537e+11->1.41882e+11,3981300101.8991847,4112381975.8639555,replayed,,,none,f908f241829d395d9d1633f56988695ddf0f411e,db5631a4024d2f2f8cfc05da20276a486ab238e88b01def6283aa9d5c94397a8,
current_basecase,basecase,LIGHT_RUC,2036Q4,ensemble,d0644d353ee5a073602186cf7ac5c16e707d5350e16fd037b73a65528067cc6a,real_gdp_sa_nzd:1.39105e+11->1.42463e+11,4241466238.9427834,4381113924.052909,replayed,,,none,f908f241829d395d9d1633f56988695ddf0f411e,db5631a4024d2f2f8cfc05da20276a486ab238e88b01def6283aa9d5c94397a8,
current_basecase,basecase,LIGHT_RUC,2037Q1,ensemble,d0644d353ee5a073602186cf7ac5c16e707d5350e16fd037b73a65528067cc6a,real_gdp_sa_nzd:1.39675e+11->1.43047e+11,4235726155.3454843,4375184851.709405,replayed,,,none,f908f241829d395d9d1633f56988695ddf0f411e,db5631a4024d2f2f8cfc05da20276a486ab238e88b01def6283aa9d5c94397a8,
current_basecase,basecase,LIGHT_RUC,2037Q2,ensemble,d0644d353ee5a073602186cf7ac5c16e707d5350e16fd037b73a65528067cc6a,real_gdp_sa_nzd:1.40248e+11->1.43634e+11,4256206578.242191,4396339580.019935,replayed,,,none,f908f241829d395d9d1633f56988695ddf0f411e,db5631a4024d2f2f8cfc05da20276a486ab238e88b01def6283aa9d5c94397a8,
current_basecase,basecase,LIGHT_RUC,2037Q3,ensemble,d0644d353ee5a073602186cf7ac5c16e707d5350e16fd037b73a65528067cc6a,real_gdp_sa_nzd:1.40823e+11->1.44223e+11,4073844914.9737024,4207973770.3799725,replayed,,,none,f908f241829d395d9d1633f56988695ddf0f411e,db5631a4024d2f2f8cfc05da20276a486ab238e88b01def6283aa9d5c94397a8,
current_basecase,basecase,LIGHT_RUC,2037Q4,ensemble,d0644d353ee5a073602186cf7ac5c16e707d5350e16fd037b73a65528067cc6a,real_gdp_sa_nzd:1.414e+11->1.44814e+11,4340058989.330119,4482952780.523519,replayed,,,none,f908f241829d395d9d1633f56988695ddf0f411e,db5631a4024d2f2f8cfc05da20276a486ab238e88b01def6283aa9d5c94397a8,
current_basecase,basecase,LIGHT_RUC,2038Q1,ensemble,d0644d353ee5a073602186cf7ac5c16e707d5350e16fd037b73a65528067cc6a,real_gdp_sa_nzd:1.4198e+11->1.45408e+11,4334185886.026643,4476886308.881264,replayed,,,none,f908f241829d395d9d1633f56988695ddf0f411e,db5631a4024d2f2f8cfc05da20276a486ab238e88b01def6283aa9d5c94397a8,
current_basecase,basecase,LIGHT_RUC,2038Q2,ensemble,d0644d353ee5a073602186cf7ac5c16e707d5350e16fd037b73a65528067cc6a,real_gdp_sa_nzd:1.42562e+11->1.46004e+11,4355142788.293975,4498533204.354681,replayed,,,none,f908f241829d395d9d1633f56988695ddf0f411e,db5631a4024d2f2f8cfc05da20276a486ab238e88b01def6283aa9d5c94397a8,
current_basecase,basecase,LIGHT_RUC,2038Q3,ensemble,d0644d353ee5a073602186cf7ac5c16e707d5350e16fd037b73a65528067cc6a,real_gdp_sa_nzd:1.43146e+11->1.46602e+11,4168542491.9519663,4305789207.236298,replayed,,,none,f908f241829d395d9d1633f56988695ddf0f411e,db5631a4024d2f2f8cfc05da20276a486ab238e88b01def6283aa9d5c94397a8,
current_basecase,basecase,LIGHT_RUC,2038Q4,ensemble,d0644d353ee5a073602186cf7ac5c16e707d5350e16fd037b73a65528067cc6a,real_gdp_sa_nzd:1.43733e+11->1.47203e+11,4440945200.458297,4587160608.528984,replayed,,,none,f908f241829d395d9d1633f56988695ddf0f411e,db5631a4024d2f2f8cfc05da20276a486ab238e88b01def6283aa9d5c94397a8,
current_basecase,basecase,LIGHT_RUC,2039Q1,ensemble,d0644d353ee5a073602186cf7ac5c16e707d5350e16fd037b73a65528067cc6a,real_gdp_sa_nzd:1.44322e+11->1.47807e+11,4434935993.746569,4580953552.356865,replayed,,,none,f908f241829d395d9d1633f56988695ddf0f411e,db5631a4024d2f2f8cfc05da20276a486ab238e88b01def6283aa9d5c94397a8,
current_basecase,basecase,LIGHT_RUC,2039Q2,ensemble,d0644d353ee5a073602186cf7ac5c16e707d5350e16fd037b73a65528067cc6a,real_gdp_sa_nzd:1.44914e+11->1.48413e+11,4456380469.936398,4603104074.826353,replayed,,,none,f908f241829d395d9d1633f56988695ddf0f411e,db5631a4024d2f2f8cfc05da20276a486ab238e88b01def6283aa9d5c94397a8,
current_basecase,basecase,LIGHT_RUC,2039Q3,ensemble,d0644d353ee5a073602186cf7ac5c16e707d5350e16fd037b73a65528067cc6a,real_gdp_sa_nzd:1.45508e+11->1.49021e+11,4265442950.896171,4405880054.601742,replayed,,,none,f908f241829d395d9d1633f56988695ddf0f411e,db5631a4024d2f2f8cfc05da20276a486ab238e88b01def6283aa9d5c94397a8,
current_basecase,basecase,LIGHT_RUC,2039Q4,ensemble,d0644d353ee5a073602186cf7ac5c16e707d5350e16fd037b73a65528067cc6a,real_gdp_sa_nzd:1.46105e+11->1.49632e+11,4544178266.201114,4693792559.903686,replayed,,,none,f908f241829d395d9d1633f56988695ddf0f411e,db5631a4024d2f2f8cfc05da20276a486ab238e88b01def6283aa9d5c94397a8,
current_basecase,basecase,LIGHT_RUC,2040Q1,ensemble,d0644d353ee5a073602186cf7ac5c16e707d5350e16fd037b73a65528067cc6a,real_gdp_sa_nzd:1.46704e+11->1.50246e+11,4538029800.86429,4687441660.1013365,replayed,,,none,f908f241829d395d9d1633f56988695ddf0f411e,db5631a4024d2f2f8cfc05da20276a486ab238e88b01def6283aa9d5c94397a8,
current_basecase,basecase,LIGHT_RUC,2040Q2,ensemble,d0644d353ee5a073602186cf7ac5c16e707d5350e16fd037b73a65528067cc6a,real_gdp_sa_nzd:1.47305e+11->1.50862e+11,4559973204.09933,4710107536.484241,replayed,,,none,f908f241829d395d9d1633f56988695ddf0f411e,db5631a4024d2f2f8cfc05da20276a486ab238e88b01def6283aa9d5c94397a8,
current_basecase,basecase,LIGHT_RUC,2040Q3,ensemble,d0644d353ee5a073602186cf7ac5c16e707d5350e16fd037b73a65528067cc6a,real_gdp_sa_nzd:1.47909e+11->1.5148e+11,4364597577.721908,4508299286.949277,replayed,,,none,f908f241829d395d9d1633f56988695ddf0f411e,db5631a4024d2f2f8cfc05da20276a486ab238e88b01def6283aa9d5c94397a8,
current_basecase,basecase,LIGHT_RUC,2040Q4,ensemble,d0644d353ee5a073602186cf7ac5c16e707d5350e16fd037b73a65528067cc6a,real_gdp_sa_nzd:1.48516e+11->1.52101e+11,4649812824.625883,4802905071.64006,replayed,,,none,f908f241829d395d9d1633f56988695ddf0f411e,db5631a4024d2f2f8cfc05da20276a486ab238e88b01def6283aa9d5c94397a8,
current_basecase,basecase,LIGHT_RUC,2041Q1,ensemble,d0644d353ee5a073602186cf7ac5c16e707d5350e16fd037b73a65528067cc6a,real_gdp_sa_nzd:1.49088e+11->1.52687e+11,4641970674.892157,4794804723.916523,replayed,,,none,f908f241829d395d9d1633f56988695ddf0f411e,db5631a4024d2f2f8cfc05da20276a486ab238e88b01def6283aa9d5c94397a8,
current_basecase,basecase,LIGHT_RUC,2041Q2,ensemble,d0644d353ee5a073602186cf7ac5c16e707d5350e16fd037b73a65528067cc6a,real_gdp_sa_nzd:1.49662e+11->1.53276e+11,4662858944.448291,4816380726.988684,replayed,,,none,f908f241829d395d9d1633f56988695ddf0f411e,db5631a4024d2f2f8cfc05da20276a486ab238e88b01def6283aa9d5c94397a8,
current_basecase,basecase,LIGHT_RUC,2041Q3,ensemble,d0644d353ee5a073602186cf7ac5c16e707d5350e16fd037b73a65528067cc6a,real_gdp_sa_nzd:1.50239e+11->1.53866e+11,4461584604.157457,4608479551.98781,replayed,,,none,f908f241829d395d9d1633f56988695ddf0f411e,db5631a4024d2f2f8cfc05da20276a486ab238e88b01def6283aa9d5c94397a8,
current_basecase,basecase,LIGHT_RUC,2041Q4,ensemble,d0644d353ee5a073602186cf7ac5c16e707d5350e16fd037b73a65528067cc6a,real_gdp_sa_nzd:1.50818e+11->1.54459e+11,4751550341.193268,4907992233.796286,replayed,,,none,f908f241829d395d9d1633f56988695ddf0f411e,db5631a4024d2f2f8cfc05da20276a486ab238e88b01def6283aa9d5c94397a8,
current_basecase,basecase,LIGHT_RUC,2042Q1,ensemble,d0644d353ee5a073602186cf7ac5c16e707d5350e16fd037b73a65528067cc6a,real_gdp_sa_nzd:1.51399e+11->1.55054e+11,4743537057.587901,4899715117.722918,replayed,,,none,f908f241829d395d9d1633f56988695ddf0f411e,db5631a4024d2f2f8cfc05da20276a486ab238e88b01def6283aa9d5c94397a8,
current_basecase,basecase,LIGHT_RUC,2042Q2,ensemble,d0644d353ee5a073602186cf7ac5c16e707d5350e16fd037b73a65528067cc6a,real_gdp_sa_nzd:1.51982e+11->1.55651e+11,4764882816.817118,4921763673.036164,replayed,,,none,f908f241829d395d9d1633f56988695ddf0f411e,db5631a4024d2f2f8cfc05da20276a486ab238e88b01def6283aa9d5c94397a8,
current_basecase,basecase,LIGHT_RUC,2042Q3,ensemble,d0644d353ee5a073602186cf7ac5c16e707d5350e16fd037b73a65528067cc6a,real_gdp_sa_nzd:1.52567e+11->1.56251e+11,4559205006.309079,4709314046.25095,replayed,,,none,f908f241829d395d9d1633f56988695ddf0f411e,db5631a4024d2f2f8cfc05da20276a486ab238e88b01def6283aa9d5c94397a8,
current_basecase,basecase,LIGHT_RUC,2042Q4,ensemble,d0644d353ee5a073602186cf7ac5c16e707d5350e16fd037b73a65528067cc6a,real_gdp_sa_nzd:1.53155e+11->1.56853e+11,4855515717.479626,5015380606.591892,replayed,,,none,f908f241829d395d9d1633f56988695ddf0f411e,db5631a4024d2f2f8cfc05da20276a486ab238e88b01def6283aa9d5c94397a8,
current_basecase,basecase,LIGHT_RUC,2043Q1,ensemble,d0644d353ee5a073602186cf7ac5c16e707d5350e16fd037b73a65528067cc6a,real_gdp_sa_nzd:1.53745e+11->1.57457e+11,4847327563.603586,5006922862.751039,replayed,,,none,f908f241829d395d9d1633f56988695ddf0f411e,db5631a4024d2f2f8cfc05da20276a486ab238e88b01def6283aa9d5c94397a8,
current_basecase,basecase,LIGHT_RUC,2043Q2,ensemble,d0644d353ee5a073602186cf7ac5c16e707d5350e16fd037b73a65528067cc6a,real_gdp_sa_nzd:1.54338e+11->1.58064e+11,4869140841.88465,5029454329.895343,replayed,,,none,f908f241829d395d9d1633f56988695ddf0f411e,db5631a4024d2f2f8cfc05da20276a486ab238e88b01def6283aa9d5c94397a8,
current_basecase,basecase,LIGHT_RUC,2043Q3,ensemble,d0644d353ee5a073602186cf7ac5c16e707d5350e16fd037b73a65528067cc6a,real_gdp_sa_nzd:1.54932e+11->1.58673e+11,4658963143.19706,4812356658.860887,replayed,,,none,f908f241829d395d9d1633f56988695ddf0f411e,db5631a4024d2f2f8cfc05da20276a486ab238e88b01def6283aa9d5c94397a8,
current_basecase,basecase,LIGHT_RUC,2043Q4,ensemble,d0644d353ee5a073602186cf7ac5c16e707d5350e16fd037b73a65528067cc6a,real_gdp_sa_nzd:1.55529e+11->1.59284e+11,4961757784.948305,5125120629.236295,replayed,,,none,f908f241829d395d9d1633f56988695ddf0f411e,db5631a4024d2f2f8cfc05da20276a486ab238e88b01def6283aa9d5c94397a8,
current_basecase,basecase,LIGHT_RUC,2044Q1,ensemble,d0644d353ee5a073602186cf7ac5c16e707d5350e16fd037b73a65528067cc6a,real_gdp_sa_nzd:1.56128e+11->1.59898e+11,4953390942.781108,5116478313.901482,replayed,,,none,f908f241829d395d9d1633f56988695ddf0f411e,db5631a4024d2f2f8cfc05da20276a486ab238e88b01def6283aa9d5c94397a8,
current_basecase,basecase,LIGHT_RUC,2044Q2,ensemble,d0644d353ee5a073602186cf7ac5c16e707d5350e16fd037b73a65528067cc6a,real_gdp_sa_nzd:1.5673e+11->1.60514e+11,4975681989.600201,5139503279.8210945,replayed,,,none,f908f241829d395d9d1633f56988695ddf0f411e,db5631a4024d2f2f8cfc05da20276a486ab238e88b01def6283aa9d5c94397a8,
current_basecase,basecase,LIGHT_RUC,2044Q3,ensemble,d0644d353ee5a073602186cf7ac5c16e707d5350e16fd037b73a65528067cc6a,real_gdp_sa_nzd:1.57334e+11->1.61132e+11,4760905871.669254,4917655789.398538,replayed,,,none,f908f241829d395d9d1633f56988695ddf0f411e,db5631a4024d2f2f8cfc05da20276a486ab238e88b01def6283aa9d5c94397a8,
current_basecase,basecase,LIGHT_RUC,2044Q4,ensemble,d0644d353ee5a073602186cf7ac5c16e707d5350e16fd037b73a65528067cc6a,real_gdp_sa_nzd:1.5794e+11->1.61753e+11,5070326446.505199,5237263847.65819,replayed,,,none,f908f241829d395d9d1633f56988695ddf0f411e,db5631a4024d2f2f8cfc05da20276a486ab238e88b01def6283aa9d5c94397a8,
current_basecase,basecase,LIGHT_RUC,2045Q1,ensemble,d0644d353ee5a073602186cf7ac5c16e707d5350e16fd037b73a65528067cc6a,real_gdp_sa_nzd:1.58548e+11->1.62376e+11,5061777014.621153,5228432930.951595,replayed,,,none,f908f241829d395d9d1633f56988695ddf0f411e,db5631a4024d2f2f8cfc05da20276a486ab238e88b01def6283aa9d5c94397a8,
current_basecase,basecase,LIGHT_RUC,2045Q2,ensemble,d0644d353ee5a073602186cf7ac5c16e707d5350e16fd037b73a65528067cc6a,real_gdp_sa_nzd:1.59159e+11->1.63002e+11,5084556304.407978,5251962214.940382,replayed,,,none,f908f241829d395d9d1633f56988695ddf0f411e,db5631a4024d2f2f8cfc05da20276a486ab238e88b01def6283aa9d5c94397a8,
current_basecase,basecase,LIGHT_RUC,2045Q3,ensemble,d0644d353ee5a073602186cf7ac5c16e707d5350e16fd037b73a65528067cc6a,real_gdp_sa_nzd:1.59772e+11->1.6363e+11,4865081076.7095995,5025260899.431686,replayed,,,none,f908f241829d395d9d1633f56988695ddf0f411e,db5631a4024d2f2f8cfc05da20276a486ab238e88b01def6283aa9d5c94397a8,
current_basecase,basecase,LIGHT_RUC,2045Q4,ensemble,d0644d353ee5a073602186cf7ac5c16e707d5350e16fd037b73a65528067cc6a,real_gdp_sa_nzd:1.60388e+11->1.6426e+11,5181272700.036406,5351862938.817815,replayed,,,none,f908f241829d395d9d1633f56988695ddf0f411e,db5631a4024d2f2f8cfc05da20276a486ab238e88b01def6283aa9d5c94397a8,
current_basecase,basecase,LIGHT_RUC,2046Q1,ensemble,d0644d353ee5a073602186cf7ac5c16e707d5350e16fd037b73a65528067cc6a,real_gdp_sa_nzd:1.61006e+11->1.64893e+11,5172536691.7810955,5342839302.82686,replayed,,,none,f908f241829d395d9d1633f56988695ddf0f411e,db5631a4024d2f2f8cfc05da20276a486ab238e88b01def6283aa9d5c94397a8,
current_basecase,basecase,LIGHT_RUC,2046Q2,ensemble,d0644d353ee5a073602186cf7ac5c16e707d5350e16fd037b73a65528067cc6a,real_gdp_sa_nzd:1.61626e+11->1.65528e+11,5195814928.852044,5366883961.634405,replayed,,,none,f908f241829d395d9d1633f56988695ddf0f411e,db5631a4024d2f2f8cfc05da20276a486ab238e88b01def6283aa9d5c94397a8,
current_basecase,basecase,LIGHT_RUC,2046Q3,ensemble,d0644d353ee5a073602186cf7ac5c16e707d5350e16fd037b73a65528067cc6a,real_gdp_sa_nzd:1.62249e+11->1.66166e+11,4971537694.02474,5135222535.845227,replayed,,,none,f908f241829d395d9d1633f56988695ddf0f411e,db5631a4024d2f2f8cfc05da20276a486ab238e88b01def6283aa9d5c94397a8,
current_basecase,basecase,LIGHT_RUC,2046Q4,ensemble,d0644d353ee5a073602186cf7ac5c16e707d5350e16fd037b73a65528067cc6a,real_gdp_sa_nzd:1.62874e+11->1.66806e+11,5294648662.462957,5468971735.55399,replayed,,,none,f908f241829d395d9d1633f56988695ddf0f411e,db5631a4024d2f2f8cfc05da20276a486ab238e88b01def6283aa9d5c94397a8,
current_basecase,basecase,LIGHT_RUC,2047Q1,ensemble,d0644d353ee5a073602186cf7ac5c16e707d5350e16fd037b73a65528067cc6a,real_gdp_sa_nzd:1.63501e+11->1.67449e+11,5285722004.090631,5459751172.407409,replayed,,,none,f908f241829d395d9d1633f56988695ddf0f411e,db5631a4024d2f2f8cfc05da20276a486ab238e88b01def6283aa9d5c94397a8,
current_basecase,basecase,LIGHT_RUC,2047Q2,ensemble,d0644d353ee5a073602186cf7ac5c16e707d5350e16fd037b73a65528067cc6a,real_gdp_sa_nzd:1.64131e+11->1.68094e+11,5309510127.700247,5484322505.456455,replayed,,,none,f908f241829d395d9d1633f56988695ddf0f411e,db5631a4024d2f2f8cfc05da20276a486ab238e88b01def6283aa9d5c94397a8,
current_basecase,basecase,LIGHT_RUC,2047Q3,ensemble,d0644d353ee5a073602186cf7ac5c16e707d5350e16fd037b73a65528067cc6a,real_gdp_sa_nzd:1.64764e+11->1.68742e+11,5080325733.127174,5247592354.684348,replayed,,,none,f908f241829d395d9d1633f56988695ddf0f411e,db5631a4024d2f2f8cfc05da20276a486ab238e88b01def6283aa9d5c94397a8,
current_basecase,basecase,LIGHT_RUC,2047Q4,ensemble,d0644d353ee5a073602186cf7ac5c16e707d5350e16fd037b73a65528067cc6a,real_gdp_sa_nzd:1.65398e+11->1.69392e+11,5410507594.325382,5588645251.978127,replayed,,,none,f908f241829d395d9d1633f56988695ddf0f411e,db5631a4024d2f2f8cfc05da20276a486ab238e88b01def6283aa9d5c94397a8,
current_basecase,basecase,LIGHT_RUC,2048Q1,ensemble,d0644d353ee5a073602186cf7ac5c16e707d5350e16fd037b73a65528067cc6a,real_gdp_sa_nzd:1.66036e+11->1.70044e+11,5401386123.095146,5579223461.879247,replayed,,,none,f908f241829d395d9d1633f56988695ddf0f411e,db5631a4024d2f2f8cfc05da20276a486ab238e88b01def6283aa9d5c94397a8,
current_basecase,basecase,LIGHT_RUC,2048Q2,ensemble,d0644d353ee5a073602186cf7ac5c16e707d5350e16fd037b73a65528067cc6a,real_gdp_sa_nzd:1.66675e+11->1.707e+11,5425695312.598925,5604333016.598739,replayed,,,none,f908f241829d395d9d1633f56988695ddf0f411e,db5631a4024d2f2f8cfc05da20276a486ab238e88b01def6283aa9d5c94397a8,
current_basecase,basecase,LIGHT_RUC,2048Q3,ensemble,d0644d353ee5a073602186cf7ac5c16e707d5350e16fd037b73a65528067cc6a,real_gdp_sa_nzd:1.67317e+11->1.71357e+11,5191496300.926713,5362423145.522533,replayed,,,none,f908f241829d395d9d1633f56988695ddf0f411e,db5631a4024d2f2f8cfc05da20276a486ab238e88b01def6283aa9d5c94397a8,
current_basecase,basecase,LIGHT_RUC,2048Q4,ensemble,d0644d353ee5a073602186cf7ac5c16e707d5350e16fd037b73a65528067cc6a,real_gdp_sa_nzd:1.67962e+11->1.72017e+11,5528903924.908666,5710939709.42601,replayed,,,none,f908f241829d395d9d1633f56988695ddf0f411e,db5631a4024d2f2f8cfc05da20276a486ab238e88b01def6283aa9d5c94397a8,
current_basecase,basecase,LIGHT_RUC,2049Q1,ensemble,d0644d353ee5a073602186cf7ac5c16e707d5350e16fd037b73a65528067cc6a,real_gdp_sa_nzd:1.68609e+11->1.7268e+11,5519583387.139151,5701312298.643723,replayed,,,none,f908f241829d395d9d1633f56988695ddf0f411e,db5631a4024d2f2f8cfc05da20276a486ab238e88b01def6283aa9d5c94397a8,
current_basecase,basecase,LIGHT_RUC,2049Q2,ensemble,d0644d353ee5a073602186cf7ac5c16e707d5350e16fd037b73a65528067cc6a,real_gdp_sa_nzd:1.69259e+11->1.73345e+11,5544425067.270027,5726971875.918909,replayed,,,none,f908f241829d395d9d1633f56988695ddf0f411e,db5631a4024d2f2f8cfc05da20276a486ab238e88b01def6283aa9d5c94397a8,
current_basecase,basecase,LIGHT_RUC,2049Q3,ensemble,d0644d353ee5a073602186cf7ac5c16e707d5350e16fd037b73a65528067cc6a,real_gdp_sa_nzd:1.69911e+11->1.74013e+11,5305101625.84027,5479768856.365576,replayed,,,none,f908f241829d395d9d1633f56988695ddf0f411e,db5631a4024d2f2f8cfc05da20276a486ab238e88b01def6283aa9d5c94397a8,
current_basecase,basecase,LIGHT_RUC,2049Q4,ensemble,d0644d353ee5a073602186cf7ac5c16e707d5350e16fd037b73a65528067cc6a,real_gdp_sa_nzd:1.70566e+11->1.74684e+11,5649893277.920302,5835912562.981892,replayed,,,none,f908f241829d395d9d1633f56988695ddf0f411e,db5631a4024d2f2f8cfc05da20276a486ab238e88b01def6283aa9d5c94397a8,
current_basecase,basecase,LIGHT_RUC,2050Q1,ensemble,d0644d353ee5a073602186cf7ac5c16e707d5350e16fd037b73a65528067cc6a,real_gdp_sa_nzd:1.71223e+11->1.75357e+11,5640369327.001876,5826075041.796932,replayed,,,none,f908f241829d395d9d1633f56988695ddf0f411e,db5631a4024d2f2f8cfc05da20276a486ab238e88b01def6283aa9d5c94397a8,
current_basecase,basecase,LIGHT_RUC,2050Q2,ensemble,d0644d353ee5a073602186cf7ac5c16e707d5350e16fd037b73a65528067cc6a,real_gdp_sa_nzd:1.71882e+11->1.76032e+11,5665755173.262643,5852296701.539445,replayed,,,none,f908f241829d395d9d1633f56988695ddf0f411e,db5631a4024d2f2f8cfc05da20276a486ab238e88b01def6283aa9d5c94397a8,
current_basecase,basecase,LIGHT_RUC,2050Q3,ensemble,d0644d353ee5a073602186cf7ac5c16e707d5350e16fd037b73a65528067cc6a,real_gdp_sa_nzd:1.72545e+11->1.7671e+11,5421195082.432953,5599684619.103379,replayed,,,none,f908f241829d395d9d1633f56988695ddf0f411e,db5631a4024d2f2f8cfc05da20276a486ab238e88b01def6283aa9d5c94397a8,
current_basecase,basecase,LIGHT_RUC,2050Q4,ensemble,d0644d353ee5a073602186cf7ac5c16e707d5350e16fd037b73a65528067cc6a,real_gdp_sa_nzd:1.73209e+11->1.77391e+11,5773532497.732903,5963622528.584462,replayed,,,none,f908f241829d395d9d1633f56988695ddf0f411e,db5631a4024d2f2f8cfc05da20276a486ab238e88b01def6283aa9d5c94397a8,
current_basecase,basecase,HEAVY_RUC,2026Q1,ensemble,d0644d353ee5a073602186cf7ac5c16e707d5350e16fd037b73a65528067cc6a,,1020118066.0540425,1020118066.0540425,replayed,,,none,f908f241829d395d9d1633f56988695ddf0f411e,db5631a4024d2f2f8cfc05da20276a486ab238e88b01def6283aa9d5c94397a8,
current_basecase,basecase,HEAVY_RUC,2026Q2,ensemble,d0644d353ee5a073602186cf7ac5c16e707d5350e16fd037b73a65528067cc6a,real_gdp_sa_nzd:1.14387e+11->1.1401e+11,981612144.9334923,979278761.5509193,replayed,,,none,f908f241829d395d9d1633f56988695ddf0f411e,db5631a4024d2f2f8cfc05da20276a486ab238e88b01def6283aa9d5c94397a8,
current_basecase,basecase,HEAVY_RUC,2026Q3,ensemble,d0644d353ee5a073602186cf7ac5c16e707d5350e16fd037b73a65528067cc6a,real_gdp_sa_nzd:1.15039e+11->1.14724e+11,997119053.0897545,996003769.4329697,replayed,,,none,f908f241829d395d9d1633f56988695ddf0f411e,db5631a4024d2f2f8cfc05da20276a486ab238e88b01def6283aa9d5c94397a8,
current_basecase,basecase,HEAVY_RUC,2026Q4,ensemble,d0644d353ee5a073602186cf7ac5c16e707d5350e16fd037b73a65528067cc6a,real_gdp_sa_nzd:1.15695e+11->1.15627e+11,1066495106.8412465,1066976562.4183546,replayed,,,none,f908f241829d395d9d1633f56988695ddf0f411e,db5631a4024d2f2f8cfc05da20276a486ab238e88b01def6283aa9d5c94397a8,
current_basecase,basecase,HEAVY_RUC,2027Q1,ensemble,d0644d353ee5a073602186cf7ac5c16e707d5350e16fd037b73a65528067cc6a,real_gdp_sa_nzd:1.16383e+11->1.16604e+11,1034599278.8904264,1036268355.7111793,replayed,,,none,f908f241829d395d9d1633f56988695ddf0f411e,db5631a4024d2f2f8cfc05da20276a486ab238e88b01def6283aa9d5c94397a8,
current_basecase,basecase,HEAVY_RUC,2027Q2,ensemble,d0644d353ee5a073602186cf7ac5c16e707d5350e16fd037b73a65528067cc6a,real_gdp_sa_nzd:1.17075e+11->1.17574e+11,1002056653.2786986,1005260589.0806525,replayed,,,none,f908f241829d395d9d1633f56988695ddf0f411e,db5631a4024d2f2f8cfc05da20276a486ab238e88b01def6283aa9d5c94397a8,
current_basecase,basecase,HEAVY_RUC,2027Q3,ensemble,d0644d353ee5a073602186cf7ac5c16e707d5350e16fd037b73a65528067cc6a,real_gdp_sa_nzd:1.17771e+11->1.18525e+11,1014475743.3591378,1018601238.7188909,replayed,,,none,f908f241829d395d9d1633f56988695ddf0f411e,db5631a4024d2f2f8cfc05da20276a486ab238e88b01def6283aa9d5c94397a8,
current_basecase,basecase,HEAVY_RUC,2027Q4,ensemble,d0644d353ee5a073602186cf7ac5c16e707d5350e16fd037b73a65528067cc6a,real_gdp_sa_nzd:1.18472e+11->1.19442e+11,1070992030.8767707,1075577977.4925585,replayed,,,none,f908f241829d395d9d1633f56988695ddf0f411e,db5631a4024d2f2f8cfc05da20276a486ab238e88b01def6283aa9d5c94397a8,
current_basecase,basecase,HEAVY_RUC,2028Q1,ensemble,d0644d353ee5a073602186cf7ac5c16e707d5350e16fd037b73a65528067cc6a,real_gdp_sa_nzd:1.19089e+11->1.20324e+11,1037916937.6171612,1042860964.6755722,replayed,,,none,f908f241829d395d9d1633f56988695ddf0f411e,db5631a4024d2f2f8cfc05da20276a486ab238e88b01def6283aa9d5c94397a8,
current_basecase,basecase,HEAVY_RUC,2028Q2,ensemble,d0644d353ee5a073602186cf7ac5c16e707d5350e16fd037b73a65528067cc6a,real_gdp_sa_nzd:1.19709e+11->1.21165e+11,1010733601.6561593,1015635153.9382644,replayed,,,none,f908f241829d395d9d1633f56988695ddf0f411e,db5631a4024d2f2f8cfc05da20276a486ab238e88b01def6283aa9d5c94397a8,
current_basecase,basecase,HEAVY_RUC,2028Q3,ensemble,d0644d353ee5a073602186cf7ac5c16e707d5350e16fd037b73a65528067cc6a,real_gdp_sa_nzd:1.20333e+11->1.21956e+11,1023718834.664518,1028556898.8752159,replayed,,,none,f908f241829d395d9d1633f56988695ddf0f411e,db5631a4024d2f2f8cfc05da20276a486ab238e88b01def6283aa9d5c94397a8,
current_basecase,basecase,HEAVY_RUC,2028Q4,ensemble,d0644d353ee5a073602186cf7ac5c16e707d5350e16fd037b73a65528067cc6a,real_gdp_sa_nzd:1.2096e+11->1.2274e+11,1080649201.0564692,1085782912.5707552,replayed,,,none,f908f241829d395d9d1633f56988695ddf0f411e,db5631a4024d2f2f8cfc05da20276a486ab238e88b01def6283aa9d5c94397a8,
current_basecase,basecase,HEAVY_RUC,2029Q1,ensemble,d0644d353ee5a073602186cf7ac5c16e707d5350e16fd037b73a65528067cc6a,real_gdp_sa_nzd:1.2153e+11->1.23545e+11,1047581920.2963629,1053019300.4392481,replayed,,,none,f908f241829d395d9d1633f56988695ddf0f411e,db5631a4024d2f2f8cfc05da20276a486ab238e88b01def6283aa9d5c94397a8,
current_basecase,basecase,HEAVY_RUC,2029Q2,ensemble,d0644d353ee5a073602186cf7ac5c16e707d5350e16fd037b73a65528067cc6a,real_gdp_sa_nzd:1.22103e+11->1.24338e+11,1019836095.3183956,1025362276.610727,replayed,,,none,f908f241829d395d9d1633f56988695ddf0f411e,db5631a4024d2f2f8cfc05da20276a486ab238e88b01def6283aa9d5c94397a8,
current_basecase,basecase,HEAVY_RUC,2029Q3,ensemble,d0644d353ee5a073602186cf7ac5c16e707d5350e16fd037b73a65528067cc6a,real_gdp_sa_nzd:1.22679e+11->1.25109e+11,1032505738.2550393,1038307261.4190841,replayed,,,none,f908f241829d395d9d1633f56988695ddf0f411e,db5631a4024d2f2f8cfc05da20276a486ab238e88b01def6283aa9d5c94397a8,
current_basecase,basecase,HEAVY_RUC,2029Q4,ensemble,d0644d353ee5a073602186cf7ac5c16e707d5350e16fd037b73a65528067cc6a,real_gdp_sa_nzd:1.23258e+11->1.25865e+11,1089424993.4314303,1095786276.7631705,replayed,,,none,f908f241829d395d9d1633f56988695ddf0f411e,db5631a4024d2f2f8cfc05da20276a486ab238e88b01def6283aa9d5c94397a8,
current_basecase,basecase,HEAVY_RUC,2030Q1,ensemble,d0644d353ee5a073602186cf7ac5c16e707d5350e16fd037b73a65528067cc6a,real_gdp_sa_nzd:1.23809e+11->1.26615e+11,1055840917.0979283,1062270368.4960123,replayed,,,none,f908f241829d395d9d1633f56988695ddf0f411e,db5631a4024d2f2f8cfc05da20276a486ab238e88b01def6283aa9d5c94397a8,
current_basecase,basecase,HEAVY_RUC,2030Q2,ensemble,d0644d353ee5a073602186cf7ac5c16e707d5350e16fd037b73a65528067cc6a,real_gdp_sa_nzd:1.24362e+11->1.27365e+11,1027619618.1451293,1034048365.7262154,replayed,,,none,f908f241829d395d9d1633f56988695ddf0f411e,db5631a4024d2f2f8cfc05da20276a486ab238e88b01def6283aa9d5c94397a8,
current_basecase,basecase,HEAVY_RUC,2030Q3,ensemble,d0644d353ee5a073602186cf7ac5c16e707d5350e16fd037b73a65528067cc6a,real_gdp_sa_nzd:1.24918e+11->1.27934e+11,1041239245.4337618,1046858437.7971385,replayed,,,none,f908f241829d395d9d1633f56988695ddf0f411e,db5631a4024d2f2f8cfc05da20276a486ab238e88b01def6283aa9d5c94397a8,
current_basecase,basecase,HEAVY_RUC,2030Q4,ensemble,d0644d353ee5a073602186cf7ac5c16e707d5350e16fd037b73a65528067cc6a,real_gdp_sa_nzd:1.25477e+11->1.28506e+11,1098554969.4840002,1104066203.7910948,replayed,,,none,f908f241829d395d9d1633f56988695ddf0f411e,db5631a4024d2f2f8cfc05da20276a486ab238e88b01def6283aa9d5c94397a8,
current_basecase,basecase,HEAVY_RUC,2031Q1,ensemble,d0644d353ee5a073602186cf7ac5c16e707d5350e16fd037b73a65528067cc6a,real_gdp_sa_nzd:1.26022e+11->1.29065e+11,1065428378.3107026,1070406868.4785559,replayed,,,none,f908f241829d395d9d1633f56988695ddf0f411e,db5631a4024d2f2f8cfc05da20276a486ab238e88b01def6283aa9d5c94397a8,
current_basecase,basecase,HEAVY_RUC,2031Q2,ensemble,d0644d353ee5a073602186cf7ac5c16e707d5350e16fd037b73a65528067cc6a,real_gdp_sa_nzd:1.2657e+11->1.29626e+11,1037855360.5898279,1042306485.6981162,replayed,,,none,f908f241829d395d9d1633f56988695ddf0f411e,db5631a4024d2f2f8cfc05da20276a486ab238e88b01def6283aa9d5c94397a8,
current_basecase,basecase,HEAVY_RUC,2031Q3,ensemble,d0644d353ee5a073602186cf7ac5c16e707d5350e16fd037b73a65528067cc6a,real_gdp_sa_nzd:1.2712e+11->1.30189e+11,1049779250.4641043,1054210254.5335567,replayed,,,none,f908f241829d395d9d1633f56988695ddf0f411e,db5631a4024d2f2f8cfc05da20276a486ab238e88b01def6283aa9d5c94397a8,
current_basecase,basecase,HEAVY_RUC,2031Q4,ensemble,d0644d353ee5a073602186cf7ac5c16e707d5350e16fd037b73a65528067cc6a,real_gdp_sa_nzd:1.27672e+11->1.30755e+11,1107723670.1148689,1112411473.7939482,replayed,,,none,f908f241829d395d9d1633f56988695ddf0f411e,db5631a4024d2f2f8cfc05da20276a486ab238e88b01def6283aa9d5c94397a8,
current_basecase,basecase,HEAVY_RUC,2032Q1,ensemble,d0644d353ee5a073602186cf7ac5c16e707d5350e16fd037b73a65528067cc6a,real_gdp_sa_nzd:1.28227e+11->1.31323e+11,1072919190.5677893,1077456465.6579063,replayed,,,none,f908f241829d395d9d1633f56988695ddf0f411e,db5631a4024d2f2f8cfc05da20276a486ab238e88b01def6283aa9d5c94397a8,
current_basecase,basecase,HEAVY_RUC,2032Q2,ensemble,d0644d353ee5a073602186cf7ac5c16e707d5350e16fd037b73a65528067cc6a,real_gdp_sa_nzd:1.28785e+11->1.31894e+11,1043934215.9911054,1048327343.7268909,replayed,,,none,f908f241829d395d9d1633f56988695ddf0f411e,db5631a4024d2f2f8cfc05da20276a486ab238e88b01def6283aa9d5c94397a8,
current_basecase,basecase,HEAVY_RUC,2032Q3,ensemble,d0644d353ee5a073602186cf7ac5c16e707d5350e16fd037b73a65528067cc6a,real_gdp_sa_nzd:1.29345e+11->1.32467e+11,1056465631.3629732,1060918292.9164243,replayed,,,none,f908f241829d395d9d1633f56988695ddf0f411e,db5631a4024d2f2f8cfc05da20276a486ab238e88b01def6283aa9d5c94397a8,
current_basecase,basecase,HEAVY_RUC,2032Q4,ensemble,d0644d353ee5a073602186cf7ac5c16e707d5350e16fd037b73a65528067cc6a,real_gdp_sa_nzd:1.29907e+11->1.33043e+11,1114453321.0444498,1119178334.6755662,replayed,,,none,f908f241829d395d9d1633f56988695ddf0f411e,db5631a4024d2f2f8cfc05da20276a486ab238e88b01def6283aa9d5c94397a8,
current_basecase,basecase,HEAVY_RUC,2033Q1,ensemble,d0644d353ee5a073602186cf7ac5c16e707d5350e16fd037b73a65528067cc6a,real_gdp_sa_nzd:1.30471e+11->1.33621e+11,1079849537.2059693,1084436007.7982154,replayed,,,none,f908f241829d395d9d1633f56988695ddf0f411e,db5631a4024d2f2f8cfc05da20276a486ab238e88b01def6283aa9d5c94397a8,
current_basecase,basecase,HEAVY_RUC,2033Q2,ensemble,d0644d353ee5a073602186cf7ac5c16e707d5350e16fd037b73a65528067cc6a,real_gdp_sa_nzd:1.31038e+11->1.34202e+11,1050714856.753379,1055167682.3730538,replayed,,,none,f908f241829d395d9d1633f56988695ddf0f411e,db5631a4024d2f2f8cfc05da20276a486ab238e88b01def6283aa9d5c94397a8,
current_basecase,basecase,HEAVY_RUC,2033Q3,ensemble,d0644d353ee5a073602186cf7ac5c16e707d5350e16fd037b73a65528067cc6a,real_gdp_sa_nzd:1.31608e+11->1.34786e+11,1063507312.9504088,1068024468.9928509,replayed,,,none,f908f241829d395d9d1633f56988695ddf0f411e,db5631a4024d2f2f8cfc05da20276a486ab238e88b01def6283aa9d5c94397a8,
current_basecase,basecase,HEAVY_RUC,2033Q4,ensemble,d0644d353ee5a073602186cf7ac5c16e707d5350e16fd037b73a65528067cc6a,real_gdp_sa_nzd:1.3218e+11->1.35371e+11,1121521900.6078825,1126316803.116328,replayed,,,none,f908f241829d395d9d1633f56988695ddf0f411e,db5631a4024d2f2f8cfc05da20276a486ab238e88b01def6283aa9d5c94397a8,
current_basecase,basecase,HEAVY_RUC,2034Q1,ensemble,d0644d353ee5a073602186cf7ac5c16e707d5350e16fd037b73a65528067cc6a,real_gdp_sa_nzd:1.32755e+11->1.3596e+11,1087356096.9920516,1092012096.3713849,replayed,,,none,f908f241829d395d9d1633f56988695ddf0f411e,db5631a4024d2f2f8cfc05da20276a486ab238e88b01def6283aa9d5c94397a8,
current_basecase,basecase,HEAVY_RUC,2034Q2,ensemble,d0644d353ee5a073602186cf7ac5c16e707d5350e16fd037b73a65528067cc6a,real_gdp_sa_nzd:1.33332e+11->1.36551e+11,1058064221.2075994,1062584153.2553265,replayed,,,none,f908f241829d395d9d1633f56988695ddf0f411e,db5631a4024d2f2f8cfc05da20276a486ab238e88b01def6283aa9d5c94397a8,
current_basecase,basecase,HEAVY_RUC,2034Q3,ensemble,d0644d353ee5a073602186cf7ac5c16e707d5350e16fd037b73a65528067cc6a,real_gdp_sa_nzd:1.33911e+11->1.37144e+11,1070699376.6962314,1075283248.9590888,replayed,,,none,f908f241829d395d9d1633f56988695ddf0f411e,db5631a4024d2f2f8cfc05da20276a486ab238e88b01def6283aa9d5c94397a8,
current_basecase,basecase,HEAVY_RUC,2034Q4,ensemble,d0644d353ee5a073602186cf7ac5c16e707d5350e16fd037b73a65528067cc6a,real_gdp_sa_nzd:1.34493e+11->1.3774e+11,1128940950.2157333,1133805624.126846,replayed,,,none,f908f241829d395d9d1633f56988695ddf0f411e,db5631a4024d2f2f8cfc05da20276a486ab238e88b01def6283aa9d5c94397a8,
current_basecase,basecase,HEAVY_RUC,2035Q1,ensemble,d0644d353ee5a073602186cf7ac5c16e707d5350e16fd037b73a65528067cc6a,real_gdp_sa_nzd:1.35078e+11->1.38339e+11,1094292738.0254178,1099015122.5568385,replayed,,,none,f908f241829d395d9d1633f56988695ddf0f411e,db5631a4024d2f2f8cfc05da20276a486ab238e88b01def6283aa9d5c94397a8,
current_basecase,basecase,HEAVY_RUC,2035Q2,ensemble,d0644d353ee5a073602186cf7ac5c16e707d5350e16fd037b73a65528067cc6a,real_gdp_sa_nzd:1.35665e+11->1.3894e+11,1064426594.8059599,1069009972.412028,replayed,,,none,f908f241829d395d9d1633f56988695ddf0f411e,db5631a4024d2f2f8cfc05da20276a486ab238e88b01def6283aa9d5c94397a8,
current_basecase,basecase,HEAVY_RUC,2035Q3,ensemble,d0644d353ee5a073602186cf7ac5c16e707d5350e16fd037b73a65528067cc6a,real_gdp_sa_nzd:1.36255e+11->1.39544e+11,1077021071.4164548,1081668651.9094286,replayed,,,none,f908f241829d395d9d1633f56988695ddf0f411e,db5631a4024d2f2f8cfc05da20276a486ab238e88b01def6283aa9d5c94397a8,
current_basecase,basecase,HEAVY_RUC,2035Q4,ensemble,d0644d353ee5a073602186cf7ac5c16e707d5350e16fd037b73a65528067cc6a,real_gdp_sa_nzd:1.36847e+11->1.40151e+11,1135559408.1451929,1140491298.9471035,replayed,,,none,f908f241829d395d9d1633f56988695ddf0f411e,db5631a4024d2f2f8cfc05da20276a486ab238e88b01def6283aa9d5c94397a8,
current_basecase,basecase,HEAVY_RUC,2036Q1,ensemble,d0644d353ee5a073602186cf7ac5c16e707d5350e16fd037b73a65528067cc6a,real_gdp_sa_nzd:1.37408e+11->1.40726e+11,1100458988.6526406,1105244908.4004507,replayed,,,none,f908f241829d395d9d1633f56988695ddf0f411e,db5631a4024d2f2f8cfc05da20276a486ab238e88b01def6283aa9d5c94397a8,
current_basecase,basecase,HEAVY_RUC,2036Q2,ensemble,d0644d353ee5a073602186cf7ac5c16e707d5350e16fd037b73a65528067cc6a,real_gdp_sa_nzd:1.37971e+11->1.41302e+11,1070247960.9898272,1074891794.0654569,replayed,,,none,f908f241829d395d9d1633f56988695ddf0f411e,db5631a4024d2f2f8cfc05da20276a486ab238e88b01def6283aa9d5c94397a8,
current_basecase,basecase,HEAVY_RUC,2036Q3,ensemble,d0644d353ee5a073602186cf7ac5c16e707d5350e16fd037b73a65528067cc6a,real_gdp_sa_nzd:1.38537e+11->1.41882e+11,1082789480.9624865,1087497319.5040529,replayed,,,none,f908f241829d395d9d1633f56988695ddf0f411e,db5631a4024d2f2f8cfc05da20276a486ab238e88b01def6283aa9d5c94397a8,
current_basecase,basecase,HEAVY_RUC,2036Q4,ensemble,d0644d353ee5a073602186cf7ac5c16e707d5350e16fd037b73a65528067cc6a,real_gdp_sa_nzd:1.39105e+11->1.42463e+11,1141544094.9184463,1146538849.5470724,replayed,,,none,f908f241829d395d9d1633f56988695ddf0f411e,db5631a4024d2f2f8cfc05da20276a486ab238e88b01def6283aa9d5c94397a8,
current_basecase,basecase,HEAVY_RUC,2037Q1,ensemble,d0644d353ee5a073602186cf7ac5c16e707d5350e16fd037b73a65528067cc6a,real_gdp_sa_nzd:1.39675e+11->1.43047e+11,1106397262.0845213,1111245012.1220958,replayed,,,none,f908f241829d395d9d1633f56988695ddf0f411e,db5631a4024d2f2f8cfc05da20276a486ab238e88b01def6283aa9d5c94397a8,
current_basecase,basecase,HEAVY_RUC,2037Q2,ensemble,d0644d353ee5a073602186cf7ac5c16e707d5350e16fd037b73a65528067cc6a,real_gdp_sa_nzd:1.40248e+11->1.43634e+11,1076086132.4798217,1080790518.9080882,replayed,,,none,f908f241829d395d9d1633f56988695ddf0f411e,db5631a4024d2f2f8cfc05da20276a486ab238e88b01def6283aa9d5c94397a8,
current_basecase,basecase,HEAVY_RUC,2037Q3,ensemble,d0644d353ee5a073602186cf7ac5c16e707d5350e16fd037b73a65528067cc6a,real_gdp_sa_nzd:1.40823e+11->1.44223e+11,1088771817.594007,1093541529.0359342,replayed,,,none,f908f241829d395d9d1633f56988695ddf0f411e,db5631a4024d2f2f8cfc05da20276a486ab238e88b01def6283aa9d5c94397a8,
current_basecase,basecase,HEAVY_RUC,2037Q4,ensemble,d0644d353ee5a073602186cf7ac5c16e707d5350e16fd037b73a65528067cc6a,real_gdp_sa_nzd:1.414e+11->1.44814e+11,1147965249.2423291,1153026207.2764173,replayed,,,none,f908f241829d395d9d1633f56988695ddf0f411e,db5631a4024d2f2f8cfc05da20276a486ab238e88b01def6283aa9d5c94397a8,
current_basecase,basecase,HEAVY_RUC,2038Q1,ensemble,d0644d353ee5a073602186cf7ac5c16e707d5350e16fd037b73a65528067cc6a,real_gdp_sa_nzd:1.4198e+11->1.45408e+11,1112648553.5711102,1117560796.0456128,replayed,,,none,f908f241829d395d9d1633f56988695ddf0f411e,db5631a4024d2f2f8cfc05da20276a486ab238e88b01def6283aa9d5c94397a8,
current_basecase,basecase,HEAVY_RUC,2038Q2,ensemble,d0644d353ee5a073602186cf7ac5c16e707d5350e16fd037b73a65528067cc6a,real_gdp_sa_nzd:1.42562e+11->1.46004e+11,1082159876.6352258,1086927014.0312903,replayed,,,none,f908f241829d395d9d1633f56988695ddf0f411e,db5631a4024d2f2f8cfc05da20276a486ab238e88b01def6283aa9d5c94397a8,
current_basecase,basecase,HEAVY_RUC,2038Q3,ensemble,d0644d353ee5a073602186cf7ac5c16e707d5350e16fd037b73a65528067cc6a,real_gdp_sa_nzd:1.43146e+11->1.46602e+11,1094937619.534267,1099771123.4742377,replayed,,,none,f908f241829d395d9d1633f56988695ddf0f411e,db5631a4024d2f2f8cfc05da20276a486ab238e88b01def6283aa9d5c94397a8,
current_basecase,basecase,HEAVY_RUC,2038Q4,ensemble,d0644d353ee5a073602186cf7ac5c16e707d5350e16fd037b73a65528067cc6a,real_gdp_sa_nzd:1.43733e+11->1.47203e+11,1154515458.9334867,1159644284.329803,replayed,,,none,f908f241829d395d9d1633f56988695ddf0f411e,db5631a4024d2f2f8cfc05da20276a486ab238e88b01def6283aa9d5c94397a8,
current_basecase,basecase,HEAVY_RUC,2039Q1,ensemble,d0644d353ee5a073602186cf7ac5c16e707d5350e16fd037b73a65528067cc6a,real_gdp_sa_nzd:1.44322e+11->1.47807e+11,1119012568.8663015,1123990851.0747235,replayed,,,none,f908f241829d395d9d1633f56988695ddf0f411e,db5631a4024d2f2f8cfc05da20276a486ab238e88b01def6283aa9d5c94397a8,
current_basecase,basecase,HEAVY_RUC,2039Q2,ensemble,d0644d353ee5a073602186cf7ac5c16e707d5350e16fd037b73a65528067cc6a,real_gdp_sa_nzd:1.44914e+11->1.48413e+11,1088341696.8003922,1093173083.5322282,replayed,,,none,f908f241829d395d9d1633f56988695ddf0f411e,db5631a4024d2f2f8cfc05da20276a486ab238e88b01def6283aa9d5c94397a8,
current_basecase,basecase,HEAVY_RUC,2039Q3,ensemble,d0644d353ee5a073602186cf7ac5c16e707d5350e16fd037b73a65528067cc6a,real_gdp_sa_nzd:1.45508e+11->1.49021e+11,1101211431.5558865,1106110242.652203,replayed,,,none,f908f241829d395d9d1633f56988695ddf0f411e,db5631a4024d2f2f8cfc05da20276a486ab238e88b01def6283aa9d5c94397a8,
current_basecase,basecase,HEAVY_RUC,2039Q4,ensemble,d0644d353ee5a073602186cf7ac5c16e707d5350e16fd037b73a65528067cc6a,real_gdp_sa_nzd:1.46105e+11->1.49632e+11,1161178879.7839694,1166377176.2837083,replayed,,,none,f908f241829d395d9d1633f56988695ddf0f411e,db5631a4024d2f2f8cfc05da20276a486ab238e88b01def6283aa9d5c94397a8,
current_basecase,basecase,HEAVY_RUC,2040Q1,ensemble,d0644d353ee5a073602186cf7ac5c16e707d5350e16fd037b73a65528067cc6a,real_gdp_sa_nzd:1.46704e+11->1.50246e+11,1125486457.4663343,1130532340.4511967,replayed,,,none,f908f241829d395d9d1633f56988695ddf0f411e,db5631a4024d2f2f8cfc05da20276a486ab238e88b01def6283aa9d5c94397a8,
current_basecase,basecase,HEAVY_RUC,2040Q2,ensemble,d0644d353ee5a073602186cf7ac5c16e707d5350e16fd037b73a65528067cc6a,real_gdp_sa_nzd:1.47305e+11->1.50862e+11,1094630412.1823292,1099527569.0940175,replayed,,,none,f908f241829d395d9d1633f56988695ddf0f411e,db5631a4024d2f2f8cfc05da20276a486ab238e88b01def6283aa9d5c94397a8,
current_basecase,basecase,HEAVY_RUC,2040Q3,ensemble,d0644d353ee5a073602186cf7ac5c16e707d5350e16fd037b73a65528067cc6a,real_gdp_sa_nzd:1.47909e+11->1.5148e+11,1107593825.8813233,1112559491.7350242,replayed,,,none,f908f241829d395d9d1633f56988695ddf0f411e,db5631a4024d2f2f8cfc05da20276a486ab238e88b01def6283aa9d5c94397a8,
current_basecase,basecase,HEAVY_RUC,2040Q4,ensemble,d0644d353ee5a073602186cf7ac5c16e707d5350e16fd037b73a65528067cc6a,real_gdp_sa_nzd:1.48516e+11->1.52101e+11,1167957709.217406,1173227124.799934,replayed,,,none,f908f241829d395d9d1633f56988695ddf0f411e,db5631a4024d2f2f8cfc05da20276a486ab238e88b01def6283aa9d5c94397a8,
current_basecase,basecase,HEAVY_RUC,2041Q1,ensemble,d0644d353ee5a073602186cf7ac5c16e707d5350e16fd037b73a65528067cc6a,real_gdp_sa_nzd:1.49088e+11->1.52687e+11,1131863704.4097583,1136977159.8629613,replayed,,,none,f908f241829d395d9d1633f56988695ddf0f411e,db5631a4024d2f2f8cfc05da20276a486ab238e88b01def6283aa9d5c94397a8,
current_basecase,basecase,HEAVY_RUC,2041Q2,ensemble,d0644d353ee5a073602186cf7ac5c16e707d5350e16fd037b73a65528067cc6a,real_gdp_sa_nzd:1.49662e+11->1.53276e+11,1100691957.6687036,1105653628.3831863,replayed,,,none,f908f241829d395d9d1633f56988695ddf0f411e,db5631a4024d2f2f8cfc05da20276a486ab238e88b01def6283aa9d5c94397a8,
current_basecase,basecase,HEAVY_RUC,2041Q3,ensemble,d0644d353ee5a073602186cf7ac5c16e707d5350e16fd037b73a65528067cc6a,real_gdp_sa_nzd:1.50239e+11->1.53866e+11,1113627648.161513,1118657750.6342006,replayed,,,none,f908f241829d395d9d1633f56988695ddf0f411e,db5631a4024d2f2f8cfc05da20276a486ab238e88b01def6283aa9d5c94397a8,
current_basecase,basecase,HEAVY_RUC,2041Q4,ensemble,d0644d353ee5a073602186cf7ac5c16e707d5350e16fd037b73a65528067cc6a,real_gdp_sa_nzd:1.50818e+11->1.54459e+11,1174236911.380019,1179573630.3726587,replayed,,,none,f908f241829d395d9d1633f56988695ddf0f411e,db5631a4024d2f2f8cfc05da20276a486ab238e88b01def6283aa9d5c94397a8,
current_basecase,basecase,HEAVY_RUC,2042Q1,ensemble,d0644d353ee5a073602186cf7ac5c16e707d5350e16fd037b73a65528067cc6a,real_gdp_sa_nzd:1.51399e+11->1.55054e+11,1138105255.6464467,1143284970.5152678,replayed,,,none,f908f241829d395d9d1633f56988695ddf0f411e,db5631a4024d2f2f8cfc05da20276a486ab238e88b01def6283aa9d5c94397a8,
current_basecase,basecase,HEAVY_RUC,2042Q2,ensemble,d0644d353ee5a073602186cf7ac5c16e707d5350e16fd037b73a65528067cc6a,real_gdp_sa_nzd:1.51982e+11->1.55651e+11,1106835275.6530895,1111861876.4362116,replayed,,,none,f908f241829d395d9d1633f56988695ddf0f411e,db5631a4024d2f2f8cfc05da20276a486ab238e88b01def6283aa9d5c94397a8,
current_basecase,basecase,HEAVY_RUC,2042Q3,ensemble,d0644d353ee5a073602186cf7ac5c16e707d5350e16fd037b73a65528067cc6a,real_gdp_sa_nzd:1.52567e+11->1.56251e+11,1119926963.798379,1125023433.2962978,replayed,,,none,f908f241829d395d9d1633f56988695ddf0f411e,db5631a4024d2f2f8cfc05da20276a486ab238e88b01def6283aa9d5c94397a8,
current_basecase,basecase,HEAVY_RUC,2042Q4,ensemble,d0644d353ee5a073602186cf7ac5c16e707d5350e16fd037b73a65528067cc6a,real_gdp_sa_nzd:1.53155e+11->1.56853e+11,1181000773.365276,1186408515.8978167,replayed,,,none,f908f241829d395d9d1633f56988695ddf0f411e,db5631a4024d2f2f8cfc05da20276a486ab238e88b01def6283aa9d5c94397a8,
current_basecase,basecase,HEAVY_RUC,2043Q1,ensemble,d0644d353ee5a073602186cf7ac5c16e707d5350e16fd037b73a65528067cc6a,real_gdp_sa_nzd:1.53745e+11->1.57457e+11,1144692070.841986,1149940978.9211078,replayed,,,none,f908f241829d395d9d1633f56988695ddf0f411e,db5631a4024d2f2f8cfc05da20276a486ab238e88b01def6283aa9d5c94397a8,
current_basecase,basecase,HEAVY_RUC,2043Q2,ensemble,d0644d353ee5a073602186cf7ac5c16e707d5350e16fd037b73a65528067cc6a,real_gdp_sa_nzd:1.54338e+11->1.58064e+11,1113236211.383377,1118330137.575718,replayed,,,none,f908f241829d395d9d1633f56988695ddf0f411e,db5631a4024d2f2f8cfc05da20276a486ab238e88b01def6283aa9d5c94397a8,
current_basecase,basecase,HEAVY_RUC,2043Q3,ensemble,d0644d353ee5a073602186cf7ac5c16e707d5350e16fd037b73a65528067cc6a,real_gdp_sa_nzd:1.54932e+11->1.58673e+11,1126425606.6243343,1131590516.3836584,replayed,,,none,f908f241829d395d9d1633f56988695ddf0f411e,db5631a4024d2f2f8cfc05da20276a486ab238e88b01def6283aa9d5c94397a8,
current_basecase,basecase,HEAVY_RUC,2043Q4,ensemble,d0644d353ee5a073602186cf7ac5c16e707d5350e16fd037b73a65528067cc6a,real_gdp_sa_nzd:1.55529e+11->1.59284e+11,1187904953.6293452,1193385503.2081006,replayed,,,none,f908f241829d395d9d1633f56988695ddf0f411e,db5631a4024d2f2f8cfc05da20276a486ab238e88b01def6283aa9d5c94397a8,
current_basecase,basecase,HEAVY_RUC,2044Q1,ensemble,d0644d353ee5a073602186cf7ac5c16e707d5350e16fd037b73a65528067cc6a,real_gdp_sa_nzd:1.56128e+11->1.59898e+11,1151400156.7342973,1156719905.0219386,replayed,,,none,f908f241829d395d9d1633f56988695ddf0f411e,db5631a4024d2f2f8cfc05da20276a486ab238e88b01def6283aa9d5c94397a8,
current_basecase,basecase,HEAVY_RUC,2044Q2,ensemble,d0644d353ee5a073602186cf7ac5c16e707d5350e16fd037b73a65528067cc6a,real_gdp_sa_nzd:1.5673e+11->1.60514e+11,1119752270.2400389,1124915109.1938095,replayed,,,none,f908f241829d395d9d1633f56988695ddf0f411e,db5631a4024d2f2f8cfc05da20276a486ab238e88b01def6283aa9d5c94397a8,
current_basecase,basecase,HEAVY_RUC,2044Q3,ensemble,d0644d353ee5a073602186cf7ac5c16e707d5350e16fd037b73a65528067cc6a,real_gdp_sa_nzd:1.57334e+11->1.61132e+11,1133038554.4006443,1138273503.9054914,replayed,,,none,f908f241829d395d9d1633f56988695ddf0f411e,db5631a4024d2f2f8cfc05da20276a486ab238e88b01def6283aa9d5c94397a8,
current_basecase,basecase,HEAVY_RUC,2044Q4,ensemble,d0644d353ee5a073602186cf7ac5c16e707d5350e16fd037b73a65528067cc6a,real_gdp_sa_nzd:1.5794e+11->1.61753e+11,1194928423.7606971,1200483470.2573094,replayed,,,none,f908f241829d395d9d1633f56988695ddf0f411e,db5631a4024d2f2f8cfc05da20276a486ab238e88b01def6283aa9d5c94397a8,
current_basecase,basecase,HEAVY_RUC,2045Q1,ensemble,d0644d353ee5a073602186cf7ac5c16e707d5350e16fd037b73a65528067cc6a,real_gdp_sa_nzd:1.58548e+11->1.62376e+11,1158223669.453331,1163615900.4606814,replayed,,,none,f908f241829d395d9d1633f56988695ddf0f411e,db5631a4024d2f2f8cfc05da20276a486ab238e88b01def6283aa9d5c94397a8,
current_basecase,basecase,HEAVY_RUC,2045Q2,ensemble,d0644d353ee5a073602186cf7ac5c16e707d5350e16fd037b73a65528067cc6a,real_gdp_sa_nzd:1.59159e+11->1.63002e+11,1126380404.1937962,1131613754.5579882,replayed,,,none,f908f241829d395d9d1633f56988695ddf0f411e,db5631a4024d2f2f8cfc05da20276a486ab238e88b01def6283aa9d5c94397a8,
current_basecase,basecase,HEAVY_RUC,2045Q3,ensemble,d0644d353ee5a073602186cf7ac5c16e707d5350e16fd037b73a65528067cc6a,real_gdp_sa_nzd:1.59772e+11->1.6363e+11,1139765197.3252907,1145071812.2242312,replayed,,,none,f908f241829d395d9d1633f56988695ddf0f411e,db5631a4024d2f2f8cfc05da20276a486ab238e88b01def6283aa9d5c94397a8,
current_basecase,basecase,HEAVY_RUC,2045Q4,ensemble,d0644d353ee5a073602186cf7ac5c16e707d5350e16fd037b73a65528067cc6a,real_gdp_sa_nzd:1.60388e+11->1.6426e+11,1202072631.7585173,1207703905.3867075,replayed,,,none,f908f241829d395d9d1633f56988695ddf0f411e,db5631a4024d2f2f8cfc05da20276a486ab238e88b01def6283aa9d5c94397a8,
current_basecase,basecase,HEAVY_RUC,2046Q1,ensemble,d0644d353ee5a073602186cf7ac5c16e707d5350e16fd037b73a65528067cc6a,real_gdp_sa_nzd:1.61006e+11->1.64893e+11,1165164520.4005177,1170630918.961359,replayed,,,none,f908f241829d395d9d1633f56988695ddf0f411e,db5631a4024d2f2f8cfc05da20276a486ab238e88b01def6283aa9d5c94397a8,
current_basecase,basecase,HEAVY_RUC,2046Q2,ensemble,d0644d353ee5a073602186cf7ac5c16e707d5350e16fd037b73a65528067cc6a,real_gdp_sa_nzd:1.61626e+11->1.65528e+11,1133122567.7519727,1138428069.989318,replayed,,,none,f908f241829d395d9d1633f56988695ddf0f411e,db5631a4024d2f2f8cfc05da20276a486ab238e88b01def6283aa9d5c94397a8,
current_basecase,basecase,HEAVY_RUC,2046Q3,ensemble,d0644d353ee5a073602186cf7ac5c16e707d5350e16fd037b73a65528067cc6a,real_gdp_sa_nzd:1.62249e+11->1.66166e+11,1146607617.352362,1151987566.437465,replayed,,,none,f908f241829d395d9d1633f56988695ddf0f411e,db5631a4024d2f2f8cfc05da20276a486ab238e88b01def6283aa9d5c94397a8,
current_basecase,basecase,HEAVY_RUC,2046Q4,ensemble,d0644d353ee5a073602186cf7ac5c16e707d5350e16fd037b73a65528067cc6a,real_gdp_sa_nzd:1.62874e+11->1.66806e+11,1209339861.973014,1215049139.3387852,replayed,,,none,f908f241829d395d9d1633f56988695ddf0f411e,db5631a4024d2f2f8cfc05da20276a486ab238e88b01def6283aa9d5c94397a8,
current_basecase,basecase,HEAVY_RUC,2047Q1,ensemble,d0644d353ee5a073602186cf7ac5c16e707d5350e16fd037b73a65528067cc6a,real_gdp_sa_nzd:1.63501e+11->1.67449e+11,1172224950.5326674,1177767246.8132243,replayed,,,none,f908f241829d395d9d1633f56988695ddf0f411e,db5631a4024d2f2f8cfc05da20276a486ab238e88b01def6283aa9d5c94397a8,
current_basecase,basecase,HEAVY_RUC,2047Q2,ensemble,d0644d353ee5a073602186cf7ac5c16e707d5350e16fd037b73a65528067cc6a,real_gdp_sa_nzd:1.64131e+11->1.68094e+11,1139980945.5389485,1145360284.3217218,replayed,,,none,f908f241829d395d9d1633f56988695ddf0f411e,db5631a4024d2f2f8cfc05da20276a486ab238e88b01def6283aa9d5c94397a8,
current_basecase,basecase,HEAVY_RUC,2047Q3,ensemble,d0644d353ee5a073602186cf7ac5c16e707d5350e16fd037b73a65528067cc6a,real_gdp_sa_nzd:1.64764e+11->1.68742e+11,1153568039.278296,1159023036.3851914,replayed,,,none,f908f241829d395d9d1633f56988695ddf0f411e,db5631a4024d2f2f8cfc05da20276a486ab238e88b01def6283aa9d5c94397a8,
current_basecase,basecase,HEAVY_RUC,2047Q4,ensemble,d0644d353ee5a073602186cf7ac5c16e707d5350e16fd037b73a65528067cc6a,real_gdp_sa_nzd:1.65398e+11->1.69392e+11,1216732484.1318088,1222521589.8615308,replayed,,,none,f908f241829d395d9d1633f56988695ddf0f411e,db5631a4024d2f2f8cfc05da20276a486ab238e88b01def6283aa9d5c94397a8,
current_basecase,basecase,HEAVY_RUC,2048Q1,ensemble,d0644d353ee5a073602186cf7ac5c16e707d5350e16fd037b73a65528067cc6a,real_gdp_sa_nzd:1.66036e+11->1.70044e+11,1179407267.1437514,1185027238.1302733,replayed,,,none,f908f241829d395d9d1633f56988695ddf0f411e,db5631a4024d2f2f8cfc05da20276a486ab238e88b01def6283aa9d5c94397a8,
current_basecase,basecase,HEAVY_RUC,2048Q2,ensemble,d0644d353ee5a073602186cf7ac5c16e707d5350e16fd037b73a65528067cc6a,real_gdp_sa_nzd:1.66675e+11->1.707e+11,1146957783.2567663,1152412688.8969574,replayed,,,none,f908f241829d395d9d1633f56988695ddf0f411e,db5631a4024d2f2f8cfc05da20276a486ab238e88b01def6283aa9d5c94397a8,
current_basecase,basecase,HEAVY_RUC,2048Q3,ensemble,d0644d353ee5a073602186cf7ac5c16e707d5350e16fd037b73a65528067cc6a,real_gdp_sa_nzd:1.67317e+11->1.71357e+11,1160648746.716886,1166180552.1625464,replayed,,,none,f908f241829d395d9d1633f56988695ddf0f411e,db5631a4024d2f2f8cfc05da20276a486ab238e88b01def6283aa9d5c94397a8,
current_basecase,basecase,HEAVY_RUC,2048Q4,ensemble,d0644d353ee5a073602186cf7ac5c16e707d5350e16fd037b73a65528067cc6a,real_gdp_sa_nzd:1.67962e+11->1.72017e+11,1224252928.387026,1230123736.647786,replayed,,,none,f908f241829d395d9d1633f56988695ddf0f411e,db5631a4024d2f2f8cfc05da20276a486ab238e88b01def6283aa9d5c94397a8,
current_basecase,basecase,HEAVY_RUC,2049Q1,ensemble,d0644d353ee5a073602186cf7ac5c16e707d5350e16fd037b73a65528067cc6a,real_gdp_sa_nzd:1.68609e+11->1.7268e+11,1186713835.8200972,1192413306.7989652,replayed,,,none,f908f241829d395d9d1633f56988695ddf0f411e,db5631a4024d2f2f8cfc05da20276a486ab238e88b01def6283aa9d5c94397a8,
current_basecase,basecase,HEAVY_RUC,2049Q2,ensemble,d0644d353ee5a073602186cf7ac5c16e707d5350e16fd037b73a65528067cc6a,real_gdp_sa_nzd:1.69259e+11->1.73345e+11,1154055383.2528708,1159587633.1453834,replayed,,,none,f908f241829d395d9d1633f56988695ddf0f411e,db5631a4024d2f2f8cfc05da20276a486ab238e88b01def6283aa9d5c94397a8,
current_basecase,basecase,HEAVY_RUC,2049Q3,ensemble,d0644d353ee5a073602186cf7ac5c16e707d5350e16fd037b73a65528067cc6a,real_gdp_sa_nzd:1.69911e+11->1.74013e+11,1167852080.8117428,1173462502.864887,replayed,,,none,f908f241829d395d9d1633f56988695ddf0f411e,db5631a4024d2f2f8cfc05da20276a486ab238e88b01def6283aa9d5c94397a8,
current_basecase,basecase,HEAVY_RUC,2049Q4,ensemble,d0644d353ee5a073602186cf7ac5c16e707d5350e16fd037b73a65528067cc6a,real_gdp_sa_nzd:1.70566e+11->1.74684e+11,1231903686.0906308,1237858122.158365,replayed,,,none,f908f241829d395d9d1633f56988695ddf0f411e,db5631a4024d2f2f8cfc05da20276a486ab238e88b01def6283aa9d5c94397a8,
current_basecase,basecase,HEAVY_RUC,2050Q1,ensemble,d0644d353ee5a073602186cf7ac5c16e707d5350e16fd037b73a65528067cc6a,real_gdp_sa_nzd:1.71223e+11->1.75357e+11,1194147081.7547555,1199927927.842557,replayed,,,none,f908f241829d395d9d1633f56988695ddf0f411e,db5631a4024d2f2f8cfc05da20276a486ab238e88b01def6283aa9d5c94397a8,
current_basecase,basecase,HEAVY_RUC,2050Q2,ensemble,d0644d353ee5a073602186cf7ac5c16e707d5350e16fd037b73a65528067cc6a,real_gdp_sa_nzd:1.71882e+11->1.76032e+11,1161276105.9343784,1166887526.0498476,replayed,,,none,f908f241829d395d9d1633f56988695ddf0f411e,db5631a4024d2f2f8cfc05da20276a486ab238e88b01def6283aa9d5c94397a8,
current_basecase,basecase,HEAVY_RUC,2050Q3,ensemble,d0644d353ee5a073602186cf7ac5c16e707d5350e16fd037b73a65528067cc6a,real_gdp_sa_nzd:1.72545e+11->1.7671e+11,1175180441.7929797,1180871338.1957455,replayed,,,none,f908f241829d395d9d1633f56988695ddf0f411e,db5631a4024d2f2f8cfc05da20276a486ab238e88b01def6283aa9d5c94397a8,
current_basecase,basecase,HEAVY_RUC,2050Q4,ensemble,d0644d353ee5a073602186cf7ac5c16e707d5350e16fd037b73a65528067cc6a,real_gdp_sa_nzd:1.73209e+11->1.77391e+11,1239687311.5259423,1245727353.4087195,replayed,,,none,f908f241829d395d9d1633f56988695ddf0f411e,db5631a4024d2f2f8cfc05da20276a486ab238e88b01def6283aa9d5c94397a8,
current_comparison_1,comparison,PED,2026Q1,ensemble,6213ce565cf1f4a058a3ea9f1af4d5476a8b0423a4d8747905c3cba128380ce1,population:5.36192e+06->5.36616e+06; real_gdp_per_capita_nzd:21233->21216.3,1529.796629103501,1529.6539523812141,replayed,,,none,f908f241829d395d9d1633f56988695ddf0f411e,db5631a4024d2f2f8cfc05da20276a486ab238e88b01def6283aa9d5c94397a8,
current_comparison_1,comparison,PED,2026Q2,ensemble,6213ce565cf1f4a058a3ea9f1af4d5476a8b0423a4d8747905c3cba128380ce1,population:5.38192e+06->5.38594e+06; real_gdp_per_capita_nzd:21295.5->21209.3,1529.2193302931837,1528.4887416722356,replayed,,,none,f908f241829d395d9d1633f56988695ddf0f411e,db5631a4024d2f2f8cfc05da20276a486ab238e88b01def6283aa9d5c94397a8,
current_comparison_1,comparison,PED,2026Q3,ensemble,6213ce565cf1f4a058a3ea9f1af4d5476a8b0423a4d8747905c3cba128380ce1,population:5.40199e+06->5.40943e+06; real_gdp_per_capita_nzd:21358.2->21270.4,1537.39904953278,1532.0326363972545,replayed,,,none,f908f241829d395d9d1633f56988695ddf0f411e,db5631a4024d2f2f8cfc05da20276a486ab238e88b01def6283aa9d5c94397a8,
current_comparison_1,comparison,PED,2026Q4,ensemble,6213ce565cf1f4a058a3ea9f1af4d5476a8b0423a4d8747905c3cba128380ce1,population:5.42213e+06->5.43303e+06; real_gdp_per_capita_nzd:21421->21365.4,1547.2139339194275,1546.7482119660608,replayed,,,none,f908f241829d395d9d1633f56988695ddf0f411e,db5631a4024d2f2f8cfc05da20276a486ab238e88b01def6283aa9d5c94397a8,
current_comparison_1,comparison,PED,2027Q1,ensemble,6213ce565cf1f4a058a3ea9f1af4d5476a8b0423a4d8747905c3cba128380ce1,population:5.44235e+06->5.45808e+06; real_gdp_per_capita_nzd:21489.3->21468,1530.7785279675813,1530.5227444022921,replayed,,,none,f908f241829d395d9d1633f56988695ddf0f411e,db5631a4024d2f2f8cfc05da20276a486ab238e88b01def6283aa9d5c94397a8,
current_comparison_1,comparison,PED,2027Q2,ensemble,6213ce565cf1f4a058a3ea9f1af4d5476a8b0423a4d8747905c3cba128380ce1,population:5.46264e+06->5.48324e+06; real_gdp_per_capita_nzd:21557.8->21568.2,1523.4121229734965,1523.4986157274896,replayed,,,none,f908f241829d395d9d1633f56988695ddf0f411e,db5631a4024d2f2f8cfc05da20276a486ab238e88b01def6283aa9d5c94397a8,
current_comparison_1,comparison,PED,2027Q3,ensemble,6213ce565cf1f4a058a3ea9f1af4d5476a8b0423a4d8747905c3cba128380ce1,population:5.48302e+06->5.5091e+06; real_gdp_per_capita_nzd:21626.5->21661.9,1530.2833124862277,1530.577053324434,replayed,,,none,f908f241829d395d9d1633f56988695ddf0f411e,db5631a4024d2f2f8cfc05da20276a486ab238e88b01def6283aa9d5c94397a8,
current_comparison_1,comparison,PED,2027Q4,ensemble,6213ce565cf1f4a058a3ea9f1af4d5476a8b0423a4d8747905c3cba128380ce1,population:5.50346e+06->5.53507e+06; real_gdp_per_capita_nzd:21695.4->21748.2,1545.2370164867077,1546.049003485057,replayed,,,none,f908f241829d395d9d1633f56988695ddf0f411e,db5631a4024d2f2f8cfc05da20276a486ab238e88b01def6283aa9d5c94397a8,
current_comparison_1,comparison,PED,2028Q1,ensemble,6213ce565cf1f4a058a3ea9f1af4d5476a8b0423a4d8747905c3cba128380ce1,population:5.52398e+06->5.56117e+06; real_gdp_per_capita_nzd:21748.6->21827.1,1531.31756692736,1531.9639684800322,replayed,,,none,f908f241829d395d9d1633f56988695ddf0f411e,db5631a4024d2f2f8cfc05da20276a486ab238e88b01def6283aa9d5c94397a8,
current_comparison_1,comparison,PED,2028Q2,ensemble,6213ce565cf1f4a058a3ea9f1af4d5476a8b0423a4d8747905c3cba128380ce1,population:5.54458e+06->5.58739e+06; real_gdp_per_capita_nzd:21802->21898,1525.3408380979813,1526.1256185460468,replayed,,,none,f908f241829d395d9d1633f56988695ddf0f411e,db5631a4024d2f2f8cfc05da20276a486ab238e88b01def6283aa9d5c94397a8,
current_comparison_1,comparison,PED,2028Q3,ensemble,6213ce565cf1f4a058a3ea9f1af4d5476a8b0423a4d8747905c3cba128380ce1,population:5.56526e+06->5.61354e+06; real_gdp_per_capita_nzd:21855.5->21959.9,1530.9014296608525,1531.7555388676765,replayed,,,none,f908f241829d395d9d1633f56988695ddf0f411e,db5631a4024d2f2f8cfc05da20276a486ab238e88b01def6283aa9d5c94397a8,
current_comparison_1,comparison,PED,2028Q4,ensemble,6213ce565cf1f4a058a3ea9f1af4d5476a8b0423a4d8747905c3cba128380ce1,population:5.58601e+06->5.63981e+06; real_gdp_per_capita_nzd:21909.1->22019.5,1544.0468544800913,1544.9572723826277,replayed,,,none,f908f241829d395d9d1633f56988695ddf0f411e,db5631a4024d2f2f8cfc05da20276a486ab238e88b01def6283aa9d5c94397a8,
current_comparison_1,comparison,PED,2029Q1,ensemble,6213ce565cf1f4a058a3ea9f1af4d5476a8b0423a4d8747905c3cba128380ce1,population:5.60684e+06->5.6662e+06; real_gdp_per_capita_nzd:21952.2->22082.2,1529.591974816392,1530.4028505365513,replayed,,,none,f908f241829d395d9d1633f56988695ddf0f411e,db5631a4024d2f2f8cfc05da20276a486ab238e88b01def6283aa9d5c94397a8,
current_comparison_1,comparison,PED,2029Q2,ensemble,6213ce565cf1f4a058a3ea9f1af4d5476a8b0423a4d8747905c3cba128380ce1,population:5.62775e+06->5.69272e+06; real_gdp_per_capita_nzd:21995.3->22142.2,1519.7474286649638,1520.9291718963786,replayed,,,none,f908f241829d395d9d1633f56988695ddf0f411e,db5631a4024d2f2f8cfc05da20276a486ab238e88b01def6283aa9d5c94397a8,
current_comparison_1,comparison,PED,2029Q3,ensemble,6213ce565cf1f4a058a3ea9f1af4d5476a8b0423a4d8747905c3cba128380ce1,population:5.64874e+06->5.71942e+06; real_gdp_per_capita_nzd:22038.5->22197.3,1525.1890442644317,1526.4683846332664,replayed,,,none,f908f241829d395d9d1633f56988695ddf0f411e,db5631a4024d2f2f8cfc05da20276a486ab238e88b01def6283aa9d5c94397a8,
current_comparison_1,comparison,PED,2029Q4,ensemble,6213ce565cf1f4a058a3ea9f1af4d5476a8b0423a4d8747905c3cba128380ce1,population:5.6698e+06->5.74624e+06; real_gdp_per_capita_nzd:22081.8->22248.9,1537.55379489924,1538.9099892420782,replayed,,,none,f908f241829d395d9d1633f56988695ddf0f411e,db5631a4024d2f2f8cfc05da20276a486ab238e88b01def6283aa9d5c94397a8,
current_comparison_1,comparison,PED,2030Q1,ensemble,6213ce565cf1f4a058a3ea9f1af4d5476a8b0423a4d8747905c3cba128380ce1,population:5.69095e+06->5.77319e+06; real_gdp_per_capita_nzd:22119.8->22298.8,1523.2558628275538,1524.689726639364,replayed,,,none,f908f241829d395d9d1633f56988695ddf0f411e,db5631a4024d2f2f8cfc05da20276a486ab238e88b01def6283aa9d5c94397a8,
current_comparison_1,comparison,PED,2030Q2,ensemble,6213ce565cf1f4a058a3ea9f1af4d5476a8b0423a4d8747905c3cba128380ce1,population:5.71217e+06->5.80027e+06; real_gdp_per_capita_nzd:22157.8->22348.1,1517.0907305977769,1518.6046943405277,replayed,,,none,f908f241829d395d9d1633f56988695ddf0f411e,db5631a4024d2f2f8cfc05da20276a486ab238e88b01def6283aa9d5c94397a8,
current_comparison_1,comparison,PED,2030Q3,ensemble,6213ce565cf1f4a058a3ea9f1af4d5476a8b0423a4d8747905c3cba128380ce1,population:5.73347e+06->5.8219e+06; real_gdp_per_capita_nzd:22195.9->22386.5,1522.4923997173983,1524.0118968229192,replayed,,,none,f908f241829d395d9d1633f56988695ddf0f411e,db5631a4024d2f2f8cfc05da20276a486ab238e88b01def6283aa9d5c94397a8,
current_comparison_1,comparison,PED,2030Q4,ensemble,6213ce565cf1f4a058a3ea9f1af4d5476a8b0423a4d8747905c3cba128380ce1,population:5.75485e+06->5.84361e+06; real_gdp_per_capita_nzd:22234.1->22425,1535.436445480807,1536.971291388758,replayed,,,none,f908f241829d395d9d1633f56988695ddf0f411e,db5631a4024d2f2f8cfc05da20276a486ab238e88b01def6283aa9d5c94397a8,
current_comparison_1,comparison,PED,2031Q1,ensemble,6213ce565cf1f4a058a3ea9f1af4d5476a8b0423a4d8747905c3cba128380ce1,population:5.77631e+06->5.8654e+06; real_gdp_per_capita_nzd:22269.6->22460.9,1524.513713696529,1526.0367675431276,replayed,,,none,f908f241829d395d9d1633f56988695ddf0f411e,db5631a4024d2f2f8cfc05da20276a486ab238e88b01def6283aa9d5c94397a8,
current_comparison_1,comparison,PED,2031Q2,ensemble,6213ce565cf1f4a058a3ea9f1af4d5476a8b0423a4d8747905c3cba128380ce1,population:5.79785e+06->5.88727e+06; real_gdp_per_capita_nzd:22305.2->22496.7,1517.629984173358,1519.1448857134415,replayed,,,none,f908f241829d395d9d1633f56988695ddf0f411e,db5631a4024d2f2f8cfc05da20276a486ab238e88b01def6283aa9d5c94397a8,
current_comparison_1,comparison,PED,2031Q3,ensemble,6213ce565cf1f4a058a3ea9f1af4d5476a8b0423a4d8747905c3cba128380ce1,population:5.81947e+06->5.90923e+06; real_gdp_per_capita_nzd:22340.8->22532.7,1522.0970195209356,1523.6162073228359,replayed,,,none,f908f241829d395d9d1633f56988695ddf0f411e,db5631a4024d2f2f8cfc05da20276a486ab238e88b01def6283aa9d5c94397a8,
current_comparison_1,comparison,PED,2031Q4,ensemble,6213ce565cf1f4a058a3ea9f1af4d5476a8b0423a4d8747905c3cba128380ce1,population:5.84117e+06->5.93126e+06; real_gdp_per_capita_nzd:22376.5->22568.7,1534.3076979370112,1535.8409615687442,replayed,,,none,f908f241829d395d9d1633f56988695ddf0f411e,db5631a4024d2f2f8cfc05da20276a486ab238e88b01def6283aa9d5c94397a8,
current_comparison_1,comparison,PED,2032Q1,ensemble,6213ce565cf1f4a058a3ea9f1af4d5476a8b0423a4d8747905c3cba128380ce1,population:5.86296e+06->5.95338e+06; real_gdp_per_capita_nzd:22412.2->22604.7,1519.3367328637466,1520.851161875706,replayed,,,none,f908f241829d395d9d1633f56988695ddf0f411e,db5631a4024d2f2f8cfc05da20276a486ab238e88b01def6283aa9d5c94397a8,
current_comparison_1,comparison,PED,2032Q2,ensemble,6213ce565cf1f4a058a3ea9f1af4d5476a8b0423a4d8747905c3cba128380ce1,population:5.88482e+06->5.97558e+06; real_gdp_per_capita_nzd:22448->22640.8,1512.3717057668453,1513.8780282638015,replayed,,,none,f908f241829d395d9d1633f56988695ddf0f411e,db5631a4024d2f2f8cfc05da20276a486ab238e88b01def6283aa9d5c94397a8,
current_comparison_1,comparison,PED,2032Q3,ensemble,6213ce565cf1f4a058a3ea9f1af4d5476a8b0423a4d8747905c3cba128380ce1,population:5.90676e+06->5.99787e+06; real_gdp_per_capita_nzd:22483.9->22677,1517.0410613992813,1518.5516456593018,replayed,,,none,f908f241829d395d9d1633f56988695ddf0f411e,db5631a4024d2f2f8cfc05da20276a486ab238e88b01def6283aa9d5c94397a8,
current_comparison_1,comparison,PED,2032Q4,ensemble,6213ce565cf1f4a058a3ea9f1af4d5476a8b0423a4d8747905c3cba128380ce1,population:5.92879e+06->6.02023e+06; real_gdp_per_capita_nzd:22519.8->22713.2,1529.20513752456,1530.7297177703556,replayed,,,none,f908f241829d395d9d1633f56988695ddf0f411e,db5631a4024d2f2f8cfc05da20276a486ab238e88b01def6283aa9d5c94397a8,
current_comparison_1,comparison,PED,2033Q1,ensemble,6213ce565cf1f4a058a3ea9f1af4d5476a8b0423a4d8747905c3cba128380ce1,population:5.9509e+06->6.04268e+06; real_gdp_per_capita_nzd:22555.7->22749.5,1514.296165312493,1515.802017540821,replayed,,,none,f908f241829d395d9d1633f56988695ddf0f411e,db5631a4024d2f2f8cfc05da20276a486ab238e88b01def6283aa9d5c94397a8,
current_comparison_1,comparison,PED,2033Q2,ensemble,6213ce565cf1f4a058a3ea9f1af4d5476a8b0423a4d8747905c3cba128380ce1,population:5.97309e+06->6.06522e+06; real_gdp_per_capita_nzd:22591.8->22785.8,1507.6328128209539,1509.1306044211965,replayed,,,none,f908f241829d395d9d1633f56988695ddf0f411e,db5631a4024d2f2f8cfc05da20276a486ab238e88b01def6283aa9d5c94397a8,
current_comparison_1,comparison,PED,2033Q3,ensemble,6213ce565cf1f4a058a3ea9f1af4d5476a8b0423a4d8747905c3cba128380ce1,population:5.99537e+06->6.08784e+06; real_gdp_per_capita_nzd:22627.9->22822.2,1512.2888634141123,1513.790892644562,replayed,,,none,f908f241829d395d9d1633f56988695ddf0f411e,db5631a4024d2f2f8cfc05da20276a486ab238e88b01def6283aa9d5c94397a8,
current_comparison_1,comparison,PED,2033Q4,ensemble,6213ce565cf1f4a058a3ea9f1af4d5476a8b0423a4d8747905c3cba128380ce1,population:6.01772e+06->6.11054e+06; real_gdp_per_capita_nzd:22664->22858.6,1524.4084333943456,1525.9243793664925,replayed,,,none,f908f241829d395d9d1633f56988695ddf0f411e,db5631a4024d2f2f8cfc05da20276a486ab238e88b01def6283aa9d5c94397a8,
current_comparison_1,comparison,PED,2034Q1,ensemble,6213ce565cf1f4a058a3ea9f1af4d5476a8b0423a4d8747905c3cba128380ce1,population:6.04016e+06->6.13332e+06; real_gdp_per_capita_nzd:22700.2->22895.1,1509.5247362044418,1511.0218966994871,replayed,,,none,f908f241829d395d9d1633f56988695ddf0f411e,db5631a4024d2f2f8cfc05da20276a486ab238e88b01def6283aa9d5c94397a8,
current_comparison_1,comparison,PED,2034Q2,ensemble,6213ce565cf1f4a058a3ea9f1af4d5476a8b0423a4d8747905c3cba128380ce1,population:6.06269e+06->6.1562e+06; real_gdp_per_capita_nzd:22736.4->22931.7,1502.9060387528434,1504.395079451998,replayed,,,none,f908f241829d395d9d1633f56988695ddf0f411e,db5631a4024d2f2f8cfc05da20276a486ab238e88b01def6283aa9d5c94397a8,
current_comparison_1,comparison,PED,2034Q3,ensemble,6213ce565cf1f4a058a3ea9f1af4d5476a8b0423a4d8747905c3cba128380ce1,population:6.0853e+06->6.17915e+06; real_gdp_per_capita_nzd:22772.8->22968.3,1507.5092971887798,1509.002481886846,replayed,,,none,f908f241829d395d9d1633f56988695ddf0f411e,db5631a4024d2f2f8cfc05da20276a486ab238e88b01def6283aa9d5c94397a8,
current_comparison_1,comparison,PED,2034Q4,ensemble,6213ce565cf1f4a058a3ea9f1af4d5476a8b0423a4d8747905c3cba128380ce1,population:6.10799e+06->6.2022e+06; real_gdp_per_capita_nzd:22809.1->23005,1519.5577206307257,1521.064694961431,replayed,,,none,f908f241829d395d9d1633f56988695ddf0f411e,db5631a4024d2f2f8cfc05da20276a486ab238e88b01def6283aa9d5c94397a8,
current_comparison_1,comparison,PED,2035Q1,ensemble,6213ce565cf1f4a058a3ea9f1af4d5476a8b0423a4d8747905c3cba128380ce1,population:6.13077e+06->6.22532e+06; real_gdp_per_capita_nzd:22845.6->23041.8,1504.6599543850434,1506.1482254420375,replayed,,,none,f908f241829d395d9d1633f56988695ddf0f411e,db5631a4024d2f2f8cfc05da20276a486ab238e88b01def6283aa9d5c94397a8,
current_comparison_1,comparison,PED,2035Q2,ensemble,6213ce565cf1f4a058a3ea9f1af4d5476a8b0423a4d8747905c3cba128380ce1,population:6.15363e+06->6.24854e+06; real_gdp_per_capita_nzd:22882->23078.6,1497.8113844395134,1499.2915652007055,replayed,,,none,f908f241829d395d9d1633f56988695ddf0f411e,db5631a4024d2f2f8cfc05da20276a486ab238e88b01def6283aa9d5c94397a8,
current_comparison_1,comparison,PED,2035Q3,ensemble,6213ce565cf1f4a058a3ea9f1af4d5476a8b0423a4d8747905c3cba128380ce1,population:6.17658e+06->6.27184e+06; real_gdp_per_capita_nzd:22918.6->23115.4,1502.146617129493,1503.6309050544842,replayed,,,none,f908f241829d395d9d1633f56988695ddf0f411e,db5631a4024d2f2f8cfc05da20276a486ab238e88b01def6283aa9d5c94397a8,
current_comparison_1,comparison,PED,2035Q4,ensemble,6213ce565cf1f4a058a3ea9f1af4d5476a8b0423a4d8747905c3cba128380ce1,population:6.19961e+06->6.29523e+06; real_gdp_per_capita_nzd:22955.2->23152.3,1514.1416455859958,1515.639633011241,replayed,,,none,f908f241829d395d9d1633f56988695ddf0f411e,db5631a4024d2f2f8cfc05da20276a486ab238e88b01def6283aa9d5c94397a8,
current_comparison_1,comparison,PED,2036Q1,ensemble,6213ce565cf1f4a058a3ea9f1af4d5476a8b0423a4d8747905c3cba128380ce1,population:6.22273e+06->6.3187e+06; real_gdp_per_capita_nzd:22977.8->23175.1,1499.200781042463,1500.6799875024278,replayed,,,none,f908f241829d395d9d1633f56988695ddf0f411e,db5631a4024d2f2f8cfc05da20276a486ab238e88b01def6283aa9d5c94397a8,
current_comparison_1,comparison,PED,2036Q2,ensemble,6213ce565cf1f4a058a3ea9f1af4d5476a8b0423a4d8747905c3cba128380ce1,population:6.24593e+06->6.34227e+06; real_gdp_per_capita_nzd:23000.4->23197.9,1492.2742061469721,1493.7451852023241,replayed,,,none,f908f241829d395d9d1633f56988695ddf0f411e,db5631a4024d2f2f8cfc05da20276a486ab238e88b01def6283aa9d5c94397a8,
current_comparison_1,comparison,PED,2036Q3,ensemble,6213ce565cf1f4a058a3ea9f1af4d5476a8b0423a4d8747905c3cba128380ce1,population:6.26922e+06->6.36592e+06; real_gdp_per_capita_nzd:23023->23220.7,1496.733970096401,1498.2088450732354,replayed,,,none,f908f241829d395d9d1633f56988695ddf0f411e,db5631a4024d2f2f8cfc05da20276a486ab238e88b01def6283aa9d5c94397a8,
current_comparison_1,comparison,PED,2036Q4,ensemble,6213ce565cf1f4a058a3ea9f1af4d5476a8b0423a4d8747905c3cba128380ce1,population:6.2926e+06->6.38966e+06; real_gdp_per_capita_nzd:23045.7->23243.6,1508.5717230436567,1510.0600240083204,replayed,,,none,f908f241829d395d9d1633f56988695ddf0f411e,db5631a4024d2f2f8cfc05da20276a486ab238e88b01def6283aa9d5c94397a8,
current_comparison_1,comparison,PED,2037Q1,ensemble,6213ce565cf1f4a058a3ea9f1af4d5476a8b0423a4d8747905c3cba128380ce1,population:6.31607e+06->6.41348e+06; real_gdp_per_capita_nzd:23068.3->23266.4,1493.7001958223032,1495.1698364038361,replayed,,,none,f908f241829d395d9d1633f56988695ddf0f411e,db5631a4024d2f2f8cfc05da20276a486ab238e88b01def6283aa9d5c94397a8,
current_comparison_1,comparison,PED,2037Q2,ensemble,6213ce565cf1f4a058a3ea9f1af4d5476a8b0423a4d8747905c3cba128380ce1,population:6.33962e+06->6.4374e+06; real_gdp_per_capita_nzd:23091->23289.3,1486.8039055613706,1488.2653714052576,replayed,,,none,f908f241829d395d9d1633f56988695ddf0f411e,db5631a4024d2f2f8cfc05da20276a486ab238e88b01def6283aa9d5c94397a8,
current_comparison_1,comparison,PED,2037Q3,ensemble,6213ce565cf1f4a058a3ea9f1af4d5476a8b0423a4d8747905c3cba128380ce1,population:6.36326e+06->6.46141e+06; real_gdp_per_capita_nzd:23113.7->23312.2,1491.2489897746918,1492.714326011036,replayed,,,none,f908f241829d395d9d1633f56988695ddf0f411e,db5631a4024d2f2f8cfc05da20276a486ab238e88b01def6283aa9d5c94397a8,
current_comparison_1,comparison,PED,2037Q4,ensemble,6213ce565cf1f4a058a3ea9f1af4d5476a8b0423a4d8747905c3cba128380ce1,population:6.38699e+06->6.4855e+06; real_gdp_per_capita_nzd:23136.5->23335.2,1503.0366970844227,1504.5153722759512,replayed,,,none,f908f241829d395d9d1633f56988695ddf0f411e,db5631a4024d2f2f8cfc05da20276a486ab238e88b01def6283aa9d5c94397a8,
current_comparison_1,comparison,PED,2038Q1,ensemble,6213ce565cf1f4a058a3ea9f1af4d5476a8b0423a4d8747905c3cba128380ce1,population:6.41081e+06->6.50969e+06; real_gdp_per_capita_nzd:23159.2->23358.1,1488.2345047572426,1489.6946401435684,replayed,,,none,f908f241829d395d9d1633f56988695ddf0f411e,db5631a4024d2f2f8cfc05da20276a486ab238e88b01def6283aa9d5c94397a8,
current_comparison_1,comparison,PED,2038Q2,ensemble,6213ce565cf1f4a058a3ea9f1af4d5476a8b0423a4d8747905c3cba128380ce1,population:6.43472e+06->6.53396e+06; real_gdp_per_capita_nzd:23182->23381.1,1481.3685861689182,1482.820599635928,replayed,,,none,f908f241829d395d9d1633f56988695ddf0f411e,db5631a4024d2f2f8cfc05da20276a486ab238e88b01def6283aa9d5c94397a8,
current_comparison_1,comparison,PED,2038Q3,ensemble,6213ce565cf1f4a058a3ea9f1af4d5476a8b0423a4d8747905c3cba128380ce1,population:6.45871e+06->6.55833e+06; real_gdp_per_capita_nzd:23204.8->23404.1,1485.7992663940977,1487.2551252040862,replayed,,,none,f908f241829d395d9d1633f56988695ddf0f411e,db5631a4024d2f2f8cfc05da20276a486ab238e88b01def6283aa9d5c94397a8,
current_comparison_1,comparison,PED,2038Q4,ensemble,6213ce565cf1f4a058a3ea9f1af4d5476a8b0423a4d8747905c3cba128380ce1,population:6.4828e+06->6.58278e+06; real_gdp_per_capita_nzd:23227.7->23427.1,1497.5373689991134,1499.0064804984509,replayed,,,none,f908f241829d395d9d1633f56988695ddf0f411e,db5631a4024d2f2f8cfc05da20276a486ab238e88b01def6283aa9d5c94397a8,
current_comparison_1,comparison,PED,2039Q1,ensemble,6213ce565cf1f4a058a3ea9f1af4d5476a8b0423a4d8747905c3cba128380ce1,population:6.50697e+06->6.60733e+06; real_gdp_per_capita_nzd:23250.5->23450.2,1482.8041408837894,1484.2548325112123,replayed,,,none,f908f241829d395d9d1633f56988695ddf0f411e,db5631a4024d2f2f8cfc05da20276a486ab238e88b01def6283aa9d5c94397a8,
current_comparison_1,comparison,PED,2039Q2,ensemble,6213ce565cf1f4a058a3ea9f1af4d5476a8b0423a4d8747905c3cba128380ce1,population:6.53124e+06->6.63197e+06; real_gdp_per_capita_nzd:23273.4->23473.3,1475.9684470583052,1477.4110693292564,replayed,,,none,f908f241829d395d9d1633f56988695ddf0f411e,db5631a4024d2f2f8cfc05da20276a486ab238e88b01def6283aa9d5c94397a8,
current_comparison_1,comparison,PED,2039Q3,ensemble,6213ce565cf1f4a058a3ea9f1af4d5476a8b0423a4d8747905c3cba128380ce1,population:6.55559e+06->6.6567e+06; real_gdp_per_capita_nzd:23296.3->23496.4,1480.3848486724683,1481.8312914549558,replayed,,,none,f908f241829d395d9d1633f56988695ddf0f411e,db5631a4024d2f2f8cfc05da20276a486ab238e88b01def6283aa9d5c94397a8,
current_comparison_1,comparison,PED,2039Q4,ensemble,6213ce565cf1f4a058a3ea9f1af4d5476a8b0423a4d8747905c3cba128380ce1,population:6.58004e+06->6.68153e+06; real_gdp_per_capita_nzd:23319.2->23519.5,1492.0736889733846,1493.5332987748443,replayed,,,none,f908f241829d395d9d1633f56988695ddf0f411e,db5631a4024d2f2f8cfc05da20276a486ab238e88b01def6283aa9d5c94397a8,
current_comparison_1,comparison,PED,2040Q1,ensemble,6213ce565cf1f4a058a3ea9f1af4d5476a8b0423a4d8747905c3cba128380ce1,population:6.60458e+06->6.70644e+06; real_gdp_per_capita_nzd:23342.1->23542.6,1477.4089914855667,1478.8503005943676,replayed,,,none,f908f241829d395d9d1633f56988695ddf0f411e,db5631a4024d2f2f8cfc05da20276a486ab238e88b01def6283aa9d5c94397a8,
current_comparison_1,comparison,PED,2040Q2,ensemble,6213ce565cf1f4a058a3ea9f1af4d5476a8b0423a4d8747905c3cba128380ce1,population:6.62921e+06->6.73145e+06; real_gdp_per_capita_nzd:23365.1->23565.8,1470.6033350784712,1472.0366270678408,replayed,,,none,f908f241829d395d9d1633f56988695ddf0f411e,db5631a4024d2f2f8cfc05da20276a486ab238e88b01def6283aa9d5c94397a8,
current_comparison_1,comparison,PED,2040Q3,ensemble,6213ce565cf1f4a058a3ea9f1af4d5476a8b0423a4d8747905c3cba128380ce1,population:6.65393e+06->6.75655e+06; real_gdp_per_capita_nzd:23388.1->23588.9,1475.0055562933444,1476.4426441336068,replayed,,,none,f908f241829d395d9d1633f56988695ddf0f411e,db5631a4024d2f2f8cfc05da20276a486ab238e88b01def6283aa9d5c94397a8,
current_comparison_1,comparison,PED,2040Q4,ensemble,6213ce565cf1f4a058a3ea9f1af4d5476a8b0423a4d8747905c3cba128380ce1,population:6.67874e+06->6.78175e+06; real_gdp_per_capita_nzd:23411.1->23612.2,1486.6454574981085,1488.095627249044,replayed,,,none,f908f241829d395d9d1633f56988695ddf0f411e,db5631a4024d2f2f8cfc05da20276a486ab238e88b01def6283aa9d5c94397a8,
current_comparison_1,comparison,PED,2041Q1,ensemble,6213ce565cf1f4a058a3ea9f1af4d5476a8b0423a4d8747905c3cba128380ce1,population:6.70365e+06->6.80704e+06; real_gdp_per_capita_nzd:23428.4->23629.6,1472.0077816309988,1473.4396976816465,replayed,,,none,f908f241829d395d9d1633f56988695ddf0f411e,db5631a4024d2f2f8cfc05da20276a486ab238e88b01def6283aa9d5c94397a8,
current_comparison_1,comparison,PED,2041Q2,ensemble,6213ce565cf1f4a058a3ea9f1af4d5476a8b0423a4d8747905c3cba128380ce1,population:6.72864e+06->6.83242e+06; real_gdp_per_capita_nzd:23445.7->23647,1460.7918036579827,1462.2156838702172,replayed,,,none,f908f241829d395d9d1633f56988695ddf0f411e,db5631a4024d2f2f8cfc05da20276a486ab238e88b01def6283aa9d5c94397a8,
current_comparison_1,comparison,PED,2041Q3,ensemble,6213ce565cf1f4a058a3ea9f1af4d5476a8b0423a4d8747905c3cba128380ce1,population:6.75374e+06->6.8579e+06; real_gdp_per_capita_nzd:23463->23664.5,1462.7970215989162,1464.2246015854396,replayed,,,none,f908f241829d395d9d1633f56988695ddf0f411e,db5631a4024d2f2f8cfc05da20276a486ab238e88b01def6283aa9d5c94397a8,
current_comparison_1,comparison,PED,2041Q4,ensemble,6213ce565cf1f4a058a3ea9f1af4d5476a8b0423a4d8747905c3cba128380ce1,population:6.77892e+06->6.88347e+06; real_gdp_per_capita_nzd:23480.3->23681.9,1474.2673882916488,1475.707891843262,replayed,,,none,f908f241829d395d9d1633f56988695ddf0f411e,db5631a4024d2f2f8cfc05da20276a486ab238e88b01def6283aa9d5c94397a8,
current_comparison_1,comparison,PED,2042Q1,ensemble,6213ce565cf1f4a058a3ea9f1af4d5476a8b0423a4d8747905c3cba128380ce1,population:6.8042e+06->6.90914e+06; real_gdp_per_capita_nzd:23497.6->23699.4,1459.8118751148932,1461.2342466878872,replayed,,,none,f908f241829d395d9d1633f56988695ddf0f411e,db5631a4024d2f2f8cfc05da20276a486ab238e88b01def6283aa9d5c94397a8,
current_comparison_1,comparison,PED,2042Q2,ensemble,6213ce565cf1f4a058a3ea9f1af4d5476a8b0423a4d8747905c3cba128380ce1,population:6.82957e+06->6.93491e+06; real_gdp_per_capita_nzd:23515->23716.9,1453.0489895035516,1454.4633788515046,replayed,,,none,f908f241829d395d9d1633f56988695ddf0f411e,db5631a4024d2f2f8cfc05da20276a486ab238e88b01def6283aa9d5c94397a8,
current_comparison_1,comparison,PED,2042Q3,ensemble,6213ce565cf1f4a058a3ea9f1af4d5476a8b0423a4d8747905c3cba128380ce1,population:6.85504e+06->6.96077e+06; real_gdp_per_capita_nzd:23532.3->23734.4,1455.9095111095753,1457.3275756214491,replayed,,,none,f908f241829d395d9d1633f56988695ddf0f411e,db5631a4024d2f2f8cfc05da20276a486ab238e88b01def6283aa9d5c94397a8,
current_comparison_1,comparison,PED,2042Q4,ensemble,6213ce565cf1f4a058a3ea9f1af4d5476a8b0423a4d8747905c3cba128380ce1,population:6.8806e+06->6.98673e+06; real_gdp_per_capita_nzd:23549.7->23751.9,1467.287889511804,1468.7187914982462,replayed,,,none,f908f241829d395d9d1633f56988695ddf0f411e,db5631a4024d2f2f8cfc05da20276a486ab238e88b01def6283aa9d5c94397a8,
current_comparison_1,comparison,PED,2043Q1,ensemble,6213ce565cf1f4a058a3ea9f1af4d5476a8b0423a4d8747905c3cba128380ce1,population:6.90626e+06->7.01278e+06; real_gdp_per_capita_nzd:23567.1->23769.5,1454.6249542904152,1456.0378452059022,replayed,,,none,f908f241829d395d9d1633f56988695ddf0f411e,db5631a4024d2f2f8cfc05da20276a486ab238e88b01def6283aa9d5c94397a8,
current_comparison_1,comparison,PED,2043Q2,ensemble,6213ce565cf1f4a058a3ea9f1af4d5476a8b0423a4d8747905c3cba128380ce1,population:6.93202e+06->7.03893e+06; real_gdp_per_capita_nzd:23584.5->23787,1450.4560015300171,1451.8609634752002,replayed,,,none,f908f241829d395d9d1633f56988695ddf0f411e,db5631a4024d2f2f8cfc05da20276a486ab238e88b01def6283aa9d5c94397a8,
current_comparison_1,comparison,PED,2043Q3,ensemble,6213ce565cf1f4a058a3ea9f1af4d5476a8b0423a4d8747905c3cba128380ce1,population:6.95787e+06->7.06518e+06; real_gdp_per_capita_nzd:23601.9->23804.6,1455.6974977346913,1457.1061103978116,replayed,,,none,f908f241829d395d9d1633f56988695ddf0f411e,db5631a4024d2f2f8cfc05da20276a486ab238e88b01def6283aa9d5c94397a8,
current_comparison_1,comparison,PED,2043Q4,ensemble,6213ce565cf1f4a058a3ea9f1af4d5476a8b0423a4d8747905c3cba128380ce1,population:6.98381e+06->7.09153e+06; real_gdp_per_capita_nzd:23619.3->23822.1,1466.0079587620405,1467.4293233846643,replayed,,,none,f908f241829d395d9d1633f56988695ddf0f411e,db5631a4024d2f2f8cfc05da20276a486ab238e88b01def6283aa9d5c94397a8,
current_comparison_1,comparison,PED,2044Q1,ensemble,6213ce565cf1f4a058a3ea9f1af4d5476a8b0423a4d8747905c3cba128380ce1,population:7.00986e+06->7.11797e+06; real_gdp_per_capita_nzd:23636.7->23839.7,1451.6047060810631,1453.0081797317348,replayed,,,none,f908f241829d395d9d1633f56988695ddf0f411e,db5631a4024d2f2f8cfc05da20276a486ab238e88b01def6283aa9d5c94397a8,
current_comparison_1,comparison,PED,2044Q2,ensemble,6213ce565cf1f4a058a3ea9f1af4d5476a8b0423a4d8747905c3cba128380ce1,population:7.036e+06->7.14452e+06; real_gdp_per_capita_nzd:23654.2->23857.3,1444.8938580909721,1446.2894556697738,replayed,,,none,f908f241829d395d9d1633f56988695ddf0f411e,db5631a4024d2f2f8cfc05da20276a486ab238e88b01def6283aa9d5c94397a8,
current_comparison_1,comparison,PED,2044Q3,ensemble,6213ce565cf1f4a058a3ea9f1af4d5476a8b0423a4d8747905c3cba128380ce1,population:7.06224e+06->7.17116e+06; real_gdp_per_capita_nzd:23671.6->23874.9,1448.8183805781598,1450.2176045921556,replayed,,,none,f908f241829d395d9d1633f56988695ddf0f411e,db5631a4024d2f2f8cfc05da20276a486ab238e88b01def6283aa9d5c94397a8,
current_comparison_1,comparison,PED,2044Q4,ensemble,6213ce565cf1f4a058a3ea9f1af4d5476a8b0423a4d8747905c3cba128380ce1,population:7.08857e+06->7.1979e+06; real_gdp_per_capita_nzd:23689.1->23892.6,1458.150267795334,1459.5621588253375,replayed,,,none,f908f241829d395d9d1633f56988695ddf0f411e,db5631a4024d2f2f8cfc05da20276a486ab238e88b01def6283aa9d5c94397a8,
current_comparison_1,comparison,PED,2045Q1,ensemble,6213ce565cf1f4a058a3ea9f1af4d5476a8b0423a4d8747905c3cba128380ce1,population:7.115e+06->7.22474e+06; real_gdp_per_capita_nzd:23706.6->23910.2,1445.3291791656022,1446.723298519396,replayed,,,none,f908f241829d395d9d1633f56988695ddf0f411e,db5631a4024d2f2f8cfc05da20276a486ab238e88b01def6283aa9d5c94397a8,
current_comparison_1,comparison,PED,2045Q2,ensemble,6213ce565cf1f4a058a3ea9f1af4d5476a8b0423a4d8747905c3cba128380ce1,population:7.14154e+06->7.25168e+06; real_gdp_per_capita_nzd:23724.1->23927.8,1438.9495028352867,1440.3357986617193,replayed,,,none,f908f241829d395d9d1633f56988695ddf0f411e,db5631a4024d2f2f8cfc05da20276a486ab238e88b01def6283aa9d5c94397a8,
current_comparison_1,comparison,PED,2045Q3,ensemble,6213ce565cf1f4a058a3ea9f1af4d5476a8b0423a4d8747905c3cba128380ce1,population:7.16817e+06->7.27873e+06; real_gdp_per_capita_nzd:23741.6->23945.5,1443.31121313959,1444.7011112806126,replayed,,,none,f908f241829d395d9d1633f56988695ddf0f411e,db5631a4024d2f2f8cfc05da20276a486ab238e88b01def6283aa9d5c94397a8,
current_comparison_1,comparison,PED,2045Q4,ensemble,6213ce565cf1f4a058a3ea9f1af4d5476a8b0423a4d8747905c3cba128380ce1,population:7.1949e+06->7.30587e+06; real_gdp_per_capita_nzd:23759.1->23963.2,1456.2931945989208,1457.6956753801915,replayed,,,none,f908f241829d395d9d1633f56988695ddf0f411e,db5631a4024d2f2f8cfc05da20276a486ab238e88b01def6283aa9d5c94397a8,
current_comparison_1,comparison,PED,2046Q1,ensemble,6213ce565cf1f4a058a3ea9f1af4d5476a8b0423a4d8747905c3cba128380ce1,population:7.22173e+06->7.33311e+06; real_gdp_per_capita_nzd:23776.7->23980.9,1442.3089721313947,1443.6937997343168,replayed,,,none,f908f241829d395d9d1633f56988695ddf0f411e,db5631a4024d2f2f8cfc05da20276a486ab238e88b01def6283aa9d5c94397a8,
current_comparison_1,comparison,PED,2046Q2,ensemble,6213ce565cf1f4a058a3ea9f1af4d5476a8b0423a4d8747905c3cba128380ce1,population:7.24866e+06->7.36046e+06; real_gdp_per_capita_nzd:23794.2->23998.6,1435.7309792800074,1437.1080355485221,replayed,,,none,f908f241829d395d9d1633f56988695ddf0f411e,db5631a4024d2f2f8cfc05da20276a486ab238e88b01def6283aa9d5c94397a8,
current_comparison_1,comparison,PED,2046Q3,ensemble,6213ce565cf1f4a058a3ea9f1af4d5476a8b0423a4d8747905c3cba128380ce1,population:7.27569e+06->7.38791e+06; real_gdp_per_capita_nzd:23811.8->24016.3,1439.9994296600046,1441.3800642835567,replayed,,,none,f908f241829d395d9d1633f56988695ddf0f411e,db5631a4024d2f2f8cfc05da20276a486ab238e88b01def6283aa9d5c94397a8,
current_comparison_1,comparison,PED,2046Q4,ensemble,6213ce565cf1f4a058a3ea9f1af4d5476a8b0423a4d8747905c3cba128380ce1,population:7.30282e+06->7.41546e+06; real_gdp_per_capita_nzd:23829.3->24034,1451.2878951507978,1452.6810286027721,replayed,,,none,f908f241829d395d9d1633f56988695ddf0f411e,db5631a4024d2f2f8cfc05da20276a486ab238e88b01def6283aa9d5c94397a8,
current_comparison_1,comparison,PED,2047Q1,ensemble,6213ce565cf1f4a058a3ea9f1af4d5476a8b0423a4d8747905c3cba128380ce1,population:7.33006e+06->7.44311e+06; real_gdp_per_capita_nzd:23846.9->24051.7,1436.9579173204515,1438.3335152994057,replayed,,,none,f908f241829d395d9d1633f56988695ddf0f411e,db5631a4024d2f2f8cfc05da20276a486ab238e88b01def6283aa9d5c94397a8,
current_comparison_1,comparison,PED,2047Q2,ensemble,6213ce565cf1f4a058a3ea9f1af4d5476a8b0423a4d8747905c3cba128380ce1,population:7.35739e+06->7.47087e+06; real_gdp_per_capita_nzd:23864.5->24069.5,1430.0875317417926,1431.4554102300929,replayed,,,none,f908f241829d395d9d1633f56988695ddf0f411e,db5631a4024d2f2f8cfc05da20276a486ab238e88b01def6283aa9d5c94397a8,
current_comparison_1,comparison,PED,2047Q3,ensemble,6213ce565cf1f4a058a3ea9f1af4d5476a8b0423a4d8747905c3cba128380ce1,population:7.38483e+06->7.49873e+06; real_gdp_per_capita_nzd:23882.2->24087.3,1434.3410400943867,1435.712473138146,replayed,,,none,f908f241829d395d9d1633f56988695ddf0f411e,db5631a4024d2f2f8cfc05da20276a486ab238e88b01def6283aa9d5c94397a8,
current_comparison_1,comparison,PED,2047Q4,ensemble,6213ce565cf1f4a058a3ea9f1af4d5476a8b0423a4d8747905c3cba128380ce1,population:7.41237e+06->7.52669e+06; real_gdp_per_capita_nzd:23899.8->24105,1445.5793026294978,1446.9631512500066,replayed,,,none,f908f241829d395d9d1633f56988695ddf0f411e,db5631a4024d2f2f8cfc05da20276a486ab238e88b01def6283aa9d5c94397a8,
current_comparison_1,comparison,PED,2048Q1,ensemble,6213ce565cf1f4a058a3ea9f1af4d5476a8b0423a4d8747905c3cba128380ce1,population:7.44001e+06->7.55476e+06; real_gdp_per_capita_nzd:23917.4->24122.8,1431.4404428479322,1432.8068729135266,replayed,,,none,f908f241829d395d9d1633f56988695ddf0f411e,db5631a4024d2f2f8cfc05da20276a486ab238e88b01def6283aa9d5c94397a8,
current_comparison_1,comparison,PED,2048Q2,ensemble,6213ce565cf1f4a058a3ea9f1af4d5476a8b0423a4d8747905c3cba128380ce1,population:7.46775e+06->7.58293e+06; real_gdp_per_capita_nzd:23935.1->24140.6,1424.8453967911369,1426.204158862974,replayed,,,none,f908f241829d395d9d1633f56988695ddf0f411e,db5631a4024d2f2f8cfc05da20276a486ab238e88b01def6283aa9d5c94397a8,
current_comparison_1,comparison,PED,2048Q3,ensemble,6213ce565cf1f4a058a3ea9f1af4d5476a8b0423a4d8747905c3cba128380ce1,population:7.4956e+06->7.61121e+06; real_gdp_per_capita_nzd:23952.7->24158.5,1429.085311248214,1430.4476042348342,replayed,,,none,f908f241829d395d9d1633f56988695ddf0f411e,db5631a4024d2f2f8cfc05da20276a486ab238e88b01def6283aa9d5c94397a8,
current_comparison_1,comparison,PED,2048Q4,ensemble,6213ce565cf1f4a058a3ea9f1af4d5476a8b0423a4d8747905c3cba128380ce1,population:7.52355e+06->7.63959e+06; real_gdp_per_capita_nzd:23970.4->24176.3,1440.2760222306813,1441.6506480987832,replayed,,,none,f908f241829d395d9d1633f56988695ddf0f411e,db5631a4024d2f2f8cfc05da20276a486ab238e88b01def6283aa9d5c94397a8,
current_comparison_1,comparison,PED,2049Q1,ensemble,6213ce565cf1f4a058a3ea9f1af4d5476a8b0423a4d8747905c3cba128380ce1,population:7.55161e+06->7.66808e+06; real_gdp_per_capita_nzd:23988.1->24194.1,1426.2039432311358,1427.5612666804832,replayed,,,none,f908f241829d395d9d1633f56988695ddf0f411e,db5631a4024d2f2f8cfc05da20276a486ab238e88b01def6283aa9d5c94397a8,
current_comparison_1,comparison,PED,2049Q2,ensemble,6213ce565cf1f4a058a3ea9f1af4d5476a8b0423a4d8747905c3cba128380ce1,population:7.57977e+06->7.69667e+06; real_gdp_per_capita_nzd:24005.8->24212,1419.6383108799723,1420.988017487924,replayed,,,none,f908f241829d395d9d1633f56988695ddf0f411e,db5631a4024d2f2f8cfc05da20276a486ab238e88b01def6283aa9d5c94397a8,
current_comparison_1,comparison,PED,2049Q3,ensemble,6213ce565cf1f4a058a3ea9f1af4d5476a8b0423a4d8747905c3cba128380ce1,population:7.60803e+06->7.72537e+06; real_gdp_per_capita_nzd:24023.5->24229.9,1423.8647222025334,1425.2179362424322,replayed,,,none,f908f241829d395d9d1633f56988695ddf0f411e,db5631a4024d2f2f8cfc05da20276a486ab238e88b01def6283aa9d5c94397a8,
current_comparison_1,comparison,PED,2049Q4,ensemble,6213ce565cf1f4a058a3ea9f1af4d5476a8b0423a4d8747905c3cba128380ce1,population:7.6364e+06->7.75418e+06; real_gdp_per_capita_nzd:24041.3->24247.7,1435.008199432695,1436.3736642114827,replayed,,,none,f908f241829d395d9d1633f56988695ddf0f411e,db5631a4024d2f2f8cfc05da20276a486ab238e88b01def6283aa9d5c94397a8,
current_comparison_1,comparison,PED,2050Q1,ensemble,6213ce565cf1f4a058a3ea9f1af4d5476a8b0423a4d8747905c3cba128380ce1,population:7.66488e+06->7.7831e+06; real_gdp_per_capita_nzd:24059->24265.6,1421.00245459278,1422.3507323122667,replayed,,,none,f908f241829d395d9d1633f56988695ddf0f411e,db5631a4024d2f2f8cfc05da20276a486ab238e88b01def6283aa9d5c94397a8,
current_comparison_1,comparison,PED,2050Q2,ensemble,6213ce565cf1f4a058a3ea9f1af4d5476a8b0423a4d8747905c3cba128380ce1,population:7.69346e+06->7.81212e+06; real_gdp_per_capita_nzd:24076.8->24283.5,1414.466039161583,1415.8067508498143,replayed,,,none,f908f241829d395d9d1633f56988695ddf0f411e,db5631a4024d2f2f8cfc05da20276a486ab238e88b01def6283aa9d5c94397a8,
current_comparison_1,comparison,PED,2050Q3,ensemble,6213ce565cf1f4a058a3ea9f1af4d5476a8b0423a4d8747905c3cba128380ce1,population:7.72215e+06->7.84126e+06; real_gdp_per_capita_nzd:24094.5->24301.5,1418.679037503135,1420.02323329726,replayed,,,none,f908f241829d395d9d1633f56988695ddf0f411e,db5631a4024d2f2f8cfc05da20276a486ab238e88b01def6283aa9d5c94397a8,
current_comparison_1,comparison,PED,2050Q4,ensemble,6213ce565cf1f4a058a3ea9f1af4d5476a8b0423a4d8747905c3cba128380ce1,population:7.75095e+06->7.8705e+06; real_gdp_per_capita_nzd:24112.3->24319.4,1429.7755966525638,1431.1319615919583,replayed,,,none,f908f241829d395d9d1633f56988695ddf0f411e,db5631a4024d2f2f8cfc05da20276a486ab238e88b01def6283aa9d5c94397a8,
current_comparison_1,comparison,LIGHT_RUC,2026Q1,ensemble,6213ce565cf1f4a058a3ea9f1af4d5476a8b0423a4d8747905c3cba128380ce1,,3363542326.568571,3363542326.568571,replayed,,,none,f908f241829d395d9d1633f56988695ddf0f411e,db5631a4024d2f2f8cfc05da20276a486ab238e88b01def6283aa9d5c94397a8,
current_comparison_1,comparison,LIGHT_RUC,2026Q2,ensemble,6213ce565cf1f4a058a3ea9f1af4d5476a8b0423a4d8747905c3cba128380ce1,real_gdp_sa_nzd:1.14611e+11->1.14232e+11,3186509486.201508,3172234828.073075,replayed,,,none,f908f241829d395d9d1633f56988695ddf0f411e,db5631a4024d2f2f8cfc05da20276a486ab238e88b01def6283aa9d5c94397a8,
current_comparison_1,comparison,LIGHT_RUC,2026Q3,ensemble,6213ce565cf1f4a058a3ea9f1af4d5476a8b0423a4d8747905c3cba128380ce1,real_gdp_sa_nzd:1.15377e+11->1.15061e+11,3064409447.4256234,3053021141.133557,replayed,,,none,f908f241829d395d9d1633f56988695ddf0f411e,db5631a4024d2f2f8cfc05da20276a486ab238e88b01def6283aa9d5c94397a8,
current_comparison_1,comparison,LIGHT_RUC,2026Q4,ensemble,6213ce565cf1f4a058a3ea9f1af4d5476a8b0423a4d8747905c3cba128380ce1,real_gdp_sa_nzd:1.16148e+11->1.16079e+11,3092232899.9470124,3089742153.737587,replayed,,,none,f908f241829d395d9d1633f56988695ddf0f411e,db5631a4024d2f2f8cfc05da20276a486ab238e88b01def6283aa9d5c94397a8,
current_comparison_1,comparison,LIGHT_RUC,2027Q1,ensemble,6213ce565cf1f4a058a3ea9f1af4d5476a8b0423a4d8747905c3cba128380ce1,real_gdp_sa_nzd:1.16952e+11->1.17174e+11,3292329442.483258,3300816898.1109324,replayed,,,none,f908f241829d395d9d1633f56988695ddf0f411e,db5631a4024d2f2f8cfc05da20276a486ab238e88b01def6283aa9d5c94397a8,
current_comparison_1,comparison,LIGHT_RUC,2027Q2,ensemble,6213ce565cf1f4a058a3ea9f1af4d5476a8b0423a4d8747905c3cba128380ce1,real_gdp_sa_nzd:1.17762e+11->1.18264e+11,3325078518.1756096,3344310000.3104534,replayed,,,none,f908f241829d395d9d1633f56988695ddf0f411e,db5631a4024d2f2f8cfc05da20276a486ab238e88b01def6283aa9d5c94397a8,
current_comparison_1,comparison,LIGHT_RUC,2027Q3,ensemble,6213ce565cf1f4a058a3ea9f1af4d5476a8b0423a4d8747905c3cba128380ce1,real_gdp_sa_nzd:1.18578e+11->1.19337e+11,3198829400.4707985,3226668722.3292055,replayed,,,none,f908f241829d395d9d1633f56988695ddf0f411e,db5631a4024d2f2f8cfc05da20276a486ab238e88b01def6283aa9d5c94397a8,
current_comparison_1,comparison,LIGHT_RUC,2027Q4,ensemble,6213ce565cf1f4a058a3ea9f1af4d5476a8b0423a4d8747905c3cba128380ce1,real_gdp_sa_nzd:1.194e+11->1.20378e+11,3425257530.1588864,3463403867.243766,replayed,,,none,f908f241829d395d9d1633f56988695ddf0f411e,db5631a4024d2f2f8cfc05da20276a486ab238e88b01def6283aa9d5c94397a8,
current_comparison_1,comparison,LIGHT_RUC,2028Q1,ensemble,6213ce565cf1f4a058a3ea9f1af4d5476a8b0423a4d8747905c3cba128380ce1,real_gdp_sa_nzd:1.20139e+11->1.21384e+11,3434701192.3758116,3483136762.9152975,replayed,,,none,f908f241829d395d9d1633f56988695ddf0f411e,db5631a4024d2f2f8cfc05da20276a486ab238e88b01def6283aa9d5c94397a8,
current_comparison_1,comparison,LIGHT_RUC,2028Q2,ensemble,6213ce565cf1f4a058a3ea9f1af4d5476a8b0423a4d8747905c3cba128380ce1,real_gdp_sa_nzd:1.20883e+11->1.22353e+11,3465543692.165471,3522881296.9287915,replayed,,,none,f908f241829d395d9d1633f56988695ddf0f411e,db5631a4024d2f2f8cfc05da20276a486ab238e88b01def6283aa9d5c94397a8,
current_comparison_1,comparison,LIGHT_RUC,2028Q3,ensemble,6213ce565cf1f4a058a3ea9f1af4d5476a8b0423a4d8747905c3cba128380ce1,real_gdp_sa_nzd:1.21631e+11->1.23273e+11,3330769174.248094,3391935929.6737328,replayed,,,none,f908f241829d395d9d1633f56988695ddf0f411e,db5631a4024d2f2f8cfc05da20276a486ab238e88b01def6283aa9d5c94397a8,
current_comparison_1,comparison,LIGHT_RUC,2028Q4,ensemble,6213ce565cf1f4a058a3ea9f1af4d5476a8b0423a4d8747905c3cba128380ce1,real_gdp_sa_nzd:1.22385e+11->1.24186e+11,3563123381.722717,3634520261.2702317,replayed,,,none,f908f241829d395d9d1633f56988695ddf0f411e,db5631a4024d2f2f8cfc05da20276a486ab238e88b01def6283aa9d5c94397a8,
current_comparison_1,comparison,LIGHT_RUC,2029Q1,ensemble,6213ce565cf1f4a058a3ea9f1af4d5476a8b0423a4d8747905c3cba128380ce1,real_gdp_sa_nzd:1.23082e+11->1.25122e+11,3570704218.0334706,3651301674.174213,replayed,,,none,f908f241829d395d9d1633f56988695ddf0f411e,db5631a4024d2f2f8cfc05da20276a486ab238e88b01def6283aa9d5c94397a8,
current_comparison_1,comparison,LIGHT_RUC,2029Q2,ensemble,6213ce565cf1f4a058a3ea9f1af4d5476a8b0423a4d8747905c3cba128380ce1,real_gdp_sa_nzd:1.23784e+11->1.26049e+11,3600507960.8334093,3690260446.926571,replayed,,,none,f908f241829d395d9d1633f56988695ddf0f411e,db5631a4024d2f2f8cfc05da20276a486ab238e88b01def6283aa9d5c94397a8,
current_comparison_1,comparison,LIGHT_RUC,2029Q3,ensemble,6213ce565cf1f4a058a3ea9f1af4d5476a8b0423a4d8747905c3cba128380ce1,real_gdp_sa_nzd:1.2449e+11->1.26956e+11,3458315533.129879,3551653110.6643705,replayed,,,none,f908f241829d395d9d1633f56988695ddf0f411e,db5631a4024d2f2f8cfc05da20276a486ab238e88b01def6283aa9d5c94397a8,
current_comparison_1,comparison,LIGHT_RUC,2029Q4,ensemble,6213ce565cf1f4a058a3ea9f1af4d5476a8b0423a4d8747905c3cba128380ce1,real_gdp_sa_nzd:1.252e+11->1.27848e+11,3649440987.3148704,3754645671.5812035,replayed,,,none,f908f241829d395d9d1633f56988695ddf0f411e,db5631a4024d2f2f8cfc05da20276a486ab238e88b01def6283aa9d5c94397a8,
current_comparison_1,comparison,LIGHT_RUC,2030Q1,ensemble,6213ce565cf1f4a058a3ea9f1af4d5476a8b0423a4d8747905c3cba128380ce1,real_gdp_sa_nzd:1.25882e+11->1.28736e+11,3652847490.3889103,3765715085.6095805,replayed,,,none,f908f241829d395d9d1633f56988695ddf0f411e,db5631a4024d2f2f8cfc05da20276a486ab238e88b01def6283aa9d5c94397a8,
current_comparison_1,comparison,LIGHT_RUC,2030Q2,ensemble,6213ce565cf1f4a058a3ea9f1af4d5476a8b0423a4d8747905c3cba128380ce1,real_gdp_sa_nzd:1.26569e+11->1.29625e+11,3682251987.944531,3803487885.4243836,replayed,,,none,f908f241829d395d9d1633f56988695ddf0f411e,db5631a4024d2f2f8cfc05da20276a486ab238e88b01def6283aa9d5c94397a8,
current_comparison_1,comparison,LIGHT_RUC,2030Q3,ensemble,6213ce565cf1f4a058a3ea9f1af4d5476a8b0423a4d8747905c3cba128380ce1,real_gdp_sa_nzd:1.2726e+11->1.30332e+11,3535791342.764149,3652205112.963725,replayed,,,none,f908f241829d395d9d1633f56988695ddf0f411e,db5631a4024d2f2f8cfc05da20276a486ab238e88b01def6283aa9d5c94397a8,
current_comparison_1,comparison,LIGHT_RUC,2030Q4,ensemble,6213ce565cf1f4a058a3ea9f1af4d5476a8b0423a4d8747905c3cba128380ce1,real_gdp_sa_nzd:1.27954e+11->1.31043e+11,3769392809.5161967,3893497765.318201,replayed,,,none,f908f241829d395d9d1633f56988695ddf0f411e,db5631a4024d2f2f8cfc05da20276a486ab238e88b01def6283aa9d5c94397a8,
current_comparison_1,comparison,LIGHT_RUC,2031Q1,ensemble,6213ce565cf1f4a058a3ea9f1af4d5476a8b0423a4d8747905c3cba128380ce1,real_gdp_sa_nzd:1.28636e+11->1.31742e+11,3770564681.6118565,3894708220.586798,replayed,,,none,f908f241829d395d9d1633f56988695ddf0f411e,db5631a4024d2f2f8cfc05da20276a486ab238e88b01def6283aa9d5c94397a8,
current_comparison_1,comparison,LIGHT_RUC,2031Q2,ensemble,6213ce565cf1f4a058a3ea9f1af4d5476a8b0423a4d8747905c3cba128380ce1,real_gdp_sa_nzd:1.29322e+11->1.32444e+11,3795109894.5764017,3920061569.6953216,replayed,,,none,f908f241829d395d9d1633f56988695ddf0f411e,db5631a4024d2f2f8cfc05da20276a486ab238e88b01def6283aa9d5c94397a8,
current_comparison_1,comparison,LIGHT_RUC,2031Q3,ensemble,6213ce565cf1f4a058a3ea9f1af4d5476a8b0423a4d8747905c3cba128380ce1,real_gdp_sa_nzd:1.30012e+11->1.33151e+11,3638557869.816791,3758355165.1468596,replayed,,,none,f908f241829d395d9d1633f56988695ddf0f411e,db5631a4024d2f2f8cfc05da20276a486ab238e88b01def6283aa9d5c94397a8,
current_comparison_1,comparison,LIGHT_RUC,2031Q4,ensemble,6213ce565cf1f4a058a3ea9f1af4d5476a8b0423a4d8747905c3cba128380ce1,real_gdp_sa_nzd:1.30705e+11->1.33861e+11,3882786971.5674663,4010625360.8906884,replayed,,,none,f908f241829d395d9d1633f56988695ddf0f411e,db5631a4024d2f2f8cfc05da20276a486ab238e88b01def6283aa9d5c94397a8,
current_comparison_1,comparison,LIGHT_RUC,2032Q1,ensemble,6213ce565cf1f4a058a3ea9f1af4d5476a8b0423a4d8747905c3cba128380ce1,real_gdp_sa_nzd:1.31402e+11->1.34574e+11,3883994457.123473,4011872602.171061,replayed,,,none,f908f241829d395d9d1633f56988695ddf0f411e,db5631a4024d2f2f8cfc05da20276a486ab238e88b01def6283aa9d5c94397a8,
current_comparison_1,comparison,LIGHT_RUC,2032Q2,ensemble,6213ce565cf1f4a058a3ea9f1af4d5476a8b0423a4d8747905c3cba128380ce1,real_gdp_sa_nzd:1.32103e+11->1.35292e+11,3909278425.7022257,4037989029.97108,replayed,,,none,f908f241829d395d9d1633f56988695ddf0f411e,db5631a4024d2f2f8cfc05da20276a486ab238e88b01def6283aa9d5c94397a8,
current_comparison_1,comparison,LIGHT_RUC,2032Q3,ensemble,6213ce565cf1f4a058a3ea9f1af4d5476a8b0423a4d8747905c3cba128380ce1,real_gdp_sa_nzd:1.32807e+11->1.36013e+11,3748017184.504823,3871418360.9101624,replayed,,,none,f908f241829d395d9d1633f56988695ddf0f411e,db5631a4024d2f2f8cfc05da20276a486ab238e88b01def6283aa9d5c94397a8,
current_comparison_1,comparison,LIGHT_RUC,2032Q4,ensemble,6213ce565cf1f4a058a3ea9f1af4d5476a8b0423a4d8747905c3cba128380ce1,real_gdp_sa_nzd:1.33515e+11->1.36739e+11,3999593840.775565,4131278024.9185095,replayed,,,none,f908f241829d395d9d1633f56988695ddf0f411e,db5631a4024d2f2f8cfc05da20276a486ab238e88b01def6283aa9d5c94397a8,
current_comparison_1,comparison,LIGHT_RUC,2033Q1,ensemble,6213ce565cf1f4a058a3ea9f1af4d5476a8b0423a4d8747905c3cba128380ce1,real_gdp_sa_nzd:1.34227e+11->1.37468e+11,4000838023.423527,4132563171.520203,replayed,,,none,f908f241829d395d9d1633f56988695ddf0f411e,db5631a4024d2f2f8cfc05da20276a486ab238e88b01def6283aa9d5c94397a8,
current_comparison_1,comparison,LIGHT_RUC,2033Q2,ensemble,6213ce565cf1f4a058a3ea9f1af4d5476a8b0423a4d8747905c3cba128380ce1,real_gdp_sa_nzd:1.34943e+11->1.38201e+11,4026882993.1542234,4159465655.9702816,replayed,,,none,f908f241829d395d9d1633f56988695ddf0f411e,db5631a4024d2f2f8cfc05da20276a486ab238e88b01def6283aa9d5c94397a8,
current_comparison_1,comparison,LIGHT_RUC,2033Q3,ensemble,6213ce565cf1f4a058a3ea9f1af4d5476a8b0423a4d8747905c3cba128380ce1,real_gdp_sa_nzd:1.35662e+11->1.38938e+11,3860770817.5196686,3987884338.418954,replayed,,,none,f908f241829d395d9d1633f56988695ddf0f411e,db5631a4024d2f2f8cfc05da20276a486ab238e88b01def6283aa9d5c94397a8,
current_comparison_1,comparison,LIGHT_RUC,2033Q4,ensemble,6213ce565cf1f4a058a3ea9f1af4d5476a8b0423a4d8747905c3cba128380ce1,real_gdp_sa_nzd:1.36386e+11->1.39679e+11,4119916174.5648184,4255561898.051533,replayed,,,none,f908f241829d395d9d1633f56988695ddf0f411e,db5631a4024d2f2f8cfc05da20276a486ab238e88b01def6283aa9d5c94397a8,
current_comparison_1,comparison,LIGHT_RUC,2034Q1,ensemble,6213ce565cf1f4a058a3ea9f1af4d5476a8b0423a4d8747905c3cba128380ce1,real_gdp_sa_nzd:1.37113e+11->1.40423e+11,4121198170.9534698,4256886103.388201,replayed,,,none,f908f241829d395d9d1633f56988695ddf0f411e,db5631a4024d2f2f8cfc05da20276a486ab238e88b01def6283aa9d5c94397a8,
current_comparison_1,comparison,LIGHT_RUC,2034Q2,ensemble,6213ce565cf1f4a058a3ea9f1af4d5476a8b0423a4d8747905c3cba128380ce1,real_gdp_sa_nzd:1.37844e+11->1.41172e+11,4148027057.5865245,4284598314.7257795,replayed,,,none,f908f241829d395d9d1633f56988695ddf0f411e,db5631a4024d2f2f8cfc05da20276a486ab238e88b01def6283aa9d5c94397a8,
current_comparison_1,comparison,LIGHT_RUC,2034Q3,ensemble,6213ce565cf1f4a058a3ea9f1af4d5476a8b0423a4d8747905c3cba128380ce1,real_gdp_sa_nzd:1.38579e+11->1.41925e+11,3976917962.6960077,4107855557.404277,replayed,,,none,f908f241829d395d9d1633f56988695ddf0f411e,db5631a4024d2f2f8cfc05da20276a486ab238e88b01def6283aa9d5c94397a8,
current_comparison_1,comparison,LIGHT_RUC,2034Q4,ensemble,6213ce565cf1f4a058a3ea9f1af4d5476a8b0423a4d8747905c3cba128380ce1,real_gdp_sa_nzd:1.39318e+11->1.42682e+11,4243859826.0131044,4383586318.515481,replayed,,,none,f908f241829d395d9d1633f56988695ddf0f411e,db5631a4024d2f2f8cfc05da20276a486ab238e88b01def6283aa9d5c94397a8,
current_comparison_1,comparison,LIGHT_RUC,2035Q1,ensemble,6213ce565cf1f4a058a3ea9f1af4d5476a8b0423a4d8747905c3cba128380ce1,real_gdp_sa_nzd:1.40061e+11->1.43442e+11,4245180786.8156643,4384950771.145585,replayed,,,none,f908f241829d395d9d1633f56988695ddf0f411e,db5631a4024d2f2f8cfc05da20276a486ab238e88b01def6283aa9d5c94397a8,
current_comparison_1,comparison,LIGHT_RUC,2035Q2,ensemble,6213ce565cf1f4a058a3ea9f1af4d5476a8b0423a4d8747905c3cba128380ce1,real_gdp_sa_nzd:1.40808e+11->1.44207e+11,4272817196.517602,4413497092.755861,replayed,,,none,f908f241829d395d9d1633f56988695ddf0f411e,db5631a4024d2f2f8cfc05da20276a486ab238e88b01def6283aa9d5c94397a8,
current_comparison_1,comparison,LIGHT_RUC,2035Q3,ensemble,6213ce565cf1f4a058a3ea9f1af4d5476a8b0423a4d8747905c3cba128380ce1,real_gdp_sa_nzd:1.41558e+11->1.44976e+11,4096560802.2028627,4231437564.320679,replayed,,,none,f908f241829d395d9d1633f56988695ddf0f411e,db5631a4024d2f2f8cfc05da20276a486ab238e88b01def6283aa9d5c94397a8,
current_comparison_1,comparison,LIGHT_RUC,2035Q4,ensemble,6213ce565cf1f4a058a3ea9f1af4d5476a8b0423a4d8747905c3cba128380ce1,real_gdp_sa_nzd:1.42313e+11->1.45749e+11,4371533837.163433,4515463918.496053,replayed,,,none,f908f241829d395d9d1633f56988695ddf0f411e,db5631a4024d2f2f8cfc05da20276a486ab238e88b01def6283aa9d5c94397a8,
current_comparison_1,comparison,LIGHT_RUC,2036Q1,ensemble,6213ce565cf1f4a058a3ea9f1af4d5476a8b0423a4d8747905c3cba128380ce1,real_gdp_sa_nzd:1.42984e+11->1.46437e+11,4369259082.310632,4513114268.729207,replayed,,,none,f908f241829d395d9d1633f56988695ddf0f411e,db5631a4024d2f2f8cfc05da20276a486ab238e88b01def6283aa9d5c94397a8,
current_comparison_1,comparison,LIGHT_RUC,2036Q2,ensemble,6213ce565cf1f4a058a3ea9f1af4d5476a8b0423a4d8747905c3cba128380ce1,real_gdp_sa_nzd:1.43659e+11->1.47127e+11,4394047169.267989,4538718488.308373,replayed,,,none,f908f241829d395d9d1633f56988695ddf0f411e,db5631a4024d2f2f8cfc05da20276a486ab238e88b01def6283aa9d5c94397a8,
current_comparison_1,comparison,LIGHT_RUC,2036Q3,ensemble,6213ce565cf1f4a058a3ea9f1af4d5476a8b0423a4d8747905c3cba128380ce1,real_gdp_sa_nzd:1.44336e+11->1.47821e+11,4209287611.7158113,4347875835.1801,replayed,,,none,f908f241829d395d9d1633f56988695ddf0f411e,db5631a4024d2f2f8cfc05da20276a486ab238e88b01def6283aa9d5c94397a8,
current_comparison_1,comparison,LIGHT_RUC,2036Q4,ensemble,6213ce565cf1f4a058a3ea9f1af4d5476a8b0423a4d8747905c3cba128380ce1,real_gdp_sa_nzd:1.45017e+11->1.48519e+11,4488092865.6992235,4635860581.848846,replayed,,,none,f908f241829d395d9d1633f56988695ddf0f411e,db5631a4024d2f2f8cfc05da20276a486ab238e88b01def6283aa9d5c94397a8,
current_comparison_1,comparison,LIGHT_RUC,2037Q1,ensemble,6213ce565cf1f4a058a3ea9f1af4d5476a8b0423a4d8747905c3cba128380ce1,real_gdp_sa_nzd:1.45701e+11->1.49219e+11,4485757880.14914,4633448718.325768,replayed,,,none,f908f241829d395d9d1633f56988695ddf0f411e,db5631a4024d2f2f8cfc05da20276a486ab238e88b01def6283aa9d5c94397a8,
current_comparison_1,comparison,LIGHT_RUC,2037Q2,ensemble,6213ce565cf1f4a058a3ea9f1af4d5476a8b0423a4d8747905c3cba128380ce1,real_gdp_sa_nzd:1.46388e+11->1.49923e+11,4511207323.112058,4659736068.653036,replayed,,,none,f908f241829d395d9d1633f56988695ddf0f411e,db5631a4024d2f2f8cfc05da20276a486ab238e88b01def6283aa9d5c94397a8,
current_comparison_1,comparison,LIGHT_RUC,2037Q3,ensemble,6213ce565cf1f4a058a3ea9f1af4d5476a8b0423a4d8747905c3cba128380ce1,real_gdp_sa_nzd:1.47079e+11->1.5063e+11,4321521857.706711,4463805325.164443,replayed,,,none,f908f241829d395d9d1633f56988695ddf0f411e,db5631a4024d2f2f8cfc05da20276a486ab238e88b01def6283aa9d5c94397a8,
current_comparison_1,comparison,LIGHT_RUC,2037Q4,ensemble,6213ce565cf1f4a058a3ea9f1af4d5476a8b0423a4d8747905c3cba128380ce1,real_gdp_sa_nzd:1.47773e+11->1.5134e+11,4607761463.183134,4759469194.807931,replayed,,,none,f908f241829d395d9d1633f56988695ddf0f411e,db5631a4024d2f2f8cfc05da20276a486ab238e88b01def6283aa9d5c94397a8,
current_comparison_1,comparison,LIGHT_RUC,2038Q1,ensemble,6213ce565cf1f4a058a3ea9f1af4d5476a8b0423a4d8747905c3cba128380ce1,real_gdp_sa_nzd:1.4847e+11->1.52054e+11,4605364652.480247,4756993470.576724,replayed,,,none,f908f241829d395d9d1633f56988695ddf0f411e,db5631a4024d2f2f8cfc05da20276a486ab238e88b01def6283aa9d5c94397a8,
current_comparison_1,comparison,LIGHT_RUC,2038Q2,ensemble,6213ce565cf1f4a058a3ea9f1af4d5476a8b0423a4d8747905c3cba128380ce1,real_gdp_sa_nzd:1.4917e+11->1.52771e+11,4631493107.677016,4783982189.200817,replayed,,,none,f908f241829d395d9d1633f56988695ddf0f411e,db5631a4024d2f2f8cfc05da20276a486ab238e88b01def6283aa9d5c94397a8,
current_comparison_1,comparison,LIGHT_RUC,2038Q3,ensemble,6213ce565cf1f4a058a3ea9f1af4d5476a8b0423a4d8747905c3cba128380ce1,real_gdp_sa_nzd:1.49873e+11->1.53492e+11,4436750331.643699,4582827626.221009,replayed,,,none,f908f241829d395d9d1633f56988695ddf0f411e,db5631a4024d2f2f8cfc05da20276a486ab238e88b01def6283aa9d5c94397a8,
current_comparison_1,comparison,LIGHT_RUC,2038Q4,ensemble,6213ce565cf1f4a058a3ea9f1af4d5476a8b0423a4d8747905c3cba128380ce1,real_gdp_sa_nzd:1.5058e+11->1.54216e+11,4730622637.818839,4886375498.571485,replayed,,,none,f908f241829d395d9d1633f56988695ddf0f411e,db5631a4024d2f2f8cfc05da20276a486ab238e88b01def6283aa9d5c94397a8,
current_comparison_1,comparison,LIGHT_RUC,2039Q1,ensemble,6213ce565cf1f4a058a3ea9f1af4d5476a8b0423a4d8747905c3cba128380ce1,real_gdp_sa_nzd:1.5129e+11->1.54943e+11,4728162365.310055,4883834223.093118,replayed,,,none,f908f241829d395d9d1633f56988695ddf0f411e,db5631a4024d2f2f8cfc05da20276a486ab238e88b01def6283aa9d5c94397a8,
current_comparison_1,comparison,LIGHT_RUC,2039Q2,ensemble,6213ce565cf1f4a058a3ea9f1af4d5476a8b0423a4d8747905c3cba128380ce1,real_gdp_sa_nzd:1.52004e+11->1.55674e+11,4754987960.661969,4911543034.7862,replayed,,,none,f908f241829d395d9d1633f56988695ddf0f411e,db5631a4024d2f2f8cfc05da20276a486ab238e88b01def6283aa9d5c94397a8,
current_comparison_1,comparison,LIGHT_RUC,2039Q3,ensemble,6213ce565cf1f4a058a3ea9f1af4d5476a8b0423a4d8747905c3cba128380ce1,real_gdp_sa_nzd:1.52721e+11->1.56408e+11,4555052963.823935,4705025300.303166,replayed,,,none,f908f241829d395d9d1633f56988695ddf0f411e,db5631a4024d2f2f8cfc05da20276a486ab238e88b01def6283aa9d5c94397a8,
current_comparison_1,comparison,LIGHT_RUC,2039Q4,ensemble,6213ce565cf1f4a058a3ea9f1af4d5476a8b0423a4d8747905c3cba128380ce1,real_gdp_sa_nzd:1.53441e+11->1.57146e+11,4856761615.171028,5016667524.703754,replayed,,,none,f908f241829d395d9d1633f56988695ddf0f411e,db5631a4024d2f2f8cfc05da20276a486ab238e88b01def6283aa9d5c94397a8,
current_comparison_1,comparison,LIGHT_RUC,2040Q1,ensemble,6213ce565cf1f4a058a3ea9f1af4d5476a8b0423a4d8747905c3cba128380ce1,real_gdp_sa_nzd:1.54165e+11->1.57887e+11,4854236200.889166,5014058962.699257,replayed,,,none,f908f241829d395d9d1633f56988695ddf0f411e,db5631a4024d2f2f8cfc05da20276a486ab238e88b01def6283aa9d5c94397a8,
current_comparison_1,comparison,LIGHT_RUC,2040Q2,ensemble,6213ce565cf1f4a058a3ea9f1af4d5476a8b0423a4d8747905c3cba128380ce1,real_gdp_sa_nzd:1.54892e+11->1.58632e+11,4881777548.621618,5042507092.482769,replayed,,,none,f908f241829d395d9d1633f56988695ddf0f411e,db5631a4024d2f2f8cfc05da20276a486ab238e88b01def6283aa9d5c94397a8,
current_comparison_1,comparison,LIGHT_RUC,2040Q3,ensemble,6213ce565cf1f4a058a3ea9f1af4d5476a8b0423a4d8747905c3cba128380ce1,real_gdp_sa_nzd:1.55623e+11->1.5938e+11,4676511819.718218,4830483114.837277,replayed,,,none,f908f241829d395d9d1633f56988695ddf0f411e,db5631a4024d2f2f8cfc05da20276a486ab238e88b01def6283aa9d5c94397a8,
current_comparison_1,comparison,LIGHT_RUC,2040Q4,ensemble,6213ce565cf1f4a058a3ea9f1af4d5476a8b0423a4d8747905c3cba128380ce1,real_gdp_sa_nzd:1.56357e+11->1.60132e+11,4986265897.441105,5150435656.362674,replayed,,,none,f908f241829d395d9d1633f56988695ddf0f411e,db5631a4024d2f2f8cfc05da20276a486ab238e88b01def6283aa9d5c94397a8,
current_comparison_1,comparison,LIGHT_RUC,2041Q1,ensemble,6213ce565cf1f4a058a3ea9f1af4d5476a8b0423a4d8747905c3cba128380ce1,real_gdp_sa_nzd:1.57056e+11->1.60847e+11,4982012875.558899,5146042606.332862,replayed,,,none,f908f241829d395d9d1633f56988695ddf0f411e,db5631a4024d2f2f8cfc05da20276a486ab238e88b01def6283aa9d5c94397a8,
current_comparison_1,comparison,LIGHT_RUC,2041Q2,ensemble,6213ce565cf1f4a058a3ea9f1af4d5476a8b0423a4d8747905c3cba128380ce1,real_gdp_sa_nzd:1.57758e+11->1.61566e+11,5008610054.985106,5173515481.645408,replayed,,,none,f908f241829d395d9d1633f56988695ddf0f411e,db5631a4024d2f2f8cfc05da20276a486ab238e88b01def6283aa9d5c94397a8,
current_comparison_1,comparison,LIGHT_RUC,2041Q3,ensemble,6213ce565cf1f4a058a3ea9f1af4d5476a8b0423a4d8747905c3cba128380ce1,real_gdp_sa_nzd:1.58463e+11->1.62289e+11,4796412941.538653,4954331907.854669,replayed,,,none,f908f241829d395d9d1633f56988695ddf0f411e,db5631a4024d2f2f8cfc05da20276a486ab238e88b01def6283aa9d5c94397a8,
current_comparison_1,comparison,LIGHT_RUC,2041Q4,ensemble,6213ce565cf1f4a058a3ea9f1af4d5476a8b0423a4d8747905c3cba128380ce1,real_gdp_sa_nzd:1.59171e+11->1.63014e+11,5112405085.7563,5280727900.403777,replayed,,,none,f908f241829d395d9d1633f56988695ddf0f411e,db5631a4024d2f2f8cfc05da20276a486ab238e88b01def6283aa9d5c94397a8,
current_comparison_1,comparison,LIGHT_RUC,2042Q1,ensemble,6213ce565cf1f4a058a3ea9f1af4d5476a8b0423a4d8747905c3cba128380ce1,real_gdp_sa_nzd:1.59883e+11->1.63743e+11,5108044960.218721,5276224220.396162,replayed,,,none,f908f241829d395d9d1633f56988695ddf0f411e,db5631a4024d2f2f8cfc05da20276a486ab238e88b01def6283aa9d5c94397a8,
current_comparison_1,comparison,LIGHT_RUC,2042Q2,ensemble,6213ce565cf1f4a058a3ea9f1af4d5476a8b0423a4d8747905c3cba128380ce1,real_gdp_sa_nzd:1.60597e+11->1.64475e+11,5135315469.074644,5304392594.098571,replayed,,,none,f908f241829d395d9d1633f56988695ddf0f411e,db5631a4024d2f2f8cfc05da20276a486ab238e88b01def6283aa9d5c94397a8,
current_comparison_1,comparison,LIGHT_RUC,2042Q3,ensemble,6213ce565cf1f4a058a3ea9f1af4d5476a8b0423a4d8747905c3cba128380ce1,real_gdp_sa_nzd:1.61315e+11->1.6521e+11,4917750763.787699,5079664703.784703,replayed,,,none,f908f241829d395d9d1633f56988695ddf0f411e,db5631a4024d2f2f8cfc05da20276a486ab238e88b01def6283aa9d5c94397a8,
current_comparison_1,comparison,LIGHT_RUC,2042Q4,ensemble,6213ce565cf1f4a058a3ea9f1af4d5476a8b0423a4d8747905c3cba128380ce1,real_gdp_sa_nzd:1.62036e+11->1.65948e+11,5241737256.705678,5414318254.08193,replayed,,,none,f908f241829d395d9d1633f56988695ddf0f411e,db5631a4024d2f2f8cfc05da20276a486ab238e88b01def6283aa9d5c94397a8,
current_comparison_1,comparison,LIGHT_RUC,2043Q1,ensemble,6213ce565cf1f4a058a3ea9f1af4d5476a8b0423a4d8747905c3cba128380ce1,real_gdp_sa_nzd:1.6276e+11->1.6669e+11,5237267330.011308,5409701157.781544,replayed,,,none,f908f241829d395d9d1633f56988695ddf0f411e,db5631a4024d2f2f8cfc05da20276a486ab238e88b01def6283aa9d5c94397a8,
current_comparison_1,comparison,LIGHT_RUC,2043Q2,ensemble,6213ce565cf1f4a058a3ea9f1af4d5476a8b0423a4d8747905c3cba128380ce1,real_gdp_sa_nzd:1.63488e+11->1.67435e+11,5265228226.185668,5438582649.383103,replayed,,,none,f908f241829d395d9d1633f56988695ddf0f411e,db5631a4024d2f2f8cfc05da20276a486ab238e88b01def6283aa9d5c94397a8,
current_comparison_1,comparison,LIGHT_RUC,2043Q3,ensemble,6213ce565cf1f4a058a3ea9f1af4d5476a8b0423a4d8747905c3cba128380ce1,real_gdp_sa_nzd:1.64219e+11->1.68184e+11,5042160070.27772,5208170110.6982,replayed,,,none,f908f241829d395d9d1633f56988695ddf0f411e,db5631a4024d2f2f8cfc05da20276a486ab238e88b01def6283aa9d5c94397a8,
current_comparison_1,comparison,LIGHT_RUC,2043Q4,ensemble,6213ce565cf1f4a058a3ea9f1af4d5476a8b0423a4d8747905c3cba128380ce1,real_gdp_sa_nzd:1.64953e+11->1.68935e+11,5374343290.812171,5551290260.861877,replayed,,,none,f908f241829d395d9d1633f56988695ddf0f411e,db5631a4024d2f2f8cfc05da20276a486ab238e88b01def6283aa9d5c94397a8,
current_comparison_1,comparison,LIGHT_RUC,2044Q1,ensemble,6213ce565cf1f4a058a3ea9f1af4d5476a8b0423a4d8747905c3cba128380ce1,real_gdp_sa_nzd:1.6569e+11->1.69691e+11,5369760797.514037,5546556891.771019,replayed,,,none,f908f241829d395d9d1633f56988695ddf0f411e,db5631a4024d2f2f8cfc05da20276a486ab238e88b01def6283aa9d5c94397a8,
current_comparison_1,comparison,LIGHT_RUC,2044Q2,ensemble,6213ce565cf1f4a058a3ea9f1af4d5476a8b0423a4d8747905c3cba128380ce1,real_gdp_sa_nzd:1.66431e+11->1.70449e+11,5398429571.372374,5576169567.496946,replayed,,,none,f908f241829d395d9d1633f56988695ddf0f411e,db5631a4024d2f2f8cfc05da20276a486ab238e88b01def6283aa9d5c94397a8,
current_comparison_1,comparison,LIGHT_RUC,2044Q3,ensemble,6213ce565cf1f4a058a3ea9f1af4d5476a8b0423a4d8747905c3cba128380ce1,real_gdp_sa_nzd:1.67175e+11->1.71211e+11,5169718665.000849,5339928494.236204,replayed,,,none,f908f241829d395d9d1633f56988695ddf0f411e,db5631a4024d2f2f8cfc05da20276a486ab238e88b01def6283aa9d5c94397a8,
current_comparison_1,comparison,LIGHT_RUC,2044Q4,ensemble,6213ce565cf1f4a058a3ea9f1af4d5476a8b0423a4d8747905c3cba128380ce1,real_gdp_sa_nzd:1.67922e+11->1.71976e+11,5510306118.93792,5691729582.0537815,replayed,,,none,f908f241829d395d9d1633f56988695ddf0f411e,db5631a4024d2f2f8cfc05da20276a486ab238e88b01def6283aa9d5c94397a8,
current_comparison_1,comparison,LIGHT_RUC,2045Q1,ensemble,6213ce565cf1f4a058a3ea9f1af4d5476a8b0423a4d8747905c3cba128380ce1,real_gdp_sa_nzd:1.68673e+11->1.72745e+11,5505608223.931881,5686877011.724236,replayed,,,none,f908f241829d395d9d1633f56988695ddf0f411e,db5631a4024d2f2f8cfc05da20276a486ab238e88b01def6283aa9d5c94397a8,
current_comparison_1,comparison,LIGHT_RUC,2045Q2,ensemble,6213ce565cf1f4a058a3ea9f1af4d5476a8b0423a4d8747905c3cba128380ce1,real_gdp_sa_nzd:1.69426e+11->1.73517e+11,5535002809.290936,5717239395.851238,replayed,,,none,f908f241829d395d9d1633f56988695ddf0f411e,db5631a4024d2f2f8cfc05da20276a486ab238e88b01def6283aa9d5c94397a8,
current_comparison_1,comparison,LIGHT_RUC,2045Q3,ensemble,6213ce565cf1f4a058a3ea9f1af4d5476a8b0423a4d8747905c3cba128380ce1,real_gdp_sa_nzd:1.70184e+11->1.74293e+11,5300506324.32903,5475022257.359018,replayed,,,none,f908f241829d395d9d1633f56988695ddf0f411e,db5631a4024d2f2f8cfc05da20276a486ab238e88b01def6283aa9d5c94397a8,
current_comparison_1,comparison,LIGHT_RUC,2045Q4,ensemble,6213ce565cf1f4a058a3ea9f1af4d5476a8b0423a4d8747905c3cba128380ce1,real_gdp_sa_nzd:1.70945e+11->1.75072e+11,5649710774.305655,5835724050.547168,replayed,,,none,f908f241829d395d9d1633f56988695ddf0f411e,db5631a4024d2f2f8cfc05da20276a486ab238e88b01def6283aa9d5c94397a8,
current_comparison_1,comparison,LIGHT_RUC,2046Q1,ensemble,6213ce565cf1f4a058a3ea9f1af4d5476a8b0423a4d8747905c3cba128380ce1,real_gdp_sa_nzd:1.71709e+11->1.75854e+11,5644894571.075574,5830749276.767651,replayed,,,none,f908f241829d395d9d1633f56988695ddf0f411e,db5631a4024d2f2f8cfc05da20276a486ab238e88b01def6283aa9d5c94397a8,
current_comparison_1,comparison,LIGHT_RUC,2046Q2,ensemble,6213ce565cf1f4a058a3ea9f1af4d5476a8b0423a4d8747905c3cba128380ce1,real_gdp_sa_nzd:1.72476e+11->1.7664e+11,5675033356.45663,5861880363.24776,replayed,,,none,f908f241829d395d9d1633f56988695ddf0f411e,db5631a4024d2f2f8cfc05da20276a486ab238e88b01def6283aa9d5c94397a8,
current_comparison_1,comparison,LIGHT_RUC,2046Q3,ensemble,6213ce565cf1f4a058a3ea9f1af4d5476a8b0423a4d8747905c3cba128380ce1,real_gdp_sa_nzd:1.73247e+11->1.7743e+11,5434604847.058504,5613535892.038206,replayed,,,none,f908f241829d395d9d1633f56988695ddf0f411e,db5631a4024d2f2f8cfc05da20276a486ab238e88b01def6283aa9d5c94397a8,
current_comparison_1,comparison,LIGHT_RUC,2046Q4,ensemble,6213ce565cf1f4a058a3ea9f1af4d5476a8b0423a4d8747905c3cba128380ce1,real_gdp_sa_nzd:1.74022e+11->1.78223e+11,5792644445.840853,5983363725.909749,replayed,,,none,f908f241829d395d9d1633f56988695ddf0f411e,db5631a4024d2f2f8cfc05da20276a486ab238e88b01def6283aa9d5c94397a8,
current_comparison_1,comparison,LIGHT_RUC,2047Q1,ensemble,6213ce565cf1f4a058a3ea9f1af4d5476a8b0423a4d8747905c3cba128380ce1,real_gdp_sa_nzd:1.74799e+11->1.7902e+11,5787706954.660004,5978263670.847773,replayed,,,none,f908f241829d395d9d1633f56988695ddf0f411e,db5631a4024d2f2f8cfc05da20276a486ab238e88b01def6283aa9d5c94397a8,
current_comparison_1,comparison,LIGHT_RUC,2047Q2,ensemble,6213ce565cf1f4a058a3ea9f1af4d5476a8b0423a4d8747905c3cba128380ce1,real_gdp_sa_nzd:1.75581e+11->1.7982e+11,5818608794.827601,6010182935.227174,replayed,,,none,f908f241829d395d9d1633f56988695ddf0f411e,db5631a4024d2f2f8cfc05da20276a486ab238e88b01def6283aa9d5c94397a8,
current_comparison_1,comparison,LIGHT_RUC,2047Q3,ensemble,6213ce565cf1f4a058a3ea9f1af4d5476a8b0423a4d8747905c3cba128380ce1,real_gdp_sa_nzd:1.76366e+11->1.80624e+11,5572098105.724539,5755556032.2610235,replayed,,,none,f908f241829d395d9d1633f56988695ddf0f411e,db5631a4024d2f2f8cfc05da20276a486ab238e88b01def6283aa9d5c94397a8,
current_comparison_1,comparison,LIGHT_RUC,2047Q4,ensemble,6213ce565cf1f4a058a3ea9f1af4d5476a8b0423a4d8747905c3cba128380ce1,real_gdp_sa_nzd:1.77154e+11->1.81431e+11,5939196532.869114,6134740950.885317,replayed,,,none,f908f241829d395d9d1633f56988695ddf0f411e,db5631a4024d2f2f8cfc05da20276a486ab238e88b01def6283aa9d5c94397a8,
current_comparison_1,comparison,LIGHT_RUC,2048Q1,ensemble,6213ce565cf1f4a058a3ea9f1af4d5476a8b0423a4d8747905c3cba128380ce1,real_gdp_sa_nzd:1.77946e+11->1.82242e+11,5934134698.955827,6129512459.182345,replayed,,,none,f908f241829d395d9d1633f56988695ddf0f411e,db5631a4024d2f2f8cfc05da20276a486ab238e88b01def6283aa9d5c94397a8,
current_comparison_1,comparison,LIGHT_RUC,2048Q2,ensemble,6213ce565cf1f4a058a3ea9f1af4d5476a8b0423a4d8747905c3cba128380ce1,real_gdp_sa_nzd:1.78741e+11->1.83057e+11,5965818926.749991,6162239870.823014,replayed,,,none,f908f241829d395d9d1633f56988695ddf0f411e,db5631a4024d2f2f8cfc05da20276a486ab238e88b01def6283aa9d5c94397a8,
current_comparison_1,comparison,LIGHT_RUC,2048Q3,ensemble,6213ce565cf1f4a058a3ea9f1af4d5476a8b0423a4d8747905c3cba128380ce1,real_gdp_sa_nzd:1.7954e+11->1.83875e+11,5713072099.22013,5901171508.381571,replayed,,,none,f908f241829d395d9d1633f56988695ddf0f411e,db5631a4024d2f2f8cfc05da20276a486ab238e88b01def6283aa9d5c94397a8,
current_comparison_1,comparison,LIGHT_RUC,2048Q4,ensemble,6213ce565cf1f4a058a3ea9f1af4d5476a8b0423a4d8747905c3cba128380ce1,real_gdp_sa_nzd:1.80343e+11->1.84697e+11,6089458701.202502,6289950409.326717,replayed,,,none,f908f241829d395d9d1633f56988695ddf0f411e,db5631a4024d2f2f8cfc05da20276a486ab238e88b01def6283aa9d5c94397a8,
current_comparison_1,comparison,LIGHT_RUC,2049Q1,ensemble,6213ce565cf1f4a058a3ea9f1af4d5476a8b0423a4d8747905c3cba128380ce1,real_gdp_sa_nzd:1.81149e+11->1.85522e+11,6084269392.829454,6284590246.145263,replayed,,,none,f908f241829d395d9d1633f56988695ddf0f411e,db5631a4024d2f2f8cfc05da20276a486ab238e88b01def6283aa9d5c94397a8,
current_comparison_1,comparison,LIGHT_RUC,2049Q2,ensemble,6213ce565cf1f4a058a3ea9f1af4d5476a8b0423a4d8747905c3cba128380ce1,real_gdp_sa_nzd:1.81959e+11->1.86352e+11,6116755831.298375,6318146280.757096,replayed,,,none,f908f241829d395d9d1633f56988695ddf0f411e,db5631a4024d2f2f8cfc05da20276a486ab238e88b01def6283aa9d5c94397a8,
current_comparison_1,comparison,LIGHT_RUC,2049Q3,ensemble,6213ce565cf1f4a058a3ea9f1af4d5476a8b0423a4d8747905c3cba128380ce1,real_gdp_sa_nzd:1.82772e+11->1.87185e+11,5857615006.750797,6050473402.851849,replayed,,,none,f908f241829d395d9d1633f56988695ddf0f411e,db5631a4024d2f2f8cfc05da20276a486ab238e88b01def6283aa9d5c94397a8,
current_comparison_1,comparison,LIGHT_RUC,2049Q4,ensemble,6213ce565cf1f4a058a3ea9f1af4d5476a8b0423a4d8747905c3cba128380ce1,real_gdp_sa_nzd:1.83589e+11->1.88021e+11,6243524940.650347,6449089185.600384,replayed,,,none,f908f241829d395d9d1633f56988695ddf0f411e,db5631a4024d2f2f8cfc05da20276a486ab238e88b01def6283aa9d5c94397a8,
current_comparison_1,comparison,LIGHT_RUC,2050Q1,ensemble,6213ce565cf1f4a058a3ea9f1af4d5476a8b0423a4d8747905c3cba128380ce1,real_gdp_sa_nzd:1.84409e+11->1.88862e+11,6238204947.206336,6443594034.621831,replayed,,,none,f908f241829d395d9d1633f56988695ddf0f411e,db5631a4024d2f2f8cfc05da20276a486ab238e88b01def6283aa9d5c94397a8,
current_comparison_1,comparison,LIGHT_RUC,2050Q2,ensemble,6213ce565cf1f4a058a3ea9f1af4d5476a8b0423a4d8747905c3cba128380ce1,real_gdp_sa_nzd:1.85234e+11->1.89706e+11,6271513922.0473,6477999687.113328,replayed,,,none,f908f241829d395d9d1633f56988695ddf0f411e,db5631a4024d2f2f8cfc05da20276a486ab238e88b01def6283aa9d5c94397a8,
current_comparison_1,comparison,LIGHT_RUC,2050Q3,ensemble,6213ce565cf1f4a058a3ea9f1af4d5476a8b0423a4d8747905c3cba128380ce1,real_gdp_sa_nzd:1.86062e+11->1.90554e+11,6005817243.159925,6203555107.368648,replayed,,,none,f908f241829d395d9d1633f56988695ddf0f411e,db5631a4024d2f2f8cfc05da20276a486ab238e88b01def6283aa9d5c94397a8,
current_comparison_1,comparison,LIGHT_RUC,2050Q4,ensemble,6213ce565cf1f4a058a3ea9f1af4d5476a8b0423a4d8747905c3cba128380ce1,real_gdp_sa_nzd:1.86893e+11->1.91406e+11,6401491623.990772,6612256825.499294,replayed,,,none,f908f241829d395d9d1633f56988695ddf0f411e,db5631a4024d2f2f8cfc05da20276a486ab238e88b01def6283aa9d5c94397a8,
current_comparison_1,comparison,HEAVY_RUC,2026Q1,ensemble,6213ce565cf1f4a058a3ea9f1af4d5476a8b0423a4d8747905c3cba128380ce1,,1020820013.7342014,1020820013.7342014,replayed,,,none,f908f241829d395d9d1633f56988695ddf0f411e,db5631a4024d2f2f8cfc05da20276a486ab238e88b01def6283aa9d5c94397a8,
current_comparison_1,comparison,HEAVY_RUC,2026Q2,ensemble,6213ce565cf1f4a058a3ea9f1af4d5476a8b0423a4d8747905c3cba128380ce1,real_gdp_sa_nzd:1.14611e+11->1.14232e+11,982720972.3701377,980383709.8875251,replayed,,,none,f908f241829d395d9d1633f56988695ddf0f411e,db5631a4024d2f2f8cfc05da20276a486ab238e88b01def6283aa9d5c94397a8,
current_comparison_1,comparison,HEAVY_RUC,2026Q3,ensemble,6213ce565cf1f4a058a3ea9f1af4d5476a8b0423a4d8747905c3cba128380ce1,real_gdp_sa_nzd:1.15377e+11->1.15061e+11,998640804.9871575,997522756.5959747,replayed,,,none,f908f241829d395d9d1633f56988695ddf0f411e,db5631a4024d2f2f8cfc05da20276a486ab238e88b01def6283aa9d5c94397a8,
current_comparison_1,comparison,HEAVY_RUC,2026Q4,ensemble,6213ce565cf1f4a058a3ea9f1af4d5476a8b0423a4d8747905c3cba128380ce1,real_gdp_sa_nzd:1.16148e+11->1.16079e+11,1068577990.631934,1069060598.5548129,replayed,,,none,f908f241829d395d9d1633f56988695ddf0f411e,db5631a4024d2f2f8cfc05da20276a486ab238e88b01def6283aa9d5c94397a8,
current_comparison_1,comparison,HEAVY_RUC,2027Q1,ensemble,6213ce565cf1f4a058a3ea9f1af4d5476a8b0423a4d8747905c3cba128380ce1,real_gdp_sa_nzd:1.16952e+11->1.17174e+11,1036857923.7237957,1038532450.9063172,replayed,,,none,f908f241829d395d9d1633f56988695ddf0f411e,db5631a4024d2f2f8cfc05da20276a486ab238e88b01def6283aa9d5c94397a8,
current_comparison_1,comparison,HEAVY_RUC,2027Q2,ensemble,6213ce565cf1f4a058a3ea9f1af4d5476a8b0423a4d8747905c3cba128380ce1,real_gdp_sa_nzd:1.17762e+11->1.18264e+11,1004178139.1028426,1007392655.7543154,replayed,,,none,f908f241829d395d9d1633f56988695ddf0f411e,db5631a4024d2f2f8cfc05da20276a486ab238e88b01def6283aa9d5c94397a8,
current_comparison_1,comparison,HEAVY_RUC,2027Q3,ensemble,6213ce565cf1f4a058a3ea9f1af4d5476a8b0423a4d8747905c3cba128380ce1,real_gdp_sa_nzd:1.18578e+11->1.19337e+11,1016505874.2660315,1020678947.4002771,replayed,,,none,f908f241829d395d9d1633f56988695ddf0f411e,db5631a4024d2f2f8cfc05da20276a486ab238e88b01def6283aa9d5c94397a8,
current_comparison_1,comparison,HEAVY_RUC,2027Q4,ensemble,6213ce565cf1f4a058a3ea9f1af4d5476a8b0423a4d8747905c3cba128380ce1,real_gdp_sa_nzd:1.194e+11->1.20378e+11,1073108731.4091339,1077745145.7479126,replayed,,,none,f908f241829d395d9d1633f56988695ddf0f411e,db5631a4024d2f2f8cfc05da20276a486ab238e88b01def6283aa9d5c94397a8,
current_comparison_1,comparison,HEAVY_RUC,2028Q1,ensemble,6213ce565cf1f4a058a3ea9f1af4d5476a8b0423a4d8747905c3cba128380ce1,real_gdp_sa_nzd:1.20139e+11->1.21384e+11,1039954659.9865216,1044869766.827462,replayed,,,none,f908f241829d395d9d1633f56988695ddf0f411e,db5631a4024d2f2f8cfc05da20276a486ab238e88b01def6283aa9d5c94397a8,
current_comparison_1,comparison,HEAVY_RUC,2028Q2,ensemble,6213ce565cf1f4a058a3ea9f1af4d5476a8b0423a4d8747905c3cba128380ce1,real_gdp_sa_nzd:1.20883e+11->1.22353e+11,1012382774.2114697,1017254986.3192185,replayed,,,none,f908f241829d395d9d1633f56988695ddf0f411e,db5631a4024d2f2f8cfc05da20276a486ab238e88b01def6283aa9d5c94397a8,
current_comparison_1,comparison,HEAVY_RUC,2028Q3,ensemble,6213ce565cf1f4a058a3ea9f1af4d5476a8b0423a4d8747905c3cba128380ce1,real_gdp_sa_nzd:1.21631e+11->1.23273e+11,1025119871.4576668,1029928164.8487518,replayed,,,none,f908f241829d395d9d1633f56988695ddf0f411e,db5631a4024d2f2f8cfc05da20276a486ab238e88b01def6283aa9d5c94397a8,
current_comparison_1,comparison,HEAVY_RUC,2028Q4,ensemble,6213ce565cf1f4a058a3ea9f1af4d5476a8b0423a4d8747905c3cba128380ce1,real_gdp_sa_nzd:1.22385e+11->1.24186e+11,1081989075.023676,1087093443.0861282,replayed,,,none,f908f241829d395d9d1633f56988695ddf0f411e,db5631a4024d2f2f8cfc05da20276a486ab238e88b01def6283aa9d5c94397a8,
current_comparison_1,comparison,HEAVY_RUC,2029Q1,ensemble,6213ce565cf1f4a058a3ea9f1af4d5476a8b0423a4d8747905c3cba128380ce1,real_gdp_sa_nzd:1.23082e+11->1.25122e+11,1048800790.433174,1054210979.1321266,replayed,,,none,f908f241829d395d9d1633f56988695ddf0f411e,db5631a4024d2f2f8cfc05da20276a486ab238e88b01def6283aa9d5c94397a8,
current_comparison_1,comparison,HEAVY_RUC,2029Q2,ensemble,6213ce565cf1f4a058a3ea9f1af4d5476a8b0423a4d8747905c3cba128380ce1,real_gdp_sa_nzd:1.23784e+11->1.26049e+11,1020973689.2323039,1026474507.2530564,replayed,,,none,f908f241829d395d9d1633f56988695ddf0f411e,db5631a4024d2f2f8cfc05da20276a486ab238e88b01def6283aa9d5c94397a8,
current_comparison_1,comparison,HEAVY_RUC,2029Q3,ensemble,6213ce565cf1f4a058a3ea9f1af4d5476a8b0423a4d8747905c3cba128380ce1,real_gdp_sa_nzd:1.2449e+11->1.26956e+11,1033696651.5590377,1039475925.5598111,replayed,,,none,f908f241829d395d9d1633f56988695ddf0f411e,db5631a4024d2f2f8cfc05da20276a486ab238e88b01def6283aa9d5c94397a8,
current_comparison_1,comparison,HEAVY_RUC,2029Q4,ensemble,6213ce565cf1f4a058a3ea9f1af4d5476a8b0423a4d8747905c3cba128380ce1,real_gdp_sa_nzd:1.252e+11->1.27848e+11,1090777613.559407,1097120501.311311,replayed,,,none,f908f241829d395d9d1633f56988695ddf0f411e,db5631a4024d2f2f8cfc05da20276a486ab238e88b01def6283aa9d5c94397a8,
current_comparison_1,comparison,HEAVY_RUC,2030Q1,ensemble,6213ce565cf1f4a058a3ea9f1af4d5476a8b0423a4d8747905c3cba128380ce1,real_gdp_sa_nzd:1.25882e+11->1.28736e+11,1057235557.764396,1063697477.6041689,replayed,,,none,f908f241829d395d9d1633f56988695ddf0f411e,db5631a4024d2f2f8cfc05da20276a486ab238e88b01def6283aa9d5c94397a8,
current_comparison_1,comparison,HEAVY_RUC,2030Q2,ensemble,6213ce565cf1f4a058a3ea9f1af4d5476a8b0423a4d8747905c3cba128380ce1,real_gdp_sa_nzd:1.26569e+11->1.29625e+11,1029138077.3938233,1035602859.5042546,replayed,,,none,f908f241829d395d9d1633f56988695ddf0f411e,db5631a4024d2f2f8cfc05da20276a486ab238e88b01def6283aa9d5c94397a8,
current_comparison_1,comparison,HEAVY_RUC,2030Q3,ensemble,6213ce565cf1f4a058a3ea9f1af4d5476a8b0423a4d8747905c3cba128380ce1,real_gdp_sa_nzd:1.2726e+11->1.30332e+11,1042963578.5089073,1048620613.0237933,replayed,,,none,f908f241829d395d9d1633f56988695ddf0f411e,db5631a4024d2f2f8cfc05da20276a486ab238e88b01def6283aa9d5c94397a8,
current_comparison_1,comparison,HEAVY_RUC,2030Q4,ensemble,6213ce565cf1f4a058a3ea9f1af4d5476a8b0423a4d8747905c3cba128380ce1,real_gdp_sa_nzd:1.27954e+11->1.31043e+11,1100580897.459659,1106134186.6596658,replayed,,,none,f908f241829d395d9d1633f56988695ddf0f411e,db5631a4024d2f2f8cfc05da20276a486ab238e88b01def6283aa9d5c94397a8,
current_comparison_1,comparison,HEAVY_RUC,2031Q1,ensemble,6213ce565cf1f4a058a3ea9f1af4d5476a8b0423a4d8747905c3cba128380ce1,real_gdp_sa_nzd:1.28636e+11->1.31742e+11,1067596637.5349846,1072617880.045547,replayed,,,none,f908f241829d395d9d1633f56988695ddf0f411e,db5631a4024d2f2f8cfc05da20276a486ab238e88b01def6283aa9d5c94397a8,
current_comparison_1,comparison,HEAVY_RUC,2031Q2,ensemble,6213ce565cf1f4a058a3ea9f1af4d5476a8b0423a4d8747905c3cba128380ce1,real_gdp_sa_nzd:1.29322e+11->1.32444e+11,1040176421.4265149,1044670796.4589927,replayed,,,none,f908f241829d395d9d1633f56988695ddf0f411e,db5631a4024d2f2f8cfc05da20276a486ab238e88b01def6283aa9d5c94397a8,
current_comparison_1,comparison,HEAVY_RUC,2031Q3,ensemble,6213ce565cf1f4a058a3ea9f1af4d5476a8b0423a4d8747905c3cba128380ce1,real_gdp_sa_nzd:1.30012e+11->1.33151e+11,1052352609.5473315,1056830033.0237002,replayed,,,none,f908f241829d395d9d1633f56988695ddf0f411e,db5631a4024d2f2f8cfc05da20276a486ab238e88b01def6283aa9d5c94397a8,
current_comparison_1,comparison,HEAVY_RUC,2031Q4,ensemble,6213ce565cf1f4a058a3ea9f1af4d5476a8b0423a4d8747905c3cba128380ce1,real_gdp_sa_nzd:1.30705e+11->1.33861e+11,1110675929.6860132,1115415866.2521944,replayed,,,none,f908f241829d395d9d1633f56988695ddf0f411e,db5631a4024d2f2f8cfc05da20276a486ab238e88b01def6283aa9d5c94397a8,
current_comparison_1,comparison,HEAVY_RUC,2032Q1,ensemble,6213ce565cf1f4a058a3ea9f1af4d5476a8b0423a4d8747905c3cba128380ce1,real_gdp_sa_nzd:1.31402e+11->1.34574e+11,1076002488.1850123,1080593185.361677,replayed,,,none,f908f241829d395d9d1633f56988695ddf0f411e,db5631a4024d2f2f8cfc05da20276a486ab238e88b01def6283aa9d5c94397a8,
current_comparison_1,comparison,HEAVY_RUC,2032Q2,ensemble,6213ce565cf1f4a058a3ea9f1af4d5476a8b0423a4d8747905c3cba128380ce1,real_gdp_sa_nzd:1.32103e+11->1.35292e+11,1047153001.6979886,1051600813.1955273,replayed,,,none,f908f241829d395d9d1633f56988695ddf0f411e,db5631a4024d2f2f8cfc05da20276a486ab238e88b01def6283aa9d5c94397a8,
current_comparison_1,comparison,HEAVY_RUC,2032Q3,ensemble,6213ce565cf1f4a058a3ea9f1af4d5476a8b0423a4d8747905c3cba128380ce1,real_gdp_sa_nzd:1.32807e+11->1.36013e+11,1059957737.3478506,1064468761.769039,replayed,,,none,f908f241829d395d9d1633f56988695ddf0f411e,db5631a4024d2f2f8cfc05da20276a486ab238e88b01def6283aa9d5c94397a8,
current_comparison_1,comparison,HEAVY_RUC,2032Q4,ensemble,6213ce565cf1f4a058a3ea9f1af4d5476a8b0423a4d8747905c3cba128380ce1,real_gdp_sa_nzd:1.33515e+11->1.36739e+11,1118387587.0585918,1123177568.023813,replayed,,,none,f908f241829d395d9d1633f56988695ddf0f411e,db5631a4024d2f2f8cfc05da20276a486ab238e88b01def6283aa9d5c94397a8,
current_comparison_1,comparison,HEAVY_RUC,2033Q1,ensemble,6213ce565cf1f4a058a3ea9f1af4d5476a8b0423a4d8747905c3cba128380ce1,real_gdp_sa_nzd:1.34227e+11->1.37468e+11,1083902389.019614,1088554953.8929863,replayed,,,none,f908f241829d395d9d1633f56988695ddf0f411e,db5631a4024d2f2f8cfc05da20276a486ab238e88b01def6283aa9d5c94397a8,
current_comparison_1,comparison,HEAVY_RUC,2033Q2,ensemble,6213ce565cf1f4a058a3ea9f1af4d5476a8b0423a4d8747905c3cba128380ce1,real_gdp_sa_nzd:1.34943e+11->1.38201e+11,1054746707.255359,1059265895.2310545,replayed,,,none,f908f241829d395d9d1633f56988695ddf0f411e,db5631a4024d2f2f8cfc05da20276a486ab238e88b01def6283aa9d5c94397a8,
current_comparison_1,comparison,HEAVY_RUC,2033Q3,ensemble,6213ce565cf1f4a058a3ea9f1af4d5476a8b0423a4d8747905c3cba128380ce1,real_gdp_sa_nzd:1.35662e+11->1.38938e+11,1067654546.7616667,1072241017.6219763,replayed,,,none,f908f241829d395d9d1633f56988695ddf0f411e,db5631a4024d2f2f8cfc05da20276a486ab238e88b01def6283aa9d5c94397a8,
current_comparison_1,comparison,HEAVY_RUC,2033Q4,ensemble,6213ce565cf1f4a058a3ea9f1af4d5476a8b0423a4d8747905c3cba128380ce1,real_gdp_sa_nzd:1.36386e+11->1.39679e+11,1126024913.7647755,1130895758.1149423,replayed,,,none,f908f241829d395d9d1633f56988695ddf0f411e,db5631a4024d2f2f8cfc05da20276a486ab238e88b01def6283aa9d5c94397a8,
current_comparison_1,comparison,HEAVY_RUC,2034Q1,ensemble,6213ce565cf1f4a058a3ea9f1af4d5476a8b0423a4d8747905c3cba128380ce1,real_gdp_sa_nzd:1.37113e+11->1.40423e+11,1091805414.396806,1096537340.601789,replayed,,,none,f908f241829d395d9d1633f56988695ddf0f411e,db5631a4024d2f2f8cfc05da20276a486ab238e88b01def6283aa9d5c94397a8,
current_comparison_1,comparison,HEAVY_RUC,2034Q2,ensemble,6213ce565cf1f4a058a3ea9f1af4d5476a8b0423a4d8747905c3cba128380ce1,real_gdp_sa_nzd:1.37844e+11->1.41172e+11,1062302606.0843961,1066898536.0425098,replayed,,,none,f908f241829d395d9d1633f56988695ddf0f411e,db5631a4024d2f2f8cfc05da20276a486ab238e88b01def6283aa9d5c94397a8,
current_comparison_1,comparison,HEAVY_RUC,2034Q3,ensemble,6213ce565cf1f4a058a3ea9f1af4d5476a8b0423a4d8747905c3cba128380ce1,real_gdp_sa_nzd:1.38579e+11->1.41925e+11,1075121021.4370375,1079784478.4551249,replayed,,,none,f908f241829d395d9d1633f56988695ddf0f411e,db5631a4024d2f2f8cfc05da20276a486ab238e88b01def6283aa9d5c94397a8,
current_comparison_1,comparison,HEAVY_RUC,2034Q4,ensemble,6213ce565cf1f4a058a3ea9f1af4d5476a8b0423a4d8747905c3cba128380ce1,real_gdp_sa_nzd:1.39318e+11->1.42682e+11,1133804029.8048115,1138755972.6748524,replayed,,,none,f908f241829d395d9d1633f56988695ddf0f411e,db5631a4024d2f2f8cfc05da20276a486ab238e88b01def6283aa9d5c94397a8,
current_comparison_1,comparison,HEAVY_RUC,2035Q1,ensemble,6213ce565cf1f4a058a3ea9f1af4d5476a8b0423a4d8747905c3cba128380ce1,real_gdp_sa_nzd:1.40061e+11->1.43442e+11,1099192197.9356375,1104002118.5787752,replayed,,,none,f908f241829d395d9d1633f56988695ddf0f411e,db5631a4024d2f2f8cfc05da20276a486ab238e88b01def6283aa9d5c94397a8,
current_comparison_1,comparison,HEAVY_RUC,2035Q2,ensemble,6213ce565cf1f4a058a3ea9f1af4d5476a8b0423a4d8747905c3cba128380ce1,real_gdp_sa_nzd:1.40808e+11->1.44207e+11,1069351966.7586837,1074023111.5703266,replayed,,,none,f908f241829d395d9d1633f56988695ddf0f411e,db5631a4024d2f2f8cfc05da20276a486ab238e88b01def6283aa9d5c94397a8,
current_comparison_1,comparison,HEAVY_RUC,2035Q3,ensemble,6213ce565cf1f4a058a3ea9f1af4d5476a8b0423a4d8747905c3cba128380ce1,real_gdp_sa_nzd:1.41558e+11->1.44976e+11,1082190558.5595527,1086930038.0489902,replayed,,,none,f908f241829d395d9d1633f56988695ddf0f411e,db5631a4024d2f2f8cfc05da20276a486ab238e88b01def6283aa9d5c94397a8,
current_comparison_1,comparison,HEAVY_RUC,2035Q4,ensemble,6213ce565cf1f4a058a3ea9f1af4d5476a8b0423a4d8747905c3cba128380ce1,real_gdp_sa_nzd:1.42313e+11->1.45749e+11,1141253720.4531562,1146286256.3725016,replayed,,,none,f908f241829d395d9d1633f56988695ddf0f411e,db5631a4024d2f2f8cfc05da20276a486ab238e88b01def6283aa9d5c94397a8,
current_comparison_1,comparison,HEAVY_RUC,2036Q1,ensemble,6213ce565cf1f4a058a3ea9f1af4d5476a8b0423a4d8747905c3cba128380ce1,real_gdp_sa_nzd:1.42984e+11->1.46437e+11,1105888962.2902365,1110773294.9354258,replayed,,,none,f908f241829d395d9d1633f56988695ddf0f411e,db5631a4024d2f2f8cfc05da20276a486ab238e88b01def6283aa9d5c94397a8,
current_comparison_1,comparison,HEAVY_RUC,2036Q2,ensemble,6213ce565cf1f4a058a3ea9f1af4d5476a8b0423a4d8747905c3cba128380ce1,real_gdp_sa_nzd:1.43659e+11->1.47127e+11,1075512930.2643573,1080253504.0086215,replayed,,,none,f908f241829d395d9d1633f56988695ddf0f411e,db5631a4024d2f2f8cfc05da20276a486ab238e88b01def6283aa9d5c94397a8,
current_comparison_1,comparison,HEAVY_RUC,2036Q3,ensemble,6213ce565cf1f4a058a3ea9f1af4d5476a8b0423a4d8747905c3cba128380ce1,real_gdp_sa_nzd:1.44336e+11->1.47821e+11,1088144876.6911743,1092952221.7182715,replayed,,,none,f908f241829d395d9d1633f56988695ddf0f411e,db5631a4024d2f2f8cfc05da20276a486ab238e88b01def6283aa9d5c94397a8,
current_comparison_1,comparison,HEAVY_RUC,2036Q4,ensemble,6213ce565cf1f4a058a3ea9f1af4d5476a8b0423a4d8747905c3cba128380ce1,real_gdp_sa_nzd:1.45017e+11->1.48519e+11,1147257553.3534257,1152359367.4770675,replayed,,,none,f908f241829d395d9d1633f56988695ddf0f411e,db5631a4024d2f2f8cfc05da20276a486ab238e88b01def6283aa9d5c94397a8,
current_comparison_1,comparison,HEAVY_RUC,2037Q1,ensemble,6213ce565cf1f4a058a3ea9f1af4d5476a8b0423a4d8747905c3cba128380ce1,real_gdp_sa_nzd:1.45701e+11->1.49219e+11,1112056874.421733,1117010474.7539473,replayed,,,none,f908f241829d395d9d1633f56988695ddf0f411e,db5631a4024d2f2f8cfc05da20276a486ab238e88b01def6283aa9d5c94397a8,
current_comparison_1,comparison,HEAVY_RUC,2037Q2,ensemble,6213ce565cf1f4a058a3ea9f1af4d5476a8b0423a4d8747905c3cba128380ce1,real_gdp_sa_nzd:1.46388e+11->1.49923e+11,1081695455.8642972,1086504566.048546,replayed,,,none,f908f241829d395d9d1633f56988695ddf0f411e,db5631a4024d2f2f8cfc05da20276a486ab238e88b01def6283aa9d5c94397a8,
current_comparison_1,comparison,HEAVY_RUC,2037Q3,ensemble,6213ce565cf1f4a058a3ea9f1af4d5476a8b0423a4d8747905c3cba128380ce1,real_gdp_sa_nzd:1.47079e+11->1.5063e+11,1094574166.4313698,1099452100.1725473,replayed,,,none,f908f241829d395d9d1633f56988695ddf0f411e,db5631a4024d2f2f8cfc05da20276a486ab238e88b01def6283aa9d5c94397a8,
current_comparison_1,comparison,HEAVY_RUC,2037Q4,ensemble,6213ce565cf1f4a058a3ea9f1af4d5476a8b0423a4d8747905c3cba128380ce1,real_gdp_sa_nzd:1.47773e+11->1.5134e+11,1154263248.5144272,1159441222.711775,replayed,,,none,f908f241829d395d9d1633f56988695ddf0f411e,db5631a4024d2f2f8cfc05da20276a486ab238e88b01def6283aa9d5c94397a8,
current_comparison_1,comparison,HEAVY_RUC,2038Q1,ensemble,6213ce565cf1f4a058a3ea9f1af4d5476a8b0423a4d8747905c3cba128380ce1,real_gdp_sa_nzd:1.4847e+11->1.52054e+11,1118901176.6081142,1123929143.0781243,replayed,,,none,f908f241829d395d9d1633f56988695ddf0f411e,db5631a4024d2f2f8cfc05da20276a486ab238e88b01def6283aa9d5c94397a8,
current_comparison_1,comparison,HEAVY_RUC,2038Q2,ensemble,6213ce565cf1f4a058a3ea9f1af4d5476a8b0423a4d8747905c3cba128380ce1,real_gdp_sa_nzd:1.4917e+11->1.52771e+11,1088351410.2159202,1093232950.0093935,replayed,,,none,f908f241829d395d9d1633f56988695ddf0f411e,db5631a4024d2f2f8cfc05da20276a486ab238e88b01def6283aa9d5c94397a8,
current_comparison_1,comparison,HEAVY_RUC,2038Q3,ensemble,6213ce565cf1f4a058a3ea9f1af4d5476a8b0423a4d8747905c3cba128380ce1,real_gdp_sa_nzd:1.49873e+11->1.53492e+11,1101336663.2399833,1106288298.5371244,replayed,,,none,f908f241829d395d9d1633f56988695ddf0f411e,db5631a4024d2f2f8cfc05da20276a486ab238e88b01def6283aa9d5c94397a8,
current_comparison_1,comparison,HEAVY_RUC,2038Q4,ensemble,6213ce565cf1f4a058a3ea9f1af4d5476a8b0423a4d8747905c3cba128380ce1,real_gdp_sa_nzd:1.5058e+11->1.54216e+11,1161452391.227428,1166708843.6085162,replayed,,,none,f908f241829d395d9d1633f56988695ddf0f411e,db5631a4024d2f2f8cfc05da20276a486ab238e88b01def6283aa9d5c94397a8,
current_comparison_1,comparison,HEAVY_RUC,2039Q1,ensemble,6213ce565cf1f4a058a3ea9f1af4d5476a8b0423a4d8747905c3cba128380ce1,real_gdp_sa_nzd:1.5129e+11->1.54943e+11,1125888545.033065,1130992930.1106272,replayed,,,none,f908f241829d395d9d1633f56988695ddf0f411e,db5631a4024d2f2f8cfc05da20276a486ab238e88b01def6283aa9d5c94397a8,
current_comparison_1,comparison,HEAVY_RUC,2039Q2,ensemble,6213ce565cf1f4a058a3ea9f1af4d5476a8b0423a4d8747905c3cba128380ce1,real_gdp_sa_nzd:1.52004e+11->1.55674e+11,1095140623.3246925,1100096558.7654736,replayed,,,none,f908f241829d395d9d1633f56988695ddf0f411e,db5631a4024d2f2f8cfc05da20276a486ab238e88b01def6283aa9d5c94397a8,
current_comparison_1,comparison,HEAVY_RUC,2039Q3,ensemble,6213ce565cf1f4a058a3ea9f1af4d5476a8b0423a4d8747905c3cba128380ce1,real_gdp_sa_nzd:1.52721e+11->1.56408e+11,1108228788.8363833,1113256094.1631045,replayed,,,none,f908f241829d395d9d1633f56988695ddf0f411e,db5631a4024d2f2f8cfc05da20276a486ab238e88b01def6283aa9d5c94397a8,
current_comparison_1,comparison,HEAVY_RUC,2039Q4,ensemble,6213ce565cf1f4a058a3ea9f1af4d5476a8b0423a4d8747905c3cba128380ce1,real_gdp_sa_nzd:1.53441e+11->1.57146e+11,1168774459.505619,1174111458.9960227,replayed,,,none,f908f241829d395d9d1633f56988695ddf0f411e,db5631a4024d2f2f8cfc05da20276a486ab238e88b01def6283aa9d5c94397a8,
current_comparison_1,comparison,HEAVY_RUC,2040Q1,ensemble,6213ce565cf1f4a058a3ea9f1af4d5476a8b0423a4d8747905c3cba128380ce1,real_gdp_sa_nzd:1.54165e+11->1.57887e+11,1133004149.8559895,1138186964.1654143,replayed,,,none,f908f241829d395d9d1633f56988695ddf0f411e,db5631a4024d2f2f8cfc05da20276a486ab238e88b01def6283aa9d5c94397a8,
current_comparison_1,comparison,HEAVY_RUC,2040Q2,ensemble,6213ce565cf1f4a058a3ea9f1af4d5476a8b0423a4d8747905c3cba128380ce1,real_gdp_sa_nzd:1.54892e+11->1.58632e+11,1102054432.6182325,1107086722.72751,replayed,,,none,f908f241829d395d9d1633f56988695ddf0f411e,db5631a4024d2f2f8cfc05da20276a486ab238e88b01def6283aa9d5c94397a8,
current_comparison_1,comparison,HEAVY_RUC,2040Q3,ensemble,6213ce565cf1f4a058a3ea9f1af4d5476a8b0423a4d8747905c3cba128380ce1,real_gdp_sa_nzd:1.55623e+11->1.5938e+11,1115247351.306015,1120352320.6260152,replayed,,,none,f908f241829d395d9d1633f56988695ddf0f411e,db5631a4024d2f2f8cfc05da20276a486ab238e88b01def6283aa9d5c94397a8,
current_comparison_1,comparison,HEAVY_RUC,2040Q4,ensemble,6213ce565cf1f4a058a3ea9f1af4d5476a8b0423a4d8747905c3cba128380ce1,real_gdp_sa_nzd:1.56357e+11->1.60132e+11,1176230849.5616903,1181650520.3921173,replayed,,,none,f908f241829d395d9d1633f56988695ddf0f411e,db5631a4024d2f2f8cfc05da20276a486ab238e88b01def6283aa9d5c94397a8,
current_comparison_1,comparison,HEAVY_RUC,2041Q1,ensemble,6213ce565cf1f4a058a3ea9f1af4d5476a8b0423a4d8747905c3cba128380ce1,real_gdp_sa_nzd:1.57056e+11->1.60847e+11,1140039161.7471945,1145300781.3900335,replayed,,,none,f908f241829d395d9d1633f56988695ddf0f411e,db5631a4024d2f2f8cfc05da20276a486ab238e88b01def6283aa9d5c94397a8,
current_comparison_1,comparison,HEAVY_RUC,2041Q2,ensemble,6213ce565cf1f4a058a3ea9f1af4d5476a8b0423a4d8747905c3cba128380ce1,real_gdp_sa_nzd:1.57758e+11->1.61566e+11,1108754722.5369396,1113862451.7976906,replayed,,,none,f908f241829d395d9d1633f56988695ddf0f411e,db5631a4024d2f2f8cfc05da20276a486ab238e88b01def6283aa9d5c94397a8,
current_comparison_1,comparison,HEAVY_RUC,2041Q3,ensemble,6213ce565cf1f4a058a3ea9f1af4d5476a8b0423a4d8747905c3cba128380ce1,real_gdp_sa_nzd:1.58463e+11->1.62289e+11,1121929298.9432862,1127109808.6043417,replayed,,,none,f908f241829d395d9d1633f56988695ddf0f411e,db5631a4024d2f2f8cfc05da20276a486ab238e88b01def6283aa9d5c94397a8,
current_comparison_1,comparison,HEAVY_RUC,2041Q4,ensemble,6213ce565cf1f4a058a3ea9f1af4d5476a8b0423a4d8747905c3cba128380ce1,real_gdp_sa_nzd:1.59171e+11->1.63014e+11,1183198187.0604596,1188696968.8455856,replayed,,,none,f908f241829d395d9d1633f56988695ddf0f411e,db5631a4024d2f2f8cfc05da20276a486ab238e88b01def6283aa9d5c94397a8,
current_comparison_1,comparison,HEAVY_RUC,2042Q1,ensemble,6213ce565cf1f4a058a3ea9f1af4d5476a8b0423a4d8747905c3cba128380ce1,real_gdp_sa_nzd:1.59883e+11->1.63743e+11,1146951795.8281565,1152291229.1887612,replayed,,,none,f908f241829d395d9d1633f56988695ddf0f411e,db5631a4024d2f2f8cfc05da20276a486ab238e88b01def6283aa9d5c94397a8,
current_comparison_1,comparison,HEAVY_RUC,2042Q2,ensemble,6213ce565cf1f4a058a3ea9f1af4d5476a8b0423a4d8747905c3cba128380ce1,real_gdp_sa_nzd:1.60597e+11->1.64475e+11,1115552145.5660746,1120736105.5259612,replayed,,,none,f908f241829d395d9d1633f56988695ddf0f411e,db5631a4024d2f2f8cfc05da20276a486ab238e88b01def6283aa9d5c94397a8,
current_comparison_1,comparison,HEAVY_RUC,2042Q3,ensemble,6213ce565cf1f4a058a3ea9f1af4d5476a8b0423a4d8747905c3cba128380ce1,real_gdp_sa_nzd:1.61315e+11->1.6521e+11,1128894613.0783298,1134153034.4775264,replayed,,,none,f908f241829d395d9d1633f56988695ddf0f411e,db5631a4024d2f2f8cfc05da20276a486ab238e88b01def6283aa9d5c94397a8,
current_comparison_1,comparison,HEAVY_RUC,2042Q4,ensemble,6213ce565cf1f4a058a3ea9f1af4d5476a8b0423a4d8747905c3cba128380ce1,real_gdp_sa_nzd:1.62036e+11->1.65948e+11,1190671781.8473377,1196253931.3542793,replayed,,,none,f908f241829d395d9d1633f56988695ddf0f411e,db5631a4024d2f2f8cfc05da20276a486ab238e88b01def6283aa9d5c94397a8,
current_comparison_1,comparison,HEAVY_RUC,2043Q1,ensemble,6213ce565cf1f4a058a3ea9f1af4d5476a8b0423a4d8747905c3cba128380ce1,real_gdp_sa_nzd:1.6276e+11->1.6669e+11,1154230068.4891841,1159650760.256412,replayed,,,none,f908f241829d395d9d1633f56988695ddf0f411e,db5631a4024d2f2f8cfc05da20276a486ab238e88b01def6283aa9d5c94397a8,
current_comparison_1,comparison,HEAVY_RUC,2043Q2,ensemble,6213ce565cf1f4a058a3ea9f1af4d5476a8b0423a4d8747905c3cba128380ce1,real_gdp_sa_nzd:1.63488e+11->1.67435e+11,1122626535.5087285,1127889609.4781559,replayed,,,none,f908f241829d395d9d1633f56988695ddf0f411e,db5631a4024d2f2f8cfc05da20276a486ab238e88b01def6283aa9d5c94397a8,
current_comparison_1,comparison,HEAVY_RUC,2043Q3,ensemble,6213ce565cf1f4a058a3ea9f1af4d5476a8b0423a4d8747905c3cba128380ce1,real_gdp_sa_nzd:1.64219e+11->1.68184e+11,1136078552.0763135,1141417447.8051016,replayed,,,none,f908f241829d395d9d1633f56988695ddf0f411e,db5631a4024d2f2f8cfc05da20276a486ab238e88b01def6283aa9d5c94397a8,
current_comparison_1,comparison,HEAVY_RUC,2043Q4,ensemble,6213ce565cf1f4a058a3ea9f1af4d5476a8b0423a4d8747905c3cba128380ce1,real_gdp_sa_nzd:1.64953e+11->1.68935e+11,1198305754.4609642,1203973567.0859513,replayed,,,none,f908f241829d395d9d1633f56988695ddf0f411e,db5631a4024d2f2f8cfc05da20276a486ab238e88b01def6283aa9d5c94397a8,
current_comparison_1,comparison,HEAVY_RUC,2044Q1,ensemble,6213ce565cf1f4a058a3ea9f1af4d5476a8b0423a4d8747905c3cba128380ce1,real_gdp_sa_nzd:1.6569e+11->1.69691e+11,1161649072.6278114,1167153167.7223465,replayed,,,none,f908f241829d395d9d1633f56988695ddf0f411e,db5631a4024d2f2f8cfc05da20276a486ab238e88b01def6283aa9d5c94397a8,
current_comparison_1,comparison,HEAVY_RUC,2044Q2,ensemble,6213ce565cf1f4a058a3ea9f1af4d5476a8b0423a4d8747905c3cba128380ce1,real_gdp_sa_nzd:1.66431e+11->1.70449e+11,1129835015.19926,1135179276.6537344,replayed,,,none,f908f241829d395d9d1633f56988695ddf0f411e,db5631a4024d2f2f8cfc05da20276a486ab238e88b01def6283aa9d5c94397a8,
current_comparison_1,comparison,HEAVY_RUC,2044Q3,ensemble,6213ce565cf1f4a058a3ea9f1af4d5476a8b0423a4d8747905c3cba128380ce1,real_gdp_sa_nzd:1.67175e+11->1.71211e+11,1143396109.8313854,1148817575.2604437,replayed,,,none,f908f241829d395d9d1633f56988695ddf0f411e,db5631a4024d2f2f8cfc05da20276a486ab238e88b01def6283aa9d5c94397a8,
current_comparison_1,comparison,HEAVY_RUC,2044Q4,ensemble,6213ce565cf1f4a058a3ea9f1af4d5476a8b0423a4d8747905c3cba128380ce1,real_gdp_sa_nzd:1.67922e+11->1.71976e+11,1206079602.99766,1211835298.0682213,replayed,,,none,f908f241829d395d9d1633f56988695ddf0f411e,db5631a4024d2f2f8cfc05da20276a486ab238e88b01def6283aa9d5c94397a8,
current_comparison_1,comparison,HEAVY_RUC,2045Q1,ensemble,6213ce565cf1f4a058a3ea9f1af4d5476a8b0423a4d8747905c3cba128380ce1,real_gdp_sa_nzd:1.68673e+11->1.72745e+11,1169203587.9271357,1174793246.2276876,replayed,,,none,f908f241829d395d9d1633f56988695ddf0f411e,db5631a4024d2f2f8cfc05da20276a486ab238e88b01def6283aa9d5c94397a8,
current_comparison_1,comparison,HEAVY_RUC,2045Q2,ensemble,6213ce565cf1f4a058a3ea9f1af4d5476a8b0423a4d8747905c3cba128380ce1,real_gdp_sa_nzd:1.69426e+11->1.73517e+11,1137175164.9988253,1142602718.1285603,replayed,,,none,f908f241829d395d9d1633f56988695ddf0f411e,db5631a4024d2f2f8cfc05da20276a486ab238e88b01def6283aa9d5c94397a8,
current_comparison_1,comparison,HEAVY_RUC,2045Q3,ensemble,6213ce565cf1f4a058a3ea9f1af4d5476a8b0423a4d8747905c3cba128380ce1,real_gdp_sa_nzd:1.70184e+11->1.74293e+11,1150847336.427069,1156353513.3108187,replayed,,,none,f908f241829d395d9d1633f56988695ddf0f411e,db5631a4024d2f2f8cfc05da20276a486ab238e88b01def6283aa9d5c94397a8,
current_comparison_1,comparison,HEAVY_RUC,2045Q4,ensemble,6213ce565cf1f4a058a3ea9f1af4d5476a8b0423a4d8747905c3cba128380ce1,real_gdp_sa_nzd:1.70945e+11->1.75072e+11,1213995496.5948293,1219841355.7348497,replayed,,,none,f908f241829d395d9d1633f56988695ddf0f411e,db5631a4024d2f2f8cfc05da20276a486ab238e88b01def6283aa9d5c94397a8,
current_comparison_1,comparison,HEAVY_RUC,2046Q1,ensemble,6213ce565cf1f4a058a3ea9f1af4d5476a8b0423a4d8747905c3cba128380ce1,real_gdp_sa_nzd:1.71709e+11->1.75854e+11,1176896233.9998484,1182573679.2573473,replayed,,,none,f908f241829d395d9d1633f56988695ddf0f411e,db5631a4024d2f2f8cfc05da20276a486ab238e88b01def6283aa9d5c94397a8,
current_comparison_1,comparison,HEAVY_RUC,2046Q2,ensemble,6213ce565cf1f4a058a3ea9f1af4d5476a8b0423a4d8747905c3cba128380ce1,real_gdp_sa_nzd:1.72476e+11->1.7664e+11,1144649631.5396216,1150162643.4308448,replayed,,,none,f908f241829d395d9d1633f56988695ddf0f411e,db5631a4024d2f2f8cfc05da20276a486ab238e88b01def6283aa9d5c94397a8,
current_comparison_1,comparison,HEAVY_RUC,2046Q3,ensemble,6213ce565cf1f4a058a3ea9f1af4d5476a8b0423a4d8747905c3cba128380ce1,real_gdp_sa_nzd:1.73247e+11->1.7743e+11,1158435020.5221784,1164028115.3072774,replayed,,,none,f908f241829d395d9d1633f56988695ddf0f411e,db5631a4024d2f2f8cfc05da20276a486ab238e88b01def6283aa9d5c94397a8,
current_comparison_1,comparison,HEAVY_RUC,2046Q4,ensemble,6213ce565cf1f4a058a3ea9f1af4d5476a8b0423a4d8747905c3cba128380ce1,real_gdp_sa_nzd:1.74022e+11->1.78223e+11,1222056474.5199325,1227994848.7909133,replayed,,,none,f908f241829d395d9d1633f56988695ddf0f411e,db5631a4024d2f2f8cfc05da20276a486ab238e88b01def6283aa9d5c94397a8,
current_comparison_1,comparison,HEAVY_RUC,2047Q1,ensemble,6213ce565cf1f4a058a3ea9f1af4d5476a8b0423a4d8747905c3cba128380ce1,real_gdp_sa_nzd:1.74799e+11->1.7902e+11,1184729989.0449188,1190497512.8789575,replayed,,,none,f908f241829d395d9d1633f56988695ddf0f411e,db5631a4024d2f2f8cfc05da20276a486ab238e88b01def6283aa9d5c94397a8,
current_comparison_1,comparison,HEAVY_RUC,2047Q2,ensemble,6213ce565cf1f4a058a3ea9f1af4d5476a8b0423a4d8747905c3cba128380ce1,real_gdp_sa_nzd:1.75581e+11->1.7982e+11,1152261319.1914556,1157862023.1723595,replayed,,,none,f908f241829d395d9d1633f56988695ddf0f411e,db5631a4024d2f2f8cfc05da20276a486ab238e88b01def6283aa9d5c94397a8,
current_comparison_1,comparison,HEAVY_RUC,2047Q3,ensemble,6213ce565cf1f4a058a3ea9f1af4d5476a8b0423a4d8747905c3cba128380ce1,real_gdp_sa_nzd:1.76366e+11->1.80624e+11,1166162121.0428367,1171844407.723931,replayed,,,none,f908f241829d395d9d1633f56988695ddf0f411e,db5631a4024d2f2f8cfc05da20276a486ab238e88b01def6283aa9d5c94397a8,
current_comparison_1,comparison,HEAVY_RUC,2047Q4,ensemble,6213ce565cf1f4a058a3ea9f1af4d5476a8b0423a4d8747905c3cba128380ce1,real_gdp_sa_nzd:1.77154e+11->1.81431e+11,1230265690.1304724,1236299002.6701162,replayed,,,none,f908f241829d395d9d1633f56988695ddf0f411e,db5631a4024d2f2f8cfc05da20276a486ab238e88b01def6283aa9d5c94397a8,
current_comparison_1,comparison,HEAVY_RUC,2048Q1,ensemble,6213ce565cf1f4a058a3ea9f1af4d5476a8b0423a4d8747905c3cba128380ce1,real_gdp_sa_nzd:1.77946e+11->1.82242e+11,1192707925.5050395,1198567889.8771958,replayed,,,none,f908f241829d395d9d1633f56988695ddf0f411e,db5631a4024d2f2f8cfc05da20276a486ab238e88b01def6283aa9d5c94397a8,
current_comparison_1,comparison,HEAVY_RUC,2048Q2,ensemble,6213ce565cf1f4a058a3ea9f1af4d5476a8b0423a4d8747905c3cba128380ce1,real_gdp_sa_nzd:1.78741e+11->1.83057e+11,1160013220.635941,1165703918.6705396,replayed,,,none,f908f241829d395d9d1633f56988695ddf0f411e,db5631a4024d2f2f8cfc05da20276a486ab238e88b01def6283aa9d5c94397a8,
current_comparison_1,comparison,HEAVY_RUC,2048Q3,ensemble,6213ce565cf1f4a058a3ea9f1af4d5476a8b0423a4d8747905c3cba128380ce1,real_gdp_sa_nzd:1.7954e+11->1.83875e+11,1174031683.5026767,1179805506.0446384,replayed,,,none,f908f241829d395d9d1633f56988695ddf0f411e,db5631a4024d2f2f8cfc05da20276a486ab238e88b01def6283aa9d5c94397a8,
current_comparison_1,comparison,HEAVY_RUC,2048Q4,ensemble,6213ce565cf1f4a058a3ea9f1af4d5476a8b0423a4d8747905c3cba128380ce1,real_gdp_sa_nzd:1.80343e+11->1.84697e+11,1238626386.8547568,1244757135.4500115,replayed,,,none,f908f241829d395d9d1633f56988695ddf0f411e,db5631a4024d2f2f8cfc05da20276a486ab238e88b01def6283aa9d5c94397a8,
current_comparison_1,comparison,HEAVY_RUC,2049Q1,ensemble,6213ce565cf1f4a058a3ea9f1af4d5476a8b0423a4d8747905c3cba128380ce1,real_gdp_sa_nzd:1.81149e+11->1.85522e+11,1200833203.0818174,1206788042.805665,replayed,,,none,f908f241829d395d9d1633f56988695ddf0f411e,db5631a4024d2f2f8cfc05da20276a486ab238e88b01def6283aa9d5c94397a8,
current_comparison_1,comparison,HEAVY_RUC,2049Q2,ensemble,6213ce565cf1f4a058a3ea9f1af4d5476a8b0423a4d8747905c3cba128380ce1,real_gdp_sa_nzd:1.81959e+11->1.86352e+11,1167908413.5022116,1173691478.6411738,replayed,,,none,f908f241829d395d9d1633f56988695ddf0f411e,db5631a4024d2f2f8cfc05da20276a486ab238e88b01def6283aa9d5c94397a8,
current_comparison_1,comparison,HEAVY_RUC,2049Q3,ensemble,6213ce565cf1f4a058a3ea9f1af4d5476a8b0423a4d8747905c3cba128380ce1,real_gdp_sa_nzd:1.82772e+11->1.87185e+11,1182046839.836809,1187914614.6750367,replayed,,,none,f908f241829d395d9d1633f56988695ddf0f411e,db5631a4024d2f2f8cfc05da20276a486ab238e88b01def6283aa9d5c94397a8,
current_comparison_1,comparison,HEAVY_RUC,2049Q4,ensemble,6213ce565cf1f4a058a3ea9f1af4d5476a8b0423a4d8747905c3cba128380ce1,real_gdp_sa_nzd:1.83589e+11->1.88021e+11,1247141900.1872947,1253372659.9441507,replayed,,,none,f908f241829d395d9d1633f56988695ddf0f411e,db5631a4024d2f2f8cfc05da20276a486ab238e88b01def6283aa9d5c94397a8,
current_comparison_1,comparison,HEAVY_RUC,2050Q1,ensemble,6213ce565cf1f4a058a3ea9f1af4d5476a8b0423a4d8747905c3cba128380ce1,real_gdp_sa_nzd:1.84409e+11->1.88862e+11,1209109071.2491744,1215161296.5984375,replayed,,,none,f908f241829d395d9d1633f56988695ddf0f411e,db5631a4024d2f2f8cfc05da20276a486ab238e88b01def6283aa9d5c94397a8,
current_comparison_1,comparison,HEAVY_RUC,2050Q2,ensemble,6213ce565cf1f4a058a3ea9f1af4d5476a8b0423a4d8747905c3cba128380ce1,real_gdp_sa_nzd:1.85234e+11->1.89706e+11,1175950062.955283,1181827941.883519,replayed,,,none,f908f241829d395d9d1633f56988695ddf0f411e,db5631a4024d2f2f8cfc05da20276a486ab238e88b01def6283aa9d5c94397a8,
current_comparison_1,comparison,HEAVY_RUC,2050Q3,ensemble,6213ce565cf1f4a058a3ea9f1af4d5476a8b0423a4d8747905c3cba128380ce1,real_gdp_sa_nzd:1.86062e+11->1.90554e+11,1190210811.1593385,1196175029.7996697,replayed,,,none,f908f241829d395d9d1633f56988695ddf0f411e,db5631a4024d2f2f8cfc05da20276a486ab238e88b01def6283aa9d5c94397a8,
current_comparison_1,comparison,HEAVY_RUC,2050Q4,ensemble,6213ce565cf1f4a058a3ea9f1af4d5476a8b0423a4d8747905c3cba128380ce1,real_gdp_sa_nzd:1.86893e+11->1.91406e+11,1255815660.7051177,1262149086.8253872,replayed,,,none,f908f241829d395d9d1633f56988695ddf0f411e,db5631a4024d2f2f8cfc05da20276a486ab238e88b01def6283aa9d5c94397a8,
