FY,period,source_path,fed_path,scenario_name,scenario_role,series_id,display_name,section,value,unit,row_role,source_basis,source_file,source_cell,vktpc_source_file,vktpc_source_cell,vktpc_source_status,population_source_file,population_source_cell,population_source_status,source_status,model_id,formula,replacement_only,official_value,residual_vs_official,availability_status,line,model_basis,forecast_path,path_status,value_status,quarters_present,actual_quarters,forecast_quarters,nowcast_flag,demand_activity_isolation_basis,demand_activity_isolation_applied,policy_path_id,policy_state,policy_rate_factor
2025,FY2025,Current finalist High population/comparison,Current planned path,current_basecase_12c_delay_6m,comparison,light_ruc_net_km,Light RUC net km,Key volumes,12273.983872,million km,bridge_input,MBU26 actual anchor,annual_spine.csv,Z5,,,,,,,ACTUAL,dynamic_RESID_GBR_n150_d1_lr0.05_w36,,False,12273.983872,0.0,available,Model path,current_finalist_model,current_finalist_model,current_model_forecast,Actual anchor,2024Q3; 2024Q4; 2025Q1; 2025Q2,2024Q3; 2024Q4; 2025Q1; 2025Q2,,False,diesel_elasticity_to_conventional_ice_only; bev_phev_activity_fixed_to_base,True,baseline_shifted_6m,delay_6m,1.0
2025,FY2025,Current finalist High population/comparison,Current planned path,current_basecase_12c_delay_6m,comparison,heavy_ruc_net_km,Heavy RUC net km,Key volumes,3981.873439,million km,bridge_input,MBU26 actual anchor,annual_spine.csv,Z6,,,,,,,ACTUAL,HEAVY_RUC__VNEXT_SOLVED_CONVEX_TOP4,,False,3981.873439,0.0,available,Model path,current_finalist_model,current_finalist_model,current_model_forecast,Actual anchor,2024Q3; 2024Q4; 2025Q1; 2025Q2,2024Q3; 2024Q4; 2025Q1; 2025Q2,,False,,False,baseline_shifted_6m,delay_6m,1.0
2025,FY2025,Current finalist High population/comparison,Current planned path,current_basecase_12c_delay_6m,comparison,light_bev_ruc_net_km,Light BEV RUC net km,Key volumes,820.641429,million km,bridge_input,MBU26 actual anchor,annual_spine.csv,Z7,,,,,,,ACTUAL,PED__DIAGLAB__B__glsar__ylag1__ar1__wexp; dynamic_RESID_GBR_n150_d1_lr0.05_w36; HEAVY_RUC__VNEXT_SOLVED_CONVEX_TOP4,,False,820.641429,0.0,available,Model path,current_finalist_model,current_finalist_model,current_model_forecast,Actual anchor,2024Q3; 2024Q4; 2025Q1; 2025Q2,2024Q3; 2024Q4; 2025Q1; 2025Q2,,False,diesel_elasticity_to_conventional_ice_only; bev_phev_activity_fixed_to_base,True,baseline_shifted_6m,delay_6m,1.0
2025,FY2025,Current finalist High population/comparison,Current planned path,current_basecase_12c_delay_6m,comparison,heavy_bev_ruc_net_km,Heavy BEV RUC net km,Key volumes,0.0,million km,bridge_input,MBU26 actual anchor,annual_spine.csv,Z8,,,,,,,ACTUAL,,,False,0.0,0.0,available,Model path,current_finalist_model,current_finalist_model,current_model_forecast,Actual anchor,2024Q3; 2024Q4; 2025Q1; 2025Q2,2024Q3; 2024Q4; 2025Q1; 2025Q2,,False,diesel_elasticity_to_conventional_ice_only; bev_phev_activity_fixed_to_base,True,baseline_shifted_6m,delay_6m,1.0
2025,FY2025,Current finalist High population/comparison,Current planned path,current_basecase_12c_delay_6m,comparison,phev_ruc_net_km,PHEV RUC net km,Key volumes,435.117435,million km,bridge_input,MBU26 actual anchor,annual_spine.csv,Z9,,,,,,,ACTUAL,PED__DIAGLAB__B__glsar__ylag1__ar1__wexp; dynamic_RESID_GBR_n150_d1_lr0.05_w36; HEAVY_RUC__VNEXT_SOLVED_CONVEX_TOP4,,False,435.117435,0.0,available,Model path,current_finalist_model,current_finalist_model,current_model_forecast,Actual anchor,2024Q3; 2024Q4; 2025Q1; 2025Q2,2024Q3; 2024Q4; 2025Q1; 2025Q2,,False,diesel_elasticity_to_conventional_ice_only; bev_phev_activity_fixed_to_base,True,baseline_shifted_6m,delay_6m,1.0
2025,FY2025,Current finalist High population/comparison,Current planned path,current_basecase_12c_delay_6m,comparison,ped_volume,PED volume,Key volumes,2894.27382723066,million litres,bridge_input,MBU26 actual anchor,annual_spine.csv,Z10,forecast_scenario_comparison.parquet,data/current_revenue_outlook/revenue_chart_rows.csv:historical_actual:2024Q3; data/current_revenue_outlook/revenue_chart_rows.csv:historical_actual:2024Q4; data/current_revenue_outlook/revenue_chart_rows.csv:historical_actual:2025Q1; data/current_revenue_outlook/revenue_chart_rows.csv:historical_actual:2025Q2,current_finalist_model,scenario_inputs/scenario_input_wide.parquet,scenario_inputs/scenario_input_wide.parquet:PED:population (none); mbu26_official_annual.csv:population_proxy (2024Q3; 2024Q4; 2025Q1; 2025Q2),scenario_input_population_with_mbu_population_proxy_for_missing_quarters,ACTUAL,PED__DIAGLAB__B__glsar__ylag1__ar1__wexp,,False,2894.27382723066,0.0,available,Model path,current_finalist_model,current_finalist_model,current_model_forecast,Actual anchor,2024Q3; 2024Q4; 2025Q1; 2025Q2,2024Q3; 2024Q4; 2025Q1; 2025Q2,,False,,False,baseline_shifted_6m,delay_6m,1.0
2025,FY2025,Current finalist High population/comparison,Current planned path,current_basecase_12c_delay_6m,comparison,light_petrol_vkt,Light petrol VKT,Key volumes,31704.7370711529,million km,bridge_input,MBU26 actual anchor,annual_spine.csv,Z11,forecast_scenario_comparison.parquet,data/current_revenue_outlook/revenue_chart_rows.csv:historical_actual:2024Q3; data/current_revenue_outlook/revenue_chart_rows.csv:historical_actual:2024Q4; data/current_revenue_outlook/revenue_chart_rows.csv:historical_actual:2025Q1; data/current_revenue_outlook/revenue_chart_rows.csv:historical_actual:2025Q2,current_finalist_model,scenario_inputs/scenario_input_wide.parquet,scenario_inputs/scenario_input_wide.parquet:PED:population (none); mbu26_official_annual.csv:population_proxy (2024Q3; 2024Q4; 2025Q1; 2025Q2),scenario_input_population_with_mbu_population_proxy_for_missing_quarters,ACTUAL,,,False,31704.7370711529,0.0,available,Model path,current_finalist_model,current_finalist_model,current_model_forecast,Actual anchor,2024Q3; 2024Q4; 2025Q1; 2025Q2,2024Q3; 2024Q4; 2025Q1; 2025Q2,,False,,False,baseline_shifted_6m,delay_6m,1.0
2025,FY2025,Current finalist High population/comparison,Current planned path,current_basecase_12c_delay_6m,comparison,ped_vkt_per_capita,PED VKT per capita,Key volumes,5973.0514101063,km/person,bridge_input,MBU26 actual anchor,annual_spine.csv,Z12,forecast_scenario_comparison.parquet,data/current_revenue_outlook/revenue_chart_rows.csv:historical_actual:2024Q3; data/current_revenue_outlook/revenue_chart_rows.csv:historical_actual:2024Q4; data/current_revenue_outlook/revenue_chart_rows.csv:historical_actual:2025Q1; data/current_revenue_outlook/revenue_chart_rows.csv:historical_actual:2025Q2,current_finalist_model,,,,ACTUAL,PED__DIAGLAB__B__glsar__ylag1__ar1__wexp,,False,5973.0514101063,0.0,available,Model path,current_finalist_model,current_finalist_model,current_model_forecast,Actual anchor,2024Q3; 2024Q4; 2025Q1; 2025Q2,2024Q3; 2024Q4; 2025Q1; 2025Q2,,False,,False,baseline_shifted_6m,delay_6m,1.0
2025,FY2025,Current finalist High population/comparison,Current planned path,current_basecase_12c_delay_6m,comparison,tuc_gtk,TUC GTK,Key volumes,8016352797.0,tonne-km,bridge_input,MBU26 actual anchor,annual_spine.csv,Z13,,,,,,,ACTUAL,,,False,8016352797.0,0.0,available,Model path,current_finalist_model,current_finalist_model,current_model_forecast,Actual anchor,2024Q3; 2024Q4; 2025Q1; 2025Q2,2024Q3; 2024Q4; 2025Q1; 2025Q2,,False,,False,baseline_shifted_6m,delay_6m,1.0
2025,FY2025,Current finalist High population/comparison,Current planned path,current_basecase_12c_delay_6m,comparison,light_ruc_net_revenue,Light RUC revenue,RUC,830.974453217391,$m nominal ex GST,replacement_line,MBU26 actual anchor,annual_spine.csv,Z28,,,,,,,ACTUAL,dynamic_RESID_GBR_n150_d1_lr0.05_w36,,True,830.974453217391,0.0,available,Model path,current_finalist_model,current_finalist_model,current_model_forecast,Actual anchor,2024Q3; 2024Q4; 2025Q1; 2025Q2,2024Q3; 2024Q4; 2025Q1; 2025Q2,,False,diesel_elasticity_to_conventional_ice_only; bev_phev_activity_fixed_to_base,True,baseline_shifted_6m,delay_6m,1.0
2025,FY2025,Current finalist High population/comparison,Current planned path,current_basecase_12c_delay_6m,comparison,heavy_ruc_net_revenue,Heavy RUC revenue,RUC,1109.95026251304,$m nominal ex GST,replacement_line,MBU26 actual anchor,annual_spine.csv,Z29,,,,,,,ACTUAL,HEAVY_RUC__VNEXT_SOLVED_CONVEX_TOP4,,True,1109.95026251304,0.0,available,Model path,current_finalist_model,current_finalist_model,current_model_forecast,Actual anchor,2024Q3; 2024Q4; 2025Q1; 2025Q2,2024Q3; 2024Q4; 2025Q1; 2025Q2,,False,,False,baseline_shifted_6m,delay_6m,1.0
2025,FY2025,Current finalist High population/comparison,Current planned path,current_basecase_12c_delay_6m,comparison,light_bev_ruc_net_revenue,Light BEV RUC net revenue,RUC,55.4022559304348,$m nominal ex GST,replacement_line,MBU26 actual anchor,annual_spine.csv,Z30,,,,,,,ACTUAL,PED__DIAGLAB__B__glsar__ylag1__ar1__wexp; dynamic_RESID_GBR_n150_d1_lr0.05_w36; HEAVY_RUC__VNEXT_SOLVED_CONVEX_TOP4,,True,55.4022559304348,0.0,available,Model path,current_finalist_model,current_finalist_model,current_model_forecast,Actual anchor,2024Q3; 2024Q4; 2025Q1; 2025Q2,2024Q3; 2024Q4; 2025Q1; 2025Q2,,False,diesel_elasticity_to_conventional_ice_only; bev_phev_activity_fixed_to_base,True,baseline_shifted_6m,delay_6m,1.0
2025,FY2025,Current finalist High population/comparison,Current planned path,current_basecase_12c_delay_6m,comparison,heavy_bev_ruc_net_revenue,Heavy BEV RUC net revenue,RUC,0.0,$m nominal ex GST,leaf,MBU26 actual anchor,annual_spine.csv,Z31,,,,,,,ACTUAL,,,False,0.0,0.0,available,Model path,current_finalist_model,current_finalist_model,current_model_forecast,Actual anchor,2024Q3; 2024Q4; 2025Q1; 2025Q2,2024Q3; 2024Q4; 2025Q1; 2025Q2,,False,diesel_elasticity_to_conventional_ice_only; bev_phev_activity_fixed_to_base,True,baseline_shifted_6m,delay_6m,1.0
2025,FY2025,Current finalist High population/comparison,Current planned path,current_basecase_12c_delay_6m,comparison,phev_ruc_net_revenue,PHEV RUC net revenue,RUC,15.1075641391304,$m nominal ex GST,replacement_line,MBU26 actual anchor,annual_spine.csv,Z32,,,,,,,ACTUAL,PED__DIAGLAB__B__glsar__ylag1__ar1__wexp; dynamic_RESID_GBR_n150_d1_lr0.05_w36; HEAVY_RUC__VNEXT_SOLVED_CONVEX_TOP4,,True,15.1075641391304,0.0,available,Model path,current_finalist_model,current_finalist_model,current_model_forecast,Actual anchor,2024Q3; 2024Q4; 2025Q1; 2025Q2,2024Q3; 2024Q4; 2025Q1; 2025Q2,,False,diesel_elasticity_to_conventional_ice_only; bev_phev_activity_fixed_to_base,True,baseline_shifted_6m,delay_6m,1.0
2025,FY2025,Current finalist High population/comparison,Current planned path,current_basecase_12c_delay_6m,comparison,ruc_refunds,RUC refunds,RUC,62.55622679,$m nominal ex GST,deduction,MBU26 actual anchor,annual_spine.csv,Z33,,,,,,,ACTUAL,,,False,62.55622679,0.0,available,Model path,current_finalist_model,current_finalist_model,current_model_forecast,Actual anchor,2024Q3; 2024Q4; 2025Q1; 2025Q2,2024Q3; 2024Q4; 2025Q1; 2025Q2,,False,,False,baseline_shifted_6m,delay_6m,1.0
2025,FY2025,Current finalist High population/comparison,Current planned path,current_basecase_12c_delay_6m,comparison,gross_ruc_revenue,Gross RUC revenue,RUC,2073.990762589996,$m nominal ex GST,calculated_rollup,MBU26 actual anchor,annual_spine.csv,Z34,,,,,,,ACTUAL,,light_ruc_net_revenue + heavy_ruc_net_revenue + light_bev_ruc_net_revenue + heavy_bev_ruc_net_revenue + phev_ruc_net_revenue + ruc_refunds,False,2073.99076259,0.0,available,Model path,current_finalist_model,current_finalist_model,current_model_forecast,Actual anchor,2024Q3; 2024Q4; 2025Q1; 2025Q2,2024Q3; 2024Q4; 2025Q1; 2025Q2,,False,,False,baseline_shifted_6m,delay_6m,1.0
2025,FY2025,Current finalist High population/comparison,Current planned path,current_basecase_12c_delay_6m,comparison,ruc_admin_revenue,RUC admin revenue,RUC,32.2658680521739,$m nominal ex GST,deduction,MBU26 actual anchor,annual_spine.csv,Z35,,,,,,,ACTUAL,,,False,32.2658680521739,0.0,available,Model path,current_finalist_model,current_finalist_model,current_model_forecast,Actual anchor,2024Q3; 2024Q4; 2025Q1; 2025Q2,2024Q3; 2024Q4; 2025Q1; 2025Q2,,False,,False,baseline_shifted_6m,delay_6m,1.0
2025,FY2025,Current finalist High population/comparison,Current planned path,current_basecase_12c_delay_6m,comparison,ruc_revenue_net_admin,RUC revenues net of admin fees,RUC,2041.7248945378221,$m nominal ex GST,calculated_rollup,MBU26 actual anchor,annual_spine.csv,Z36,,,,,,,ACTUAL,,gross_ruc_revenue - ruc_admin_revenue,False,2041.72489453783,0.0,available,Model path,current_finalist_model,current_finalist_model,current_model_forecast,Actual anchor,2024Q3; 2024Q4; 2025Q1; 2025Q2,2024Q3; 2024Q4; 2025Q1; 2025Q2,,False,,False,baseline_shifted_6m,delay_6m,1.0
2025,FY2025,Current finalist High population/comparison,Current planned path,current_basecase_12c_delay_6m,comparison,total_ruc_net_revenue,Total RUC all classes,RUC,1979.1686677478222,$m nominal ex GST,calculated_rollup,MBU26 actual anchor,annual_spine.csv,Z37,,,,,,,ACTUAL,PED__DIAGLAB__B__glsar__ylag1__ar1__wexp; dynamic_RESID_GBR_n150_d1_lr0.05_w36; HEAVY_RUC__VNEXT_SOLVED_CONVEX_TOP4,ruc_revenue_net_admin - ruc_refunds,False,1979.16866774783,0.0,available,Model path,current_finalist_model,current_finalist_model,current_model_forecast,Actual anchor,2024Q3; 2024Q4; 2025Q1; 2025Q2,2024Q3; 2024Q4; 2025Q1; 2025Q2,,False,,False,baseline_shifted_6m,delay_6m,1.0
2025,FY2025,Current finalist High population/comparison,Current planned path,current_basecase_12c_delay_6m,comparison,gross_ped_revenue,PED revenue,FED,2026.68630478,$m nominal ex GST,replacement_line,MBU26 actual anchor,annual_spine.csv,Z40,forecast_scenario_comparison.parquet,data/current_revenue_outlook/revenue_chart_rows.csv:historical_actual:2024Q3; data/current_revenue_outlook/revenue_chart_rows.csv:historical_actual:2024Q4; data/current_revenue_outlook/revenue_chart_rows.csv:historical_actual:2025Q1; data/current_revenue_outlook/revenue_chart_rows.csv:historical_actual:2025Q2,current_finalist_model,scenario_inputs/scenario_input_wide.parquet,scenario_inputs/scenario_input_wide.parquet:PED:population (none); mbu26_official_annual.csv:population_proxy (2024Q3; 2024Q4; 2025Q1; 2025Q2),scenario_input_population_with_mbu_population_proxy_for_missing_quarters,ACTUAL,PED__DIAGLAB__B__glsar__ylag1__ar1__wexp,,True,2026.68630478,0.0,available,Model path,current_finalist_model,current_finalist_model,current_model_forecast,Actual anchor,2024Q3; 2024Q4; 2025Q1; 2025Q2,2024Q3; 2024Q4; 2025Q1; 2025Q2,,False,,False,baseline_shifted_6m,delay_6m,1.0
2025,FY2025,Current finalist High population/comparison,Current planned path,current_basecase_12c_delay_6m,comparison,gross_lpg_revenue,Gross LPG revenue,FED,40.94161913,$m nominal ex GST,leaf,MBU26 actual anchor,annual_spine.csv,Z41,,,,,,,ACTUAL,,,False,40.94161913,0.0,available,Model path,current_finalist_model,current_finalist_model,current_model_forecast,Actual anchor,2024Q3; 2024Q4; 2025Q1; 2025Q2,2024Q3; 2024Q4; 2025Q1; 2025Q2,,False,,False,baseline_shifted_6m,delay_6m,1.0
2025,FY2025,Current finalist High population/comparison,Current planned path,current_basecase_12c_delay_6m,comparison,gross_cng_revenue,Gross CNG revenue,FED,0.0,$m nominal ex GST,leaf,MBU26 actual anchor,annual_spine.csv,Z42,,,,,,,ACTUAL,,,False,0.0,0.0,available,Model path,current_finalist_model,current_finalist_model,current_model_forecast,Actual anchor,2024Q3; 2024Q4; 2025Q1; 2025Q2,2024Q3; 2024Q4; 2025Q1; 2025Q2,,False,,False,baseline_shifted_6m,delay_6m,1.0
2025,FY2025,Current finalist High population/comparison,Current planned path,current_basecase_12c_delay_6m,comparison,gross_fed_revenue,Gross FED revenue,FED,2067.62792391,$m nominal ex GST,calculated_rollup,MBU26 actual anchor,annual_spine.csv,Z43,,,,,,,ACTUAL,PED__DIAGLAB__B__glsar__ylag1__ar1__wexp,gross_ped_revenue + gross_lpg_revenue + gross_cng_revenue,False,2067.62792391,0.0,available,Model path,current_finalist_model,current_finalist_model,current_model_forecast,Actual anchor,2024Q3; 2024Q4; 2025Q1; 2025Q2,2024Q3; 2024Q4; 2025Q1; 2025Q2,,False,,False,baseline_shifted_6m,delay_6m,1.0
2025,FY2025,Current finalist High population/comparison,Current planned path,current_basecase_12c_delay_6m,comparison,fed_refunds,FED refunds,FED,69.90077731,$m nominal ex GST,deduction,MBU26 actual anchor,annual_spine.csv,Z44,,,,,,,ACTUAL,,,False,69.90077731,0.0,available,Model path,current_finalist_model,current_finalist_model,current_model_forecast,Actual anchor,2024Q3; 2024Q4; 2025Q1; 2025Q2,2024Q3; 2024Q4; 2025Q1; 2025Q2,,False,,False,baseline_shifted_6m,delay_6m,1.0
2025,FY2025,Current finalist High population/comparison,Current planned path,current_basecase_12c_delay_6m,comparison,net_fed_revenue,Net FED revenue,FED,1997.7271466,$m nominal ex GST,calculated_rollup,MBU26 actual anchor,annual_spine.csv,Z45,,,,,,,ACTUAL,PED__DIAGLAB__B__glsar__ylag1__ar1__wexp,gross_fed_revenue - fed_refunds,False,1997.7271466,0.0,available,Model path,current_finalist_model,current_finalist_model,current_model_forecast,Actual anchor,2024Q3; 2024Q4; 2025Q1; 2025Q2,2024Q3; 2024Q4; 2025Q1; 2025Q2,,False,,False,baseline_shifted_6m,delay_6m,1.0
2025,FY2025,Current finalist High population/comparison,Current planned path,current_basecase_12c_delay_6m,comparison,mr1_revenue,MR1 revenue,MVR,329.940070075217,$m nominal ex GST,leaf,MBU26 actual anchor,annual_spine.csv,Z48,,,,,,,ACTUAL,,,False,329.940070075217,0.0,available,Model path,current_finalist_model,current_finalist_model,current_model_forecast,Actual anchor,2024Q3; 2024Q4; 2025Q1; 2025Q2,2024Q3; 2024Q4; 2025Q1; 2025Q2,,False,,False,baseline_shifted_6m,delay_6m,1.0
2025,FY2025,Current finalist High population/comparison,Current planned path,current_basecase_12c_delay_6m,comparison,mr2_revenue,MR2 revenue,MVR,29.65313102,$m nominal ex GST,leaf,MBU26 actual anchor,annual_spine.csv,Z49,,,,,,,ACTUAL,,,False,29.65313102,0.0,available,Model path,current_finalist_model,current_finalist_model,current_model_forecast,Actual anchor,2024Q3; 2024Q4; 2025Q1; 2025Q2,2024Q3; 2024Q4; 2025Q1; 2025Q2,,False,,False,baseline_shifted_6m,delay_6m,1.0
2025,FY2025,Current finalist High population/comparison,Current planned path,current_basecase_12c_delay_6m,comparison,coo_revenue,MR13,MVR,-9.64521739130434e-05,$m nominal ex GST,deduction,MBU26 actual anchor,annual_spine.csv,Z50,,,,,,,ACTUAL,,,False,-9.64521739130434e-05,0.0,available,Model path,current_finalist_model,current_finalist_model,current_model_forecast,Actual anchor,2024Q3; 2024Q4; 2025Q1; 2025Q2,2024Q3; 2024Q4; 2025Q1; 2025Q2,,False,,False,baseline_shifted_6m,delay_6m,1.0
2025,FY2025,Current finalist High population/comparison,Current planned path,current_basecase_12c_delay_6m,comparison,gross_mvr_revenue,Gross MVR revenue,MVR,359.5931046430431,$m nominal ex GST,calculated_rollup,MBU26 actual anchor,annual_spine.csv,Z51,,,,,,,ACTUAL,,mr1_revenue + mr2_revenue + coo_revenue,False,359.593104643043,0.0,available,Model path,current_finalist_model,current_finalist_model,current_model_forecast,Actual anchor,2024Q3; 2024Q4; 2025Q1; 2025Q2,2024Q3; 2024Q4; 2025Q1; 2025Q2,,False,,False,baseline_shifted_6m,delay_6m,1.0
2025,FY2025,Current finalist High population/comparison,Current planned path,current_basecase_12c_delay_6m,comparison,mvr_admin_revenue,MVR admin revenue,MVR,71.7641373652173,$m nominal ex GST,deduction,MBU26 actual anchor,annual_spine.csv,Z52,,,,,,,ACTUAL,,,False,71.7641373652173,0.0,available,Model path,current_finalist_model,current_finalist_model,current_model_forecast,Actual anchor,2024Q3; 2024Q4; 2025Q1; 2025Q2,2024Q3; 2024Q4; 2025Q1; 2025Q2,,False,,False,baseline_shifted_6m,delay_6m,1.0
2025,FY2025,Current finalist High population/comparison,Current planned path,current_basecase_12c_delay_6m,comparison,mvr_revenue_net_admin_coo,MVR revenues net of admin fees and COO,MVR,287.82906372999975,$m nominal ex GST,calculated_rollup,MBU26 actual anchor,annual_spine.csv,Z53,,,,,,,ACTUAL,,mr1_revenue + mr2_revenue - mvr_admin_revenue,False,287.82906373,0.0,available,Model path,current_finalist_model,current_finalist_model,current_model_forecast,Actual anchor,2024Q3; 2024Q4; 2025Q1; 2025Q2,2024Q3; 2024Q4; 2025Q1; 2025Q2,,False,,False,baseline_shifted_6m,delay_6m,1.0
2025,FY2025,Current finalist High population/comparison,Current planned path,current_basecase_12c_delay_6m,comparison,mvr_refunds,MVR refunds,MVR,1.03557262,$m nominal ex GST,deduction,MBU26 actual anchor,annual_spine.csv,Z54,,,,,,,ACTUAL,,,False,1.03557262,0.0,available,Model path,current_finalist_model,current_finalist_model,current_model_forecast,Actual anchor,2024Q3; 2024Q4; 2025Q1; 2025Q2,2024Q3; 2024Q4; 2025Q1; 2025Q2,,False,,False,baseline_shifted_6m,delay_6m,1.0
2025,FY2025,Current finalist High population/comparison,Current planned path,current_basecase_12c_delay_6m,comparison,net_mvr_revenue,Net MVR revenue,MVR,286.79349110999976,$m nominal ex GST,calculated_rollup,MBU26 actual anchor,annual_spine.csv,Z55,,,,,,,ACTUAL,,mvr_revenue_net_admin_coo - mvr_refunds,False,286.79349111,0.0,available,Model path,current_finalist_model,current_finalist_model,current_model_forecast,Actual anchor,2024Q3; 2024Q4; 2025Q1; 2025Q2,2024Q3; 2024Q4; 2025Q1; 2025Q2,,False,,False,baseline_shifted_6m,delay_6m,1.0
2025,FY2025,Current finalist High population/comparison,Current planned path,current_basecase_12c_delay_6m,comparison,tuc_net_revenue,TUC net revenue,TUC,17.09481038,$m nominal ex GST,leaf,MBU26 actual anchor,annual_spine.csv,Z58,,,,,,,ACTUAL,,,False,17.09481038,0.0,available,Model path,current_finalist_model,current_finalist_model,current_model_forecast,Actual anchor,2024Q3; 2024Q4; 2025Q1; 2025Q2,2024Q3; 2024Q4; 2025Q1; 2025Q2,,False,,False,baseline_shifted_6m,delay_6m,1.0
2025,FY2025,Current finalist High population/comparison,Current planned path,current_basecase_12c_delay_6m,comparison,total_gross_revenue,Total gross revenues,Totals,4518.306601523039,$m nominal ex GST,calculated_rollup,MBU26 actual anchor,annual_spine.csv,Z61,,,,,,,ACTUAL,,gross_ruc_revenue + gross_fed_revenue + gross_mvr_revenue + tuc_net_revenue,False,4518.30660152304,0.0,available,Model path,current_finalist_model,current_finalist_model,current_model_forecast,Actual anchor,2024Q3; 2024Q4; 2025Q1; 2025Q2,2024Q3; 2024Q4; 2025Q1; 2025Q2,,False,,False,baseline_shifted_6m,delay_6m,1.0
2025,FY2025,Current finalist High population/comparison,Current planned path,current_basecase_12c_delay_6m,comparison,total_admin_fees,Total admin fees,Totals,104.02990896521729,$m nominal ex GST,calculated_rollup,MBU26 actual anchor,annual_spine.csv,Z62,,,,,,,ACTUAL,,ruc_admin_revenue + mvr_admin_revenue + coo_revenue,False,104.029908965217,0.0,available,Model path,current_finalist_model,current_finalist_model,current_model_forecast,Actual anchor,2024Q3; 2024Q4; 2025Q1; 2025Q2,2024Q3; 2024Q4; 2025Q1; 2025Q2,,False,,False,baseline_shifted_6m,delay_6m,1.0
2025,FY2025,Current finalist High population/comparison,Current planned path,current_basecase_12c_delay_6m,comparison,total_revenue_net_admin,Total revenues net of admin fees,Totals,4414.276692557822,$m nominal ex GST,calculated_rollup,MBU26 actual anchor,annual_spine.csv,Z63,,,,,,,ACTUAL,,total_gross_revenue - total_admin_fees,False,4414.27669255783,0.0,available,Model path,current_finalist_model,current_finalist_model,current_model_forecast,Actual anchor,2024Q3; 2024Q4; 2025Q1; 2025Q2,2024Q3; 2024Q4; 2025Q1; 2025Q2,,False,,False,baseline_shifted_6m,delay_6m,1.0
2025,FY2025,Current finalist High population/comparison,Current planned path,current_basecase_12c_delay_6m,comparison,total_refunds,Total refunds,Totals,133.49257672,$m nominal ex GST,calculated_rollup,MBU26 actual anchor,annual_spine.csv,Z64,,,,,,,ACTUAL,,ruc_refunds + fed_refunds + mvr_refunds,False,133.49257672,0.0,available,Model path,current_finalist_model,current_finalist_model,current_model_forecast,Actual anchor,2024Q3; 2024Q4; 2025Q1; 2025Q2,2024Q3; 2024Q4; 2025Q1; 2025Q2,,False,,False,baseline_shifted_6m,delay_6m,1.0
2025,FY2025,Current finalist High population/comparison,Current planned path,current_basecase_12c_delay_6m,comparison,total_nltf_net_revenue,Total NLTF revenue,Totals,4280.784115837821,$m nominal ex GST,calculated_rollup,MBU26 actual anchor,annual_spine.csv,Z65,,,,,,,ACTUAL,PED__DIAGLAB__B__glsar__ylag1__ar1__wexp; dynamic_RESID_GBR_n150_d1_lr0.05_w36; HEAVY_RUC__VNEXT_SOLVED_CONVEX_TOP4,total_revenue_net_admin - total_refunds,False,4280.78411583783,0.0,available,Model path,current_finalist_model,current_finalist_model,current_model_forecast,Actual anchor,2024Q3; 2024Q4; 2025Q1; 2025Q2,2024Q3; 2024Q4; 2025Q1; 2025Q2,,False,,False,baseline_shifted_6m,delay_6m,1.0
2025,FY2025,Current finalist High population/comparison,Current planned path,current_basecase_12c_delay_6m,comparison,current_light_ruc_conventional_modelled_km,Current finalist Light RUC conventional modelled km,Key volumes,13529.742736,million km,audit_only,MBU26 actual anchor total light-RUC universe,mbu26_official_annual.csv,Z5; Z7; Z9,,,,,,,ACTUAL,dynamic_RESID_GBR_n150_d1_lr0.05_w36,MBU26 actual light_ruc_net_km + light_bev_ruc_net_km + phev_ruc_net_km,False,13529.742736,0.0,available,Model path,current_finalist_model,current_finalist_model,current_model_forecast,Actual anchor,2024Q3; 2024Q4; 2025Q1; 2025Q2,2024Q3; 2024Q4; 2025Q1; 2025Q2,,False,diesel_elasticity_to_conventional_ice_only; bev_phev_activity_fixed_to_base,True,baseline_shifted_6m,delay_6m,1.0
2025,FY2025,Current finalist High population/comparison,Current planned path,current_basecase_12c_delay_6m,comparison,total_fed_ruc_net_revenue,Total RUC+PED revenue,Derived totals,3976.895814347822,$m nominal ex GST,calculated_rollup,MBU26 actual anchor,row_reconciliation.csv,Z45; Z37,,,,,,,ACTUAL,PED__DIAGLAB__B__glsar__ylag1__ar1__wexp; dynamic_RESID_GBR_n150_d1_lr0.05_w36; HEAVY_RUC__VNEXT_SOLVED_CONVEX_TOP4,net_fed_revenue + total_ruc_net_revenue,False,3976.8958143478303,0.0,available,Model path,current_finalist_model,current_finalist_model,current_model_forecast,Actual anchor,2024Q3; 2024Q4; 2025Q1; 2025Q2,2024Q3; 2024Q4; 2025Q1; 2025Q2,,False,,False,baseline_shifted_6m,delay_6m,1.0
2026,FY2026,Current finalist High population/comparison,Current planned path,current_basecase_12c_delay_6m,comparison,light_ruc_net_km,Light RUC net km,Key volumes,12790.77960359724,million km,bridge_input,raw AR(1) PED VKT per capita x scenario-input population; raw Light RUC conventional model forecast expanded by MoT VFM 202405 Base uptake shares (conventional_anchor_vfm_composition_v1),forecast_scenario_comparison.parquet; mbu26_official_annual.csv,data/current_revenue_outlook/revenue_chart_rows.csv:historical_actual:2025Q3; data/current_revenue_outlook/revenue_chart_rows.csv:historical_actual:2025Q4; data/current_revenue_outlook/revenue_chart_rows.csv:current_basecase_12c_delay_6m:2026Q1; data/current_revenue_outlook/revenue_chart_rows.csv:current_basecase_12c_delay_6m:2026Q2; data/current_revenue_outlook/revenue_chart_rows.csv:historical_actual:2025Q3; data/current_revenue_outlook/revenue_chart_rows.csv:historical_actual:2025Q4; data/current_revenue_outlook/revenue_chart_rows.csv:historical_actual:2026Q1; data/current_revenue_outlook/revenue_chart_rows.csv:current_basecase_12c_delay_6m:2026Q2; scenario_inputs/scenario_input_wide.parquet:PED:population (2026Q1; 2026Q2); mbu26_official_annual.csv:population_proxy (2025Q3; 2025Q4); VFM 202405 Base uptake shares; MBU26 rate cells AA5; AA7; AA9,,,,,,,source_backed,dynamic_RESID_GBR_n150_d1_lr0.05_w36,raw Light RUC conventional model forecast (preserved exactly under the Base uptake basis),False,12707.9889982716,82.79060532564108,available,Model path,current_finalist_model,current_finalist_model,current_model_forecast,Current-finalist FY nowcast (3 actual + 1 forecast),2025Q3; 2025Q4; 2026Q1; 2026Q2,2025Q3; 2025Q4; 2026Q1,2026Q2,True,diesel_elasticity_to_conventional_ice_only; bev_phev_activity_fixed_to_base,True,baseline_shifted_6m,delay_6m,1.0
2026,FY2026,Current finalist High population/comparison,Current planned path,current_basecase_12c_delay_6m,comparison,heavy_ruc_net_km,Heavy RUC net km,Key volumes,4062.241798831312,million km,bridge_input,current_finalist_model,forecast_scenario_comparison.parquet,data/current_revenue_outlook/revenue_chart_rows.csv:historical_actual:2025Q3; data/current_revenue_outlook/revenue_chart_rows.csv:historical_actual:2025Q4; data/current_revenue_outlook/revenue_chart_rows.csv:historical_actual:2026Q1; data/current_revenue_outlook/revenue_chart_rows.csv:current_basecase_12c_delay_6m:2026Q2,,,,,,,source_backed,HEAVY_RUC__VNEXT_SOLVED_CONVEX_TOP4,sum quarterly current finalist Heavy RUC net km,False,4099.61725114751,-37.37545231619788,available,Model path,current_finalist_model,current_finalist_model,current_model_forecast,Current-finalist FY nowcast (3 actual + 1 forecast),2025Q3; 2025Q4; 2026Q1; 2026Q2,2025Q3; 2025Q4; 2026Q1,2026Q2,True,,False,baseline_shifted_6m,delay_6m,1.0
2026,FY2026,Current finalist High population/comparison,Current planned path,current_basecase_12c_delay_6m,comparison,light_bev_ruc_net_km,Light BEV RUC net km,Key volumes,1237.1740107408812,million km,bridge_input,raw AR(1) PED VKT per capita x scenario-input population; raw Light RUC conventional model forecast expanded by MoT VFM 202405 Base uptake shares (conventional_anchor_vfm_composition_v1),forecast_scenario_comparison.parquet; mbu26_official_annual.csv,data/current_revenue_outlook/revenue_chart_rows.csv:historical_actual:2025Q3; data/current_revenue_outlook/revenue_chart_rows.csv:historical_actual:2025Q4; data/current_revenue_outlook/revenue_chart_rows.csv:current_basecase_12c_delay_6m:2026Q1; data/current_revenue_outlook/revenue_chart_rows.csv:current_basecase_12c_delay_6m:2026Q2; data/current_revenue_outlook/revenue_chart_rows.csv:historical_actual:2025Q3; data/current_revenue_outlook/revenue_chart_rows.csv:historical_actual:2025Q4; data/current_revenue_outlook/revenue_chart_rows.csv:historical_actual:2026Q1; data/current_revenue_outlook/revenue_chart_rows.csv:current_basecase_12c_delay_6m:2026Q2; scenario_inputs/scenario_input_wide.parquet:PED:population (2026Q1; 2026Q2); mbu26_official_annual.csv:population_proxy (2025Q3; 2025Q4); VFM 202405 Base uptake shares; MBU26 rate cells AA5; AA7; AA9,,,,,,,source_backed,PED__DIAGLAB__B__glsar__ylag1__ar1__wexp; dynamic_RESID_GBR_n150_d1_lr0.05_w36; HEAVY_RUC__VNEXT_SOLVED_CONVEX_TOP4,base pool (conventional / VFM Base conventional share) * VFM Base Light BEV share,False,1209.37911079624,27.7948999446412,available,Model path,current_finalist_model,current_finalist_model,current_model_forecast,Current-finalist FY nowcast (2 actual + 2 forecast),2025Q3; 2025Q4; 2026Q1; 2026Q2,2025Q3; 2025Q4,2026Q1; 2026Q2,True,diesel_elasticity_to_conventional_ice_only; bev_phev_activity_fixed_to_base,True,baseline_shifted_6m,delay_6m,1.0
2026,FY2026,Current finalist High population/comparison,Current planned path,current_basecase_12c_delay_6m,comparison,heavy_bev_ruc_net_km,Heavy BEV RUC net km,Key volumes,0.0,million km,bridge_input,MBU26 official fixed component,annual_spine.csv,AA8,,,,,,,source_backed,,nan,False,0.0,0.0,available,Model path,current_finalist_model,current_finalist_model,current_model_forecast,Current-finalist FY nowcast (2 actual + 2 forecast),2025Q3; 2025Q4; 2026Q1; 2026Q2,2025Q3; 2025Q4,2026Q1; 2026Q2,True,diesel_elasticity_to_conventional_ice_only; bev_phev_activity_fixed_to_base,True,baseline_shifted_6m,delay_6m,1.0
2026,FY2026,Current finalist High population/comparison,Current planned path,current_basecase_12c_delay_6m,comparison,phev_ruc_net_km,PHEV RUC net km,Key volumes,647.8799985547679,million km,bridge_input,raw AR(1) PED VKT per capita x scenario-input population; raw Light RUC conventional model forecast expanded by MoT VFM 202405 Base uptake shares (conventional_anchor_vfm_composition_v1),forecast_scenario_comparison.parquet; mbu26_official_annual.csv,data/current_revenue_outlook/revenue_chart_rows.csv:historical_actual:2025Q3; data/current_revenue_outlook/revenue_chart_rows.csv:historical_actual:2025Q4; data/current_revenue_outlook/revenue_chart_rows.csv:current_basecase_12c_delay_6m:2026Q1; data/current_revenue_outlook/revenue_chart_rows.csv:current_basecase_12c_delay_6m:2026Q2; data/current_revenue_outlook/revenue_chart_rows.csv:historical_actual:2025Q3; data/current_revenue_outlook/revenue_chart_rows.csv:historical_actual:2025Q4; data/current_revenue_outlook/revenue_chart_rows.csv:historical_actual:2026Q1; data/current_revenue_outlook/revenue_chart_rows.csv:current_basecase_12c_delay_6m:2026Q2; scenario_inputs/scenario_input_wide.parquet:PED:population (2026Q1; 2026Q2); mbu26_official_annual.csv:population_proxy (2025Q3; 2025Q4); VFM 202405 Base uptake shares; MBU26 rate cells AA5; AA7; AA9,,,,,,,source_backed,PED__DIAGLAB__B__glsar__ylag1__ar1__wexp; dynamic_RESID_GBR_n150_d1_lr0.05_w36; HEAVY_RUC__VNEXT_SOLVED_CONVEX_TOP4,base pool (conventional / VFM Base conventional share) * VFM Base PHEV share,False,633.39411052937,14.485888025397912,available,Model path,current_finalist_model,current_finalist_model,current_model_forecast,Current-finalist FY nowcast (2 actual + 2 forecast),2025Q3; 2025Q4; 2026Q1; 2026Q2,2025Q3; 2025Q4,2026Q1; 2026Q2,True,diesel_elasticity_to_conventional_ice_only; bev_phev_activity_fixed_to_base,True,baseline_shifted_6m,delay_6m,1.0
2026,FY2026,Current finalist High population/comparison,Current planned path,current_basecase_12c_delay_6m,comparison,ped_volume,PED volume,Key volumes,3051.149074822381,million litres,bridge_input,raw AR(1) PED VKT/capita + scenario-input population (scenario_input_population_with_mbu_population_proxy_for_missing_quarters) + MBU26 intensity,forecast_scenario_comparison.parquet; scenario_inputs/scenario_input_wide.parquet; mbu26_official_annual.csv,data/current_revenue_outlook/revenue_chart_rows.csv:historical_actual:2025Q3; data/current_revenue_outlook/revenue_chart_rows.csv:historical_actual:2025Q4; data/current_revenue_outlook/revenue_chart_rows.csv:current_basecase_12c_delay_6m:2026Q1; data/current_revenue_outlook/revenue_chart_rows.csv:current_basecase_12c_delay_6m:2026Q2; data/current_revenue_outlook/revenue_chart_rows.csv:historical_actual:2025Q3; data/current_revenue_outlook/revenue_chart_rows.csv:historical_actual:2025Q4; data/current_revenue_outlook/revenue_chart_rows.csv:historical_actual:2026Q1; data/current_revenue_outlook/revenue_chart_rows.csv:current_basecase_12c_delay_6m:2026Q2; scenario_inputs/scenario_input_wide.parquet:PED:population (2026Q1; 2026Q2); mbu26_official_annual.csv:population_proxy (2025Q3; 2025Q4); VFM 202405 Base uptake shares; MBU26 rate cells AA5; AA7; AA9,forecast_scenario_comparison.parquet,data/current_revenue_outlook/revenue_chart_rows.csv:historical_actual:2025Q3; data/current_revenue_outlook/revenue_chart_rows.csv:historical_actual:2025Q4; data/current_revenue_outlook/revenue_chart_rows.csv:current_basecase_12c_delay_6m:2026Q1; data/current_revenue_outlook/revenue_chart_rows.csv:current_basecase_12c_delay_6m:2026Q2,current_finalist_model,scenario_inputs/scenario_input_wide.parquet,scenario_inputs/scenario_input_wide.parquet:PED:population (2026Q1; 2026Q2); mbu26_official_annual.csv:population_proxy (2025Q3; 2025Q4),scenario_input_population_with_mbu_population_proxy_for_missing_quarters,source_backed,PED__DIAGLAB__B__glsar__ylag1__ar1__wexp,raw PED/light-petrol VKT * MBU26 litres intensity / 100,False,2910.77244455591,140.37663026647078,available,Model path,current_finalist_model,current_finalist_model,current_model_forecast,Current-finalist FY nowcast (2 actual + 2 forecast),2025Q3; 2025Q4; 2026Q1; 2026Q2,2025Q3; 2025Q4,2026Q1; 2026Q2,True,,False,baseline_shifted_6m,delay_6m,1.0
2026,FY2026,Current finalist High population/comparison,Current planned path,current_basecase_12c_delay_6m,comparison,light_petrol_vkt,Light petrol VKT,Key volumes,32946.371722443735,million km,bridge_input,raw AR(1) PED VKT per capita x scenario-input population; raw Light RUC conventional model forecast expanded by MoT VFM 202405 Base uptake shares (conventional_anchor_vfm_composition_v1),forecast_scenario_comparison.parquet; mbu26_official_annual.csv,data/current_revenue_outlook/revenue_chart_rows.csv:historical_actual:2025Q3; data/current_revenue_outlook/revenue_chart_rows.csv:historical_actual:2025Q4; data/current_revenue_outlook/revenue_chart_rows.csv:current_basecase_12c_delay_6m:2026Q1; data/current_revenue_outlook/revenue_chart_rows.csv:current_basecase_12c_delay_6m:2026Q2; data/current_revenue_outlook/revenue_chart_rows.csv:historical_actual:2025Q3; data/current_revenue_outlook/revenue_chart_rows.csv:historical_actual:2025Q4; data/current_revenue_outlook/revenue_chart_rows.csv:historical_actual:2026Q1; data/current_revenue_outlook/revenue_chart_rows.csv:current_basecase_12c_delay_6m:2026Q2; scenario_inputs/scenario_input_wide.parquet:PED:population (2026Q1; 2026Q2); mbu26_official_annual.csv:population_proxy (2025Q3; 2025Q4); VFM 202405 Base uptake shares; MBU26 rate cells AA5; AA7; AA9,forecast_scenario_comparison.parquet,data/current_revenue_outlook/revenue_chart_rows.csv:historical_actual:2025Q3; data/current_revenue_outlook/revenue_chart_rows.csv:historical_actual:2025Q4; data/current_revenue_outlook/revenue_chart_rows.csv:current_basecase_12c_delay_6m:2026Q1; data/current_revenue_outlook/revenue_chart_rows.csv:current_basecase_12c_delay_6m:2026Q2,current_finalist_model,scenario_inputs/scenario_input_wide.parquet,scenario_inputs/scenario_input_wide.parquet:PED:population (2026Q1; 2026Q2); mbu26_official_annual.csv:population_proxy (2025Q3; 2025Q4),scenario_input_population_with_mbu_population_proxy_for_missing_quarters,source_backed,,raw AR(1) PED VKT per capita * scenario-input population,False,31430.5819237521,1515.789798691636,available,Model path,current_finalist_model,current_finalist_model,current_model_forecast,Current-finalist FY nowcast (2 actual + 2 forecast),2025Q3; 2025Q4; 2026Q1; 2026Q2,2025Q3; 2025Q4,2026Q1; 2026Q2,True,,False,baseline_shifted_6m,delay_6m,1.0
2026,FY2026,Current finalist High population/comparison,Current planned path,current_basecase_12c_delay_6m,comparison,ped_vkt_per_capita,PED VKT per capita,Key volumes,6142.76079767832,km/person,bridge_input,current_finalist_model,forecast_scenario_comparison.parquet,data/current_revenue_outlook/revenue_chart_rows.csv:historical_actual:2025Q3; data/current_revenue_outlook/revenue_chart_rows.csv:historical_actual:2025Q4; data/current_revenue_outlook/revenue_chart_rows.csv:current_basecase_12c_delay_6m:2026Q1; data/current_revenue_outlook/revenue_chart_rows.csv:current_basecase_12c_delay_6m:2026Q2,forecast_scenario_comparison.parquet,data/current_revenue_outlook/revenue_chart_rows.csv:historical_actual:2025Q3; data/current_revenue_outlook/revenue_chart_rows.csv:historical_actual:2025Q4; data/current_revenue_outlook/revenue_chart_rows.csv:current_basecase_12c_delay_6m:2026Q1; data/current_revenue_outlook/revenue_chart_rows.csv:current_basecase_12c_delay_6m:2026Q2,current_finalist_model,,,,source_backed,PED__DIAGLAB__B__glsar__ylag1__ar1__wexp,sum quarterly current finalist PED VKT/capita,False,5860.79487488994,281.96592278838034,available,Model path,current_finalist_model,current_finalist_model,current_model_forecast,Current-finalist FY nowcast (2 actual + 2 forecast),2025Q3; 2025Q4; 2026Q1; 2026Q2,2025Q3; 2025Q4,2026Q1; 2026Q2,True,,False,baseline_shifted_6m,delay_6m,1.0
2026,FY2026,Current finalist High population/comparison,Current planned path,current_basecase_12c_delay_6m,comparison,tuc_gtk,TUC GTK,Key volumes,8224343155.99,tonne-km,bridge_input,MBU26 official fixed component,annual_spine.csv,AA13,,,,,,,source_backed,,nan,False,8224343155.99,0.0,available,Model path,current_finalist_model,current_finalist_model,current_model_forecast,Current-finalist FY nowcast (2 actual + 2 forecast),2025Q3; 2025Q4; 2026Q1; 2026Q2,2025Q3; 2025Q4,2026Q1; 2026Q2,True,,False,baseline_shifted_6m,delay_6m,1.0
2026,FY2026,Current finalist High population/comparison,Current planned path,current_basecase_12c_delay_6m,comparison,light_ruc_net_revenue,Light RUC revenue,RUC,866.4745234882768,$m nominal ex GST,replacement_line,"raw AR(1) PED bridge and conventional-anchor VFM composition, scenario-input population and MBU26 effective rate",forecast_scenario_comparison.parquet; mbu26_official_annual.csv,data/current_revenue_outlook/revenue_chart_rows.csv:historical_actual:2025Q3; data/current_revenue_outlook/revenue_chart_rows.csv:historical_actual:2025Q4; data/current_revenue_outlook/revenue_chart_rows.csv:current_basecase_12c_delay_6m:2026Q1; data/current_revenue_outlook/revenue_chart_rows.csv:current_basecase_12c_delay_6m:2026Q2; data/current_revenue_outlook/revenue_chart_rows.csv:historical_actual:2025Q3; data/current_revenue_outlook/revenue_chart_rows.csv:historical_actual:2025Q4; data/current_revenue_outlook/revenue_chart_rows.csv:historical_actual:2026Q1; data/current_revenue_outlook/revenue_chart_rows.csv:current_basecase_12c_delay_6m:2026Q2; scenario_inputs/scenario_input_wide.parquet:PED:population (2026Q1; 2026Q2); mbu26_official_annual.csv:population_proxy (2025Q3; 2025Q4); VFM 202405 Base uptake shares; MBU26 rate cells AA5; AA7; AA9,,,,,,,source_backed,dynamic_RESID_GBR_n150_d1_lr0.05_w36,conventional Light RUC km * MBU26 conventional Light effective rate,True,860.866112388873,5.608411099403725,available,Model path,current_finalist_model,current_finalist_model,current_model_forecast,Current-finalist FY nowcast (3 actual + 1 forecast),2025Q3; 2025Q4; 2026Q1; 2026Q2,2025Q3; 2025Q4; 2026Q1,2026Q2,True,diesel_elasticity_to_conventional_ice_only; bev_phev_activity_fixed_to_base,True,baseline_shifted_6m,delay_6m,1.0
2026,FY2026,Current finalist High population/comparison,Current planned path,current_basecase_12c_delay_6m,comparison,heavy_ruc_net_revenue,Heavy RUC revenue,RUC,1134.1059888764494,$m nominal ex GST,replacement_line,current_finalist_model + MBU26 effective rate,forecast_scenario_comparison.parquet; mbu26_official_annual.csv,data/current_revenue_outlook/revenue_chart_rows.csv:historical_actual:2025Q3; data/current_revenue_outlook/revenue_chart_rows.csv:historical_actual:2025Q4; data/current_revenue_outlook/revenue_chart_rows.csv:historical_actual:2026Q1; data/current_revenue_outlook/revenue_chart_rows.csv:current_basecase_12c_delay_6m:2026Q2,,,,,,,source_backed,HEAVY_RUC__VNEXT_SOLVED_CONVEX_TOP4,sum quarterly current Heavy RUC net km * MBU26 effective rate,True,1144.54055343658,-10.434564560130639,available,Model path,current_finalist_model,current_finalist_model,current_model_forecast,Current-finalist FY nowcast (3 actual + 1 forecast),2025Q3; 2025Q4; 2026Q1; 2026Q2,2025Q3; 2025Q4; 2026Q1,2026Q2,True,,False,baseline_shifted_6m,delay_6m,1.0
2026,FY2026,Current finalist High population/comparison,Current planned path,current_basecase_12c_delay_6m,comparison,light_bev_ruc_net_revenue,Light BEV RUC net revenue,RUC,83.33709554803708,$m nominal ex GST,replacement_line,"raw AR(1) PED bridge and conventional-anchor VFM composition, scenario-input population and MBU26 effective rate",forecast_scenario_comparison.parquet; mbu26_official_annual.csv,data/current_revenue_outlook/revenue_chart_rows.csv:historical_actual:2025Q3; data/current_revenue_outlook/revenue_chart_rows.csv:historical_actual:2025Q4; data/current_revenue_outlook/revenue_chart_rows.csv:current_basecase_12c_delay_6m:2026Q1; data/current_revenue_outlook/revenue_chart_rows.csv:current_basecase_12c_delay_6m:2026Q2; data/current_revenue_outlook/revenue_chart_rows.csv:historical_actual:2025Q3; data/current_revenue_outlook/revenue_chart_rows.csv:historical_actual:2025Q4; data/current_revenue_outlook/revenue_chart_rows.csv:historical_actual:2026Q1; data/current_revenue_outlook/revenue_chart_rows.csv:current_basecase_12c_delay_6m:2026Q2; scenario_inputs/scenario_input_wide.parquet:PED:population (2026Q1; 2026Q2); mbu26_official_annual.csv:population_proxy (2025Q3; 2025Q4); VFM 202405 Base uptake shares; MBU26 rate cells AA5; AA7; AA9,,,,,,,source_backed,PED__DIAGLAB__B__glsar__ylag1__ar1__wexp; dynamic_RESID_GBR_n150_d1_lr0.05_w36; HEAVY_RUC__VNEXT_SOLVED_CONVEX_TOP4,allocated Light BEV RUC km * MBU26 Light BEV effective rate,True,81.4648074039889,1.8722881440481842,available,Model path,current_finalist_model,current_finalist_model,current_model_forecast,Current-finalist FY nowcast (2 actual + 2 forecast),2025Q3; 2025Q4; 2026Q1; 2026Q2,2025Q3; 2025Q4,2026Q1; 2026Q2,True,diesel_elasticity_to_conventional_ice_only; bev_phev_activity_fixed_to_base,True,baseline_shifted_6m,delay_6m,1.0
2026,FY2026,Current finalist High population/comparison,Current planned path,current_basecase_12c_delay_6m,comparison,heavy_bev_ruc_net_revenue,Heavy BEV RUC net revenue,RUC,0.0,$m nominal ex GST,leaf,MBU26 official fixed component,annual_spine.csv,AA31,,,,,,,source_backed,,nan,False,0.0,0.0,available,Model path,current_finalist_model,current_finalist_model,current_model_forecast,Current-finalist FY nowcast (2 actual + 2 forecast),2025Q3; 2025Q4; 2026Q1; 2026Q2,2025Q3; 2025Q4,2026Q1; 2026Q2,True,diesel_elasticity_to_conventional_ice_only; bev_phev_activity_fixed_to_base,True,baseline_shifted_6m,delay_6m,1.0
2026,FY2026,Current finalist High population/comparison,Current planned path,current_basecase_12c_delay_6m,comparison,phev_ruc_net_revenue,PHEV RUC net revenue,RUC,22.339815332278658,$m nominal ex GST,replacement_line,"raw AR(1) PED bridge and conventional-anchor VFM composition, scenario-input population and MBU26 effective rate",forecast_scenario_comparison.parquet; mbu26_official_annual.csv,data/current_revenue_outlook/revenue_chart_rows.csv:historical_actual:2025Q3; data/current_revenue_outlook/revenue_chart_rows.csv:historical_actual:2025Q4; data/current_revenue_outlook/revenue_chart_rows.csv:current_basecase_12c_delay_6m:2026Q1; data/current_revenue_outlook/revenue_chart_rows.csv:current_basecase_12c_delay_6m:2026Q2; data/current_revenue_outlook/revenue_chart_rows.csv:historical_actual:2025Q3; data/current_revenue_outlook/revenue_chart_rows.csv:historical_actual:2025Q4; data/current_revenue_outlook/revenue_chart_rows.csv:historical_actual:2026Q1; data/current_revenue_outlook/revenue_chart_rows.csv:current_basecase_12c_delay_6m:2026Q2; scenario_inputs/scenario_input_wide.parquet:PED:population (2026Q1; 2026Q2); mbu26_official_annual.csv:population_proxy (2025Q3; 2025Q4); VFM 202405 Base uptake shares; MBU26 rate cells AA5; AA7; AA9,,,,,,,source_backed,PED__DIAGLAB__B__glsar__ylag1__ar1__wexp; dynamic_RESID_GBR_n150_d1_lr0.05_w36; HEAVY_RUC__VNEXT_SOLVED_CONVEX_TOP4,allocated PHEV RUC km * MBU26 PHEV effective rate,True,21.8403214998817,0.49949383239695777,available,Model path,current_finalist_model,current_finalist_model,current_model_forecast,Current-finalist FY nowcast (2 actual + 2 forecast),2025Q3; 2025Q4; 2026Q1; 2026Q2,2025Q3; 2025Q4,2026Q1; 2026Q2,True,diesel_elasticity_to_conventional_ice_only; bev_phev_activity_fixed_to_base,True,baseline_shifted_6m,delay_6m,1.0
2026,FY2026,Current finalist High population/comparison,Current planned path,current_basecase_12c_delay_6m,comparison,ruc_refunds,RUC refunds,RUC,67.4141906681215,$m nominal ex GST,deduction,MBU26 official fixed component,annual_spine.csv,AA33,,,,,,,source_backed,,nan,False,67.4141906681215,0.0,available,Model path,current_finalist_model,current_finalist_model,current_model_forecast,Current-finalist FY nowcast (2 actual + 2 forecast),2025Q3; 2025Q4; 2026Q1; 2026Q2,2025Q3; 2025Q4,2026Q1; 2026Q2,True,,False,baseline_shifted_6m,delay_6m,1.0
2026,FY2026,Current finalist High population/comparison,Current planned path,current_basecase_12c_delay_6m,comparison,gross_ruc_revenue,Gross RUC revenue,RUC,2173.6716139131636,$m nominal ex GST,calculated_rollup,current_hybrid_formula,current_hybrid_formula,current_revenue_outlook:current_basecase_12c_delay_6m:FY2026,,,,,,,source_backed,,optimized light_ruc_net_revenue + heavy_ruc_net_revenue + optimized light_bev_ruc_net_revenue + MBU26 heavy_bev_ruc_net_revenue + optimized phev_ruc_net_revenue + MBU26 ruc_refunds,False,2176.1246289126,-2.4530149994366184,available,Model path,current_finalist_model,current_finalist_model,current_model_forecast,Current-finalist FY nowcast (2 actual + 2 forecast),2025Q3; 2025Q4; 2026Q1; 2026Q2,2025Q3; 2025Q4,2026Q1; 2026Q2,True,,False,baseline_shifted_6m,delay_6m,1.0
2026,FY2026,Current finalist High population/comparison,Current planned path,current_basecase_12c_delay_6m,comparison,ruc_admin_revenue,RUC admin revenue,RUC,34.237617587825,$m nominal ex GST,deduction,MBU26 official fixed component,annual_spine.csv,AA35,,,,,,,source_backed,,nan,False,34.237617587825,0.0,available,Model path,current_finalist_model,current_finalist_model,current_model_forecast,Current-finalist FY nowcast (2 actual + 2 forecast),2025Q3; 2025Q4; 2026Q1; 2026Q2,2025Q3; 2025Q4,2026Q1; 2026Q2,True,,False,baseline_shifted_6m,delay_6m,1.0
2026,FY2026,Current finalist High population/comparison,Current planned path,current_basecase_12c_delay_6m,comparison,ruc_revenue_net_admin,RUC revenues net of admin fees,RUC,2139.4339963253387,$m nominal ex GST,calculated_rollup,current_hybrid_formula,current_hybrid_formula,current_revenue_outlook:current_basecase_12c_delay_6m:FY2026,,,,,,,source_backed,,gross_ruc_revenue - MBU26 ruc_admin_revenue,False,2141.88701132477,-2.4530149994311614,available,Model path,current_finalist_model,current_finalist_model,current_model_forecast,Current-finalist FY nowcast (2 actual + 2 forecast),2025Q3; 2025Q4; 2026Q1; 2026Q2,2025Q3; 2025Q4,2026Q1; 2026Q2,True,,False,baseline_shifted_6m,delay_6m,1.0
2026,FY2026,Current finalist High population/comparison,Current planned path,current_basecase_12c_delay_6m,comparison,total_ruc_net_revenue,Total RUC all classes,RUC,2072.019805657217,$m nominal ex GST,calculated_rollup,current_hybrid_formula,current_hybrid_formula,current_revenue_outlook:current_basecase_12c_delay_6m:FY2026,,,,,,,source_backed,PED__DIAGLAB__B__glsar__ylag1__ar1__wexp; dynamic_RESID_GBR_n150_d1_lr0.05_w36; HEAVY_RUC__VNEXT_SOLVED_CONVEX_TOP4,ruc_revenue_net_admin - MBU26 ruc_refunds,False,2074.47282065665,-2.4530149994329804,available,Model path,current_finalist_model,current_finalist_model,current_model_forecast,Current-finalist FY nowcast (2 actual + 2 forecast),2025Q3; 2025Q4; 2026Q1; 2026Q2,2025Q3; 2025Q4,2026Q1; 2026Q2,True,,False,baseline_shifted_6m,delay_6m,1.0
2026,FY2026,Current finalist High population/comparison,Current planned path,current_basecase_12c_delay_6m,comparison,gross_ped_revenue,PED revenue,FED,2136.5366281536235,$m nominal ex GST,replacement_line,"raw AR(1) PED bridge and conventional-anchor VFM composition, scenario-input population and MBU26 effective rate; population_source=scenario_input_population_with_mbu_population_proxy_for_missing_quarters",forecast_scenario_comparison.parquet; scenario_inputs/scenario_input_wide.parquet; mbu26_official_annual.csv,data/current_revenue_outlook/revenue_chart_rows.csv:historical_actual:2025Q3; data/current_revenue_outlook/revenue_chart_rows.csv:historical_actual:2025Q4; data/current_revenue_outlook/revenue_chart_rows.csv:current_basecase_12c_delay_6m:2026Q1; data/current_revenue_outlook/revenue_chart_rows.csv:current_basecase_12c_delay_6m:2026Q2; data/current_revenue_outlook/revenue_chart_rows.csv:historical_actual:2025Q3; data/current_revenue_outlook/revenue_chart_rows.csv:historical_actual:2025Q4; data/current_revenue_outlook/revenue_chart_rows.csv:historical_actual:2026Q1; data/current_revenue_outlook/revenue_chart_rows.csv:current_basecase_12c_delay_6m:2026Q2; scenario_inputs/scenario_input_wide.parquet:PED:population (2026Q1; 2026Q2); mbu26_official_annual.csv:population_proxy (2025Q3; 2025Q4); VFM 202405 Base uptake shares; MBU26 rate cells AA5; AA7; AA9,forecast_scenario_comparison.parquet,data/current_revenue_outlook/revenue_chart_rows.csv:historical_actual:2025Q3; data/current_revenue_outlook/revenue_chart_rows.csv:historical_actual:2025Q4; data/current_revenue_outlook/revenue_chart_rows.csv:current_basecase_12c_delay_6m:2026Q1; data/current_revenue_outlook/revenue_chart_rows.csv:current_basecase_12c_delay_6m:2026Q2,current_finalist_model,scenario_inputs/scenario_input_wide.parquet,scenario_inputs/scenario_input_wide.parquet:PED:population (2026Q1; 2026Q2); mbu26_official_annual.csv:population_proxy (2025Q3; 2025Q4),scenario_input_population_with_mbu_population_proxy_for_missing_quarters,source_backed,PED__DIAGLAB__B__glsar__ylag1__ar1__wexp,raw PED/light-petrol VKT * MBU26 litres intensity / 100 * MBU26 PED rate,True,2038.23929657583,98.29733157779356,available,Model path,current_finalist_model,current_finalist_model,current_model_forecast,Current-finalist FY nowcast (2 actual + 2 forecast),2025Q3; 2025Q4; 2026Q1; 2026Q2,2025Q3; 2025Q4,2026Q1; 2026Q2,True,,False,baseline_shifted_6m,delay_6m,1.0
2026,FY2026,Current finalist High population/comparison,Current planned path,current_basecase_12c_delay_6m,comparison,gross_lpg_revenue,Gross LPG revenue,FED,42.0451626401906,$m nominal ex GST,leaf,MBU26 official fixed component,annual_spine.csv,AA41,,,,,,,source_backed,,nan,False,42.0451626401906,0.0,available,Model path,current_finalist_model,current_finalist_model,current_model_forecast,Current-finalist FY nowcast (2 actual + 2 forecast),2025Q3; 2025Q4; 2026Q1; 2026Q2,2025Q3; 2025Q4,2026Q1; 2026Q2,True,,False,baseline_shifted_6m,delay_6m,1.0
2026,FY2026,Current finalist High population/comparison,Current planned path,current_basecase_12c_delay_6m,comparison,gross_cng_revenue,Gross CNG revenue,FED,0.0,$m nominal ex GST,leaf,MBU26 official fixed component,annual_spine.csv,AA42,,,,,,,source_backed,,nan,False,0.0,0.0,available,Model path,current_finalist_model,current_finalist_model,current_model_forecast,Current-finalist FY nowcast (2 actual + 2 forecast),2025Q3; 2025Q4; 2026Q1; 2026Q2,2025Q3; 2025Q4,2026Q1; 2026Q2,True,,False,baseline_shifted_6m,delay_6m,1.0
2026,FY2026,Current finalist High population/comparison,Current planned path,current_basecase_12c_delay_6m,comparison,gross_fed_revenue,Gross FED revenue,FED,2178.581790793814,$m nominal ex GST,calculated_rollup,current_hybrid_formula,current_hybrid_formula,current_revenue_outlook:current_basecase_12c_delay_6m:FY2026,,,,,,,source_backed,PED__DIAGLAB__B__glsar__ylag1__ar1__wexp,gross_ped_revenue + MBU26 gross_lpg_revenue + MBU26 gross_cng_revenue,False,2080.28445921602,98.29733157779401,available,Model path,current_finalist_model,current_finalist_model,current_model_forecast,Current-finalist FY nowcast (2 actual + 2 forecast),2025Q3; 2025Q4; 2026Q1; 2026Q2,2025Q3; 2025Q4,2026Q1; 2026Q2,True,,False,baseline_shifted_6m,delay_6m,1.0
2026,FY2026,Current finalist High population/comparison,Current planned path,current_basecase_12c_delay_6m,comparison,fed_refunds,FED refunds,FED,72.3868062026043,$m nominal ex GST,deduction,MBU26 official fixed component,annual_spine.csv,AA44,,,,,,,source_backed,,nan,False,72.3868062026043,0.0,available,Model path,current_finalist_model,current_finalist_model,current_model_forecast,Current-finalist FY nowcast (2 actual + 2 forecast),2025Q3; 2025Q4; 2026Q1; 2026Q2,2025Q3; 2025Q4,2026Q1; 2026Q2,True,,False,baseline_shifted_6m,delay_6m,1.0
2026,FY2026,Current finalist High population/comparison,Current planned path,current_basecase_12c_delay_6m,comparison,net_fed_revenue,Net FED revenue,FED,2106.1949845912095,$m nominal ex GST,calculated_rollup,current_hybrid_formula,current_hybrid_formula,current_revenue_outlook:current_basecase_12c_delay_6m:FY2026,,,,,,,source_backed,PED__DIAGLAB__B__glsar__ylag1__ar1__wexp,gross_fed_revenue - MBU26 fed_refunds,False,2007.89765301342,98.29733157778946,available,Model path,current_finalist_model,current_finalist_model,current_model_forecast,Current-finalist FY nowcast (2 actual + 2 forecast),2025Q3; 2025Q4; 2026Q1; 2026Q2,2025Q3; 2025Q4,2026Q1; 2026Q2,True,,False,baseline_shifted_6m,delay_6m,1.0
2026,FY2026,Current finalist High population/comparison,Current planned path,current_basecase_12c_delay_6m,comparison,mr1_revenue,MR1 revenue,MVR,436.822707962969,$m nominal ex GST,leaf,MBU26 official fixed component,annual_spine.csv,AA48,,,,,,,source_backed,,nan,False,436.822707962969,0.0,available,Model path,current_finalist_model,current_finalist_model,current_model_forecast,Current-finalist FY nowcast (2 actual + 2 forecast),2025Q3; 2025Q4; 2026Q1; 2026Q2,2025Q3; 2025Q4,2026Q1; 2026Q2,True,,False,baseline_shifted_6m,delay_6m,1.0
2026,FY2026,Current finalist High population/comparison,Current planned path,current_basecase_12c_delay_6m,comparison,mr2_revenue,MR2 revenue,MVR,31.3740054746584,$m nominal ex GST,leaf,MBU26 official fixed component,annual_spine.csv,AA49,,,,,,,source_backed,,nan,False,31.3740054746584,0.0,available,Model path,current_finalist_model,current_finalist_model,current_model_forecast,Current-finalist FY nowcast (2 actual + 2 forecast),2025Q3; 2025Q4; 2026Q1; 2026Q2,2025Q3; 2025Q4,2026Q1; 2026Q2,True,,False,baseline_shifted_6m,delay_6m,1.0
2026,FY2026,Current finalist High population/comparison,Current planned path,current_basecase_12c_delay_6m,comparison,coo_revenue,MR13,MVR,0.0,$m nominal ex GST,deduction,MBU26 official fixed component,annual_spine.csv,AA50,,,,,,,source_backed,,nan,False,0.0,0.0,available,Model path,current_finalist_model,current_finalist_model,current_model_forecast,Current-finalist FY nowcast (2 actual + 2 forecast),2025Q3; 2025Q4; 2026Q1; 2026Q2,2025Q3; 2025Q4,2026Q1; 2026Q2,True,,False,baseline_shifted_6m,delay_6m,1.0
2026,FY2026,Current finalist High population/comparison,Current planned path,current_basecase_12c_delay_6m,comparison,gross_mvr_revenue,Gross MVR revenue,MVR,468.1967134376274,$m nominal ex GST,calculated_rollup,MBU26 official formula,mbu26_official_annual.csv,AA51,,,,,,,source_backed,,mr1_revenue + mr2_revenue + coo_revenue,False,468.196713437627,3.979039320256561e-13,available,Model path,current_finalist_model,current_finalist_model,current_model_forecast,Current-finalist FY nowcast (2 actual + 2 forecast),2025Q3; 2025Q4; 2026Q1; 2026Q2,2025Q3; 2025Q4,2026Q1; 2026Q2,True,,False,baseline_shifted_6m,delay_6m,1.0
2026,FY2026,Current finalist High population/comparison,Current planned path,current_basecase_12c_delay_6m,comparison,mvr_admin_revenue,MVR admin revenue,MVR,72.7105674192725,$m nominal ex GST,deduction,MBU26 official fixed component,annual_spine.csv,AA52,,,,,,,source_backed,,nan,False,72.7105674192725,0.0,available,Model path,current_finalist_model,current_finalist_model,current_model_forecast,Current-finalist FY nowcast (2 actual + 2 forecast),2025Q3; 2025Q4; 2026Q1; 2026Q2,2025Q3; 2025Q4,2026Q1; 2026Q2,True,,False,baseline_shifted_6m,delay_6m,1.0
2026,FY2026,Current finalist High population/comparison,Current planned path,current_basecase_12c_delay_6m,comparison,mvr_revenue_net_admin_coo,MVR revenues net of admin fees and COO,MVR,395.4861460183549,$m nominal ex GST,calculated_rollup,MBU26 official formula,mbu26_official_annual.csv,AA53,,,,,,,source_backed,,mr1_revenue + mr2_revenue - mvr_admin_revenue,False,395.486146018355,-5.684341886080802e-14,available,Model path,current_finalist_model,current_finalist_model,current_model_forecast,Current-finalist FY nowcast (2 actual + 2 forecast),2025Q3; 2025Q4; 2026Q1; 2026Q2,2025Q3; 2025Q4,2026Q1; 2026Q2,True,,False,baseline_shifted_6m,delay_6m,1.0
2026,FY2026,Current finalist High population/comparison,Current planned path,current_basecase_12c_delay_6m,comparison,mvr_refunds,MVR refunds,MVR,1.61137149711806,$m nominal ex GST,deduction,MBU26 official fixed component,annual_spine.csv,AA54,,,,,,,source_backed,,nan,False,1.61137149711806,0.0,available,Model path,current_finalist_model,current_finalist_model,current_model_forecast,Current-finalist FY nowcast (2 actual + 2 forecast),2025Q3; 2025Q4; 2026Q1; 2026Q2,2025Q3; 2025Q4,2026Q1; 2026Q2,True,,False,baseline_shifted_6m,delay_6m,1.0
2026,FY2026,Current finalist High population/comparison,Current planned path,current_basecase_12c_delay_6m,comparison,net_mvr_revenue,Net MVR revenue,MVR,393.8747745212368,$m nominal ex GST,calculated_rollup,MBU26 official formula,mbu26_official_annual.csv,AA55,,,,,,,source_backed,,mvr_revenue_net_admin_coo - mvr_refunds,False,393.874774521237,-1.1368683772161603e-13,available,Model path,current_finalist_model,current_finalist_model,current_model_forecast,Current-finalist FY nowcast (2 actual + 2 forecast),2025Q3; 2025Q4; 2026Q1; 2026Q2,2025Q3; 2025Q4,2026Q1; 2026Q2,True,,False,baseline_shifted_6m,delay_6m,1.0
2026,FY2026,Current finalist High population/comparison,Current planned path,current_basecase_12c_delay_6m,comparison,tuc_net_revenue,TUC net revenue,TUC,17.4060774864124,$m nominal ex GST,leaf,MBU26 official fixed component,annual_spine.csv,AA58,,,,,,,source_backed,,nan,False,17.4060774864124,0.0,available,Model path,current_finalist_model,current_finalist_model,current_model_forecast,Current-finalist FY nowcast (2 actual + 2 forecast),2025Q3; 2025Q4; 2026Q1; 2026Q2,2025Q3; 2025Q4,2026Q1; 2026Q2,True,,False,baseline_shifted_6m,delay_6m,1.0
2026,FY2026,Current finalist High population/comparison,Current planned path,current_basecase_12c_delay_6m,comparison,total_gross_revenue,Total gross revenues,Totals,4837.856195631018,$m nominal ex GST,calculated_rollup,current_hybrid_formula,current_hybrid_formula,current_revenue_outlook:current_basecase_12c_delay_6m:FY2026,,,,,,,source_backed,,gross_ruc_revenue + gross_fed_revenue + gross_mvr_revenue + tuc_net_revenue,False,4742.01187905266,95.84431657835648,available,Model path,current_finalist_model,current_finalist_model,current_model_forecast,Current-finalist FY nowcast (2 actual + 2 forecast),2025Q3; 2025Q4; 2026Q1; 2026Q2,2025Q3; 2025Q4,2026Q1; 2026Q2,True,,False,baseline_shifted_6m,delay_6m,1.0
2026,FY2026,Current finalist High population/comparison,Current planned path,current_basecase_12c_delay_6m,comparison,total_admin_fees,Total admin fees,Totals,106.94818500709749,$m nominal ex GST,calculated_rollup,current_hybrid_formula,current_hybrid_formula,current_revenue_outlook:current_basecase_12c_delay_6m:FY2026,,,,,,,source_backed,,ruc_admin_revenue + mvr_admin_revenue + coo_revenue,False,106.948185007097,4.973799150320701e-13,available,Model path,current_finalist_model,current_finalist_model,current_model_forecast,Current-finalist FY nowcast (2 actual + 2 forecast),2025Q3; 2025Q4; 2026Q1; 2026Q2,2025Q3; 2025Q4,2026Q1; 2026Q2,True,,False,baseline_shifted_6m,delay_6m,1.0
2026,FY2026,Current finalist High population/comparison,Current planned path,current_basecase_12c_delay_6m,comparison,total_revenue_net_admin,Total revenues net of admin fees,Totals,4730.90801062392,$m nominal ex GST,calculated_rollup,current_hybrid_formula,current_hybrid_formula,current_revenue_outlook:current_basecase_12c_delay_6m:FY2026,,,,,,,source_backed,,total_gross_revenue - total_admin_fees,False,4635.06369404556,95.84431657835921,available,Model path,current_finalist_model,current_finalist_model,current_model_forecast,Current-finalist FY nowcast (2 actual + 2 forecast),2025Q3; 2025Q4; 2026Q1; 2026Q2,2025Q3; 2025Q4,2026Q1; 2026Q2,True,,False,baseline_shifted_6m,delay_6m,1.0
2026,FY2026,Current finalist High population/comparison,Current planned path,current_basecase_12c_delay_6m,comparison,total_refunds,Total refunds,Totals,141.41236836784387,$m nominal ex GST,calculated_rollup,current_hybrid_formula,current_hybrid_formula,current_revenue_outlook:current_basecase_12c_delay_6m:FY2026,,,,,,,source_backed,,ruc_refunds + fed_refunds + mvr_refunds,False,141.412368367844,-1.4210854715202004e-13,available,Model path,current_finalist_model,current_finalist_model,current_model_forecast,Current-finalist FY nowcast (2 actual + 2 forecast),2025Q3; 2025Q4; 2026Q1; 2026Q2,2025Q3; 2025Q4,2026Q1; 2026Q2,True,,False,baseline_shifted_6m,delay_6m,1.0
2026,FY2026,Current finalist High population/comparison,Current planned path,current_basecase_12c_delay_6m,comparison,total_nltf_net_revenue,Total NLTF revenue,Totals,4589.495642256076,$m nominal ex GST,calculated_rollup,current_hybrid_formula,current_hybrid_formula,current_revenue_outlook:current_basecase_12c_delay_6m:FY2026,,,,,,,source_backed,PED__DIAGLAB__B__glsar__ylag1__ar1__wexp; dynamic_RESID_GBR_n150_d1_lr0.05_w36; HEAVY_RUC__VNEXT_SOLVED_CONVEX_TOP4,total_revenue_net_admin - total_refunds,False,4493.65132567772,95.84431657835557,available,Model path,current_finalist_model,current_finalist_model,current_model_forecast,Current-finalist FY nowcast (2 actual + 2 forecast),2025Q3; 2025Q4; 2026Q1; 2026Q2,2025Q3; 2025Q4,2026Q1; 2026Q2,True,,False,baseline_shifted_6m,delay_6m,1.0
2026,FY2026,Current finalist High population/comparison,Current planned path,current_basecase_12c_delay_6m,comparison,current_light_ruc_conventional_modelled_km,Current finalist Light RUC conventional modelled km,Key volumes,12790.77960359724,million km,audit_only,current_finalist_model_conventional_light_ruc_forecast,forecast_scenario_comparison.parquet,data/current_revenue_outlook/revenue_chart_rows.csv:historical_actual:2025Q3; data/current_revenue_outlook/revenue_chart_rows.csv:historical_actual:2025Q4; data/current_revenue_outlook/revenue_chart_rows.csv:historical_actual:2026Q1; data/current_revenue_outlook/revenue_chart_rows.csv:current_basecase_12c_delay_6m:2026Q2,,,,,,,source_backed,dynamic_RESID_GBR_n150_d1_lr0.05_w36,sum quarterly current finalist Light RUC conventional model forecast,False,,,available,Model path,current_finalist_model,current_finalist_model,current_model_forecast,Current-finalist FY nowcast (3 actual + 1 forecast),2025Q3; 2025Q4; 2026Q1; 2026Q2,2025Q3; 2025Q4; 2026Q1,2026Q2,True,diesel_elasticity_to_conventional_ice_only; bev_phev_activity_fixed_to_base,True,baseline_shifted_6m,delay_6m,1.0
2026,FY2026,Current finalist High population/comparison,Current planned path,current_basecase_12c_delay_6m,comparison,total_fed_ruc_net_revenue,Total RUC+PED revenue,Derived totals,4178.214790248427,$m nominal ex GST,calculated_rollup,current_hybrid_formula,current_hybrid_formula,current_revenue_outlook:current_basecase_12c_delay_6m:FY2026,,,,,,,source_backed,PED__DIAGLAB__B__glsar__ylag1__ar1__wexp; dynamic_RESID_GBR_n150_d1_lr0.05_w36; HEAVY_RUC__VNEXT_SOLVED_CONVEX_TOP4,net_fed_revenue + total_ruc_net_revenue,False,4082.37047367007,95.84431657835648,available,Model path,current_finalist_model,current_finalist_model,current_model_forecast,Current-finalist FY nowcast (2 actual + 2 forecast),2025Q3; 2025Q4; 2026Q1; 2026Q2,2025Q3; 2025Q4,2026Q1; 2026Q2,True,,False,baseline_shifted_6m,delay_6m,1.0
2027,FY2027,Current finalist High population/comparison,Current planned path,current_basecase_12c_delay_6m,comparison,light_ruc_net_km,Light RUC net km,Key volumes,12939.128473679877,million km,bridge_input,raw AR(1) PED VKT per capita x scenario-input population; raw Light RUC conventional model forecast expanded by MoT VFM 202405 Base uptake shares (conventional_anchor_vfm_composition_v1),forecast_scenario_comparison.parquet; mbu26_official_annual.csv,data/current_revenue_outlook/revenue_chart_rows.csv:current_basecase_12c_delay_6m:2026Q3; data/current_revenue_outlook/revenue_chart_rows.csv:current_basecase_12c_delay_6m:2026Q4; data/current_revenue_outlook/revenue_chart_rows.csv:current_basecase_12c_delay_6m:2027Q1; data/current_revenue_outlook/revenue_chart_rows.csv:current_basecase_12c_delay_6m:2027Q2; data/current_revenue_outlook/revenue_chart_rows.csv:current_basecase_12c_delay_6m:2026Q3; data/current_revenue_outlook/revenue_chart_rows.csv:current_basecase_12c_delay_6m:2026Q4; data/current_revenue_outlook/revenue_chart_rows.csv:current_basecase_12c_delay_6m:2027Q1; data/current_revenue_outlook/revenue_chart_rows.csv:current_basecase_12c_delay_6m:2027Q2; scenario_inputs/scenario_input_wide.parquet:PED:population (2026Q3; 2026Q4; 2027Q1; 2027Q2); VFM 202405 Base uptake shares; MBU26 rate cells AB5; AB7; AB9,,,,,,,source_backed,dynamic_RESID_GBR_n150_d1_lr0.05_w36,raw Light RUC conventional model forecast (preserved exactly under the Base uptake basis),False,12458.8356197041,480.2928539757795,available,Model path,current_finalist_model,current_finalist_model,current_model_forecast,current_finalist_forecast,2026Q3; 2026Q4; 2027Q1; 2027Q2,,2026Q3; 2026Q4; 2027Q1; 2027Q2,False,diesel_elasticity_to_conventional_ice_only; bev_phev_activity_fixed_to_base,True,baseline_shifted_6m,delay_6m,0.9212658387203224
2027,FY2027,Current finalist High population/comparison,Current planned path,current_basecase_12c_delay_6m,comparison,heavy_ruc_net_km,Heavy RUC net km,Key volumes,4114.0965086127335,million km,bridge_input,current_finalist_model,forecast_scenario_comparison.parquet,data/current_revenue_outlook/revenue_chart_rows.csv:current_basecase_12c_delay_6m:2026Q3; data/current_revenue_outlook/revenue_chart_rows.csv:current_basecase_12c_delay_6m:2026Q4; data/current_revenue_outlook/revenue_chart_rows.csv:current_basecase_12c_delay_6m:2027Q1; data/current_revenue_outlook/revenue_chart_rows.csv:current_basecase_12c_delay_6m:2027Q2,,,,,,,source_backed,HEAVY_RUC__VNEXT_SOLVED_CONVEX_TOP4,sum quarterly current finalist Heavy RUC net km,False,4234.60357706342,-120.50706845068635,available,Model path,current_finalist_model,current_finalist_model,current_model_forecast,current_finalist_forecast,2026Q3; 2026Q4; 2027Q1; 2027Q2,,2026Q3; 2026Q4; 2027Q1; 2027Q2,False,,False,baseline_shifted_6m,delay_6m,0.9212658387203224
2027,FY2027,Current finalist High population/comparison,Current planned path,current_basecase_12c_delay_6m,comparison,light_bev_ruc_net_km,Light BEV RUC net km,Key volumes,1541.0531756214164,million km,bridge_input,raw AR(1) PED VKT per capita x scenario-input population; raw Light RUC conventional model forecast expanded by MoT VFM 202405 Base uptake shares (conventional_anchor_vfm_composition_v1),forecast_scenario_comparison.parquet; mbu26_official_annual.csv,data/current_revenue_outlook/revenue_chart_rows.csv:current_basecase_12c_delay_6m:2026Q3; data/current_revenue_outlook/revenue_chart_rows.csv:current_basecase_12c_delay_6m:2026Q4; data/current_revenue_outlook/revenue_chart_rows.csv:current_basecase_12c_delay_6m:2027Q1; data/current_revenue_outlook/revenue_chart_rows.csv:current_basecase_12c_delay_6m:2027Q2; data/current_revenue_outlook/revenue_chart_rows.csv:current_basecase_12c_delay_6m:2026Q3; data/current_revenue_outlook/revenue_chart_rows.csv:current_basecase_12c_delay_6m:2026Q4; data/current_revenue_outlook/revenue_chart_rows.csv:current_basecase_12c_delay_6m:2027Q1; data/current_revenue_outlook/revenue_chart_rows.csv:current_basecase_12c_delay_6m:2027Q2; scenario_inputs/scenario_input_wide.parquet:PED:population (2026Q3; 2026Q4; 2027Q1; 2027Q2); VFM 202405 Base uptake shares; MBU26 rate cells AB5; AB7; AB9,,,,,,,source_backed,PED__DIAGLAB__B__glsar__ylag1__ar1__wexp; dynamic_RESID_GBR_n150_d1_lr0.05_w36; HEAVY_RUC__VNEXT_SOLVED_CONVEX_TOP4,base pool (conventional / VFM Base conventional share) * VFM Base Light BEV share,False,1572.19480045545,-26.221884953499057,available,Model path,current_finalist_model,current_finalist_model,current_model_forecast,current_finalist_forecast,2026Q3; 2026Q4; 2027Q1; 2027Q2,,2026Q3; 2026Q4; 2027Q1; 2027Q2,False,diesel_elasticity_to_conventional_ice_only; bev_phev_activity_fixed_to_base,True,baseline_shifted_6m,delay_6m,0.9212658387203224
2027,FY2027,Current finalist High population/comparison,Current planned path,current_basecase_12c_delay_6m,comparison,heavy_bev_ruc_net_km,Heavy BEV RUC net km,Key volumes,0.0,million km,bridge_input,MBU26 official fixed component,annual_spine.csv,AB8,,,,,,,source_backed,,nan,False,0.0,0.0,available,Model path,current_finalist_model,current_finalist_model,current_model_forecast,current_finalist_forecast,2026Q3; 2026Q4; 2027Q1; 2027Q2,,2026Q3; 2026Q4; 2027Q1; 2027Q2,False,diesel_elasticity_to_conventional_ice_only; bev_phev_activity_fixed_to_base,True,baseline_shifted_6m,delay_6m,0.9212658387203224
2027,FY2027,Current finalist High population/comparison,Current planned path,current_basecase_12c_delay_6m,comparison,phev_ruc_net_km,PHEV RUC net km,Key volumes,844.9595723514738,million km,bridge_input,raw AR(1) PED VKT per capita x scenario-input population; raw Light RUC conventional model forecast expanded by MoT VFM 202405 Base uptake shares (conventional_anchor_vfm_composition_v1),forecast_scenario_comparison.parquet; mbu26_official_annual.csv,data/current_revenue_outlook/revenue_chart_rows.csv:current_basecase_12c_delay_6m:2026Q3; data/current_revenue_outlook/revenue_chart_rows.csv:current_basecase_12c_delay_6m:2026Q4; data/current_revenue_outlook/revenue_chart_rows.csv:current_basecase_12c_delay_6m:2027Q1; data/current_revenue_outlook/revenue_chart_rows.csv:current_basecase_12c_delay_6m:2027Q2; data/current_revenue_outlook/revenue_chart_rows.csv:current_basecase_12c_delay_6m:2026Q3; data/current_revenue_outlook/revenue_chart_rows.csv:current_basecase_12c_delay_6m:2026Q4; data/current_revenue_outlook/revenue_chart_rows.csv:current_basecase_12c_delay_6m:2027Q1; data/current_revenue_outlook/revenue_chart_rows.csv:current_basecase_12c_delay_6m:2027Q2; scenario_inputs/scenario_input_wide.parquet:PED:population (2026Q3; 2026Q4; 2027Q1; 2027Q2); VFM 202405 Base uptake shares; MBU26 rate cells AB5; AB7; AB9,,,,,,,source_backed,PED__DIAGLAB__B__glsar__ylag1__ar1__wexp; dynamic_RESID_GBR_n150_d1_lr0.05_w36; HEAVY_RUC__VNEXT_SOLVED_CONVEX_TOP4,base pool (conventional / VFM Base conventional share) * VFM Base PHEV share,False,866.45343854562,-18.796372446819532,available,Model path,current_finalist_model,current_finalist_model,current_model_forecast,current_finalist_forecast,2026Q3; 2026Q4; 2027Q1; 2027Q2,,2026Q3; 2026Q4; 2027Q1; 2027Q2,False,diesel_elasticity_to_conventional_ice_only; bev_phev_activity_fixed_to_base,True,baseline_shifted_6m,delay_6m,0.9212658387203224
2027,FY2027,Current finalist High population/comparison,Current planned path,current_basecase_12c_delay_6m,comparison,ped_volume,PED volume,Key volumes,2916.6508572492858,million litres,bridge_input,raw AR(1) PED VKT/capita + scenario-input population (scenario_input_population) + MBU26 intensity,forecast_scenario_comparison.parquet; scenario_inputs/scenario_input_wide.parquet; mbu26_official_annual.csv,data/current_revenue_outlook/revenue_chart_rows.csv:current_basecase_12c_delay_6m:2026Q3; data/current_revenue_outlook/revenue_chart_rows.csv:current_basecase_12c_delay_6m:2026Q4; data/current_revenue_outlook/revenue_chart_rows.csv:current_basecase_12c_delay_6m:2027Q1; data/current_revenue_outlook/revenue_chart_rows.csv:current_basecase_12c_delay_6m:2027Q2; data/current_revenue_outlook/revenue_chart_rows.csv:current_basecase_12c_delay_6m:2026Q3; data/current_revenue_outlook/revenue_chart_rows.csv:current_basecase_12c_delay_6m:2026Q4; data/current_revenue_outlook/revenue_chart_rows.csv:current_basecase_12c_delay_6m:2027Q1; data/current_revenue_outlook/revenue_chart_rows.csv:current_basecase_12c_delay_6m:2027Q2; scenario_inputs/scenario_input_wide.parquet:PED:population (2026Q3; 2026Q4; 2027Q1; 2027Q2); VFM 202405 Base uptake shares; MBU26 rate cells AB5; AB7; AB9,forecast_scenario_comparison.parquet,data/current_revenue_outlook/revenue_chart_rows.csv:current_basecase_12c_delay_6m:2026Q3; data/current_revenue_outlook/revenue_chart_rows.csv:current_basecase_12c_delay_6m:2026Q4; data/current_revenue_outlook/revenue_chart_rows.csv:current_basecase_12c_delay_6m:2027Q1; data/current_revenue_outlook/revenue_chart_rows.csv:current_basecase_12c_delay_6m:2027Q2,current_finalist_model,scenario_inputs/scenario_input_wide.parquet,scenario_inputs/scenario_input_wide.parquet:PED:population (2026Q3; 2026Q4; 2027Q1; 2027Q2),scenario_input_population,source_backed,PED__DIAGLAB__B__glsar__ylag1__ar1__wexp,raw PED/light-petrol VKT * MBU26 litres intensity / 100,False,2843.76392941454,72.88692783474562,available,Model path,current_finalist_model,current_finalist_model,current_model_forecast,current_finalist_forecast,2026Q3; 2026Q4; 2027Q1; 2027Q2,,2026Q3; 2026Q4; 2027Q1; 2027Q2,False,,False,baseline_shifted_6m,delay_6m,0.9212658387203224
2027,FY2027,Current finalist High population/comparison,Current planned path,current_basecase_12c_delay_6m,comparison,light_petrol_vkt,Light petrol VKT,Key volumes,32339.187638648003,million km,bridge_input,raw AR(1) PED VKT per capita x scenario-input population; raw Light RUC conventional model forecast expanded by MoT VFM 202405 Base uptake shares (conventional_anchor_vfm_composition_v1),forecast_scenario_comparison.parquet; mbu26_official_annual.csv,data/current_revenue_outlook/revenue_chart_rows.csv:current_basecase_12c_delay_6m:2026Q3; data/current_revenue_outlook/revenue_chart_rows.csv:current_basecase_12c_delay_6m:2026Q4; data/current_revenue_outlook/revenue_chart_rows.csv:current_basecase_12c_delay_6m:2027Q1; data/current_revenue_outlook/revenue_chart_rows.csv:current_basecase_12c_delay_6m:2027Q2; data/current_revenue_outlook/revenue_chart_rows.csv:current_basecase_12c_delay_6m:2026Q3; data/current_revenue_outlook/revenue_chart_rows.csv:current_basecase_12c_delay_6m:2026Q4; data/current_revenue_outlook/revenue_chart_rows.csv:current_basecase_12c_delay_6m:2027Q1; data/current_revenue_outlook/revenue_chart_rows.csv:current_basecase_12c_delay_6m:2027Q2; scenario_inputs/scenario_input_wide.parquet:PED:population (2026Q3; 2026Q4; 2027Q1; 2027Q2); VFM 202405 Base uptake shares; MBU26 rate cells AB5; AB7; AB9,forecast_scenario_comparison.parquet,data/current_revenue_outlook/revenue_chart_rows.csv:current_basecase_12c_delay_6m:2026Q3; data/current_revenue_outlook/revenue_chart_rows.csv:current_basecase_12c_delay_6m:2026Q4; data/current_revenue_outlook/revenue_chart_rows.csv:current_basecase_12c_delay_6m:2027Q1; data/current_revenue_outlook/revenue_chart_rows.csv:current_basecase_12c_delay_6m:2027Q2,current_finalist_model,scenario_inputs/scenario_input_wide.parquet,scenario_inputs/scenario_input_wide.parquet:PED:population (2026Q3; 2026Q4; 2027Q1; 2027Q2),scenario_input_population,source_backed,,raw AR(1) PED VKT per capita * scenario-input population,False,31531.0333030703,808.154335577703,available,Model path,current_finalist_model,current_finalist_model,current_model_forecast,current_finalist_forecast,2026Q3; 2026Q4; 2027Q1; 2027Q2,,2026Q3; 2026Q4; 2027Q1; 2027Q2,False,,False,baseline_shifted_6m,delay_6m,0.9212658387203224
2027,FY2027,Current finalist High population/comparison,Current planned path,current_basecase_12c_delay_6m,comparison,ped_vkt_per_capita,PED VKT per capita,Key volumes,5979.204054116386,km/person,bridge_input,current_finalist_model,forecast_scenario_comparison.parquet,data/current_revenue_outlook/revenue_chart_rows.csv:current_basecase_12c_delay_6m:2026Q3; data/current_revenue_outlook/revenue_chart_rows.csv:current_basecase_12c_delay_6m:2026Q4; data/current_revenue_outlook/revenue_chart_rows.csv:current_basecase_12c_delay_6m:2027Q1; data/current_revenue_outlook/revenue_chart_rows.csv:current_basecase_12c_delay_6m:2027Q2,forecast_scenario_comparison.parquet,data/current_revenue_outlook/revenue_chart_rows.csv:current_basecase_12c_delay_6m:2026Q3; data/current_revenue_outlook/revenue_chart_rows.csv:current_basecase_12c_delay_6m:2026Q4; data/current_revenue_outlook/revenue_chart_rows.csv:current_basecase_12c_delay_6m:2027Q1; data/current_revenue_outlook/revenue_chart_rows.csv:current_basecase_12c_delay_6m:2027Q2,current_finalist_model,,,,source_backed,PED__DIAGLAB__B__glsar__ylag1__ar1__wexp,sum quarterly current finalist PED VKT/capita,False,5816.72597882556,162.47807529082638,available,Model path,current_finalist_model,current_finalist_model,current_model_forecast,current_finalist_forecast,2026Q3; 2026Q4; 2027Q1; 2027Q2,,2026Q3; 2026Q4; 2027Q1; 2027Q2,False,,False,baseline_shifted_6m,delay_6m,0.9212658387203224
2027,FY2027,Current finalist High population/comparison,Current planned path,current_basecase_12c_delay_6m,comparison,tuc_gtk,TUC GTK,Key volumes,8179315222.66,tonne-km,bridge_input,MBU26 official fixed component,annual_spine.csv,AB13,,,,,,,source_backed,,nan,False,8179315222.66,0.0,available,Model path,current_finalist_model,current_finalist_model,current_model_forecast,current_finalist_forecast,2026Q3; 2026Q4; 2027Q1; 2027Q2,,2026Q3; 2026Q4; 2027Q1; 2027Q2,False,,False,baseline_shifted_6m,delay_6m,0.9212658387203224
2027,FY2027,Current finalist High population/comparison,Current planned path,current_basecase_12c_delay_6m,comparison,light_ruc_net_revenue,Light RUC revenue,RUC,869.8154909573449,$m nominal ex GST,replacement_line,"raw AR(1) PED bridge and conventional-anchor VFM composition, scenario-input population and MBU26 effective rate",forecast_scenario_comparison.parquet; mbu26_official_annual.csv,data/current_revenue_outlook/revenue_chart_rows.csv:current_basecase_12c_delay_6m:2026Q3; data/current_revenue_outlook/revenue_chart_rows.csv:current_basecase_12c_delay_6m:2026Q4; data/current_revenue_outlook/revenue_chart_rows.csv:current_basecase_12c_delay_6m:2027Q1; data/current_revenue_outlook/revenue_chart_rows.csv:current_basecase_12c_delay_6m:2027Q2; data/current_revenue_outlook/revenue_chart_rows.csv:current_basecase_12c_delay_6m:2026Q3; data/current_revenue_outlook/revenue_chart_rows.csv:current_basecase_12c_delay_6m:2026Q4; data/current_revenue_outlook/revenue_chart_rows.csv:current_basecase_12c_delay_6m:2027Q1; data/current_revenue_outlook/revenue_chart_rows.csv:current_basecase_12c_delay_6m:2027Q2; scenario_inputs/scenario_input_wide.parquet:PED:population (2026Q3; 2026Q4; 2027Q1; 2027Q2); VFM 202405 Base uptake shares; MBU26 rate cells AB5; AB7; AB9,,,,,,,source_backed,dynamic_RESID_GBR_n150_d1_lr0.05_w36,conventional Light RUC km * MBU26 conventional Light effective rate,True,909.106161645825,35.046388464527354,available,Model path,current_finalist_model,current_finalist_model,current_model_forecast,current_finalist_forecast,2026Q3; 2026Q4; 2027Q1; 2027Q2,,2026Q3; 2026Q4; 2027Q1; 2027Q2,False,diesel_elasticity_to_conventional_ice_only; bev_phev_activity_fixed_to_base,True,baseline_shifted_6m,delay_6m,0.9212658387203224
2027,FY2027,Current finalist High population/comparison,Current planned path,current_basecase_12c_delay_6m,comparison,heavy_ruc_net_revenue,Heavy RUC revenue,RUC,1138.2992226348838,$m nominal ex GST,replacement_line,current_finalist_model + MBU26 effective rate,forecast_scenario_comparison.parquet; mbu26_official_annual.csv,data/current_revenue_outlook/revenue_chart_rows.csv:current_basecase_12c_delay_6m:2026Q3; data/current_revenue_outlook/revenue_chart_rows.csv:current_basecase_12c_delay_6m:2026Q4; data/current_revenue_outlook/revenue_chart_rows.csv:current_basecase_12c_delay_6m:2027Q1; data/current_revenue_outlook/revenue_chart_rows.csv:current_basecase_12c_delay_6m:2027Q2,,,,,,,source_backed,HEAVY_RUC__VNEXT_SOLVED_CONVEX_TOP4,sum quarterly current Heavy RUC net km * MBU26 effective rate,True,1271.77345703347,-36.191744575717394,available,Model path,current_finalist_model,current_finalist_model,current_model_forecast,current_finalist_forecast,2026Q3; 2026Q4; 2027Q1; 2027Q2,,2026Q3; 2026Q4; 2027Q1; 2027Q2,False,,False,baseline_shifted_6m,delay_6m,0.9212658387203224
2027,FY2027,Current finalist High population/comparison,Current planned path,current_basecase_12c_delay_6m,comparison,light_bev_ruc_net_revenue,Light BEV RUC net revenue,RUC,103.51663034131343,$m nominal ex GST,replacement_line,"raw AR(1) PED bridge and conventional-anchor VFM composition, scenario-input population and MBU26 effective rate",forecast_scenario_comparison.parquet; mbu26_official_annual.csv,data/current_revenue_outlook/revenue_chart_rows.csv:current_basecase_12c_delay_6m:2026Q3; data/current_revenue_outlook/revenue_chart_rows.csv:current_basecase_12c_delay_6m:2026Q4; data/current_revenue_outlook/revenue_chart_rows.csv:current_basecase_12c_delay_6m:2027Q1; data/current_revenue_outlook/revenue_chart_rows.csv:current_basecase_12c_delay_6m:2027Q2; data/current_revenue_outlook/revenue_chart_rows.csv:current_basecase_12c_delay_6m:2026Q3; data/current_revenue_outlook/revenue_chart_rows.csv:current_basecase_12c_delay_6m:2026Q4; data/current_revenue_outlook/revenue_chart_rows.csv:current_basecase_12c_delay_6m:2027Q1; data/current_revenue_outlook/revenue_chart_rows.csv:current_basecase_12c_delay_6m:2027Q2; scenario_inputs/scenario_input_wide.parquet:PED:population (2026Q3; 2026Q4; 2027Q1; 2027Q2); VFM 202405 Base uptake shares; MBU26 rate cells AB5; AB7; AB9,,,,,,,source_backed,PED__DIAGLAB__B__glsar__ylag1__ar1__wexp; dynamic_RESID_GBR_n150_d1_lr0.05_w36; HEAVY_RUC__VNEXT_SOLVED_CONVEX_TOP4,allocated Light BEV RUC km * MBU26 Light BEV effective rate,True,114.634116955081,-1.9119275968037073,available,Model path,current_finalist_model,current_finalist_model,current_model_forecast,current_finalist_forecast,2026Q3; 2026Q4; 2027Q1; 2027Q2,,2026Q3; 2026Q4; 2027Q1; 2027Q2,False,diesel_elasticity_to_conventional_ice_only; bev_phev_activity_fixed_to_base,True,baseline_shifted_6m,delay_6m,0.9212658387203224
2027,FY2027,Current finalist High population/comparison,Current planned path,current_basecase_12c_delay_6m,comparison,heavy_bev_ruc_net_revenue,Heavy BEV RUC net revenue,RUC,0.0,$m nominal ex GST,leaf,MBU26 official fixed component,annual_spine.csv,AB31,,,,,,,source_backed,,nan,False,0.0,0.0,available,Model path,current_finalist_model,current_finalist_model,current_model_forecast,current_finalist_forecast,2026Q3; 2026Q4; 2027Q1; 2027Q2,,2026Q3; 2026Q4; 2027Q1; 2027Q2,False,diesel_elasticity_to_conventional_ice_only; bev_phev_activity_fixed_to_base,True,baseline_shifted_6m,delay_6m,0.9212658387203224
2027,FY2027,Current finalist High population/comparison,Current planned path,current_basecase_12c_delay_6m,comparison,phev_ruc_net_revenue,PHEV RUC net revenue,RUC,28.487023173248186,$m nominal ex GST,replacement_line,"raw AR(1) PED bridge and conventional-anchor VFM composition, scenario-input population and MBU26 effective rate",forecast_scenario_comparison.parquet; mbu26_official_annual.csv,data/current_revenue_outlook/revenue_chart_rows.csv:current_basecase_12c_delay_6m:2026Q3; data/current_revenue_outlook/revenue_chart_rows.csv:current_basecase_12c_delay_6m:2026Q4; data/current_revenue_outlook/revenue_chart_rows.csv:current_basecase_12c_delay_6m:2027Q1; data/current_revenue_outlook/revenue_chart_rows.csv:current_basecase_12c_delay_6m:2027Q2; data/current_revenue_outlook/revenue_chart_rows.csv:current_basecase_12c_delay_6m:2026Q3; data/current_revenue_outlook/revenue_chart_rows.csv:current_basecase_12c_delay_6m:2026Q4; data/current_revenue_outlook/revenue_chart_rows.csv:current_basecase_12c_delay_6m:2027Q1; data/current_revenue_outlook/revenue_chart_rows.csv:current_basecase_12c_delay_6m:2027Q2; scenario_inputs/scenario_input_wide.parquet:PED:population (2026Q3; 2026Q4; 2027Q1; 2027Q2); VFM 202405 Base uptake shares; MBU26 rate cells AB5; AB7; AB9,,,,,,,source_backed,PED__DIAGLAB__B__glsar__ylag1__ar1__wexp; dynamic_RESID_GBR_n150_d1_lr0.05_w36; HEAVY_RUC__VNEXT_SOLVED_CONVEX_TOP4,allocated PHEV RUC km * MBU26 PHEV effective rate,True,31.7081862571269,-0.687860249596902,available,Model path,current_finalist_model,current_finalist_model,current_model_forecast,current_finalist_forecast,2026Q3; 2026Q4; 2027Q1; 2027Q2,,2026Q3; 2026Q4; 2027Q1; 2027Q2,False,diesel_elasticity_to_conventional_ice_only; bev_phev_activity_fixed_to_base,True,baseline_shifted_6m,delay_6m,0.9212658387203224
2027,FY2027,Current finalist High population/comparison,Current planned path,current_basecase_12c_delay_6m,comparison,ruc_refunds,RUC refunds,RUC,78.1187556293993,$m nominal ex GST,deduction,MBU26 official fixed component,annual_spine.csv,AB33,,,,,,,source_backed,,nan,False,78.1187556293993,0.0,available,Model path,current_finalist_model,current_finalist_model,current_model_forecast,current_finalist_forecast,2026Q3; 2026Q4; 2027Q1; 2027Q2,,2026Q3; 2026Q4; 2027Q1; 2027Q2,False,,False,baseline_shifted_6m,delay_6m,0.9212658387203224
2027,FY2027,Current finalist High population/comparison,Current planned path,current_basecase_12c_delay_6m,comparison,gross_ruc_revenue,Gross RUC revenue,RUC,2218.2371227361896,$m nominal ex GST,calculated_rollup,current_hybrid_formula,current_hybrid_formula,current_revenue_outlook:current_basecase_12c_delay_6m:FY2027,,,,,,,source_backed,,optimized light_ruc_net_revenue + heavy_ruc_net_revenue + optimized light_bev_ruc_net_revenue + MBU26 heavy_bev_ruc_net_revenue + optimized phev_ruc_net_revenue + MBU26 ruc_refunds,False,2405.96768954745,-4.372155984138317,available,Model path,current_finalist_model,current_finalist_model,current_model_forecast,current_finalist_forecast,2026Q3; 2026Q4; 2027Q1; 2027Q2,,2026Q3; 2026Q4; 2027Q1; 2027Q2,False,,False,baseline_shifted_6m,delay_6m,0.9212658387203224
2027,FY2027,Current finalist High population/comparison,Current planned path,current_basecase_12c_delay_6m,comparison,ruc_admin_revenue,RUC admin revenue,RUC,34.8931365028412,$m nominal ex GST,deduction,MBU26 official fixed component,annual_spine.csv,AB35,,,,,,,source_backed,,nan,False,34.8931365028412,0.0,available,Model path,current_finalist_model,current_finalist_model,current_model_forecast,current_finalist_forecast,2026Q3; 2026Q4; 2027Q1; 2027Q2,,2026Q3; 2026Q4; 2027Q1; 2027Q2,False,,False,baseline_shifted_6m,delay_6m,0.9212658387203224
2027,FY2027,Current finalist High population/comparison,Current planned path,current_basecase_12c_delay_6m,comparison,ruc_revenue_net_admin,RUC revenues net of admin fees,RUC,2183.3439862333485,$m nominal ex GST,calculated_rollup,current_hybrid_formula,current_hybrid_formula,current_revenue_outlook:current_basecase_12c_delay_6m:FY2027,,,,,,,source_backed,,gross_ruc_revenue - MBU26 ruc_admin_revenue,False,2371.07455304461,-4.372155984139681,available,Model path,current_finalist_model,current_finalist_model,current_model_forecast,current_finalist_forecast,2026Q3; 2026Q4; 2027Q1; 2027Q2,,2026Q3; 2026Q4; 2027Q1; 2027Q2,False,,False,baseline_shifted_6m,delay_6m,0.9212658387203224
2027,FY2027,Current finalist High population/comparison,Current planned path,current_basecase_12c_delay_6m,comparison,total_ruc_net_revenue,Total RUC all classes,RUC,2105.225230603949,$m nominal ex GST,calculated_rollup,current_hybrid_formula,current_hybrid_formula,current_revenue_outlook:current_basecase_12c_delay_6m:FY2027,,,,,,,source_backed,PED__DIAGLAB__B__glsar__ylag1__ar1__wexp; dynamic_RESID_GBR_n150_d1_lr0.05_w36; HEAVY_RUC__VNEXT_SOLVED_CONVEX_TOP4,ruc_revenue_net_admin - MBU26 ruc_refunds,False,2292.95579741521,-4.372155984138772,available,Model path,current_finalist_model,current_finalist_model,current_model_forecast,current_finalist_forecast,2026Q3; 2026Q4; 2027Q1; 2027Q2,,2026Q3; 2026Q4; 2027Q1; 2027Q2,False,,False,baseline_shifted_6m,delay_6m,0.9212658387203224
2027,FY2027,Current finalist High population/comparison,Current planned path,current_basecase_12c_delay_6m,comparison,gross_ped_revenue,PED revenue,FED,2042.35559628024,$m nominal ex GST,replacement_line,"raw AR(1) PED bridge and conventional-anchor VFM composition, scenario-input population and MBU26 effective rate; population_source=scenario_input_population",forecast_scenario_comparison.parquet; scenario_inputs/scenario_input_wide.parquet; mbu26_official_annual.csv,data/current_revenue_outlook/revenue_chart_rows.csv:current_basecase_12c_delay_6m:2026Q3; data/current_revenue_outlook/revenue_chart_rows.csv:current_basecase_12c_delay_6m:2026Q4; data/current_revenue_outlook/revenue_chart_rows.csv:current_basecase_12c_delay_6m:2027Q1; data/current_revenue_outlook/revenue_chart_rows.csv:current_basecase_12c_delay_6m:2027Q2; data/current_revenue_outlook/revenue_chart_rows.csv:current_basecase_12c_delay_6m:2026Q3; data/current_revenue_outlook/revenue_chart_rows.csv:current_basecase_12c_delay_6m:2026Q4; data/current_revenue_outlook/revenue_chart_rows.csv:current_basecase_12c_delay_6m:2027Q1; data/current_revenue_outlook/revenue_chart_rows.csv:current_basecase_12c_delay_6m:2027Q2; scenario_inputs/scenario_input_wide.parquet:PED:population (2026Q3; 2026Q4; 2027Q1; 2027Q2); VFM 202405 Base uptake shares; MBU26 rate cells AB5; AB7; AB9,forecast_scenario_comparison.parquet,data/current_revenue_outlook/revenue_chart_rows.csv:current_basecase_12c_delay_6m:2026Q3; data/current_revenue_outlook/revenue_chart_rows.csv:current_basecase_12c_delay_6m:2026Q4; data/current_revenue_outlook/revenue_chart_rows.csv:current_basecase_12c_delay_6m:2027Q1; data/current_revenue_outlook/revenue_chart_rows.csv:current_basecase_12c_delay_6m:2027Q2,current_finalist_model,scenario_inputs/scenario_input_wide.parquet,scenario_inputs/scenario_input_wide.parquet:PED:population (2026Q3; 2026Q4; 2027Q1; 2027Q2),scenario_input_population,source_backed,PED__DIAGLAB__B__glsar__ylag1__ar1__wexp,raw PED/light-petrol VKT * MBU26 litres intensity / 100 * MBU26 PED rate,True,2161.50124126958,55.4002332463524,available,Model path,current_finalist_model,current_finalist_model,current_model_forecast,current_finalist_forecast,2026Q3; 2026Q4; 2027Q1; 2027Q2,,2026Q3; 2026Q4; 2027Q1; 2027Q2,False,,False,baseline_shifted_6m,delay_6m,0.9212658387203224
2027,FY2027,Current finalist High population/comparison,Current planned path,current_basecase_12c_delay_6m,comparison,gross_lpg_revenue,Gross LPG revenue,FED,42.6326898203412,$m nominal ex GST,leaf,MBU26 official fixed component,annual_spine.csv,AB41,,,,,,,source_backed,,nan,False,42.6326898203412,0.0,available,Model path,current_finalist_model,current_finalist_model,current_model_forecast,current_finalist_forecast,2026Q3; 2026Q4; 2027Q1; 2027Q2,,2026Q3; 2026Q4; 2027Q1; 2027Q2,False,,False,baseline_shifted_6m,delay_6m,0.9212658387203224
2027,FY2027,Current finalist High population/comparison,Current planned path,current_basecase_12c_delay_6m,comparison,gross_cng_revenue,Gross CNG revenue,FED,0.0,$m nominal ex GST,leaf,MBU26 official fixed component,annual_spine.csv,AB42,,,,,,,source_backed,,nan,False,0.0,0.0,available,Model path,current_finalist_model,current_finalist_model,current_model_forecast,current_finalist_forecast,2026Q3; 2026Q4; 2027Q1; 2027Q2,,2026Q3; 2026Q4; 2027Q1; 2027Q2,False,,False,baseline_shifted_6m,delay_6m,0.9212658387203224
2027,FY2027,Current finalist High population/comparison,Current planned path,current_basecase_12c_delay_6m,comparison,gross_fed_revenue,Gross FED revenue,FED,2084.9882861005813,$m nominal ex GST,calculated_rollup,current_hybrid_formula,current_hybrid_formula,current_revenue_outlook:current_basecase_12c_delay_6m:FY2027,,,,,,,source_backed,PED__DIAGLAB__B__glsar__ylag1__ar1__wexp,gross_ped_revenue + MBU26 gross_lpg_revenue + MBU26 gross_cng_revenue,False,2204.13393108992,55.40023324635331,available,Model path,current_finalist_model,current_finalist_model,current_model_forecast,current_finalist_forecast,2026Q3; 2026Q4; 2027Q1; 2027Q2,,2026Q3; 2026Q4; 2027Q1; 2027Q2,False,,False,baseline_shifted_6m,delay_6m,0.9212658387203224
2027,FY2027,Current finalist High population/comparison,Current planned path,current_basecase_12c_delay_6m,comparison,fed_refunds,FED refunds,FED,80.6529606896518,$m nominal ex GST,deduction,MBU26 official fixed component,annual_spine.csv,AB44,,,,,,,source_backed,,nan,False,80.6529606896518,0.0,available,Model path,current_finalist_model,current_finalist_model,current_model_forecast,current_finalist_forecast,2026Q3; 2026Q4; 2027Q1; 2027Q2,,2026Q3; 2026Q4; 2027Q1; 2027Q2,False,,False,baseline_shifted_6m,delay_6m,0.9212658387203224
2027,FY2027,Current finalist High population/comparison,Current planned path,current_basecase_12c_delay_6m,comparison,net_fed_revenue,Net FED revenue,FED,2004.3353254109295,$m nominal ex GST,calculated_rollup,current_hybrid_formula,current_hybrid_formula,current_revenue_outlook:current_basecase_12c_delay_6m:FY2027,,,,,,,source_backed,PED__DIAGLAB__B__glsar__ylag1__ar1__wexp,gross_fed_revenue - MBU26 fed_refunds,False,2123.48097040027,55.40023324635149,available,Model path,current_finalist_model,current_finalist_model,current_model_forecast,current_finalist_forecast,2026Q3; 2026Q4; 2027Q1; 2027Q2,,2026Q3; 2026Q4; 2027Q1; 2027Q2,False,,False,baseline_shifted_6m,delay_6m,0.9212658387203224
2027,FY2027,Current finalist High population/comparison,Current planned path,current_basecase_12c_delay_6m,comparison,mr1_revenue,MR1 revenue,MVR,526.840027334863,$m nominal ex GST,leaf,MBU26 official fixed component,annual_spine.csv,AB48,,,,,,,source_backed,,nan,False,526.840027334863,0.0,available,Model path,current_finalist_model,current_finalist_model,current_model_forecast,current_finalist_forecast,2026Q3; 2026Q4; 2027Q1; 2027Q2,,2026Q3; 2026Q4; 2027Q1; 2027Q2,False,,False,baseline_shifted_6m,delay_6m,0.9212658387203224
2027,FY2027,Current finalist High population/comparison,Current planned path,current_basecase_12c_delay_6m,comparison,mr2_revenue,MR2 revenue,MVR,31.3601498274909,$m nominal ex GST,leaf,MBU26 official fixed component,annual_spine.csv,AB49,,,,,,,source_backed,,nan,False,31.3601498274909,0.0,available,Model path,current_finalist_model,current_finalist_model,current_model_forecast,current_finalist_forecast,2026Q3; 2026Q4; 2027Q1; 2027Q2,,2026Q3; 2026Q4; 2027Q1; 2027Q2,False,,False,baseline_shifted_6m,delay_6m,0.9212658387203224
2027,FY2027,Current finalist High population/comparison,Current planned path,current_basecase_12c_delay_6m,comparison,coo_revenue,MR13,MVR,0.0,$m nominal ex GST,deduction,MBU26 official fixed component,annual_spine.csv,AB50,,,,,,,source_backed,,nan,False,0.0,0.0,available,Model path,current_finalist_model,current_finalist_model,current_model_forecast,current_finalist_forecast,2026Q3; 2026Q4; 2027Q1; 2027Q2,,2026Q3; 2026Q4; 2027Q1; 2027Q2,False,,False,baseline_shifted_6m,delay_6m,0.9212658387203224
2027,FY2027,Current finalist High population/comparison,Current planned path,current_basecase_12c_delay_6m,comparison,gross_mvr_revenue,Gross MVR revenue,MVR,558.2001771623538,$m nominal ex GST,calculated_rollup,MBU26 official formula,mbu26_official_annual.csv,AB51,,,,,,,source_backed,,mr1_revenue + mr2_revenue + coo_revenue,False,558.200177162354,-1.1368683772161603e-13,available,Model path,current_finalist_model,current_finalist_model,current_model_forecast,current_finalist_forecast,2026Q3; 2026Q4; 2027Q1; 2027Q2,,2026Q3; 2026Q4; 2027Q1; 2027Q2,False,,False,baseline_shifted_6m,delay_6m,0.9212658387203224
2027,FY2027,Current finalist High population/comparison,Current planned path,current_basecase_12c_delay_6m,comparison,mvr_admin_revenue,MVR admin revenue,MVR,72.2584767411959,$m nominal ex GST,deduction,MBU26 official fixed component,annual_spine.csv,AB52,,,,,,,source_backed,,nan,False,72.2584767411959,0.0,available,Model path,current_finalist_model,current_finalist_model,current_model_forecast,current_finalist_forecast,2026Q3; 2026Q4; 2027Q1; 2027Q2,,2026Q3; 2026Q4; 2027Q1; 2027Q2,False,,False,baseline_shifted_6m,delay_6m,0.9212658387203224
2027,FY2027,Current finalist High population/comparison,Current planned path,current_basecase_12c_delay_6m,comparison,mvr_revenue_net_admin_coo,MVR revenues net of admin fees and COO,MVR,485.941700421158,$m nominal ex GST,calculated_rollup,MBU26 official formula,mbu26_official_annual.csv,AB53,,,,,,,source_backed,,mr1_revenue + mr2_revenue - mvr_admin_revenue,False,485.941700421158,-5.684341886080802e-14,available,Model path,current_finalist_model,current_finalist_model,current_model_forecast,current_finalist_forecast,2026Q3; 2026Q4; 2027Q1; 2027Q2,,2026Q3; 2026Q4; 2027Q1; 2027Q2,False,,False,baseline_shifted_6m,delay_6m,0.9212658387203224
2027,FY2027,Current finalist High population/comparison,Current planned path,current_basecase_12c_delay_6m,comparison,mvr_refunds,MVR refunds,MVR,1.8947102491513,$m nominal ex GST,deduction,MBU26 official fixed component,annual_spine.csv,AB54,,,,,,,source_backed,,nan,False,1.8947102491513,0.0,available,Model path,current_finalist_model,current_finalist_model,current_model_forecast,current_finalist_forecast,2026Q3; 2026Q4; 2027Q1; 2027Q2,,2026Q3; 2026Q4; 2027Q1; 2027Q2,False,,False,baseline_shifted_6m,delay_6m,0.9212658387203224
2027,FY2027,Current finalist High population/comparison,Current planned path,current_basecase_12c_delay_6m,comparison,net_mvr_revenue,Net MVR revenue,MVR,484.0469901720067,$m nominal ex GST,calculated_rollup,MBU26 official formula,mbu26_official_annual.csv,AB55,,,,,,,source_backed,,mvr_revenue_net_admin_coo - mvr_refunds,False,484.046990172007,-3.410605131648481e-13,available,Model path,current_finalist_model,current_finalist_model,current_model_forecast,current_finalist_forecast,2026Q3; 2026Q4; 2027Q1; 2027Q2,,2026Q3; 2026Q4; 2027Q1; 2027Q2,False,,False,baseline_shifted_6m,delay_6m,0.9212658387203224
2027,FY2027,Current finalist High population/comparison,Current planned path,current_basecase_12c_delay_6m,comparison,tuc_net_revenue,TUC net revenue,TUC,17.5578996928248,$m nominal ex GST,leaf,MBU26 official fixed component,annual_spine.csv,AB58,,,,,,,source_backed,,nan,False,17.5578996928248,0.0,available,Model path,current_finalist_model,current_finalist_model,current_model_forecast,current_finalist_forecast,2026Q3; 2026Q4; 2027Q1; 2027Q2,,2026Q3; 2026Q4; 2027Q1; 2027Q2,False,,False,baseline_shifted_6m,delay_6m,0.9212658387203224
2027,FY2027,Current finalist High population/comparison,Current planned path,current_basecase_12c_delay_6m,comparison,total_gross_revenue,Total gross revenues,Totals,4878.98348569195,$m nominal ex GST,calculated_rollup,current_hybrid_formula,current_hybrid_formula,current_revenue_outlook:current_basecase_12c_delay_6m:FY2027,,,,,,,source_backed,,gross_ruc_revenue + gross_fed_revenue + gross_mvr_revenue + tuc_net_revenue,False,5185.85969749254,51.02807726222363,available,Model path,current_finalist_model,current_finalist_model,current_model_forecast,current_finalist_forecast,2026Q3; 2026Q4; 2027Q1; 2027Q2,,2026Q3; 2026Q4; 2027Q1; 2027Q2,False,,False,baseline_shifted_6m,delay_6m,0.9212658387203224
2027,FY2027,Current finalist High population/comparison,Current planned path,current_basecase_12c_delay_6m,comparison,total_admin_fees,Total admin fees,Totals,107.15161324403711,$m nominal ex GST,calculated_rollup,current_hybrid_formula,current_hybrid_formula,current_revenue_outlook:current_basecase_12c_delay_6m:FY2027,,,,,,,source_backed,,ruc_admin_revenue + mvr_admin_revenue + coo_revenue,False,107.151613244037,1.1368683772161603e-13,available,Model path,current_finalist_model,current_finalist_model,current_model_forecast,current_finalist_forecast,2026Q3; 2026Q4; 2027Q1; 2027Q2,,2026Q3; 2026Q4; 2027Q1; 2027Q2,False,,False,baseline_shifted_6m,delay_6m,0.9212658387203224
2027,FY2027,Current finalist High population/comparison,Current planned path,current_basecase_12c_delay_6m,comparison,total_revenue_net_admin,Total revenues net of admin fees,Totals,4771.831872447912,$m nominal ex GST,calculated_rollup,current_hybrid_formula,current_hybrid_formula,current_revenue_outlook:current_basecase_12c_delay_6m:FY2027,,,,,,,source_backed,,total_gross_revenue - total_admin_fees,False,5078.70808424851,51.02807726221636,available,Model path,current_finalist_model,current_finalist_model,current_model_forecast,current_finalist_forecast,2026Q3; 2026Q4; 2027Q1; 2027Q2,,2026Q3; 2026Q4; 2027Q1; 2027Q2,False,,False,baseline_shifted_6m,delay_6m,0.9212658387203224
2027,FY2027,Current finalist High population/comparison,Current planned path,current_basecase_12c_delay_6m,comparison,total_refunds,Total refunds,Totals,160.6664265682024,$m nominal ex GST,calculated_rollup,current_hybrid_formula,current_hybrid_formula,current_revenue_outlook:current_basecase_12c_delay_6m:FY2027,,,,,,,source_backed,,ruc_refunds + fed_refunds + mvr_refunds,False,160.666426568202,3.979039320256561e-13,available,Model path,current_finalist_model,current_finalist_model,current_model_forecast,current_finalist_forecast,2026Q3; 2026Q4; 2027Q1; 2027Q2,,2026Q3; 2026Q4; 2027Q1; 2027Q2,False,,False,baseline_shifted_6m,delay_6m,0.9212658387203224
2027,FY2027,Current finalist High population/comparison,Current planned path,current_basecase_12c_delay_6m,comparison,total_nltf_net_revenue,Total NLTF revenue,Totals,4611.16544587971,$m nominal ex GST,calculated_rollup,current_hybrid_formula,current_hybrid_formula,current_revenue_outlook:current_basecase_12c_delay_6m:FY2027,,,,,,,source_backed,PED__DIAGLAB__B__glsar__ylag1__ar1__wexp; dynamic_RESID_GBR_n150_d1_lr0.05_w36; HEAVY_RUC__VNEXT_SOLVED_CONVEX_TOP4,total_revenue_net_admin - total_refunds,False,4918.0416576803,51.02807726222454,available,Model path,current_finalist_model,current_finalist_model,current_model_forecast,current_finalist_forecast,2026Q3; 2026Q4; 2027Q1; 2027Q2,,2026Q3; 2026Q4; 2027Q1; 2027Q2,False,,False,baseline_shifted_6m,delay_6m,0.9212658387203224
2027,FY2027,Current finalist High population/comparison,Current planned path,current_basecase_12c_delay_6m,comparison,current_light_ruc_conventional_modelled_km,Current finalist Light RUC conventional modelled km,Key volumes,12939.128473679879,million km,audit_only,current_finalist_model_conventional_light_ruc_forecast,forecast_scenario_comparison.parquet,data/current_revenue_outlook/revenue_chart_rows.csv:current_basecase_12c_delay_6m:2026Q3; data/current_revenue_outlook/revenue_chart_rows.csv:current_basecase_12c_delay_6m:2026Q4; data/current_revenue_outlook/revenue_chart_rows.csv:current_basecase_12c_delay_6m:2027Q1; data/current_revenue_outlook/revenue_chart_rows.csv:current_basecase_12c_delay_6m:2027Q2,,,,,,,source_backed,dynamic_RESID_GBR_n150_d1_lr0.05_w36,sum quarterly current finalist Light RUC conventional model forecast,False,,,available,Model path,current_finalist_model,current_finalist_model,current_model_forecast,current_finalist_forecast,2026Q3; 2026Q4; 2027Q1; 2027Q2,,2026Q3; 2026Q4; 2027Q1; 2027Q2,False,diesel_elasticity_to_conventional_ice_only; bev_phev_activity_fixed_to_base,True,baseline_shifted_6m,delay_6m,0.9212658387203224
2027,FY2027,Current finalist High population/comparison,Current planned path,current_basecase_12c_delay_6m,comparison,total_fed_ruc_net_revenue,Total RUC+PED revenue,Derived totals,4109.560556014879,$m nominal ex GST,calculated_rollup,current_hybrid_formula,current_hybrid_formula,current_revenue_outlook:current_basecase_12c_delay_6m:FY2027,,,,,,,source_backed,PED__DIAGLAB__B__glsar__ylag1__ar1__wexp; dynamic_RESID_GBR_n150_d1_lr0.05_w36; HEAVY_RUC__VNEXT_SOLVED_CONVEX_TOP4,net_fed_revenue + total_ruc_net_revenue,False,4416.43676781548,51.02807726221272,available,Model path,current_finalist_model,current_finalist_model,current_model_forecast,current_finalist_forecast,2026Q3; 2026Q4; 2027Q1; 2027Q2,,2026Q3; 2026Q4; 2027Q1; 2027Q2,False,,False,baseline_shifted_6m,delay_6m,0.9212658387203224
2028,FY2028,Current finalist High population/comparison,Current planned path,current_basecase_12c_delay_6m,comparison,light_ruc_net_km,Light RUC net km,Key volumes,13542.195255933106,million km,bridge_input,raw AR(1) PED VKT per capita x scenario-input population; raw Light RUC conventional model forecast expanded by MoT VFM 202405 Base uptake shares (conventional_anchor_vfm_composition_v1),forecast_scenario_comparison.parquet; mbu26_official_annual.csv,data/current_revenue_outlook/revenue_chart_rows.csv:current_basecase_12c_delay_6m:2027Q3; data/current_revenue_outlook/revenue_chart_rows.csv:current_basecase_12c_delay_6m:2027Q4; data/current_revenue_outlook/revenue_chart_rows.csv:current_basecase_12c_delay_6m:2028Q1; data/current_revenue_outlook/revenue_chart_rows.csv:current_basecase_12c_delay_6m:2028Q2; data/current_revenue_outlook/revenue_chart_rows.csv:current_basecase_12c_delay_6m:2027Q3; data/current_revenue_outlook/revenue_chart_rows.csv:current_basecase_12c_delay_6m:2027Q4; data/current_revenue_outlook/revenue_chart_rows.csv:current_basecase_12c_delay_6m:2028Q1; data/current_revenue_outlook/revenue_chart_rows.csv:current_basecase_12c_delay_6m:2028Q2; scenario_inputs/scenario_input_wide.parquet:PED:population (2027Q3; 2027Q4; 2028Q1; 2028Q2); VFM 202405 Base uptake shares; MBU26 rate cells AC5; AC7; AC9,,,,,,,source_backed,dynamic_RESID_GBR_n150_d1_lr0.05_w36,raw Light RUC conventional model forecast (preserved exactly under the Base uptake basis),False,13232.0139233986,310.18133253450833,available,Model path,current_finalist_model,current_finalist_model,current_model_forecast,current_finalist_forecast,2027Q3; 2027Q4; 2028Q1; 2028Q2,,2027Q3; 2027Q4; 2028Q1; 2028Q2,False,diesel_elasticity_to_conventional_ice_only; bev_phev_activity_fixed_to_base,True,baseline_shifted_6m,delay_6m,1.0
2028,FY2028,Current finalist High population/comparison,Current planned path,current_basecase_12c_delay_6m,comparison,heavy_ruc_net_km,Heavy RUC net km,Key volumes,4153.274595045411,million km,bridge_input,current_finalist_model,forecast_scenario_comparison.parquet,data/current_revenue_outlook/revenue_chart_rows.csv:current_basecase_12c_delay_6m:2027Q3; data/current_revenue_outlook/revenue_chart_rows.csv:current_basecase_12c_delay_6m:2027Q4; data/current_revenue_outlook/revenue_chart_rows.csv:current_basecase_12c_delay_6m:2028Q1; data/current_revenue_outlook/revenue_chart_rows.csv:current_basecase_12c_delay_6m:2028Q2,,,,,,,source_backed,HEAVY_RUC__VNEXT_SOLVED_CONVEX_TOP4,sum quarterly current finalist Heavy RUC net km,False,4316.6483901476,-163.37379510218943,available,Model path,current_finalist_model,current_finalist_model,current_model_forecast,current_finalist_forecast,2027Q3; 2027Q4; 2028Q1; 2028Q2,,2027Q3; 2027Q4; 2028Q1; 2028Q2,False,,False,baseline_shifted_6m,delay_6m,1.0
2028,FY2028,Current finalist High population/comparison,Current planned path,current_basecase_12c_delay_6m,comparison,light_bev_ruc_net_km,Light BEV RUC net km,Key volumes,2047.1005382667586,million km,bridge_input,raw AR(1) PED VKT per capita x scenario-input population; raw Light RUC conventional model forecast expanded by MoT VFM 202405 Base uptake shares (conventional_anchor_vfm_composition_v1),forecast_scenario_comparison.parquet; mbu26_official_annual.csv,data/current_revenue_outlook/revenue_chart_rows.csv:current_basecase_12c_delay_6m:2027Q3; data/current_revenue_outlook/revenue_chart_rows.csv:current_basecase_12c_delay_6m:2027Q4; data/current_revenue_outlook/revenue_chart_rows.csv:current_basecase_12c_delay_6m:2028Q1; data/current_revenue_outlook/revenue_chart_rows.csv:current_basecase_12c_delay_6m:2028Q2; data/current_revenue_outlook/revenue_chart_rows.csv:current_basecase_12c_delay_6m:2027Q3; data/current_revenue_outlook/revenue_chart_rows.csv:current_basecase_12c_delay_6m:2027Q4; data/current_revenue_outlook/revenue_chart_rows.csv:current_basecase_12c_delay_6m:2028Q1; data/current_revenue_outlook/revenue_chart_rows.csv:current_basecase_12c_delay_6m:2028Q2; scenario_inputs/scenario_input_wide.parquet:PED:population (2027Q3; 2027Q4; 2028Q1; 2028Q2); VFM 202405 Base uptake shares; MBU26 rate cells AC5; AC7; AC9,,,,,,,source_backed,PED__DIAGLAB__B__glsar__ylag1__ar1__wexp; dynamic_RESID_GBR_n150_d1_lr0.05_w36; HEAVY_RUC__VNEXT_SOLVED_CONVEX_TOP4,base pool (conventional / VFM Base conventional share) * VFM Base Light BEV share,False,1989.37597979678,57.72455846997855,available,Model path,current_finalist_model,current_finalist_model,current_model_forecast,current_finalist_forecast,2027Q3; 2027Q4; 2028Q1; 2028Q2,,2027Q3; 2027Q4; 2028Q1; 2028Q2,False,diesel_elasticity_to_conventional_ice_only; bev_phev_activity_fixed_to_base,True,baseline_shifted_6m,delay_6m,1.0
2028,FY2028,Current finalist High population/comparison,Current planned path,current_basecase_12c_delay_6m,comparison,heavy_bev_ruc_net_km,Heavy BEV RUC net km,Key volumes,60.5044362657779,million km,bridge_input,MBU26 official fixed component,annual_spine.csv,AC8,,,,,,,source_backed,,nan,False,60.5044362657779,0.0,available,Model path,current_finalist_model,current_finalist_model,current_model_forecast,current_finalist_forecast,2027Q3; 2027Q4; 2028Q1; 2028Q2,,2027Q3; 2027Q4; 2028Q1; 2028Q2,False,diesel_elasticity_to_conventional_ice_only; bev_phev_activity_fixed_to_base,True,baseline_shifted_6m,delay_6m,1.0
2028,FY2028,Current finalist High population/comparison,Current planned path,current_basecase_12c_delay_6m,comparison,phev_ruc_net_km,PHEV RUC net km,Key volumes,1140.5757203778505,million km,bridge_input,raw AR(1) PED VKT per capita x scenario-input population; raw Light RUC conventional model forecast expanded by MoT VFM 202405 Base uptake shares (conventional_anchor_vfm_composition_v1),forecast_scenario_comparison.parquet; mbu26_official_annual.csv,data/current_revenue_outlook/revenue_chart_rows.csv:current_basecase_12c_delay_6m:2027Q3; data/current_revenue_outlook/revenue_chart_rows.csv:current_basecase_12c_delay_6m:2027Q4; data/current_revenue_outlook/revenue_chart_rows.csv:current_basecase_12c_delay_6m:2028Q1; data/current_revenue_outlook/revenue_chart_rows.csv:current_basecase_12c_delay_6m:2028Q2; data/current_revenue_outlook/revenue_chart_rows.csv:current_basecase_12c_delay_6m:2027Q3; data/current_revenue_outlook/revenue_chart_rows.csv:current_basecase_12c_delay_6m:2027Q4; data/current_revenue_outlook/revenue_chart_rows.csv:current_basecase_12c_delay_6m:2028Q1; data/current_revenue_outlook/revenue_chart_rows.csv:current_basecase_12c_delay_6m:2028Q2; scenario_inputs/scenario_input_wide.parquet:PED:population (2027Q3; 2027Q4; 2028Q1; 2028Q2); VFM 202405 Base uptake shares; MBU26 rate cells AC5; AC7; AC9,,,,,,,source_backed,PED__DIAGLAB__B__glsar__ylag1__ar1__wexp; dynamic_RESID_GBR_n150_d1_lr0.05_w36; HEAVY_RUC__VNEXT_SOLVED_CONVEX_TOP4,base pool (conventional / VFM Base conventional share) * VFM Base PHEV share,False,1114.1399728797,26.435747498150477,available,Model path,current_finalist_model,current_finalist_model,current_model_forecast,current_finalist_forecast,2027Q3; 2027Q4; 2028Q1; 2028Q2,,2027Q3; 2027Q4; 2028Q1; 2028Q2,False,diesel_elasticity_to_conventional_ice_only; bev_phev_activity_fixed_to_base,True,baseline_shifted_6m,delay_6m,1.0
2028,FY2028,Current finalist High population/comparison,Current planned path,current_basecase_12c_delay_6m,comparison,ped_volume,PED volume,Key volumes,2891.724898424629,million litres,bridge_input,raw AR(1) PED VKT/capita + scenario-input population (scenario_input_population) + MBU26 intensity,forecast_scenario_comparison.parquet; scenario_inputs/scenario_input_wide.parquet; mbu26_official_annual.csv,data/current_revenue_outlook/revenue_chart_rows.csv:current_basecase_12c_delay_6m:2027Q3; data/current_revenue_outlook/revenue_chart_rows.csv:current_basecase_12c_delay_6m:2027Q4; data/current_revenue_outlook/revenue_chart_rows.csv:current_basecase_12c_delay_6m:2028Q1; data/current_revenue_outlook/revenue_chart_rows.csv:current_basecase_12c_delay_6m:2028Q2; data/current_revenue_outlook/revenue_chart_rows.csv:current_basecase_12c_delay_6m:2027Q3; data/current_revenue_outlook/revenue_chart_rows.csv:current_basecase_12c_delay_6m:2027Q4; data/current_revenue_outlook/revenue_chart_rows.csv:current_basecase_12c_delay_6m:2028Q1; data/current_revenue_outlook/revenue_chart_rows.csv:current_basecase_12c_delay_6m:2028Q2; scenario_inputs/scenario_input_wide.parquet:PED:population (2027Q3; 2027Q4; 2028Q1; 2028Q2); VFM 202405 Base uptake shares; MBU26 rate cells AC5; AC7; AC9,forecast_scenario_comparison.parquet,data/current_revenue_outlook/revenue_chart_rows.csv:current_basecase_12c_delay_6m:2027Q3; data/current_revenue_outlook/revenue_chart_rows.csv:current_basecase_12c_delay_6m:2027Q4; data/current_revenue_outlook/revenue_chart_rows.csv:current_basecase_12c_delay_6m:2028Q1; data/current_revenue_outlook/revenue_chart_rows.csv:current_basecase_12c_delay_6m:2028Q2,current_finalist_model,scenario_inputs/scenario_input_wide.parquet,scenario_inputs/scenario_input_wide.parquet:PED:population (2027Q3; 2027Q4; 2028Q1; 2028Q2),scenario_input_population,source_backed,PED__DIAGLAB__B__glsar__ylag1__ar1__wexp,raw PED/light-petrol VKT * MBU26 litres intensity / 100,False,2868.53356449197,23.191333932658836,available,Model path,current_finalist_model,current_finalist_model,current_model_forecast,current_finalist_forecast,2027Q3; 2027Q4; 2028Q1; 2028Q2,,2027Q3; 2027Q4; 2028Q1; 2028Q2,False,,False,baseline_shifted_6m,delay_6m,1.0
2028,FY2028,Current finalist High population/comparison,Current planned path,current_basecase_12c_delay_6m,comparison,light_petrol_vkt,Light petrol VKT,Key volumes,32375.58680046918,million km,bridge_input,raw AR(1) PED VKT per capita x scenario-input population; raw Light RUC conventional model forecast expanded by MoT VFM 202405 Base uptake shares (conventional_anchor_vfm_composition_v1),forecast_scenario_comparison.parquet; mbu26_official_annual.csv,data/current_revenue_outlook/revenue_chart_rows.csv:current_basecase_12c_delay_6m:2027Q3; data/current_revenue_outlook/revenue_chart_rows.csv:current_basecase_12c_delay_6m:2027Q4; data/current_revenue_outlook/revenue_chart_rows.csv:current_basecase_12c_delay_6m:2028Q1; data/current_revenue_outlook/revenue_chart_rows.csv:current_basecase_12c_delay_6m:2028Q2; data/current_revenue_outlook/revenue_chart_rows.csv:current_basecase_12c_delay_6m:2027Q3; data/current_revenue_outlook/revenue_chart_rows.csv:current_basecase_12c_delay_6m:2027Q4; data/current_revenue_outlook/revenue_chart_rows.csv:current_basecase_12c_delay_6m:2028Q1; data/current_revenue_outlook/revenue_chart_rows.csv:current_basecase_12c_delay_6m:2028Q2; scenario_inputs/scenario_input_wide.parquet:PED:population (2027Q3; 2027Q4; 2028Q1; 2028Q2); VFM 202405 Base uptake shares; MBU26 rate cells AC5; AC7; AC9,forecast_scenario_comparison.parquet,data/current_revenue_outlook/revenue_chart_rows.csv:current_basecase_12c_delay_6m:2027Q3; data/current_revenue_outlook/revenue_chart_rows.csv:current_basecase_12c_delay_6m:2027Q4; data/current_revenue_outlook/revenue_chart_rows.csv:current_basecase_12c_delay_6m:2028Q1; data/current_revenue_outlook/revenue_chart_rows.csv:current_basecase_12c_delay_6m:2028Q2,current_finalist_model,scenario_inputs/scenario_input_wide.parquet,scenario_inputs/scenario_input_wide.parquet:PED:population (2027Q3; 2027Q4; 2028Q1; 2028Q2),scenario_input_population,source_backed,,raw AR(1) PED VKT per capita * scenario-input population,False,32115.9379503436,259.6488501255808,available,Model path,current_finalist_model,current_finalist_model,current_model_forecast,current_finalist_forecast,2027Q3; 2027Q4; 2028Q1; 2028Q2,,2027Q3; 2027Q4; 2028Q1; 2028Q2,False,,False,baseline_shifted_6m,delay_6m,1.0
2028,FY2028,Current finalist High population/comparison,Current planned path,current_basecase_12c_delay_6m,comparison,ped_vkt_per_capita,PED VKT per capita,Key volumes,5916.055674224163,km/person,bridge_input,current_finalist_model,forecast_scenario_comparison.parquet,data/current_revenue_outlook/revenue_chart_rows.csv:current_basecase_12c_delay_6m:2027Q3; data/current_revenue_outlook/revenue_chart_rows.csv:current_basecase_12c_delay_6m:2027Q4; data/current_revenue_outlook/revenue_chart_rows.csv:current_basecase_12c_delay_6m:2028Q1; data/current_revenue_outlook/revenue_chart_rows.csv:current_basecase_12c_delay_6m:2028Q2,forecast_scenario_comparison.parquet,data/current_revenue_outlook/revenue_chart_rows.csv:current_basecase_12c_delay_6m:2027Q3; data/current_revenue_outlook/revenue_chart_rows.csv:current_basecase_12c_delay_6m:2027Q4; data/current_revenue_outlook/revenue_chart_rows.csv:current_basecase_12c_delay_6m:2028Q1; data/current_revenue_outlook/revenue_chart_rows.csv:current_basecase_12c_delay_6m:2028Q2,current_finalist_model,,,,source_backed,PED__DIAGLAB__B__glsar__ylag1__ar1__wexp,sum quarterly current finalist PED VKT/capita,False,5866.51585550544,49.53981871872293,available,Model path,current_finalist_model,current_finalist_model,current_model_forecast,current_finalist_forecast,2027Q3; 2027Q4; 2028Q1; 2028Q2,,2027Q3; 2027Q4; 2028Q1; 2028Q2,False,,False,baseline_shifted_6m,delay_6m,1.0
2028,FY2028,Current finalist High population/comparison,Current planned path,current_basecase_12c_delay_6m,comparison,tuc_gtk,TUC GTK,Key volumes,8179315222.66,tonne-km,bridge_input,MBU26 official fixed component,annual_spine.csv,AC13,,,,,,,source_backed,,nan,False,8179315222.66,0.0,available,Model path,current_finalist_model,current_finalist_model,current_model_forecast,current_finalist_forecast,2027Q3; 2027Q4; 2028Q1; 2028Q2,,2027Q3; 2027Q4; 2028Q1; 2028Q2,False,,False,baseline_shifted_6m,delay_6m,1.0
2028,FY2028,Current finalist High population/comparison,Current planned path,current_basecase_12c_delay_6m,comparison,light_ruc_net_revenue,Light RUC revenue,RUC,1101.2931401325109,$m nominal ex GST,replacement_line,"raw AR(1) PED bridge and conventional-anchor VFM composition, scenario-input population and MBU26 effective rate",forecast_scenario_comparison.parquet; mbu26_official_annual.csv,data/current_revenue_outlook/revenue_chart_rows.csv:current_basecase_12c_delay_6m:2027Q3; data/current_revenue_outlook/revenue_chart_rows.csv:current_basecase_12c_delay_6m:2027Q4; data/current_revenue_outlook/revenue_chart_rows.csv:current_basecase_12c_delay_6m:2028Q1; data/current_revenue_outlook/revenue_chart_rows.csv:current_basecase_12c_delay_6m:2028Q2; data/current_revenue_outlook/revenue_chart_rows.csv:current_basecase_12c_delay_6m:2027Q3; data/current_revenue_outlook/revenue_chart_rows.csv:current_basecase_12c_delay_6m:2027Q4; data/current_revenue_outlook/revenue_chart_rows.csv:current_basecase_12c_delay_6m:2028Q1; data/current_revenue_outlook/revenue_chart_rows.csv:current_basecase_12c_delay_6m:2028Q2; scenario_inputs/scenario_input_wide.parquet:PED:population (2027Q3; 2027Q4; 2028Q1; 2028Q2); VFM 202405 Base uptake shares; MBU26 rate cells AC5; AC7; AC9,,,,,,,source_backed,dynamic_RESID_GBR_n150_d1_lr0.05_w36,conventional Light RUC km * MBU26 conventional Light effective rate,True,1076.06823624791,25.22490388460119,available,Model path,current_finalist_model,current_finalist_model,current_model_forecast,current_finalist_forecast,2027Q3; 2027Q4; 2028Q1; 2028Q2,,2027Q3; 2027Q4; 2028Q1; 2028Q2,False,diesel_elasticity_to_conventional_ice_only; bev_phev_activity_fixed_to_base,True,baseline_shifted_6m,delay_6m,1.0
2028,FY2028,Current finalist High population/comparison,Current planned path,current_basecase_12c_delay_6m,comparison,heavy_ruc_net_revenue,Heavy RUC revenue,RUC,1386.5556415592898,$m nominal ex GST,replacement_line,current_finalist_model + MBU26 effective rate,forecast_scenario_comparison.parquet; mbu26_official_annual.csv,data/current_revenue_outlook/revenue_chart_rows.csv:current_basecase_12c_delay_6m:2027Q3; data/current_revenue_outlook/revenue_chart_rows.csv:current_basecase_12c_delay_6m:2027Q4; data/current_revenue_outlook/revenue_chart_rows.csv:current_basecase_12c_delay_6m:2028Q1; data/current_revenue_outlook/revenue_chart_rows.csv:current_basecase_12c_delay_6m:2028Q2,,,,,,,source_backed,HEAVY_RUC__VNEXT_SOLVED_CONVEX_TOP4,sum quarterly current Heavy RUC net km * MBU26 effective rate,True,1441.09738978661,-54.54174822732011,available,Model path,current_finalist_model,current_finalist_model,current_model_forecast,current_finalist_forecast,2027Q3; 2027Q4; 2028Q1; 2028Q2,,2027Q3; 2027Q4; 2028Q1; 2028Q2,False,,False,baseline_shifted_6m,delay_6m,1.0
2028,FY2028,Current finalist High population/comparison,Current planned path,current_basecase_12c_delay_6m,comparison,light_bev_ruc_net_revenue,Light BEV RUC net revenue,RUC,166.53162878800077,$m nominal ex GST,replacement_line,"raw AR(1) PED bridge and conventional-anchor VFM composition, scenario-input population and MBU26 effective rate",forecast_scenario_comparison.parquet; mbu26_official_annual.csv,data/current_revenue_outlook/revenue_chart_rows.csv:current_basecase_12c_delay_6m:2027Q3; data/current_revenue_outlook/revenue_chart_rows.csv:current_basecase_12c_delay_6m:2027Q4; data/current_revenue_outlook/revenue_chart_rows.csv:current_basecase_12c_delay_6m:2028Q1; data/current_revenue_outlook/revenue_chart_rows.csv:current_basecase_12c_delay_6m:2028Q2; data/current_revenue_outlook/revenue_chart_rows.csv:current_basecase_12c_delay_6m:2027Q3; data/current_revenue_outlook/revenue_chart_rows.csv:current_basecase_12c_delay_6m:2027Q4; data/current_revenue_outlook/revenue_chart_rows.csv:current_basecase_12c_delay_6m:2028Q1; data/current_revenue_outlook/revenue_chart_rows.csv:current_basecase_12c_delay_6m:2028Q2; scenario_inputs/scenario_input_wide.parquet:PED:population (2027Q3; 2027Q4; 2028Q1; 2028Q2); VFM 202405 Base uptake shares; MBU26 rate cells AC5; AC7; AC9,,,,,,,source_backed,PED__DIAGLAB__B__glsar__ylag1__ar1__wexp; dynamic_RESID_GBR_n150_d1_lr0.05_w36; HEAVY_RUC__VNEXT_SOLVED_CONVEX_TOP4,allocated Light BEV RUC km * MBU26 Light BEV effective rate,True,161.835735956468,4.695892831532774,available,Model path,current_finalist_model,current_finalist_model,current_model_forecast,current_finalist_forecast,2027Q3; 2027Q4; 2028Q1; 2028Q2,,2027Q3; 2027Q4; 2028Q1; 2028Q2,False,diesel_elasticity_to_conventional_ice_only; bev_phev_activity_fixed_to_base,True,baseline_shifted_6m,delay_6m,1.0
2028,FY2028,Current finalist High population/comparison,Current planned path,current_basecase_12c_delay_6m,comparison,heavy_bev_ruc_net_revenue,Heavy BEV RUC net revenue,RUC,20.2030363135059,$m nominal ex GST,leaf,MBU26 official fixed component,annual_spine.csv,AC31,,,,,,,source_backed,,nan,False,20.2030363135059,0.0,available,Model path,current_finalist_model,current_finalist_model,current_model_forecast,current_finalist_forecast,2027Q3; 2027Q4; 2028Q1; 2028Q2,,2027Q3; 2027Q4; 2028Q1; 2028Q2,False,diesel_elasticity_to_conventional_ice_only; bev_phev_activity_fixed_to_base,True,baseline_shifted_6m,delay_6m,1.0
2028,FY2028,Current finalist High population/comparison,Current planned path,current_basecase_12c_delay_6m,comparison,phev_ruc_net_revenue,PHEV RUC net revenue,RUC,45.75419502295762,$m nominal ex GST,replacement_line,"raw AR(1) PED bridge and conventional-anchor VFM composition, scenario-input population and MBU26 effective rate",forecast_scenario_comparison.parquet; mbu26_official_annual.csv,data/current_revenue_outlook/revenue_chart_rows.csv:current_basecase_12c_delay_6m:2027Q3; data/current_revenue_outlook/revenue_chart_rows.csv:current_basecase_12c_delay_6m:2027Q4; data/current_revenue_outlook/revenue_chart_rows.csv:current_basecase_12c_delay_6m:2028Q1; data/current_revenue_outlook/revenue_chart_rows.csv:current_basecase_12c_delay_6m:2028Q2; data/current_revenue_outlook/revenue_chart_rows.csv:current_basecase_12c_delay_6m:2027Q3; data/current_revenue_outlook/revenue_chart_rows.csv:current_basecase_12c_delay_6m:2027Q4; data/current_revenue_outlook/revenue_chart_rows.csv:current_basecase_12c_delay_6m:2028Q1; data/current_revenue_outlook/revenue_chart_rows.csv:current_basecase_12c_delay_6m:2028Q2; scenario_inputs/scenario_input_wide.parquet:PED:population (2027Q3; 2027Q4; 2028Q1; 2028Q2); VFM 202405 Base uptake shares; MBU26 rate cells AC5; AC7; AC9,,,,,,,source_backed,PED__DIAGLAB__B__glsar__ylag1__ar1__wexp; dynamic_RESID_GBR_n150_d1_lr0.05_w36; HEAVY_RUC__VNEXT_SOLVED_CONVEX_TOP4,allocated PHEV RUC km * MBU26 PHEV effective rate,True,44.6937250120693,1.0604700108883165,available,Model path,current_finalist_model,current_finalist_model,current_model_forecast,current_finalist_forecast,2027Q3; 2027Q4; 2028Q1; 2028Q2,,2027Q3; 2027Q4; 2028Q1; 2028Q2,False,diesel_elasticity_to_conventional_ice_only; bev_phev_activity_fixed_to_base,True,baseline_shifted_6m,delay_6m,1.0
2028,FY2028,Current finalist High population/comparison,Current planned path,current_basecase_12c_delay_6m,comparison,ruc_refunds,RUC refunds,RUC,91.9223646926299,$m nominal ex GST,deduction,MBU26 official fixed component,annual_spine.csv,AC33,,,,,,,source_backed,,nan,False,91.9223646926299,0.0,available,Model path,current_finalist_model,current_finalist_model,current_model_forecast,current_finalist_forecast,2027Q3; 2027Q4; 2028Q1; 2028Q2,,2027Q3; 2027Q4; 2028Q1; 2028Q2,False,,False,baseline_shifted_6m,delay_6m,1.0
2028,FY2028,Current finalist High population/comparison,Current planned path,current_basecase_12c_delay_6m,comparison,gross_ruc_revenue,Gross RUC revenue,RUC,2812.260006508895,$m nominal ex GST,calculated_rollup,current_hybrid_formula,current_hybrid_formula,current_revenue_outlook:current_basecase_12c_delay_6m:FY2028,,,,,,,source_backed,,optimized light_ruc_net_revenue + heavy_ruc_net_revenue + optimized light_bev_ruc_net_revenue + MBU26 heavy_bev_ruc_net_revenue + optimized phev_ruc_net_revenue + MBU26 ruc_refunds,False,2836.28676167906,-24.02675517016496,available,Model path,current_finalist_model,current_finalist_model,current_model_forecast,current_finalist_forecast,2027Q3; 2027Q4; 2028Q1; 2028Q2,,2027Q3; 2027Q4; 2028Q1; 2028Q2,False,,False,baseline_shifted_6m,delay_6m,1.0
2028,FY2028,Current finalist High population/comparison,Current planned path,current_basecase_12c_delay_6m,comparison,ruc_admin_revenue,RUC admin revenue,RUC,37.4493334490253,$m nominal ex GST,deduction,MBU26 official fixed component,annual_spine.csv,AC35,,,,,,,source_backed,,nan,False,37.4493334490253,0.0,available,Model path,current_finalist_model,current_finalist_model,current_model_forecast,current_finalist_forecast,2027Q3; 2027Q4; 2028Q1; 2028Q2,,2027Q3; 2027Q4; 2028Q1; 2028Q2,False,,False,baseline_shifted_6m,delay_6m,1.0
2028,FY2028,Current finalist High population/comparison,Current planned path,current_basecase_12c_delay_6m,comparison,ruc_revenue_net_admin,RUC revenues net of admin fees,RUC,2774.8106730598697,$m nominal ex GST,calculated_rollup,current_hybrid_formula,current_hybrid_formula,current_revenue_outlook:current_basecase_12c_delay_6m:FY2028,,,,,,,source_backed,,gross_ruc_revenue - MBU26 ruc_admin_revenue,False,2798.83742823004,-24.026755170170418,available,Model path,current_finalist_model,current_finalist_model,current_model_forecast,current_finalist_forecast,2027Q3; 2027Q4; 2028Q1; 2028Q2,,2027Q3; 2027Q4; 2028Q1; 2028Q2,False,,False,baseline_shifted_6m,delay_6m,1.0
2028,FY2028,Current finalist High population/comparison,Current planned path,current_basecase_12c_delay_6m,comparison,total_ruc_net_revenue,Total RUC all classes,RUC,2682.88830836724,$m nominal ex GST,calculated_rollup,current_hybrid_formula,current_hybrid_formula,current_revenue_outlook:current_basecase_12c_delay_6m:FY2028,,,,,,,source_backed,PED__DIAGLAB__B__glsar__ylag1__ar1__wexp; dynamic_RESID_GBR_n150_d1_lr0.05_w36; HEAVY_RUC__VNEXT_SOLVED_CONVEX_TOP4,ruc_revenue_net_admin - MBU26 ruc_refunds,False,2706.91506353741,-24.026755170169963,available,Model path,current_finalist_model,current_finalist_model,current_model_forecast,current_finalist_forecast,2027Q3; 2027Q4; 2028Q1; 2028Q2,,2027Q3; 2027Q4; 2028Q1; 2028Q2,False,,False,baseline_shifted_6m,delay_6m,1.0
2028,FY2028,Current finalist High population/comparison,Current planned path,current_basecase_12c_delay_6m,comparison,gross_ped_revenue,PED revenue,FED,2458.3756522386057,$m nominal ex GST,replacement_line,"raw AR(1) PED bridge and conventional-anchor VFM composition, scenario-input population and MBU26 effective rate; population_source=scenario_input_population",forecast_scenario_comparison.parquet; scenario_inputs/scenario_input_wide.parquet; mbu26_official_annual.csv,data/current_revenue_outlook/revenue_chart_rows.csv:current_basecase_12c_delay_6m:2027Q3; data/current_revenue_outlook/revenue_chart_rows.csv:current_basecase_12c_delay_6m:2027Q4; data/current_revenue_outlook/revenue_chart_rows.csv:current_basecase_12c_delay_6m:2028Q1; data/current_revenue_outlook/revenue_chart_rows.csv:current_basecase_12c_delay_6m:2028Q2; data/current_revenue_outlook/revenue_chart_rows.csv:current_basecase_12c_delay_6m:2027Q3; data/current_revenue_outlook/revenue_chart_rows.csv:current_basecase_12c_delay_6m:2027Q4; data/current_revenue_outlook/revenue_chart_rows.csv:current_basecase_12c_delay_6m:2028Q1; data/current_revenue_outlook/revenue_chart_rows.csv:current_basecase_12c_delay_6m:2028Q2; scenario_inputs/scenario_input_wide.parquet:PED:population (2027Q3; 2027Q4; 2028Q1; 2028Q2); VFM 202405 Base uptake shares; MBU26 rate cells AC5; AC7; AC9,forecast_scenario_comparison.parquet,data/current_revenue_outlook/revenue_chart_rows.csv:current_basecase_12c_delay_6m:2027Q3; data/current_revenue_outlook/revenue_chart_rows.csv:current_basecase_12c_delay_6m:2027Q4; data/current_revenue_outlook/revenue_chart_rows.csv:current_basecase_12c_delay_6m:2028Q1; data/current_revenue_outlook/revenue_chart_rows.csv:current_basecase_12c_delay_6m:2028Q2,current_finalist_model,scenario_inputs/scenario_input_wide.parquet,scenario_inputs/scenario_input_wide.parquet:PED:population (2027Q3; 2027Q4; 2028Q1; 2028Q2),scenario_input_population,source_backed,PED__DIAGLAB__B__glsar__ylag1__ar1__wexp,raw PED/light-petrol VKT * MBU26 litres intensity / 100 * MBU26 PED rate,True,2438.6597343399,19.71591789870581,available,Model path,current_finalist_model,current_finalist_model,current_model_forecast,current_finalist_forecast,2027Q3; 2027Q4; 2028Q1; 2028Q2,,2027Q3; 2027Q4; 2028Q1; 2028Q2,False,,False,baseline_shifted_6m,delay_6m,1.0
2028,FY2028,Current finalist High population/comparison,Current planned path,current_basecase_12c_delay_6m,comparison,gross_lpg_revenue,Gross LPG revenue,FED,42.8533768621873,$m nominal ex GST,leaf,MBU26 official fixed component,annual_spine.csv,AC41,,,,,,,source_backed,,nan,False,42.8533768621873,0.0,available,Model path,current_finalist_model,current_finalist_model,current_model_forecast,current_finalist_forecast,2027Q3; 2027Q4; 2028Q1; 2028Q2,,2027Q3; 2027Q4; 2028Q1; 2028Q2,False,,False,baseline_shifted_6m,delay_6m,1.0
2028,FY2028,Current finalist High population/comparison,Current planned path,current_basecase_12c_delay_6m,comparison,gross_cng_revenue,Gross CNG revenue,FED,0.0,$m nominal ex GST,leaf,MBU26 official fixed component,annual_spine.csv,AC42,,,,,,,source_backed,,nan,False,0.0,0.0,available,Model path,current_finalist_model,current_finalist_model,current_model_forecast,current_finalist_forecast,2027Q3; 2027Q4; 2028Q1; 2028Q2,,2027Q3; 2027Q4; 2028Q1; 2028Q2,False,,False,baseline_shifted_6m,delay_6m,1.0
2028,FY2028,Current finalist High population/comparison,Current planned path,current_basecase_12c_delay_6m,comparison,gross_fed_revenue,Gross FED revenue,FED,2501.229029100793,$m nominal ex GST,calculated_rollup,current_hybrid_formula,current_hybrid_formula,current_revenue_outlook:current_basecase_12c_delay_6m:FY2028,,,,,,,source_backed,PED__DIAGLAB__B__glsar__ylag1__ar1__wexp,gross_ped_revenue + MBU26 gross_lpg_revenue + MBU26 gross_cng_revenue,False,2481.51311120209,19.715917898703083,available,Model path,current_finalist_model,current_finalist_model,current_model_forecast,current_finalist_forecast,2027Q3; 2027Q4; 2028Q1; 2028Q2,,2027Q3; 2027Q4; 2028Q1; 2028Q2,False,,False,baseline_shifted_6m,delay_6m,1.0
2028,FY2028,Current finalist High population/comparison,Current planned path,current_basecase_12c_delay_6m,comparison,fed_refunds,FED refunds,FED,91.4673022517422,$m nominal ex GST,deduction,MBU26 official fixed component,annual_spine.csv,AC44,,,,,,,source_backed,,nan,False,91.4673022517422,0.0,available,Model path,current_finalist_model,current_finalist_model,current_model_forecast,current_finalist_forecast,2027Q3; 2027Q4; 2028Q1; 2028Q2,,2027Q3; 2027Q4; 2028Q1; 2028Q2,False,,False,baseline_shifted_6m,delay_6m,1.0
2028,FY2028,Current finalist High population/comparison,Current planned path,current_basecase_12c_delay_6m,comparison,net_fed_revenue,Net FED revenue,FED,2409.761726849051,$m nominal ex GST,calculated_rollup,current_hybrid_formula,current_hybrid_formula,current_revenue_outlook:current_basecase_12c_delay_6m:FY2028,,,,,,,source_backed,PED__DIAGLAB__B__glsar__ylag1__ar1__wexp,gross_fed_revenue - MBU26 fed_refunds,False,2390.04580895035,19.71591789870081,available,Model path,current_finalist_model,current_finalist_model,current_model_forecast,current_finalist_forecast,2027Q3; 2027Q4; 2028Q1; 2028Q2,,2027Q3; 2027Q4; 2028Q1; 2028Q2,False,,False,baseline_shifted_6m,delay_6m,1.0
2028,FY2028,Current finalist High population/comparison,Current planned path,current_basecase_12c_delay_6m,comparison,mr1_revenue,MR1 revenue,MVR,532.414039464172,$m nominal ex GST,leaf,MBU26 official fixed component,annual_spine.csv,AC48,,,,,,,source_backed,,nan,False,532.414039464172,0.0,available,Model path,current_finalist_model,current_finalist_model,current_model_forecast,current_finalist_forecast,2027Q3; 2027Q4; 2028Q1; 2028Q2,,2027Q3; 2027Q4; 2028Q1; 2028Q2,False,,False,baseline_shifted_6m,delay_6m,1.0
2028,FY2028,Current finalist High population/comparison,Current planned path,current_basecase_12c_delay_6m,comparison,mr2_revenue,MR2 revenue,MVR,31.6618683538461,$m nominal ex GST,leaf,MBU26 official fixed component,annual_spine.csv,AC49,,,,,,,source_backed,,nan,False,31.6618683538461,0.0,available,Model path,current_finalist_model,current_finalist_model,current_model_forecast,current_finalist_forecast,2027Q3; 2027Q4; 2028Q1; 2028Q2,,2027Q3; 2027Q4; 2028Q1; 2028Q2,False,,False,baseline_shifted_6m,delay_6m,1.0
2028,FY2028,Current finalist High population/comparison,Current planned path,current_basecase_12c_delay_6m,comparison,coo_revenue,MR13,MVR,0.0,$m nominal ex GST,deduction,MBU26 official fixed component,annual_spine.csv,AC50,,,,,,,source_backed,,nan,False,0.0,0.0,available,Model path,current_finalist_model,current_finalist_model,current_model_forecast,current_finalist_forecast,2027Q3; 2027Q4; 2028Q1; 2028Q2,,2027Q3; 2027Q4; 2028Q1; 2028Q2,False,,False,baseline_shifted_6m,delay_6m,1.0
2028,FY2028,Current finalist High population/comparison,Current planned path,current_basecase_12c_delay_6m,comparison,gross_mvr_revenue,Gross MVR revenue,MVR,564.0759078180181,$m nominal ex GST,calculated_rollup,MBU26 official formula,mbu26_official_annual.csv,AC51,,,,,,,source_backed,,mr1_revenue + mr2_revenue + coo_revenue,False,564.075907818018,1.1368683772161603e-13,available,Model path,current_finalist_model,current_finalist_model,current_model_forecast,current_finalist_forecast,2027Q3; 2027Q4; 2028Q1; 2028Q2,,2027Q3; 2027Q4; 2028Q1; 2028Q2,False,,False,baseline_shifted_6m,delay_6m,1.0
2028,FY2028,Current finalist High population/comparison,Current planned path,current_basecase_12c_delay_6m,comparison,mvr_admin_revenue,MVR admin revenue,MVR,71.8861735118593,$m nominal ex GST,deduction,MBU26 official fixed component,annual_spine.csv,AC52,,,,,,,source_backed,,nan,False,71.8861735118593,0.0,available,Model path,current_finalist_model,current_finalist_model,current_model_forecast,current_finalist_forecast,2027Q3; 2027Q4; 2028Q1; 2028Q2,,2027Q3; 2027Q4; 2028Q1; 2028Q2,False,,False,baseline_shifted_6m,delay_6m,1.0
2028,FY2028,Current finalist High population/comparison,Current planned path,current_basecase_12c_delay_6m,comparison,mvr_revenue_net_admin_coo,MVR revenues net of admin fees and COO,MVR,492.1897343061588,$m nominal ex GST,calculated_rollup,MBU26 official formula,mbu26_official_annual.csv,AC53,,,,,,,source_backed,,mr1_revenue + mr2_revenue - mvr_admin_revenue,False,492.189734306159,-1.7053025658242404e-13,available,Model path,current_finalist_model,current_finalist_model,current_model_forecast,current_finalist_forecast,2027Q3; 2027Q4; 2028Q1; 2028Q2,,2027Q3; 2027Q4; 2028Q1; 2028Q2,False,,False,baseline_shifted_6m,delay_6m,1.0
2028,FY2028,Current finalist High population/comparison,Current planned path,current_basecase_12c_delay_6m,comparison,mvr_refunds,MVR refunds,MVR,1.93922402957318,$m nominal ex GST,deduction,MBU26 official fixed component,annual_spine.csv,AC54,,,,,,,source_backed,,nan,False,1.93922402957318,0.0,available,Model path,current_finalist_model,current_finalist_model,current_model_forecast,current_finalist_forecast,2027Q3; 2027Q4; 2028Q1; 2028Q2,,2027Q3; 2027Q4; 2028Q1; 2028Q2,False,,False,baseline_shifted_6m,delay_6m,1.0
2028,FY2028,Current finalist High population/comparison,Current planned path,current_basecase_12c_delay_6m,comparison,net_mvr_revenue,Net MVR revenue,MVR,490.25051027658566,$m nominal ex GST,calculated_rollup,MBU26 official formula,mbu26_official_annual.csv,AC55,,,,,,,source_backed,,mvr_revenue_net_admin_coo - mvr_refunds,False,490.250510276586,-3.410605131648481e-13,available,Model path,current_finalist_model,current_finalist_model,current_model_forecast,current_finalist_forecast,2027Q3; 2027Q4; 2028Q1; 2028Q2,,2027Q3; 2027Q4; 2028Q1; 2028Q2,False,,False,baseline_shifted_6m,delay_6m,1.0
2028,FY2028,Current finalist High population/comparison,Current planned path,current_basecase_12c_delay_6m,comparison,tuc_net_revenue,TUC net revenue,TUC,17.5578996928248,$m nominal ex GST,leaf,MBU26 official fixed component,annual_spine.csv,AC58,,,,,,,source_backed,,nan,False,17.5578996928248,0.0,available,Model path,current_finalist_model,current_finalist_model,current_model_forecast,current_finalist_forecast,2027Q3; 2027Q4; 2028Q1; 2028Q2,,2027Q3; 2027Q4; 2028Q1; 2028Q2,False,,False,baseline_shifted_6m,delay_6m,1.0
2028,FY2028,Current finalist High population/comparison,Current planned path,current_basecase_12c_delay_6m,comparison,total_gross_revenue,Total gross revenues,Totals,5895.122843120531,$m nominal ex GST,calculated_rollup,current_hybrid_formula,current_hybrid_formula,current_revenue_outlook:current_basecase_12c_delay_6m:FY2028,,,,,,,source_backed,,gross_ruc_revenue + gross_fed_revenue + gross_mvr_revenue + tuc_net_revenue,False,5899.433680392,-4.310837271468699,available,Model path,current_finalist_model,current_finalist_model,current_model_forecast,current_finalist_forecast,2027Q3; 2027Q4; 2028Q1; 2028Q2,,2027Q3; 2027Q4; 2028Q1; 2028Q2,False,,False,baseline_shifted_6m,delay_6m,1.0
2028,FY2028,Current finalist High population/comparison,Current planned path,current_basecase_12c_delay_6m,comparison,total_admin_fees,Total admin fees,Totals,109.3355069608846,$m nominal ex GST,calculated_rollup,current_hybrid_formula,current_hybrid_formula,current_revenue_outlook:current_basecase_12c_delay_6m:FY2028,,,,,,,source_backed,,ruc_admin_revenue + mvr_admin_revenue + coo_revenue,False,109.335506960885,-3.979039320256561e-13,available,Model path,current_finalist_model,current_finalist_model,current_model_forecast,current_finalist_forecast,2027Q3; 2027Q4; 2028Q1; 2028Q2,,2027Q3; 2027Q4; 2028Q1; 2028Q2,False,,False,baseline_shifted_6m,delay_6m,1.0
2028,FY2028,Current finalist High population/comparison,Current planned path,current_basecase_12c_delay_6m,comparison,total_revenue_net_admin,Total revenues net of admin fees,Totals,5785.787336159647,$m nominal ex GST,calculated_rollup,current_hybrid_formula,current_hybrid_formula,current_revenue_outlook:current_basecase_12c_delay_6m:FY2028,,,,,,,source_backed,,total_gross_revenue - total_admin_fees,False,5790.09817343111,-4.310837271463242,available,Model path,current_finalist_model,current_finalist_model,current_model_forecast,current_finalist_forecast,2027Q3; 2027Q4; 2028Q1; 2028Q2,,2027Q3; 2027Q4; 2028Q1; 2028Q2,False,,False,baseline_shifted_6m,delay_6m,1.0
2028,FY2028,Current finalist High population/comparison,Current planned path,current_basecase_12c_delay_6m,comparison,total_refunds,Total refunds,Totals,185.32889097394528,$m nominal ex GST,calculated_rollup,current_hybrid_formula,current_hybrid_formula,current_revenue_outlook:current_basecase_12c_delay_6m:FY2028,,,,,,,source_backed,,ruc_refunds + fed_refunds + mvr_refunds,False,185.328890973945,2.8421709430404007e-13,available,Model path,current_finalist_model,current_finalist_model,current_model_forecast,current_finalist_forecast,2027Q3; 2027Q4; 2028Q1; 2028Q2,,2027Q3; 2027Q4; 2028Q1; 2028Q2,False,,False,baseline_shifted_6m,delay_6m,1.0
2028,FY2028,Current finalist High population/comparison,Current planned path,current_basecase_12c_delay_6m,comparison,total_nltf_net_revenue,Total NLTF revenue,Totals,5600.458445185702,$m nominal ex GST,calculated_rollup,current_hybrid_formula,current_hybrid_formula,current_revenue_outlook:current_basecase_12c_delay_6m:FY2028,,,,,,,source_backed,PED__DIAGLAB__B__glsar__ylag1__ar1__wexp; dynamic_RESID_GBR_n150_d1_lr0.05_w36; HEAVY_RUC__VNEXT_SOLVED_CONVEX_TOP4,total_revenue_net_admin - total_refunds,False,5604.76928245717,-4.310837271468699,available,Model path,current_finalist_model,current_finalist_model,current_model_forecast,current_finalist_forecast,2027Q3; 2027Q4; 2028Q1; 2028Q2,,2027Q3; 2027Q4; 2028Q1; 2028Q2,False,,False,baseline_shifted_6m,delay_6m,1.0
2028,FY2028,Current finalist High population/comparison,Current planned path,current_basecase_12c_delay_6m,comparison,current_light_ruc_conventional_modelled_km,Current finalist Light RUC conventional modelled km,Key volumes,13542.19525593311,million km,audit_only,current_finalist_model_conventional_light_ruc_forecast,forecast_scenario_comparison.parquet,data/current_revenue_outlook/revenue_chart_rows.csv:current_basecase_12c_delay_6m:2027Q3; data/current_revenue_outlook/revenue_chart_rows.csv:current_basecase_12c_delay_6m:2027Q4; data/current_revenue_outlook/revenue_chart_rows.csv:current_basecase_12c_delay_6m:2028Q1; data/current_revenue_outlook/revenue_chart_rows.csv:current_basecase_12c_delay_6m:2028Q2,,,,,,,source_backed,dynamic_RESID_GBR_n150_d1_lr0.05_w36,sum quarterly current finalist Light RUC conventional model forecast,False,,,available,Model path,current_finalist_model,current_finalist_model,current_model_forecast,current_finalist_forecast,2027Q3; 2027Q4; 2028Q1; 2028Q2,,2027Q3; 2027Q4; 2028Q1; 2028Q2,False,diesel_elasticity_to_conventional_ice_only; bev_phev_activity_fixed_to_base,True,baseline_shifted_6m,delay_6m,1.0
2028,FY2028,Current finalist High population/comparison,Current planned path,current_basecase_12c_delay_6m,comparison,total_fed_ruc_net_revenue,Total RUC+PED revenue,Derived totals,5092.650035216291,$m nominal ex GST,calculated_rollup,current_hybrid_formula,current_hybrid_formula,current_revenue_outlook:current_basecase_12c_delay_6m:FY2028,,,,,,,source_backed,PED__DIAGLAB__B__glsar__ylag1__ar1__wexp; dynamic_RESID_GBR_n150_d1_lr0.05_w36; HEAVY_RUC__VNEXT_SOLVED_CONVEX_TOP4,net_fed_revenue + total_ruc_net_revenue,False,5096.96087248776,-4.310837271468699,available,Model path,current_finalist_model,current_finalist_model,current_model_forecast,current_finalist_forecast,2027Q3; 2027Q4; 2028Q1; 2028Q2,,2027Q3; 2027Q4; 2028Q1; 2028Q2,False,,False,baseline_shifted_6m,delay_6m,1.0
2029,FY2029,Current finalist High population/comparison,Current planned path,current_basecase_12c_delay_6m,comparison,light_ruc_net_km,Light RUC net km,Key volumes,14131.358557992655,million km,bridge_input,raw AR(1) PED VKT per capita x scenario-input population; raw Light RUC conventional model forecast expanded by MoT VFM 202405 Base uptake shares (conventional_anchor_vfm_composition_v1),forecast_scenario_comparison.parquet; mbu26_official_annual.csv,data/current_revenue_outlook/revenue_chart_rows.csv:current_basecase_12c_delay_6m:2028Q3; data/current_revenue_outlook/revenue_chart_rows.csv:current_basecase_12c_delay_6m:2028Q4; data/current_revenue_outlook/revenue_chart_rows.csv:current_basecase_12c_delay_6m:2029Q1; data/current_revenue_outlook/revenue_chart_rows.csv:current_basecase_12c_delay_6m:2029Q2; data/current_revenue_outlook/revenue_chart_rows.csv:current_basecase_12c_delay_6m:2028Q3; data/current_revenue_outlook/revenue_chart_rows.csv:current_basecase_12c_delay_6m:2028Q4; data/current_revenue_outlook/revenue_chart_rows.csv:current_basecase_12c_delay_6m:2029Q1; data/current_revenue_outlook/revenue_chart_rows.csv:current_basecase_12c_delay_6m:2029Q2; scenario_inputs/scenario_input_wide.parquet:PED:population (2028Q3; 2028Q4; 2029Q1; 2029Q2); VFM 202405 Base uptake shares; MBU26 rate cells AD5; AD7; AD9,,,,,,,source_backed,dynamic_RESID_GBR_n150_d1_lr0.05_w36,raw Light RUC conventional model forecast (preserved exactly under the Base uptake basis),False,13877.7063577933,253.65220019935623,available,Model path,current_finalist_model,current_finalist_model,current_model_forecast,current_finalist_forecast,2028Q3; 2028Q4; 2029Q1; 2029Q2,,2028Q3; 2028Q4; 2029Q1; 2029Q2,False,diesel_elasticity_to_conventional_ice_only; bev_phev_activity_fixed_to_base,True,baseline_shifted_6m,delay_6m,1.0
2029,FY2029,Current finalist High population/comparison,Current planned path,current_basecase_12c_delay_6m,comparison,heavy_ruc_net_km,Heavy RUC net km,Key volumes,4192.720215451303,million km,bridge_input,current_finalist_model,forecast_scenario_comparison.parquet,data/current_revenue_outlook/revenue_chart_rows.csv:current_basecase_12c_delay_6m:2028Q3; data/current_revenue_outlook/revenue_chart_rows.csv:current_basecase_12c_delay_6m:2028Q4; data/current_revenue_outlook/revenue_chart_rows.csv:current_basecase_12c_delay_6m:2029Q1; data/current_revenue_outlook/revenue_chart_rows.csv:current_basecase_12c_delay_6m:2029Q2,,,,,,,source_backed,HEAVY_RUC__VNEXT_SOLVED_CONVEX_TOP4,sum quarterly current finalist Heavy RUC net km,False,4404.90355650087,-212.18334104956648,available,Model path,current_finalist_model,current_finalist_model,current_model_forecast,current_finalist_forecast,2028Q3; 2028Q4; 2029Q1; 2029Q2,,2028Q3; 2028Q4; 2029Q1; 2029Q2,False,,False,baseline_shifted_6m,delay_6m,1.0
2029,FY2029,Current finalist High population/comparison,Current planned path,current_basecase_12c_delay_6m,comparison,light_bev_ruc_net_km,Light BEV RUC net km,Key volumes,2695.8212982561504,million km,bridge_input,raw AR(1) PED VKT per capita x scenario-input population; raw Light RUC conventional model forecast expanded by MoT VFM 202405 Base uptake shares (conventional_anchor_vfm_composition_v1),forecast_scenario_comparison.parquet; mbu26_official_annual.csv,data/current_revenue_outlook/revenue_chart_rows.csv:current_basecase_12c_delay_6m:2028Q3; data/current_revenue_outlook/revenue_chart_rows.csv:current_basecase_12c_delay_6m:2028Q4; data/current_revenue_outlook/revenue_chart_rows.csv:current_basecase_12c_delay_6m:2029Q1; data/current_revenue_outlook/revenue_chart_rows.csv:current_basecase_12c_delay_6m:2029Q2; data/current_revenue_outlook/revenue_chart_rows.csv:current_basecase_12c_delay_6m:2028Q3; data/current_revenue_outlook/revenue_chart_rows.csv:current_basecase_12c_delay_6m:2028Q4; data/current_revenue_outlook/revenue_chart_rows.csv:current_basecase_12c_delay_6m:2029Q1; data/current_revenue_outlook/revenue_chart_rows.csv:current_basecase_12c_delay_6m:2029Q2; scenario_inputs/scenario_input_wide.parquet:PED:population (2028Q3; 2028Q4; 2029Q1; 2029Q2); VFM 202405 Base uptake shares; MBU26 rate cells AD5; AD7; AD9,,,,,,,source_backed,PED__DIAGLAB__B__glsar__ylag1__ar1__wexp; dynamic_RESID_GBR_n150_d1_lr0.05_w36; HEAVY_RUC__VNEXT_SOLVED_CONVEX_TOP4,base pool (conventional / VFM Base conventional share) * VFM Base Light BEV share,False,2502.17964433063,193.6416539255206,available,Model path,current_finalist_model,current_finalist_model,current_model_forecast,current_finalist_forecast,2028Q3; 2028Q4; 2029Q1; 2029Q2,,2028Q3; 2028Q4; 2029Q1; 2029Q2,False,diesel_elasticity_to_conventional_ice_only; bev_phev_activity_fixed_to_base,True,baseline_shifted_6m,delay_6m,1.0
2029,FY2029,Current finalist High population/comparison,Current planned path,current_basecase_12c_delay_6m,comparison,heavy_bev_ruc_net_km,Heavy BEV RUC net km,Key volumes,73.7781618539809,million km,bridge_input,MBU26 official fixed component,annual_spine.csv,AD8,,,,,,,source_backed,,nan,False,73.7781618539809,0.0,available,Model path,current_finalist_model,current_finalist_model,current_model_forecast,current_finalist_forecast,2028Q3; 2028Q4; 2029Q1; 2029Q2,,2028Q3; 2028Q4; 2029Q1; 2029Q2,False,diesel_elasticity_to_conventional_ice_only; bev_phev_activity_fixed_to_base,True,baseline_shifted_6m,delay_6m,1.0
2029,FY2029,Current finalist High population/comparison,Current planned path,current_basecase_12c_delay_6m,comparison,phev_ruc_net_km,PHEV RUC net km,Key volumes,1495.51845432587,million km,bridge_input,raw AR(1) PED VKT per capita x scenario-input population; raw Light RUC conventional model forecast expanded by MoT VFM 202405 Base uptake shares (conventional_anchor_vfm_composition_v1),forecast_scenario_comparison.parquet; mbu26_official_annual.csv,data/current_revenue_outlook/revenue_chart_rows.csv:current_basecase_12c_delay_6m:2028Q3; data/current_revenue_outlook/revenue_chart_rows.csv:current_basecase_12c_delay_6m:2028Q4; data/current_revenue_outlook/revenue_chart_rows.csv:current_basecase_12c_delay_6m:2029Q1; data/current_revenue_outlook/revenue_chart_rows.csv:current_basecase_12c_delay_6m:2029Q2; data/current_revenue_outlook/revenue_chart_rows.csv:current_basecase_12c_delay_6m:2028Q3; data/current_revenue_outlook/revenue_chart_rows.csv:current_basecase_12c_delay_6m:2028Q4; data/current_revenue_outlook/revenue_chart_rows.csv:current_basecase_12c_delay_6m:2029Q1; data/current_revenue_outlook/revenue_chart_rows.csv:current_basecase_12c_delay_6m:2029Q2; scenario_inputs/scenario_input_wide.parquet:PED:population (2028Q3; 2028Q4; 2029Q1; 2029Q2); VFM 202405 Base uptake shares; MBU26 rate cells AD5; AD7; AD9,,,,,,,source_backed,PED__DIAGLAB__B__glsar__ylag1__ar1__wexp; dynamic_RESID_GBR_n150_d1_lr0.05_w36; HEAVY_RUC__VNEXT_SOLVED_CONVEX_TOP4,base pool (conventional / VFM Base conventional share) * VFM Base PHEV share,False,1394.20153006706,101.31692425880988,available,Model path,current_finalist_model,current_finalist_model,current_model_forecast,current_finalist_forecast,2028Q3; 2028Q4; 2029Q1; 2029Q2,,2028Q3; 2028Q4; 2029Q1; 2029Q2,False,diesel_elasticity_to_conventional_ice_only; bev_phev_activity_fixed_to_base,True,baseline_shifted_6m,delay_6m,1.0
2029,FY2029,Current finalist High population/comparison,Current planned path,current_basecase_12c_delay_6m,comparison,ped_volume,PED volume,Key volumes,2890.6742500973783,million litres,bridge_input,raw AR(1) PED VKT/capita + scenario-input population (scenario_input_population) + MBU26 intensity,forecast_scenario_comparison.parquet; scenario_inputs/scenario_input_wide.parquet; mbu26_official_annual.csv,data/current_revenue_outlook/revenue_chart_rows.csv:current_basecase_12c_delay_6m:2028Q3; data/current_revenue_outlook/revenue_chart_rows.csv:current_basecase_12c_delay_6m:2028Q4; data/current_revenue_outlook/revenue_chart_rows.csv:current_basecase_12c_delay_6m:2029Q1; data/current_revenue_outlook/revenue_chart_rows.csv:current_basecase_12c_delay_6m:2029Q2; data/current_revenue_outlook/revenue_chart_rows.csv:current_basecase_12c_delay_6m:2028Q3; data/current_revenue_outlook/revenue_chart_rows.csv:current_basecase_12c_delay_6m:2028Q4; data/current_revenue_outlook/revenue_chart_rows.csv:current_basecase_12c_delay_6m:2029Q1; data/current_revenue_outlook/revenue_chart_rows.csv:current_basecase_12c_delay_6m:2029Q2; scenario_inputs/scenario_input_wide.parquet:PED:population (2028Q3; 2028Q4; 2029Q1; 2029Q2); VFM 202405 Base uptake shares; MBU26 rate cells AD5; AD7; AD9,forecast_scenario_comparison.parquet,data/current_revenue_outlook/revenue_chart_rows.csv:current_basecase_12c_delay_6m:2028Q3; data/current_revenue_outlook/revenue_chart_rows.csv:current_basecase_12c_delay_6m:2028Q4; data/current_revenue_outlook/revenue_chart_rows.csv:current_basecase_12c_delay_6m:2029Q1; data/current_revenue_outlook/revenue_chart_rows.csv:current_basecase_12c_delay_6m:2029Q2,current_finalist_model,scenario_inputs/scenario_input_wide.parquet,scenario_inputs/scenario_input_wide.parquet:PED:population (2028Q3; 2028Q4; 2029Q1; 2029Q2),scenario_input_population,source_backed,PED__DIAGLAB__B__glsar__ylag1__ar1__wexp,raw PED/light-petrol VKT * MBU26 litres intensity / 100,False,2879.43557979336,11.238670304018342,available,Model path,current_finalist_model,current_finalist_model,current_model_forecast,current_finalist_forecast,2028Q3; 2028Q4; 2029Q1; 2029Q2,,2028Q3; 2028Q4; 2029Q1; 2029Q2,False,,False,baseline_shifted_6m,delay_6m,1.0
2029,FY2029,Current finalist High population/comparison,Current planned path,current_basecase_12c_delay_6m,comparison,light_petrol_vkt,Light petrol VKT,Key volumes,32682.673320883016,million km,bridge_input,raw AR(1) PED VKT per capita x scenario-input population; raw Light RUC conventional model forecast expanded by MoT VFM 202405 Base uptake shares (conventional_anchor_vfm_composition_v1),forecast_scenario_comparison.parquet; mbu26_official_annual.csv,data/current_revenue_outlook/revenue_chart_rows.csv:current_basecase_12c_delay_6m:2028Q3; data/current_revenue_outlook/revenue_chart_rows.csv:current_basecase_12c_delay_6m:2028Q4; data/current_revenue_outlook/revenue_chart_rows.csv:current_basecase_12c_delay_6m:2029Q1; data/current_revenue_outlook/revenue_chart_rows.csv:current_basecase_12c_delay_6m:2029Q2; data/current_revenue_outlook/revenue_chart_rows.csv:current_basecase_12c_delay_6m:2028Q3; data/current_revenue_outlook/revenue_chart_rows.csv:current_basecase_12c_delay_6m:2028Q4; data/current_revenue_outlook/revenue_chart_rows.csv:current_basecase_12c_delay_6m:2029Q1; data/current_revenue_outlook/revenue_chart_rows.csv:current_basecase_12c_delay_6m:2029Q2; scenario_inputs/scenario_input_wide.parquet:PED:population (2028Q3; 2028Q4; 2029Q1; 2029Q2); VFM 202405 Base uptake shares; MBU26 rate cells AD5; AD7; AD9,forecast_scenario_comparison.parquet,data/current_revenue_outlook/revenue_chart_rows.csv:current_basecase_12c_delay_6m:2028Q3; data/current_revenue_outlook/revenue_chart_rows.csv:current_basecase_12c_delay_6m:2028Q4; data/current_revenue_outlook/revenue_chart_rows.csv:current_basecase_12c_delay_6m:2029Q1; data/current_revenue_outlook/revenue_chart_rows.csv:current_basecase_12c_delay_6m:2029Q2,current_finalist_model,scenario_inputs/scenario_input_wide.parquet,scenario_inputs/scenario_input_wide.parquet:PED:population (2028Q3; 2028Q4; 2029Q1; 2029Q2),scenario_input_population,source_backed,,raw AR(1) PED VKT per capita * scenario-input population,False,32555.6061530432,127.06716783981392,available,Model path,current_finalist_model,current_finalist_model,current_model_forecast,current_finalist_forecast,2028Q3; 2028Q4; 2029Q1; 2029Q2,,2028Q3; 2028Q4; 2029Q1; 2029Q2,False,,False,baseline_shifted_6m,delay_6m,1.0
2029,FY2029,Current finalist High population/comparison,Current planned path,current_basecase_12c_delay_6m,comparison,ped_vkt_per_capita,PED VKT per capita,Key volumes,5902.064077713241,km/person,bridge_input,current_finalist_model,forecast_scenario_comparison.parquet,data/current_revenue_outlook/revenue_chart_rows.csv:current_basecase_12c_delay_6m:2028Q3; data/current_revenue_outlook/revenue_chart_rows.csv:current_basecase_12c_delay_6m:2028Q4; data/current_revenue_outlook/revenue_chart_rows.csv:current_basecase_12c_delay_6m:2029Q1; data/current_revenue_outlook/revenue_chart_rows.csv:current_basecase_12c_delay_6m:2029Q2,forecast_scenario_comparison.parquet,data/current_revenue_outlook/revenue_chart_rows.csv:current_basecase_12c_delay_6m:2028Q3; data/current_revenue_outlook/revenue_chart_rows.csv:current_basecase_12c_delay_6m:2028Q4; data/current_revenue_outlook/revenue_chart_rows.csv:current_basecase_12c_delay_6m:2029Q1; data/current_revenue_outlook/revenue_chart_rows.csv:current_basecase_12c_delay_6m:2029Q2,current_finalist_model,,,,source_backed,PED__DIAGLAB__B__glsar__ylag1__ar1__wexp,sum quarterly current finalist PED VKT/capita,False,5888.3409910512,13.723086662041169,available,Model path,current_finalist_model,current_finalist_model,current_model_forecast,current_finalist_forecast,2028Q3; 2028Q4; 2029Q1; 2029Q2,,2028Q3; 2028Q4; 2029Q1; 2029Q2,False,,False,baseline_shifted_6m,delay_6m,1.0
2029,FY2029,Current finalist High population/comparison,Current planned path,current_basecase_12c_delay_6m,comparison,tuc_gtk,TUC GTK,Key volumes,8179315222.66,tonne-km,bridge_input,MBU26 official fixed component,annual_spine.csv,AD13,,,,,,,source_backed,,nan,False,8179315222.66,0.0,available,Model path,current_finalist_model,current_finalist_model,current_model_forecast,current_finalist_forecast,2028Q3; 2028Q4; 2029Q1; 2029Q2,,2028Q3; 2028Q4; 2029Q1; 2029Q2,False,,False,baseline_shifted_6m,delay_6m,1.0
2029,FY2029,Current finalist High population/comparison,Current planned path,current_basecase_12c_delay_6m,comparison,light_ruc_net_revenue,Light RUC revenue,RUC,1217.093810678792,$m nominal ex GST,replacement_line,"raw AR(1) PED bridge and conventional-anchor VFM composition, scenario-input population and MBU26 effective rate",forecast_scenario_comparison.parquet; mbu26_official_annual.csv,data/current_revenue_outlook/revenue_chart_rows.csv:current_basecase_12c_delay_6m:2028Q3; data/current_revenue_outlook/revenue_chart_rows.csv:current_basecase_12c_delay_6m:2028Q4; data/current_revenue_outlook/revenue_chart_rows.csv:current_basecase_12c_delay_6m:2029Q1; data/current_revenue_outlook/revenue_chart_rows.csv:current_basecase_12c_delay_6m:2029Q2; data/current_revenue_outlook/revenue_chart_rows.csv:current_basecase_12c_delay_6m:2028Q3; data/current_revenue_outlook/revenue_chart_rows.csv:current_basecase_12c_delay_6m:2028Q4; data/current_revenue_outlook/revenue_chart_rows.csv:current_basecase_12c_delay_6m:2029Q1; data/current_revenue_outlook/revenue_chart_rows.csv:current_basecase_12c_delay_6m:2029Q2; scenario_inputs/scenario_input_wide.parquet:PED:population (2028Q3; 2028Q4; 2029Q1; 2029Q2); VFM 202405 Base uptake shares; MBU26 rate cells AD5; AD7; AD9,,,,,,,source_backed,dynamic_RESID_GBR_n150_d1_lr0.05_w36,conventional Light RUC km * MBU26 conventional Light effective rate,True,1195.24746648897,21.84634418982182,available,Model path,current_finalist_model,current_finalist_model,current_model_forecast,current_finalist_forecast,2028Q3; 2028Q4; 2029Q1; 2029Q2,,2028Q3; 2028Q4; 2029Q1; 2029Q2,False,diesel_elasticity_to_conventional_ice_only; bev_phev_activity_fixed_to_base,True,baseline_shifted_6m,delay_6m,1.0
2029,FY2029,Current finalist High population/comparison,Current planned path,current_basecase_12c_delay_6m,comparison,heavy_ruc_net_revenue,Heavy RUC revenue,RUC,1482.1675915175717,$m nominal ex GST,replacement_line,current_finalist_model + MBU26 effective rate,forecast_scenario_comparison.parquet; mbu26_official_annual.csv,data/current_revenue_outlook/revenue_chart_rows.csv:current_basecase_12c_delay_6m:2028Q3; data/current_revenue_outlook/revenue_chart_rows.csv:current_basecase_12c_delay_6m:2028Q4; data/current_revenue_outlook/revenue_chart_rows.csv:current_basecase_12c_delay_6m:2029Q1; data/current_revenue_outlook/revenue_chart_rows.csv:current_basecase_12c_delay_6m:2029Q2,,,,,,,source_backed,HEAVY_RUC__VNEXT_SOLVED_CONVEX_TOP4,sum quarterly current Heavy RUC net km * MBU26 effective rate,True,1557.17647725352,-75.0088857359483,available,Model path,current_finalist_model,current_finalist_model,current_model_forecast,current_finalist_forecast,2028Q3; 2028Q4; 2029Q1; 2029Q2,,2028Q3; 2028Q4; 2029Q1; 2029Q2,False,,False,baseline_shifted_6m,delay_6m,1.0
2029,FY2029,Current finalist High population/comparison,Current planned path,current_basecase_12c_delay_6m,comparison,light_bev_ruc_net_revenue,Light BEV RUC net revenue,RUC,232.20456752529267,$m nominal ex GST,replacement_line,"raw AR(1) PED bridge and conventional-anchor VFM composition, scenario-input population and MBU26 effective rate",forecast_scenario_comparison.parquet; mbu26_official_annual.csv,data/current_revenue_outlook/revenue_chart_rows.csv:current_basecase_12c_delay_6m:2028Q3; data/current_revenue_outlook/revenue_chart_rows.csv:current_basecase_12c_delay_6m:2028Q4; data/current_revenue_outlook/revenue_chart_rows.csv:current_basecase_12c_delay_6m:2029Q1; data/current_revenue_outlook/revenue_chart_rows.csv:current_basecase_12c_delay_6m:2029Q2; data/current_revenue_outlook/revenue_chart_rows.csv:current_basecase_12c_delay_6m:2028Q3; data/current_revenue_outlook/revenue_chart_rows.csv:current_basecase_12c_delay_6m:2028Q4; data/current_revenue_outlook/revenue_chart_rows.csv:current_basecase_12c_delay_6m:2029Q1; data/current_revenue_outlook/revenue_chart_rows.csv:current_basecase_12c_delay_6m:2029Q2; scenario_inputs/scenario_input_wide.parquet:PED:population (2028Q3; 2028Q4; 2029Q1; 2029Q2); VFM 202405 Base uptake shares; MBU26 rate cells AD5; AD7; AD9,,,,,,,source_backed,PED__DIAGLAB__B__glsar__ylag1__ar1__wexp; dynamic_RESID_GBR_n150_d1_lr0.05_w36; HEAVY_RUC__VNEXT_SOLVED_CONVEX_TOP4,allocated Light BEV RUC km * MBU26 Light BEV effective rate,True,215.525243664418,16.67932386087466,available,Model path,current_finalist_model,current_finalist_model,current_model_forecast,current_finalist_forecast,2028Q3; 2028Q4; 2029Q1; 2029Q2,,2028Q3; 2028Q4; 2029Q1; 2029Q2,False,diesel_elasticity_to_conventional_ice_only; bev_phev_activity_fixed_to_base,True,baseline_shifted_6m,delay_6m,1.0
2029,FY2029,Current finalist High population/comparison,Current planned path,current_basecase_12c_delay_6m,comparison,heavy_bev_ruc_net_revenue,Heavy BEV RUC net revenue,RUC,26.0839002326657,$m nominal ex GST,leaf,MBU26 official fixed component,annual_spine.csv,AD31,,,,,,,source_backed,,nan,False,26.0839002326657,0.0,available,Model path,current_finalist_model,current_finalist_model,current_model_forecast,current_finalist_forecast,2028Q3; 2028Q4; 2029Q1; 2029Q2,,2028Q3; 2028Q4; 2029Q1; 2029Q2,False,diesel_elasticity_to_conventional_ice_only; bev_phev_activity_fixed_to_base,True,baseline_shifted_6m,delay_6m,1.0
2029,FY2029,Current finalist High population/comparison,Current planned path,current_basecase_12c_delay_6m,comparison,phev_ruc_net_revenue,PHEV RUC net revenue,RUC,63.52214634749125,$m nominal ex GST,replacement_line,"raw AR(1) PED bridge and conventional-anchor VFM composition, scenario-input population and MBU26 effective rate",forecast_scenario_comparison.parquet; mbu26_official_annual.csv,data/current_revenue_outlook/revenue_chart_rows.csv:current_basecase_12c_delay_6m:2028Q3; data/current_revenue_outlook/revenue_chart_rows.csv:current_basecase_12c_delay_6m:2028Q4; data/current_revenue_outlook/revenue_chart_rows.csv:current_basecase_12c_delay_6m:2029Q1; data/current_revenue_outlook/revenue_chart_rows.csv:current_basecase_12c_delay_6m:2029Q2; data/current_revenue_outlook/revenue_chart_rows.csv:current_basecase_12c_delay_6m:2028Q3; data/current_revenue_outlook/revenue_chart_rows.csv:current_basecase_12c_delay_6m:2028Q4; data/current_revenue_outlook/revenue_chart_rows.csv:current_basecase_12c_delay_6m:2029Q1; data/current_revenue_outlook/revenue_chart_rows.csv:current_basecase_12c_delay_6m:2029Q2; scenario_inputs/scenario_input_wide.parquet:PED:population (2028Q3; 2028Q4; 2029Q1; 2029Q2); VFM 202405 Base uptake shares; MBU26 rate cells AD5; AD7; AD9,,,,,,,source_backed,PED__DIAGLAB__B__glsar__ylag1__ar1__wexp; dynamic_RESID_GBR_n150_d1_lr0.05_w36; HEAVY_RUC__VNEXT_SOLVED_CONVEX_TOP4,allocated PHEV RUC km * MBU26 PHEV effective rate,True,59.2187099895983,4.303436357892949,available,Model path,current_finalist_model,current_finalist_model,current_model_forecast,current_finalist_forecast,2028Q3; 2028Q4; 2029Q1; 2029Q2,,2028Q3; 2028Q4; 2029Q1; 2029Q2,False,diesel_elasticity_to_conventional_ice_only; bev_phev_activity_fixed_to_base,True,baseline_shifted_6m,delay_6m,1.0
2029,FY2029,Current finalist High population/comparison,Current planned path,current_basecase_12c_delay_6m,comparison,ruc_refunds,RUC refunds,RUC,101.989316940945,$m nominal ex GST,deduction,MBU26 official fixed component,annual_spine.csv,AD33,,,,,,,source_backed,,nan,False,101.989316940945,0.0,available,Model path,current_finalist_model,current_finalist_model,current_model_forecast,current_finalist_forecast,2028Q3; 2028Q4; 2029Q1; 2029Q2,,2028Q3; 2028Q4; 2029Q1; 2029Q2,False,,False,baseline_shifted_6m,delay_6m,1.0
2029,FY2029,Current finalist High population/comparison,Current planned path,current_basecase_12c_delay_6m,comparison,gross_ruc_revenue,Gross RUC revenue,RUC,3123.0613332427583,$m nominal ex GST,calculated_rollup,current_hybrid_formula,current_hybrid_formula,current_revenue_outlook:current_basecase_12c_delay_6m:FY2029,,,,,,,source_backed,,optimized light_ruc_net_revenue + heavy_ruc_net_revenue + optimized light_bev_ruc_net_revenue + MBU26 heavy_bev_ruc_net_revenue + optimized phev_ruc_net_revenue + MBU26 ruc_refunds,False,3155.60401561549,-32.54268237273163,available,Model path,current_finalist_model,current_finalist_model,current_model_forecast,current_finalist_forecast,2028Q3; 2028Q4; 2029Q1; 2029Q2,,2028Q3; 2028Q4; 2029Q1; 2029Q2,False,,False,baseline_shifted_6m,delay_6m,1.0
2029,FY2029,Current finalist High population/comparison,Current planned path,current_basecase_12c_delay_6m,comparison,ruc_admin_revenue,RUC admin revenue,RUC,40.0168341509567,$m nominal ex GST,deduction,MBU26 official fixed component,annual_spine.csv,AD35,,,,,,,source_backed,,nan,False,40.0168341509567,0.0,available,Model path,current_finalist_model,current_finalist_model,current_model_forecast,current_finalist_forecast,2028Q3; 2028Q4; 2029Q1; 2029Q2,,2028Q3; 2028Q4; 2029Q1; 2029Q2,False,,False,baseline_shifted_6m,delay_6m,1.0
2029,FY2029,Current finalist High population/comparison,Current planned path,current_basecase_12c_delay_6m,comparison,ruc_revenue_net_admin,RUC revenues net of admin fees,RUC,3083.0444990918018,$m nominal ex GST,calculated_rollup,current_hybrid_formula,current_hybrid_formula,current_revenue_outlook:current_basecase_12c_delay_6m:FY2029,,,,,,,source_backed,,gross_ruc_revenue - MBU26 ruc_admin_revenue,False,3115.58718146454,-32.542682372738454,available,Model path,current_finalist_model,current_finalist_model,current_model_forecast,current_finalist_forecast,2028Q3; 2028Q4; 2029Q1; 2029Q2,,2028Q3; 2028Q4; 2029Q1; 2029Q2,False,,False,baseline_shifted_6m,delay_6m,1.0
2029,FY2029,Current finalist High population/comparison,Current planned path,current_basecase_12c_delay_6m,comparison,total_ruc_net_revenue,Total RUC all classes,RUC,2981.0551821508566,$m nominal ex GST,calculated_rollup,current_hybrid_formula,current_hybrid_formula,current_revenue_outlook:current_basecase_12c_delay_6m:FY2029,,,,,,,source_backed,PED__DIAGLAB__B__glsar__ylag1__ar1__wexp; dynamic_RESID_GBR_n150_d1_lr0.05_w36; HEAVY_RUC__VNEXT_SOLVED_CONVEX_TOP4,ruc_revenue_net_admin - MBU26 ruc_refunds,False,3013.59786452359,-32.54268237273345,available,Model path,current_finalist_model,current_finalist_model,current_model_forecast,current_finalist_forecast,2028Q3; 2028Q4; 2029Q1; 2029Q2,,2028Q3; 2028Q4; 2029Q1; 2029Q2,False,,False,baseline_shifted_6m,delay_6m,1.0
2029,FY2029,Current finalist High population/comparison,Current planned path,current_basecase_12c_delay_6m,comparison,gross_ped_revenue,PED revenue,FED,2601.9822410018924,$m nominal ex GST,replacement_line,"raw AR(1) PED bridge and conventional-anchor VFM composition, scenario-input population and MBU26 effective rate; population_source=scenario_input_population",forecast_scenario_comparison.parquet; scenario_inputs/scenario_input_wide.parquet; mbu26_official_annual.csv,data/current_revenue_outlook/revenue_chart_rows.csv:current_basecase_12c_delay_6m:2028Q3; data/current_revenue_outlook/revenue_chart_rows.csv:current_basecase_12c_delay_6m:2028Q4; data/current_revenue_outlook/revenue_chart_rows.csv:current_basecase_12c_delay_6m:2029Q1; data/current_revenue_outlook/revenue_chart_rows.csv:current_basecase_12c_delay_6m:2029Q2; data/current_revenue_outlook/revenue_chart_rows.csv:current_basecase_12c_delay_6m:2028Q3; data/current_revenue_outlook/revenue_chart_rows.csv:current_basecase_12c_delay_6m:2028Q4; data/current_revenue_outlook/revenue_chart_rows.csv:current_basecase_12c_delay_6m:2029Q1; data/current_revenue_outlook/revenue_chart_rows.csv:current_basecase_12c_delay_6m:2029Q2; scenario_inputs/scenario_input_wide.parquet:PED:population (2028Q3; 2028Q4; 2029Q1; 2029Q2); VFM 202405 Base uptake shares; MBU26 rate cells AD5; AD7; AD9,forecast_scenario_comparison.parquet,data/current_revenue_outlook/revenue_chart_rows.csv:current_basecase_12c_delay_6m:2028Q3; data/current_revenue_outlook/revenue_chart_rows.csv:current_basecase_12c_delay_6m:2028Q4; data/current_revenue_outlook/revenue_chart_rows.csv:current_basecase_12c_delay_6m:2029Q1; data/current_revenue_outlook/revenue_chart_rows.csv:current_basecase_12c_delay_6m:2029Q2,current_finalist_model,scenario_inputs/scenario_input_wide.parquet,scenario_inputs/scenario_input_wide.parquet:PED:population (2028Q3; 2028Q4; 2029Q1; 2029Q2),scenario_input_population,source_backed,PED__DIAGLAB__B__glsar__ylag1__ar1__wexp,raw PED/light-petrol VKT * MBU26 litres intensity / 100 * MBU26 PED rate,True,2591.86597814642,10.116262855472542,available,Model path,current_finalist_model,current_finalist_model,current_model_forecast,current_finalist_forecast,2028Q3; 2028Q4; 2029Q1; 2029Q2,,2028Q3; 2028Q4; 2029Q1; 2029Q2,False,,False,baseline_shifted_6m,delay_6m,1.0
2029,FY2029,Current finalist High population/comparison,Current planned path,current_basecase_12c_delay_6m,comparison,gross_lpg_revenue,Gross LPG revenue,FED,43.0565466561107,$m nominal ex GST,leaf,MBU26 official fixed component,annual_spine.csv,AD41,,,,,,,source_backed,,nan,False,43.0565466561107,0.0,available,Model path,current_finalist_model,current_finalist_model,current_model_forecast,current_finalist_forecast,2028Q3; 2028Q4; 2029Q1; 2029Q2,,2028Q3; 2028Q4; 2029Q1; 2029Q2,False,,False,baseline_shifted_6m,delay_6m,1.0
2029,FY2029,Current finalist High population/comparison,Current planned path,current_basecase_12c_delay_6m,comparison,gross_cng_revenue,Gross CNG revenue,FED,0.0,$m nominal ex GST,leaf,MBU26 official fixed component,annual_spine.csv,AD42,,,,,,,source_backed,,nan,False,0.0,0.0,available,Model path,current_finalist_model,current_finalist_model,current_model_forecast,current_finalist_forecast,2028Q3; 2028Q4; 2029Q1; 2029Q2,,2028Q3; 2028Q4; 2029Q1; 2029Q2,False,,False,baseline_shifted_6m,delay_6m,1.0
2029,FY2029,Current finalist High population/comparison,Current planned path,current_basecase_12c_delay_6m,comparison,gross_fed_revenue,Gross FED revenue,FED,2645.038787658003,$m nominal ex GST,calculated_rollup,current_hybrid_formula,current_hybrid_formula,current_revenue_outlook:current_basecase_12c_delay_6m:FY2029,,,,,,,source_backed,PED__DIAGLAB__B__glsar__ylag1__ar1__wexp,gross_ped_revenue + MBU26 gross_lpg_revenue + MBU26 gross_cng_revenue,False,2634.92252480253,10.116262855472996,available,Model path,current_finalist_model,current_finalist_model,current_model_forecast,current_finalist_forecast,2028Q3; 2028Q4; 2029Q1; 2029Q2,,2028Q3; 2028Q4; 2029Q1; 2029Q2,False,,False,baseline_shifted_6m,delay_6m,1.0
2029,FY2029,Current finalist High population/comparison,Current planned path,current_basecase_12c_delay_6m,comparison,fed_refunds,FED refunds,FED,97.6737041163894,$m nominal ex GST,deduction,MBU26 official fixed component,annual_spine.csv,AD44,,,,,,,source_backed,,nan,False,97.6737041163894,0.0,available,Model path,current_finalist_model,current_finalist_model,current_model_forecast,current_finalist_forecast,2028Q3; 2028Q4; 2029Q1; 2029Q2,,2028Q3; 2028Q4; 2029Q1; 2029Q2,False,,False,baseline_shifted_6m,delay_6m,1.0
2029,FY2029,Current finalist High population/comparison,Current planned path,current_basecase_12c_delay_6m,comparison,net_fed_revenue,Net FED revenue,FED,2547.365083541614,$m nominal ex GST,calculated_rollup,current_hybrid_formula,current_hybrid_formula,current_revenue_outlook:current_basecase_12c_delay_6m:FY2029,,,,,,,source_backed,PED__DIAGLAB__B__glsar__ylag1__ar1__wexp,gross_fed_revenue - MBU26 fed_refunds,False,2537.24882068614,10.116262855473906,available,Model path,current_finalist_model,current_finalist_model,current_model_forecast,current_finalist_forecast,2028Q3; 2028Q4; 2029Q1; 2029Q2,,2028Q3; 2028Q4; 2029Q1; 2029Q2,False,,False,baseline_shifted_6m,delay_6m,1.0
2029,FY2029,Current finalist High population/comparison,Current planned path,current_basecase_12c_delay_6m,comparison,mr1_revenue,MR1 revenue,MVR,526.427022508523,$m nominal ex GST,leaf,MBU26 official fixed component,annual_spine.csv,AD48,,,,,,,source_backed,,nan,False,526.427022508523,0.0,available,Model path,current_finalist_model,current_finalist_model,current_model_forecast,current_finalist_forecast,2028Q3; 2028Q4; 2029Q1; 2029Q2,,2028Q3; 2028Q4; 2029Q1; 2029Q2,False,,False,baseline_shifted_6m,delay_6m,1.0
2029,FY2029,Current finalist High population/comparison,Current planned path,current_basecase_12c_delay_6m,comparison,mr2_revenue,MR2 revenue,MVR,31.8808203574151,$m nominal ex GST,leaf,MBU26 official fixed component,annual_spine.csv,AD49,,,,,,,source_backed,,nan,False,31.8808203574151,0.0,available,Model path,current_finalist_model,current_finalist_model,current_model_forecast,current_finalist_forecast,2028Q3; 2028Q4; 2029Q1; 2029Q2,,2028Q3; 2028Q4; 2029Q1; 2029Q2,False,,False,baseline_shifted_6m,delay_6m,1.0
2029,FY2029,Current finalist High population/comparison,Current planned path,current_basecase_12c_delay_6m,comparison,coo_revenue,MR13,MVR,0.0,$m nominal ex GST,deduction,MBU26 official fixed component,annual_spine.csv,AD50,,,,,,,source_backed,,nan,False,0.0,0.0,available,Model path,current_finalist_model,current_finalist_model,current_model_forecast,current_finalist_forecast,2028Q3; 2028Q4; 2029Q1; 2029Q2,,2028Q3; 2028Q4; 2029Q1; 2029Q2,False,,False,baseline_shifted_6m,delay_6m,1.0
2029,FY2029,Current finalist High population/comparison,Current planned path,current_basecase_12c_delay_6m,comparison,gross_mvr_revenue,Gross MVR revenue,MVR,558.3078428659381,$m nominal ex GST,calculated_rollup,MBU26 official formula,mbu26_official_annual.csv,AD51,,,,,,,source_backed,,mr1_revenue + mr2_revenue + coo_revenue,False,558.307842865938,1.1368683772161603e-13,available,Model path,current_finalist_model,current_finalist_model,current_model_forecast,current_finalist_forecast,2028Q3; 2028Q4; 2029Q1; 2029Q2,,2028Q3; 2028Q4; 2029Q1; 2029Q2,False,,False,baseline_shifted_6m,delay_6m,1.0
2029,FY2029,Current finalist High population/comparison,Current planned path,current_basecase_12c_delay_6m,comparison,mvr_admin_revenue,MVR admin revenue,MVR,71.5205705630239,$m nominal ex GST,deduction,MBU26 official fixed component,annual_spine.csv,AD52,,,,,,,source_backed,,nan,False,71.5205705630239,0.0,available,Model path,current_finalist_model,current_finalist_model,current_model_forecast,current_finalist_forecast,2028Q3; 2028Q4; 2029Q1; 2029Q2,,2028Q3; 2028Q4; 2029Q1; 2029Q2,False,,False,baseline_shifted_6m,delay_6m,1.0
2029,FY2029,Current finalist High population/comparison,Current planned path,current_basecase_12c_delay_6m,comparison,mvr_revenue_net_admin_coo,MVR revenues net of admin fees and COO,MVR,486.78727230291423,$m nominal ex GST,calculated_rollup,MBU26 official formula,mbu26_official_annual.csv,AD53,,,,,,,source_backed,,mr1_revenue + mr2_revenue - mvr_admin_revenue,False,486.787272302915,-7.958078640513122e-13,available,Model path,current_finalist_model,current_finalist_model,current_model_forecast,current_finalist_forecast,2028Q3; 2028Q4; 2029Q1; 2029Q2,,2028Q3; 2028Q4; 2029Q1; 2029Q2,False,,False,baseline_shifted_6m,delay_6m,1.0
2029,FY2029,Current finalist High population/comparison,Current planned path,current_basecase_12c_delay_6m,comparison,mvr_refunds,MVR refunds,MVR,1.94416230921848,$m nominal ex GST,deduction,MBU26 official fixed component,annual_spine.csv,AD54,,,,,,,source_backed,,nan,False,1.94416230921848,0.0,available,Model path,current_finalist_model,current_finalist_model,current_model_forecast,current_finalist_forecast,2028Q3; 2028Q4; 2029Q1; 2029Q2,,2028Q3; 2028Q4; 2029Q1; 2029Q2,False,,False,baseline_shifted_6m,delay_6m,1.0
2029,FY2029,Current finalist High population/comparison,Current planned path,current_basecase_12c_delay_6m,comparison,net_mvr_revenue,Net MVR revenue,MVR,484.84310999369575,$m nominal ex GST,calculated_rollup,MBU26 official formula,mbu26_official_annual.csv,AD55,,,,,,,source_backed,,mvr_revenue_net_admin_coo - mvr_refunds,False,484.843109993696,-2.2737367544323206e-13,available,Model path,current_finalist_model,current_finalist_model,current_model_forecast,current_finalist_forecast,2028Q3; 2028Q4; 2029Q1; 2029Q2,,2028Q3; 2028Q4; 2029Q1; 2029Q2,False,,False,baseline_shifted_6m,delay_6m,1.0
2029,FY2029,Current finalist High population/comparison,Current planned path,current_basecase_12c_delay_6m,comparison,tuc_net_revenue,TUC net revenue,TUC,17.5578996928248,$m nominal ex GST,leaf,MBU26 official fixed component,annual_spine.csv,AD58,,,,,,,source_backed,,nan,False,17.5578996928248,0.0,available,Model path,current_finalist_model,current_finalist_model,current_model_forecast,current_finalist_forecast,2028Q3; 2028Q4; 2029Q1; 2029Q2,,2028Q3; 2028Q4; 2029Q1; 2029Q2,False,,False,baseline_shifted_6m,delay_6m,1.0
2029,FY2029,Current finalist High population/comparison,Current planned path,current_basecase_12c_delay_6m,comparison,total_gross_revenue,Total gross revenues,Totals,6343.965863459524,$m nominal ex GST,calculated_rollup,current_hybrid_formula,current_hybrid_formula,current_revenue_outlook:current_basecase_12c_delay_6m:FY2029,,,,,,,source_backed,,gross_ruc_revenue + gross_fed_revenue + gross_mvr_revenue + tuc_net_revenue,False,6366.39228297679,-22.426419517265458,available,Model path,current_finalist_model,current_finalist_model,current_model_forecast,current_finalist_forecast,2028Q3; 2028Q4; 2029Q1; 2029Q2,,2028Q3; 2028Q4; 2029Q1; 2029Q2,False,,False,baseline_shifted_6m,delay_6m,1.0
2029,FY2029,Current finalist High population/comparison,Current planned path,current_basecase_12c_delay_6m,comparison,total_admin_fees,Total admin fees,Totals,111.53740471398059,$m nominal ex GST,calculated_rollup,current_hybrid_formula,current_hybrid_formula,current_revenue_outlook:current_basecase_12c_delay_6m:FY2029,,,,,,,source_backed,,ruc_admin_revenue + mvr_admin_revenue + coo_revenue,False,111.537404713981,-4.121147867408581e-13,available,Model path,current_finalist_model,current_finalist_model,current_model_forecast,current_finalist_forecast,2028Q3; 2028Q4; 2029Q1; 2029Q2,,2028Q3; 2028Q4; 2029Q1; 2029Q2,False,,False,baseline_shifted_6m,delay_6m,1.0
2029,FY2029,Current finalist High population/comparison,Current planned path,current_basecase_12c_delay_6m,comparison,total_revenue_net_admin,Total revenues net of admin fees,Totals,6232.428458745544,$m nominal ex GST,calculated_rollup,current_hybrid_formula,current_hybrid_formula,current_revenue_outlook:current_basecase_12c_delay_6m:FY2029,,,,,,,source_backed,,total_gross_revenue - total_admin_fees,False,6254.85487826281,-22.426419517266368,available,Model path,current_finalist_model,current_finalist_model,current_model_forecast,current_finalist_forecast,2028Q3; 2028Q4; 2029Q1; 2029Q2,,2028Q3; 2028Q4; 2029Q1; 2029Q2,False,,False,baseline_shifted_6m,delay_6m,1.0
2029,FY2029,Current finalist High population/comparison,Current planned path,current_basecase_12c_delay_6m,comparison,total_refunds,Total refunds,Totals,201.60718336655287,$m nominal ex GST,calculated_rollup,current_hybrid_formula,current_hybrid_formula,current_revenue_outlook:current_basecase_12c_delay_6m:FY2029,,,,,,,source_backed,,ruc_refunds + fed_refunds + mvr_refunds,False,201.607183366553,-1.1368683772161603e-13,available,Model path,current_finalist_model,current_finalist_model,current_model_forecast,current_finalist_forecast,2028Q3; 2028Q4; 2029Q1; 2029Q2,,2028Q3; 2028Q4; 2029Q1; 2029Q2,False,,False,baseline_shifted_6m,delay_6m,1.0
2029,FY2029,Current finalist High population/comparison,Current planned path,current_basecase_12c_delay_6m,comparison,total_nltf_net_revenue,Total NLTF revenue,Totals,6030.821275378991,$m nominal ex GST,calculated_rollup,current_hybrid_formula,current_hybrid_formula,current_revenue_outlook:current_basecase_12c_delay_6m:FY2029,,,,,,,source_backed,PED__DIAGLAB__B__glsar__ylag1__ar1__wexp; dynamic_RESID_GBR_n150_d1_lr0.05_w36; HEAVY_RUC__VNEXT_SOLVED_CONVEX_TOP4,total_revenue_net_admin - total_refunds,False,6053.24769489626,-22.426419517269096,available,Model path,current_finalist_model,current_finalist_model,current_model_forecast,current_finalist_forecast,2028Q3; 2028Q4; 2029Q1; 2029Q2,,2028Q3; 2028Q4; 2029Q1; 2029Q2,False,,False,baseline_shifted_6m,delay_6m,1.0
2029,FY2029,Current finalist High population/comparison,Current planned path,current_basecase_12c_delay_6m,comparison,current_light_ruc_conventional_modelled_km,Current finalist Light RUC conventional modelled km,Key volumes,14131.358557992655,million km,audit_only,current_finalist_model_conventional_light_ruc_forecast,forecast_scenario_comparison.parquet,data/current_revenue_outlook/revenue_chart_rows.csv:current_basecase_12c_delay_6m:2028Q3; data/current_revenue_outlook/revenue_chart_rows.csv:current_basecase_12c_delay_6m:2028Q4; data/current_revenue_outlook/revenue_chart_rows.csv:current_basecase_12c_delay_6m:2029Q1; data/current_revenue_outlook/revenue_chart_rows.csv:current_basecase_12c_delay_6m:2029Q2,,,,,,,source_backed,dynamic_RESID_GBR_n150_d1_lr0.05_w36,sum quarterly current finalist Light RUC conventional model forecast,False,,,available,Model path,current_finalist_model,current_finalist_model,current_model_forecast,current_finalist_forecast,2028Q3; 2028Q4; 2029Q1; 2029Q2,,2028Q3; 2028Q4; 2029Q1; 2029Q2,False,diesel_elasticity_to_conventional_ice_only; bev_phev_activity_fixed_to_base,True,baseline_shifted_6m,delay_6m,1.0
2029,FY2029,Current finalist High population/comparison,Current planned path,current_basecase_12c_delay_6m,comparison,total_fed_ruc_net_revenue,Total RUC+PED revenue,Derived totals,5528.42026569247,$m nominal ex GST,calculated_rollup,current_hybrid_formula,current_hybrid_formula,current_revenue_outlook:current_basecase_12c_delay_6m:FY2029,,,,,,,source_backed,PED__DIAGLAB__B__glsar__ylag1__ar1__wexp; dynamic_RESID_GBR_n150_d1_lr0.05_w36; HEAVY_RUC__VNEXT_SOLVED_CONVEX_TOP4,net_fed_revenue + total_ruc_net_revenue,False,5550.84668520973,-22.42641951726,available,Model path,current_finalist_model,current_finalist_model,current_model_forecast,current_finalist_forecast,2028Q3; 2028Q4; 2029Q1; 2029Q2,,2028Q3; 2028Q4; 2029Q1; 2029Q2,False,,False,baseline_shifted_6m,delay_6m,1.0
2030,FY2030,Current finalist High population/comparison,Current planned path,current_basecase_12c_delay_6m,comparison,light_ruc_net_km,Light RUC net km,Key volumes,14552.97103506161,million km,bridge_input,raw AR(1) PED VKT per capita x scenario-input population; raw Light RUC conventional model forecast expanded by MoT VFM 202405 Base uptake shares (conventional_anchor_vfm_composition_v1),forecast_scenario_comparison.parquet; mbu26_official_annual.csv,data/current_revenue_outlook/revenue_chart_rows.csv:current_basecase_12c_delay_6m:2029Q3; data/current_revenue_outlook/revenue_chart_rows.csv:current_basecase_12c_delay_6m:2029Q4; data/current_revenue_outlook/revenue_chart_rows.csv:current_basecase_12c_delay_6m:2030Q1; data/current_revenue_outlook/revenue_chart_rows.csv:current_basecase_12c_delay_6m:2030Q2; data/current_revenue_outlook/revenue_chart_rows.csv:current_basecase_12c_delay_6m:2029Q3; data/current_revenue_outlook/revenue_chart_rows.csv:current_basecase_12c_delay_6m:2029Q4; data/current_revenue_outlook/revenue_chart_rows.csv:current_basecase_12c_delay_6m:2030Q1; data/current_revenue_outlook/revenue_chart_rows.csv:current_basecase_12c_delay_6m:2030Q2; scenario_inputs/scenario_input_wide.parquet:PED:population (2029Q3; 2029Q4; 2030Q1; 2030Q2); VFM 202405 Base uptake shares; MBU26 rate cells AE5; AE7; AE9,,,,,,,source_backed,dynamic_RESID_GBR_n150_d1_lr0.05_w36,raw Light RUC conventional model forecast (preserved exactly under the Base uptake basis),False,14439.0859778169,113.88505724471179,available,Model path,current_finalist_model,current_finalist_model,current_model_forecast,current_finalist_forecast,2029Q3; 2029Q4; 2030Q1; 2030Q2,,2029Q3; 2029Q4; 2030Q1; 2030Q2,False,diesel_elasticity_to_conventional_ice_only; bev_phev_activity_fixed_to_base,True,baseline_shifted_6m,delay_6m,1.0
2030,FY2030,Current finalist High population/comparison,Current planned path,current_basecase_12c_delay_6m,comparison,heavy_ruc_net_km,Heavy RUC net km,Key volumes,4230.412228687554,million km,bridge_input,current_finalist_model,forecast_scenario_comparison.parquet,data/current_revenue_outlook/revenue_chart_rows.csv:current_basecase_12c_delay_6m:2029Q3; data/current_revenue_outlook/revenue_chart_rows.csv:current_basecase_12c_delay_6m:2029Q4; data/current_revenue_outlook/revenue_chart_rows.csv:current_basecase_12c_delay_6m:2030Q1; data/current_revenue_outlook/revenue_chart_rows.csv:current_basecase_12c_delay_6m:2030Q2,,,,,,,source_backed,HEAVY_RUC__VNEXT_SOLVED_CONVEX_TOP4,sum quarterly current finalist Heavy RUC net km,False,4484.64725020264,-254.23502151508637,available,Model path,current_finalist_model,current_finalist_model,current_model_forecast,current_finalist_forecast,2029Q3; 2029Q4; 2030Q1; 2030Q2,,2029Q3; 2029Q4; 2030Q1; 2030Q2,False,,False,baseline_shifted_6m,delay_6m,1.0
2030,FY2030,Current finalist High population/comparison,Current planned path,current_basecase_12c_delay_6m,comparison,light_bev_ruc_net_km,Light BEV RUC net km,Key volumes,3437.1140934214673,million km,bridge_input,raw AR(1) PED VKT per capita x scenario-input population; raw Light RUC conventional model forecast expanded by MoT VFM 202405 Base uptake shares (conventional_anchor_vfm_composition_v1),forecast_scenario_comparison.parquet; mbu26_official_annual.csv,data/current_revenue_outlook/revenue_chart_rows.csv:current_basecase_12c_delay_6m:2029Q3; data/current_revenue_outlook/revenue_chart_rows.csv:current_basecase_12c_delay_6m:2029Q4; data/current_revenue_outlook/revenue_chart_rows.csv:current_basecase_12c_delay_6m:2030Q1; data/current_revenue_outlook/revenue_chart_rows.csv:current_basecase_12c_delay_6m:2030Q2; data/current_revenue_outlook/revenue_chart_rows.csv:current_basecase_12c_delay_6m:2029Q3; data/current_revenue_outlook/revenue_chart_rows.csv:current_basecase_12c_delay_6m:2029Q4; data/current_revenue_outlook/revenue_chart_rows.csv:current_basecase_12c_delay_6m:2030Q1; data/current_revenue_outlook/revenue_chart_rows.csv:current_basecase_12c_delay_6m:2030Q2; scenario_inputs/scenario_input_wide.parquet:PED:population (2029Q3; 2029Q4; 2030Q1; 2030Q2); VFM 202405 Base uptake shares; MBU26 rate cells AE5; AE7; AE9,,,,,,,source_backed,PED__DIAGLAB__B__glsar__ylag1__ar1__wexp; dynamic_RESID_GBR_n150_d1_lr0.05_w36; HEAVY_RUC__VNEXT_SOLVED_CONVEX_TOP4,base pool (conventional / VFM Base conventional share) * VFM Base Light BEV share,False,3074.13637597232,362.97771744914735,available,Model path,current_finalist_model,current_finalist_model,current_model_forecast,current_finalist_forecast,2029Q3; 2029Q4; 2030Q1; 2030Q2,,2029Q3; 2029Q4; 2030Q1; 2030Q2,False,diesel_elasticity_to_conventional_ice_only; bev_phev_activity_fixed_to_base,True,baseline_shifted_6m,delay_6m,1.0
2030,FY2030,Current finalist High population/comparison,Current planned path,current_basecase_12c_delay_6m,comparison,heavy_bev_ruc_net_km,Heavy BEV RUC net km,Key volumes,88.9568688458184,million km,bridge_input,MBU26 official fixed component,annual_spine.csv,AE8,,,,,,,source_backed,,nan,False,88.9568688458184,0.0,available,Model path,current_finalist_model,current_finalist_model,current_model_forecast,current_finalist_forecast,2029Q3; 2029Q4; 2030Q1; 2030Q2,,2029Q3; 2029Q4; 2030Q1; 2030Q2,False,diesel_elasticity_to_conventional_ice_only; bev_phev_activity_fixed_to_base,True,baseline_shifted_6m,delay_6m,1.0
2030,FY2030,Current finalist High population/comparison,Current planned path,current_basecase_12c_delay_6m,comparison,phev_ruc_net_km,PHEV RUC net km,Key volumes,1878.889739407174,million km,bridge_input,raw AR(1) PED VKT per capita x scenario-input population; raw Light RUC conventional model forecast expanded by MoT VFM 202405 Base uptake shares (conventional_anchor_vfm_composition_v1),forecast_scenario_comparison.parquet; mbu26_official_annual.csv,data/current_revenue_outlook/revenue_chart_rows.csv:current_basecase_12c_delay_6m:2029Q3; data/current_revenue_outlook/revenue_chart_rows.csv:current_basecase_12c_delay_6m:2029Q4; data/current_revenue_outlook/revenue_chart_rows.csv:current_basecase_12c_delay_6m:2030Q1; data/current_revenue_outlook/revenue_chart_rows.csv:current_basecase_12c_delay_6m:2030Q2; data/current_revenue_outlook/revenue_chart_rows.csv:current_basecase_12c_delay_6m:2029Q3; data/current_revenue_outlook/revenue_chart_rows.csv:current_basecase_12c_delay_6m:2029Q4; data/current_revenue_outlook/revenue_chart_rows.csv:current_basecase_12c_delay_6m:2030Q1; data/current_revenue_outlook/revenue_chart_rows.csv:current_basecase_12c_delay_6m:2030Q2; scenario_inputs/scenario_input_wide.parquet:PED:population (2029Q3; 2029Q4; 2030Q1; 2030Q2); VFM 202405 Base uptake shares; MBU26 rate cells AE5; AE7; AE9,,,,,,,source_backed,PED__DIAGLAB__B__glsar__ylag1__ar1__wexp; dynamic_RESID_GBR_n150_d1_lr0.05_w36; HEAVY_RUC__VNEXT_SOLVED_CONVEX_TOP4,base pool (conventional / VFM Base conventional share) * VFM Base PHEV share,False,1688.91801832143,189.97172108574387,available,Model path,current_finalist_model,current_finalist_model,current_model_forecast,current_finalist_forecast,2029Q3; 2029Q4; 2030Q1; 2030Q2,,2029Q3; 2029Q4; 2030Q1; 2030Q2,False,diesel_elasticity_to_conventional_ice_only; bev_phev_activity_fixed_to_base,True,baseline_shifted_6m,delay_6m,1.0
2030,FY2030,Current finalist High population/comparison,Current planned path,current_basecase_12c_delay_6m,comparison,ped_volume,PED volume,Key volumes,2889.4008279080367,million litres,bridge_input,raw AR(1) PED VKT/capita + scenario-input population (scenario_input_population) + MBU26 intensity,forecast_scenario_comparison.parquet; scenario_inputs/scenario_input_wide.parquet; mbu26_official_annual.csv,data/current_revenue_outlook/revenue_chart_rows.csv:current_basecase_12c_delay_6m:2029Q3; data/current_revenue_outlook/revenue_chart_rows.csv:current_basecase_12c_delay_6m:2029Q4; data/current_revenue_outlook/revenue_chart_rows.csv:current_basecase_12c_delay_6m:2030Q1; data/current_revenue_outlook/revenue_chart_rows.csv:current_basecase_12c_delay_6m:2030Q2; data/current_revenue_outlook/revenue_chart_rows.csv:current_basecase_12c_delay_6m:2029Q3; data/current_revenue_outlook/revenue_chart_rows.csv:current_basecase_12c_delay_6m:2029Q4; data/current_revenue_outlook/revenue_chart_rows.csv:current_basecase_12c_delay_6m:2030Q1; data/current_revenue_outlook/revenue_chart_rows.csv:current_basecase_12c_delay_6m:2030Q2; scenario_inputs/scenario_input_wide.parquet:PED:population (2029Q3; 2029Q4; 2030Q1; 2030Q2); VFM 202405 Base uptake shares; MBU26 rate cells AE5; AE7; AE9,forecast_scenario_comparison.parquet,data/current_revenue_outlook/revenue_chart_rows.csv:current_basecase_12c_delay_6m:2029Q3; data/current_revenue_outlook/revenue_chart_rows.csv:current_basecase_12c_delay_6m:2029Q4; data/current_revenue_outlook/revenue_chart_rows.csv:current_basecase_12c_delay_6m:2030Q1; data/current_revenue_outlook/revenue_chart_rows.csv:current_basecase_12c_delay_6m:2030Q2,current_finalist_model,scenario_inputs/scenario_input_wide.parquet,scenario_inputs/scenario_input_wide.parquet:PED:population (2029Q3; 2029Q4; 2030Q1; 2030Q2),scenario_input_population,source_backed,PED__DIAGLAB__B__glsar__ylag1__ar1__wexp,raw PED/light-petrol VKT * MBU26 litres intensity / 100,False,2880.43564343742,8.965184470616805,available,Model path,current_finalist_model,current_finalist_model,current_model_forecast,current_finalist_forecast,2029Q3; 2029Q4; 2030Q1; 2030Q2,,2029Q3; 2029Q4; 2030Q1; 2030Q2,False,,False,baseline_shifted_6m,delay_6m,1.0
2030,FY2030,Current finalist High population/comparison,Current planned path,current_basecase_12c_delay_6m,comparison,light_petrol_vkt,Light petrol VKT,Key volumes,32993.321829443696,million km,bridge_input,raw AR(1) PED VKT per capita x scenario-input population; raw Light RUC conventional model forecast expanded by MoT VFM 202405 Base uptake shares (conventional_anchor_vfm_composition_v1),forecast_scenario_comparison.parquet; mbu26_official_annual.csv,data/current_revenue_outlook/revenue_chart_rows.csv:current_basecase_12c_delay_6m:2029Q3; data/current_revenue_outlook/revenue_chart_rows.csv:current_basecase_12c_delay_6m:2029Q4; data/current_revenue_outlook/revenue_chart_rows.csv:current_basecase_12c_delay_6m:2030Q1; data/current_revenue_outlook/revenue_chart_rows.csv:current_basecase_12c_delay_6m:2030Q2; data/current_revenue_outlook/revenue_chart_rows.csv:current_basecase_12c_delay_6m:2029Q3; data/current_revenue_outlook/revenue_chart_rows.csv:current_basecase_12c_delay_6m:2029Q4; data/current_revenue_outlook/revenue_chart_rows.csv:current_basecase_12c_delay_6m:2030Q1; data/current_revenue_outlook/revenue_chart_rows.csv:current_basecase_12c_delay_6m:2030Q2; scenario_inputs/scenario_input_wide.parquet:PED:population (2029Q3; 2029Q4; 2030Q1; 2030Q2); VFM 202405 Base uptake shares; MBU26 rate cells AE5; AE7; AE9,forecast_scenario_comparison.parquet,data/current_revenue_outlook/revenue_chart_rows.csv:current_basecase_12c_delay_6m:2029Q3; data/current_revenue_outlook/revenue_chart_rows.csv:current_basecase_12c_delay_6m:2029Q4; data/current_revenue_outlook/revenue_chart_rows.csv:current_basecase_12c_delay_6m:2030Q1; data/current_revenue_outlook/revenue_chart_rows.csv:current_basecase_12c_delay_6m:2030Q2,current_finalist_model,scenario_inputs/scenario_input_wide.parquet,scenario_inputs/scenario_input_wide.parquet:PED:population (2029Q3; 2029Q4; 2030Q1; 2030Q2),scenario_input_population,source_backed,,raw AR(1) PED VKT per capita * scenario-input population,False,32890.9507033464,102.37112609729229,available,Model path,current_finalist_model,current_finalist_model,current_model_forecast,current_finalist_forecast,2029Q3; 2029Q4; 2030Q1; 2030Q2,,2029Q3; 2029Q4; 2030Q1; 2030Q2,False,,False,baseline_shifted_6m,delay_6m,1.0
2030,FY2030,Current finalist High population/comparison,Current planned path,current_basecase_12c_delay_6m,comparison,ped_vkt_per_capita,PED VKT per capita,Key volumes,5888.384227680278,km/person,bridge_input,current_finalist_model,forecast_scenario_comparison.parquet,data/current_revenue_outlook/revenue_chart_rows.csv:current_basecase_12c_delay_6m:2029Q3; data/current_revenue_outlook/revenue_chart_rows.csv:current_basecase_12c_delay_6m:2029Q4; data/current_revenue_outlook/revenue_chart_rows.csv:current_basecase_12c_delay_6m:2030Q1; data/current_revenue_outlook/revenue_chart_rows.csv:current_basecase_12c_delay_6m:2030Q2,forecast_scenario_comparison.parquet,data/current_revenue_outlook/revenue_chart_rows.csv:current_basecase_12c_delay_6m:2029Q3; data/current_revenue_outlook/revenue_chart_rows.csv:current_basecase_12c_delay_6m:2029Q4; data/current_revenue_outlook/revenue_chart_rows.csv:current_basecase_12c_delay_6m:2030Q1; data/current_revenue_outlook/revenue_chart_rows.csv:current_basecase_12c_delay_6m:2030Q2,current_finalist_model,,,,source_backed,PED__DIAGLAB__B__glsar__ylag1__ar1__wexp,sum quarterly current finalist PED VKT/capita,False,5890.93754143919,-2.553313758911827,available,Model path,current_finalist_model,current_finalist_model,current_model_forecast,current_finalist_forecast,2029Q3; 2029Q4; 2030Q1; 2030Q2,,2029Q3; 2029Q4; 2030Q1; 2030Q2,False,,False,baseline_shifted_6m,delay_6m,1.0
2030,FY2030,Current finalist High population/comparison,Current planned path,current_basecase_12c_delay_6m,comparison,tuc_gtk,TUC GTK,Key volumes,8179315222.66,tonne-km,bridge_input,MBU26 official fixed component,annual_spine.csv,AE13,,,,,,,source_backed,,nan,False,8179315222.66,0.0,available,Model path,current_finalist_model,current_finalist_model,current_model_forecast,current_finalist_forecast,2029Q3; 2029Q4; 2030Q1; 2030Q2,,2029Q3; 2029Q4; 2030Q1; 2030Q2,False,,False,baseline_shifted_6m,delay_6m,1.0
2030,FY2030,Current finalist High population/comparison,Current planned path,current_basecase_12c_delay_6m,comparison,light_ruc_net_revenue,Light RUC revenue,RUC,1309.1303913442223,$m nominal ex GST,replacement_line,"raw AR(1) PED bridge and conventional-anchor VFM composition, scenario-input population and MBU26 effective rate",forecast_scenario_comparison.parquet; mbu26_official_annual.csv,data/current_revenue_outlook/revenue_chart_rows.csv:current_basecase_12c_delay_6m:2029Q3; data/current_revenue_outlook/revenue_chart_rows.csv:current_basecase_12c_delay_6m:2029Q4; data/current_revenue_outlook/revenue_chart_rows.csv:current_basecase_12c_delay_6m:2030Q1; data/current_revenue_outlook/revenue_chart_rows.csv:current_basecase_12c_delay_6m:2030Q2; data/current_revenue_outlook/revenue_chart_rows.csv:current_basecase_12c_delay_6m:2029Q3; data/current_revenue_outlook/revenue_chart_rows.csv:current_basecase_12c_delay_6m:2029Q4; data/current_revenue_outlook/revenue_chart_rows.csv:current_basecase_12c_delay_6m:2030Q1; data/current_revenue_outlook/revenue_chart_rows.csv:current_basecase_12c_delay_6m:2030Q2; scenario_inputs/scenario_input_wide.parquet:PED:population (2029Q3; 2029Q4; 2030Q1; 2030Q2); VFM 202405 Base uptake shares; MBU26 rate cells AE5; AE7; AE9,,,,,,,source_backed,dynamic_RESID_GBR_n150_d1_lr0.05_w36,conventional Light RUC km * MBU26 conventional Light effective rate,True,1298.88572108412,10.244670260102566,available,Model path,current_finalist_model,current_finalist_model,current_model_forecast,current_finalist_forecast,2029Q3; 2029Q4; 2030Q1; 2030Q2,,2029Q3; 2029Q4; 2030Q1; 2030Q2,False,diesel_elasticity_to_conventional_ice_only; bev_phev_activity_fixed_to_base,True,baseline_shifted_6m,delay_6m,1.0
2030,FY2030,Current finalist High population/comparison,Current planned path,current_basecase_12c_delay_6m,comparison,heavy_ruc_net_revenue,Heavy RUC revenue,RUC,1561.9346558206585,$m nominal ex GST,replacement_line,current_finalist_model + MBU26 effective rate,forecast_scenario_comparison.parquet; mbu26_official_annual.csv,data/current_revenue_outlook/revenue_chart_rows.csv:current_basecase_12c_delay_6m:2029Q3; data/current_revenue_outlook/revenue_chart_rows.csv:current_basecase_12c_delay_6m:2029Q4; data/current_revenue_outlook/revenue_chart_rows.csv:current_basecase_12c_delay_6m:2030Q1; data/current_revenue_outlook/revenue_chart_rows.csv:current_basecase_12c_delay_6m:2030Q2,,,,,,,source_backed,HEAVY_RUC__VNEXT_SOLVED_CONVEX_TOP4,sum quarterly current Heavy RUC net km * MBU26 effective rate,True,1655.80221986912,-93.86756404846165,available,Model path,current_finalist_model,current_finalist_model,current_model_forecast,current_finalist_forecast,2029Q3; 2029Q4; 2030Q1; 2030Q2,,2029Q3; 2029Q4; 2030Q1; 2030Q2,False,,False,baseline_shifted_6m,delay_6m,1.0
2030,FY2030,Current finalist High population/comparison,Current planned path,current_basecase_12c_delay_6m,comparison,light_bev_ruc_net_revenue,Light BEV RUC net revenue,RUC,309.21996941466256,$m nominal ex GST,replacement_line,"raw AR(1) PED bridge and conventional-anchor VFM composition, scenario-input population and MBU26 effective rate",forecast_scenario_comparison.parquet; mbu26_official_annual.csv,data/current_revenue_outlook/revenue_chart_rows.csv:current_basecase_12c_delay_6m:2029Q3; data/current_revenue_outlook/revenue_chart_rows.csv:current_basecase_12c_delay_6m:2029Q4; data/current_revenue_outlook/revenue_chart_rows.csv:current_basecase_12c_delay_6m:2030Q1; data/current_revenue_outlook/revenue_chart_rows.csv:current_basecase_12c_delay_6m:2030Q2; data/current_revenue_outlook/revenue_chart_rows.csv:current_basecase_12c_delay_6m:2029Q3; data/current_revenue_outlook/revenue_chart_rows.csv:current_basecase_12c_delay_6m:2029Q4; data/current_revenue_outlook/revenue_chart_rows.csv:current_basecase_12c_delay_6m:2030Q1; data/current_revenue_outlook/revenue_chart_rows.csv:current_basecase_12c_delay_6m:2030Q2; scenario_inputs/scenario_input_wide.parquet:PED:population (2029Q3; 2029Q4; 2030Q1; 2030Q2); VFM 202405 Base uptake shares; MBU26 rate cells AE5; AE7; AE9,,,,,,,source_backed,PED__DIAGLAB__B__glsar__ylag1__ar1__wexp; dynamic_RESID_GBR_n150_d1_lr0.05_w36; HEAVY_RUC__VNEXT_SOLVED_CONVEX_TOP4,allocated Light BEV RUC km * MBU26 Light BEV effective rate,True,276.56467906435,32.655290350312555,available,Model path,current_finalist_model,current_finalist_model,current_model_forecast,current_finalist_forecast,2029Q3; 2029Q4; 2030Q1; 2030Q2,,2029Q3; 2029Q4; 2030Q1; 2030Q2,False,diesel_elasticity_to_conventional_ice_only; bev_phev_activity_fixed_to_base,True,baseline_shifted_6m,delay_6m,1.0
2030,FY2030,Current finalist High population/comparison,Current planned path,current_basecase_12c_delay_6m,comparison,heavy_bev_ruc_net_revenue,Heavy BEV RUC net revenue,RUC,32.8477686056627,$m nominal ex GST,leaf,MBU26 official fixed component,annual_spine.csv,AE31,,,,,,,source_backed,,nan,False,32.8477686056627,0.0,available,Model path,current_finalist_model,current_finalist_model,current_model_forecast,current_finalist_forecast,2029Q3; 2029Q4; 2030Q1; 2030Q2,,2029Q3; 2029Q4; 2030Q1; 2030Q2,False,diesel_elasticity_to_conventional_ice_only; bev_phev_activity_fixed_to_base,True,baseline_shifted_6m,delay_6m,1.0
2030,FY2030,Current finalist High population/comparison,Current planned path,current_basecase_12c_delay_6m,comparison,phev_ruc_net_revenue,PHEV RUC net revenue,RUC,83.356943288799,$m nominal ex GST,replacement_line,"raw AR(1) PED bridge and conventional-anchor VFM composition, scenario-input population and MBU26 effective rate",forecast_scenario_comparison.parquet; mbu26_official_annual.csv,data/current_revenue_outlook/revenue_chart_rows.csv:current_basecase_12c_delay_6m:2029Q3; data/current_revenue_outlook/revenue_chart_rows.csv:current_basecase_12c_delay_6m:2029Q4; data/current_revenue_outlook/revenue_chart_rows.csv:current_basecase_12c_delay_6m:2030Q1; data/current_revenue_outlook/revenue_chart_rows.csv:current_basecase_12c_delay_6m:2030Q2; data/current_revenue_outlook/revenue_chart_rows.csv:current_basecase_12c_delay_6m:2029Q3; data/current_revenue_outlook/revenue_chart_rows.csv:current_basecase_12c_delay_6m:2029Q4; data/current_revenue_outlook/revenue_chart_rows.csv:current_basecase_12c_delay_6m:2030Q1; data/current_revenue_outlook/revenue_chart_rows.csv:current_basecase_12c_delay_6m:2030Q2; scenario_inputs/scenario_input_wide.parquet:PED:population (2029Q3; 2029Q4; 2030Q1; 2030Q2); VFM 202405 Base uptake shares; MBU26 rate cells AE5; AE7; AE9,,,,,,,source_backed,PED__DIAGLAB__B__glsar__ylag1__ar1__wexp; dynamic_RESID_GBR_n150_d1_lr0.05_w36; HEAVY_RUC__VNEXT_SOLVED_CONVEX_TOP4,allocated PHEV RUC km * MBU26 PHEV effective rate,True,74.92884788283,8.428095405969003,available,Model path,current_finalist_model,current_finalist_model,current_model_forecast,current_finalist_forecast,2029Q3; 2029Q4; 2030Q1; 2030Q2,,2029Q3; 2029Q4; 2030Q1; 2030Q2,False,diesel_elasticity_to_conventional_ice_only; bev_phev_activity_fixed_to_base,True,baseline_shifted_6m,delay_6m,1.0
2030,FY2030,Current finalist High population/comparison,Current planned path,current_basecase_12c_delay_6m,comparison,ruc_refunds,RUC refunds,RUC,111.156651009308,$m nominal ex GST,deduction,MBU26 official fixed component,annual_spine.csv,AE33,,,,,,,source_backed,,nan,False,111.156651009308,0.0,available,Model path,current_finalist_model,current_finalist_model,current_model_forecast,current_finalist_forecast,2029Q3; 2029Q4; 2030Q1; 2030Q2,,2029Q3; 2029Q4; 2030Q1; 2030Q2,False,,False,baseline_shifted_6m,delay_6m,1.0
2030,FY2030,Current finalist High population/comparison,Current planned path,current_basecase_12c_delay_6m,comparison,gross_ruc_revenue,Gross RUC revenue,RUC,3407.646379483313,$m nominal ex GST,calculated_rollup,current_hybrid_formula,current_hybrid_formula,current_revenue_outlook:current_basecase_12c_delay_6m:FY2030,,,,,,,source_backed,,optimized light_ruc_net_revenue + heavy_ruc_net_revenue + optimized light_bev_ruc_net_revenue + MBU26 heavy_bev_ruc_net_revenue + optimized phev_ruc_net_revenue + MBU26 ruc_refunds,False,3450.56913427481,-42.92275479149703,available,Model path,current_finalist_model,current_finalist_model,current_model_forecast,current_finalist_forecast,2029Q3; 2029Q4; 2030Q1; 2030Q2,,2029Q3; 2029Q4; 2030Q1; 2030Q2,False,,False,baseline_shifted_6m,delay_6m,1.0
2030,FY2030,Current finalist High population/comparison,Current planned path,current_basecase_12c_delay_6m,comparison,ruc_admin_revenue,RUC admin revenue,RUC,42.5523569088689,$m nominal ex GST,deduction,MBU26 official fixed component,annual_spine.csv,AE35,,,,,,,source_backed,,nan,False,42.5523569088689,0.0,available,Model path,current_finalist_model,current_finalist_model,current_model_forecast,current_finalist_forecast,2029Q3; 2029Q4; 2030Q1; 2030Q2,,2029Q3; 2029Q4; 2030Q1; 2030Q2,False,,False,baseline_shifted_6m,delay_6m,1.0
2030,FY2030,Current finalist High population/comparison,Current planned path,current_basecase_12c_delay_6m,comparison,ruc_revenue_net_admin,RUC revenues net of admin fees,RUC,3365.094022574444,$m nominal ex GST,calculated_rollup,current_hybrid_formula,current_hybrid_formula,current_revenue_outlook:current_basecase_12c_delay_6m:FY2030,,,,,,,source_backed,,gross_ruc_revenue - MBU26 ruc_admin_revenue,False,3408.01677736594,-42.92275479149612,available,Model path,current_finalist_model,current_finalist_model,current_model_forecast,current_finalist_forecast,2029Q3; 2029Q4; 2030Q1; 2030Q2,,2029Q3; 2029Q4; 2030Q1; 2030Q2,False,,False,baseline_shifted_6m,delay_6m,1.0
2030,FY2030,Current finalist High population/comparison,Current planned path,current_basecase_12c_delay_6m,comparison,total_ruc_net_revenue,Total RUC all classes,RUC,3253.937371565136,$m nominal ex GST,calculated_rollup,current_hybrid_formula,current_hybrid_formula,current_revenue_outlook:current_basecase_12c_delay_6m:FY2030,,,,,,,source_backed,PED__DIAGLAB__B__glsar__ylag1__ar1__wexp; dynamic_RESID_GBR_n150_d1_lr0.05_w36; HEAVY_RUC__VNEXT_SOLVED_CONVEX_TOP4,ruc_revenue_net_admin - MBU26 ruc_refunds,False,3296.86012635663,-42.9227547914943,available,Model path,current_finalist_model,current_finalist_model,current_model_forecast,current_finalist_forecast,2029Q3; 2029Q4; 2030Q1; 2030Q2,,2029Q3; 2029Q4; 2030Q1; 2030Q2,False,,False,baseline_shifted_6m,delay_6m,1.0
2030,FY2030,Current finalist High population/comparison,Current planned path,current_basecase_12c_delay_6m,comparison,gross_ped_revenue,PED revenue,FED,2716.346661608292,$m nominal ex GST,replacement_line,"raw AR(1) PED bridge and conventional-anchor VFM composition, scenario-input population and MBU26 effective rate; population_source=scenario_input_population",forecast_scenario_comparison.parquet; scenario_inputs/scenario_input_wide.parquet; mbu26_official_annual.csv,data/current_revenue_outlook/revenue_chart_rows.csv:current_basecase_12c_delay_6m:2029Q3; data/current_revenue_outlook/revenue_chart_rows.csv:current_basecase_12c_delay_6m:2029Q4; data/current_revenue_outlook/revenue_chart_rows.csv:current_basecase_12c_delay_6m:2030Q1; data/current_revenue_outlook/revenue_chart_rows.csv:current_basecase_12c_delay_6m:2030Q2; data/current_revenue_outlook/revenue_chart_rows.csv:current_basecase_12c_delay_6m:2029Q3; data/current_revenue_outlook/revenue_chart_rows.csv:current_basecase_12c_delay_6m:2029Q4; data/current_revenue_outlook/revenue_chart_rows.csv:current_basecase_12c_delay_6m:2030Q1; data/current_revenue_outlook/revenue_chart_rows.csv:current_basecase_12c_delay_6m:2030Q2; scenario_inputs/scenario_input_wide.parquet:PED:population (2029Q3; 2029Q4; 2030Q1; 2030Q2); VFM 202405 Base uptake shares; MBU26 rate cells AE5; AE7; AE9,forecast_scenario_comparison.parquet,data/current_revenue_outlook/revenue_chart_rows.csv:current_basecase_12c_delay_6m:2029Q3; data/current_revenue_outlook/revenue_chart_rows.csv:current_basecase_12c_delay_6m:2029Q4; data/current_revenue_outlook/revenue_chart_rows.csv:current_basecase_12c_delay_6m:2030Q1; data/current_revenue_outlook/revenue_chart_rows.csv:current_basecase_12c_delay_6m:2030Q2,current_finalist_model,scenario_inputs/scenario_input_wide.parquet,scenario_inputs/scenario_input_wide.parquet:PED:population (2029Q3; 2029Q4; 2030Q1; 2030Q2),scenario_input_population,source_backed,PED__DIAGLAB__B__glsar__ylag1__ar1__wexp,raw PED/light-petrol VKT * MBU26 litres intensity / 100 * MBU26 PED rate,True,2707.91842670497,8.428234903321936,available,Model path,current_finalist_model,current_finalist_model,current_model_forecast,current_finalist_forecast,2029Q3; 2029Q4; 2030Q1; 2030Q2,,2029Q3; 2029Q4; 2030Q1; 2030Q2,False,,False,baseline_shifted_6m,delay_6m,1.0
2030,FY2030,Current finalist High population/comparison,Current planned path,current_basecase_12c_delay_6m,comparison,gross_lpg_revenue,Gross LPG revenue,FED,43.2447778470936,$m nominal ex GST,leaf,MBU26 official fixed component,annual_spine.csv,AE41,,,,,,,source_backed,,nan,False,43.2447778470936,0.0,available,Model path,current_finalist_model,current_finalist_model,current_model_forecast,current_finalist_forecast,2029Q3; 2029Q4; 2030Q1; 2030Q2,,2029Q3; 2029Q4; 2030Q1; 2030Q2,False,,False,baseline_shifted_6m,delay_6m,1.0
2030,FY2030,Current finalist High population/comparison,Current planned path,current_basecase_12c_delay_6m,comparison,gross_cng_revenue,Gross CNG revenue,FED,0.0,$m nominal ex GST,leaf,MBU26 official fixed component,annual_spine.csv,AE42,,,,,,,source_backed,,nan,False,0.0,0.0,available,Model path,current_finalist_model,current_finalist_model,current_model_forecast,current_finalist_forecast,2029Q3; 2029Q4; 2030Q1; 2030Q2,,2029Q3; 2029Q4; 2030Q1; 2030Q2,False,,False,baseline_shifted_6m,delay_6m,1.0
2030,FY2030,Current finalist High population/comparison,Current planned path,current_basecase_12c_delay_6m,comparison,gross_fed_revenue,Gross FED revenue,FED,2759.5914394553856,$m nominal ex GST,calculated_rollup,current_hybrid_formula,current_hybrid_formula,current_revenue_outlook:current_basecase_12c_delay_6m:FY2030,,,,,,,source_backed,PED__DIAGLAB__B__glsar__ylag1__ar1__wexp,gross_ped_revenue + MBU26 gross_lpg_revenue + MBU26 gross_cng_revenue,False,2751.16320455207,8.42823490331557,available,Model path,current_finalist_model,current_finalist_model,current_model_forecast,current_finalist_forecast,2029Q3; 2029Q4; 2030Q1; 2030Q2,,2029Q3; 2029Q4; 2030Q1; 2030Q2,False,,False,baseline_shifted_6m,delay_6m,1.0
2030,FY2030,Current finalist High population/comparison,Current planned path,current_basecase_12c_delay_6m,comparison,fed_refunds,FED refunds,FED,102.477188461442,$m nominal ex GST,deduction,MBU26 official fixed component,annual_spine.csv,AE44,,,,,,,source_backed,,nan,False,102.477188461442,0.0,available,Model path,current_finalist_model,current_finalist_model,current_model_forecast,current_finalist_forecast,2029Q3; 2029Q4; 2030Q1; 2030Q2,,2029Q3; 2029Q4; 2030Q1; 2030Q2,False,,False,baseline_shifted_6m,delay_6m,1.0
2030,FY2030,Current finalist High population/comparison,Current planned path,current_basecase_12c_delay_6m,comparison,net_fed_revenue,Net FED revenue,FED,2657.1142509939436,$m nominal ex GST,calculated_rollup,current_hybrid_formula,current_hybrid_formula,current_revenue_outlook:current_basecase_12c_delay_6m:FY2030,,,,,,,source_backed,PED__DIAGLAB__B__glsar__ylag1__ar1__wexp,gross_fed_revenue - MBU26 fed_refunds,False,2648.68601609063,8.42823490331375,available,Model path,current_finalist_model,current_finalist_model,current_model_forecast,current_finalist_forecast,2029Q3; 2029Q4; 2030Q1; 2030Q2,,2029Q3; 2029Q4; 2030Q1; 2030Q2,False,,False,baseline_shifted_6m,delay_6m,1.0
2030,FY2030,Current finalist High population/comparison,Current planned path,current_basecase_12c_delay_6m,comparison,mr1_revenue,MR1 revenue,MVR,520.957974139895,$m nominal ex GST,leaf,MBU26 official fixed component,annual_spine.csv,AE48,,,,,,,source_backed,,nan,False,520.957974139895,0.0,available,Model path,current_finalist_model,current_finalist_model,current_model_forecast,current_finalist_forecast,2029Q3; 2029Q4; 2030Q1; 2030Q2,,2029Q3; 2029Q4; 2030Q1; 2030Q2,False,,False,baseline_shifted_6m,delay_6m,1.0
2030,FY2030,Current finalist High population/comparison,Current planned path,current_basecase_12c_delay_6m,comparison,mr2_revenue,MR2 revenue,MVR,32.0452026276956,$m nominal ex GST,leaf,MBU26 official fixed component,annual_spine.csv,AE49,,,,,,,source_backed,,nan,False,32.0452026276956,0.0,available,Model path,current_finalist_model,current_finalist_model,current_model_forecast,current_finalist_forecast,2029Q3; 2029Q4; 2030Q1; 2030Q2,,2029Q3; 2029Q4; 2030Q1; 2030Q2,False,,False,baseline_shifted_6m,delay_6m,1.0
2030,FY2030,Current finalist High population/comparison,Current planned path,current_basecase_12c_delay_6m,comparison,coo_revenue,MR13,MVR,0.0,$m nominal ex GST,deduction,MBU26 official fixed component,annual_spine.csv,AE50,,,,,,,source_backed,,nan,False,0.0,0.0,available,Model path,current_finalist_model,current_finalist_model,current_model_forecast,current_finalist_forecast,2029Q3; 2029Q4; 2030Q1; 2030Q2,,2029Q3; 2029Q4; 2030Q1; 2030Q2,False,,False,baseline_shifted_6m,delay_6m,1.0
2030,FY2030,Current finalist High population/comparison,Current planned path,current_basecase_12c_delay_6m,comparison,gross_mvr_revenue,Gross MVR revenue,MVR,553.0031767675906,$m nominal ex GST,calculated_rollup,MBU26 official formula,mbu26_official_annual.csv,AE51,,,,,,,source_backed,,mr1_revenue + mr2_revenue + coo_revenue,False,553.003176767591,-3.410605131648481e-13,available,Model path,current_finalist_model,current_finalist_model,current_model_forecast,current_finalist_forecast,2029Q3; 2029Q4; 2030Q1; 2030Q2,,2029Q3; 2029Q4; 2030Q1; 2030Q2,False,,False,baseline_shifted_6m,delay_6m,1.0
2030,FY2030,Current finalist High population/comparison,Current planned path,current_basecase_12c_delay_6m,comparison,mvr_admin_revenue,MVR admin revenue,MVR,71.1689452067262,$m nominal ex GST,deduction,MBU26 official fixed component,annual_spine.csv,AE52,,,,,,,source_backed,,nan,False,71.1689452067262,0.0,available,Model path,current_finalist_model,current_finalist_model,current_model_forecast,current_finalist_forecast,2029Q3; 2029Q4; 2030Q1; 2030Q2,,2029Q3; 2029Q4; 2030Q1; 2030Q2,False,,False,baseline_shifted_6m,delay_6m,1.0
2030,FY2030,Current finalist High population/comparison,Current planned path,current_basecase_12c_delay_6m,comparison,mvr_revenue_net_admin_coo,MVR revenues net of admin fees and COO,MVR,481.8342315608644,$m nominal ex GST,calculated_rollup,MBU26 official formula,mbu26_official_annual.csv,AE53,,,,,,,source_backed,,mr1_revenue + mr2_revenue - mvr_admin_revenue,False,481.834231560865,-6.252776074688882e-13,available,Model path,current_finalist_model,current_finalist_model,current_model_forecast,current_finalist_forecast,2029Q3; 2029Q4; 2030Q1; 2030Q2,,2029Q3; 2029Q4; 2030Q1; 2030Q2,False,,False,baseline_shifted_6m,delay_6m,1.0
2030,FY2030,Current finalist High population/comparison,Current planned path,current_basecase_12c_delay_6m,comparison,mvr_refunds,MVR refunds,MVR,1.95051327200492,$m nominal ex GST,deduction,MBU26 official fixed component,annual_spine.csv,AE54,,,,,,,source_backed,,nan,False,1.95051327200492,0.0,available,Model path,current_finalist_model,current_finalist_model,current_model_forecast,current_finalist_forecast,2029Q3; 2029Q4; 2030Q1; 2030Q2,,2029Q3; 2029Q4; 2030Q1; 2030Q2,False,,False,baseline_shifted_6m,delay_6m,1.0
2030,FY2030,Current finalist High population/comparison,Current planned path,current_basecase_12c_delay_6m,comparison,net_mvr_revenue,Net MVR revenue,MVR,479.8837182888595,$m nominal ex GST,calculated_rollup,MBU26 official formula,mbu26_official_annual.csv,AE55,,,,,,,source_backed,,mvr_revenue_net_admin_coo - mvr_refunds,False,479.88371828886,-5.115907697472721e-13,available,Model path,current_finalist_model,current_finalist_model,current_model_forecast,current_finalist_forecast,2029Q3; 2029Q4; 2030Q1; 2030Q2,,2029Q3; 2029Q4; 2030Q1; 2030Q2,False,,False,baseline_shifted_6m,delay_6m,1.0
2030,FY2030,Current finalist High population/comparison,Current planned path,current_basecase_12c_delay_6m,comparison,tuc_net_revenue,TUC net revenue,TUC,17.5578996928248,$m nominal ex GST,leaf,MBU26 official fixed component,annual_spine.csv,AE58,,,,,,,source_backed,,nan,False,17.5578996928248,0.0,available,Model path,current_finalist_model,current_finalist_model,current_model_forecast,current_finalist_forecast,2029Q3; 2029Q4; 2030Q1; 2030Q2,,2029Q3; 2029Q4; 2030Q1; 2030Q2,False,,False,baseline_shifted_6m,delay_6m,1.0
2030,FY2030,Current finalist High population/comparison,Current planned path,current_basecase_12c_delay_6m,comparison,total_gross_revenue,Total gross revenues,Totals,6737.798895399114,$m nominal ex GST,calculated_rollup,current_hybrid_formula,current_hybrid_formula,current_revenue_outlook:current_basecase_12c_delay_6m:FY2030,,,,,,,source_backed,,gross_ruc_revenue + gross_fed_revenue + gross_mvr_revenue + tuc_net_revenue,False,6772.29341528729,-34.494519888176,available,Model path,current_finalist_model,current_finalist_model,current_model_forecast,current_finalist_forecast,2029Q3; 2029Q4; 2030Q1; 2030Q2,,2029Q3; 2029Q4; 2030Q1; 2030Q2,False,,False,baseline_shifted_6m,delay_6m,1.0
2030,FY2030,Current finalist High population/comparison,Current planned path,current_basecase_12c_delay_6m,comparison,total_admin_fees,Total admin fees,Totals,113.72130211559511,$m nominal ex GST,calculated_rollup,current_hybrid_formula,current_hybrid_formula,current_revenue_outlook:current_basecase_12c_delay_6m:FY2030,,,,,,,source_backed,,ruc_admin_revenue + mvr_admin_revenue + coo_revenue,False,113.721302115595,1.1368683772161603e-13,available,Model path,current_finalist_model,current_finalist_model,current_model_forecast,current_finalist_forecast,2029Q3; 2029Q4; 2030Q1; 2030Q2,,2029Q3; 2029Q4; 2030Q1; 2030Q2,False,,False,baseline_shifted_6m,delay_6m,1.0
2030,FY2030,Current finalist High population/comparison,Current planned path,current_basecase_12c_delay_6m,comparison,total_revenue_net_admin,Total revenues net of admin fees,Totals,6624.0775932835195,$m nominal ex GST,calculated_rollup,current_hybrid_formula,current_hybrid_formula,current_revenue_outlook:current_basecase_12c_delay_6m:FY2030,,,,,,,source_backed,,total_gross_revenue - total_admin_fees,False,6658.5721131717,-34.49451988818055,available,Model path,current_finalist_model,current_finalist_model,current_model_forecast,current_finalist_forecast,2029Q3; 2029Q4; 2030Q1; 2030Q2,,2029Q3; 2029Q4; 2030Q1; 2030Q2,False,,False,baseline_shifted_6m,delay_6m,1.0
2030,FY2030,Current finalist High population/comparison,Current planned path,current_basecase_12c_delay_6m,comparison,total_refunds,Total refunds,Totals,215.58435274275493,$m nominal ex GST,calculated_rollup,current_hybrid_formula,current_hybrid_formula,current_revenue_outlook:current_basecase_12c_delay_6m:FY2030,,,,,,,source_backed,,ruc_refunds + fed_refunds + mvr_refunds,False,215.584352742755,-8.526512829121202e-14,available,Model path,current_finalist_model,current_finalist_model,current_model_forecast,current_finalist_forecast,2029Q3; 2029Q4; 2030Q1; 2030Q2,,2029Q3; 2029Q4; 2030Q1; 2030Q2,False,,False,baseline_shifted_6m,delay_6m,1.0
2030,FY2030,Current finalist High population/comparison,Current planned path,current_basecase_12c_delay_6m,comparison,total_nltf_net_revenue,Total NLTF revenue,Totals,6408.493240540764,$m nominal ex GST,calculated_rollup,current_hybrid_formula,current_hybrid_formula,current_revenue_outlook:current_basecase_12c_delay_6m:FY2030,,,,,,,source_backed,PED__DIAGLAB__B__glsar__ylag1__ar1__wexp; dynamic_RESID_GBR_n150_d1_lr0.05_w36; HEAVY_RUC__VNEXT_SOLVED_CONVEX_TOP4,total_revenue_net_admin - total_refunds,False,6442.98776042894,-34.494519888176,available,Model path,current_finalist_model,current_finalist_model,current_model_forecast,current_finalist_forecast,2029Q3; 2029Q4; 2030Q1; 2030Q2,,2029Q3; 2029Q4; 2030Q1; 2030Q2,False,,False,baseline_shifted_6m,delay_6m,1.0
2030,FY2030,Current finalist High population/comparison,Current planned path,current_basecase_12c_delay_6m,comparison,current_light_ruc_conventional_modelled_km,Current finalist Light RUC conventional modelled km,Key volumes,14552.971035061613,million km,audit_only,current_finalist_model_conventional_light_ruc_forecast,forecast_scenario_comparison.parquet,data/current_revenue_outlook/revenue_chart_rows.csv:current_basecase_12c_delay_6m:2029Q3; data/current_revenue_outlook/revenue_chart_rows.csv:current_basecase_12c_delay_6m:2029Q4; data/current_revenue_outlook/revenue_chart_rows.csv:current_basecase_12c_delay_6m:2030Q1; data/current_revenue_outlook/revenue_chart_rows.csv:current_basecase_12c_delay_6m:2030Q2,,,,,,,source_backed,dynamic_RESID_GBR_n150_d1_lr0.05_w36,sum quarterly current finalist Light RUC conventional model forecast,False,,,available,Model path,current_finalist_model,current_finalist_model,current_model_forecast,current_finalist_forecast,2029Q3; 2029Q4; 2030Q1; 2030Q2,,2029Q3; 2029Q4; 2030Q1; 2030Q2,False,diesel_elasticity_to_conventional_ice_only; bev_phev_activity_fixed_to_base,True,baseline_shifted_6m,delay_6m,1.0
2030,FY2030,Current finalist High population/comparison,Current planned path,current_basecase_12c_delay_6m,comparison,total_fed_ruc_net_revenue,Total RUC+PED revenue,Derived totals,5911.05162255908,$m nominal ex GST,calculated_rollup,current_hybrid_formula,current_hybrid_formula,current_revenue_outlook:current_basecase_12c_delay_6m:FY2030,,,,,,,source_backed,PED__DIAGLAB__B__glsar__ylag1__ar1__wexp; dynamic_RESID_GBR_n150_d1_lr0.05_w36; HEAVY_RUC__VNEXT_SOLVED_CONVEX_TOP4,net_fed_revenue + total_ruc_net_revenue,False,5945.54614244726,-34.49451988817964,available,Model path,current_finalist_model,current_finalist_model,current_model_forecast,current_finalist_forecast,2029Q3; 2029Q4; 2030Q1; 2030Q2,,2029Q3; 2029Q4; 2030Q1; 2030Q2,False,,False,baseline_shifted_6m,delay_6m,1.0
2025,FY2025,Current finalist High population/comparison,Current planned path,middle_east_low__12c_delay_6m,comparison,light_ruc_net_km,Light RUC net km,Key volumes,12273.983872,million km,bridge_input,MBU26 actual anchor,annual_spine.csv,Z5,,,,,,,ACTUAL,dynamic_RESID_GBR_n150_d1_lr0.05_w36,,False,12273.983872,0.0,available,Model path,current_finalist_model,current_finalist_model,current_model_forecast,Actual anchor,2024Q3; 2024Q4; 2025Q1; 2025Q2,2024Q3; 2024Q4; 2025Q1; 2025Q2,,False,diesel_elasticity_to_conventional_ice_only; bev_phev_activity_fixed_to_base,True,low_shifted_6m,delay_6m,1.0
2025,FY2025,Current finalist High population/comparison,Current planned path,middle_east_low__12c_delay_6m,comparison,heavy_ruc_net_km,Heavy RUC net km,Key volumes,3981.873439,million km,bridge_input,MBU26 actual anchor,annual_spine.csv,Z6,,,,,,,ACTUAL,HEAVY_RUC__VNEXT_SOLVED_CONVEX_TOP4,,False,3981.873439,0.0,available,Model path,current_finalist_model,current_finalist_model,current_model_forecast,Actual anchor,2024Q3; 2024Q4; 2025Q1; 2025Q2,2024Q3; 2024Q4; 2025Q1; 2025Q2,,False,,False,low_shifted_6m,delay_6m,1.0
2025,FY2025,Current finalist High population/comparison,Current planned path,middle_east_low__12c_delay_6m,comparison,light_bev_ruc_net_km,Light BEV RUC net km,Key volumes,820.641429,million km,bridge_input,MBU26 actual anchor,annual_spine.csv,Z7,,,,,,,ACTUAL,PED__DIAGLAB__B__glsar__ylag1__ar1__wexp; dynamic_RESID_GBR_n150_d1_lr0.05_w36; HEAVY_RUC__VNEXT_SOLVED_CONVEX_TOP4,,False,820.641429,0.0,available,Model path,current_finalist_model,current_finalist_model,current_model_forecast,Actual anchor,2024Q3; 2024Q4; 2025Q1; 2025Q2,2024Q3; 2024Q4; 2025Q1; 2025Q2,,False,diesel_elasticity_to_conventional_ice_only; bev_phev_activity_fixed_to_base,True,low_shifted_6m,delay_6m,1.0
2025,FY2025,Current finalist High population/comparison,Current planned path,middle_east_low__12c_delay_6m,comparison,heavy_bev_ruc_net_km,Heavy BEV RUC net km,Key volumes,0.0,million km,bridge_input,MBU26 actual anchor,annual_spine.csv,Z8,,,,,,,ACTUAL,,,False,0.0,0.0,available,Model path,current_finalist_model,current_finalist_model,current_model_forecast,Actual anchor,2024Q3; 2024Q4; 2025Q1; 2025Q2,2024Q3; 2024Q4; 2025Q1; 2025Q2,,False,diesel_elasticity_to_conventional_ice_only; bev_phev_activity_fixed_to_base,True,low_shifted_6m,delay_6m,1.0
2025,FY2025,Current finalist High population/comparison,Current planned path,middle_east_low__12c_delay_6m,comparison,phev_ruc_net_km,PHEV RUC net km,Key volumes,435.117435,million km,bridge_input,MBU26 actual anchor,annual_spine.csv,Z9,,,,,,,ACTUAL,PED__DIAGLAB__B__glsar__ylag1__ar1__wexp; dynamic_RESID_GBR_n150_d1_lr0.05_w36; HEAVY_RUC__VNEXT_SOLVED_CONVEX_TOP4,,False,435.117435,0.0,available,Model path,current_finalist_model,current_finalist_model,current_model_forecast,Actual anchor,2024Q3; 2024Q4; 2025Q1; 2025Q2,2024Q3; 2024Q4; 2025Q1; 2025Q2,,False,diesel_elasticity_to_conventional_ice_only; bev_phev_activity_fixed_to_base,True,low_shifted_6m,delay_6m,1.0
2025,FY2025,Current finalist High population/comparison,Current planned path,middle_east_low__12c_delay_6m,comparison,ped_volume,PED volume,Key volumes,2894.27382723066,million litres,bridge_input,MBU26 actual anchor,annual_spine.csv,Z10,forecast_scenario_comparison.parquet,data/current_revenue_outlook/revenue_chart_rows.csv:historical_actual:2024Q3; data/current_revenue_outlook/revenue_chart_rows.csv:historical_actual:2024Q4; data/current_revenue_outlook/revenue_chart_rows.csv:historical_actual:2025Q1; data/current_revenue_outlook/revenue_chart_rows.csv:historical_actual:2025Q2,current_finalist_model,scenario_inputs/scenario_input_wide.parquet,scenario_inputs/scenario_input_wide.parquet:PED:population (none); mbu26_official_annual.csv:population_proxy (2024Q3; 2024Q4; 2025Q1; 2025Q2),scenario_input_population_with_mbu_population_proxy_for_missing_quarters,ACTUAL,PED__DIAGLAB__B__glsar__ylag1__ar1__wexp,,False,2894.27382723066,0.0,available,Model path,current_finalist_model,current_finalist_model,current_model_forecast,Actual anchor,2024Q3; 2024Q4; 2025Q1; 2025Q2,2024Q3; 2024Q4; 2025Q1; 2025Q2,,False,,False,low_shifted_6m,delay_6m,1.0
2025,FY2025,Current finalist High population/comparison,Current planned path,middle_east_low__12c_delay_6m,comparison,light_petrol_vkt,Light petrol VKT,Key volumes,31704.7370711529,million km,bridge_input,MBU26 actual anchor,annual_spine.csv,Z11,forecast_scenario_comparison.parquet,data/current_revenue_outlook/revenue_chart_rows.csv:historical_actual:2024Q3; data/current_revenue_outlook/revenue_chart_rows.csv:historical_actual:2024Q4; data/current_revenue_outlook/revenue_chart_rows.csv:historical_actual:2025Q1; data/current_revenue_outlook/revenue_chart_rows.csv:historical_actual:2025Q2,current_finalist_model,scenario_inputs/scenario_input_wide.parquet,scenario_inputs/scenario_input_wide.parquet:PED:population (none); mbu26_official_annual.csv:population_proxy (2024Q3; 2024Q4; 2025Q1; 2025Q2),scenario_input_population_with_mbu_population_proxy_for_missing_quarters,ACTUAL,,,False,31704.7370711529,0.0,available,Model path,current_finalist_model,current_finalist_model,current_model_forecast,Actual anchor,2024Q3; 2024Q4; 2025Q1; 2025Q2,2024Q3; 2024Q4; 2025Q1; 2025Q2,,False,,False,low_shifted_6m,delay_6m,1.0
2025,FY2025,Current finalist High population/comparison,Current planned path,middle_east_low__12c_delay_6m,comparison,ped_vkt_per_capita,PED VKT per capita,Key volumes,5973.0514101063,km/person,bridge_input,MBU26 actual anchor,annual_spine.csv,Z12,forecast_scenario_comparison.parquet,data/current_revenue_outlook/revenue_chart_rows.csv:historical_actual:2024Q3; data/current_revenue_outlook/revenue_chart_rows.csv:historical_actual:2024Q4; data/current_revenue_outlook/revenue_chart_rows.csv:historical_actual:2025Q1; data/current_revenue_outlook/revenue_chart_rows.csv:historical_actual:2025Q2,current_finalist_model,,,,ACTUAL,PED__DIAGLAB__B__glsar__ylag1__ar1__wexp,,False,5973.0514101063,0.0,available,Model path,current_finalist_model,current_finalist_model,current_model_forecast,Actual anchor,2024Q3; 2024Q4; 2025Q1; 2025Q2,2024Q3; 2024Q4; 2025Q1; 2025Q2,,False,,False,low_shifted_6m,delay_6m,1.0
2025,FY2025,Current finalist High population/comparison,Current planned path,middle_east_low__12c_delay_6m,comparison,tuc_gtk,TUC GTK,Key volumes,8016352797.0,tonne-km,bridge_input,MBU26 actual anchor,annual_spine.csv,Z13,,,,,,,ACTUAL,,,False,8016352797.0,0.0,available,Model path,current_finalist_model,current_finalist_model,current_model_forecast,Actual anchor,2024Q3; 2024Q4; 2025Q1; 2025Q2,2024Q3; 2024Q4; 2025Q1; 2025Q2,,False,,False,low_shifted_6m,delay_6m,1.0
2025,FY2025,Current finalist High population/comparison,Current planned path,middle_east_low__12c_delay_6m,comparison,light_ruc_net_revenue,Light RUC revenue,RUC,830.9744532173909,$m nominal ex GST,replacement_line,MBU26 actual anchor,annual_spine.csv,Z28,,,,,,,ACTUAL,dynamic_RESID_GBR_n150_d1_lr0.05_w36,,True,830.974453217391,0.0,available,Model path,current_finalist_model,current_finalist_model,current_model_forecast,Actual anchor,2024Q3; 2024Q4; 2025Q1; 2025Q2,2024Q3; 2024Q4; 2025Q1; 2025Q2,,False,diesel_elasticity_to_conventional_ice_only; bev_phev_activity_fixed_to_base,True,low_shifted_6m,delay_6m,1.0
2025,FY2025,Current finalist High population/comparison,Current planned path,middle_east_low__12c_delay_6m,comparison,heavy_ruc_net_revenue,Heavy RUC revenue,RUC,1109.95026251304,$m nominal ex GST,replacement_line,MBU26 actual anchor,annual_spine.csv,Z29,,,,,,,ACTUAL,HEAVY_RUC__VNEXT_SOLVED_CONVEX_TOP4,,True,1109.95026251304,0.0,available,Model path,current_finalist_model,current_finalist_model,current_model_forecast,Actual anchor,2024Q3; 2024Q4; 2025Q1; 2025Q2,2024Q3; 2024Q4; 2025Q1; 2025Q2,,False,,False,low_shifted_6m,delay_6m,1.0
2025,FY2025,Current finalist High population/comparison,Current planned path,middle_east_low__12c_delay_6m,comparison,light_bev_ruc_net_revenue,Light BEV RUC net revenue,RUC,55.4022559304348,$m nominal ex GST,replacement_line,MBU26 actual anchor,annual_spine.csv,Z30,,,,,,,ACTUAL,PED__DIAGLAB__B__glsar__ylag1__ar1__wexp; dynamic_RESID_GBR_n150_d1_lr0.05_w36; HEAVY_RUC__VNEXT_SOLVED_CONVEX_TOP4,,True,55.4022559304348,0.0,available,Model path,current_finalist_model,current_finalist_model,current_model_forecast,Actual anchor,2024Q3; 2024Q4; 2025Q1; 2025Q2,2024Q3; 2024Q4; 2025Q1; 2025Q2,,False,diesel_elasticity_to_conventional_ice_only; bev_phev_activity_fixed_to_base,True,low_shifted_6m,delay_6m,1.0
2025,FY2025,Current finalist High population/comparison,Current planned path,middle_east_low__12c_delay_6m,comparison,heavy_bev_ruc_net_revenue,Heavy BEV RUC net revenue,RUC,0.0,$m nominal ex GST,leaf,MBU26 actual anchor,annual_spine.csv,Z31,,,,,,,ACTUAL,,,False,0.0,0.0,available,Model path,current_finalist_model,current_finalist_model,current_model_forecast,Actual anchor,2024Q3; 2024Q4; 2025Q1; 2025Q2,2024Q3; 2024Q4; 2025Q1; 2025Q2,,False,diesel_elasticity_to_conventional_ice_only; bev_phev_activity_fixed_to_base,True,low_shifted_6m,delay_6m,1.0
2025,FY2025,Current finalist High population/comparison,Current planned path,middle_east_low__12c_delay_6m,comparison,phev_ruc_net_revenue,PHEV RUC net revenue,RUC,15.1075641391304,$m nominal ex GST,replacement_line,MBU26 actual anchor,annual_spine.csv,Z32,,,,,,,ACTUAL,PED__DIAGLAB__B__glsar__ylag1__ar1__wexp; dynamic_RESID_GBR_n150_d1_lr0.05_w36; HEAVY_RUC__VNEXT_SOLVED_CONVEX_TOP4,,True,15.1075641391304,0.0,available,Model path,current_finalist_model,current_finalist_model,current_model_forecast,Actual anchor,2024Q3; 2024Q4; 2025Q1; 2025Q2,2024Q3; 2024Q4; 2025Q1; 2025Q2,,False,diesel_elasticity_to_conventional_ice_only; bev_phev_activity_fixed_to_base,True,low_shifted_6m,delay_6m,1.0
2025,FY2025,Current finalist High population/comparison,Current planned path,middle_east_low__12c_delay_6m,comparison,ruc_refunds,RUC refunds,RUC,62.55622679,$m nominal ex GST,deduction,MBU26 actual anchor,annual_spine.csv,Z33,,,,,,,ACTUAL,,,False,62.55622679,0.0,available,Model path,current_finalist_model,current_finalist_model,current_model_forecast,Actual anchor,2024Q3; 2024Q4; 2025Q1; 2025Q2,2024Q3; 2024Q4; 2025Q1; 2025Q2,,False,,False,low_shifted_6m,delay_6m,1.0
2025,FY2025,Current finalist High population/comparison,Current planned path,middle_east_low__12c_delay_6m,comparison,gross_ruc_revenue,Gross RUC revenue,RUC,2073.990762589996,$m nominal ex GST,calculated_rollup,MBU26 actual anchor,annual_spine.csv,Z34,,,,,,,ACTUAL,,light_ruc_net_revenue + heavy_ruc_net_revenue + light_bev_ruc_net_revenue + heavy_bev_ruc_net_revenue + phev_ruc_net_revenue + ruc_refunds,False,2073.99076259,0.0,available,Model path,current_finalist_model,current_finalist_model,current_model_forecast,Actual anchor,2024Q3; 2024Q4; 2025Q1; 2025Q2,2024Q3; 2024Q4; 2025Q1; 2025Q2,,False,,False,low_shifted_6m,delay_6m,1.0
2025,FY2025,Current finalist High population/comparison,Current planned path,middle_east_low__12c_delay_6m,comparison,ruc_admin_revenue,RUC admin revenue,RUC,32.2658680521739,$m nominal ex GST,deduction,MBU26 actual anchor,annual_spine.csv,Z35,,,,,,,ACTUAL,,,False,32.2658680521739,0.0,available,Model path,current_finalist_model,current_finalist_model,current_model_forecast,Actual anchor,2024Q3; 2024Q4; 2025Q1; 2025Q2,2024Q3; 2024Q4; 2025Q1; 2025Q2,,False,,False,low_shifted_6m,delay_6m,1.0
2025,FY2025,Current finalist High population/comparison,Current planned path,middle_east_low__12c_delay_6m,comparison,ruc_revenue_net_admin,RUC revenues net of admin fees,RUC,2041.7248945378221,$m nominal ex GST,calculated_rollup,MBU26 actual anchor,annual_spine.csv,Z36,,,,,,,ACTUAL,,gross_ruc_revenue - ruc_admin_revenue,False,2041.72489453783,0.0,available,Model path,current_finalist_model,current_finalist_model,current_model_forecast,Actual anchor,2024Q3; 2024Q4; 2025Q1; 2025Q2,2024Q3; 2024Q4; 2025Q1; 2025Q2,,False,,False,low_shifted_6m,delay_6m,1.0
2025,FY2025,Current finalist High population/comparison,Current planned path,middle_east_low__12c_delay_6m,comparison,total_ruc_net_revenue,Total RUC all classes,RUC,1979.1686677478222,$m nominal ex GST,calculated_rollup,MBU26 actual anchor,annual_spine.csv,Z37,,,,,,,ACTUAL,PED__DIAGLAB__B__glsar__ylag1__ar1__wexp; dynamic_RESID_GBR_n150_d1_lr0.05_w36; HEAVY_RUC__VNEXT_SOLVED_CONVEX_TOP4,ruc_revenue_net_admin - ruc_refunds,False,1979.16866774783,0.0,available,Model path,current_finalist_model,current_finalist_model,current_model_forecast,Actual anchor,2024Q3; 2024Q4; 2025Q1; 2025Q2,2024Q3; 2024Q4; 2025Q1; 2025Q2,,False,,False,low_shifted_6m,delay_6m,1.0
2025,FY2025,Current finalist High population/comparison,Current planned path,middle_east_low__12c_delay_6m,comparison,gross_ped_revenue,PED revenue,FED,2026.68630478,$m nominal ex GST,replacement_line,MBU26 actual anchor,annual_spine.csv,Z40,forecast_scenario_comparison.parquet,data/current_revenue_outlook/revenue_chart_rows.csv:historical_actual:2024Q3; data/current_revenue_outlook/revenue_chart_rows.csv:historical_actual:2024Q4; data/current_revenue_outlook/revenue_chart_rows.csv:historical_actual:2025Q1; data/current_revenue_outlook/revenue_chart_rows.csv:historical_actual:2025Q2,current_finalist_model,scenario_inputs/scenario_input_wide.parquet,scenario_inputs/scenario_input_wide.parquet:PED:population (none); mbu26_official_annual.csv:population_proxy (2024Q3; 2024Q4; 2025Q1; 2025Q2),scenario_input_population_with_mbu_population_proxy_for_missing_quarters,ACTUAL,PED__DIAGLAB__B__glsar__ylag1__ar1__wexp,,True,2026.68630478,0.0,available,Model path,current_finalist_model,current_finalist_model,current_model_forecast,Actual anchor,2024Q3; 2024Q4; 2025Q1; 2025Q2,2024Q3; 2024Q4; 2025Q1; 2025Q2,,False,,False,low_shifted_6m,delay_6m,1.0
2025,FY2025,Current finalist High population/comparison,Current planned path,middle_east_low__12c_delay_6m,comparison,gross_lpg_revenue,Gross LPG revenue,FED,40.94161913,$m nominal ex GST,leaf,MBU26 actual anchor,annual_spine.csv,Z41,,,,,,,ACTUAL,,,False,40.94161913,0.0,available,Model path,current_finalist_model,current_finalist_model,current_model_forecast,Actual anchor,2024Q3; 2024Q4; 2025Q1; 2025Q2,2024Q3; 2024Q4; 2025Q1; 2025Q2,,False,,False,low_shifted_6m,delay_6m,1.0
2025,FY2025,Current finalist High population/comparison,Current planned path,middle_east_low__12c_delay_6m,comparison,gross_cng_revenue,Gross CNG revenue,FED,0.0,$m nominal ex GST,leaf,MBU26 actual anchor,annual_spine.csv,Z42,,,,,,,ACTUAL,,,False,0.0,0.0,available,Model path,current_finalist_model,current_finalist_model,current_model_forecast,Actual anchor,2024Q3; 2024Q4; 2025Q1; 2025Q2,2024Q3; 2024Q4; 2025Q1; 2025Q2,,False,,False,low_shifted_6m,delay_6m,1.0
2025,FY2025,Current finalist High population/comparison,Current planned path,middle_east_low__12c_delay_6m,comparison,gross_fed_revenue,Gross FED revenue,FED,2067.62792391,$m nominal ex GST,calculated_rollup,MBU26 actual anchor,annual_spine.csv,Z43,,,,,,,ACTUAL,PED__DIAGLAB__B__glsar__ylag1__ar1__wexp,gross_ped_revenue + gross_lpg_revenue + gross_cng_revenue,False,2067.62792391,0.0,available,Model path,current_finalist_model,current_finalist_model,current_model_forecast,Actual anchor,2024Q3; 2024Q4; 2025Q1; 2025Q2,2024Q3; 2024Q4; 2025Q1; 2025Q2,,False,,False,low_shifted_6m,delay_6m,1.0
2025,FY2025,Current finalist High population/comparison,Current planned path,middle_east_low__12c_delay_6m,comparison,fed_refunds,FED refunds,FED,69.90077731,$m nominal ex GST,deduction,MBU26 actual anchor,annual_spine.csv,Z44,,,,,,,ACTUAL,,,False,69.90077731,0.0,available,Model path,current_finalist_model,current_finalist_model,current_model_forecast,Actual anchor,2024Q3; 2024Q4; 2025Q1; 2025Q2,2024Q3; 2024Q4; 2025Q1; 2025Q2,,False,,False,low_shifted_6m,delay_6m,1.0
2025,FY2025,Current finalist High population/comparison,Current planned path,middle_east_low__12c_delay_6m,comparison,net_fed_revenue,Net FED revenue,FED,1997.7271466,$m nominal ex GST,calculated_rollup,MBU26 actual anchor,annual_spine.csv,Z45,,,,,,,ACTUAL,PED__DIAGLAB__B__glsar__ylag1__ar1__wexp,gross_fed_revenue - fed_refunds,False,1997.7271466,0.0,available,Model path,current_finalist_model,current_finalist_model,current_model_forecast,Actual anchor,2024Q3; 2024Q4; 2025Q1; 2025Q2,2024Q3; 2024Q4; 2025Q1; 2025Q2,,False,,False,low_shifted_6m,delay_6m,1.0
2025,FY2025,Current finalist High population/comparison,Current planned path,middle_east_low__12c_delay_6m,comparison,mr1_revenue,MR1 revenue,MVR,329.940070075217,$m nominal ex GST,leaf,MBU26 actual anchor,annual_spine.csv,Z48,,,,,,,ACTUAL,,,False,329.940070075217,0.0,available,Model path,current_finalist_model,current_finalist_model,current_model_forecast,Actual anchor,2024Q3; 2024Q4; 2025Q1; 2025Q2,2024Q3; 2024Q4; 2025Q1; 2025Q2,,False,,False,low_shifted_6m,delay_6m,1.0
2025,FY2025,Current finalist High population/comparison,Current planned path,middle_east_low__12c_delay_6m,comparison,mr2_revenue,MR2 revenue,MVR,29.65313102,$m nominal ex GST,leaf,MBU26 actual anchor,annual_spine.csv,Z49,,,,,,,ACTUAL,,,False,29.65313102,0.0,available,Model path,current_finalist_model,current_finalist_model,current_model_forecast,Actual anchor,2024Q3; 2024Q4; 2025Q1; 2025Q2,2024Q3; 2024Q4; 2025Q1; 2025Q2,,False,,False,low_shifted_6m,delay_6m,1.0
2025,FY2025,Current finalist High population/comparison,Current planned path,middle_east_low__12c_delay_6m,comparison,coo_revenue,MR13,MVR,-9.64521739130434e-05,$m nominal ex GST,deduction,MBU26 actual anchor,annual_spine.csv,Z50,,,,,,,ACTUAL,,,False,-9.64521739130434e-05,0.0,available,Model path,current_finalist_model,current_finalist_model,current_model_forecast,Actual anchor,2024Q3; 2024Q4; 2025Q1; 2025Q2,2024Q3; 2024Q4; 2025Q1; 2025Q2,,False,,False,low_shifted_6m,delay_6m,1.0
2025,FY2025,Current finalist High population/comparison,Current planned path,middle_east_low__12c_delay_6m,comparison,gross_mvr_revenue,Gross MVR revenue,MVR,359.5931046430431,$m nominal ex GST,calculated_rollup,MBU26 actual anchor,annual_spine.csv,Z51,,,,,,,ACTUAL,,mr1_revenue + mr2_revenue + coo_revenue,False,359.593104643043,0.0,available,Model path,current_finalist_model,current_finalist_model,current_model_forecast,Actual anchor,2024Q3; 2024Q4; 2025Q1; 2025Q2,2024Q3; 2024Q4; 2025Q1; 2025Q2,,False,,False,low_shifted_6m,delay_6m,1.0
2025,FY2025,Current finalist High population/comparison,Current planned path,middle_east_low__12c_delay_6m,comparison,mvr_admin_revenue,MVR admin revenue,MVR,71.7641373652173,$m nominal ex GST,deduction,MBU26 actual anchor,annual_spine.csv,Z52,,,,,,,ACTUAL,,,False,71.7641373652173,0.0,available,Model path,current_finalist_model,current_finalist_model,current_model_forecast,Actual anchor,2024Q3; 2024Q4; 2025Q1; 2025Q2,2024Q3; 2024Q4; 2025Q1; 2025Q2,,False,,False,low_shifted_6m,delay_6m,1.0
2025,FY2025,Current finalist High population/comparison,Current planned path,middle_east_low__12c_delay_6m,comparison,mvr_revenue_net_admin_coo,MVR revenues net of admin fees and COO,MVR,287.82906372999975,$m nominal ex GST,calculated_rollup,MBU26 actual anchor,annual_spine.csv,Z53,,,,,,,ACTUAL,,mr1_revenue + mr2_revenue - mvr_admin_revenue,False,287.82906373,0.0,available,Model path,current_finalist_model,current_finalist_model,current_model_forecast,Actual anchor,2024Q3; 2024Q4; 2025Q1; 2025Q2,2024Q3; 2024Q4; 2025Q1; 2025Q2,,False,,False,low_shifted_6m,delay_6m,1.0
2025,FY2025,Current finalist High population/comparison,Current planned path,middle_east_low__12c_delay_6m,comparison,mvr_refunds,MVR refunds,MVR,1.03557262,$m nominal ex GST,deduction,MBU26 actual anchor,annual_spine.csv,Z54,,,,,,,ACTUAL,,,False,1.03557262,0.0,available,Model path,current_finalist_model,current_finalist_model,current_model_forecast,Actual anchor,2024Q3; 2024Q4; 2025Q1; 2025Q2,2024Q3; 2024Q4; 2025Q1; 2025Q2,,False,,False,low_shifted_6m,delay_6m,1.0
2025,FY2025,Current finalist High population/comparison,Current planned path,middle_east_low__12c_delay_6m,comparison,net_mvr_revenue,Net MVR revenue,MVR,286.79349110999976,$m nominal ex GST,calculated_rollup,MBU26 actual anchor,annual_spine.csv,Z55,,,,,,,ACTUAL,,mvr_revenue_net_admin_coo - mvr_refunds,False,286.79349111,0.0,available,Model path,current_finalist_model,current_finalist_model,current_model_forecast,Actual anchor,2024Q3; 2024Q4; 2025Q1; 2025Q2,2024Q3; 2024Q4; 2025Q1; 2025Q2,,False,,False,low_shifted_6m,delay_6m,1.0
2025,FY2025,Current finalist High population/comparison,Current planned path,middle_east_low__12c_delay_6m,comparison,tuc_net_revenue,TUC net revenue,TUC,17.09481038,$m nominal ex GST,leaf,MBU26 actual anchor,annual_spine.csv,Z58,,,,,,,ACTUAL,,,False,17.09481038,0.0,available,Model path,current_finalist_model,current_finalist_model,current_model_forecast,Actual anchor,2024Q3; 2024Q4; 2025Q1; 2025Q2,2024Q3; 2024Q4; 2025Q1; 2025Q2,,False,,False,low_shifted_6m,delay_6m,1.0
2025,FY2025,Current finalist High population/comparison,Current planned path,middle_east_low__12c_delay_6m,comparison,total_gross_revenue,Total gross revenues,Totals,4518.306601523039,$m nominal ex GST,calculated_rollup,MBU26 actual anchor,annual_spine.csv,Z61,,,,,,,ACTUAL,,gross_ruc_revenue + gross_fed_revenue + gross_mvr_revenue + tuc_net_revenue,False,4518.30660152304,0.0,available,Model path,current_finalist_model,current_finalist_model,current_model_forecast,Actual anchor,2024Q3; 2024Q4; 2025Q1; 2025Q2,2024Q3; 2024Q4; 2025Q1; 2025Q2,,False,,False,low_shifted_6m,delay_6m,1.0
2025,FY2025,Current finalist High population/comparison,Current planned path,middle_east_low__12c_delay_6m,comparison,total_admin_fees,Total admin fees,Totals,104.02990896521729,$m nominal ex GST,calculated_rollup,MBU26 actual anchor,annual_spine.csv,Z62,,,,,,,ACTUAL,,ruc_admin_revenue + mvr_admin_revenue + coo_revenue,False,104.029908965217,0.0,available,Model path,current_finalist_model,current_finalist_model,current_model_forecast,Actual anchor,2024Q3; 2024Q4; 2025Q1; 2025Q2,2024Q3; 2024Q4; 2025Q1; 2025Q2,,False,,False,low_shifted_6m,delay_6m,1.0
2025,FY2025,Current finalist High population/comparison,Current planned path,middle_east_low__12c_delay_6m,comparison,total_revenue_net_admin,Total revenues net of admin fees,Totals,4414.276692557822,$m nominal ex GST,calculated_rollup,MBU26 actual anchor,annual_spine.csv,Z63,,,,,,,ACTUAL,,total_gross_revenue - total_admin_fees,False,4414.27669255783,0.0,available,Model path,current_finalist_model,current_finalist_model,current_model_forecast,Actual anchor,2024Q3; 2024Q4; 2025Q1; 2025Q2,2024Q3; 2024Q4; 2025Q1; 2025Q2,,False,,False,low_shifted_6m,delay_6m,1.0
2025,FY2025,Current finalist High population/comparison,Current planned path,middle_east_low__12c_delay_6m,comparison,total_refunds,Total refunds,Totals,133.49257672,$m nominal ex GST,calculated_rollup,MBU26 actual anchor,annual_spine.csv,Z64,,,,,,,ACTUAL,,ruc_refunds + fed_refunds + mvr_refunds,False,133.49257672,0.0,available,Model path,current_finalist_model,current_finalist_model,current_model_forecast,Actual anchor,2024Q3; 2024Q4; 2025Q1; 2025Q2,2024Q3; 2024Q4; 2025Q1; 2025Q2,,False,,False,low_shifted_6m,delay_6m,1.0
2025,FY2025,Current finalist High population/comparison,Current planned path,middle_east_low__12c_delay_6m,comparison,total_nltf_net_revenue,Total NLTF revenue,Totals,4280.784115837821,$m nominal ex GST,calculated_rollup,MBU26 actual anchor,annual_spine.csv,Z65,,,,,,,ACTUAL,PED__DIAGLAB__B__glsar__ylag1__ar1__wexp; dynamic_RESID_GBR_n150_d1_lr0.05_w36; HEAVY_RUC__VNEXT_SOLVED_CONVEX_TOP4,total_revenue_net_admin - total_refunds,False,4280.78411583783,0.0,available,Model path,current_finalist_model,current_finalist_model,current_model_forecast,Actual anchor,2024Q3; 2024Q4; 2025Q1; 2025Q2,2024Q3; 2024Q4; 2025Q1; 2025Q2,,False,,False,low_shifted_6m,delay_6m,1.0
2025,FY2025,Current finalist High population/comparison,Current planned path,middle_east_low__12c_delay_6m,comparison,current_light_ruc_conventional_modelled_km,Current finalist Light RUC conventional modelled km,Key volumes,13529.742736,million km,audit_only,MBU26 actual anchor total light-RUC universe,mbu26_official_annual.csv,Z5; Z7; Z9,,,,,,,ACTUAL,dynamic_RESID_GBR_n150_d1_lr0.05_w36,MBU26 actual light_ruc_net_km + light_bev_ruc_net_km + phev_ruc_net_km,False,13529.742736,0.0,available,Model path,current_finalist_model,current_finalist_model,current_model_forecast,Actual anchor,2024Q3; 2024Q4; 2025Q1; 2025Q2,2024Q3; 2024Q4; 2025Q1; 2025Q2,,False,diesel_elasticity_to_conventional_ice_only; bev_phev_activity_fixed_to_base,True,low_shifted_6m,delay_6m,1.0
2025,FY2025,Current finalist High population/comparison,Current planned path,middle_east_low__12c_delay_6m,comparison,total_fed_ruc_net_revenue,Total RUC+PED revenue,Derived totals,3976.895814347822,$m nominal ex GST,calculated_rollup,MBU26 actual anchor,row_reconciliation.csv,Z45; Z37,,,,,,,ACTUAL,PED__DIAGLAB__B__glsar__ylag1__ar1__wexp; dynamic_RESID_GBR_n150_d1_lr0.05_w36; HEAVY_RUC__VNEXT_SOLVED_CONVEX_TOP4,net_fed_revenue + total_ruc_net_revenue,False,3976.8958143478303,0.0,available,Model path,current_finalist_model,current_finalist_model,current_model_forecast,Actual anchor,2024Q3; 2024Q4; 2025Q1; 2025Q2,2024Q3; 2024Q4; 2025Q1; 2025Q2,,False,,False,low_shifted_6m,delay_6m,1.0
2026,FY2026,Current finalist High population/comparison,Current planned path,middle_east_low__12c_delay_6m,comparison,light_ruc_net_km,Light RUC net km,Key volumes,12637.559635248568,million km,bridge_input,raw AR(1) PED VKT per capita x scenario-input population; raw Light RUC conventional model forecast expanded by MoT VFM 202405 Base uptake shares (conventional_anchor_vfm_composition_v1),forecast_scenario_comparison.parquet; mbu26_official_annual.csv,data/current_revenue_outlook/revenue_chart_rows.csv:historical_actual:2025Q3; data/current_revenue_outlook/revenue_chart_rows.csv:historical_actual:2025Q4; data/current_revenue_outlook/revenue_chart_rows.csv:middle_east_low__12c_delay_6m:2026Q1; data/current_revenue_outlook/revenue_chart_rows.csv:middle_east_low__12c_delay_6m:2026Q2; data/current_revenue_outlook/revenue_chart_rows.csv:historical_actual:2025Q3; data/current_revenue_outlook/revenue_chart_rows.csv:historical_actual:2025Q4; data/current_revenue_outlook/revenue_chart_rows.csv:historical_actual:2026Q1; data/current_revenue_outlook/revenue_chart_rows.csv:middle_east_low__12c_delay_6m:2026Q2; scenario_inputs/scenario_input_wide.parquet:PED:population (2026Q1; 2026Q2); mbu26_official_annual.csv:population_proxy (2025Q3; 2025Q4); VFM 202405 Base uptake shares; MBU26 rate cells AA5; AA7; AA9,,,,,,,source_backed,dynamic_RESID_GBR_n150_d1_lr0.05_w36,raw Light RUC conventional model forecast (preserved exactly under the Base uptake basis),False,12707.9889982716,-70.42936302303133,available,Model path,current_finalist_model,current_finalist_model,current_model_forecast,Current-finalist FY nowcast (3 actual + 1 forecast),2025Q3; 2025Q4; 2026Q1; 2026Q2,2025Q3; 2025Q4; 2026Q1,2026Q2,True,diesel_elasticity_to_conventional_ice_only; bev_phev_activity_fixed_to_base,True,low_shifted_6m,delay_6m,1.0
2026,FY2026,Current finalist High population/comparison,Current planned path,middle_east_low__12c_delay_6m,comparison,heavy_ruc_net_km,Heavy RUC net km,Key volumes,4024.0104297998064,million km,bridge_input,current_finalist_model,forecast_scenario_comparison.parquet,data/current_revenue_outlook/revenue_chart_rows.csv:historical_actual:2025Q3; data/current_revenue_outlook/revenue_chart_rows.csv:historical_actual:2025Q4; data/current_revenue_outlook/revenue_chart_rows.csv:historical_actual:2026Q1; data/current_revenue_outlook/revenue_chart_rows.csv:middle_east_low__12c_delay_6m:2026Q2,,,,,,,source_backed,HEAVY_RUC__VNEXT_SOLVED_CONVEX_TOP4,sum quarterly current finalist Heavy RUC net km,False,4099.61725114751,-75.60682134770332,available,Model path,current_finalist_model,current_finalist_model,current_model_forecast,Current-finalist FY nowcast (3 actual + 1 forecast),2025Q3; 2025Q4; 2026Q1; 2026Q2,2025Q3; 2025Q4; 2026Q1,2026Q2,True,,False,low_shifted_6m,delay_6m,1.0
2026,FY2026,Current finalist High population/comparison,Current planned path,middle_east_low__12c_delay_6m,comparison,light_bev_ruc_net_km,Light BEV RUC net km,Key volumes,1237.1740107408812,million km,bridge_input,raw AR(1) PED VKT per capita x scenario-input population; raw Light RUC conventional model forecast expanded by MoT VFM 202405 Base uptake shares (conventional_anchor_vfm_composition_v1),forecast_scenario_comparison.parquet; mbu26_official_annual.csv,data/current_revenue_outlook/revenue_chart_rows.csv:historical_actual:2025Q3; data/current_revenue_outlook/revenue_chart_rows.csv:historical_actual:2025Q4; data/current_revenue_outlook/revenue_chart_rows.csv:middle_east_low__12c_delay_6m:2026Q1; data/current_revenue_outlook/revenue_chart_rows.csv:middle_east_low__12c_delay_6m:2026Q2; data/current_revenue_outlook/revenue_chart_rows.csv:historical_actual:2025Q3; data/current_revenue_outlook/revenue_chart_rows.csv:historical_actual:2025Q4; data/current_revenue_outlook/revenue_chart_rows.csv:historical_actual:2026Q1; data/current_revenue_outlook/revenue_chart_rows.csv:middle_east_low__12c_delay_6m:2026Q2; scenario_inputs/scenario_input_wide.parquet:PED:population (2026Q1; 2026Q2); mbu26_official_annual.csv:population_proxy (2025Q3; 2025Q4); VFM 202405 Base uptake shares; MBU26 rate cells AA5; AA7; AA9,,,,,,,source_backed,PED__DIAGLAB__B__glsar__ylag1__ar1__wexp; dynamic_RESID_GBR_n150_d1_lr0.05_w36; HEAVY_RUC__VNEXT_SOLVED_CONVEX_TOP4,base pool (conventional / VFM Base conventional share) * VFM Base Light BEV share,False,1209.37911079624,12.974867965182739,available,Model path,current_finalist_model,current_finalist_model,current_model_forecast,Current-finalist FY nowcast (2 actual + 2 forecast),2025Q3; 2025Q4; 2026Q1; 2026Q2,2025Q3; 2025Q4,2026Q1; 2026Q2,True,diesel_elasticity_to_conventional_ice_only; bev_phev_activity_fixed_to_base,True,low_shifted_6m,delay_6m,1.0
2026,FY2026,Current finalist High population/comparison,Current planned path,middle_east_low__12c_delay_6m,comparison,heavy_bev_ruc_net_km,Heavy BEV RUC net km,Key volumes,0.0,million km,bridge_input,MBU26 official fixed component,annual_spine.csv,AA8,,,,,,,source_backed,,nan,False,0.0,0.0,available,Model path,current_finalist_model,current_finalist_model,current_model_forecast,Current-finalist FY nowcast (2 actual + 2 forecast),2025Q3; 2025Q4; 2026Q1; 2026Q2,2025Q3; 2025Q4,2026Q1; 2026Q2,True,diesel_elasticity_to_conventional_ice_only; bev_phev_activity_fixed_to_base,True,low_shifted_6m,delay_6m,1.0
2026,FY2026,Current finalist High population/comparison,Current planned path,middle_east_low__12c_delay_6m,comparison,phev_ruc_net_km,PHEV RUC net km,Key volumes,647.8799985547679,million km,bridge_input,raw AR(1) PED VKT per capita x scenario-input population; raw Light RUC conventional model forecast expanded by MoT VFM 202405 Base uptake shares (conventional_anchor_vfm_composition_v1),forecast_scenario_comparison.parquet; mbu26_official_annual.csv,data/current_revenue_outlook/revenue_chart_rows.csv:historical_actual:2025Q3; data/current_revenue_outlook/revenue_chart_rows.csv:historical_actual:2025Q4; data/current_revenue_outlook/revenue_chart_rows.csv:middle_east_low__12c_delay_6m:2026Q1; data/current_revenue_outlook/revenue_chart_rows.csv:middle_east_low__12c_delay_6m:2026Q2; data/current_revenue_outlook/revenue_chart_rows.csv:historical_actual:2025Q3; data/current_revenue_outlook/revenue_chart_rows.csv:historical_actual:2025Q4; data/current_revenue_outlook/revenue_chart_rows.csv:historical_actual:2026Q1; data/current_revenue_outlook/revenue_chart_rows.csv:middle_east_low__12c_delay_6m:2026Q2; scenario_inputs/scenario_input_wide.parquet:PED:population (2026Q1; 2026Q2); mbu26_official_annual.csv:population_proxy (2025Q3; 2025Q4); VFM 202405 Base uptake shares; MBU26 rate cells AA5; AA7; AA9,,,,,,,source_backed,PED__DIAGLAB__B__glsar__ylag1__ar1__wexp; dynamic_RESID_GBR_n150_d1_lr0.05_w36; HEAVY_RUC__VNEXT_SOLVED_CONVEX_TOP4,base pool (conventional / VFM Base conventional share) * VFM Base PHEV share,False,633.39411052937,6.72497305783952,available,Model path,current_finalist_model,current_finalist_model,current_model_forecast,Current-finalist FY nowcast (2 actual + 2 forecast),2025Q3; 2025Q4; 2026Q1; 2026Q2,2025Q3; 2025Q4,2026Q1; 2026Q2,True,diesel_elasticity_to_conventional_ice_only; bev_phev_activity_fixed_to_base,True,low_shifted_6m,delay_6m,1.0
2026,FY2026,Current finalist High population/comparison,Current planned path,middle_east_low__12c_delay_6m,comparison,ped_volume,PED volume,Key volumes,3032.617111518877,million litres,bridge_input,raw AR(1) PED VKT/capita + scenario-input population (scenario_input_population_with_mbu_population_proxy_for_missing_quarters) + MBU26 intensity,forecast_scenario_comparison.parquet; scenario_inputs/scenario_input_wide.parquet; mbu26_official_annual.csv,data/current_revenue_outlook/revenue_chart_rows.csv:historical_actual:2025Q3; data/current_revenue_outlook/revenue_chart_rows.csv:historical_actual:2025Q4; data/current_revenue_outlook/revenue_chart_rows.csv:middle_east_low__12c_delay_6m:2026Q1; data/current_revenue_outlook/revenue_chart_rows.csv:middle_east_low__12c_delay_6m:2026Q2; data/current_revenue_outlook/revenue_chart_rows.csv:historical_actual:2025Q3; data/current_revenue_outlook/revenue_chart_rows.csv:historical_actual:2025Q4; data/current_revenue_outlook/revenue_chart_rows.csv:historical_actual:2026Q1; data/current_revenue_outlook/revenue_chart_rows.csv:middle_east_low__12c_delay_6m:2026Q2; scenario_inputs/scenario_input_wide.parquet:PED:population (2026Q1; 2026Q2); mbu26_official_annual.csv:population_proxy (2025Q3; 2025Q4); VFM 202405 Base uptake shares; MBU26 rate cells AA5; AA7; AA9,forecast_scenario_comparison.parquet,data/current_revenue_outlook/revenue_chart_rows.csv:historical_actual:2025Q3; data/current_revenue_outlook/revenue_chart_rows.csv:historical_actual:2025Q4; data/current_revenue_outlook/revenue_chart_rows.csv:middle_east_low__12c_delay_6m:2026Q1; data/current_revenue_outlook/revenue_chart_rows.csv:middle_east_low__12c_delay_6m:2026Q2,current_finalist_model,scenario_inputs/scenario_input_wide.parquet,scenario_inputs/scenario_input_wide.parquet:PED:population (2026Q1; 2026Q2); mbu26_official_annual.csv:population_proxy (2025Q3; 2025Q4),scenario_input_population_with_mbu_population_proxy_for_missing_quarters,source_backed,PED__DIAGLAB__B__glsar__ylag1__ar1__wexp,raw PED/light-petrol VKT * MBU26 litres intensity / 100,False,2910.77244455591,121.84466696296704,available,Model path,current_finalist_model,current_finalist_model,current_model_forecast,Current-finalist FY nowcast (2 actual + 2 forecast),2025Q3; 2025Q4; 2026Q1; 2026Q2,2025Q3; 2025Q4,2026Q1; 2026Q2,True,,False,low_shifted_6m,delay_6m,1.0
2026,FY2026,Current finalist High population/comparison,Current planned path,middle_east_low__12c_delay_6m,comparison,light_petrol_vkt,Light petrol VKT,Key volumes,32746.263193895535,million km,bridge_input,raw AR(1) PED VKT per capita x scenario-input population; raw Light RUC conventional model forecast expanded by MoT VFM 202405 Base uptake shares (conventional_anchor_vfm_composition_v1),forecast_scenario_comparison.parquet; mbu26_official_annual.csv,data/current_revenue_outlook/revenue_chart_rows.csv:historical_actual:2025Q3; data/current_revenue_outlook/revenue_chart_rows.csv:historical_actual:2025Q4; data/current_revenue_outlook/revenue_chart_rows.csv:middle_east_low__12c_delay_6m:2026Q1; data/current_revenue_outlook/revenue_chart_rows.csv:middle_east_low__12c_delay_6m:2026Q2; data/current_revenue_outlook/revenue_chart_rows.csv:historical_actual:2025Q3; data/current_revenue_outlook/revenue_chart_rows.csv:historical_actual:2025Q4; data/current_revenue_outlook/revenue_chart_rows.csv:historical_actual:2026Q1; data/current_revenue_outlook/revenue_chart_rows.csv:middle_east_low__12c_delay_6m:2026Q2; scenario_inputs/scenario_input_wide.parquet:PED:population (2026Q1; 2026Q2); mbu26_official_annual.csv:population_proxy (2025Q3; 2025Q4); VFM 202405 Base uptake shares; MBU26 rate cells AA5; AA7; AA9,forecast_scenario_comparison.parquet,data/current_revenue_outlook/revenue_chart_rows.csv:historical_actual:2025Q3; data/current_revenue_outlook/revenue_chart_rows.csv:historical_actual:2025Q4; data/current_revenue_outlook/revenue_chart_rows.csv:middle_east_low__12c_delay_6m:2026Q1; data/current_revenue_outlook/revenue_chart_rows.csv:middle_east_low__12c_delay_6m:2026Q2,current_finalist_model,scenario_inputs/scenario_input_wide.parquet,scenario_inputs/scenario_input_wide.parquet:PED:population (2026Q1; 2026Q2); mbu26_official_annual.csv:population_proxy (2025Q3; 2025Q4),scenario_input_population_with_mbu_population_proxy_for_missing_quarters,source_backed,,raw AR(1) PED VKT per capita * scenario-input population,False,31430.5819237521,1315.6812701434355,available,Model path,current_finalist_model,current_finalist_model,current_model_forecast,Current-finalist FY nowcast (2 actual + 2 forecast),2025Q3; 2025Q4; 2026Q1; 2026Q2,2025Q3; 2025Q4,2026Q1; 2026Q2,True,,False,low_shifted_6m,delay_6m,1.0
2026,FY2026,Current finalist High population/comparison,Current planned path,middle_east_low__12c_delay_6m,comparison,ped_vkt_per_capita,PED VKT per capita,Key volumes,6105.496639661895,km/person,bridge_input,current_finalist_model,forecast_scenario_comparison.parquet,data/current_revenue_outlook/revenue_chart_rows.csv:historical_actual:2025Q3; data/current_revenue_outlook/revenue_chart_rows.csv:historical_actual:2025Q4; data/current_revenue_outlook/revenue_chart_rows.csv:middle_east_low__12c_delay_6m:2026Q1; data/current_revenue_outlook/revenue_chart_rows.csv:middle_east_low__12c_delay_6m:2026Q2,forecast_scenario_comparison.parquet,data/current_revenue_outlook/revenue_chart_rows.csv:historical_actual:2025Q3; data/current_revenue_outlook/revenue_chart_rows.csv:historical_actual:2025Q4; data/current_revenue_outlook/revenue_chart_rows.csv:middle_east_low__12c_delay_6m:2026Q1; data/current_revenue_outlook/revenue_chart_rows.csv:middle_east_low__12c_delay_6m:2026Q2,current_finalist_model,,,,source_backed,PED__DIAGLAB__B__glsar__ylag1__ar1__wexp,sum quarterly current finalist PED VKT/capita,False,5860.79487488994,244.7017647719549,available,Model path,current_finalist_model,current_finalist_model,current_model_forecast,Current-finalist FY nowcast (2 actual + 2 forecast),2025Q3; 2025Q4; 2026Q1; 2026Q2,2025Q3; 2025Q4,2026Q1; 2026Q2,True,,False,low_shifted_6m,delay_6m,1.0
2026,FY2026,Current finalist High population/comparison,Current planned path,middle_east_low__12c_delay_6m,comparison,tuc_gtk,TUC GTK,Key volumes,8224343155.99,tonne-km,bridge_input,MBU26 official fixed component,annual_spine.csv,AA13,,,,,,,source_backed,,nan,False,8224343155.99,0.0,available,Model path,current_finalist_model,current_finalist_model,current_model_forecast,Current-finalist FY nowcast (2 actual + 2 forecast),2025Q3; 2025Q4; 2026Q1; 2026Q2,2025Q3; 2025Q4,2026Q1; 2026Q2,True,,False,low_shifted_6m,delay_6m,1.0
2026,FY2026,Current finalist High population/comparison,Current planned path,middle_east_low__12c_delay_6m,comparison,light_ruc_net_revenue,Light RUC revenue,RUC,856.095078045681,$m nominal ex GST,replacement_line,"raw AR(1) PED bridge and conventional-anchor VFM composition, scenario-input population and MBU26 effective rate",forecast_scenario_comparison.parquet; mbu26_official_annual.csv,data/current_revenue_outlook/revenue_chart_rows.csv:historical_actual:2025Q3; data/current_revenue_outlook/revenue_chart_rows.csv:historical_actual:2025Q4; data/current_revenue_outlook/revenue_chart_rows.csv:middle_east_low__12c_delay_6m:2026Q1; data/current_revenue_outlook/revenue_chart_rows.csv:middle_east_low__12c_delay_6m:2026Q2; data/current_revenue_outlook/revenue_chart_rows.csv:historical_actual:2025Q3; data/current_revenue_outlook/revenue_chart_rows.csv:historical_actual:2025Q4; data/current_revenue_outlook/revenue_chart_rows.csv:historical_actual:2026Q1; data/current_revenue_outlook/revenue_chart_rows.csv:middle_east_low__12c_delay_6m:2026Q2; scenario_inputs/scenario_input_wide.parquet:PED:population (2026Q1; 2026Q2); mbu26_official_annual.csv:population_proxy (2025Q3; 2025Q4); VFM 202405 Base uptake shares; MBU26 rate cells AA5; AA7; AA9,,,,,,,source_backed,dynamic_RESID_GBR_n150_d1_lr0.05_w36,conventional Light RUC km * MBU26 conventional Light effective rate,True,860.866112388873,-4.771034343192014,available,Model path,current_finalist_model,current_finalist_model,current_model_forecast,Current-finalist FY nowcast (3 actual + 1 forecast),2025Q3; 2025Q4; 2026Q1; 2026Q2,2025Q3; 2025Q4; 2026Q1,2026Q2,True,diesel_elasticity_to_conventional_ice_only; bev_phev_activity_fixed_to_base,True,low_shifted_6m,delay_6m,1.0
2026,FY2026,Current finalist High population/comparison,Current planned path,middle_east_low__12c_delay_6m,comparison,heavy_ruc_net_revenue,Heavy RUC revenue,RUC,1123.432467523277,$m nominal ex GST,replacement_line,current_finalist_model + MBU26 effective rate,forecast_scenario_comparison.parquet; mbu26_official_annual.csv,data/current_revenue_outlook/revenue_chart_rows.csv:historical_actual:2025Q3; data/current_revenue_outlook/revenue_chart_rows.csv:historical_actual:2025Q4; data/current_revenue_outlook/revenue_chart_rows.csv:historical_actual:2026Q1; data/current_revenue_outlook/revenue_chart_rows.csv:middle_east_low__12c_delay_6m:2026Q2,,,,,,,source_backed,HEAVY_RUC__VNEXT_SOLVED_CONVEX_TOP4,sum quarterly current Heavy RUC net km * MBU26 effective rate,True,1144.54055343658,-21.108085913303057,available,Model path,current_finalist_model,current_finalist_model,current_model_forecast,Current-finalist FY nowcast (3 actual + 1 forecast),2025Q3; 2025Q4; 2026Q1; 2026Q2,2025Q3; 2025Q4; 2026Q1,2026Q2,True,,False,low_shifted_6m,delay_6m,1.0
2026,FY2026,Current finalist High population/comparison,Current planned path,middle_east_low__12c_delay_6m,comparison,light_bev_ruc_net_revenue,Light BEV RUC net revenue,RUC,83.33709554803708,$m nominal ex GST,replacement_line,"raw AR(1) PED bridge and conventional-anchor VFM composition, scenario-input population and MBU26 effective rate",forecast_scenario_comparison.parquet; mbu26_official_annual.csv,data/current_revenue_outlook/revenue_chart_rows.csv:historical_actual:2025Q3; data/current_revenue_outlook/revenue_chart_rows.csv:historical_actual:2025Q4; data/current_revenue_outlook/revenue_chart_rows.csv:middle_east_low__12c_delay_6m:2026Q1; data/current_revenue_outlook/revenue_chart_rows.csv:middle_east_low__12c_delay_6m:2026Q2; data/current_revenue_outlook/revenue_chart_rows.csv:historical_actual:2025Q3; data/current_revenue_outlook/revenue_chart_rows.csv:historical_actual:2025Q4; data/current_revenue_outlook/revenue_chart_rows.csv:historical_actual:2026Q1; data/current_revenue_outlook/revenue_chart_rows.csv:middle_east_low__12c_delay_6m:2026Q2; scenario_inputs/scenario_input_wide.parquet:PED:population (2026Q1; 2026Q2); mbu26_official_annual.csv:population_proxy (2025Q3; 2025Q4); VFM 202405 Base uptake shares; MBU26 rate cells AA5; AA7; AA9,,,,,,,source_backed,PED__DIAGLAB__B__glsar__ylag1__ar1__wexp; dynamic_RESID_GBR_n150_d1_lr0.05_w36; HEAVY_RUC__VNEXT_SOLVED_CONVEX_TOP4,allocated Light BEV RUC km * MBU26 Light BEV effective rate,True,81.4648074039889,0.8739981618996921,available,Model path,current_finalist_model,current_finalist_model,current_model_forecast,Current-finalist FY nowcast (2 actual + 2 forecast),2025Q3; 2025Q4; 2026Q1; 2026Q2,2025Q3; 2025Q4,2026Q1; 2026Q2,True,diesel_elasticity_to_conventional_ice_only; bev_phev_activity_fixed_to_base,True,low_shifted_6m,delay_6m,1.0
2026,FY2026,Current finalist High population/comparison,Current planned path,middle_east_low__12c_delay_6m,comparison,heavy_bev_ruc_net_revenue,Heavy BEV RUC net revenue,RUC,0.0,$m nominal ex GST,leaf,MBU26 official fixed component,annual_spine.csv,AA31,,,,,,,source_backed,,nan,False,0.0,0.0,available,Model path,current_finalist_model,current_finalist_model,current_model_forecast,Current-finalist FY nowcast (2 actual + 2 forecast),2025Q3; 2025Q4; 2026Q1; 2026Q2,2025Q3; 2025Q4,2026Q1; 2026Q2,True,diesel_elasticity_to_conventional_ice_only; bev_phev_activity_fixed_to_base,True,low_shifted_6m,delay_6m,1.0
2026,FY2026,Current finalist High population/comparison,Current planned path,middle_east_low__12c_delay_6m,comparison,phev_ruc_net_revenue,PHEV RUC net revenue,RUC,22.339815332278658,$m nominal ex GST,replacement_line,"raw AR(1) PED bridge and conventional-anchor VFM composition, scenario-input population and MBU26 effective rate",forecast_scenario_comparison.parquet; mbu26_official_annual.csv,data/current_revenue_outlook/revenue_chart_rows.csv:historical_actual:2025Q3; data/current_revenue_outlook/revenue_chart_rows.csv:historical_actual:2025Q4; data/current_revenue_outlook/revenue_chart_rows.csv:middle_east_low__12c_delay_6m:2026Q1; data/current_revenue_outlook/revenue_chart_rows.csv:middle_east_low__12c_delay_6m:2026Q2; data/current_revenue_outlook/revenue_chart_rows.csv:historical_actual:2025Q3; data/current_revenue_outlook/revenue_chart_rows.csv:historical_actual:2025Q4; data/current_revenue_outlook/revenue_chart_rows.csv:historical_actual:2026Q1; data/current_revenue_outlook/revenue_chart_rows.csv:middle_east_low__12c_delay_6m:2026Q2; scenario_inputs/scenario_input_wide.parquet:PED:population (2026Q1; 2026Q2); mbu26_official_annual.csv:population_proxy (2025Q3; 2025Q4); VFM 202405 Base uptake shares; MBU26 rate cells AA5; AA7; AA9,,,,,,,source_backed,PED__DIAGLAB__B__glsar__ylag1__ar1__wexp; dynamic_RESID_GBR_n150_d1_lr0.05_w36; HEAVY_RUC__VNEXT_SOLVED_CONVEX_TOP4,allocated PHEV RUC km * MBU26 PHEV effective rate,True,21.8403214998817,0.23188654775855966,available,Model path,current_finalist_model,current_finalist_model,current_model_forecast,Current-finalist FY nowcast (2 actual + 2 forecast),2025Q3; 2025Q4; 2026Q1; 2026Q2,2025Q3; 2025Q4,2026Q1; 2026Q2,True,diesel_elasticity_to_conventional_ice_only; bev_phev_activity_fixed_to_base,True,low_shifted_6m,delay_6m,1.0
2026,FY2026,Current finalist High population/comparison,Current planned path,middle_east_low__12c_delay_6m,comparison,ruc_refunds,RUC refunds,RUC,67.4141906681215,$m nominal ex GST,deduction,MBU26 official fixed component,annual_spine.csv,AA33,,,,,,,source_backed,,nan,False,67.4141906681215,0.0,available,Model path,current_finalist_model,current_finalist_model,current_model_forecast,Current-finalist FY nowcast (2 actual + 2 forecast),2025Q3; 2025Q4; 2026Q1; 2026Q2,2025Q3; 2025Q4,2026Q1; 2026Q2,True,,False,low_shifted_6m,delay_6m,1.0
2026,FY2026,Current finalist High population/comparison,Current planned path,middle_east_low__12c_delay_6m,comparison,gross_ruc_revenue,Gross RUC revenue,RUC,2152.618647117395,$m nominal ex GST,calculated_rollup,current_hybrid_formula,current_hybrid_formula,current_revenue_outlook:middle_east_low__12c_delay_6m:FY2026,,,,,,,source_backed,,optimized light_ruc_net_revenue + heavy_ruc_net_revenue + optimized light_bev_ruc_net_revenue + MBU26 heavy_bev_ruc_net_revenue + optimized phev_ruc_net_revenue + MBU26 ruc_refunds,False,2176.1246289126,-24.771879061991967,available,Model path,current_finalist_model,current_finalist_model,current_model_forecast,Current-finalist FY nowcast (2 actual + 2 forecast),2025Q3; 2025Q4; 2026Q1; 2026Q2,2025Q3; 2025Q4,2026Q1; 2026Q2,True,,False,low_shifted_6m,delay_6m,1.0
2026,FY2026,Current finalist High population/comparison,Current planned path,middle_east_low__12c_delay_6m,comparison,ruc_admin_revenue,RUC admin revenue,RUC,34.237617587825,$m nominal ex GST,deduction,MBU26 official fixed component,annual_spine.csv,AA35,,,,,,,source_backed,,nan,False,34.237617587825,0.0,available,Model path,current_finalist_model,current_finalist_model,current_model_forecast,Current-finalist FY nowcast (2 actual + 2 forecast),2025Q3; 2025Q4; 2026Q1; 2026Q2,2025Q3; 2025Q4,2026Q1; 2026Q2,True,,False,low_shifted_6m,delay_6m,1.0
2026,FY2026,Current finalist High population/comparison,Current planned path,middle_east_low__12c_delay_6m,comparison,ruc_revenue_net_admin,RUC revenues net of admin fees,RUC,2118.3810295295702,$m nominal ex GST,calculated_rollup,current_hybrid_formula,current_hybrid_formula,current_revenue_outlook:middle_east_low__12c_delay_6m:FY2026,,,,,,,source_backed,,gross_ruc_revenue - MBU26 ruc_admin_revenue,False,2141.88701132477,-24.77187906198651,available,Model path,current_finalist_model,current_finalist_model,current_model_forecast,Current-finalist FY nowcast (2 actual + 2 forecast),2025Q3; 2025Q4; 2026Q1; 2026Q2,2025Q3; 2025Q4,2026Q1; 2026Q2,True,,False,low_shifted_6m,delay_6m,1.0
2026,FY2026,Current finalist High population/comparison,Current planned path,middle_east_low__12c_delay_6m,comparison,total_ruc_net_revenue,Total RUC all classes,RUC,2050.9668388614487,$m nominal ex GST,calculated_rollup,current_hybrid_formula,current_hybrid_formula,current_revenue_outlook:middle_east_low__12c_delay_6m:FY2026,,,,,,,source_backed,PED__DIAGLAB__B__glsar__ylag1__ar1__wexp; dynamic_RESID_GBR_n150_d1_lr0.05_w36; HEAVY_RUC__VNEXT_SOLVED_CONVEX_TOP4,ruc_revenue_net_admin - MBU26 ruc_refunds,False,2074.47282065665,-24.77187906198833,available,Model path,current_finalist_model,current_finalist_model,current_model_forecast,Current-finalist FY nowcast (2 actual + 2 forecast),2025Q3; 2025Q4; 2026Q1; 2026Q2,2025Q3; 2025Q4,2026Q1; 2026Q2,True,,False,low_shifted_6m,delay_6m,1.0
2026,FY2026,Current finalist High population/comparison,Current planned path,middle_east_low__12c_delay_6m,comparison,gross_ped_revenue,PED revenue,FED,2123.559806169978,$m nominal ex GST,replacement_line,"raw AR(1) PED bridge and conventional-anchor VFM composition, scenario-input population and MBU26 effective rate; population_source=scenario_input_population_with_mbu_population_proxy_for_missing_quarters",forecast_scenario_comparison.parquet; scenario_inputs/scenario_input_wide.parquet; mbu26_official_annual.csv,data/current_revenue_outlook/revenue_chart_rows.csv:historical_actual:2025Q3; data/current_revenue_outlook/revenue_chart_rows.csv:historical_actual:2025Q4; data/current_revenue_outlook/revenue_chart_rows.csv:middle_east_low__12c_delay_6m:2026Q1; data/current_revenue_outlook/revenue_chart_rows.csv:middle_east_low__12c_delay_6m:2026Q2; data/current_revenue_outlook/revenue_chart_rows.csv:historical_actual:2025Q3; data/current_revenue_outlook/revenue_chart_rows.csv:historical_actual:2025Q4; data/current_revenue_outlook/revenue_chart_rows.csv:historical_actual:2026Q1; data/current_revenue_outlook/revenue_chart_rows.csv:middle_east_low__12c_delay_6m:2026Q2; scenario_inputs/scenario_input_wide.parquet:PED:population (2026Q1; 2026Q2); mbu26_official_annual.csv:population_proxy (2025Q3; 2025Q4); VFM 202405 Base uptake shares; MBU26 rate cells AA5; AA7; AA9,forecast_scenario_comparison.parquet,data/current_revenue_outlook/revenue_chart_rows.csv:historical_actual:2025Q3; data/current_revenue_outlook/revenue_chart_rows.csv:historical_actual:2025Q4; data/current_revenue_outlook/revenue_chart_rows.csv:middle_east_low__12c_delay_6m:2026Q1; data/current_revenue_outlook/revenue_chart_rows.csv:middle_east_low__12c_delay_6m:2026Q2,current_finalist_model,scenario_inputs/scenario_input_wide.parquet,scenario_inputs/scenario_input_wide.parquet:PED:population (2026Q1; 2026Q2); mbu26_official_annual.csv:population_proxy (2025Q3; 2025Q4),scenario_input_population_with_mbu_population_proxy_for_missing_quarters,source_backed,PED__DIAGLAB__B__glsar__ylag1__ar1__wexp,raw PED/light-petrol VKT * MBU26 litres intensity / 100 * MBU26 PED rate,True,2038.23929657583,85.320509594148,available,Model path,current_finalist_model,current_finalist_model,current_model_forecast,Current-finalist FY nowcast (2 actual + 2 forecast),2025Q3; 2025Q4; 2026Q1; 2026Q2,2025Q3; 2025Q4,2026Q1; 2026Q2,True,,False,low_shifted_6m,delay_6m,1.0
2026,FY2026,Current finalist High population/comparison,Current planned path,middle_east_low__12c_delay_6m,comparison,gross_lpg_revenue,Gross LPG revenue,FED,42.0451626401906,$m nominal ex GST,leaf,MBU26 official fixed component,annual_spine.csv,AA41,,,,,,,source_backed,,nan,False,42.0451626401906,0.0,available,Model path,current_finalist_model,current_finalist_model,current_model_forecast,Current-finalist FY nowcast (2 actual + 2 forecast),2025Q3; 2025Q4; 2026Q1; 2026Q2,2025Q3; 2025Q4,2026Q1; 2026Q2,True,,False,low_shifted_6m,delay_6m,1.0
2026,FY2026,Current finalist High population/comparison,Current planned path,middle_east_low__12c_delay_6m,comparison,gross_cng_revenue,Gross CNG revenue,FED,0.0,$m nominal ex GST,leaf,MBU26 official fixed component,annual_spine.csv,AA42,,,,,,,source_backed,,nan,False,0.0,0.0,available,Model path,current_finalist_model,current_finalist_model,current_model_forecast,Current-finalist FY nowcast (2 actual + 2 forecast),2025Q3; 2025Q4; 2026Q1; 2026Q2,2025Q3; 2025Q4,2026Q1; 2026Q2,True,,False,low_shifted_6m,delay_6m,1.0
2026,FY2026,Current finalist High population/comparison,Current planned path,middle_east_low__12c_delay_6m,comparison,gross_fed_revenue,Gross FED revenue,FED,2165.6049688101684,$m nominal ex GST,calculated_rollup,current_hybrid_formula,current_hybrid_formula,current_revenue_outlook:middle_east_low__12c_delay_6m:FY2026,,,,,,,source_backed,PED__DIAGLAB__B__glsar__ylag1__ar1__wexp,gross_ped_revenue + MBU26 gross_lpg_revenue + MBU26 gross_cng_revenue,False,2080.28445921602,85.32050959414846,available,Model path,current_finalist_model,current_finalist_model,current_model_forecast,Current-finalist FY nowcast (2 actual + 2 forecast),2025Q3; 2025Q4; 2026Q1; 2026Q2,2025Q3; 2025Q4,2026Q1; 2026Q2,True,,False,low_shifted_6m,delay_6m,1.0
2026,FY2026,Current finalist High population/comparison,Current planned path,middle_east_low__12c_delay_6m,comparison,fed_refunds,FED refunds,FED,72.3868062026043,$m nominal ex GST,deduction,MBU26 official fixed component,annual_spine.csv,AA44,,,,,,,source_backed,,nan,False,72.3868062026043,0.0,available,Model path,current_finalist_model,current_finalist_model,current_model_forecast,Current-finalist FY nowcast (2 actual + 2 forecast),2025Q3; 2025Q4; 2026Q1; 2026Q2,2025Q3; 2025Q4,2026Q1; 2026Q2,True,,False,low_shifted_6m,delay_6m,1.0
2026,FY2026,Current finalist High population/comparison,Current planned path,middle_east_low__12c_delay_6m,comparison,net_fed_revenue,Net FED revenue,FED,2093.218162607564,$m nominal ex GST,calculated_rollup,current_hybrid_formula,current_hybrid_formula,current_revenue_outlook:middle_east_low__12c_delay_6m:FY2026,,,,,,,source_backed,PED__DIAGLAB__B__glsar__ylag1__ar1__wexp,gross_fed_revenue - MBU26 fed_refunds,False,2007.89765301342,85.32050959414391,available,Model path,current_finalist_model,current_finalist_model,current_model_forecast,Current-finalist FY nowcast (2 actual + 2 forecast),2025Q3; 2025Q4; 2026Q1; 2026Q2,2025Q3; 2025Q4,2026Q1; 2026Q2,True,,False,low_shifted_6m,delay_6m,1.0
2026,FY2026,Current finalist High population/comparison,Current planned path,middle_east_low__12c_delay_6m,comparison,mr1_revenue,MR1 revenue,MVR,436.822707962969,$m nominal ex GST,leaf,MBU26 official fixed component,annual_spine.csv,AA48,,,,,,,source_backed,,nan,False,436.822707962969,0.0,available,Model path,current_finalist_model,current_finalist_model,current_model_forecast,Current-finalist FY nowcast (2 actual + 2 forecast),2025Q3; 2025Q4; 2026Q1; 2026Q2,2025Q3; 2025Q4,2026Q1; 2026Q2,True,,False,low_shifted_6m,delay_6m,1.0
2026,FY2026,Current finalist High population/comparison,Current planned path,middle_east_low__12c_delay_6m,comparison,mr2_revenue,MR2 revenue,MVR,31.3740054746584,$m nominal ex GST,leaf,MBU26 official fixed component,annual_spine.csv,AA49,,,,,,,source_backed,,nan,False,31.3740054746584,0.0,available,Model path,current_finalist_model,current_finalist_model,current_model_forecast,Current-finalist FY nowcast (2 actual + 2 forecast),2025Q3; 2025Q4; 2026Q1; 2026Q2,2025Q3; 2025Q4,2026Q1; 2026Q2,True,,False,low_shifted_6m,delay_6m,1.0
2026,FY2026,Current finalist High population/comparison,Current planned path,middle_east_low__12c_delay_6m,comparison,coo_revenue,MR13,MVR,0.0,$m nominal ex GST,deduction,MBU26 official fixed component,annual_spine.csv,AA50,,,,,,,source_backed,,nan,False,0.0,0.0,available,Model path,current_finalist_model,current_finalist_model,current_model_forecast,Current-finalist FY nowcast (2 actual + 2 forecast),2025Q3; 2025Q4; 2026Q1; 2026Q2,2025Q3; 2025Q4,2026Q1; 2026Q2,True,,False,low_shifted_6m,delay_6m,1.0
2026,FY2026,Current finalist High population/comparison,Current planned path,middle_east_low__12c_delay_6m,comparison,gross_mvr_revenue,Gross MVR revenue,MVR,468.1967134376274,$m nominal ex GST,calculated_rollup,MBU26 official formula,mbu26_official_annual.csv,AA51,,,,,,,source_backed,,mr1_revenue + mr2_revenue + coo_revenue,False,468.196713437627,3.979039320256561e-13,available,Model path,current_finalist_model,current_finalist_model,current_model_forecast,Current-finalist FY nowcast (2 actual + 2 forecast),2025Q3; 2025Q4; 2026Q1; 2026Q2,2025Q3; 2025Q4,2026Q1; 2026Q2,True,,False,low_shifted_6m,delay_6m,1.0
2026,FY2026,Current finalist High population/comparison,Current planned path,middle_east_low__12c_delay_6m,comparison,mvr_admin_revenue,MVR admin revenue,MVR,72.7105674192725,$m nominal ex GST,deduction,MBU26 official fixed component,annual_spine.csv,AA52,,,,,,,source_backed,,nan,False,72.7105674192725,0.0,available,Model path,current_finalist_model,current_finalist_model,current_model_forecast,Current-finalist FY nowcast (2 actual + 2 forecast),2025Q3; 2025Q4; 2026Q1; 2026Q2,2025Q3; 2025Q4,2026Q1; 2026Q2,True,,False,low_shifted_6m,delay_6m,1.0
2026,FY2026,Current finalist High population/comparison,Current planned path,middle_east_low__12c_delay_6m,comparison,mvr_revenue_net_admin_coo,MVR revenues net of admin fees and COO,MVR,395.4861460183549,$m nominal ex GST,calculated_rollup,MBU26 official formula,mbu26_official_annual.csv,AA53,,,,,,,source_backed,,mr1_revenue + mr2_revenue - mvr_admin_revenue,False,395.486146018355,-5.684341886080802e-14,available,Model path,current_finalist_model,current_finalist_model,current_model_forecast,Current-finalist FY nowcast (2 actual + 2 forecast),2025Q3; 2025Q4; 2026Q1; 2026Q2,2025Q3; 2025Q4,2026Q1; 2026Q2,True,,False,low_shifted_6m,delay_6m,1.0
2026,FY2026,Current finalist High population/comparison,Current planned path,middle_east_low__12c_delay_6m,comparison,mvr_refunds,MVR refunds,MVR,1.61137149711806,$m nominal ex GST,deduction,MBU26 official fixed component,annual_spine.csv,AA54,,,,,,,source_backed,,nan,False,1.61137149711806,0.0,available,Model path,current_finalist_model,current_finalist_model,current_model_forecast,Current-finalist FY nowcast (2 actual + 2 forecast),2025Q3; 2025Q4; 2026Q1; 2026Q2,2025Q3; 2025Q4,2026Q1; 2026Q2,True,,False,low_shifted_6m,delay_6m,1.0
2026,FY2026,Current finalist High population/comparison,Current planned path,middle_east_low__12c_delay_6m,comparison,net_mvr_revenue,Net MVR revenue,MVR,393.8747745212368,$m nominal ex GST,calculated_rollup,MBU26 official formula,mbu26_official_annual.csv,AA55,,,,,,,source_backed,,mvr_revenue_net_admin_coo - mvr_refunds,False,393.874774521237,-1.1368683772161603e-13,available,Model path,current_finalist_model,current_finalist_model,current_model_forecast,Current-finalist FY nowcast (2 actual + 2 forecast),2025Q3; 2025Q4; 2026Q1; 2026Q2,2025Q3; 2025Q4,2026Q1; 2026Q2,True,,False,low_shifted_6m,delay_6m,1.0
2026,FY2026,Current finalist High population/comparison,Current planned path,middle_east_low__12c_delay_6m,comparison,tuc_net_revenue,TUC net revenue,TUC,17.4060774864124,$m nominal ex GST,leaf,MBU26 official fixed component,annual_spine.csv,AA58,,,,,,,source_backed,,nan,False,17.4060774864124,0.0,available,Model path,current_finalist_model,current_finalist_model,current_model_forecast,Current-finalist FY nowcast (2 actual + 2 forecast),2025Q3; 2025Q4; 2026Q1; 2026Q2,2025Q3; 2025Q4,2026Q1; 2026Q2,True,,False,low_shifted_6m,delay_6m,1.0
2026,FY2026,Current finalist High population/comparison,Current planned path,middle_east_low__12c_delay_6m,comparison,total_gross_revenue,Total gross revenues,Totals,4803.826406851604,$m nominal ex GST,calculated_rollup,current_hybrid_formula,current_hybrid_formula,current_revenue_outlook:middle_east_low__12c_delay_6m:FY2026,,,,,,,source_backed,,gross_ruc_revenue + gross_fed_revenue + gross_mvr_revenue + tuc_net_revenue,False,4742.01187905266,60.548630532155585,available,Model path,current_finalist_model,current_finalist_model,current_model_forecast,Current-finalist FY nowcast (2 actual + 2 forecast),2025Q3; 2025Q4; 2026Q1; 2026Q2,2025Q3; 2025Q4,2026Q1; 2026Q2,True,,False,low_shifted_6m,delay_6m,1.0
2026,FY2026,Current finalist High population/comparison,Current planned path,middle_east_low__12c_delay_6m,comparison,total_admin_fees,Total admin fees,Totals,106.94818500709749,$m nominal ex GST,calculated_rollup,current_hybrid_formula,current_hybrid_formula,current_revenue_outlook:middle_east_low__12c_delay_6m:FY2026,,,,,,,source_backed,,ruc_admin_revenue + mvr_admin_revenue + coo_revenue,False,106.948185007097,4.973799150320701e-13,available,Model path,current_finalist_model,current_finalist_model,current_model_forecast,Current-finalist FY nowcast (2 actual + 2 forecast),2025Q3; 2025Q4; 2026Q1; 2026Q2,2025Q3; 2025Q4,2026Q1; 2026Q2,True,,False,low_shifted_6m,delay_6m,1.0
2026,FY2026,Current finalist High population/comparison,Current planned path,middle_east_low__12c_delay_6m,comparison,total_revenue_net_admin,Total revenues net of admin fees,Totals,4696.878221844506,$m nominal ex GST,calculated_rollup,current_hybrid_formula,current_hybrid_formula,current_revenue_outlook:middle_east_low__12c_delay_6m:FY2026,,,,,,,source_backed,,total_gross_revenue - total_admin_fees,False,4635.06369404556,60.54863053215831,available,Model path,current_finalist_model,current_finalist_model,current_model_forecast,Current-finalist FY nowcast (2 actual + 2 forecast),2025Q3; 2025Q4; 2026Q1; 2026Q2,2025Q3; 2025Q4,2026Q1; 2026Q2,True,,False,low_shifted_6m,delay_6m,1.0
2026,FY2026,Current finalist High population/comparison,Current planned path,middle_east_low__12c_delay_6m,comparison,total_refunds,Total refunds,Totals,141.41236836784387,$m nominal ex GST,calculated_rollup,current_hybrid_formula,current_hybrid_formula,current_revenue_outlook:middle_east_low__12c_delay_6m:FY2026,,,,,,,source_backed,,ruc_refunds + fed_refunds + mvr_refunds,False,141.412368367844,-1.4210854715202004e-13,available,Model path,current_finalist_model,current_finalist_model,current_model_forecast,Current-finalist FY nowcast (2 actual + 2 forecast),2025Q3; 2025Q4; 2026Q1; 2026Q2,2025Q3; 2025Q4,2026Q1; 2026Q2,True,,False,low_shifted_6m,delay_6m,1.0
2026,FY2026,Current finalist High population/comparison,Current planned path,middle_east_low__12c_delay_6m,comparison,total_nltf_net_revenue,Total NLTF revenue,Totals,4555.465853476662,$m nominal ex GST,calculated_rollup,current_hybrid_formula,current_hybrid_formula,current_revenue_outlook:middle_east_low__12c_delay_6m:FY2026,,,,,,,source_backed,PED__DIAGLAB__B__glsar__ylag1__ar1__wexp; dynamic_RESID_GBR_n150_d1_lr0.05_w36; HEAVY_RUC__VNEXT_SOLVED_CONVEX_TOP4,total_revenue_net_admin - total_refunds,False,4493.65132567772,60.548630532154675,available,Model path,current_finalist_model,current_finalist_model,current_model_forecast,Current-finalist FY nowcast (2 actual + 2 forecast),2025Q3; 2025Q4; 2026Q1; 2026Q2,2025Q3; 2025Q4,2026Q1; 2026Q2,True,,False,low_shifted_6m,delay_6m,1.0
2026,FY2026,Current finalist High population/comparison,Current planned path,middle_east_low__12c_delay_6m,comparison,current_light_ruc_conventional_modelled_km,Current finalist Light RUC conventional modelled km,Key volumes,12637.559635248568,million km,audit_only,current_finalist_model_conventional_light_ruc_forecast,forecast_scenario_comparison.parquet,data/current_revenue_outlook/revenue_chart_rows.csv:historical_actual:2025Q3; data/current_revenue_outlook/revenue_chart_rows.csv:historical_actual:2025Q4; data/current_revenue_outlook/revenue_chart_rows.csv:historical_actual:2026Q1; data/current_revenue_outlook/revenue_chart_rows.csv:middle_east_low__12c_delay_6m:2026Q2,,,,,,,source_backed,dynamic_RESID_GBR_n150_d1_lr0.05_w36,sum quarterly current finalist Light RUC conventional model forecast,False,,,available,Model path,current_finalist_model,current_finalist_model,current_model_forecast,Current-finalist FY nowcast (3 actual + 1 forecast),2025Q3; 2025Q4; 2026Q1; 2026Q2,2025Q3; 2025Q4; 2026Q1,2026Q2,True,diesel_elasticity_to_conventional_ice_only; bev_phev_activity_fixed_to_base,True,low_shifted_6m,delay_6m,1.0
2026,FY2026,Current finalist High population/comparison,Current planned path,middle_east_low__12c_delay_6m,comparison,total_fed_ruc_net_revenue,Total RUC+PED revenue,Derived totals,4144.185001469013,$m nominal ex GST,calculated_rollup,current_hybrid_formula,current_hybrid_formula,current_revenue_outlook:middle_east_low__12c_delay_6m:FY2026,,,,,,,source_backed,PED__DIAGLAB__B__glsar__ylag1__ar1__wexp; dynamic_RESID_GBR_n150_d1_lr0.05_w36; HEAVY_RUC__VNEXT_SOLVED_CONVEX_TOP4,net_fed_revenue + total_ruc_net_revenue,False,4082.37047367007,60.548630532155585,available,Model path,current_finalist_model,current_finalist_model,current_model_forecast,Current-finalist FY nowcast (2 actual + 2 forecast),2025Q3; 2025Q4; 2026Q1; 2026Q2,2025Q3; 2025Q4,2026Q1; 2026Q2,True,,False,low_shifted_6m,delay_6m,1.0
2027,FY2027,Current finalist High population/comparison,Current planned path,middle_east_low__12c_delay_6m,comparison,light_ruc_net_km,Light RUC net km,Key volumes,12827.08405674278,million km,bridge_input,raw AR(1) PED VKT per capita x scenario-input population; raw Light RUC conventional model forecast expanded by MoT VFM 202405 Base uptake shares (conventional_anchor_vfm_composition_v1),forecast_scenario_comparison.parquet; mbu26_official_annual.csv,data/current_revenue_outlook/revenue_chart_rows.csv:middle_east_low__12c_delay_6m:2026Q3; data/current_revenue_outlook/revenue_chart_rows.csv:middle_east_low__12c_delay_6m:2026Q4; data/current_revenue_outlook/revenue_chart_rows.csv:middle_east_low__12c_delay_6m:2027Q1; data/current_revenue_outlook/revenue_chart_rows.csv:middle_east_low__12c_delay_6m:2027Q2; data/current_revenue_outlook/revenue_chart_rows.csv:middle_east_low__12c_delay_6m:2026Q3; data/current_revenue_outlook/revenue_chart_rows.csv:middle_east_low__12c_delay_6m:2026Q4; data/current_revenue_outlook/revenue_chart_rows.csv:middle_east_low__12c_delay_6m:2027Q1; data/current_revenue_outlook/revenue_chart_rows.csv:middle_east_low__12c_delay_6m:2027Q2; scenario_inputs/scenario_input_wide.parquet:PED:population (2026Q3; 2026Q4; 2027Q1; 2027Q2); VFM 202405 Base uptake shares; MBU26 rate cells AB5; AB7; AB9,,,,,,,source_backed,dynamic_RESID_GBR_n150_d1_lr0.05_w36,raw Light RUC conventional model forecast (preserved exactly under the Base uptake basis),False,12458.8356197041,368.2484370386828,available,Model path,current_finalist_model,current_finalist_model,current_model_forecast,current_finalist_forecast,2026Q3; 2026Q4; 2027Q1; 2027Q2,,2026Q3; 2026Q4; 2027Q1; 2027Q2,False,diesel_elasticity_to_conventional_ice_only; bev_phev_activity_fixed_to_base,True,low_shifted_6m,delay_6m,0.9212658387203224
2027,FY2027,Current finalist High population/comparison,Current planned path,middle_east_low__12c_delay_6m,comparison,heavy_ruc_net_km,Heavy RUC net km,Key volumes,4099.461535855654,million km,bridge_input,current_finalist_model,forecast_scenario_comparison.parquet,data/current_revenue_outlook/revenue_chart_rows.csv:middle_east_low__12c_delay_6m:2026Q3; data/current_revenue_outlook/revenue_chart_rows.csv:middle_east_low__12c_delay_6m:2026Q4; data/current_revenue_outlook/revenue_chart_rows.csv:middle_east_low__12c_delay_6m:2027Q1; data/current_revenue_outlook/revenue_chart_rows.csv:middle_east_low__12c_delay_6m:2027Q2,,,,,,,source_backed,HEAVY_RUC__VNEXT_SOLVED_CONVEX_TOP4,sum quarterly current finalist Heavy RUC net km,False,4234.60357706342,-135.14204120776594,available,Model path,current_finalist_model,current_finalist_model,current_model_forecast,current_finalist_forecast,2026Q3; 2026Q4; 2027Q1; 2027Q2,,2026Q3; 2026Q4; 2027Q1; 2027Q2,False,,False,low_shifted_6m,delay_6m,0.9212658387203224
2027,FY2027,Current finalist High population/comparison,Current planned path,middle_east_low__12c_delay_6m,comparison,light_bev_ruc_net_km,Light BEV RUC net km,Key volumes,1541.0531756214164,million km,bridge_input,raw AR(1) PED VKT per capita x scenario-input population; raw Light RUC conventional model forecast expanded by MoT VFM 202405 Base uptake shares (conventional_anchor_vfm_composition_v1),forecast_scenario_comparison.parquet; mbu26_official_annual.csv,data/current_revenue_outlook/revenue_chart_rows.csv:middle_east_low__12c_delay_6m:2026Q3; data/current_revenue_outlook/revenue_chart_rows.csv:middle_east_low__12c_delay_6m:2026Q4; data/current_revenue_outlook/revenue_chart_rows.csv:middle_east_low__12c_delay_6m:2027Q1; data/current_revenue_outlook/revenue_chart_rows.csv:middle_east_low__12c_delay_6m:2027Q2; data/current_revenue_outlook/revenue_chart_rows.csv:middle_east_low__12c_delay_6m:2026Q3; data/current_revenue_outlook/revenue_chart_rows.csv:middle_east_low__12c_delay_6m:2026Q4; data/current_revenue_outlook/revenue_chart_rows.csv:middle_east_low__12c_delay_6m:2027Q1; data/current_revenue_outlook/revenue_chart_rows.csv:middle_east_low__12c_delay_6m:2027Q2; scenario_inputs/scenario_input_wide.parquet:PED:population (2026Q3; 2026Q4; 2027Q1; 2027Q2); VFM 202405 Base uptake shares; MBU26 rate cells AB5; AB7; AB9,,,,,,,source_backed,PED__DIAGLAB__B__glsar__ylag1__ar1__wexp; dynamic_RESID_GBR_n150_d1_lr0.05_w36; HEAVY_RUC__VNEXT_SOLVED_CONVEX_TOP4,base pool (conventional / VFM Base conventional share) * VFM Base Light BEV share,False,1572.19480045545,-39.60900250707391,available,Model path,current_finalist_model,current_finalist_model,current_model_forecast,current_finalist_forecast,2026Q3; 2026Q4; 2027Q1; 2027Q2,,2026Q3; 2026Q4; 2027Q1; 2027Q2,False,diesel_elasticity_to_conventional_ice_only; bev_phev_activity_fixed_to_base,True,low_shifted_6m,delay_6m,0.9212658387203224
2027,FY2027,Current finalist High population/comparison,Current planned path,middle_east_low__12c_delay_6m,comparison,heavy_bev_ruc_net_km,Heavy BEV RUC net km,Key volumes,0.0,million km,bridge_input,MBU26 official fixed component,annual_spine.csv,AB8,,,,,,,source_backed,,nan,False,0.0,0.0,available,Model path,current_finalist_model,current_finalist_model,current_model_forecast,current_finalist_forecast,2026Q3; 2026Q4; 2027Q1; 2027Q2,,2026Q3; 2026Q4; 2027Q1; 2027Q2,False,diesel_elasticity_to_conventional_ice_only; bev_phev_activity_fixed_to_base,True,low_shifted_6m,delay_6m,0.9212658387203224
2027,FY2027,Current finalist High population/comparison,Current planned path,middle_east_low__12c_delay_6m,comparison,phev_ruc_net_km,PHEV RUC net km,Key volumes,844.9595723514738,million km,bridge_input,raw AR(1) PED VKT per capita x scenario-input population; raw Light RUC conventional model forecast expanded by MoT VFM 202405 Base uptake shares (conventional_anchor_vfm_composition_v1),forecast_scenario_comparison.parquet; mbu26_official_annual.csv,data/current_revenue_outlook/revenue_chart_rows.csv:middle_east_low__12c_delay_6m:2026Q3; data/current_revenue_outlook/revenue_chart_rows.csv:middle_east_low__12c_delay_6m:2026Q4; data/current_revenue_outlook/revenue_chart_rows.csv:middle_east_low__12c_delay_6m:2027Q1; data/current_revenue_outlook/revenue_chart_rows.csv:middle_east_low__12c_delay_6m:2027Q2; data/current_revenue_outlook/revenue_chart_rows.csv:middle_east_low__12c_delay_6m:2026Q3; data/current_revenue_outlook/revenue_chart_rows.csv:middle_east_low__12c_delay_6m:2026Q4; data/current_revenue_outlook/revenue_chart_rows.csv:middle_east_low__12c_delay_6m:2027Q1; data/current_revenue_outlook/revenue_chart_rows.csv:middle_east_low__12c_delay_6m:2027Q2; scenario_inputs/scenario_input_wide.parquet:PED:population (2026Q3; 2026Q4; 2027Q1; 2027Q2); VFM 202405 Base uptake shares; MBU26 rate cells AB5; AB7; AB9,,,,,,,source_backed,PED__DIAGLAB__B__glsar__ylag1__ar1__wexp; dynamic_RESID_GBR_n150_d1_lr0.05_w36; HEAVY_RUC__VNEXT_SOLVED_CONVEX_TOP4,base pool (conventional / VFM Base conventional share) * VFM Base PHEV share,False,866.45343854562,-26.136530010510455,available,Model path,current_finalist_model,current_finalist_model,current_model_forecast,current_finalist_forecast,2026Q3; 2026Q4; 2027Q1; 2027Q2,,2026Q3; 2026Q4; 2027Q1; 2027Q2,False,diesel_elasticity_to_conventional_ice_only; bev_phev_activity_fixed_to_base,True,low_shifted_6m,delay_6m,0.9212658387203224
2027,FY2027,Current finalist High population/comparison,Current planned path,middle_east_low__12c_delay_6m,comparison,ped_volume,PED volume,Key volumes,2905.6097802636395,million litres,bridge_input,raw AR(1) PED VKT/capita + scenario-input population (scenario_input_population) + MBU26 intensity,forecast_scenario_comparison.parquet; scenario_inputs/scenario_input_wide.parquet; mbu26_official_annual.csv,data/current_revenue_outlook/revenue_chart_rows.csv:middle_east_low__12c_delay_6m:2026Q3; data/current_revenue_outlook/revenue_chart_rows.csv:middle_east_low__12c_delay_6m:2026Q4; data/current_revenue_outlook/revenue_chart_rows.csv:middle_east_low__12c_delay_6m:2027Q1; data/current_revenue_outlook/revenue_chart_rows.csv:middle_east_low__12c_delay_6m:2027Q2; data/current_revenue_outlook/revenue_chart_rows.csv:middle_east_low__12c_delay_6m:2026Q3; data/current_revenue_outlook/revenue_chart_rows.csv:middle_east_low__12c_delay_6m:2026Q4; data/current_revenue_outlook/revenue_chart_rows.csv:middle_east_low__12c_delay_6m:2027Q1; data/current_revenue_outlook/revenue_chart_rows.csv:middle_east_low__12c_delay_6m:2027Q2; scenario_inputs/scenario_input_wide.parquet:PED:population (2026Q3; 2026Q4; 2027Q1; 2027Q2); VFM 202405 Base uptake shares; MBU26 rate cells AB5; AB7; AB9,forecast_scenario_comparison.parquet,data/current_revenue_outlook/revenue_chart_rows.csv:middle_east_low__12c_delay_6m:2026Q3; data/current_revenue_outlook/revenue_chart_rows.csv:middle_east_low__12c_delay_6m:2026Q4; data/current_revenue_outlook/revenue_chart_rows.csv:middle_east_low__12c_delay_6m:2027Q1; data/current_revenue_outlook/revenue_chart_rows.csv:middle_east_low__12c_delay_6m:2027Q2,current_finalist_model,scenario_inputs/scenario_input_wide.parquet,scenario_inputs/scenario_input_wide.parquet:PED:population (2026Q3; 2026Q4; 2027Q1; 2027Q2),scenario_input_population,source_backed,PED__DIAGLAB__B__glsar__ylag1__ar1__wexp,raw PED/light-petrol VKT * MBU26 litres intensity / 100,False,2843.76392941454,61.845850849099406,available,Model path,current_finalist_model,current_finalist_model,current_model_forecast,current_finalist_forecast,2026Q3; 2026Q4; 2027Q1; 2027Q2,,2026Q3; 2026Q4; 2027Q1; 2027Q2,False,,False,low_shifted_6m,delay_6m,0.9212658387203224
2027,FY2027,Current finalist High population/comparison,Current planned path,middle_east_low__12c_delay_6m,comparison,light_petrol_vkt,Light petrol VKT,Key volumes,32216.766588667295,million km,bridge_input,raw AR(1) PED VKT per capita x scenario-input population; raw Light RUC conventional model forecast expanded by MoT VFM 202405 Base uptake shares (conventional_anchor_vfm_composition_v1),forecast_scenario_comparison.parquet; mbu26_official_annual.csv,data/current_revenue_outlook/revenue_chart_rows.csv:middle_east_low__12c_delay_6m:2026Q3; data/current_revenue_outlook/revenue_chart_rows.csv:middle_east_low__12c_delay_6m:2026Q4; data/current_revenue_outlook/revenue_chart_rows.csv:middle_east_low__12c_delay_6m:2027Q1; data/current_revenue_outlook/revenue_chart_rows.csv:middle_east_low__12c_delay_6m:2027Q2; data/current_revenue_outlook/revenue_chart_rows.csv:middle_east_low__12c_delay_6m:2026Q3; data/current_revenue_outlook/revenue_chart_rows.csv:middle_east_low__12c_delay_6m:2026Q4; data/current_revenue_outlook/revenue_chart_rows.csv:middle_east_low__12c_delay_6m:2027Q1; data/current_revenue_outlook/revenue_chart_rows.csv:middle_east_low__12c_delay_6m:2027Q2; scenario_inputs/scenario_input_wide.parquet:PED:population (2026Q3; 2026Q4; 2027Q1; 2027Q2); VFM 202405 Base uptake shares; MBU26 rate cells AB5; AB7; AB9,forecast_scenario_comparison.parquet,data/current_revenue_outlook/revenue_chart_rows.csv:middle_east_low__12c_delay_6m:2026Q3; data/current_revenue_outlook/revenue_chart_rows.csv:middle_east_low__12c_delay_6m:2026Q4; data/current_revenue_outlook/revenue_chart_rows.csv:middle_east_low__12c_delay_6m:2027Q1; data/current_revenue_outlook/revenue_chart_rows.csv:middle_east_low__12c_delay_6m:2027Q2,current_finalist_model,scenario_inputs/scenario_input_wide.parquet,scenario_inputs/scenario_input_wide.parquet:PED:population (2026Q3; 2026Q4; 2027Q1; 2027Q2),scenario_input_population,source_backed,,raw AR(1) PED VKT per capita * scenario-input population,False,31531.0333030703,685.7332855969944,available,Model path,current_finalist_model,current_finalist_model,current_model_forecast,current_finalist_forecast,2026Q3; 2026Q4; 2027Q1; 2027Q2,,2026Q3; 2026Q4; 2027Q1; 2027Q2,False,,False,low_shifted_6m,delay_6m,0.9212658387203224
2027,FY2027,Current finalist High population/comparison,Current planned path,middle_east_low__12c_delay_6m,comparison,ped_vkt_per_capita,PED VKT per capita,Key volumes,5956.502716629556,km/person,bridge_input,current_finalist_model,forecast_scenario_comparison.parquet,data/current_revenue_outlook/revenue_chart_rows.csv:middle_east_low__12c_delay_6m:2026Q3; data/current_revenue_outlook/revenue_chart_rows.csv:middle_east_low__12c_delay_6m:2026Q4; data/current_revenue_outlook/revenue_chart_rows.csv:middle_east_low__12c_delay_6m:2027Q1; data/current_revenue_outlook/revenue_chart_rows.csv:middle_east_low__12c_delay_6m:2027Q2,forecast_scenario_comparison.parquet,data/current_revenue_outlook/revenue_chart_rows.csv:middle_east_low__12c_delay_6m:2026Q3; data/current_revenue_outlook/revenue_chart_rows.csv:middle_east_low__12c_delay_6m:2026Q4; data/current_revenue_outlook/revenue_chart_rows.csv:middle_east_low__12c_delay_6m:2027Q1; data/current_revenue_outlook/revenue_chart_rows.csv:middle_east_low__12c_delay_6m:2027Q2,current_finalist_model,,,,source_backed,PED__DIAGLAB__B__glsar__ylag1__ar1__wexp,sum quarterly current finalist PED VKT/capita,False,5816.72597882556,139.77673780399618,available,Model path,current_finalist_model,current_finalist_model,current_model_forecast,current_finalist_forecast,2026Q3; 2026Q4; 2027Q1; 2027Q2,,2026Q3; 2026Q4; 2027Q1; 2027Q2,False,,False,low_shifted_6m,delay_6m,0.9212658387203224
2027,FY2027,Current finalist High population/comparison,Current planned path,middle_east_low__12c_delay_6m,comparison,tuc_gtk,TUC GTK,Key volumes,8179315222.66,tonne-km,bridge_input,MBU26 official fixed component,annual_spine.csv,AB13,,,,,,,source_backed,,nan,False,8179315222.66,0.0,available,Model path,current_finalist_model,current_finalist_model,current_model_forecast,current_finalist_forecast,2026Q3; 2026Q4; 2027Q1; 2027Q2,,2026Q3; 2026Q4; 2027Q1; 2027Q2,False,,False,low_shifted_6m,delay_6m,0.9212658387203224
2027,FY2027,Current finalist High population/comparison,Current planned path,middle_east_low__12c_delay_6m,comparison,light_ruc_net_revenue,Light RUC revenue,RUC,862.2834558805301,$m nominal ex GST,replacement_line,"raw AR(1) PED bridge and conventional-anchor VFM composition, scenario-input population and MBU26 effective rate",forecast_scenario_comparison.parquet; mbu26_official_annual.csv,data/current_revenue_outlook/revenue_chart_rows.csv:middle_east_low__12c_delay_6m:2026Q3; data/current_revenue_outlook/revenue_chart_rows.csv:middle_east_low__12c_delay_6m:2026Q4; data/current_revenue_outlook/revenue_chart_rows.csv:middle_east_low__12c_delay_6m:2027Q1; data/current_revenue_outlook/revenue_chart_rows.csv:middle_east_low__12c_delay_6m:2027Q2; data/current_revenue_outlook/revenue_chart_rows.csv:middle_east_low__12c_delay_6m:2026Q3; data/current_revenue_outlook/revenue_chart_rows.csv:middle_east_low__12c_delay_6m:2026Q4; data/current_revenue_outlook/revenue_chart_rows.csv:middle_east_low__12c_delay_6m:2027Q1; data/current_revenue_outlook/revenue_chart_rows.csv:middle_east_low__12c_delay_6m:2027Q2; scenario_inputs/scenario_input_wide.parquet:PED:population (2026Q3; 2026Q4; 2027Q1; 2027Q2); VFM 202405 Base uptake shares; MBU26 rate cells AB5; AB7; AB9,,,,,,,source_backed,dynamic_RESID_GBR_n150_d1_lr0.05_w36,conventional Light RUC km * MBU26 conventional Light effective rate,True,909.106161645825,26.870642919379293,available,Model path,current_finalist_model,current_finalist_model,current_model_forecast,current_finalist_forecast,2026Q3; 2026Q4; 2027Q1; 2027Q2,,2026Q3; 2026Q4; 2027Q1; 2027Q2,False,diesel_elasticity_to_conventional_ice_only; bev_phev_activity_fixed_to_base,True,low_shifted_6m,delay_6m,0.9212658387203224
2027,FY2027,Current finalist High population/comparison,Current planned path,middle_east_low__12c_delay_6m,comparison,heavy_ruc_net_revenue,Heavy RUC revenue,RUC,1134.2499792401818,$m nominal ex GST,replacement_line,current_finalist_model + MBU26 effective rate,forecast_scenario_comparison.parquet; mbu26_official_annual.csv,data/current_revenue_outlook/revenue_chart_rows.csv:middle_east_low__12c_delay_6m:2026Q3; data/current_revenue_outlook/revenue_chart_rows.csv:middle_east_low__12c_delay_6m:2026Q4; data/current_revenue_outlook/revenue_chart_rows.csv:middle_east_low__12c_delay_6m:2027Q1; data/current_revenue_outlook/revenue_chart_rows.csv:middle_east_low__12c_delay_6m:2027Q2,,,,,,,source_backed,HEAVY_RUC__VNEXT_SOLVED_CONVEX_TOP4,sum quarterly current Heavy RUC net km * MBU26 effective rate,True,1271.77345703347,-40.587048541754484,available,Model path,current_finalist_model,current_finalist_model,current_model_forecast,current_finalist_forecast,2026Q3; 2026Q4; 2027Q1; 2027Q2,,2026Q3; 2026Q4; 2027Q1; 2027Q2,False,,False,low_shifted_6m,delay_6m,0.9212658387203224
2027,FY2027,Current finalist High population/comparison,Current planned path,middle_east_low__12c_delay_6m,comparison,light_bev_ruc_net_revenue,Light BEV RUC net revenue,RUC,103.51663034131343,$m nominal ex GST,replacement_line,"raw AR(1) PED bridge and conventional-anchor VFM composition, scenario-input population and MBU26 effective rate",forecast_scenario_comparison.parquet; mbu26_official_annual.csv,data/current_revenue_outlook/revenue_chart_rows.csv:middle_east_low__12c_delay_6m:2026Q3; data/current_revenue_outlook/revenue_chart_rows.csv:middle_east_low__12c_delay_6m:2026Q4; data/current_revenue_outlook/revenue_chart_rows.csv:middle_east_low__12c_delay_6m:2027Q1; data/current_revenue_outlook/revenue_chart_rows.csv:middle_east_low__12c_delay_6m:2027Q2; data/current_revenue_outlook/revenue_chart_rows.csv:middle_east_low__12c_delay_6m:2026Q3; data/current_revenue_outlook/revenue_chart_rows.csv:middle_east_low__12c_delay_6m:2026Q4; data/current_revenue_outlook/revenue_chart_rows.csv:middle_east_low__12c_delay_6m:2027Q1; data/current_revenue_outlook/revenue_chart_rows.csv:middle_east_low__12c_delay_6m:2027Q2; scenario_inputs/scenario_input_wide.parquet:PED:population (2026Q3; 2026Q4; 2027Q1; 2027Q2); VFM 202405 Base uptake shares; MBU26 rate cells AB5; AB7; AB9,,,,,,,source_backed,PED__DIAGLAB__B__glsar__ylag1__ar1__wexp; dynamic_RESID_GBR_n150_d1_lr0.05_w36; HEAVY_RUC__VNEXT_SOLVED_CONVEX_TOP4,allocated Light BEV RUC km * MBU26 Light BEV effective rate,True,114.634116955081,-2.888028267587856,available,Model path,current_finalist_model,current_finalist_model,current_model_forecast,current_finalist_forecast,2026Q3; 2026Q4; 2027Q1; 2027Q2,,2026Q3; 2026Q4; 2027Q1; 2027Q2,False,diesel_elasticity_to_conventional_ice_only; bev_phev_activity_fixed_to_base,True,low_shifted_6m,delay_6m,0.9212658387203224
2027,FY2027,Current finalist High population/comparison,Current planned path,middle_east_low__12c_delay_6m,comparison,heavy_bev_ruc_net_revenue,Heavy BEV RUC net revenue,RUC,0.0,$m nominal ex GST,leaf,MBU26 official fixed component,annual_spine.csv,AB31,,,,,,,source_backed,,nan,False,0.0,0.0,available,Model path,current_finalist_model,current_finalist_model,current_model_forecast,current_finalist_forecast,2026Q3; 2026Q4; 2027Q1; 2027Q2,,2026Q3; 2026Q4; 2027Q1; 2027Q2,False,diesel_elasticity_to_conventional_ice_only; bev_phev_activity_fixed_to_base,True,low_shifted_6m,delay_6m,0.9212658387203224
2027,FY2027,Current finalist High population/comparison,Current planned path,middle_east_low__12c_delay_6m,comparison,phev_ruc_net_revenue,PHEV RUC net revenue,RUC,28.487023173248186,$m nominal ex GST,replacement_line,"raw AR(1) PED bridge and conventional-anchor VFM composition, scenario-input population and MBU26 effective rate",forecast_scenario_comparison.parquet; mbu26_official_annual.csv,data/current_revenue_outlook/revenue_chart_rows.csv:middle_east_low__12c_delay_6m:2026Q3; data/current_revenue_outlook/revenue_chart_rows.csv:middle_east_low__12c_delay_6m:2026Q4; data/current_revenue_outlook/revenue_chart_rows.csv:middle_east_low__12c_delay_6m:2027Q1; data/current_revenue_outlook/revenue_chart_rows.csv:middle_east_low__12c_delay_6m:2027Q2; data/current_revenue_outlook/revenue_chart_rows.csv:middle_east_low__12c_delay_6m:2026Q3; data/current_revenue_outlook/revenue_chart_rows.csv:middle_east_low__12c_delay_6m:2026Q4; data/current_revenue_outlook/revenue_chart_rows.csv:middle_east_low__12c_delay_6m:2027Q1; data/current_revenue_outlook/revenue_chart_rows.csv:middle_east_low__12c_delay_6m:2027Q2; scenario_inputs/scenario_input_wide.parquet:PED:population (2026Q3; 2026Q4; 2027Q1; 2027Q2); VFM 202405 Base uptake shares; MBU26 rate cells AB5; AB7; AB9,,,,,,,source_backed,PED__DIAGLAB__B__glsar__ylag1__ar1__wexp; dynamic_RESID_GBR_n150_d1_lr0.05_w36; HEAVY_RUC__VNEXT_SOLVED_CONVEX_TOP4,allocated PHEV RUC km * MBU26 PHEV effective rate,True,31.7081862571269,-0.9564760491681277,available,Model path,current_finalist_model,current_finalist_model,current_model_forecast,current_finalist_forecast,2026Q3; 2026Q4; 2027Q1; 2027Q2,,2026Q3; 2026Q4; 2027Q1; 2027Q2,False,diesel_elasticity_to_conventional_ice_only; bev_phev_activity_fixed_to_base,True,low_shifted_6m,delay_6m,0.9212658387203224
2027,FY2027,Current finalist High population/comparison,Current planned path,middle_east_low__12c_delay_6m,comparison,ruc_refunds,RUC refunds,RUC,78.1187556293993,$m nominal ex GST,deduction,MBU26 official fixed component,annual_spine.csv,AB33,,,,,,,source_backed,,nan,False,78.1187556293993,0.0,available,Model path,current_finalist_model,current_finalist_model,current_model_forecast,current_finalist_forecast,2026Q3; 2026Q4; 2027Q1; 2027Q2,,2026Q3; 2026Q4; 2027Q1; 2027Q2,False,,False,low_shifted_6m,delay_6m,0.9212658387203224
2027,FY2027,Current finalist High population/comparison,Current planned path,middle_east_low__12c_delay_6m,comparison,gross_ruc_revenue,Gross RUC revenue,RUC,2206.655844264673,$m nominal ex GST,calculated_rollup,current_hybrid_formula,current_hybrid_formula,current_revenue_outlook:middle_east_low__12c_delay_6m:FY2027,,,,,,,source_backed,,optimized light_ruc_net_revenue + heavy_ruc_net_revenue + optimized light_bev_ruc_net_revenue + MBU26 heavy_bev_ruc_net_revenue + optimized phev_ruc_net_revenue + MBU26 ruc_refunds,False,2405.96768954745,-18.187921965678925,available,Model path,current_finalist_model,current_finalist_model,current_model_forecast,current_finalist_forecast,2026Q3; 2026Q4; 2027Q1; 2027Q2,,2026Q3; 2026Q4; 2027Q1; 2027Q2,False,,False,low_shifted_6m,delay_6m,0.9212658387203224
2027,FY2027,Current finalist High population/comparison,Current planned path,middle_east_low__12c_delay_6m,comparison,ruc_admin_revenue,RUC admin revenue,RUC,34.8931365028412,$m nominal ex GST,deduction,MBU26 official fixed component,annual_spine.csv,AB35,,,,,,,source_backed,,nan,False,34.8931365028412,0.0,available,Model path,current_finalist_model,current_finalist_model,current_model_forecast,current_finalist_forecast,2026Q3; 2026Q4; 2027Q1; 2027Q2,,2026Q3; 2026Q4; 2027Q1; 2027Q2,False,,False,low_shifted_6m,delay_6m,0.9212658387203224
2027,FY2027,Current finalist High population/comparison,Current planned path,middle_east_low__12c_delay_6m,comparison,ruc_revenue_net_admin,RUC revenues net of admin fees,RUC,2171.7627077618317,$m nominal ex GST,calculated_rollup,current_hybrid_formula,current_hybrid_formula,current_revenue_outlook:middle_east_low__12c_delay_6m:FY2027,,,,,,,source_backed,,gross_ruc_revenue - MBU26 ruc_admin_revenue,False,2371.07455304461,-18.18792196568029,available,Model path,current_finalist_model,current_finalist_model,current_model_forecast,current_finalist_forecast,2026Q3; 2026Q4; 2027Q1; 2027Q2,,2026Q3; 2026Q4; 2027Q1; 2027Q2,False,,False,low_shifted_6m,delay_6m,0.9212658387203224
2027,FY2027,Current finalist High population/comparison,Current planned path,middle_east_low__12c_delay_6m,comparison,total_ruc_net_revenue,Total RUC all classes,RUC,2093.6439521324323,$m nominal ex GST,calculated_rollup,current_hybrid_formula,current_hybrid_formula,current_revenue_outlook:middle_east_low__12c_delay_6m:FY2027,,,,,,,source_backed,PED__DIAGLAB__B__glsar__ylag1__ar1__wexp; dynamic_RESID_GBR_n150_d1_lr0.05_w36; HEAVY_RUC__VNEXT_SOLVED_CONVEX_TOP4,ruc_revenue_net_admin - MBU26 ruc_refunds,False,2292.95579741521,-18.18792196567938,available,Model path,current_finalist_model,current_finalist_model,current_model_forecast,current_finalist_forecast,2026Q3; 2026Q4; 2027Q1; 2027Q2,,2026Q3; 2026Q4; 2027Q1; 2027Q2,False,,False,low_shifted_6m,delay_6m,0.9212658387203224
2027,FY2027,Current finalist High population/comparison,Current planned path,middle_east_low__12c_delay_6m,comparison,gross_ped_revenue,PED revenue,FED,2034.624192531811,$m nominal ex GST,replacement_line,"raw AR(1) PED bridge and conventional-anchor VFM composition, scenario-input population and MBU26 effective rate; population_source=scenario_input_population",forecast_scenario_comparison.parquet; scenario_inputs/scenario_input_wide.parquet; mbu26_official_annual.csv,data/current_revenue_outlook/revenue_chart_rows.csv:middle_east_low__12c_delay_6m:2026Q3; data/current_revenue_outlook/revenue_chart_rows.csv:middle_east_low__12c_delay_6m:2026Q4; data/current_revenue_outlook/revenue_chart_rows.csv:middle_east_low__12c_delay_6m:2027Q1; data/current_revenue_outlook/revenue_chart_rows.csv:middle_east_low__12c_delay_6m:2027Q2; data/current_revenue_outlook/revenue_chart_rows.csv:middle_east_low__12c_delay_6m:2026Q3; data/current_revenue_outlook/revenue_chart_rows.csv:middle_east_low__12c_delay_6m:2026Q4; data/current_revenue_outlook/revenue_chart_rows.csv:middle_east_low__12c_delay_6m:2027Q1; data/current_revenue_outlook/revenue_chart_rows.csv:middle_east_low__12c_delay_6m:2027Q2; scenario_inputs/scenario_input_wide.parquet:PED:population (2026Q3; 2026Q4; 2027Q1; 2027Q2); VFM 202405 Base uptake shares; MBU26 rate cells AB5; AB7; AB9,forecast_scenario_comparison.parquet,data/current_revenue_outlook/revenue_chart_rows.csv:middle_east_low__12c_delay_6m:2026Q3; data/current_revenue_outlook/revenue_chart_rows.csv:middle_east_low__12c_delay_6m:2026Q4; data/current_revenue_outlook/revenue_chart_rows.csv:middle_east_low__12c_delay_6m:2027Q1; data/current_revenue_outlook/revenue_chart_rows.csv:middle_east_low__12c_delay_6m:2027Q2,current_finalist_model,scenario_inputs/scenario_input_wide.parquet,scenario_inputs/scenario_input_wide.parquet:PED:population (2026Q3; 2026Q4; 2027Q1; 2027Q2),scenario_input_population,source_backed,PED__DIAGLAB__B__glsar__ylag1__ar1__wexp,raw PED/light-petrol VKT * MBU26 litres intensity / 100 * MBU26 PED rate,True,2161.50124126958,47.00808038071682,available,Model path,current_finalist_model,current_finalist_model,current_model_forecast,current_finalist_forecast,2026Q3; 2026Q4; 2027Q1; 2027Q2,,2026Q3; 2026Q4; 2027Q1; 2027Q2,False,,False,low_shifted_6m,delay_6m,0.9212658387203224
2027,FY2027,Current finalist High population/comparison,Current planned path,middle_east_low__12c_delay_6m,comparison,gross_lpg_revenue,Gross LPG revenue,FED,42.6326898203412,$m nominal ex GST,leaf,MBU26 official fixed component,annual_spine.csv,AB41,,,,,,,source_backed,,nan,False,42.6326898203412,0.0,available,Model path,current_finalist_model,current_finalist_model,current_model_forecast,current_finalist_forecast,2026Q3; 2026Q4; 2027Q1; 2027Q2,,2026Q3; 2026Q4; 2027Q1; 2027Q2,False,,False,low_shifted_6m,delay_6m,0.9212658387203224
2027,FY2027,Current finalist High population/comparison,Current planned path,middle_east_low__12c_delay_6m,comparison,gross_cng_revenue,Gross CNG revenue,FED,0.0,$m nominal ex GST,leaf,MBU26 official fixed component,annual_spine.csv,AB42,,,,,,,source_backed,,nan,False,0.0,0.0,available,Model path,current_finalist_model,current_finalist_model,current_model_forecast,current_finalist_forecast,2026Q3; 2026Q4; 2027Q1; 2027Q2,,2026Q3; 2026Q4; 2027Q1; 2027Q2,False,,False,low_shifted_6m,delay_6m,0.9212658387203224
2027,FY2027,Current finalist High population/comparison,Current planned path,middle_east_low__12c_delay_6m,comparison,gross_fed_revenue,Gross FED revenue,FED,2077.2568823521524,$m nominal ex GST,calculated_rollup,current_hybrid_formula,current_hybrid_formula,current_revenue_outlook:middle_east_low__12c_delay_6m:FY2027,,,,,,,source_backed,PED__DIAGLAB__B__glsar__ylag1__ar1__wexp,gross_ped_revenue + MBU26 gross_lpg_revenue + MBU26 gross_cng_revenue,False,2204.13393108992,47.00808038071773,available,Model path,current_finalist_model,current_finalist_model,current_model_forecast,current_finalist_forecast,2026Q3; 2026Q4; 2027Q1; 2027Q2,,2026Q3; 2026Q4; 2027Q1; 2027Q2,False,,False,low_shifted_6m,delay_6m,0.9212658387203224
2027,FY2027,Current finalist High population/comparison,Current planned path,middle_east_low__12c_delay_6m,comparison,fed_refunds,FED refunds,FED,80.6529606896518,$m nominal ex GST,deduction,MBU26 official fixed component,annual_spine.csv,AB44,,,,,,,source_backed,,nan,False,80.6529606896518,0.0,available,Model path,current_finalist_model,current_finalist_model,current_model_forecast,current_finalist_forecast,2026Q3; 2026Q4; 2027Q1; 2027Q2,,2026Q3; 2026Q4; 2027Q1; 2027Q2,False,,False,low_shifted_6m,delay_6m,0.9212658387203224
2027,FY2027,Current finalist High population/comparison,Current planned path,middle_east_low__12c_delay_6m,comparison,net_fed_revenue,Net FED revenue,FED,1996.6039216625006,$m nominal ex GST,calculated_rollup,current_hybrid_formula,current_hybrid_formula,current_revenue_outlook:middle_east_low__12c_delay_6m:FY2027,,,,,,,source_backed,PED__DIAGLAB__B__glsar__ylag1__ar1__wexp,gross_fed_revenue - MBU26 fed_refunds,False,2123.48097040027,47.00808038071591,available,Model path,current_finalist_model,current_finalist_model,current_model_forecast,current_finalist_forecast,2026Q3; 2026Q4; 2027Q1; 2027Q2,,2026Q3; 2026Q4; 2027Q1; 2027Q2,False,,False,low_shifted_6m,delay_6m,0.9212658387203224
2027,FY2027,Current finalist High population/comparison,Current planned path,middle_east_low__12c_delay_6m,comparison,mr1_revenue,MR1 revenue,MVR,526.840027334863,$m nominal ex GST,leaf,MBU26 official fixed component,annual_spine.csv,AB48,,,,,,,source_backed,,nan,False,526.840027334863,0.0,available,Model path,current_finalist_model,current_finalist_model,current_model_forecast,current_finalist_forecast,2026Q3; 2026Q4; 2027Q1; 2027Q2,,2026Q3; 2026Q4; 2027Q1; 2027Q2,False,,False,low_shifted_6m,delay_6m,0.9212658387203224
2027,FY2027,Current finalist High population/comparison,Current planned path,middle_east_low__12c_delay_6m,comparison,mr2_revenue,MR2 revenue,MVR,31.3601498274909,$m nominal ex GST,leaf,MBU26 official fixed component,annual_spine.csv,AB49,,,,,,,source_backed,,nan,False,31.3601498274909,0.0,available,Model path,current_finalist_model,current_finalist_model,current_model_forecast,current_finalist_forecast,2026Q3; 2026Q4; 2027Q1; 2027Q2,,2026Q3; 2026Q4; 2027Q1; 2027Q2,False,,False,low_shifted_6m,delay_6m,0.9212658387203224
2027,FY2027,Current finalist High population/comparison,Current planned path,middle_east_low__12c_delay_6m,comparison,coo_revenue,MR13,MVR,0.0,$m nominal ex GST,deduction,MBU26 official fixed component,annual_spine.csv,AB50,,,,,,,source_backed,,nan,False,0.0,0.0,available,Model path,current_finalist_model,current_finalist_model,current_model_forecast,current_finalist_forecast,2026Q3; 2026Q4; 2027Q1; 2027Q2,,2026Q3; 2026Q4; 2027Q1; 2027Q2,False,,False,low_shifted_6m,delay_6m,0.9212658387203224
2027,FY2027,Current finalist High population/comparison,Current planned path,middle_east_low__12c_delay_6m,comparison,gross_mvr_revenue,Gross MVR revenue,MVR,558.2001771623538,$m nominal ex GST,calculated_rollup,MBU26 official formula,mbu26_official_annual.csv,AB51,,,,,,,source_backed,,mr1_revenue + mr2_revenue + coo_revenue,False,558.200177162354,-1.1368683772161603e-13,available,Model path,current_finalist_model,current_finalist_model,current_model_forecast,current_finalist_forecast,2026Q3; 2026Q4; 2027Q1; 2027Q2,,2026Q3; 2026Q4; 2027Q1; 2027Q2,False,,False,low_shifted_6m,delay_6m,0.9212658387203224
2027,FY2027,Current finalist High population/comparison,Current planned path,middle_east_low__12c_delay_6m,comparison,mvr_admin_revenue,MVR admin revenue,MVR,72.2584767411959,$m nominal ex GST,deduction,MBU26 official fixed component,annual_spine.csv,AB52,,,,,,,source_backed,,nan,False,72.2584767411959,0.0,available,Model path,current_finalist_model,current_finalist_model,current_model_forecast,current_finalist_forecast,2026Q3; 2026Q4; 2027Q1; 2027Q2,,2026Q3; 2026Q4; 2027Q1; 2027Q2,False,,False,low_shifted_6m,delay_6m,0.9212658387203224
2027,FY2027,Current finalist High population/comparison,Current planned path,middle_east_low__12c_delay_6m,comparison,mvr_revenue_net_admin_coo,MVR revenues net of admin fees and COO,MVR,485.941700421158,$m nominal ex GST,calculated_rollup,MBU26 official formula,mbu26_official_annual.csv,AB53,,,,,,,source_backed,,mr1_revenue + mr2_revenue - mvr_admin_revenue,False,485.941700421158,-5.684341886080802e-14,available,Model path,current_finalist_model,current_finalist_model,current_model_forecast,current_finalist_forecast,2026Q3; 2026Q4; 2027Q1; 2027Q2,,2026Q3; 2026Q4; 2027Q1; 2027Q2,False,,False,low_shifted_6m,delay_6m,0.9212658387203224
2027,FY2027,Current finalist High population/comparison,Current planned path,middle_east_low__12c_delay_6m,comparison,mvr_refunds,MVR refunds,MVR,1.8947102491513,$m nominal ex GST,deduction,MBU26 official fixed component,annual_spine.csv,AB54,,,,,,,source_backed,,nan,False,1.8947102491513,0.0,available,Model path,current_finalist_model,current_finalist_model,current_model_forecast,current_finalist_forecast,2026Q3; 2026Q4; 2027Q1; 2027Q2,,2026Q3; 2026Q4; 2027Q1; 2027Q2,False,,False,low_shifted_6m,delay_6m,0.9212658387203224
2027,FY2027,Current finalist High population/comparison,Current planned path,middle_east_low__12c_delay_6m,comparison,net_mvr_revenue,Net MVR revenue,MVR,484.0469901720067,$m nominal ex GST,calculated_rollup,MBU26 official formula,mbu26_official_annual.csv,AB55,,,,,,,source_backed,,mvr_revenue_net_admin_coo - mvr_refunds,False,484.046990172007,-3.410605131648481e-13,available,Model path,current_finalist_model,current_finalist_model,current_model_forecast,current_finalist_forecast,2026Q3; 2026Q4; 2027Q1; 2027Q2,,2026Q3; 2026Q4; 2027Q1; 2027Q2,False,,False,low_shifted_6m,delay_6m,0.9212658387203224
2027,FY2027,Current finalist High population/comparison,Current planned path,middle_east_low__12c_delay_6m,comparison,tuc_net_revenue,TUC net revenue,TUC,17.5578996928248,$m nominal ex GST,leaf,MBU26 official fixed component,annual_spine.csv,AB58,,,,,,,source_backed,,nan,False,17.5578996928248,0.0,available,Model path,current_finalist_model,current_finalist_model,current_model_forecast,current_finalist_forecast,2026Q3; 2026Q4; 2027Q1; 2027Q2,,2026Q3; 2026Q4; 2027Q1; 2027Q2,False,,False,low_shifted_6m,delay_6m,0.9212658387203224
2027,FY2027,Current finalist High population/comparison,Current planned path,middle_east_low__12c_delay_6m,comparison,total_gross_revenue,Total gross revenues,Totals,4859.670803472004,$m nominal ex GST,calculated_rollup,current_hybrid_formula,current_hybrid_formula,current_revenue_outlook:middle_east_low__12c_delay_6m:FY2027,,,,,,,source_backed,,gross_ruc_revenue + gross_fed_revenue + gross_mvr_revenue + tuc_net_revenue,False,5185.85969749254,28.820158415047445,available,Model path,current_finalist_model,current_finalist_model,current_model_forecast,current_finalist_forecast,2026Q3; 2026Q4; 2027Q1; 2027Q2,,2026Q3; 2026Q4; 2027Q1; 2027Q2,False,,False,low_shifted_6m,delay_6m,0.9212658387203224
2027,FY2027,Current finalist High population/comparison,Current planned path,middle_east_low__12c_delay_6m,comparison,total_admin_fees,Total admin fees,Totals,107.15161324403711,$m nominal ex GST,calculated_rollup,current_hybrid_formula,current_hybrid_formula,current_revenue_outlook:middle_east_low__12c_delay_6m:FY2027,,,,,,,source_backed,,ruc_admin_revenue + mvr_admin_revenue + coo_revenue,False,107.151613244037,1.1368683772161603e-13,available,Model path,current_finalist_model,current_finalist_model,current_model_forecast,current_finalist_forecast,2026Q3; 2026Q4; 2027Q1; 2027Q2,,2026Q3; 2026Q4; 2027Q1; 2027Q2,False,,False,low_shifted_6m,delay_6m,0.9212658387203224
2027,FY2027,Current finalist High population/comparison,Current planned path,middle_east_low__12c_delay_6m,comparison,total_revenue_net_admin,Total revenues net of admin fees,Totals,4752.519190227967,$m nominal ex GST,calculated_rollup,current_hybrid_formula,current_hybrid_formula,current_revenue_outlook:middle_east_low__12c_delay_6m:FY2027,,,,,,,source_backed,,total_gross_revenue - total_admin_fees,False,5078.70808424851,28.82015841504017,available,Model path,current_finalist_model,current_finalist_model,current_model_forecast,current_finalist_forecast,2026Q3; 2026Q4; 2027Q1; 2027Q2,,2026Q3; 2026Q4; 2027Q1; 2027Q2,False,,False,low_shifted_6m,delay_6m,0.9212658387203224
2027,FY2027,Current finalist High population/comparison,Current planned path,middle_east_low__12c_delay_6m,comparison,total_refunds,Total refunds,Totals,160.6664265682024,$m nominal ex GST,calculated_rollup,current_hybrid_formula,current_hybrid_formula,current_revenue_outlook:middle_east_low__12c_delay_6m:FY2027,,,,,,,source_backed,,ruc_refunds + fed_refunds + mvr_refunds,False,160.666426568202,3.979039320256561e-13,available,Model path,current_finalist_model,current_finalist_model,current_model_forecast,current_finalist_forecast,2026Q3; 2026Q4; 2027Q1; 2027Q2,,2026Q3; 2026Q4; 2027Q1; 2027Q2,False,,False,low_shifted_6m,delay_6m,0.9212658387203224
2027,FY2027,Current finalist High population/comparison,Current planned path,middle_east_low__12c_delay_6m,comparison,total_nltf_net_revenue,Total NLTF revenue,Totals,4591.852763659765,$m nominal ex GST,calculated_rollup,current_hybrid_formula,current_hybrid_formula,current_revenue_outlook:middle_east_low__12c_delay_6m:FY2027,,,,,,,source_backed,PED__DIAGLAB__B__glsar__ylag1__ar1__wexp; dynamic_RESID_GBR_n150_d1_lr0.05_w36; HEAVY_RUC__VNEXT_SOLVED_CONVEX_TOP4,total_revenue_net_admin - total_refunds,False,4918.0416576803,28.820158415048354,available,Model path,current_finalist_model,current_finalist_model,current_model_forecast,current_finalist_forecast,2026Q3; 2026Q4; 2027Q1; 2027Q2,,2026Q3; 2026Q4; 2027Q1; 2027Q2,False,,False,low_shifted_6m,delay_6m,0.9212658387203224
2027,FY2027,Current finalist High population/comparison,Current planned path,middle_east_low__12c_delay_6m,comparison,current_light_ruc_conventional_modelled_km,Current finalist Light RUC conventional modelled km,Key volumes,12827.084056742782,million km,audit_only,current_finalist_model_conventional_light_ruc_forecast,forecast_scenario_comparison.parquet,data/current_revenue_outlook/revenue_chart_rows.csv:middle_east_low__12c_delay_6m:2026Q3; data/current_revenue_outlook/revenue_chart_rows.csv:middle_east_low__12c_delay_6m:2026Q4; data/current_revenue_outlook/revenue_chart_rows.csv:middle_east_low__12c_delay_6m:2027Q1; data/current_revenue_outlook/revenue_chart_rows.csv:middle_east_low__12c_delay_6m:2027Q2,,,,,,,source_backed,dynamic_RESID_GBR_n150_d1_lr0.05_w36,sum quarterly current finalist Light RUC conventional model forecast,False,,,available,Model path,current_finalist_model,current_finalist_model,current_model_forecast,current_finalist_forecast,2026Q3; 2026Q4; 2027Q1; 2027Q2,,2026Q3; 2026Q4; 2027Q1; 2027Q2,False,diesel_elasticity_to_conventional_ice_only; bev_phev_activity_fixed_to_base,True,low_shifted_6m,delay_6m,0.9212658387203224
2027,FY2027,Current finalist High population/comparison,Current planned path,middle_east_low__12c_delay_6m,comparison,total_fed_ruc_net_revenue,Total RUC+PED revenue,Derived totals,4090.247873794933,$m nominal ex GST,calculated_rollup,current_hybrid_formula,current_hybrid_formula,current_revenue_outlook:middle_east_low__12c_delay_6m:FY2027,,,,,,,source_backed,PED__DIAGLAB__B__glsar__ylag1__ar1__wexp; dynamic_RESID_GBR_n150_d1_lr0.05_w36; HEAVY_RUC__VNEXT_SOLVED_CONVEX_TOP4,net_fed_revenue + total_ruc_net_revenue,False,4416.43676781548,28.82015841503653,available,Model path,current_finalist_model,current_finalist_model,current_model_forecast,current_finalist_forecast,2026Q3; 2026Q4; 2027Q1; 2027Q2,,2026Q3; 2026Q4; 2027Q1; 2027Q2,False,,False,low_shifted_6m,delay_6m,0.9212658387203224
2028,FY2028,Current finalist High population/comparison,Current planned path,middle_east_low__12c_delay_6m,comparison,light_ruc_net_km,Light RUC net km,Key volumes,13542.195255933106,million km,bridge_input,raw AR(1) PED VKT per capita x scenario-input population; raw Light RUC conventional model forecast expanded by MoT VFM 202405 Base uptake shares (conventional_anchor_vfm_composition_v1),forecast_scenario_comparison.parquet; mbu26_official_annual.csv,data/current_revenue_outlook/revenue_chart_rows.csv:middle_east_low__12c_delay_6m:2027Q3; data/current_revenue_outlook/revenue_chart_rows.csv:middle_east_low__12c_delay_6m:2027Q4; data/current_revenue_outlook/revenue_chart_rows.csv:middle_east_low__12c_delay_6m:2028Q1; data/current_revenue_outlook/revenue_chart_rows.csv:middle_east_low__12c_delay_6m:2028Q2; data/current_revenue_outlook/revenue_chart_rows.csv:middle_east_low__12c_delay_6m:2027Q3; data/current_revenue_outlook/revenue_chart_rows.csv:middle_east_low__12c_delay_6m:2027Q4; data/current_revenue_outlook/revenue_chart_rows.csv:middle_east_low__12c_delay_6m:2028Q1; data/current_revenue_outlook/revenue_chart_rows.csv:middle_east_low__12c_delay_6m:2028Q2; scenario_inputs/scenario_input_wide.parquet:PED:population (2027Q3; 2027Q4; 2028Q1; 2028Q2); VFM 202405 Base uptake shares; MBU26 rate cells AC5; AC7; AC9,,,,,,,source_backed,dynamic_RESID_GBR_n150_d1_lr0.05_w36,raw Light RUC conventional model forecast (preserved exactly under the Base uptake basis),False,13232.0139233986,310.18133253450833,available,Model path,current_finalist_model,current_finalist_model,current_model_forecast,current_finalist_forecast,2027Q3; 2027Q4; 2028Q1; 2028Q2,,2027Q3; 2027Q4; 2028Q1; 2028Q2,False,diesel_elasticity_to_conventional_ice_only; bev_phev_activity_fixed_to_base,True,low_shifted_6m,delay_6m,1.0
2028,FY2028,Current finalist High population/comparison,Current planned path,middle_east_low__12c_delay_6m,comparison,heavy_ruc_net_km,Heavy RUC net km,Key volumes,4153.274595045411,million km,bridge_input,current_finalist_model,forecast_scenario_comparison.parquet,data/current_revenue_outlook/revenue_chart_rows.csv:middle_east_low__12c_delay_6m:2027Q3; data/current_revenue_outlook/revenue_chart_rows.csv:middle_east_low__12c_delay_6m:2027Q4; data/current_revenue_outlook/revenue_chart_rows.csv:middle_east_low__12c_delay_6m:2028Q1; data/current_revenue_outlook/revenue_chart_rows.csv:middle_east_low__12c_delay_6m:2028Q2,,,,,,,source_backed,HEAVY_RUC__VNEXT_SOLVED_CONVEX_TOP4,sum quarterly current finalist Heavy RUC net km,False,4316.6483901476,-163.37379510218943,available,Model path,current_finalist_model,current_finalist_model,current_model_forecast,current_finalist_forecast,2027Q3; 2027Q4; 2028Q1; 2028Q2,,2027Q3; 2027Q4; 2028Q1; 2028Q2,False,,False,low_shifted_6m,delay_6m,1.0
2028,FY2028,Current finalist High population/comparison,Current planned path,middle_east_low__12c_delay_6m,comparison,light_bev_ruc_net_km,Light BEV RUC net km,Key volumes,2047.1005382667586,million km,bridge_input,raw AR(1) PED VKT per capita x scenario-input population; raw Light RUC conventional model forecast expanded by MoT VFM 202405 Base uptake shares (conventional_anchor_vfm_composition_v1),forecast_scenario_comparison.parquet; mbu26_official_annual.csv,data/current_revenue_outlook/revenue_chart_rows.csv:middle_east_low__12c_delay_6m:2027Q3; data/current_revenue_outlook/revenue_chart_rows.csv:middle_east_low__12c_delay_6m:2027Q4; data/current_revenue_outlook/revenue_chart_rows.csv:middle_east_low__12c_delay_6m:2028Q1; data/current_revenue_outlook/revenue_chart_rows.csv:middle_east_low__12c_delay_6m:2028Q2; data/current_revenue_outlook/revenue_chart_rows.csv:middle_east_low__12c_delay_6m:2027Q3; data/current_revenue_outlook/revenue_chart_rows.csv:middle_east_low__12c_delay_6m:2027Q4; data/current_revenue_outlook/revenue_chart_rows.csv:middle_east_low__12c_delay_6m:2028Q1; data/current_revenue_outlook/revenue_chart_rows.csv:middle_east_low__12c_delay_6m:2028Q2; scenario_inputs/scenario_input_wide.parquet:PED:population (2027Q3; 2027Q4; 2028Q1; 2028Q2); VFM 202405 Base uptake shares; MBU26 rate cells AC5; AC7; AC9,,,,,,,source_backed,PED__DIAGLAB__B__glsar__ylag1__ar1__wexp; dynamic_RESID_GBR_n150_d1_lr0.05_w36; HEAVY_RUC__VNEXT_SOLVED_CONVEX_TOP4,base pool (conventional / VFM Base conventional share) * VFM Base Light BEV share,False,1989.37597979678,57.72455846997855,available,Model path,current_finalist_model,current_finalist_model,current_model_forecast,current_finalist_forecast,2027Q3; 2027Q4; 2028Q1; 2028Q2,,2027Q3; 2027Q4; 2028Q1; 2028Q2,False,diesel_elasticity_to_conventional_ice_only; bev_phev_activity_fixed_to_base,True,low_shifted_6m,delay_6m,1.0
2028,FY2028,Current finalist High population/comparison,Current planned path,middle_east_low__12c_delay_6m,comparison,heavy_bev_ruc_net_km,Heavy BEV RUC net km,Key volumes,60.5044362657779,million km,bridge_input,MBU26 official fixed component,annual_spine.csv,AC8,,,,,,,source_backed,,nan,False,60.5044362657779,0.0,available,Model path,current_finalist_model,current_finalist_model,current_model_forecast,current_finalist_forecast,2027Q3; 2027Q4; 2028Q1; 2028Q2,,2027Q3; 2027Q4; 2028Q1; 2028Q2,False,diesel_elasticity_to_conventional_ice_only; bev_phev_activity_fixed_to_base,True,low_shifted_6m,delay_6m,1.0
2028,FY2028,Current finalist High population/comparison,Current planned path,middle_east_low__12c_delay_6m,comparison,phev_ruc_net_km,PHEV RUC net km,Key volumes,1140.5757203778505,million km,bridge_input,raw AR(1) PED VKT per capita x scenario-input population; raw Light RUC conventional model forecast expanded by MoT VFM 202405 Base uptake shares (conventional_anchor_vfm_composition_v1),forecast_scenario_comparison.parquet; mbu26_official_annual.csv,data/current_revenue_outlook/revenue_chart_rows.csv:middle_east_low__12c_delay_6m:2027Q3; data/current_revenue_outlook/revenue_chart_rows.csv:middle_east_low__12c_delay_6m:2027Q4; data/current_revenue_outlook/revenue_chart_rows.csv:middle_east_low__12c_delay_6m:2028Q1; data/current_revenue_outlook/revenue_chart_rows.csv:middle_east_low__12c_delay_6m:2028Q2; data/current_revenue_outlook/revenue_chart_rows.csv:middle_east_low__12c_delay_6m:2027Q3; data/current_revenue_outlook/revenue_chart_rows.csv:middle_east_low__12c_delay_6m:2027Q4; data/current_revenue_outlook/revenue_chart_rows.csv:middle_east_low__12c_delay_6m:2028Q1; data/current_revenue_outlook/revenue_chart_rows.csv:middle_east_low__12c_delay_6m:2028Q2; scenario_inputs/scenario_input_wide.parquet:PED:population (2027Q3; 2027Q4; 2028Q1; 2028Q2); VFM 202405 Base uptake shares; MBU26 rate cells AC5; AC7; AC9,,,,,,,source_backed,PED__DIAGLAB__B__glsar__ylag1__ar1__wexp; dynamic_RESID_GBR_n150_d1_lr0.05_w36; HEAVY_RUC__VNEXT_SOLVED_CONVEX_TOP4,base pool (conventional / VFM Base conventional share) * VFM Base PHEV share,False,1114.1399728797,26.435747498150477,available,Model path,current_finalist_model,current_finalist_model,current_model_forecast,current_finalist_forecast,2027Q3; 2027Q4; 2028Q1; 2028Q2,,2027Q3; 2027Q4; 2028Q1; 2028Q2,False,diesel_elasticity_to_conventional_ice_only; bev_phev_activity_fixed_to_base,True,low_shifted_6m,delay_6m,1.0
2028,FY2028,Current finalist High population/comparison,Current planned path,middle_east_low__12c_delay_6m,comparison,ped_volume,PED volume,Key volumes,2891.724898424629,million litres,bridge_input,raw AR(1) PED VKT/capita + scenario-input population (scenario_input_population) + MBU26 intensity,forecast_scenario_comparison.parquet; scenario_inputs/scenario_input_wide.parquet; mbu26_official_annual.csv,data/current_revenue_outlook/revenue_chart_rows.csv:middle_east_low__12c_delay_6m:2027Q3; data/current_revenue_outlook/revenue_chart_rows.csv:middle_east_low__12c_delay_6m:2027Q4; data/current_revenue_outlook/revenue_chart_rows.csv:middle_east_low__12c_delay_6m:2028Q1; data/current_revenue_outlook/revenue_chart_rows.csv:middle_east_low__12c_delay_6m:2028Q2; data/current_revenue_outlook/revenue_chart_rows.csv:middle_east_low__12c_delay_6m:2027Q3; data/current_revenue_outlook/revenue_chart_rows.csv:middle_east_low__12c_delay_6m:2027Q4; data/current_revenue_outlook/revenue_chart_rows.csv:middle_east_low__12c_delay_6m:2028Q1; data/current_revenue_outlook/revenue_chart_rows.csv:middle_east_low__12c_delay_6m:2028Q2; scenario_inputs/scenario_input_wide.parquet:PED:population (2027Q3; 2027Q4; 2028Q1; 2028Q2); VFM 202405 Base uptake shares; MBU26 rate cells AC5; AC7; AC9,forecast_scenario_comparison.parquet,data/current_revenue_outlook/revenue_chart_rows.csv:middle_east_low__12c_delay_6m:2027Q3; data/current_revenue_outlook/revenue_chart_rows.csv:middle_east_low__12c_delay_6m:2027Q4; data/current_revenue_outlook/revenue_chart_rows.csv:middle_east_low__12c_delay_6m:2028Q1; data/current_revenue_outlook/revenue_chart_rows.csv:middle_east_low__12c_delay_6m:2028Q2,current_finalist_model,scenario_inputs/scenario_input_wide.parquet,scenario_inputs/scenario_input_wide.parquet:PED:population (2027Q3; 2027Q4; 2028Q1; 2028Q2),scenario_input_population,source_backed,PED__DIAGLAB__B__glsar__ylag1__ar1__wexp,raw PED/light-petrol VKT * MBU26 litres intensity / 100,False,2868.53356449197,23.191333932658836,available,Model path,current_finalist_model,current_finalist_model,current_model_forecast,current_finalist_forecast,2027Q3; 2027Q4; 2028Q1; 2028Q2,,2027Q3; 2027Q4; 2028Q1; 2028Q2,False,,False,low_shifted_6m,delay_6m,1.0
2028,FY2028,Current finalist High population/comparison,Current planned path,middle_east_low__12c_delay_6m,comparison,light_petrol_vkt,Light petrol VKT,Key volumes,32375.58680046918,million km,bridge_input,raw AR(1) PED VKT per capita x scenario-input population; raw Light RUC conventional model forecast expanded by MoT VFM 202405 Base uptake shares (conventional_anchor_vfm_composition_v1),forecast_scenario_comparison.parquet; mbu26_official_annual.csv,data/current_revenue_outlook/revenue_chart_rows.csv:middle_east_low__12c_delay_6m:2027Q3; data/current_revenue_outlook/revenue_chart_rows.csv:middle_east_low__12c_delay_6m:2027Q4; data/current_revenue_outlook/revenue_chart_rows.csv:middle_east_low__12c_delay_6m:2028Q1; data/current_revenue_outlook/revenue_chart_rows.csv:middle_east_low__12c_delay_6m:2028Q2; data/current_revenue_outlook/revenue_chart_rows.csv:middle_east_low__12c_delay_6m:2027Q3; data/current_revenue_outlook/revenue_chart_rows.csv:middle_east_low__12c_delay_6m:2027Q4; data/current_revenue_outlook/revenue_chart_rows.csv:middle_east_low__12c_delay_6m:2028Q1; data/current_revenue_outlook/revenue_chart_rows.csv:middle_east_low__12c_delay_6m:2028Q2; scenario_inputs/scenario_input_wide.parquet:PED:population (2027Q3; 2027Q4; 2028Q1; 2028Q2); VFM 202405 Base uptake shares; MBU26 rate cells AC5; AC7; AC9,forecast_scenario_comparison.parquet,data/current_revenue_outlook/revenue_chart_rows.csv:middle_east_low__12c_delay_6m:2027Q3; data/current_revenue_outlook/revenue_chart_rows.csv:middle_east_low__12c_delay_6m:2027Q4; data/current_revenue_outlook/revenue_chart_rows.csv:middle_east_low__12c_delay_6m:2028Q1; data/current_revenue_outlook/revenue_chart_rows.csv:middle_east_low__12c_delay_6m:2028Q2,current_finalist_model,scenario_inputs/scenario_input_wide.parquet,scenario_inputs/scenario_input_wide.parquet:PED:population (2027Q3; 2027Q4; 2028Q1; 2028Q2),scenario_input_population,source_backed,,raw AR(1) PED VKT per capita * scenario-input population,False,32115.9379503436,259.6488501255808,available,Model path,current_finalist_model,current_finalist_model,current_model_forecast,current_finalist_forecast,2027Q3; 2027Q4; 2028Q1; 2028Q2,,2027Q3; 2027Q4; 2028Q1; 2028Q2,False,,False,low_shifted_6m,delay_6m,1.0
2028,FY2028,Current finalist High population/comparison,Current planned path,middle_east_low__12c_delay_6m,comparison,ped_vkt_per_capita,PED VKT per capita,Key volumes,5916.055674224163,km/person,bridge_input,current_finalist_model,forecast_scenario_comparison.parquet,data/current_revenue_outlook/revenue_chart_rows.csv:middle_east_low__12c_delay_6m:2027Q3; data/current_revenue_outlook/revenue_chart_rows.csv:middle_east_low__12c_delay_6m:2027Q4; data/current_revenue_outlook/revenue_chart_rows.csv:middle_east_low__12c_delay_6m:2028Q1; data/current_revenue_outlook/revenue_chart_rows.csv:middle_east_low__12c_delay_6m:2028Q2,forecast_scenario_comparison.parquet,data/current_revenue_outlook/revenue_chart_rows.csv:middle_east_low__12c_delay_6m:2027Q3; data/current_revenue_outlook/revenue_chart_rows.csv:middle_east_low__12c_delay_6m:2027Q4; data/current_revenue_outlook/revenue_chart_rows.csv:middle_east_low__12c_delay_6m:2028Q1; data/current_revenue_outlook/revenue_chart_rows.csv:middle_east_low__12c_delay_6m:2028Q2,current_finalist_model,,,,source_backed,PED__DIAGLAB__B__glsar__ylag1__ar1__wexp,sum quarterly current finalist PED VKT/capita,False,5866.51585550544,49.53981871872293,available,Model path,current_finalist_model,current_finalist_model,current_model_forecast,current_finalist_forecast,2027Q3; 2027Q4; 2028Q1; 2028Q2,,2027Q3; 2027Q4; 2028Q1; 2028Q2,False,,False,low_shifted_6m,delay_6m,1.0
2028,FY2028,Current finalist High population/comparison,Current planned path,middle_east_low__12c_delay_6m,comparison,tuc_gtk,TUC GTK,Key volumes,8179315222.66,tonne-km,bridge_input,MBU26 official fixed component,annual_spine.csv,AC13,,,,,,,source_backed,,nan,False,8179315222.66,0.0,available,Model path,current_finalist_model,current_finalist_model,current_model_forecast,current_finalist_forecast,2027Q3; 2027Q4; 2028Q1; 2028Q2,,2027Q3; 2027Q4; 2028Q1; 2028Q2,False,,False,low_shifted_6m,delay_6m,1.0
2028,FY2028,Current finalist High population/comparison,Current planned path,middle_east_low__12c_delay_6m,comparison,light_ruc_net_revenue,Light RUC revenue,RUC,1101.2931401325109,$m nominal ex GST,replacement_line,"raw AR(1) PED bridge and conventional-anchor VFM composition, scenario-input population and MBU26 effective rate",forecast_scenario_comparison.parquet; mbu26_official_annual.csv,data/current_revenue_outlook/revenue_chart_rows.csv:middle_east_low__12c_delay_6m:2027Q3; data/current_revenue_outlook/revenue_chart_rows.csv:middle_east_low__12c_delay_6m:2027Q4; data/current_revenue_outlook/revenue_chart_rows.csv:middle_east_low__12c_delay_6m:2028Q1; data/current_revenue_outlook/revenue_chart_rows.csv:middle_east_low__12c_delay_6m:2028Q2; data/current_revenue_outlook/revenue_chart_rows.csv:middle_east_low__12c_delay_6m:2027Q3; data/current_revenue_outlook/revenue_chart_rows.csv:middle_east_low__12c_delay_6m:2027Q4; data/current_revenue_outlook/revenue_chart_rows.csv:middle_east_low__12c_delay_6m:2028Q1; data/current_revenue_outlook/revenue_chart_rows.csv:middle_east_low__12c_delay_6m:2028Q2; scenario_inputs/scenario_input_wide.parquet:PED:population (2027Q3; 2027Q4; 2028Q1; 2028Q2); VFM 202405 Base uptake shares; MBU26 rate cells AC5; AC7; AC9,,,,,,,source_backed,dynamic_RESID_GBR_n150_d1_lr0.05_w36,conventional Light RUC km * MBU26 conventional Light effective rate,True,1076.06823624791,25.22490388460119,available,Model path,current_finalist_model,current_finalist_model,current_model_forecast,current_finalist_forecast,2027Q3; 2027Q4; 2028Q1; 2028Q2,,2027Q3; 2027Q4; 2028Q1; 2028Q2,False,diesel_elasticity_to_conventional_ice_only; bev_phev_activity_fixed_to_base,True,low_shifted_6m,delay_6m,1.0
2028,FY2028,Current finalist High population/comparison,Current planned path,middle_east_low__12c_delay_6m,comparison,heavy_ruc_net_revenue,Heavy RUC revenue,RUC,1386.5556415592898,$m nominal ex GST,replacement_line,current_finalist_model + MBU26 effective rate,forecast_scenario_comparison.parquet; mbu26_official_annual.csv,data/current_revenue_outlook/revenue_chart_rows.csv:middle_east_low__12c_delay_6m:2027Q3; data/current_revenue_outlook/revenue_chart_rows.csv:middle_east_low__12c_delay_6m:2027Q4; data/current_revenue_outlook/revenue_chart_rows.csv:middle_east_low__12c_delay_6m:2028Q1; data/current_revenue_outlook/revenue_chart_rows.csv:middle_east_low__12c_delay_6m:2028Q2,,,,,,,source_backed,HEAVY_RUC__VNEXT_SOLVED_CONVEX_TOP4,sum quarterly current Heavy RUC net km * MBU26 effective rate,True,1441.09738978661,-54.54174822732011,available,Model path,current_finalist_model,current_finalist_model,current_model_forecast,current_finalist_forecast,2027Q3; 2027Q4; 2028Q1; 2028Q2,,2027Q3; 2027Q4; 2028Q1; 2028Q2,False,,False,low_shifted_6m,delay_6m,1.0
2028,FY2028,Current finalist High population/comparison,Current planned path,middle_east_low__12c_delay_6m,comparison,light_bev_ruc_net_revenue,Light BEV RUC net revenue,RUC,166.53162878800077,$m nominal ex GST,replacement_line,"raw AR(1) PED bridge and conventional-anchor VFM composition, scenario-input population and MBU26 effective rate",forecast_scenario_comparison.parquet; mbu26_official_annual.csv,data/current_revenue_outlook/revenue_chart_rows.csv:middle_east_low__12c_delay_6m:2027Q3; data/current_revenue_outlook/revenue_chart_rows.csv:middle_east_low__12c_delay_6m:2027Q4; data/current_revenue_outlook/revenue_chart_rows.csv:middle_east_low__12c_delay_6m:2028Q1; data/current_revenue_outlook/revenue_chart_rows.csv:middle_east_low__12c_delay_6m:2028Q2; data/current_revenue_outlook/revenue_chart_rows.csv:middle_east_low__12c_delay_6m:2027Q3; data/current_revenue_outlook/revenue_chart_rows.csv:middle_east_low__12c_delay_6m:2027Q4; data/current_revenue_outlook/revenue_chart_rows.csv:middle_east_low__12c_delay_6m:2028Q1; data/current_revenue_outlook/revenue_chart_rows.csv:middle_east_low__12c_delay_6m:2028Q2; scenario_inputs/scenario_input_wide.parquet:PED:population (2027Q3; 2027Q4; 2028Q1; 2028Q2); VFM 202405 Base uptake shares; MBU26 rate cells AC5; AC7; AC9,,,,,,,source_backed,PED__DIAGLAB__B__glsar__ylag1__ar1__wexp; dynamic_RESID_GBR_n150_d1_lr0.05_w36; HEAVY_RUC__VNEXT_SOLVED_CONVEX_TOP4,allocated Light BEV RUC km * MBU26 Light BEV effective rate,True,161.835735956468,4.695892831532774,available,Model path,current_finalist_model,current_finalist_model,current_model_forecast,current_finalist_forecast,2027Q3; 2027Q4; 2028Q1; 2028Q2,,2027Q3; 2027Q4; 2028Q1; 2028Q2,False,diesel_elasticity_to_conventional_ice_only; bev_phev_activity_fixed_to_base,True,low_shifted_6m,delay_6m,1.0
2028,FY2028,Current finalist High population/comparison,Current planned path,middle_east_low__12c_delay_6m,comparison,heavy_bev_ruc_net_revenue,Heavy BEV RUC net revenue,RUC,20.2030363135059,$m nominal ex GST,leaf,MBU26 official fixed component,annual_spine.csv,AC31,,,,,,,source_backed,,nan,False,20.2030363135059,0.0,available,Model path,current_finalist_model,current_finalist_model,current_model_forecast,current_finalist_forecast,2027Q3; 2027Q4; 2028Q1; 2028Q2,,2027Q3; 2027Q4; 2028Q1; 2028Q2,False,diesel_elasticity_to_conventional_ice_only; bev_phev_activity_fixed_to_base,True,low_shifted_6m,delay_6m,1.0
2028,FY2028,Current finalist High population/comparison,Current planned path,middle_east_low__12c_delay_6m,comparison,phev_ruc_net_revenue,PHEV RUC net revenue,RUC,45.75419502295762,$m nominal ex GST,replacement_line,"raw AR(1) PED bridge and conventional-anchor VFM composition, scenario-input population and MBU26 effective rate",forecast_scenario_comparison.parquet; mbu26_official_annual.csv,data/current_revenue_outlook/revenue_chart_rows.csv:middle_east_low__12c_delay_6m:2027Q3; data/current_revenue_outlook/revenue_chart_rows.csv:middle_east_low__12c_delay_6m:2027Q4; data/current_revenue_outlook/revenue_chart_rows.csv:middle_east_low__12c_delay_6m:2028Q1; data/current_revenue_outlook/revenue_chart_rows.csv:middle_east_low__12c_delay_6m:2028Q2; data/current_revenue_outlook/revenue_chart_rows.csv:middle_east_low__12c_delay_6m:2027Q3; data/current_revenue_outlook/revenue_chart_rows.csv:middle_east_low__12c_delay_6m:2027Q4; data/current_revenue_outlook/revenue_chart_rows.csv:middle_east_low__12c_delay_6m:2028Q1; data/current_revenue_outlook/revenue_chart_rows.csv:middle_east_low__12c_delay_6m:2028Q2; scenario_inputs/scenario_input_wide.parquet:PED:population (2027Q3; 2027Q4; 2028Q1; 2028Q2); VFM 202405 Base uptake shares; MBU26 rate cells AC5; AC7; AC9,,,,,,,source_backed,PED__DIAGLAB__B__glsar__ylag1__ar1__wexp; dynamic_RESID_GBR_n150_d1_lr0.05_w36; HEAVY_RUC__VNEXT_SOLVED_CONVEX_TOP4,allocated PHEV RUC km * MBU26 PHEV effective rate,True,44.6937250120693,1.0604700108883165,available,Model path,current_finalist_model,current_finalist_model,current_model_forecast,current_finalist_forecast,2027Q3; 2027Q4; 2028Q1; 2028Q2,,2027Q3; 2027Q4; 2028Q1; 2028Q2,False,diesel_elasticity_to_conventional_ice_only; bev_phev_activity_fixed_to_base,True,low_shifted_6m,delay_6m,1.0
2028,FY2028,Current finalist High population/comparison,Current planned path,middle_east_low__12c_delay_6m,comparison,ruc_refunds,RUC refunds,RUC,91.9223646926299,$m nominal ex GST,deduction,MBU26 official fixed component,annual_spine.csv,AC33,,,,,,,source_backed,,nan,False,91.9223646926299,0.0,available,Model path,current_finalist_model,current_finalist_model,current_model_forecast,current_finalist_forecast,2027Q3; 2027Q4; 2028Q1; 2028Q2,,2027Q3; 2027Q4; 2028Q1; 2028Q2,False,,False,low_shifted_6m,delay_6m,1.0
2028,FY2028,Current finalist High population/comparison,Current planned path,middle_east_low__12c_delay_6m,comparison,gross_ruc_revenue,Gross RUC revenue,RUC,2812.260006508895,$m nominal ex GST,calculated_rollup,current_hybrid_formula,current_hybrid_formula,current_revenue_outlook:middle_east_low__12c_delay_6m:FY2028,,,,,,,source_backed,,optimized light_ruc_net_revenue + heavy_ruc_net_revenue + optimized light_bev_ruc_net_revenue + MBU26 heavy_bev_ruc_net_revenue + optimized phev_ruc_net_revenue + MBU26 ruc_refunds,False,2836.28676167906,-24.02675517016496,available,Model path,current_finalist_model,current_finalist_model,current_model_forecast,current_finalist_forecast,2027Q3; 2027Q4; 2028Q1; 2028Q2,,2027Q3; 2027Q4; 2028Q1; 2028Q2,False,,False,low_shifted_6m,delay_6m,1.0
2028,FY2028,Current finalist High population/comparison,Current planned path,middle_east_low__12c_delay_6m,comparison,ruc_admin_revenue,RUC admin revenue,RUC,37.4493334490253,$m nominal ex GST,deduction,MBU26 official fixed component,annual_spine.csv,AC35,,,,,,,source_backed,,nan,False,37.4493334490253,0.0,available,Model path,current_finalist_model,current_finalist_model,current_model_forecast,current_finalist_forecast,2027Q3; 2027Q4; 2028Q1; 2028Q2,,2027Q3; 2027Q4; 2028Q1; 2028Q2,False,,False,low_shifted_6m,delay_6m,1.0
2028,FY2028,Current finalist High population/comparison,Current planned path,middle_east_low__12c_delay_6m,comparison,ruc_revenue_net_admin,RUC revenues net of admin fees,RUC,2774.8106730598697,$m nominal ex GST,calculated_rollup,current_hybrid_formula,current_hybrid_formula,current_revenue_outlook:middle_east_low__12c_delay_6m:FY2028,,,,,,,source_backed,,gross_ruc_revenue - MBU26 ruc_admin_revenue,False,2798.83742823004,-24.026755170170418,available,Model path,current_finalist_model,current_finalist_model,current_model_forecast,current_finalist_forecast,2027Q3; 2027Q4; 2028Q1; 2028Q2,,2027Q3; 2027Q4; 2028Q1; 2028Q2,False,,False,low_shifted_6m,delay_6m,1.0
2028,FY2028,Current finalist High population/comparison,Current planned path,middle_east_low__12c_delay_6m,comparison,total_ruc_net_revenue,Total RUC all classes,RUC,2682.88830836724,$m nominal ex GST,calculated_rollup,current_hybrid_formula,current_hybrid_formula,current_revenue_outlook:middle_east_low__12c_delay_6m:FY2028,,,,,,,source_backed,PED__DIAGLAB__B__glsar__ylag1__ar1__wexp; dynamic_RESID_GBR_n150_d1_lr0.05_w36; HEAVY_RUC__VNEXT_SOLVED_CONVEX_TOP4,ruc_revenue_net_admin - MBU26 ruc_refunds,False,2706.91506353741,-24.026755170169963,available,Model path,current_finalist_model,current_finalist_model,current_model_forecast,current_finalist_forecast,2027Q3; 2027Q4; 2028Q1; 2028Q2,,2027Q3; 2027Q4; 2028Q1; 2028Q2,False,,False,low_shifted_6m,delay_6m,1.0
2028,FY2028,Current finalist High population/comparison,Current planned path,middle_east_low__12c_delay_6m,comparison,gross_ped_revenue,PED revenue,FED,2458.3756522386057,$m nominal ex GST,replacement_line,"raw AR(1) PED bridge and conventional-anchor VFM composition, scenario-input population and MBU26 effective rate; population_source=scenario_input_population",forecast_scenario_comparison.parquet; scenario_inputs/scenario_input_wide.parquet; mbu26_official_annual.csv,data/current_revenue_outlook/revenue_chart_rows.csv:middle_east_low__12c_delay_6m:2027Q3; data/current_revenue_outlook/revenue_chart_rows.csv:middle_east_low__12c_delay_6m:2027Q4; data/current_revenue_outlook/revenue_chart_rows.csv:middle_east_low__12c_delay_6m:2028Q1; data/current_revenue_outlook/revenue_chart_rows.csv:middle_east_low__12c_delay_6m:2028Q2; data/current_revenue_outlook/revenue_chart_rows.csv:middle_east_low__12c_delay_6m:2027Q3; data/current_revenue_outlook/revenue_chart_rows.csv:middle_east_low__12c_delay_6m:2027Q4; data/current_revenue_outlook/revenue_chart_rows.csv:middle_east_low__12c_delay_6m:2028Q1; data/current_revenue_outlook/revenue_chart_rows.csv:middle_east_low__12c_delay_6m:2028Q2; scenario_inputs/scenario_input_wide.parquet:PED:population (2027Q3; 2027Q4; 2028Q1; 2028Q2); VFM 202405 Base uptake shares; MBU26 rate cells AC5; AC7; AC9,forecast_scenario_comparison.parquet,data/current_revenue_outlook/revenue_chart_rows.csv:middle_east_low__12c_delay_6m:2027Q3; data/current_revenue_outlook/revenue_chart_rows.csv:middle_east_low__12c_delay_6m:2027Q4; data/current_revenue_outlook/revenue_chart_rows.csv:middle_east_low__12c_delay_6m:2028Q1; data/current_revenue_outlook/revenue_chart_rows.csv:middle_east_low__12c_delay_6m:2028Q2,current_finalist_model,scenario_inputs/scenario_input_wide.parquet,scenario_inputs/scenario_input_wide.parquet:PED:population (2027Q3; 2027Q4; 2028Q1; 2028Q2),scenario_input_population,source_backed,PED__DIAGLAB__B__glsar__ylag1__ar1__wexp,raw PED/light-petrol VKT * MBU26 litres intensity / 100 * MBU26 PED rate,True,2438.6597343399,19.71591789870581,available,Model path,current_finalist_model,current_finalist_model,current_model_forecast,current_finalist_forecast,2027Q3; 2027Q4; 2028Q1; 2028Q2,,2027Q3; 2027Q4; 2028Q1; 2028Q2,False,,False,low_shifted_6m,delay_6m,1.0
2028,FY2028,Current finalist High population/comparison,Current planned path,middle_east_low__12c_delay_6m,comparison,gross_lpg_revenue,Gross LPG revenue,FED,42.8533768621873,$m nominal ex GST,leaf,MBU26 official fixed component,annual_spine.csv,AC41,,,,,,,source_backed,,nan,False,42.8533768621873,0.0,available,Model path,current_finalist_model,current_finalist_model,current_model_forecast,current_finalist_forecast,2027Q3; 2027Q4; 2028Q1; 2028Q2,,2027Q3; 2027Q4; 2028Q1; 2028Q2,False,,False,low_shifted_6m,delay_6m,1.0
2028,FY2028,Current finalist High population/comparison,Current planned path,middle_east_low__12c_delay_6m,comparison,gross_cng_revenue,Gross CNG revenue,FED,0.0,$m nominal ex GST,leaf,MBU26 official fixed component,annual_spine.csv,AC42,,,,,,,source_backed,,nan,False,0.0,0.0,available,Model path,current_finalist_model,current_finalist_model,current_model_forecast,current_finalist_forecast,2027Q3; 2027Q4; 2028Q1; 2028Q2,,2027Q3; 2027Q4; 2028Q1; 2028Q2,False,,False,low_shifted_6m,delay_6m,1.0
2028,FY2028,Current finalist High population/comparison,Current planned path,middle_east_low__12c_delay_6m,comparison,gross_fed_revenue,Gross FED revenue,FED,2501.229029100793,$m nominal ex GST,calculated_rollup,current_hybrid_formula,current_hybrid_formula,current_revenue_outlook:middle_east_low__12c_delay_6m:FY2028,,,,,,,source_backed,PED__DIAGLAB__B__glsar__ylag1__ar1__wexp,gross_ped_revenue + MBU26 gross_lpg_revenue + MBU26 gross_cng_revenue,False,2481.51311120209,19.715917898703083,available,Model path,current_finalist_model,current_finalist_model,current_model_forecast,current_finalist_forecast,2027Q3; 2027Q4; 2028Q1; 2028Q2,,2027Q3; 2027Q4; 2028Q1; 2028Q2,False,,False,low_shifted_6m,delay_6m,1.0
2028,FY2028,Current finalist High population/comparison,Current planned path,middle_east_low__12c_delay_6m,comparison,fed_refunds,FED refunds,FED,91.4673022517422,$m nominal ex GST,deduction,MBU26 official fixed component,annual_spine.csv,AC44,,,,,,,source_backed,,nan,False,91.4673022517422,0.0,available,Model path,current_finalist_model,current_finalist_model,current_model_forecast,current_finalist_forecast,2027Q3; 2027Q4; 2028Q1; 2028Q2,,2027Q3; 2027Q4; 2028Q1; 2028Q2,False,,False,low_shifted_6m,delay_6m,1.0
2028,FY2028,Current finalist High population/comparison,Current planned path,middle_east_low__12c_delay_6m,comparison,net_fed_revenue,Net FED revenue,FED,2409.761726849051,$m nominal ex GST,calculated_rollup,current_hybrid_formula,current_hybrid_formula,current_revenue_outlook:middle_east_low__12c_delay_6m:FY2028,,,,,,,source_backed,PED__DIAGLAB__B__glsar__ylag1__ar1__wexp,gross_fed_revenue - MBU26 fed_refunds,False,2390.04580895035,19.71591789870081,available,Model path,current_finalist_model,current_finalist_model,current_model_forecast,current_finalist_forecast,2027Q3; 2027Q4; 2028Q1; 2028Q2,,2027Q3; 2027Q4; 2028Q1; 2028Q2,False,,False,low_shifted_6m,delay_6m,1.0
2028,FY2028,Current finalist High population/comparison,Current planned path,middle_east_low__12c_delay_6m,comparison,mr1_revenue,MR1 revenue,MVR,532.414039464172,$m nominal ex GST,leaf,MBU26 official fixed component,annual_spine.csv,AC48,,,,,,,source_backed,,nan,False,532.414039464172,0.0,available,Model path,current_finalist_model,current_finalist_model,current_model_forecast,current_finalist_forecast,2027Q3; 2027Q4; 2028Q1; 2028Q2,,2027Q3; 2027Q4; 2028Q1; 2028Q2,False,,False,low_shifted_6m,delay_6m,1.0
2028,FY2028,Current finalist High population/comparison,Current planned path,middle_east_low__12c_delay_6m,comparison,mr2_revenue,MR2 revenue,MVR,31.6618683538461,$m nominal ex GST,leaf,MBU26 official fixed component,annual_spine.csv,AC49,,,,,,,source_backed,,nan,False,31.6618683538461,0.0,available,Model path,current_finalist_model,current_finalist_model,current_model_forecast,current_finalist_forecast,2027Q3; 2027Q4; 2028Q1; 2028Q2,,2027Q3; 2027Q4; 2028Q1; 2028Q2,False,,False,low_shifted_6m,delay_6m,1.0
2028,FY2028,Current finalist High population/comparison,Current planned path,middle_east_low__12c_delay_6m,comparison,coo_revenue,MR13,MVR,0.0,$m nominal ex GST,deduction,MBU26 official fixed component,annual_spine.csv,AC50,,,,,,,source_backed,,nan,False,0.0,0.0,available,Model path,current_finalist_model,current_finalist_model,current_model_forecast,current_finalist_forecast,2027Q3; 2027Q4; 2028Q1; 2028Q2,,2027Q3; 2027Q4; 2028Q1; 2028Q2,False,,False,low_shifted_6m,delay_6m,1.0
2028,FY2028,Current finalist High population/comparison,Current planned path,middle_east_low__12c_delay_6m,comparison,gross_mvr_revenue,Gross MVR revenue,MVR,564.0759078180181,$m nominal ex GST,calculated_rollup,MBU26 official formula,mbu26_official_annual.csv,AC51,,,,,,,source_backed,,mr1_revenue + mr2_revenue + coo_revenue,False,564.075907818018,1.1368683772161603e-13,available,Model path,current_finalist_model,current_finalist_model,current_model_forecast,current_finalist_forecast,2027Q3; 2027Q4; 2028Q1; 2028Q2,,2027Q3; 2027Q4; 2028Q1; 2028Q2,False,,False,low_shifted_6m,delay_6m,1.0
2028,FY2028,Current finalist High population/comparison,Current planned path,middle_east_low__12c_delay_6m,comparison,mvr_admin_revenue,MVR admin revenue,MVR,71.8861735118593,$m nominal ex GST,deduction,MBU26 official fixed component,annual_spine.csv,AC52,,,,,,,source_backed,,nan,False,71.8861735118593,0.0,available,Model path,current_finalist_model,current_finalist_model,current_model_forecast,current_finalist_forecast,2027Q3; 2027Q4; 2028Q1; 2028Q2,,2027Q3; 2027Q4; 2028Q1; 2028Q2,False,,False,low_shifted_6m,delay_6m,1.0
2028,FY2028,Current finalist High population/comparison,Current planned path,middle_east_low__12c_delay_6m,comparison,mvr_revenue_net_admin_coo,MVR revenues net of admin fees and COO,MVR,492.1897343061588,$m nominal ex GST,calculated_rollup,MBU26 official formula,mbu26_official_annual.csv,AC53,,,,,,,source_backed,,mr1_revenue + mr2_revenue - mvr_admin_revenue,False,492.189734306159,-1.7053025658242404e-13,available,Model path,current_finalist_model,current_finalist_model,current_model_forecast,current_finalist_forecast,2027Q3; 2027Q4; 2028Q1; 2028Q2,,2027Q3; 2027Q4; 2028Q1; 2028Q2,False,,False,low_shifted_6m,delay_6m,1.0
2028,FY2028,Current finalist High population/comparison,Current planned path,middle_east_low__12c_delay_6m,comparison,mvr_refunds,MVR refunds,MVR,1.93922402957318,$m nominal ex GST,deduction,MBU26 official fixed component,annual_spine.csv,AC54,,,,,,,source_backed,,nan,False,1.93922402957318,0.0,available,Model path,current_finalist_model,current_finalist_model,current_model_forecast,current_finalist_forecast,2027Q3; 2027Q4; 2028Q1; 2028Q2,,2027Q3; 2027Q4; 2028Q1; 2028Q2,False,,False,low_shifted_6m,delay_6m,1.0
2028,FY2028,Current finalist High population/comparison,Current planned path,middle_east_low__12c_delay_6m,comparison,net_mvr_revenue,Net MVR revenue,MVR,490.25051027658566,$m nominal ex GST,calculated_rollup,MBU26 official formula,mbu26_official_annual.csv,AC55,,,,,,,source_backed,,mvr_revenue_net_admin_coo - mvr_refunds,False,490.250510276586,-3.410605131648481e-13,available,Model path,current_finalist_model,current_finalist_model,current_model_forecast,current_finalist_forecast,2027Q3; 2027Q4; 2028Q1; 2028Q2,,2027Q3; 2027Q4; 2028Q1; 2028Q2,False,,False,low_shifted_6m,delay_6m,1.0
2028,FY2028,Current finalist High population/comparison,Current planned path,middle_east_low__12c_delay_6m,comparison,tuc_net_revenue,TUC net revenue,TUC,17.5578996928248,$m nominal ex GST,leaf,MBU26 official fixed component,annual_spine.csv,AC58,,,,,,,source_backed,,nan,False,17.5578996928248,0.0,available,Model path,current_finalist_model,current_finalist_model,current_model_forecast,current_finalist_forecast,2027Q3; 2027Q4; 2028Q1; 2028Q2,,2027Q3; 2027Q4; 2028Q1; 2028Q2,False,,False,low_shifted_6m,delay_6m,1.0
2028,FY2028,Current finalist High population/comparison,Current planned path,middle_east_low__12c_delay_6m,comparison,total_gross_revenue,Total gross revenues,Totals,5895.122843120531,$m nominal ex GST,calculated_rollup,current_hybrid_formula,current_hybrid_formula,current_revenue_outlook:middle_east_low__12c_delay_6m:FY2028,,,,,,,source_backed,,gross_ruc_revenue + gross_fed_revenue + gross_mvr_revenue + tuc_net_revenue,False,5899.433680392,-4.310837271468699,available,Model path,current_finalist_model,current_finalist_model,current_model_forecast,current_finalist_forecast,2027Q3; 2027Q4; 2028Q1; 2028Q2,,2027Q3; 2027Q4; 2028Q1; 2028Q2,False,,False,low_shifted_6m,delay_6m,1.0
2028,FY2028,Current finalist High population/comparison,Current planned path,middle_east_low__12c_delay_6m,comparison,total_admin_fees,Total admin fees,Totals,109.3355069608846,$m nominal ex GST,calculated_rollup,current_hybrid_formula,current_hybrid_formula,current_revenue_outlook:middle_east_low__12c_delay_6m:FY2028,,,,,,,source_backed,,ruc_admin_revenue + mvr_admin_revenue + coo_revenue,False,109.335506960885,-3.979039320256561e-13,available,Model path,current_finalist_model,current_finalist_model,current_model_forecast,current_finalist_forecast,2027Q3; 2027Q4; 2028Q1; 2028Q2,,2027Q3; 2027Q4; 2028Q1; 2028Q2,False,,False,low_shifted_6m,delay_6m,1.0
2028,FY2028,Current finalist High population/comparison,Current planned path,middle_east_low__12c_delay_6m,comparison,total_revenue_net_admin,Total revenues net of admin fees,Totals,5785.787336159647,$m nominal ex GST,calculated_rollup,current_hybrid_formula,current_hybrid_formula,current_revenue_outlook:middle_east_low__12c_delay_6m:FY2028,,,,,,,source_backed,,total_gross_revenue - total_admin_fees,False,5790.09817343111,-4.310837271463242,available,Model path,current_finalist_model,current_finalist_model,current_model_forecast,current_finalist_forecast,2027Q3; 2027Q4; 2028Q1; 2028Q2,,2027Q3; 2027Q4; 2028Q1; 2028Q2,False,,False,low_shifted_6m,delay_6m,1.0
2028,FY2028,Current finalist High population/comparison,Current planned path,middle_east_low__12c_delay_6m,comparison,total_refunds,Total refunds,Totals,185.32889097394528,$m nominal ex GST,calculated_rollup,current_hybrid_formula,current_hybrid_formula,current_revenue_outlook:middle_east_low__12c_delay_6m:FY2028,,,,,,,source_backed,,ruc_refunds + fed_refunds + mvr_refunds,False,185.328890973945,2.8421709430404007e-13,available,Model path,current_finalist_model,current_finalist_model,current_model_forecast,current_finalist_forecast,2027Q3; 2027Q4; 2028Q1; 2028Q2,,2027Q3; 2027Q4; 2028Q1; 2028Q2,False,,False,low_shifted_6m,delay_6m,1.0
2028,FY2028,Current finalist High population/comparison,Current planned path,middle_east_low__12c_delay_6m,comparison,total_nltf_net_revenue,Total NLTF revenue,Totals,5600.458445185702,$m nominal ex GST,calculated_rollup,current_hybrid_formula,current_hybrid_formula,current_revenue_outlook:middle_east_low__12c_delay_6m:FY2028,,,,,,,source_backed,PED__DIAGLAB__B__glsar__ylag1__ar1__wexp; dynamic_RESID_GBR_n150_d1_lr0.05_w36; HEAVY_RUC__VNEXT_SOLVED_CONVEX_TOP4,total_revenue_net_admin - total_refunds,False,5604.76928245717,-4.310837271468699,available,Model path,current_finalist_model,current_finalist_model,current_model_forecast,current_finalist_forecast,2027Q3; 2027Q4; 2028Q1; 2028Q2,,2027Q3; 2027Q4; 2028Q1; 2028Q2,False,,False,low_shifted_6m,delay_6m,1.0
2028,FY2028,Current finalist High population/comparison,Current planned path,middle_east_low__12c_delay_6m,comparison,current_light_ruc_conventional_modelled_km,Current finalist Light RUC conventional modelled km,Key volumes,13542.19525593311,million km,audit_only,current_finalist_model_conventional_light_ruc_forecast,forecast_scenario_comparison.parquet,data/current_revenue_outlook/revenue_chart_rows.csv:middle_east_low__12c_delay_6m:2027Q3; data/current_revenue_outlook/revenue_chart_rows.csv:middle_east_low__12c_delay_6m:2027Q4; data/current_revenue_outlook/revenue_chart_rows.csv:middle_east_low__12c_delay_6m:2028Q1; data/current_revenue_outlook/revenue_chart_rows.csv:middle_east_low__12c_delay_6m:2028Q2,,,,,,,source_backed,dynamic_RESID_GBR_n150_d1_lr0.05_w36,sum quarterly current finalist Light RUC conventional model forecast,False,,,available,Model path,current_finalist_model,current_finalist_model,current_model_forecast,current_finalist_forecast,2027Q3; 2027Q4; 2028Q1; 2028Q2,,2027Q3; 2027Q4; 2028Q1; 2028Q2,False,diesel_elasticity_to_conventional_ice_only; bev_phev_activity_fixed_to_base,True,low_shifted_6m,delay_6m,1.0
2028,FY2028,Current finalist High population/comparison,Current planned path,middle_east_low__12c_delay_6m,comparison,total_fed_ruc_net_revenue,Total RUC+PED revenue,Derived totals,5092.650035216291,$m nominal ex GST,calculated_rollup,current_hybrid_formula,current_hybrid_formula,current_revenue_outlook:middle_east_low__12c_delay_6m:FY2028,,,,,,,source_backed,PED__DIAGLAB__B__glsar__ylag1__ar1__wexp; dynamic_RESID_GBR_n150_d1_lr0.05_w36; HEAVY_RUC__VNEXT_SOLVED_CONVEX_TOP4,net_fed_revenue + total_ruc_net_revenue,False,5096.96087248776,-4.310837271468699,available,Model path,current_finalist_model,current_finalist_model,current_model_forecast,current_finalist_forecast,2027Q3; 2027Q4; 2028Q1; 2028Q2,,2027Q3; 2027Q4; 2028Q1; 2028Q2,False,,False,low_shifted_6m,delay_6m,1.0
2029,FY2029,Current finalist High population/comparison,Current planned path,middle_east_low__12c_delay_6m,comparison,light_ruc_net_km,Light RUC net km,Key volumes,14131.358557992655,million km,bridge_input,raw AR(1) PED VKT per capita x scenario-input population; raw Light RUC conventional model forecast expanded by MoT VFM 202405 Base uptake shares (conventional_anchor_vfm_composition_v1),forecast_scenario_comparison.parquet; mbu26_official_annual.csv,data/current_revenue_outlook/revenue_chart_rows.csv:middle_east_low__12c_delay_6m:2028Q3; data/current_revenue_outlook/revenue_chart_rows.csv:middle_east_low__12c_delay_6m:2028Q4; data/current_revenue_outlook/revenue_chart_rows.csv:middle_east_low__12c_delay_6m:2029Q1; data/current_revenue_outlook/revenue_chart_rows.csv:middle_east_low__12c_delay_6m:2029Q2; data/current_revenue_outlook/revenue_chart_rows.csv:middle_east_low__12c_delay_6m:2028Q3; data/current_revenue_outlook/revenue_chart_rows.csv:middle_east_low__12c_delay_6m:2028Q4; data/current_revenue_outlook/revenue_chart_rows.csv:middle_east_low__12c_delay_6m:2029Q1; data/current_revenue_outlook/revenue_chart_rows.csv:middle_east_low__12c_delay_6m:2029Q2; scenario_inputs/scenario_input_wide.parquet:PED:population (2028Q3; 2028Q4; 2029Q1; 2029Q2); VFM 202405 Base uptake shares; MBU26 rate cells AD5; AD7; AD9,,,,,,,source_backed,dynamic_RESID_GBR_n150_d1_lr0.05_w36,raw Light RUC conventional model forecast (preserved exactly under the Base uptake basis),False,13877.7063577933,253.65220019935623,available,Model path,current_finalist_model,current_finalist_model,current_model_forecast,current_finalist_forecast,2028Q3; 2028Q4; 2029Q1; 2029Q2,,2028Q3; 2028Q4; 2029Q1; 2029Q2,False,diesel_elasticity_to_conventional_ice_only; bev_phev_activity_fixed_to_base,True,low_shifted_6m,delay_6m,1.0
2029,FY2029,Current finalist High population/comparison,Current planned path,middle_east_low__12c_delay_6m,comparison,heavy_ruc_net_km,Heavy RUC net km,Key volumes,4192.720215451303,million km,bridge_input,current_finalist_model,forecast_scenario_comparison.parquet,data/current_revenue_outlook/revenue_chart_rows.csv:middle_east_low__12c_delay_6m:2028Q3; data/current_revenue_outlook/revenue_chart_rows.csv:middle_east_low__12c_delay_6m:2028Q4; data/current_revenue_outlook/revenue_chart_rows.csv:middle_east_low__12c_delay_6m:2029Q1; data/current_revenue_outlook/revenue_chart_rows.csv:middle_east_low__12c_delay_6m:2029Q2,,,,,,,source_backed,HEAVY_RUC__VNEXT_SOLVED_CONVEX_TOP4,sum quarterly current finalist Heavy RUC net km,False,4404.90355650087,-212.18334104956648,available,Model path,current_finalist_model,current_finalist_model,current_model_forecast,current_finalist_forecast,2028Q3; 2028Q4; 2029Q1; 2029Q2,,2028Q3; 2028Q4; 2029Q1; 2029Q2,False,,False,low_shifted_6m,delay_6m,1.0
2029,FY2029,Current finalist High population/comparison,Current planned path,middle_east_low__12c_delay_6m,comparison,light_bev_ruc_net_km,Light BEV RUC net km,Key volumes,2695.8212982561504,million km,bridge_input,raw AR(1) PED VKT per capita x scenario-input population; raw Light RUC conventional model forecast expanded by MoT VFM 202405 Base uptake shares (conventional_anchor_vfm_composition_v1),forecast_scenario_comparison.parquet; mbu26_official_annual.csv,data/current_revenue_outlook/revenue_chart_rows.csv:middle_east_low__12c_delay_6m:2028Q3; data/current_revenue_outlook/revenue_chart_rows.csv:middle_east_low__12c_delay_6m:2028Q4; data/current_revenue_outlook/revenue_chart_rows.csv:middle_east_low__12c_delay_6m:2029Q1; data/current_revenue_outlook/revenue_chart_rows.csv:middle_east_low__12c_delay_6m:2029Q2; data/current_revenue_outlook/revenue_chart_rows.csv:middle_east_low__12c_delay_6m:2028Q3; data/current_revenue_outlook/revenue_chart_rows.csv:middle_east_low__12c_delay_6m:2028Q4; data/current_revenue_outlook/revenue_chart_rows.csv:middle_east_low__12c_delay_6m:2029Q1; data/current_revenue_outlook/revenue_chart_rows.csv:middle_east_low__12c_delay_6m:2029Q2; scenario_inputs/scenario_input_wide.parquet:PED:population (2028Q3; 2028Q4; 2029Q1; 2029Q2); VFM 202405 Base uptake shares; MBU26 rate cells AD5; AD7; AD9,,,,,,,source_backed,PED__DIAGLAB__B__glsar__ylag1__ar1__wexp; dynamic_RESID_GBR_n150_d1_lr0.05_w36; HEAVY_RUC__VNEXT_SOLVED_CONVEX_TOP4,base pool (conventional / VFM Base conventional share) * VFM Base Light BEV share,False,2502.17964433063,193.6416539255206,available,Model path,current_finalist_model,current_finalist_model,current_model_forecast,current_finalist_forecast,2028Q3; 2028Q4; 2029Q1; 2029Q2,,2028Q3; 2028Q4; 2029Q1; 2029Q2,False,diesel_elasticity_to_conventional_ice_only; bev_phev_activity_fixed_to_base,True,low_shifted_6m,delay_6m,1.0
2029,FY2029,Current finalist High population/comparison,Current planned path,middle_east_low__12c_delay_6m,comparison,heavy_bev_ruc_net_km,Heavy BEV RUC net km,Key volumes,73.7781618539809,million km,bridge_input,MBU26 official fixed component,annual_spine.csv,AD8,,,,,,,source_backed,,nan,False,73.7781618539809,0.0,available,Model path,current_finalist_model,current_finalist_model,current_model_forecast,current_finalist_forecast,2028Q3; 2028Q4; 2029Q1; 2029Q2,,2028Q3; 2028Q4; 2029Q1; 2029Q2,False,diesel_elasticity_to_conventional_ice_only; bev_phev_activity_fixed_to_base,True,low_shifted_6m,delay_6m,1.0
2029,FY2029,Current finalist High population/comparison,Current planned path,middle_east_low__12c_delay_6m,comparison,phev_ruc_net_km,PHEV RUC net km,Key volumes,1495.51845432587,million km,bridge_input,raw AR(1) PED VKT per capita x scenario-input population; raw Light RUC conventional model forecast expanded by MoT VFM 202405 Base uptake shares (conventional_anchor_vfm_composition_v1),forecast_scenario_comparison.parquet; mbu26_official_annual.csv,data/current_revenue_outlook/revenue_chart_rows.csv:middle_east_low__12c_delay_6m:2028Q3; data/current_revenue_outlook/revenue_chart_rows.csv:middle_east_low__12c_delay_6m:2028Q4; data/current_revenue_outlook/revenue_chart_rows.csv:middle_east_low__12c_delay_6m:2029Q1; data/current_revenue_outlook/revenue_chart_rows.csv:middle_east_low__12c_delay_6m:2029Q2; data/current_revenue_outlook/revenue_chart_rows.csv:middle_east_low__12c_delay_6m:2028Q3; data/current_revenue_outlook/revenue_chart_rows.csv:middle_east_low__12c_delay_6m:2028Q4; data/current_revenue_outlook/revenue_chart_rows.csv:middle_east_low__12c_delay_6m:2029Q1; data/current_revenue_outlook/revenue_chart_rows.csv:middle_east_low__12c_delay_6m:2029Q2; scenario_inputs/scenario_input_wide.parquet:PED:population (2028Q3; 2028Q4; 2029Q1; 2029Q2); VFM 202405 Base uptake shares; MBU26 rate cells AD5; AD7; AD9,,,,,,,source_backed,PED__DIAGLAB__B__glsar__ylag1__ar1__wexp; dynamic_RESID_GBR_n150_d1_lr0.05_w36; HEAVY_RUC__VNEXT_SOLVED_CONVEX_TOP4,base pool (conventional / VFM Base conventional share) * VFM Base PHEV share,False,1394.20153006706,101.31692425880988,available,Model path,current_finalist_model,current_finalist_model,current_model_forecast,current_finalist_forecast,2028Q3; 2028Q4; 2029Q1; 2029Q2,,2028Q3; 2028Q4; 2029Q1; 2029Q2,False,diesel_elasticity_to_conventional_ice_only; bev_phev_activity_fixed_to_base,True,low_shifted_6m,delay_6m,1.0
2029,FY2029,Current finalist High population/comparison,Current planned path,middle_east_low__12c_delay_6m,comparison,ped_volume,PED volume,Key volumes,2890.6742500973783,million litres,bridge_input,raw AR(1) PED VKT/capita + scenario-input population (scenario_input_population) + MBU26 intensity,forecast_scenario_comparison.parquet; scenario_inputs/scenario_input_wide.parquet; mbu26_official_annual.csv,data/current_revenue_outlook/revenue_chart_rows.csv:middle_east_low__12c_delay_6m:2028Q3; data/current_revenue_outlook/revenue_chart_rows.csv:middle_east_low__12c_delay_6m:2028Q4; data/current_revenue_outlook/revenue_chart_rows.csv:middle_east_low__12c_delay_6m:2029Q1; data/current_revenue_outlook/revenue_chart_rows.csv:middle_east_low__12c_delay_6m:2029Q2; data/current_revenue_outlook/revenue_chart_rows.csv:middle_east_low__12c_delay_6m:2028Q3; data/current_revenue_outlook/revenue_chart_rows.csv:middle_east_low__12c_delay_6m:2028Q4; data/current_revenue_outlook/revenue_chart_rows.csv:middle_east_low__12c_delay_6m:2029Q1; data/current_revenue_outlook/revenue_chart_rows.csv:middle_east_low__12c_delay_6m:2029Q2; scenario_inputs/scenario_input_wide.parquet:PED:population (2028Q3; 2028Q4; 2029Q1; 2029Q2); VFM 202405 Base uptake shares; MBU26 rate cells AD5; AD7; AD9,forecast_scenario_comparison.parquet,data/current_revenue_outlook/revenue_chart_rows.csv:middle_east_low__12c_delay_6m:2028Q3; data/current_revenue_outlook/revenue_chart_rows.csv:middle_east_low__12c_delay_6m:2028Q4; data/current_revenue_outlook/revenue_chart_rows.csv:middle_east_low__12c_delay_6m:2029Q1; data/current_revenue_outlook/revenue_chart_rows.csv:middle_east_low__12c_delay_6m:2029Q2,current_finalist_model,scenario_inputs/scenario_input_wide.parquet,scenario_inputs/scenario_input_wide.parquet:PED:population (2028Q3; 2028Q4; 2029Q1; 2029Q2),scenario_input_population,source_backed,PED__DIAGLAB__B__glsar__ylag1__ar1__wexp,raw PED/light-petrol VKT * MBU26 litres intensity / 100,False,2879.43557979336,11.238670304018342,available,Model path,current_finalist_model,current_finalist_model,current_model_forecast,current_finalist_forecast,2028Q3; 2028Q4; 2029Q1; 2029Q2,,2028Q3; 2028Q4; 2029Q1; 2029Q2,False,,False,low_shifted_6m,delay_6m,1.0
2029,FY2029,Current finalist High population/comparison,Current planned path,middle_east_low__12c_delay_6m,comparison,light_petrol_vkt,Light petrol VKT,Key volumes,32682.673320883016,million km,bridge_input,raw AR(1) PED VKT per capita x scenario-input population; raw Light RUC conventional model forecast expanded by MoT VFM 202405 Base uptake shares (conventional_anchor_vfm_composition_v1),forecast_scenario_comparison.parquet; mbu26_official_annual.csv,data/current_revenue_outlook/revenue_chart_rows.csv:middle_east_low__12c_delay_6m:2028Q3; data/current_revenue_outlook/revenue_chart_rows.csv:middle_east_low__12c_delay_6m:2028Q4; data/current_revenue_outlook/revenue_chart_rows.csv:middle_east_low__12c_delay_6m:2029Q1; data/current_revenue_outlook/revenue_chart_rows.csv:middle_east_low__12c_delay_6m:2029Q2; data/current_revenue_outlook/revenue_chart_rows.csv:middle_east_low__12c_delay_6m:2028Q3; data/current_revenue_outlook/revenue_chart_rows.csv:middle_east_low__12c_delay_6m:2028Q4; data/current_revenue_outlook/revenue_chart_rows.csv:middle_east_low__12c_delay_6m:2029Q1; data/current_revenue_outlook/revenue_chart_rows.csv:middle_east_low__12c_delay_6m:2029Q2; scenario_inputs/scenario_input_wide.parquet:PED:population (2028Q3; 2028Q4; 2029Q1; 2029Q2); VFM 202405 Base uptake shares; MBU26 rate cells AD5; AD7; AD9,forecast_scenario_comparison.parquet,data/current_revenue_outlook/revenue_chart_rows.csv:middle_east_low__12c_delay_6m:2028Q3; data/current_revenue_outlook/revenue_chart_rows.csv:middle_east_low__12c_delay_6m:2028Q4; data/current_revenue_outlook/revenue_chart_rows.csv:middle_east_low__12c_delay_6m:2029Q1; data/current_revenue_outlook/revenue_chart_rows.csv:middle_east_low__12c_delay_6m:2029Q2,current_finalist_model,scenario_inputs/scenario_input_wide.parquet,scenario_inputs/scenario_input_wide.parquet:PED:population (2028Q3; 2028Q4; 2029Q1; 2029Q2),scenario_input_population,source_backed,,raw AR(1) PED VKT per capita * scenario-input population,False,32555.6061530432,127.06716783981392,available,Model path,current_finalist_model,current_finalist_model,current_model_forecast,current_finalist_forecast,2028Q3; 2028Q4; 2029Q1; 2029Q2,,2028Q3; 2028Q4; 2029Q1; 2029Q2,False,,False,low_shifted_6m,delay_6m,1.0
2029,FY2029,Current finalist High population/comparison,Current planned path,middle_east_low__12c_delay_6m,comparison,ped_vkt_per_capita,PED VKT per capita,Key volumes,5902.064077713241,km/person,bridge_input,current_finalist_model,forecast_scenario_comparison.parquet,data/current_revenue_outlook/revenue_chart_rows.csv:middle_east_low__12c_delay_6m:2028Q3; data/current_revenue_outlook/revenue_chart_rows.csv:middle_east_low__12c_delay_6m:2028Q4; data/current_revenue_outlook/revenue_chart_rows.csv:middle_east_low__12c_delay_6m:2029Q1; data/current_revenue_outlook/revenue_chart_rows.csv:middle_east_low__12c_delay_6m:2029Q2,forecast_scenario_comparison.parquet,data/current_revenue_outlook/revenue_chart_rows.csv:middle_east_low__12c_delay_6m:2028Q3; data/current_revenue_outlook/revenue_chart_rows.csv:middle_east_low__12c_delay_6m:2028Q4; data/current_revenue_outlook/revenue_chart_rows.csv:middle_east_low__12c_delay_6m:2029Q1; data/current_revenue_outlook/revenue_chart_rows.csv:middle_east_low__12c_delay_6m:2029Q2,current_finalist_model,,,,source_backed,PED__DIAGLAB__B__glsar__ylag1__ar1__wexp,sum quarterly current finalist PED VKT/capita,False,5888.3409910512,13.723086662041169,available,Model path,current_finalist_model,current_finalist_model,current_model_forecast,current_finalist_forecast,2028Q3; 2028Q4; 2029Q1; 2029Q2,,2028Q3; 2028Q4; 2029Q1; 2029Q2,False,,False,low_shifted_6m,delay_6m,1.0
2029,FY2029,Current finalist High population/comparison,Current planned path,middle_east_low__12c_delay_6m,comparison,tuc_gtk,TUC GTK,Key volumes,8179315222.66,tonne-km,bridge_input,MBU26 official fixed component,annual_spine.csv,AD13,,,,,,,source_backed,,nan,False,8179315222.66,0.0,available,Model path,current_finalist_model,current_finalist_model,current_model_forecast,current_finalist_forecast,2028Q3; 2028Q4; 2029Q1; 2029Q2,,2028Q3; 2028Q4; 2029Q1; 2029Q2,False,,False,low_shifted_6m,delay_6m,1.0
2029,FY2029,Current finalist High population/comparison,Current planned path,middle_east_low__12c_delay_6m,comparison,light_ruc_net_revenue,Light RUC revenue,RUC,1217.093810678792,$m nominal ex GST,replacement_line,"raw AR(1) PED bridge and conventional-anchor VFM composition, scenario-input population and MBU26 effective rate",forecast_scenario_comparison.parquet; mbu26_official_annual.csv,data/current_revenue_outlook/revenue_chart_rows.csv:middle_east_low__12c_delay_6m:2028Q3; data/current_revenue_outlook/revenue_chart_rows.csv:middle_east_low__12c_delay_6m:2028Q4; data/current_revenue_outlook/revenue_chart_rows.csv:middle_east_low__12c_delay_6m:2029Q1; data/current_revenue_outlook/revenue_chart_rows.csv:middle_east_low__12c_delay_6m:2029Q2; data/current_revenue_outlook/revenue_chart_rows.csv:middle_east_low__12c_delay_6m:2028Q3; data/current_revenue_outlook/revenue_chart_rows.csv:middle_east_low__12c_delay_6m:2028Q4; data/current_revenue_outlook/revenue_chart_rows.csv:middle_east_low__12c_delay_6m:2029Q1; data/current_revenue_outlook/revenue_chart_rows.csv:middle_east_low__12c_delay_6m:2029Q2; scenario_inputs/scenario_input_wide.parquet:PED:population (2028Q3; 2028Q4; 2029Q1; 2029Q2); VFM 202405 Base uptake shares; MBU26 rate cells AD5; AD7; AD9,,,,,,,source_backed,dynamic_RESID_GBR_n150_d1_lr0.05_w36,conventional Light RUC km * MBU26 conventional Light effective rate,True,1195.24746648897,21.84634418982182,available,Model path,current_finalist_model,current_finalist_model,current_model_forecast,current_finalist_forecast,2028Q3; 2028Q4; 2029Q1; 2029Q2,,2028Q3; 2028Q4; 2029Q1; 2029Q2,False,diesel_elasticity_to_conventional_ice_only; bev_phev_activity_fixed_to_base,True,low_shifted_6m,delay_6m,1.0
2029,FY2029,Current finalist High population/comparison,Current planned path,middle_east_low__12c_delay_6m,comparison,heavy_ruc_net_revenue,Heavy RUC revenue,RUC,1482.1675915175717,$m nominal ex GST,replacement_line,current_finalist_model + MBU26 effective rate,forecast_scenario_comparison.parquet; mbu26_official_annual.csv,data/current_revenue_outlook/revenue_chart_rows.csv:middle_east_low__12c_delay_6m:2028Q3; data/current_revenue_outlook/revenue_chart_rows.csv:middle_east_low__12c_delay_6m:2028Q4; data/current_revenue_outlook/revenue_chart_rows.csv:middle_east_low__12c_delay_6m:2029Q1; data/current_revenue_outlook/revenue_chart_rows.csv:middle_east_low__12c_delay_6m:2029Q2,,,,,,,source_backed,HEAVY_RUC__VNEXT_SOLVED_CONVEX_TOP4,sum quarterly current Heavy RUC net km * MBU26 effective rate,True,1557.17647725352,-75.0088857359483,available,Model path,current_finalist_model,current_finalist_model,current_model_forecast,current_finalist_forecast,2028Q3; 2028Q4; 2029Q1; 2029Q2,,2028Q3; 2028Q4; 2029Q1; 2029Q2,False,,False,low_shifted_6m,delay_6m,1.0
2029,FY2029,Current finalist High population/comparison,Current planned path,middle_east_low__12c_delay_6m,comparison,light_bev_ruc_net_revenue,Light BEV RUC net revenue,RUC,232.20456752529267,$m nominal ex GST,replacement_line,"raw AR(1) PED bridge and conventional-anchor VFM composition, scenario-input population and MBU26 effective rate",forecast_scenario_comparison.parquet; mbu26_official_annual.csv,data/current_revenue_outlook/revenue_chart_rows.csv:middle_east_low__12c_delay_6m:2028Q3; data/current_revenue_outlook/revenue_chart_rows.csv:middle_east_low__12c_delay_6m:2028Q4; data/current_revenue_outlook/revenue_chart_rows.csv:middle_east_low__12c_delay_6m:2029Q1; data/current_revenue_outlook/revenue_chart_rows.csv:middle_east_low__12c_delay_6m:2029Q2; data/current_revenue_outlook/revenue_chart_rows.csv:middle_east_low__12c_delay_6m:2028Q3; data/current_revenue_outlook/revenue_chart_rows.csv:middle_east_low__12c_delay_6m:2028Q4; data/current_revenue_outlook/revenue_chart_rows.csv:middle_east_low__12c_delay_6m:2029Q1; data/current_revenue_outlook/revenue_chart_rows.csv:middle_east_low__12c_delay_6m:2029Q2; scenario_inputs/scenario_input_wide.parquet:PED:population (2028Q3; 2028Q4; 2029Q1; 2029Q2); VFM 202405 Base uptake shares; MBU26 rate cells AD5; AD7; AD9,,,,,,,source_backed,PED__DIAGLAB__B__glsar__ylag1__ar1__wexp; dynamic_RESID_GBR_n150_d1_lr0.05_w36; HEAVY_RUC__VNEXT_SOLVED_CONVEX_TOP4,allocated Light BEV RUC km * MBU26 Light BEV effective rate,True,215.525243664418,16.67932386087466,available,Model path,current_finalist_model,current_finalist_model,current_model_forecast,current_finalist_forecast,2028Q3; 2028Q4; 2029Q1; 2029Q2,,2028Q3; 2028Q4; 2029Q1; 2029Q2,False,diesel_elasticity_to_conventional_ice_only; bev_phev_activity_fixed_to_base,True,low_shifted_6m,delay_6m,1.0
2029,FY2029,Current finalist High population/comparison,Current planned path,middle_east_low__12c_delay_6m,comparison,heavy_bev_ruc_net_revenue,Heavy BEV RUC net revenue,RUC,26.0839002326657,$m nominal ex GST,leaf,MBU26 official fixed component,annual_spine.csv,AD31,,,,,,,source_backed,,nan,False,26.0839002326657,0.0,available,Model path,current_finalist_model,current_finalist_model,current_model_forecast,current_finalist_forecast,2028Q3; 2028Q4; 2029Q1; 2029Q2,,2028Q3; 2028Q4; 2029Q1; 2029Q2,False,diesel_elasticity_to_conventional_ice_only; bev_phev_activity_fixed_to_base,True,low_shifted_6m,delay_6m,1.0
2029,FY2029,Current finalist High population/comparison,Current planned path,middle_east_low__12c_delay_6m,comparison,phev_ruc_net_revenue,PHEV RUC net revenue,RUC,63.52214634749125,$m nominal ex GST,replacement_line,"raw AR(1) PED bridge and conventional-anchor VFM composition, scenario-input population and MBU26 effective rate",forecast_scenario_comparison.parquet; mbu26_official_annual.csv,data/current_revenue_outlook/revenue_chart_rows.csv:middle_east_low__12c_delay_6m:2028Q3; data/current_revenue_outlook/revenue_chart_rows.csv:middle_east_low__12c_delay_6m:2028Q4; data/current_revenue_outlook/revenue_chart_rows.csv:middle_east_low__12c_delay_6m:2029Q1; data/current_revenue_outlook/revenue_chart_rows.csv:middle_east_low__12c_delay_6m:2029Q2; data/current_revenue_outlook/revenue_chart_rows.csv:middle_east_low__12c_delay_6m:2028Q3; data/current_revenue_outlook/revenue_chart_rows.csv:middle_east_low__12c_delay_6m:2028Q4; data/current_revenue_outlook/revenue_chart_rows.csv:middle_east_low__12c_delay_6m:2029Q1; data/current_revenue_outlook/revenue_chart_rows.csv:middle_east_low__12c_delay_6m:2029Q2; scenario_inputs/scenario_input_wide.parquet:PED:population (2028Q3; 2028Q4; 2029Q1; 2029Q2); VFM 202405 Base uptake shares; MBU26 rate cells AD5; AD7; AD9,,,,,,,source_backed,PED__DIAGLAB__B__glsar__ylag1__ar1__wexp; dynamic_RESID_GBR_n150_d1_lr0.05_w36; HEAVY_RUC__VNEXT_SOLVED_CONVEX_TOP4,allocated PHEV RUC km * MBU26 PHEV effective rate,True,59.2187099895983,4.303436357892949,available,Model path,current_finalist_model,current_finalist_model,current_model_forecast,current_finalist_forecast,2028Q3; 2028Q4; 2029Q1; 2029Q2,,2028Q3; 2028Q4; 2029Q1; 2029Q2,False,diesel_elasticity_to_conventional_ice_only; bev_phev_activity_fixed_to_base,True,low_shifted_6m,delay_6m,1.0
2029,FY2029,Current finalist High population/comparison,Current planned path,middle_east_low__12c_delay_6m,comparison,ruc_refunds,RUC refunds,RUC,101.989316940945,$m nominal ex GST,deduction,MBU26 official fixed component,annual_spine.csv,AD33,,,,,,,source_backed,,nan,False,101.989316940945,0.0,available,Model path,current_finalist_model,current_finalist_model,current_model_forecast,current_finalist_forecast,2028Q3; 2028Q4; 2029Q1; 2029Q2,,2028Q3; 2028Q4; 2029Q1; 2029Q2,False,,False,low_shifted_6m,delay_6m,1.0
2029,FY2029,Current finalist High population/comparison,Current planned path,middle_east_low__12c_delay_6m,comparison,gross_ruc_revenue,Gross RUC revenue,RUC,3123.0613332427583,$m nominal ex GST,calculated_rollup,current_hybrid_formula,current_hybrid_formula,current_revenue_outlook:middle_east_low__12c_delay_6m:FY2029,,,,,,,source_backed,,optimized light_ruc_net_revenue + heavy_ruc_net_revenue + optimized light_bev_ruc_net_revenue + MBU26 heavy_bev_ruc_net_revenue + optimized phev_ruc_net_revenue + MBU26 ruc_refunds,False,3155.60401561549,-32.54268237273163,available,Model path,current_finalist_model,current_finalist_model,current_model_forecast,current_finalist_forecast,2028Q3; 2028Q4; 2029Q1; 2029Q2,,2028Q3; 2028Q4; 2029Q1; 2029Q2,False,,False,low_shifted_6m,delay_6m,1.0
2029,FY2029,Current finalist High population/comparison,Current planned path,middle_east_low__12c_delay_6m,comparison,ruc_admin_revenue,RUC admin revenue,RUC,40.0168341509567,$m nominal ex GST,deduction,MBU26 official fixed component,annual_spine.csv,AD35,,,,,,,source_backed,,nan,False,40.0168341509567,0.0,available,Model path,current_finalist_model,current_finalist_model,current_model_forecast,current_finalist_forecast,2028Q3; 2028Q4; 2029Q1; 2029Q2,,2028Q3; 2028Q4; 2029Q1; 2029Q2,False,,False,low_shifted_6m,delay_6m,1.0
2029,FY2029,Current finalist High population/comparison,Current planned path,middle_east_low__12c_delay_6m,comparison,ruc_revenue_net_admin,RUC revenues net of admin fees,RUC,3083.0444990918018,$m nominal ex GST,calculated_rollup,current_hybrid_formula,current_hybrid_formula,current_revenue_outlook:middle_east_low__12c_delay_6m:FY2029,,,,,,,source_backed,,gross_ruc_revenue - MBU26 ruc_admin_revenue,False,3115.58718146454,-32.542682372738454,available,Model path,current_finalist_model,current_finalist_model,current_model_forecast,current_finalist_forecast,2028Q3; 2028Q4; 2029Q1; 2029Q2,,2028Q3; 2028Q4; 2029Q1; 2029Q2,False,,False,low_shifted_6m,delay_6m,1.0
2029,FY2029,Current finalist High population/comparison,Current planned path,middle_east_low__12c_delay_6m,comparison,total_ruc_net_revenue,Total RUC all classes,RUC,2981.0551821508566,$m nominal ex GST,calculated_rollup,current_hybrid_formula,current_hybrid_formula,current_revenue_outlook:middle_east_low__12c_delay_6m:FY2029,,,,,,,source_backed,PED__DIAGLAB__B__glsar__ylag1__ar1__wexp; dynamic_RESID_GBR_n150_d1_lr0.05_w36; HEAVY_RUC__VNEXT_SOLVED_CONVEX_TOP4,ruc_revenue_net_admin - MBU26 ruc_refunds,False,3013.59786452359,-32.54268237273345,available,Model path,current_finalist_model,current_finalist_model,current_model_forecast,current_finalist_forecast,2028Q3; 2028Q4; 2029Q1; 2029Q2,,2028Q3; 2028Q4; 2029Q1; 2029Q2,False,,False,low_shifted_6m,delay_6m,1.0
2029,FY2029,Current finalist High population/comparison,Current planned path,middle_east_low__12c_delay_6m,comparison,gross_ped_revenue,PED revenue,FED,2601.9822410018924,$m nominal ex GST,replacement_line,"raw AR(1) PED bridge and conventional-anchor VFM composition, scenario-input population and MBU26 effective rate; population_source=scenario_input_population",forecast_scenario_comparison.parquet; scenario_inputs/scenario_input_wide.parquet; mbu26_official_annual.csv,data/current_revenue_outlook/revenue_chart_rows.csv:middle_east_low__12c_delay_6m:2028Q3; data/current_revenue_outlook/revenue_chart_rows.csv:middle_east_low__12c_delay_6m:2028Q4; data/current_revenue_outlook/revenue_chart_rows.csv:middle_east_low__12c_delay_6m:2029Q1; data/current_revenue_outlook/revenue_chart_rows.csv:middle_east_low__12c_delay_6m:2029Q2; data/current_revenue_outlook/revenue_chart_rows.csv:middle_east_low__12c_delay_6m:2028Q3; data/current_revenue_outlook/revenue_chart_rows.csv:middle_east_low__12c_delay_6m:2028Q4; data/current_revenue_outlook/revenue_chart_rows.csv:middle_east_low__12c_delay_6m:2029Q1; data/current_revenue_outlook/revenue_chart_rows.csv:middle_east_low__12c_delay_6m:2029Q2; scenario_inputs/scenario_input_wide.parquet:PED:population (2028Q3; 2028Q4; 2029Q1; 2029Q2); VFM 202405 Base uptake shares; MBU26 rate cells AD5; AD7; AD9,forecast_scenario_comparison.parquet,data/current_revenue_outlook/revenue_chart_rows.csv:middle_east_low__12c_delay_6m:2028Q3; data/current_revenue_outlook/revenue_chart_rows.csv:middle_east_low__12c_delay_6m:2028Q4; data/current_revenue_outlook/revenue_chart_rows.csv:middle_east_low__12c_delay_6m:2029Q1; data/current_revenue_outlook/revenue_chart_rows.csv:middle_east_low__12c_delay_6m:2029Q2,current_finalist_model,scenario_inputs/scenario_input_wide.parquet,scenario_inputs/scenario_input_wide.parquet:PED:population (2028Q3; 2028Q4; 2029Q1; 2029Q2),scenario_input_population,source_backed,PED__DIAGLAB__B__glsar__ylag1__ar1__wexp,raw PED/light-petrol VKT * MBU26 litres intensity / 100 * MBU26 PED rate,True,2591.86597814642,10.116262855472542,available,Model path,current_finalist_model,current_finalist_model,current_model_forecast,current_finalist_forecast,2028Q3; 2028Q4; 2029Q1; 2029Q2,,2028Q3; 2028Q4; 2029Q1; 2029Q2,False,,False,low_shifted_6m,delay_6m,1.0
2029,FY2029,Current finalist High population/comparison,Current planned path,middle_east_low__12c_delay_6m,comparison,gross_lpg_revenue,Gross LPG revenue,FED,43.0565466561107,$m nominal ex GST,leaf,MBU26 official fixed component,annual_spine.csv,AD41,,,,,,,source_backed,,nan,False,43.0565466561107,0.0,available,Model path,current_finalist_model,current_finalist_model,current_model_forecast,current_finalist_forecast,2028Q3; 2028Q4; 2029Q1; 2029Q2,,2028Q3; 2028Q4; 2029Q1; 2029Q2,False,,False,low_shifted_6m,delay_6m,1.0
2029,FY2029,Current finalist High population/comparison,Current planned path,middle_east_low__12c_delay_6m,comparison,gross_cng_revenue,Gross CNG revenue,FED,0.0,$m nominal ex GST,leaf,MBU26 official fixed component,annual_spine.csv,AD42,,,,,,,source_backed,,nan,False,0.0,0.0,available,Model path,current_finalist_model,current_finalist_model,current_model_forecast,current_finalist_forecast,2028Q3; 2028Q4; 2029Q1; 2029Q2,,2028Q3; 2028Q4; 2029Q1; 2029Q2,False,,False,low_shifted_6m,delay_6m,1.0
2029,FY2029,Current finalist High population/comparison,Current planned path,middle_east_low__12c_delay_6m,comparison,gross_fed_revenue,Gross FED revenue,FED,2645.038787658003,$m nominal ex GST,calculated_rollup,current_hybrid_formula,current_hybrid_formula,current_revenue_outlook:middle_east_low__12c_delay_6m:FY2029,,,,,,,source_backed,PED__DIAGLAB__B__glsar__ylag1__ar1__wexp,gross_ped_revenue + MBU26 gross_lpg_revenue + MBU26 gross_cng_revenue,False,2634.92252480253,10.116262855472996,available,Model path,current_finalist_model,current_finalist_model,current_model_forecast,current_finalist_forecast,2028Q3; 2028Q4; 2029Q1; 2029Q2,,2028Q3; 2028Q4; 2029Q1; 2029Q2,False,,False,low_shifted_6m,delay_6m,1.0
2029,FY2029,Current finalist High population/comparison,Current planned path,middle_east_low__12c_delay_6m,comparison,fed_refunds,FED refunds,FED,97.6737041163894,$m nominal ex GST,deduction,MBU26 official fixed component,annual_spine.csv,AD44,,,,,,,source_backed,,nan,False,97.6737041163894,0.0,available,Model path,current_finalist_model,current_finalist_model,current_model_forecast,current_finalist_forecast,2028Q3; 2028Q4; 2029Q1; 2029Q2,,2028Q3; 2028Q4; 2029Q1; 2029Q2,False,,False,low_shifted_6m,delay_6m,1.0
2029,FY2029,Current finalist High population/comparison,Current planned path,middle_east_low__12c_delay_6m,comparison,net_fed_revenue,Net FED revenue,FED,2547.365083541614,$m nominal ex GST,calculated_rollup,current_hybrid_formula,current_hybrid_formula,current_revenue_outlook:middle_east_low__12c_delay_6m:FY2029,,,,,,,source_backed,PED__DIAGLAB__B__glsar__ylag1__ar1__wexp,gross_fed_revenue - MBU26 fed_refunds,False,2537.24882068614,10.116262855473906,available,Model path,current_finalist_model,current_finalist_model,current_model_forecast,current_finalist_forecast,2028Q3; 2028Q4; 2029Q1; 2029Q2,,2028Q3; 2028Q4; 2029Q1; 2029Q2,False,,False,low_shifted_6m,delay_6m,1.0
2029,FY2029,Current finalist High population/comparison,Current planned path,middle_east_low__12c_delay_6m,comparison,mr1_revenue,MR1 revenue,MVR,526.427022508523,$m nominal ex GST,leaf,MBU26 official fixed component,annual_spine.csv,AD48,,,,,,,source_backed,,nan,False,526.427022508523,0.0,available,Model path,current_finalist_model,current_finalist_model,current_model_forecast,current_finalist_forecast,2028Q3; 2028Q4; 2029Q1; 2029Q2,,2028Q3; 2028Q4; 2029Q1; 2029Q2,False,,False,low_shifted_6m,delay_6m,1.0
2029,FY2029,Current finalist High population/comparison,Current planned path,middle_east_low__12c_delay_6m,comparison,mr2_revenue,MR2 revenue,MVR,31.8808203574151,$m nominal ex GST,leaf,MBU26 official fixed component,annual_spine.csv,AD49,,,,,,,source_backed,,nan,False,31.8808203574151,0.0,available,Model path,current_finalist_model,current_finalist_model,current_model_forecast,current_finalist_forecast,2028Q3; 2028Q4; 2029Q1; 2029Q2,,2028Q3; 2028Q4; 2029Q1; 2029Q2,False,,False,low_shifted_6m,delay_6m,1.0
2029,FY2029,Current finalist High population/comparison,Current planned path,middle_east_low__12c_delay_6m,comparison,coo_revenue,MR13,MVR,0.0,$m nominal ex GST,deduction,MBU26 official fixed component,annual_spine.csv,AD50,,,,,,,source_backed,,nan,False,0.0,0.0,available,Model path,current_finalist_model,current_finalist_model,current_model_forecast,current_finalist_forecast,2028Q3; 2028Q4; 2029Q1; 2029Q2,,2028Q3; 2028Q4; 2029Q1; 2029Q2,False,,False,low_shifted_6m,delay_6m,1.0
2029,FY2029,Current finalist High population/comparison,Current planned path,middle_east_low__12c_delay_6m,comparison,gross_mvr_revenue,Gross MVR revenue,MVR,558.3078428659381,$m nominal ex GST,calculated_rollup,MBU26 official formula,mbu26_official_annual.csv,AD51,,,,,,,source_backed,,mr1_revenue + mr2_revenue + coo_revenue,False,558.307842865938,1.1368683772161603e-13,available,Model path,current_finalist_model,current_finalist_model,current_model_forecast,current_finalist_forecast,2028Q3; 2028Q4; 2029Q1; 2029Q2,,2028Q3; 2028Q4; 2029Q1; 2029Q2,False,,False,low_shifted_6m,delay_6m,1.0
2029,FY2029,Current finalist High population/comparison,Current planned path,middle_east_low__12c_delay_6m,comparison,mvr_admin_revenue,MVR admin revenue,MVR,71.5205705630239,$m nominal ex GST,deduction,MBU26 official fixed component,annual_spine.csv,AD52,,,,,,,source_backed,,nan,False,71.5205705630239,0.0,available,Model path,current_finalist_model,current_finalist_model,current_model_forecast,current_finalist_forecast,2028Q3; 2028Q4; 2029Q1; 2029Q2,,2028Q3; 2028Q4; 2029Q1; 2029Q2,False,,False,low_shifted_6m,delay_6m,1.0
2029,FY2029,Current finalist High population/comparison,Current planned path,middle_east_low__12c_delay_6m,comparison,mvr_revenue_net_admin_coo,MVR revenues net of admin fees and COO,MVR,486.78727230291423,$m nominal ex GST,calculated_rollup,MBU26 official formula,mbu26_official_annual.csv,AD53,,,,,,,source_backed,,mr1_revenue + mr2_revenue - mvr_admin_revenue,False,486.787272302915,-7.958078640513122e-13,available,Model path,current_finalist_model,current_finalist_model,current_model_forecast,current_finalist_forecast,2028Q3; 2028Q4; 2029Q1; 2029Q2,,2028Q3; 2028Q4; 2029Q1; 2029Q2,False,,False,low_shifted_6m,delay_6m,1.0
2029,FY2029,Current finalist High population/comparison,Current planned path,middle_east_low__12c_delay_6m,comparison,mvr_refunds,MVR refunds,MVR,1.94416230921848,$m nominal ex GST,deduction,MBU26 official fixed component,annual_spine.csv,AD54,,,,,,,source_backed,,nan,False,1.94416230921848,0.0,available,Model path,current_finalist_model,current_finalist_model,current_model_forecast,current_finalist_forecast,2028Q3; 2028Q4; 2029Q1; 2029Q2,,2028Q3; 2028Q4; 2029Q1; 2029Q2,False,,False,low_shifted_6m,delay_6m,1.0
2029,FY2029,Current finalist High population/comparison,Current planned path,middle_east_low__12c_delay_6m,comparison,net_mvr_revenue,Net MVR revenue,MVR,484.84310999369575,$m nominal ex GST,calculated_rollup,MBU26 official formula,mbu26_official_annual.csv,AD55,,,,,,,source_backed,,mvr_revenue_net_admin_coo - mvr_refunds,False,484.843109993696,-2.2737367544323206e-13,available,Model path,current_finalist_model,current_finalist_model,current_model_forecast,current_finalist_forecast,2028Q3; 2028Q4; 2029Q1; 2029Q2,,2028Q3; 2028Q4; 2029Q1; 2029Q2,False,,False,low_shifted_6m,delay_6m,1.0
2029,FY2029,Current finalist High population/comparison,Current planned path,middle_east_low__12c_delay_6m,comparison,tuc_net_revenue,TUC net revenue,TUC,17.5578996928248,$m nominal ex GST,leaf,MBU26 official fixed component,annual_spine.csv,AD58,,,,,,,source_backed,,nan,False,17.5578996928248,0.0,available,Model path,current_finalist_model,current_finalist_model,current_model_forecast,current_finalist_forecast,2028Q3; 2028Q4; 2029Q1; 2029Q2,,2028Q3; 2028Q4; 2029Q1; 2029Q2,False,,False,low_shifted_6m,delay_6m,1.0
2029,FY2029,Current finalist High population/comparison,Current planned path,middle_east_low__12c_delay_6m,comparison,total_gross_revenue,Total gross revenues,Totals,6343.965863459524,$m nominal ex GST,calculated_rollup,current_hybrid_formula,current_hybrid_formula,current_revenue_outlook:middle_east_low__12c_delay_6m:FY2029,,,,,,,source_backed,,gross_ruc_revenue + gross_fed_revenue + gross_mvr_revenue + tuc_net_revenue,False,6366.39228297679,-22.426419517265458,available,Model path,current_finalist_model,current_finalist_model,current_model_forecast,current_finalist_forecast,2028Q3; 2028Q4; 2029Q1; 2029Q2,,2028Q3; 2028Q4; 2029Q1; 2029Q2,False,,False,low_shifted_6m,delay_6m,1.0
2029,FY2029,Current finalist High population/comparison,Current planned path,middle_east_low__12c_delay_6m,comparison,total_admin_fees,Total admin fees,Totals,111.53740471398059,$m nominal ex GST,calculated_rollup,current_hybrid_formula,current_hybrid_formula,current_revenue_outlook:middle_east_low__12c_delay_6m:FY2029,,,,,,,source_backed,,ruc_admin_revenue + mvr_admin_revenue + coo_revenue,False,111.537404713981,-4.121147867408581e-13,available,Model path,current_finalist_model,current_finalist_model,current_model_forecast,current_finalist_forecast,2028Q3; 2028Q4; 2029Q1; 2029Q2,,2028Q3; 2028Q4; 2029Q1; 2029Q2,False,,False,low_shifted_6m,delay_6m,1.0
2029,FY2029,Current finalist High population/comparison,Current planned path,middle_east_low__12c_delay_6m,comparison,total_revenue_net_admin,Total revenues net of admin fees,Totals,6232.428458745544,$m nominal ex GST,calculated_rollup,current_hybrid_formula,current_hybrid_formula,current_revenue_outlook:middle_east_low__12c_delay_6m:FY2029,,,,,,,source_backed,,total_gross_revenue - total_admin_fees,False,6254.85487826281,-22.426419517266368,available,Model path,current_finalist_model,current_finalist_model,current_model_forecast,current_finalist_forecast,2028Q3; 2028Q4; 2029Q1; 2029Q2,,2028Q3; 2028Q4; 2029Q1; 2029Q2,False,,False,low_shifted_6m,delay_6m,1.0
2029,FY2029,Current finalist High population/comparison,Current planned path,middle_east_low__12c_delay_6m,comparison,total_refunds,Total refunds,Totals,201.60718336655287,$m nominal ex GST,calculated_rollup,current_hybrid_formula,current_hybrid_formula,current_revenue_outlook:middle_east_low__12c_delay_6m:FY2029,,,,,,,source_backed,,ruc_refunds + fed_refunds + mvr_refunds,False,201.607183366553,-1.1368683772161603e-13,available,Model path,current_finalist_model,current_finalist_model,current_model_forecast,current_finalist_forecast,2028Q3; 2028Q4; 2029Q1; 2029Q2,,2028Q3; 2028Q4; 2029Q1; 2029Q2,False,,False,low_shifted_6m,delay_6m,1.0
2029,FY2029,Current finalist High population/comparison,Current planned path,middle_east_low__12c_delay_6m,comparison,total_nltf_net_revenue,Total NLTF revenue,Totals,6030.821275378991,$m nominal ex GST,calculated_rollup,current_hybrid_formula,current_hybrid_formula,current_revenue_outlook:middle_east_low__12c_delay_6m:FY2029,,,,,,,source_backed,PED__DIAGLAB__B__glsar__ylag1__ar1__wexp; dynamic_RESID_GBR_n150_d1_lr0.05_w36; HEAVY_RUC__VNEXT_SOLVED_CONVEX_TOP4,total_revenue_net_admin - total_refunds,False,6053.24769489626,-22.426419517269096,available,Model path,current_finalist_model,current_finalist_model,current_model_forecast,current_finalist_forecast,2028Q3; 2028Q4; 2029Q1; 2029Q2,,2028Q3; 2028Q4; 2029Q1; 2029Q2,False,,False,low_shifted_6m,delay_6m,1.0
2029,FY2029,Current finalist High population/comparison,Current planned path,middle_east_low__12c_delay_6m,comparison,current_light_ruc_conventional_modelled_km,Current finalist Light RUC conventional modelled km,Key volumes,14131.358557992655,million km,audit_only,current_finalist_model_conventional_light_ruc_forecast,forecast_scenario_comparison.parquet,data/current_revenue_outlook/revenue_chart_rows.csv:middle_east_low__12c_delay_6m:2028Q3; data/current_revenue_outlook/revenue_chart_rows.csv:middle_east_low__12c_delay_6m:2028Q4; data/current_revenue_outlook/revenue_chart_rows.csv:middle_east_low__12c_delay_6m:2029Q1; data/current_revenue_outlook/revenue_chart_rows.csv:middle_east_low__12c_delay_6m:2029Q2,,,,,,,source_backed,dynamic_RESID_GBR_n150_d1_lr0.05_w36,sum quarterly current finalist Light RUC conventional model forecast,False,,,available,Model path,current_finalist_model,current_finalist_model,current_model_forecast,current_finalist_forecast,2028Q3; 2028Q4; 2029Q1; 2029Q2,,2028Q3; 2028Q4; 2029Q1; 2029Q2,False,diesel_elasticity_to_conventional_ice_only; bev_phev_activity_fixed_to_base,True,low_shifted_6m,delay_6m,1.0
2029,FY2029,Current finalist High population/comparison,Current planned path,middle_east_low__12c_delay_6m,comparison,total_fed_ruc_net_revenue,Total RUC+PED revenue,Derived totals,5528.42026569247,$m nominal ex GST,calculated_rollup,current_hybrid_formula,current_hybrid_formula,current_revenue_outlook:middle_east_low__12c_delay_6m:FY2029,,,,,,,source_backed,PED__DIAGLAB__B__glsar__ylag1__ar1__wexp; dynamic_RESID_GBR_n150_d1_lr0.05_w36; HEAVY_RUC__VNEXT_SOLVED_CONVEX_TOP4,net_fed_revenue + total_ruc_net_revenue,False,5550.84668520973,-22.42641951726,available,Model path,current_finalist_model,current_finalist_model,current_model_forecast,current_finalist_forecast,2028Q3; 2028Q4; 2029Q1; 2029Q2,,2028Q3; 2028Q4; 2029Q1; 2029Q2,False,,False,low_shifted_6m,delay_6m,1.0
2030,FY2030,Current finalist High population/comparison,Current planned path,middle_east_low__12c_delay_6m,comparison,light_ruc_net_km,Light RUC net km,Key volumes,14552.97103506161,million km,bridge_input,raw AR(1) PED VKT per capita x scenario-input population; raw Light RUC conventional model forecast expanded by MoT VFM 202405 Base uptake shares (conventional_anchor_vfm_composition_v1),forecast_scenario_comparison.parquet; mbu26_official_annual.csv,data/current_revenue_outlook/revenue_chart_rows.csv:middle_east_low__12c_delay_6m:2029Q3; data/current_revenue_outlook/revenue_chart_rows.csv:middle_east_low__12c_delay_6m:2029Q4; data/current_revenue_outlook/revenue_chart_rows.csv:middle_east_low__12c_delay_6m:2030Q1; data/current_revenue_outlook/revenue_chart_rows.csv:middle_east_low__12c_delay_6m:2030Q2; data/current_revenue_outlook/revenue_chart_rows.csv:middle_east_low__12c_delay_6m:2029Q3; data/current_revenue_outlook/revenue_chart_rows.csv:middle_east_low__12c_delay_6m:2029Q4; data/current_revenue_outlook/revenue_chart_rows.csv:middle_east_low__12c_delay_6m:2030Q1; data/current_revenue_outlook/revenue_chart_rows.csv:middle_east_low__12c_delay_6m:2030Q2; scenario_inputs/scenario_input_wide.parquet:PED:population (2029Q3; 2029Q4; 2030Q1; 2030Q2); VFM 202405 Base uptake shares; MBU26 rate cells AE5; AE7; AE9,,,,,,,source_backed,dynamic_RESID_GBR_n150_d1_lr0.05_w36,raw Light RUC conventional model forecast (preserved exactly under the Base uptake basis),False,14439.0859778169,113.88505724471179,available,Model path,current_finalist_model,current_finalist_model,current_model_forecast,current_finalist_forecast,2029Q3; 2029Q4; 2030Q1; 2030Q2,,2029Q3; 2029Q4; 2030Q1; 2030Q2,False,diesel_elasticity_to_conventional_ice_only; bev_phev_activity_fixed_to_base,True,low_shifted_6m,delay_6m,1.0
2030,FY2030,Current finalist High population/comparison,Current planned path,middle_east_low__12c_delay_6m,comparison,heavy_ruc_net_km,Heavy RUC net km,Key volumes,4230.412228687554,million km,bridge_input,current_finalist_model,forecast_scenario_comparison.parquet,data/current_revenue_outlook/revenue_chart_rows.csv:middle_east_low__12c_delay_6m:2029Q3; data/current_revenue_outlook/revenue_chart_rows.csv:middle_east_low__12c_delay_6m:2029Q4; data/current_revenue_outlook/revenue_chart_rows.csv:middle_east_low__12c_delay_6m:2030Q1; data/current_revenue_outlook/revenue_chart_rows.csv:middle_east_low__12c_delay_6m:2030Q2,,,,,,,source_backed,HEAVY_RUC__VNEXT_SOLVED_CONVEX_TOP4,sum quarterly current finalist Heavy RUC net km,False,4484.64725020264,-254.23502151508637,available,Model path,current_finalist_model,current_finalist_model,current_model_forecast,current_finalist_forecast,2029Q3; 2029Q4; 2030Q1; 2030Q2,,2029Q3; 2029Q4; 2030Q1; 2030Q2,False,,False,low_shifted_6m,delay_6m,1.0
2030,FY2030,Current finalist High population/comparison,Current planned path,middle_east_low__12c_delay_6m,comparison,light_bev_ruc_net_km,Light BEV RUC net km,Key volumes,3437.1140934214673,million km,bridge_input,raw AR(1) PED VKT per capita x scenario-input population; raw Light RUC conventional model forecast expanded by MoT VFM 202405 Base uptake shares (conventional_anchor_vfm_composition_v1),forecast_scenario_comparison.parquet; mbu26_official_annual.csv,data/current_revenue_outlook/revenue_chart_rows.csv:middle_east_low__12c_delay_6m:2029Q3; data/current_revenue_outlook/revenue_chart_rows.csv:middle_east_low__12c_delay_6m:2029Q4; data/current_revenue_outlook/revenue_chart_rows.csv:middle_east_low__12c_delay_6m:2030Q1; data/current_revenue_outlook/revenue_chart_rows.csv:middle_east_low__12c_delay_6m:2030Q2; data/current_revenue_outlook/revenue_chart_rows.csv:middle_east_low__12c_delay_6m:2029Q3; data/current_revenue_outlook/revenue_chart_rows.csv:middle_east_low__12c_delay_6m:2029Q4; data/current_revenue_outlook/revenue_chart_rows.csv:middle_east_low__12c_delay_6m:2030Q1; data/current_revenue_outlook/revenue_chart_rows.csv:middle_east_low__12c_delay_6m:2030Q2; scenario_inputs/scenario_input_wide.parquet:PED:population (2029Q3; 2029Q4; 2030Q1; 2030Q2); VFM 202405 Base uptake shares; MBU26 rate cells AE5; AE7; AE9,,,,,,,source_backed,PED__DIAGLAB__B__glsar__ylag1__ar1__wexp; dynamic_RESID_GBR_n150_d1_lr0.05_w36; HEAVY_RUC__VNEXT_SOLVED_CONVEX_TOP4,base pool (conventional / VFM Base conventional share) * VFM Base Light BEV share,False,3074.13637597232,362.97771744914735,available,Model path,current_finalist_model,current_finalist_model,current_model_forecast,current_finalist_forecast,2029Q3; 2029Q4; 2030Q1; 2030Q2,,2029Q3; 2029Q4; 2030Q1; 2030Q2,False,diesel_elasticity_to_conventional_ice_only; bev_phev_activity_fixed_to_base,True,low_shifted_6m,delay_6m,1.0
2030,FY2030,Current finalist High population/comparison,Current planned path,middle_east_low__12c_delay_6m,comparison,heavy_bev_ruc_net_km,Heavy BEV RUC net km,Key volumes,88.9568688458184,million km,bridge_input,MBU26 official fixed component,annual_spine.csv,AE8,,,,,,,source_backed,,nan,False,88.9568688458184,0.0,available,Model path,current_finalist_model,current_finalist_model,current_model_forecast,current_finalist_forecast,2029Q3; 2029Q4; 2030Q1; 2030Q2,,2029Q3; 2029Q4; 2030Q1; 2030Q2,False,diesel_elasticity_to_conventional_ice_only; bev_phev_activity_fixed_to_base,True,low_shifted_6m,delay_6m,1.0
2030,FY2030,Current finalist High population/comparison,Current planned path,middle_east_low__12c_delay_6m,comparison,phev_ruc_net_km,PHEV RUC net km,Key volumes,1878.889739407174,million km,bridge_input,raw AR(1) PED VKT per capita x scenario-input population; raw Light RUC conventional model forecast expanded by MoT VFM 202405 Base uptake shares (conventional_anchor_vfm_composition_v1),forecast_scenario_comparison.parquet; mbu26_official_annual.csv,data/current_revenue_outlook/revenue_chart_rows.csv:middle_east_low__12c_delay_6m:2029Q3; data/current_revenue_outlook/revenue_chart_rows.csv:middle_east_low__12c_delay_6m:2029Q4; data/current_revenue_outlook/revenue_chart_rows.csv:middle_east_low__12c_delay_6m:2030Q1; data/current_revenue_outlook/revenue_chart_rows.csv:middle_east_low__12c_delay_6m:2030Q2; data/current_revenue_outlook/revenue_chart_rows.csv:middle_east_low__12c_delay_6m:2029Q3; data/current_revenue_outlook/revenue_chart_rows.csv:middle_east_low__12c_delay_6m:2029Q4; data/current_revenue_outlook/revenue_chart_rows.csv:middle_east_low__12c_delay_6m:2030Q1; data/current_revenue_outlook/revenue_chart_rows.csv:middle_east_low__12c_delay_6m:2030Q2; scenario_inputs/scenario_input_wide.parquet:PED:population (2029Q3; 2029Q4; 2030Q1; 2030Q2); VFM 202405 Base uptake shares; MBU26 rate cells AE5; AE7; AE9,,,,,,,source_backed,PED__DIAGLAB__B__glsar__ylag1__ar1__wexp; dynamic_RESID_GBR_n150_d1_lr0.05_w36; HEAVY_RUC__VNEXT_SOLVED_CONVEX_TOP4,base pool (conventional / VFM Base conventional share) * VFM Base PHEV share,False,1688.91801832143,189.97172108574387,available,Model path,current_finalist_model,current_finalist_model,current_model_forecast,current_finalist_forecast,2029Q3; 2029Q4; 2030Q1; 2030Q2,,2029Q3; 2029Q4; 2030Q1; 2030Q2,False,diesel_elasticity_to_conventional_ice_only; bev_phev_activity_fixed_to_base,True,low_shifted_6m,delay_6m,1.0
2030,FY2030,Current finalist High population/comparison,Current planned path,middle_east_low__12c_delay_6m,comparison,ped_volume,PED volume,Key volumes,2889.4008279080367,million litres,bridge_input,raw AR(1) PED VKT/capita + scenario-input population (scenario_input_population) + MBU26 intensity,forecast_scenario_comparison.parquet; scenario_inputs/scenario_input_wide.parquet; mbu26_official_annual.csv,data/current_revenue_outlook/revenue_chart_rows.csv:middle_east_low__12c_delay_6m:2029Q3; data/current_revenue_outlook/revenue_chart_rows.csv:middle_east_low__12c_delay_6m:2029Q4; data/current_revenue_outlook/revenue_chart_rows.csv:middle_east_low__12c_delay_6m:2030Q1; data/current_revenue_outlook/revenue_chart_rows.csv:middle_east_low__12c_delay_6m:2030Q2; data/current_revenue_outlook/revenue_chart_rows.csv:middle_east_low__12c_delay_6m:2029Q3; data/current_revenue_outlook/revenue_chart_rows.csv:middle_east_low__12c_delay_6m:2029Q4; data/current_revenue_outlook/revenue_chart_rows.csv:middle_east_low__12c_delay_6m:2030Q1; data/current_revenue_outlook/revenue_chart_rows.csv:middle_east_low__12c_delay_6m:2030Q2; scenario_inputs/scenario_input_wide.parquet:PED:population (2029Q3; 2029Q4; 2030Q1; 2030Q2); VFM 202405 Base uptake shares; MBU26 rate cells AE5; AE7; AE9,forecast_scenario_comparison.parquet,data/current_revenue_outlook/revenue_chart_rows.csv:middle_east_low__12c_delay_6m:2029Q3; data/current_revenue_outlook/revenue_chart_rows.csv:middle_east_low__12c_delay_6m:2029Q4; data/current_revenue_outlook/revenue_chart_rows.csv:middle_east_low__12c_delay_6m:2030Q1; data/current_revenue_outlook/revenue_chart_rows.csv:middle_east_low__12c_delay_6m:2030Q2,current_finalist_model,scenario_inputs/scenario_input_wide.parquet,scenario_inputs/scenario_input_wide.parquet:PED:population (2029Q3; 2029Q4; 2030Q1; 2030Q2),scenario_input_population,source_backed,PED__DIAGLAB__B__glsar__ylag1__ar1__wexp,raw PED/light-petrol VKT * MBU26 litres intensity / 100,False,2880.43564343742,8.965184470616805,available,Model path,current_finalist_model,current_finalist_model,current_model_forecast,current_finalist_forecast,2029Q3; 2029Q4; 2030Q1; 2030Q2,,2029Q3; 2029Q4; 2030Q1; 2030Q2,False,,False,low_shifted_6m,delay_6m,1.0
2030,FY2030,Current finalist High population/comparison,Current planned path,middle_east_low__12c_delay_6m,comparison,light_petrol_vkt,Light petrol VKT,Key volumes,32993.321829443696,million km,bridge_input,raw AR(1) PED VKT per capita x scenario-input population; raw Light RUC conventional model forecast expanded by MoT VFM 202405 Base uptake shares (conventional_anchor_vfm_composition_v1),forecast_scenario_comparison.parquet; mbu26_official_annual.csv,data/current_revenue_outlook/revenue_chart_rows.csv:middle_east_low__12c_delay_6m:2029Q3; data/current_revenue_outlook/revenue_chart_rows.csv:middle_east_low__12c_delay_6m:2029Q4; data/current_revenue_outlook/revenue_chart_rows.csv:middle_east_low__12c_delay_6m:2030Q1; data/current_revenue_outlook/revenue_chart_rows.csv:middle_east_low__12c_delay_6m:2030Q2; data/current_revenue_outlook/revenue_chart_rows.csv:middle_east_low__12c_delay_6m:2029Q3; data/current_revenue_outlook/revenue_chart_rows.csv:middle_east_low__12c_delay_6m:2029Q4; data/current_revenue_outlook/revenue_chart_rows.csv:middle_east_low__12c_delay_6m:2030Q1; data/current_revenue_outlook/revenue_chart_rows.csv:middle_east_low__12c_delay_6m:2030Q2; scenario_inputs/scenario_input_wide.parquet:PED:population (2029Q3; 2029Q4; 2030Q1; 2030Q2); VFM 202405 Base uptake shares; MBU26 rate cells AE5; AE7; AE9,forecast_scenario_comparison.parquet,data/current_revenue_outlook/revenue_chart_rows.csv:middle_east_low__12c_delay_6m:2029Q3; data/current_revenue_outlook/revenue_chart_rows.csv:middle_east_low__12c_delay_6m:2029Q4; data/current_revenue_outlook/revenue_chart_rows.csv:middle_east_low__12c_delay_6m:2030Q1; data/current_revenue_outlook/revenue_chart_rows.csv:middle_east_low__12c_delay_6m:2030Q2,current_finalist_model,scenario_inputs/scenario_input_wide.parquet,scenario_inputs/scenario_input_wide.parquet:PED:population (2029Q3; 2029Q4; 2030Q1; 2030Q2),scenario_input_population,source_backed,,raw AR(1) PED VKT per capita * scenario-input population,False,32890.9507033464,102.37112609729229,available,Model path,current_finalist_model,current_finalist_model,current_model_forecast,current_finalist_forecast,2029Q3; 2029Q4; 2030Q1; 2030Q2,,2029Q3; 2029Q4; 2030Q1; 2030Q2,False,,False,low_shifted_6m,delay_6m,1.0
2030,FY2030,Current finalist High population/comparison,Current planned path,middle_east_low__12c_delay_6m,comparison,ped_vkt_per_capita,PED VKT per capita,Key volumes,5888.384227680278,km/person,bridge_input,current_finalist_model,forecast_scenario_comparison.parquet,data/current_revenue_outlook/revenue_chart_rows.csv:middle_east_low__12c_delay_6m:2029Q3; data/current_revenue_outlook/revenue_chart_rows.csv:middle_east_low__12c_delay_6m:2029Q4; data/current_revenue_outlook/revenue_chart_rows.csv:middle_east_low__12c_delay_6m:2030Q1; data/current_revenue_outlook/revenue_chart_rows.csv:middle_east_low__12c_delay_6m:2030Q2,forecast_scenario_comparison.parquet,data/current_revenue_outlook/revenue_chart_rows.csv:middle_east_low__12c_delay_6m:2029Q3; data/current_revenue_outlook/revenue_chart_rows.csv:middle_east_low__12c_delay_6m:2029Q4; data/current_revenue_outlook/revenue_chart_rows.csv:middle_east_low__12c_delay_6m:2030Q1; data/current_revenue_outlook/revenue_chart_rows.csv:middle_east_low__12c_delay_6m:2030Q2,current_finalist_model,,,,source_backed,PED__DIAGLAB__B__glsar__ylag1__ar1__wexp,sum quarterly current finalist PED VKT/capita,False,5890.93754143919,-2.553313758911827,available,Model path,current_finalist_model,current_finalist_model,current_model_forecast,current_finalist_forecast,2029Q3; 2029Q4; 2030Q1; 2030Q2,,2029Q3; 2029Q4; 2030Q1; 2030Q2,False,,False,low_shifted_6m,delay_6m,1.0
2030,FY2030,Current finalist High population/comparison,Current planned path,middle_east_low__12c_delay_6m,comparison,tuc_gtk,TUC GTK,Key volumes,8179315222.66,tonne-km,bridge_input,MBU26 official fixed component,annual_spine.csv,AE13,,,,,,,source_backed,,nan,False,8179315222.66,0.0,available,Model path,current_finalist_model,current_finalist_model,current_model_forecast,current_finalist_forecast,2029Q3; 2029Q4; 2030Q1; 2030Q2,,2029Q3; 2029Q4; 2030Q1; 2030Q2,False,,False,low_shifted_6m,delay_6m,1.0
2030,FY2030,Current finalist High population/comparison,Current planned path,middle_east_low__12c_delay_6m,comparison,light_ruc_net_revenue,Light RUC revenue,RUC,1309.1303913442223,$m nominal ex GST,replacement_line,"raw AR(1) PED bridge and conventional-anchor VFM composition, scenario-input population and MBU26 effective rate",forecast_scenario_comparison.parquet; mbu26_official_annual.csv,data/current_revenue_outlook/revenue_chart_rows.csv:middle_east_low__12c_delay_6m:2029Q3; data/current_revenue_outlook/revenue_chart_rows.csv:middle_east_low__12c_delay_6m:2029Q4; data/current_revenue_outlook/revenue_chart_rows.csv:middle_east_low__12c_delay_6m:2030Q1; data/current_revenue_outlook/revenue_chart_rows.csv:middle_east_low__12c_delay_6m:2030Q2; data/current_revenue_outlook/revenue_chart_rows.csv:middle_east_low__12c_delay_6m:2029Q3; data/current_revenue_outlook/revenue_chart_rows.csv:middle_east_low__12c_delay_6m:2029Q4; data/current_revenue_outlook/revenue_chart_rows.csv:middle_east_low__12c_delay_6m:2030Q1; data/current_revenue_outlook/revenue_chart_rows.csv:middle_east_low__12c_delay_6m:2030Q2; scenario_inputs/scenario_input_wide.parquet:PED:population (2029Q3; 2029Q4; 2030Q1; 2030Q2); VFM 202405 Base uptake shares; MBU26 rate cells AE5; AE7; AE9,,,,,,,source_backed,dynamic_RESID_GBR_n150_d1_lr0.05_w36,conventional Light RUC km * MBU26 conventional Light effective rate,True,1298.88572108412,10.244670260102566,available,Model path,current_finalist_model,current_finalist_model,current_model_forecast,current_finalist_forecast,2029Q3; 2029Q4; 2030Q1; 2030Q2,,2029Q3; 2029Q4; 2030Q1; 2030Q2,False,diesel_elasticity_to_conventional_ice_only; bev_phev_activity_fixed_to_base,True,low_shifted_6m,delay_6m,1.0
2030,FY2030,Current finalist High population/comparison,Current planned path,middle_east_low__12c_delay_6m,comparison,heavy_ruc_net_revenue,Heavy RUC revenue,RUC,1561.9346558206585,$m nominal ex GST,replacement_line,current_finalist_model + MBU26 effective rate,forecast_scenario_comparison.parquet; mbu26_official_annual.csv,data/current_revenue_outlook/revenue_chart_rows.csv:middle_east_low__12c_delay_6m:2029Q3; data/current_revenue_outlook/revenue_chart_rows.csv:middle_east_low__12c_delay_6m:2029Q4; data/current_revenue_outlook/revenue_chart_rows.csv:middle_east_low__12c_delay_6m:2030Q1; data/current_revenue_outlook/revenue_chart_rows.csv:middle_east_low__12c_delay_6m:2030Q2,,,,,,,source_backed,HEAVY_RUC__VNEXT_SOLVED_CONVEX_TOP4,sum quarterly current Heavy RUC net km * MBU26 effective rate,True,1655.80221986912,-93.86756404846165,available,Model path,current_finalist_model,current_finalist_model,current_model_forecast,current_finalist_forecast,2029Q3; 2029Q4; 2030Q1; 2030Q2,,2029Q3; 2029Q4; 2030Q1; 2030Q2,False,,False,low_shifted_6m,delay_6m,1.0
2030,FY2030,Current finalist High population/comparison,Current planned path,middle_east_low__12c_delay_6m,comparison,light_bev_ruc_net_revenue,Light BEV RUC net revenue,RUC,309.21996941466256,$m nominal ex GST,replacement_line,"raw AR(1) PED bridge and conventional-anchor VFM composition, scenario-input population and MBU26 effective rate",forecast_scenario_comparison.parquet; mbu26_official_annual.csv,data/current_revenue_outlook/revenue_chart_rows.csv:middle_east_low__12c_delay_6m:2029Q3; data/current_revenue_outlook/revenue_chart_rows.csv:middle_east_low__12c_delay_6m:2029Q4; data/current_revenue_outlook/revenue_chart_rows.csv:middle_east_low__12c_delay_6m:2030Q1; data/current_revenue_outlook/revenue_chart_rows.csv:middle_east_low__12c_delay_6m:2030Q2; data/current_revenue_outlook/revenue_chart_rows.csv:middle_east_low__12c_delay_6m:2029Q3; data/current_revenue_outlook/revenue_chart_rows.csv:middle_east_low__12c_delay_6m:2029Q4; data/current_revenue_outlook/revenue_chart_rows.csv:middle_east_low__12c_delay_6m:2030Q1; data/current_revenue_outlook/revenue_chart_rows.csv:middle_east_low__12c_delay_6m:2030Q2; scenario_inputs/scenario_input_wide.parquet:PED:population (2029Q3; 2029Q4; 2030Q1; 2030Q2); VFM 202405 Base uptake shares; MBU26 rate cells AE5; AE7; AE9,,,,,,,source_backed,PED__DIAGLAB__B__glsar__ylag1__ar1__wexp; dynamic_RESID_GBR_n150_d1_lr0.05_w36; HEAVY_RUC__VNEXT_SOLVED_CONVEX_TOP4,allocated Light BEV RUC km * MBU26 Light BEV effective rate,True,276.56467906435,32.655290350312555,available,Model path,current_finalist_model,current_finalist_model,current_model_forecast,current_finalist_forecast,2029Q3; 2029Q4; 2030Q1; 2030Q2,,2029Q3; 2029Q4; 2030Q1; 2030Q2,False,diesel_elasticity_to_conventional_ice_only; bev_phev_activity_fixed_to_base,True,low_shifted_6m,delay_6m,1.0
2030,FY2030,Current finalist High population/comparison,Current planned path,middle_east_low__12c_delay_6m,comparison,heavy_bev_ruc_net_revenue,Heavy BEV RUC net revenue,RUC,32.8477686056627,$m nominal ex GST,leaf,MBU26 official fixed component,annual_spine.csv,AE31,,,,,,,source_backed,,nan,False,32.8477686056627,0.0,available,Model path,current_finalist_model,current_finalist_model,current_model_forecast,current_finalist_forecast,2029Q3; 2029Q4; 2030Q1; 2030Q2,,2029Q3; 2029Q4; 2030Q1; 2030Q2,False,diesel_elasticity_to_conventional_ice_only; bev_phev_activity_fixed_to_base,True,low_shifted_6m,delay_6m,1.0
2030,FY2030,Current finalist High population/comparison,Current planned path,middle_east_low__12c_delay_6m,comparison,phev_ruc_net_revenue,PHEV RUC net revenue,RUC,83.356943288799,$m nominal ex GST,replacement_line,"raw AR(1) PED bridge and conventional-anchor VFM composition, scenario-input population and MBU26 effective rate",forecast_scenario_comparison.parquet; mbu26_official_annual.csv,data/current_revenue_outlook/revenue_chart_rows.csv:middle_east_low__12c_delay_6m:2029Q3; data/current_revenue_outlook/revenue_chart_rows.csv:middle_east_low__12c_delay_6m:2029Q4; data/current_revenue_outlook/revenue_chart_rows.csv:middle_east_low__12c_delay_6m:2030Q1; data/current_revenue_outlook/revenue_chart_rows.csv:middle_east_low__12c_delay_6m:2030Q2; data/current_revenue_outlook/revenue_chart_rows.csv:middle_east_low__12c_delay_6m:2029Q3; data/current_revenue_outlook/revenue_chart_rows.csv:middle_east_low__12c_delay_6m:2029Q4; data/current_revenue_outlook/revenue_chart_rows.csv:middle_east_low__12c_delay_6m:2030Q1; data/current_revenue_outlook/revenue_chart_rows.csv:middle_east_low__12c_delay_6m:2030Q2; scenario_inputs/scenario_input_wide.parquet:PED:population (2029Q3; 2029Q4; 2030Q1; 2030Q2); VFM 202405 Base uptake shares; MBU26 rate cells AE5; AE7; AE9,,,,,,,source_backed,PED__DIAGLAB__B__glsar__ylag1__ar1__wexp; dynamic_RESID_GBR_n150_d1_lr0.05_w36; HEAVY_RUC__VNEXT_SOLVED_CONVEX_TOP4,allocated PHEV RUC km * MBU26 PHEV effective rate,True,74.92884788283,8.428095405969003,available,Model path,current_finalist_model,current_finalist_model,current_model_forecast,current_finalist_forecast,2029Q3; 2029Q4; 2030Q1; 2030Q2,,2029Q3; 2029Q4; 2030Q1; 2030Q2,False,diesel_elasticity_to_conventional_ice_only; bev_phev_activity_fixed_to_base,True,low_shifted_6m,delay_6m,1.0
2030,FY2030,Current finalist High population/comparison,Current planned path,middle_east_low__12c_delay_6m,comparison,ruc_refunds,RUC refunds,RUC,111.156651009308,$m nominal ex GST,deduction,MBU26 official fixed component,annual_spine.csv,AE33,,,,,,,source_backed,,nan,False,111.156651009308,0.0,available,Model path,current_finalist_model,current_finalist_model,current_model_forecast,current_finalist_forecast,2029Q3; 2029Q4; 2030Q1; 2030Q2,,2029Q3; 2029Q4; 2030Q1; 2030Q2,False,,False,low_shifted_6m,delay_6m,1.0
2030,FY2030,Current finalist High population/comparison,Current planned path,middle_east_low__12c_delay_6m,comparison,gross_ruc_revenue,Gross RUC revenue,RUC,3407.646379483313,$m nominal ex GST,calculated_rollup,current_hybrid_formula,current_hybrid_formula,current_revenue_outlook:middle_east_low__12c_delay_6m:FY2030,,,,,,,source_backed,,optimized light_ruc_net_revenue + heavy_ruc_net_revenue + optimized light_bev_ruc_net_revenue + MBU26 heavy_bev_ruc_net_revenue + optimized phev_ruc_net_revenue + MBU26 ruc_refunds,False,3450.56913427481,-42.92275479149703,available,Model path,current_finalist_model,current_finalist_model,current_model_forecast,current_finalist_forecast,2029Q3; 2029Q4; 2030Q1; 2030Q2,,2029Q3; 2029Q4; 2030Q1; 2030Q2,False,,False,low_shifted_6m,delay_6m,1.0
2030,FY2030,Current finalist High population/comparison,Current planned path,middle_east_low__12c_delay_6m,comparison,ruc_admin_revenue,RUC admin revenue,RUC,42.5523569088689,$m nominal ex GST,deduction,MBU26 official fixed component,annual_spine.csv,AE35,,,,,,,source_backed,,nan,False,42.5523569088689,0.0,available,Model path,current_finalist_model,current_finalist_model,current_model_forecast,current_finalist_forecast,2029Q3; 2029Q4; 2030Q1; 2030Q2,,2029Q3; 2029Q4; 2030Q1; 2030Q2,False,,False,low_shifted_6m,delay_6m,1.0
2030,FY2030,Current finalist High population/comparison,Current planned path,middle_east_low__12c_delay_6m,comparison,ruc_revenue_net_admin,RUC revenues net of admin fees,RUC,3365.094022574444,$m nominal ex GST,calculated_rollup,current_hybrid_formula,current_hybrid_formula,current_revenue_outlook:middle_east_low__12c_delay_6m:FY2030,,,,,,,source_backed,,gross_ruc_revenue - MBU26 ruc_admin_revenue,False,3408.01677736594,-42.92275479149612,available,Model path,current_finalist_model,current_finalist_model,current_model_forecast,current_finalist_forecast,2029Q3; 2029Q4; 2030Q1; 2030Q2,,2029Q3; 2029Q4; 2030Q1; 2030Q2,False,,False,low_shifted_6m,delay_6m,1.0
2030,FY2030,Current finalist High population/comparison,Current planned path,middle_east_low__12c_delay_6m,comparison,total_ruc_net_revenue,Total RUC all classes,RUC,3253.937371565136,$m nominal ex GST,calculated_rollup,current_hybrid_formula,current_hybrid_formula,current_revenue_outlook:middle_east_low__12c_delay_6m:FY2030,,,,,,,source_backed,PED__DIAGLAB__B__glsar__ylag1__ar1__wexp; dynamic_RESID_GBR_n150_d1_lr0.05_w36; HEAVY_RUC__VNEXT_SOLVED_CONVEX_TOP4,ruc_revenue_net_admin - MBU26 ruc_refunds,False,3296.86012635663,-42.9227547914943,available,Model path,current_finalist_model,current_finalist_model,current_model_forecast,current_finalist_forecast,2029Q3; 2029Q4; 2030Q1; 2030Q2,,2029Q3; 2029Q4; 2030Q1; 2030Q2,False,,False,low_shifted_6m,delay_6m,1.0
2030,FY2030,Current finalist High population/comparison,Current planned path,middle_east_low__12c_delay_6m,comparison,gross_ped_revenue,PED revenue,FED,2716.346661608292,$m nominal ex GST,replacement_line,"raw AR(1) PED bridge and conventional-anchor VFM composition, scenario-input population and MBU26 effective rate; population_source=scenario_input_population",forecast_scenario_comparison.parquet; scenario_inputs/scenario_input_wide.parquet; mbu26_official_annual.csv,data/current_revenue_outlook/revenue_chart_rows.csv:middle_east_low__12c_delay_6m:2029Q3; data/current_revenue_outlook/revenue_chart_rows.csv:middle_east_low__12c_delay_6m:2029Q4; data/current_revenue_outlook/revenue_chart_rows.csv:middle_east_low__12c_delay_6m:2030Q1; data/current_revenue_outlook/revenue_chart_rows.csv:middle_east_low__12c_delay_6m:2030Q2; data/current_revenue_outlook/revenue_chart_rows.csv:middle_east_low__12c_delay_6m:2029Q3; data/current_revenue_outlook/revenue_chart_rows.csv:middle_east_low__12c_delay_6m:2029Q4; data/current_revenue_outlook/revenue_chart_rows.csv:middle_east_low__12c_delay_6m:2030Q1; data/current_revenue_outlook/revenue_chart_rows.csv:middle_east_low__12c_delay_6m:2030Q2; scenario_inputs/scenario_input_wide.parquet:PED:population (2029Q3; 2029Q4; 2030Q1; 2030Q2); VFM 202405 Base uptake shares; MBU26 rate cells AE5; AE7; AE9,forecast_scenario_comparison.parquet,data/current_revenue_outlook/revenue_chart_rows.csv:middle_east_low__12c_delay_6m:2029Q3; data/current_revenue_outlook/revenue_chart_rows.csv:middle_east_low__12c_delay_6m:2029Q4; data/current_revenue_outlook/revenue_chart_rows.csv:middle_east_low__12c_delay_6m:2030Q1; data/current_revenue_outlook/revenue_chart_rows.csv:middle_east_low__12c_delay_6m:2030Q2,current_finalist_model,scenario_inputs/scenario_input_wide.parquet,scenario_inputs/scenario_input_wide.parquet:PED:population (2029Q3; 2029Q4; 2030Q1; 2030Q2),scenario_input_population,source_backed,PED__DIAGLAB__B__glsar__ylag1__ar1__wexp,raw PED/light-petrol VKT * MBU26 litres intensity / 100 * MBU26 PED rate,True,2707.91842670497,8.428234903321936,available,Model path,current_finalist_model,current_finalist_model,current_model_forecast,current_finalist_forecast,2029Q3; 2029Q4; 2030Q1; 2030Q2,,2029Q3; 2029Q4; 2030Q1; 2030Q2,False,,False,low_shifted_6m,delay_6m,1.0
2030,FY2030,Current finalist High population/comparison,Current planned path,middle_east_low__12c_delay_6m,comparison,gross_lpg_revenue,Gross LPG revenue,FED,43.2447778470936,$m nominal ex GST,leaf,MBU26 official fixed component,annual_spine.csv,AE41,,,,,,,source_backed,,nan,False,43.2447778470936,0.0,available,Model path,current_finalist_model,current_finalist_model,current_model_forecast,current_finalist_forecast,2029Q3; 2029Q4; 2030Q1; 2030Q2,,2029Q3; 2029Q4; 2030Q1; 2030Q2,False,,False,low_shifted_6m,delay_6m,1.0
2030,FY2030,Current finalist High population/comparison,Current planned path,middle_east_low__12c_delay_6m,comparison,gross_cng_revenue,Gross CNG revenue,FED,0.0,$m nominal ex GST,leaf,MBU26 official fixed component,annual_spine.csv,AE42,,,,,,,source_backed,,nan,False,0.0,0.0,available,Model path,current_finalist_model,current_finalist_model,current_model_forecast,current_finalist_forecast,2029Q3; 2029Q4; 2030Q1; 2030Q2,,2029Q3; 2029Q4; 2030Q1; 2030Q2,False,,False,low_shifted_6m,delay_6m,1.0
2030,FY2030,Current finalist High population/comparison,Current planned path,middle_east_low__12c_delay_6m,comparison,gross_fed_revenue,Gross FED revenue,FED,2759.5914394553856,$m nominal ex GST,calculated_rollup,current_hybrid_formula,current_hybrid_formula,current_revenue_outlook:middle_east_low__12c_delay_6m:FY2030,,,,,,,source_backed,PED__DIAGLAB__B__glsar__ylag1__ar1__wexp,gross_ped_revenue + MBU26 gross_lpg_revenue + MBU26 gross_cng_revenue,False,2751.16320455207,8.42823490331557,available,Model path,current_finalist_model,current_finalist_model,current_model_forecast,current_finalist_forecast,2029Q3; 2029Q4; 2030Q1; 2030Q2,,2029Q3; 2029Q4; 2030Q1; 2030Q2,False,,False,low_shifted_6m,delay_6m,1.0
2030,FY2030,Current finalist High population/comparison,Current planned path,middle_east_low__12c_delay_6m,comparison,fed_refunds,FED refunds,FED,102.477188461442,$m nominal ex GST,deduction,MBU26 official fixed component,annual_spine.csv,AE44,,,,,,,source_backed,,nan,False,102.477188461442,0.0,available,Model path,current_finalist_model,current_finalist_model,current_model_forecast,current_finalist_forecast,2029Q3; 2029Q4; 2030Q1; 2030Q2,,2029Q3; 2029Q4; 2030Q1; 2030Q2,False,,False,low_shifted_6m,delay_6m,1.0
2030,FY2030,Current finalist High population/comparison,Current planned path,middle_east_low__12c_delay_6m,comparison,net_fed_revenue,Net FED revenue,FED,2657.1142509939436,$m nominal ex GST,calculated_rollup,current_hybrid_formula,current_hybrid_formula,current_revenue_outlook:middle_east_low__12c_delay_6m:FY2030,,,,,,,source_backed,PED__DIAGLAB__B__glsar__ylag1__ar1__wexp,gross_fed_revenue - MBU26 fed_refunds,False,2648.68601609063,8.42823490331375,available,Model path,current_finalist_model,current_finalist_model,current_model_forecast,current_finalist_forecast,2029Q3; 2029Q4; 2030Q1; 2030Q2,,2029Q3; 2029Q4; 2030Q1; 2030Q2,False,,False,low_shifted_6m,delay_6m,1.0
2030,FY2030,Current finalist High population/comparison,Current planned path,middle_east_low__12c_delay_6m,comparison,mr1_revenue,MR1 revenue,MVR,520.957974139895,$m nominal ex GST,leaf,MBU26 official fixed component,annual_spine.csv,AE48,,,,,,,source_backed,,nan,False,520.957974139895,0.0,available,Model path,current_finalist_model,current_finalist_model,current_model_forecast,current_finalist_forecast,2029Q3; 2029Q4; 2030Q1; 2030Q2,,2029Q3; 2029Q4; 2030Q1; 2030Q2,False,,False,low_shifted_6m,delay_6m,1.0
2030,FY2030,Current finalist High population/comparison,Current planned path,middle_east_low__12c_delay_6m,comparison,mr2_revenue,MR2 revenue,MVR,32.0452026276956,$m nominal ex GST,leaf,MBU26 official fixed component,annual_spine.csv,AE49,,,,,,,source_backed,,nan,False,32.0452026276956,0.0,available,Model path,current_finalist_model,current_finalist_model,current_model_forecast,current_finalist_forecast,2029Q3; 2029Q4; 2030Q1; 2030Q2,,2029Q3; 2029Q4; 2030Q1; 2030Q2,False,,False,low_shifted_6m,delay_6m,1.0
2030,FY2030,Current finalist High population/comparison,Current planned path,middle_east_low__12c_delay_6m,comparison,coo_revenue,MR13,MVR,0.0,$m nominal ex GST,deduction,MBU26 official fixed component,annual_spine.csv,AE50,,,,,,,source_backed,,nan,False,0.0,0.0,available,Model path,current_finalist_model,current_finalist_model,current_model_forecast,current_finalist_forecast,2029Q3; 2029Q4; 2030Q1; 2030Q2,,2029Q3; 2029Q4; 2030Q1; 2030Q2,False,,False,low_shifted_6m,delay_6m,1.0
2030,FY2030,Current finalist High population/comparison,Current planned path,middle_east_low__12c_delay_6m,comparison,gross_mvr_revenue,Gross MVR revenue,MVR,553.0031767675906,$m nominal ex GST,calculated_rollup,MBU26 official formula,mbu26_official_annual.csv,AE51,,,,,,,source_backed,,mr1_revenue + mr2_revenue + coo_revenue,False,553.003176767591,-3.410605131648481e-13,available,Model path,current_finalist_model,current_finalist_model,current_model_forecast,current_finalist_forecast,2029Q3; 2029Q4; 2030Q1; 2030Q2,,2029Q3; 2029Q4; 2030Q1; 2030Q2,False,,False,low_shifted_6m,delay_6m,1.0
2030,FY2030,Current finalist High population/comparison,Current planned path,middle_east_low__12c_delay_6m,comparison,mvr_admin_revenue,MVR admin revenue,MVR,71.1689452067262,$m nominal ex GST,deduction,MBU26 official fixed component,annual_spine.csv,AE52,,,,,,,source_backed,,nan,False,71.1689452067262,0.0,available,Model path,current_finalist_model,current_finalist_model,current_model_forecast,current_finalist_forecast,2029Q3; 2029Q4; 2030Q1; 2030Q2,,2029Q3; 2029Q4; 2030Q1; 2030Q2,False,,False,low_shifted_6m,delay_6m,1.0
2030,FY2030,Current finalist High population/comparison,Current planned path,middle_east_low__12c_delay_6m,comparison,mvr_revenue_net_admin_coo,MVR revenues net of admin fees and COO,MVR,481.8342315608644,$m nominal ex GST,calculated_rollup,MBU26 official formula,mbu26_official_annual.csv,AE53,,,,,,,source_backed,,mr1_revenue + mr2_revenue - mvr_admin_revenue,False,481.834231560865,-6.252776074688882e-13,available,Model path,current_finalist_model,current_finalist_model,current_model_forecast,current_finalist_forecast,2029Q3; 2029Q4; 2030Q1; 2030Q2,,2029Q3; 2029Q4; 2030Q1; 2030Q2,False,,False,low_shifted_6m,delay_6m,1.0
2030,FY2030,Current finalist High population/comparison,Current planned path,middle_east_low__12c_delay_6m,comparison,mvr_refunds,MVR refunds,MVR,1.95051327200492,$m nominal ex GST,deduction,MBU26 official fixed component,annual_spine.csv,AE54,,,,,,,source_backed,,nan,False,1.95051327200492,0.0,available,Model path,current_finalist_model,current_finalist_model,current_model_forecast,current_finalist_forecast,2029Q3; 2029Q4; 2030Q1; 2030Q2,,2029Q3; 2029Q4; 2030Q1; 2030Q2,False,,False,low_shifted_6m,delay_6m,1.0
2030,FY2030,Current finalist High population/comparison,Current planned path,middle_east_low__12c_delay_6m,comparison,net_mvr_revenue,Net MVR revenue,MVR,479.8837182888595,$m nominal ex GST,calculated_rollup,MBU26 official formula,mbu26_official_annual.csv,AE55,,,,,,,source_backed,,mvr_revenue_net_admin_coo - mvr_refunds,False,479.88371828886,-5.115907697472721e-13,available,Model path,current_finalist_model,current_finalist_model,current_model_forecast,current_finalist_forecast,2029Q3; 2029Q4; 2030Q1; 2030Q2,,2029Q3; 2029Q4; 2030Q1; 2030Q2,False,,False,low_shifted_6m,delay_6m,1.0
2030,FY2030,Current finalist High population/comparison,Current planned path,middle_east_low__12c_delay_6m,comparison,tuc_net_revenue,TUC net revenue,TUC,17.5578996928248,$m nominal ex GST,leaf,MBU26 official fixed component,annual_spine.csv,AE58,,,,,,,source_backed,,nan,False,17.5578996928248,0.0,available,Model path,current_finalist_model,current_finalist_model,current_model_forecast,current_finalist_forecast,2029Q3; 2029Q4; 2030Q1; 2030Q2,,2029Q3; 2029Q4; 2030Q1; 2030Q2,False,,False,low_shifted_6m,delay_6m,1.0
2030,FY2030,Current finalist High population/comparison,Current planned path,middle_east_low__12c_delay_6m,comparison,total_gross_revenue,Total gross revenues,Totals,6737.798895399114,$m nominal ex GST,calculated_rollup,current_hybrid_formula,current_hybrid_formula,current_revenue_outlook:middle_east_low__12c_delay_6m:FY2030,,,,,,,source_backed,,gross_ruc_revenue + gross_fed_revenue + gross_mvr_revenue + tuc_net_revenue,False,6772.29341528729,-34.494519888176,available,Model path,current_finalist_model,current_finalist_model,current_model_forecast,current_finalist_forecast,2029Q3; 2029Q4; 2030Q1; 2030Q2,,2029Q3; 2029Q4; 2030Q1; 2030Q2,False,,False,low_shifted_6m,delay_6m,1.0
2030,FY2030,Current finalist High population/comparison,Current planned path,middle_east_low__12c_delay_6m,comparison,total_admin_fees,Total admin fees,Totals,113.72130211559511,$m nominal ex GST,calculated_rollup,current_hybrid_formula,current_hybrid_formula,current_revenue_outlook:middle_east_low__12c_delay_6m:FY2030,,,,,,,source_backed,,ruc_admin_revenue + mvr_admin_revenue + coo_revenue,False,113.721302115595,1.1368683772161603e-13,available,Model path,current_finalist_model,current_finalist_model,current_model_forecast,current_finalist_forecast,2029Q3; 2029Q4; 2030Q1; 2030Q2,,2029Q3; 2029Q4; 2030Q1; 2030Q2,False,,False,low_shifted_6m,delay_6m,1.0
2030,FY2030,Current finalist High population/comparison,Current planned path,middle_east_low__12c_delay_6m,comparison,total_revenue_net_admin,Total revenues net of admin fees,Totals,6624.0775932835195,$m nominal ex GST,calculated_rollup,current_hybrid_formula,current_hybrid_formula,current_revenue_outlook:middle_east_low__12c_delay_6m:FY2030,,,,,,,source_backed,,total_gross_revenue - total_admin_fees,False,6658.5721131717,-34.49451988818055,available,Model path,current_finalist_model,current_finalist_model,current_model_forecast,current_finalist_forecast,2029Q3; 2029Q4; 2030Q1; 2030Q2,,2029Q3; 2029Q4; 2030Q1; 2030Q2,False,,False,low_shifted_6m,delay_6m,1.0
2030,FY2030,Current finalist High population/comparison,Current planned path,middle_east_low__12c_delay_6m,comparison,total_refunds,Total refunds,Totals,215.58435274275493,$m nominal ex GST,calculated_rollup,current_hybrid_formula,current_hybrid_formula,current_revenue_outlook:middle_east_low__12c_delay_6m:FY2030,,,,,,,source_backed,,ruc_refunds + fed_refunds + mvr_refunds,False,215.584352742755,-8.526512829121202e-14,available,Model path,current_finalist_model,current_finalist_model,current_model_forecast,current_finalist_forecast,2029Q3; 2029Q4; 2030Q1; 2030Q2,,2029Q3; 2029Q4; 2030Q1; 2030Q2,False,,False,low_shifted_6m,delay_6m,1.0
2030,FY2030,Current finalist High population/comparison,Current planned path,middle_east_low__12c_delay_6m,comparison,total_nltf_net_revenue,Total NLTF revenue,Totals,6408.493240540764,$m nominal ex GST,calculated_rollup,current_hybrid_formula,current_hybrid_formula,current_revenue_outlook:middle_east_low__12c_delay_6m:FY2030,,,,,,,source_backed,PED__DIAGLAB__B__glsar__ylag1__ar1__wexp; dynamic_RESID_GBR_n150_d1_lr0.05_w36; HEAVY_RUC__VNEXT_SOLVED_CONVEX_TOP4,total_revenue_net_admin - total_refunds,False,6442.98776042894,-34.494519888176,available,Model path,current_finalist_model,current_finalist_model,current_model_forecast,current_finalist_forecast,2029Q3; 2029Q4; 2030Q1; 2030Q2,,2029Q3; 2029Q4; 2030Q1; 2030Q2,False,,False,low_shifted_6m,delay_6m,1.0
2030,FY2030,Current finalist High population/comparison,Current planned path,middle_east_low__12c_delay_6m,comparison,current_light_ruc_conventional_modelled_km,Current finalist Light RUC conventional modelled km,Key volumes,14552.971035061613,million km,audit_only,current_finalist_model_conventional_light_ruc_forecast,forecast_scenario_comparison.parquet,data/current_revenue_outlook/revenue_chart_rows.csv:middle_east_low__12c_delay_6m:2029Q3; data/current_revenue_outlook/revenue_chart_rows.csv:middle_east_low__12c_delay_6m:2029Q4; data/current_revenue_outlook/revenue_chart_rows.csv:middle_east_low__12c_delay_6m:2030Q1; data/current_revenue_outlook/revenue_chart_rows.csv:middle_east_low__12c_delay_6m:2030Q2,,,,,,,source_backed,dynamic_RESID_GBR_n150_d1_lr0.05_w36,sum quarterly current finalist Light RUC conventional model forecast,False,,,available,Model path,current_finalist_model,current_finalist_model,current_model_forecast,current_finalist_forecast,2029Q3; 2029Q4; 2030Q1; 2030Q2,,2029Q3; 2029Q4; 2030Q1; 2030Q2,False,diesel_elasticity_to_conventional_ice_only; bev_phev_activity_fixed_to_base,True,low_shifted_6m,delay_6m,1.0
2030,FY2030,Current finalist High population/comparison,Current planned path,middle_east_low__12c_delay_6m,comparison,total_fed_ruc_net_revenue,Total RUC+PED revenue,Derived totals,5911.05162255908,$m nominal ex GST,calculated_rollup,current_hybrid_formula,current_hybrid_formula,current_revenue_outlook:middle_east_low__12c_delay_6m:FY2030,,,,,,,source_backed,PED__DIAGLAB__B__glsar__ylag1__ar1__wexp; dynamic_RESID_GBR_n150_d1_lr0.05_w36; HEAVY_RUC__VNEXT_SOLVED_CONVEX_TOP4,net_fed_revenue + total_ruc_net_revenue,False,5945.54614244726,-34.49451988817964,available,Model path,current_finalist_model,current_finalist_model,current_model_forecast,current_finalist_forecast,2029Q3; 2029Q4; 2030Q1; 2030Q2,,2029Q3; 2029Q4; 2030Q1; 2030Q2,False,,False,low_shifted_6m,delay_6m,1.0
2025,FY2025,Current finalist High population/comparison,Current planned path,middle_east_medium__12c_delay_6m,comparison,light_ruc_net_km,Light RUC net km,Key volumes,12273.983872,million km,bridge_input,MBU26 actual anchor,annual_spine.csv,Z5,,,,,,,ACTUAL,dynamic_RESID_GBR_n150_d1_lr0.05_w36,,False,12273.983872,0.0,available,Model path,current_finalist_model,current_finalist_model,current_model_forecast,Actual anchor,2024Q3; 2024Q4; 2025Q1; 2025Q2,2024Q3; 2024Q4; 2025Q1; 2025Q2,,False,diesel_elasticity_to_conventional_ice_only; bev_phev_activity_fixed_to_base,True,medium_shifted_6m,delay_6m,1.0
2025,FY2025,Current finalist High population/comparison,Current planned path,middle_east_medium__12c_delay_6m,comparison,heavy_ruc_net_km,Heavy RUC net km,Key volumes,3981.873439,million km,bridge_input,MBU26 actual anchor,annual_spine.csv,Z6,,,,,,,ACTUAL,HEAVY_RUC__VNEXT_SOLVED_CONVEX_TOP4,,False,3981.873439,0.0,available,Model path,current_finalist_model,current_finalist_model,current_model_forecast,Actual anchor,2024Q3; 2024Q4; 2025Q1; 2025Q2,2024Q3; 2024Q4; 2025Q1; 2025Q2,,False,,False,medium_shifted_6m,delay_6m,1.0
2025,FY2025,Current finalist High population/comparison,Current planned path,middle_east_medium__12c_delay_6m,comparison,light_bev_ruc_net_km,Light BEV RUC net km,Key volumes,820.641429,million km,bridge_input,MBU26 actual anchor,annual_spine.csv,Z7,,,,,,,ACTUAL,PED__DIAGLAB__B__glsar__ylag1__ar1__wexp; dynamic_RESID_GBR_n150_d1_lr0.05_w36; HEAVY_RUC__VNEXT_SOLVED_CONVEX_TOP4,,False,820.641429,0.0,available,Model path,current_finalist_model,current_finalist_model,current_model_forecast,Actual anchor,2024Q3; 2024Q4; 2025Q1; 2025Q2,2024Q3; 2024Q4; 2025Q1; 2025Q2,,False,diesel_elasticity_to_conventional_ice_only; bev_phev_activity_fixed_to_base,True,medium_shifted_6m,delay_6m,1.0
2025,FY2025,Current finalist High population/comparison,Current planned path,middle_east_medium__12c_delay_6m,comparison,heavy_bev_ruc_net_km,Heavy BEV RUC net km,Key volumes,0.0,million km,bridge_input,MBU26 actual anchor,annual_spine.csv,Z8,,,,,,,ACTUAL,,,False,0.0,0.0,available,Model path,current_finalist_model,current_finalist_model,current_model_forecast,Actual anchor,2024Q3; 2024Q4; 2025Q1; 2025Q2,2024Q3; 2024Q4; 2025Q1; 2025Q2,,False,diesel_elasticity_to_conventional_ice_only; bev_phev_activity_fixed_to_base,True,medium_shifted_6m,delay_6m,1.0
2025,FY2025,Current finalist High population/comparison,Current planned path,middle_east_medium__12c_delay_6m,comparison,phev_ruc_net_km,PHEV RUC net km,Key volumes,435.117435,million km,bridge_input,MBU26 actual anchor,annual_spine.csv,Z9,,,,,,,ACTUAL,PED__DIAGLAB__B__glsar__ylag1__ar1__wexp; dynamic_RESID_GBR_n150_d1_lr0.05_w36; HEAVY_RUC__VNEXT_SOLVED_CONVEX_TOP4,,False,435.117435,0.0,available,Model path,current_finalist_model,current_finalist_model,current_model_forecast,Actual anchor,2024Q3; 2024Q4; 2025Q1; 2025Q2,2024Q3; 2024Q4; 2025Q1; 2025Q2,,False,diesel_elasticity_to_conventional_ice_only; bev_phev_activity_fixed_to_base,True,medium_shifted_6m,delay_6m,1.0
2025,FY2025,Current finalist High population/comparison,Current planned path,middle_east_medium__12c_delay_6m,comparison,ped_volume,PED volume,Key volumes,2894.27382723066,million litres,bridge_input,MBU26 actual anchor,annual_spine.csv,Z10,forecast_scenario_comparison.parquet,data/current_revenue_outlook/revenue_chart_rows.csv:historical_actual:2024Q3; data/current_revenue_outlook/revenue_chart_rows.csv:historical_actual:2024Q4; data/current_revenue_outlook/revenue_chart_rows.csv:historical_actual:2025Q1; data/current_revenue_outlook/revenue_chart_rows.csv:historical_actual:2025Q2,current_finalist_model,scenario_inputs/scenario_input_wide.parquet,scenario_inputs/scenario_input_wide.parquet:PED:population (none); mbu26_official_annual.csv:population_proxy (2024Q3; 2024Q4; 2025Q1; 2025Q2),scenario_input_population_with_mbu_population_proxy_for_missing_quarters,ACTUAL,PED__DIAGLAB__B__glsar__ylag1__ar1__wexp,,False,2894.27382723066,0.0,available,Model path,current_finalist_model,current_finalist_model,current_model_forecast,Actual anchor,2024Q3; 2024Q4; 2025Q1; 2025Q2,2024Q3; 2024Q4; 2025Q1; 2025Q2,,False,,False,medium_shifted_6m,delay_6m,1.0
2025,FY2025,Current finalist High population/comparison,Current planned path,middle_east_medium__12c_delay_6m,comparison,light_petrol_vkt,Light petrol VKT,Key volumes,31704.7370711529,million km,bridge_input,MBU26 actual anchor,annual_spine.csv,Z11,forecast_scenario_comparison.parquet,data/current_revenue_outlook/revenue_chart_rows.csv:historical_actual:2024Q3; data/current_revenue_outlook/revenue_chart_rows.csv:historical_actual:2024Q4; data/current_revenue_outlook/revenue_chart_rows.csv:historical_actual:2025Q1; data/current_revenue_outlook/revenue_chart_rows.csv:historical_actual:2025Q2,current_finalist_model,scenario_inputs/scenario_input_wide.parquet,scenario_inputs/scenario_input_wide.parquet:PED:population (none); mbu26_official_annual.csv:population_proxy (2024Q3; 2024Q4; 2025Q1; 2025Q2),scenario_input_population_with_mbu_population_proxy_for_missing_quarters,ACTUAL,,,False,31704.7370711529,0.0,available,Model path,current_finalist_model,current_finalist_model,current_model_forecast,Actual anchor,2024Q3; 2024Q4; 2025Q1; 2025Q2,2024Q3; 2024Q4; 2025Q1; 2025Q2,,False,,False,medium_shifted_6m,delay_6m,1.0
2025,FY2025,Current finalist High population/comparison,Current planned path,middle_east_medium__12c_delay_6m,comparison,ped_vkt_per_capita,PED VKT per capita,Key volumes,5973.0514101063,km/person,bridge_input,MBU26 actual anchor,annual_spine.csv,Z12,forecast_scenario_comparison.parquet,data/current_revenue_outlook/revenue_chart_rows.csv:historical_actual:2024Q3; data/current_revenue_outlook/revenue_chart_rows.csv:historical_actual:2024Q4; data/current_revenue_outlook/revenue_chart_rows.csv:historical_actual:2025Q1; data/current_revenue_outlook/revenue_chart_rows.csv:historical_actual:2025Q2,current_finalist_model,,,,ACTUAL,PED__DIAGLAB__B__glsar__ylag1__ar1__wexp,,False,5973.0514101063,0.0,available,Model path,current_finalist_model,current_finalist_model,current_model_forecast,Actual anchor,2024Q3; 2024Q4; 2025Q1; 2025Q2,2024Q3; 2024Q4; 2025Q1; 2025Q2,,False,,False,medium_shifted_6m,delay_6m,1.0
2025,FY2025,Current finalist High population/comparison,Current planned path,middle_east_medium__12c_delay_6m,comparison,tuc_gtk,TUC GTK,Key volumes,8016352797.0,tonne-km,bridge_input,MBU26 actual anchor,annual_spine.csv,Z13,,,,,,,ACTUAL,,,False,8016352797.0,0.0,available,Model path,current_finalist_model,current_finalist_model,current_model_forecast,Actual anchor,2024Q3; 2024Q4; 2025Q1; 2025Q2,2024Q3; 2024Q4; 2025Q1; 2025Q2,,False,,False,medium_shifted_6m,delay_6m,1.0
2025,FY2025,Current finalist High population/comparison,Current planned path,middle_east_medium__12c_delay_6m,comparison,light_ruc_net_revenue,Light RUC revenue,RUC,830.9744532173909,$m nominal ex GST,replacement_line,MBU26 actual anchor,annual_spine.csv,Z28,,,,,,,ACTUAL,dynamic_RESID_GBR_n150_d1_lr0.05_w36,,True,830.974453217391,0.0,available,Model path,current_finalist_model,current_finalist_model,current_model_forecast,Actual anchor,2024Q3; 2024Q4; 2025Q1; 2025Q2,2024Q3; 2024Q4; 2025Q1; 2025Q2,,False,diesel_elasticity_to_conventional_ice_only; bev_phev_activity_fixed_to_base,True,medium_shifted_6m,delay_6m,1.0
2025,FY2025,Current finalist High population/comparison,Current planned path,middle_east_medium__12c_delay_6m,comparison,heavy_ruc_net_revenue,Heavy RUC revenue,RUC,1109.95026251304,$m nominal ex GST,replacement_line,MBU26 actual anchor,annual_spine.csv,Z29,,,,,,,ACTUAL,HEAVY_RUC__VNEXT_SOLVED_CONVEX_TOP4,,True,1109.95026251304,0.0,available,Model path,current_finalist_model,current_finalist_model,current_model_forecast,Actual anchor,2024Q3; 2024Q4; 2025Q1; 2025Q2,2024Q3; 2024Q4; 2025Q1; 2025Q2,,False,,False,medium_shifted_6m,delay_6m,1.0
2025,FY2025,Current finalist High population/comparison,Current planned path,middle_east_medium__12c_delay_6m,comparison,light_bev_ruc_net_revenue,Light BEV RUC net revenue,RUC,55.4022559304348,$m nominal ex GST,replacement_line,MBU26 actual anchor,annual_spine.csv,Z30,,,,,,,ACTUAL,PED__DIAGLAB__B__glsar__ylag1__ar1__wexp; dynamic_RESID_GBR_n150_d1_lr0.05_w36; HEAVY_RUC__VNEXT_SOLVED_CONVEX_TOP4,,True,55.4022559304348,0.0,available,Model path,current_finalist_model,current_finalist_model,current_model_forecast,Actual anchor,2024Q3; 2024Q4; 2025Q1; 2025Q2,2024Q3; 2024Q4; 2025Q1; 2025Q2,,False,diesel_elasticity_to_conventional_ice_only; bev_phev_activity_fixed_to_base,True,medium_shifted_6m,delay_6m,1.0
2025,FY2025,Current finalist High population/comparison,Current planned path,middle_east_medium__12c_delay_6m,comparison,heavy_bev_ruc_net_revenue,Heavy BEV RUC net revenue,RUC,0.0,$m nominal ex GST,leaf,MBU26 actual anchor,annual_spine.csv,Z31,,,,,,,ACTUAL,,,False,0.0,0.0,available,Model path,current_finalist_model,current_finalist_model,current_model_forecast,Actual anchor,2024Q3; 2024Q4; 2025Q1; 2025Q2,2024Q3; 2024Q4; 2025Q1; 2025Q2,,False,diesel_elasticity_to_conventional_ice_only; bev_phev_activity_fixed_to_base,True,medium_shifted_6m,delay_6m,1.0
2025,FY2025,Current finalist High population/comparison,Current planned path,middle_east_medium__12c_delay_6m,comparison,phev_ruc_net_revenue,PHEV RUC net revenue,RUC,15.1075641391304,$m nominal ex GST,replacement_line,MBU26 actual anchor,annual_spine.csv,Z32,,,,,,,ACTUAL,PED__DIAGLAB__B__glsar__ylag1__ar1__wexp; dynamic_RESID_GBR_n150_d1_lr0.05_w36; HEAVY_RUC__VNEXT_SOLVED_CONVEX_TOP4,,True,15.1075641391304,0.0,available,Model path,current_finalist_model,current_finalist_model,current_model_forecast,Actual anchor,2024Q3; 2024Q4; 2025Q1; 2025Q2,2024Q3; 2024Q4; 2025Q1; 2025Q2,,False,diesel_elasticity_to_conventional_ice_only; bev_phev_activity_fixed_to_base,True,medium_shifted_6m,delay_6m,1.0
2025,FY2025,Current finalist High population/comparison,Current planned path,middle_east_medium__12c_delay_6m,comparison,ruc_refunds,RUC refunds,RUC,62.55622679,$m nominal ex GST,deduction,MBU26 actual anchor,annual_spine.csv,Z33,,,,,,,ACTUAL,,,False,62.55622679,0.0,available,Model path,current_finalist_model,current_finalist_model,current_model_forecast,Actual anchor,2024Q3; 2024Q4; 2025Q1; 2025Q2,2024Q3; 2024Q4; 2025Q1; 2025Q2,,False,,False,medium_shifted_6m,delay_6m,1.0
2025,FY2025,Current finalist High population/comparison,Current planned path,middle_east_medium__12c_delay_6m,comparison,gross_ruc_revenue,Gross RUC revenue,RUC,2073.990762589996,$m nominal ex GST,calculated_rollup,MBU26 actual anchor,annual_spine.csv,Z34,,,,,,,ACTUAL,,light_ruc_net_revenue + heavy_ruc_net_revenue + light_bev_ruc_net_revenue + heavy_bev_ruc_net_revenue + phev_ruc_net_revenue + ruc_refunds,False,2073.99076259,0.0,available,Model path,current_finalist_model,current_finalist_model,current_model_forecast,Actual anchor,2024Q3; 2024Q4; 2025Q1; 2025Q2,2024Q3; 2024Q4; 2025Q1; 2025Q2,,False,,False,medium_shifted_6m,delay_6m,1.0
2025,FY2025,Current finalist High population/comparison,Current planned path,middle_east_medium__12c_delay_6m,comparison,ruc_admin_revenue,RUC admin revenue,RUC,32.2658680521739,$m nominal ex GST,deduction,MBU26 actual anchor,annual_spine.csv,Z35,,,,,,,ACTUAL,,,False,32.2658680521739,0.0,available,Model path,current_finalist_model,current_finalist_model,current_model_forecast,Actual anchor,2024Q3; 2024Q4; 2025Q1; 2025Q2,2024Q3; 2024Q4; 2025Q1; 2025Q2,,False,,False,medium_shifted_6m,delay_6m,1.0
2025,FY2025,Current finalist High population/comparison,Current planned path,middle_east_medium__12c_delay_6m,comparison,ruc_revenue_net_admin,RUC revenues net of admin fees,RUC,2041.7248945378221,$m nominal ex GST,calculated_rollup,MBU26 actual anchor,annual_spine.csv,Z36,,,,,,,ACTUAL,,gross_ruc_revenue - ruc_admin_revenue,False,2041.72489453783,0.0,available,Model path,current_finalist_model,current_finalist_model,current_model_forecast,Actual anchor,2024Q3; 2024Q4; 2025Q1; 2025Q2,2024Q3; 2024Q4; 2025Q1; 2025Q2,,False,,False,medium_shifted_6m,delay_6m,1.0
2025,FY2025,Current finalist High population/comparison,Current planned path,middle_east_medium__12c_delay_6m,comparison,total_ruc_net_revenue,Total RUC all classes,RUC,1979.1686677478222,$m nominal ex GST,calculated_rollup,MBU26 actual anchor,annual_spine.csv,Z37,,,,,,,ACTUAL,PED__DIAGLAB__B__glsar__ylag1__ar1__wexp; dynamic_RESID_GBR_n150_d1_lr0.05_w36; HEAVY_RUC__VNEXT_SOLVED_CONVEX_TOP4,ruc_revenue_net_admin - ruc_refunds,False,1979.16866774783,0.0,available,Model path,current_finalist_model,current_finalist_model,current_model_forecast,Actual anchor,2024Q3; 2024Q4; 2025Q1; 2025Q2,2024Q3; 2024Q4; 2025Q1; 2025Q2,,False,,False,medium_shifted_6m,delay_6m,1.0
2025,FY2025,Current finalist High population/comparison,Current planned path,middle_east_medium__12c_delay_6m,comparison,gross_ped_revenue,PED revenue,FED,2026.68630478,$m nominal ex GST,replacement_line,MBU26 actual anchor,annual_spine.csv,Z40,forecast_scenario_comparison.parquet,data/current_revenue_outlook/revenue_chart_rows.csv:historical_actual:2024Q3; data/current_revenue_outlook/revenue_chart_rows.csv:historical_actual:2024Q4; data/current_revenue_outlook/revenue_chart_rows.csv:historical_actual:2025Q1; data/current_revenue_outlook/revenue_chart_rows.csv:historical_actual:2025Q2,current_finalist_model,scenario_inputs/scenario_input_wide.parquet,scenario_inputs/scenario_input_wide.parquet:PED:population (none); mbu26_official_annual.csv:population_proxy (2024Q3; 2024Q4; 2025Q1; 2025Q2),scenario_input_population_with_mbu_population_proxy_for_missing_quarters,ACTUAL,PED__DIAGLAB__B__glsar__ylag1__ar1__wexp,,True,2026.68630478,0.0,available,Model path,current_finalist_model,current_finalist_model,current_model_forecast,Actual anchor,2024Q3; 2024Q4; 2025Q1; 2025Q2,2024Q3; 2024Q4; 2025Q1; 2025Q2,,False,,False,medium_shifted_6m,delay_6m,1.0
2025,FY2025,Current finalist High population/comparison,Current planned path,middle_east_medium__12c_delay_6m,comparison,gross_lpg_revenue,Gross LPG revenue,FED,40.94161913,$m nominal ex GST,leaf,MBU26 actual anchor,annual_spine.csv,Z41,,,,,,,ACTUAL,,,False,40.94161913,0.0,available,Model path,current_finalist_model,current_finalist_model,current_model_forecast,Actual anchor,2024Q3; 2024Q4; 2025Q1; 2025Q2,2024Q3; 2024Q4; 2025Q1; 2025Q2,,False,,False,medium_shifted_6m,delay_6m,1.0
2025,FY2025,Current finalist High population/comparison,Current planned path,middle_east_medium__12c_delay_6m,comparison,gross_cng_revenue,Gross CNG revenue,FED,0.0,$m nominal ex GST,leaf,MBU26 actual anchor,annual_spine.csv,Z42,,,,,,,ACTUAL,,,False,0.0,0.0,available,Model path,current_finalist_model,current_finalist_model,current_model_forecast,Actual anchor,2024Q3; 2024Q4; 2025Q1; 2025Q2,2024Q3; 2024Q4; 2025Q1; 2025Q2,,False,,False,medium_shifted_6m,delay_6m,1.0
2025,FY2025,Current finalist High population/comparison,Current planned path,middle_east_medium__12c_delay_6m,comparison,gross_fed_revenue,Gross FED revenue,FED,2067.62792391,$m nominal ex GST,calculated_rollup,MBU26 actual anchor,annual_spine.csv,Z43,,,,,,,ACTUAL,PED__DIAGLAB__B__glsar__ylag1__ar1__wexp,gross_ped_revenue + gross_lpg_revenue + gross_cng_revenue,False,2067.62792391,0.0,available,Model path,current_finalist_model,current_finalist_model,current_model_forecast,Actual anchor,2024Q3; 2024Q4; 2025Q1; 2025Q2,2024Q3; 2024Q4; 2025Q1; 2025Q2,,False,,False,medium_shifted_6m,delay_6m,1.0
2025,FY2025,Current finalist High population/comparison,Current planned path,middle_east_medium__12c_delay_6m,comparison,fed_refunds,FED refunds,FED,69.90077731,$m nominal ex GST,deduction,MBU26 actual anchor,annual_spine.csv,Z44,,,,,,,ACTUAL,,,False,69.90077731,0.0,available,Model path,current_finalist_model,current_finalist_model,current_model_forecast,Actual anchor,2024Q3; 2024Q4; 2025Q1; 2025Q2,2024Q3; 2024Q4; 2025Q1; 2025Q2,,False,,False,medium_shifted_6m,delay_6m,1.0
2025,FY2025,Current finalist High population/comparison,Current planned path,middle_east_medium__12c_delay_6m,comparison,net_fed_revenue,Net FED revenue,FED,1997.7271466,$m nominal ex GST,calculated_rollup,MBU26 actual anchor,annual_spine.csv,Z45,,,,,,,ACTUAL,PED__DIAGLAB__B__glsar__ylag1__ar1__wexp,gross_fed_revenue - fed_refunds,False,1997.7271466,0.0,available,Model path,current_finalist_model,current_finalist_model,current_model_forecast,Actual anchor,2024Q3; 2024Q4; 2025Q1; 2025Q2,2024Q3; 2024Q4; 2025Q1; 2025Q2,,False,,False,medium_shifted_6m,delay_6m,1.0
2025,FY2025,Current finalist High population/comparison,Current planned path,middle_east_medium__12c_delay_6m,comparison,mr1_revenue,MR1 revenue,MVR,329.940070075217,$m nominal ex GST,leaf,MBU26 actual anchor,annual_spine.csv,Z48,,,,,,,ACTUAL,,,False,329.940070075217,0.0,available,Model path,current_finalist_model,current_finalist_model,current_model_forecast,Actual anchor,2024Q3; 2024Q4; 2025Q1; 2025Q2,2024Q3; 2024Q4; 2025Q1; 2025Q2,,False,,False,medium_shifted_6m,delay_6m,1.0
2025,FY2025,Current finalist High population/comparison,Current planned path,middle_east_medium__12c_delay_6m,comparison,mr2_revenue,MR2 revenue,MVR,29.65313102,$m nominal ex GST,leaf,MBU26 actual anchor,annual_spine.csv,Z49,,,,,,,ACTUAL,,,False,29.65313102,0.0,available,Model path,current_finalist_model,current_finalist_model,current_model_forecast,Actual anchor,2024Q3; 2024Q4; 2025Q1; 2025Q2,2024Q3; 2024Q4; 2025Q1; 2025Q2,,False,,False,medium_shifted_6m,delay_6m,1.0
2025,FY2025,Current finalist High population/comparison,Current planned path,middle_east_medium__12c_delay_6m,comparison,coo_revenue,MR13,MVR,-9.64521739130434e-05,$m nominal ex GST,deduction,MBU26 actual anchor,annual_spine.csv,Z50,,,,,,,ACTUAL,,,False,-9.64521739130434e-05,0.0,available,Model path,current_finalist_model,current_finalist_model,current_model_forecast,Actual anchor,2024Q3; 2024Q4; 2025Q1; 2025Q2,2024Q3; 2024Q4; 2025Q1; 2025Q2,,False,,False,medium_shifted_6m,delay_6m,1.0
2025,FY2025,Current finalist High population/comparison,Current planned path,middle_east_medium__12c_delay_6m,comparison,gross_mvr_revenue,Gross MVR revenue,MVR,359.5931046430431,$m nominal ex GST,calculated_rollup,MBU26 actual anchor,annual_spine.csv,Z51,,,,,,,ACTUAL,,mr1_revenue + mr2_revenue + coo_revenue,False,359.593104643043,0.0,available,Model path,current_finalist_model,current_finalist_model,current_model_forecast,Actual anchor,2024Q3; 2024Q4; 2025Q1; 2025Q2,2024Q3; 2024Q4; 2025Q1; 2025Q2,,False,,False,medium_shifted_6m,delay_6m,1.0
2025,FY2025,Current finalist High population/comparison,Current planned path,middle_east_medium__12c_delay_6m,comparison,mvr_admin_revenue,MVR admin revenue,MVR,71.7641373652173,$m nominal ex GST,deduction,MBU26 actual anchor,annual_spine.csv,Z52,,,,,,,ACTUAL,,,False,71.7641373652173,0.0,available,Model path,current_finalist_model,current_finalist_model,current_model_forecast,Actual anchor,2024Q3; 2024Q4; 2025Q1; 2025Q2,2024Q3; 2024Q4; 2025Q1; 2025Q2,,False,,False,medium_shifted_6m,delay_6m,1.0
2025,FY2025,Current finalist High population/comparison,Current planned path,middle_east_medium__12c_delay_6m,comparison,mvr_revenue_net_admin_coo,MVR revenues net of admin fees and COO,MVR,287.82906372999975,$m nominal ex GST,calculated_rollup,MBU26 actual anchor,annual_spine.csv,Z53,,,,,,,ACTUAL,,mr1_revenue + mr2_revenue - mvr_admin_revenue,False,287.82906373,0.0,available,Model path,current_finalist_model,current_finalist_model,current_model_forecast,Actual anchor,2024Q3; 2024Q4; 2025Q1; 2025Q2,2024Q3; 2024Q4; 2025Q1; 2025Q2,,False,,False,medium_shifted_6m,delay_6m,1.0
2025,FY2025,Current finalist High population/comparison,Current planned path,middle_east_medium__12c_delay_6m,comparison,mvr_refunds,MVR refunds,MVR,1.03557262,$m nominal ex GST,deduction,MBU26 actual anchor,annual_spine.csv,Z54,,,,,,,ACTUAL,,,False,1.03557262,0.0,available,Model path,current_finalist_model,current_finalist_model,current_model_forecast,Actual anchor,2024Q3; 2024Q4; 2025Q1; 2025Q2,2024Q3; 2024Q4; 2025Q1; 2025Q2,,False,,False,medium_shifted_6m,delay_6m,1.0
2025,FY2025,Current finalist High population/comparison,Current planned path,middle_east_medium__12c_delay_6m,comparison,net_mvr_revenue,Net MVR revenue,MVR,286.79349110999976,$m nominal ex GST,calculated_rollup,MBU26 actual anchor,annual_spine.csv,Z55,,,,,,,ACTUAL,,mvr_revenue_net_admin_coo - mvr_refunds,False,286.79349111,0.0,available,Model path,current_finalist_model,current_finalist_model,current_model_forecast,Actual anchor,2024Q3; 2024Q4; 2025Q1; 2025Q2,2024Q3; 2024Q4; 2025Q1; 2025Q2,,False,,False,medium_shifted_6m,delay_6m,1.0
2025,FY2025,Current finalist High population/comparison,Current planned path,middle_east_medium__12c_delay_6m,comparison,tuc_net_revenue,TUC net revenue,TUC,17.09481038,$m nominal ex GST,leaf,MBU26 actual anchor,annual_spine.csv,Z58,,,,,,,ACTUAL,,,False,17.09481038,0.0,available,Model path,current_finalist_model,current_finalist_model,current_model_forecast,Actual anchor,2024Q3; 2024Q4; 2025Q1; 2025Q2,2024Q3; 2024Q4; 2025Q1; 2025Q2,,False,,False,medium_shifted_6m,delay_6m,1.0
2025,FY2025,Current finalist High population/comparison,Current planned path,middle_east_medium__12c_delay_6m,comparison,total_gross_revenue,Total gross revenues,Totals,4518.306601523039,$m nominal ex GST,calculated_rollup,MBU26 actual anchor,annual_spine.csv,Z61,,,,,,,ACTUAL,,gross_ruc_revenue + gross_fed_revenue + gross_mvr_revenue + tuc_net_revenue,False,4518.30660152304,0.0,available,Model path,current_finalist_model,current_finalist_model,current_model_forecast,Actual anchor,2024Q3; 2024Q4; 2025Q1; 2025Q2,2024Q3; 2024Q4; 2025Q1; 2025Q2,,False,,False,medium_shifted_6m,delay_6m,1.0
2025,FY2025,Current finalist High population/comparison,Current planned path,middle_east_medium__12c_delay_6m,comparison,total_admin_fees,Total admin fees,Totals,104.02990896521729,$m nominal ex GST,calculated_rollup,MBU26 actual anchor,annual_spine.csv,Z62,,,,,,,ACTUAL,,ruc_admin_revenue + mvr_admin_revenue + coo_revenue,False,104.029908965217,0.0,available,Model path,current_finalist_model,current_finalist_model,current_model_forecast,Actual anchor,2024Q3; 2024Q4; 2025Q1; 2025Q2,2024Q3; 2024Q4; 2025Q1; 2025Q2,,False,,False,medium_shifted_6m,delay_6m,1.0
2025,FY2025,Current finalist High population/comparison,Current planned path,middle_east_medium__12c_delay_6m,comparison,total_revenue_net_admin,Total revenues net of admin fees,Totals,4414.276692557822,$m nominal ex GST,calculated_rollup,MBU26 actual anchor,annual_spine.csv,Z63,,,,,,,ACTUAL,,total_gross_revenue - total_admin_fees,False,4414.27669255783,0.0,available,Model path,current_finalist_model,current_finalist_model,current_model_forecast,Actual anchor,2024Q3; 2024Q4; 2025Q1; 2025Q2,2024Q3; 2024Q4; 2025Q1; 2025Q2,,False,,False,medium_shifted_6m,delay_6m,1.0
2025,FY2025,Current finalist High population/comparison,Current planned path,middle_east_medium__12c_delay_6m,comparison,total_refunds,Total refunds,Totals,133.49257672,$m nominal ex GST,calculated_rollup,MBU26 actual anchor,annual_spine.csv,Z64,,,,,,,ACTUAL,,ruc_refunds + fed_refunds + mvr_refunds,False,133.49257672,0.0,available,Model path,current_finalist_model,current_finalist_model,current_model_forecast,Actual anchor,2024Q3; 2024Q4; 2025Q1; 2025Q2,2024Q3; 2024Q4; 2025Q1; 2025Q2,,False,,False,medium_shifted_6m,delay_6m,1.0
2025,FY2025,Current finalist High population/comparison,Current planned path,middle_east_medium__12c_delay_6m,comparison,total_nltf_net_revenue,Total NLTF revenue,Totals,4280.784115837821,$m nominal ex GST,calculated_rollup,MBU26 actual anchor,annual_spine.csv,Z65,,,,,,,ACTUAL,PED__DIAGLAB__B__glsar__ylag1__ar1__wexp; dynamic_RESID_GBR_n150_d1_lr0.05_w36; HEAVY_RUC__VNEXT_SOLVED_CONVEX_TOP4,total_revenue_net_admin - total_refunds,False,4280.78411583783,0.0,available,Model path,current_finalist_model,current_finalist_model,current_model_forecast,Actual anchor,2024Q3; 2024Q4; 2025Q1; 2025Q2,2024Q3; 2024Q4; 2025Q1; 2025Q2,,False,,False,medium_shifted_6m,delay_6m,1.0
2025,FY2025,Current finalist High population/comparison,Current planned path,middle_east_medium__12c_delay_6m,comparison,current_light_ruc_conventional_modelled_km,Current finalist Light RUC conventional modelled km,Key volumes,13529.742736,million km,audit_only,MBU26 actual anchor total light-RUC universe,mbu26_official_annual.csv,Z5; Z7; Z9,,,,,,,ACTUAL,dynamic_RESID_GBR_n150_d1_lr0.05_w36,MBU26 actual light_ruc_net_km + light_bev_ruc_net_km + phev_ruc_net_km,False,13529.742736,0.0,available,Model path,current_finalist_model,current_finalist_model,current_model_forecast,Actual anchor,2024Q3; 2024Q4; 2025Q1; 2025Q2,2024Q3; 2024Q4; 2025Q1; 2025Q2,,False,diesel_elasticity_to_conventional_ice_only; bev_phev_activity_fixed_to_base,True,medium_shifted_6m,delay_6m,1.0
2025,FY2025,Current finalist High population/comparison,Current planned path,middle_east_medium__12c_delay_6m,comparison,total_fed_ruc_net_revenue,Total RUC+PED revenue,Derived totals,3976.895814347822,$m nominal ex GST,calculated_rollup,MBU26 actual anchor,row_reconciliation.csv,Z45; Z37,,,,,,,ACTUAL,PED__DIAGLAB__B__glsar__ylag1__ar1__wexp; dynamic_RESID_GBR_n150_d1_lr0.05_w36; HEAVY_RUC__VNEXT_SOLVED_CONVEX_TOP4,net_fed_revenue + total_ruc_net_revenue,False,3976.8958143478303,0.0,available,Model path,current_finalist_model,current_finalist_model,current_model_forecast,Actual anchor,2024Q3; 2024Q4; 2025Q1; 2025Q2,2024Q3; 2024Q4; 2025Q1; 2025Q2,,False,,False,medium_shifted_6m,delay_6m,1.0
2026,FY2026,Current finalist High population/comparison,Current planned path,middle_east_medium__12c_delay_6m,comparison,light_ruc_net_km,Light RUC net km,Key volumes,12637.559635248568,million km,bridge_input,raw AR(1) PED VKT per capita x scenario-input population; raw Light RUC conventional model forecast expanded by MoT VFM 202405 Base uptake shares (conventional_anchor_vfm_composition_v1),forecast_scenario_comparison.parquet; mbu26_official_annual.csv,data/current_revenue_outlook/revenue_chart_rows.csv:historical_actual:2025Q3; data/current_revenue_outlook/revenue_chart_rows.csv:historical_actual:2025Q4; data/current_revenue_outlook/revenue_chart_rows.csv:middle_east_medium__12c_delay_6m:2026Q1; data/current_revenue_outlook/revenue_chart_rows.csv:middle_east_medium__12c_delay_6m:2026Q2; data/current_revenue_outlook/revenue_chart_rows.csv:historical_actual:2025Q3; data/current_revenue_outlook/revenue_chart_rows.csv:historical_actual:2025Q4; data/current_revenue_outlook/revenue_chart_rows.csv:historical_actual:2026Q1; data/current_revenue_outlook/revenue_chart_rows.csv:middle_east_medium__12c_delay_6m:2026Q2; scenario_inputs/scenario_input_wide.parquet:PED:population (2026Q1; 2026Q2); mbu26_official_annual.csv:population_proxy (2025Q3; 2025Q4); VFM 202405 Base uptake shares; MBU26 rate cells AA5; AA7; AA9,,,,,,,source_backed,dynamic_RESID_GBR_n150_d1_lr0.05_w36,raw Light RUC conventional model forecast (preserved exactly under the Base uptake basis),False,12707.9889982716,-70.42936302303133,available,Model path,current_finalist_model,current_finalist_model,current_model_forecast,Current-finalist FY nowcast (3 actual + 1 forecast),2025Q3; 2025Q4; 2026Q1; 2026Q2,2025Q3; 2025Q4; 2026Q1,2026Q2,True,diesel_elasticity_to_conventional_ice_only; bev_phev_activity_fixed_to_base,True,medium_shifted_6m,delay_6m,1.0
2026,FY2026,Current finalist High population/comparison,Current planned path,middle_east_medium__12c_delay_6m,comparison,heavy_ruc_net_km,Heavy RUC net km,Key volumes,4024.0104297998064,million km,bridge_input,current_finalist_model,forecast_scenario_comparison.parquet,data/current_revenue_outlook/revenue_chart_rows.csv:historical_actual:2025Q3; data/current_revenue_outlook/revenue_chart_rows.csv:historical_actual:2025Q4; data/current_revenue_outlook/revenue_chart_rows.csv:historical_actual:2026Q1; data/current_revenue_outlook/revenue_chart_rows.csv:middle_east_medium__12c_delay_6m:2026Q2,,,,,,,source_backed,HEAVY_RUC__VNEXT_SOLVED_CONVEX_TOP4,sum quarterly current finalist Heavy RUC net km,False,4099.61725114751,-75.60682134770332,available,Model path,current_finalist_model,current_finalist_model,current_model_forecast,Current-finalist FY nowcast (3 actual + 1 forecast),2025Q3; 2025Q4; 2026Q1; 2026Q2,2025Q3; 2025Q4; 2026Q1,2026Q2,True,,False,medium_shifted_6m,delay_6m,1.0
2026,FY2026,Current finalist High population/comparison,Current planned path,middle_east_medium__12c_delay_6m,comparison,light_bev_ruc_net_km,Light BEV RUC net km,Key volumes,1237.1740107408812,million km,bridge_input,raw AR(1) PED VKT per capita x scenario-input population; raw Light RUC conventional model forecast expanded by MoT VFM 202405 Base uptake shares (conventional_anchor_vfm_composition_v1),forecast_scenario_comparison.parquet; mbu26_official_annual.csv,data/current_revenue_outlook/revenue_chart_rows.csv:historical_actual:2025Q3; data/current_revenue_outlook/revenue_chart_rows.csv:historical_actual:2025Q4; data/current_revenue_outlook/revenue_chart_rows.csv:middle_east_medium__12c_delay_6m:2026Q1; data/current_revenue_outlook/revenue_chart_rows.csv:middle_east_medium__12c_delay_6m:2026Q2; data/current_revenue_outlook/revenue_chart_rows.csv:historical_actual:2025Q3; data/current_revenue_outlook/revenue_chart_rows.csv:historical_actual:2025Q4; data/current_revenue_outlook/revenue_chart_rows.csv:historical_actual:2026Q1; data/current_revenue_outlook/revenue_chart_rows.csv:middle_east_medium__12c_delay_6m:2026Q2; scenario_inputs/scenario_input_wide.parquet:PED:population (2026Q1; 2026Q2); mbu26_official_annual.csv:population_proxy (2025Q3; 2025Q4); VFM 202405 Base uptake shares; MBU26 rate cells AA5; AA7; AA9,,,,,,,source_backed,PED__DIAGLAB__B__glsar__ylag1__ar1__wexp; dynamic_RESID_GBR_n150_d1_lr0.05_w36; HEAVY_RUC__VNEXT_SOLVED_CONVEX_TOP4,base pool (conventional / VFM Base conventional share) * VFM Base Light BEV share,False,1209.37911079624,12.974867965182739,available,Model path,current_finalist_model,current_finalist_model,current_model_forecast,Current-finalist FY nowcast (2 actual + 2 forecast),2025Q3; 2025Q4; 2026Q1; 2026Q2,2025Q3; 2025Q4,2026Q1; 2026Q2,True,diesel_elasticity_to_conventional_ice_only; bev_phev_activity_fixed_to_base,True,medium_shifted_6m,delay_6m,1.0
2026,FY2026,Current finalist High population/comparison,Current planned path,middle_east_medium__12c_delay_6m,comparison,heavy_bev_ruc_net_km,Heavy BEV RUC net km,Key volumes,0.0,million km,bridge_input,MBU26 official fixed component,annual_spine.csv,AA8,,,,,,,source_backed,,nan,False,0.0,0.0,available,Model path,current_finalist_model,current_finalist_model,current_model_forecast,Current-finalist FY nowcast (2 actual + 2 forecast),2025Q3; 2025Q4; 2026Q1; 2026Q2,2025Q3; 2025Q4,2026Q1; 2026Q2,True,diesel_elasticity_to_conventional_ice_only; bev_phev_activity_fixed_to_base,True,medium_shifted_6m,delay_6m,1.0
2026,FY2026,Current finalist High population/comparison,Current planned path,middle_east_medium__12c_delay_6m,comparison,phev_ruc_net_km,PHEV RUC net km,Key volumes,647.8799985547679,million km,bridge_input,raw AR(1) PED VKT per capita x scenario-input population; raw Light RUC conventional model forecast expanded by MoT VFM 202405 Base uptake shares (conventional_anchor_vfm_composition_v1),forecast_scenario_comparison.parquet; mbu26_official_annual.csv,data/current_revenue_outlook/revenue_chart_rows.csv:historical_actual:2025Q3; data/current_revenue_outlook/revenue_chart_rows.csv:historical_actual:2025Q4; data/current_revenue_outlook/revenue_chart_rows.csv:middle_east_medium__12c_delay_6m:2026Q1; data/current_revenue_outlook/revenue_chart_rows.csv:middle_east_medium__12c_delay_6m:2026Q2; data/current_revenue_outlook/revenue_chart_rows.csv:historical_actual:2025Q3; data/current_revenue_outlook/revenue_chart_rows.csv:historical_actual:2025Q4; data/current_revenue_outlook/revenue_chart_rows.csv:historical_actual:2026Q1; data/current_revenue_outlook/revenue_chart_rows.csv:middle_east_medium__12c_delay_6m:2026Q2; scenario_inputs/scenario_input_wide.parquet:PED:population (2026Q1; 2026Q2); mbu26_official_annual.csv:population_proxy (2025Q3; 2025Q4); VFM 202405 Base uptake shares; MBU26 rate cells AA5; AA7; AA9,,,,,,,source_backed,PED__DIAGLAB__B__glsar__ylag1__ar1__wexp; dynamic_RESID_GBR_n150_d1_lr0.05_w36; HEAVY_RUC__VNEXT_SOLVED_CONVEX_TOP4,base pool (conventional / VFM Base conventional share) * VFM Base PHEV share,False,633.39411052937,6.72497305783952,available,Model path,current_finalist_model,current_finalist_model,current_model_forecast,Current-finalist FY nowcast (2 actual + 2 forecast),2025Q3; 2025Q4; 2026Q1; 2026Q2,2025Q3; 2025Q4,2026Q1; 2026Q2,True,diesel_elasticity_to_conventional_ice_only; bev_phev_activity_fixed_to_base,True,medium_shifted_6m,delay_6m,1.0
2026,FY2026,Current finalist High population/comparison,Current planned path,middle_east_medium__12c_delay_6m,comparison,ped_volume,PED volume,Key volumes,3032.617111518877,million litres,bridge_input,raw AR(1) PED VKT/capita + scenario-input population (scenario_input_population_with_mbu_population_proxy_for_missing_quarters) + MBU26 intensity,forecast_scenario_comparison.parquet; scenario_inputs/scenario_input_wide.parquet; mbu26_official_annual.csv,data/current_revenue_outlook/revenue_chart_rows.csv:historical_actual:2025Q3; data/current_revenue_outlook/revenue_chart_rows.csv:historical_actual:2025Q4; data/current_revenue_outlook/revenue_chart_rows.csv:middle_east_medium__12c_delay_6m:2026Q1; data/current_revenue_outlook/revenue_chart_rows.csv:middle_east_medium__12c_delay_6m:2026Q2; data/current_revenue_outlook/revenue_chart_rows.csv:historical_actual:2025Q3; data/current_revenue_outlook/revenue_chart_rows.csv:historical_actual:2025Q4; data/current_revenue_outlook/revenue_chart_rows.csv:historical_actual:2026Q1; data/current_revenue_outlook/revenue_chart_rows.csv:middle_east_medium__12c_delay_6m:2026Q2; scenario_inputs/scenario_input_wide.parquet:PED:population (2026Q1; 2026Q2); mbu26_official_annual.csv:population_proxy (2025Q3; 2025Q4); VFM 202405 Base uptake shares; MBU26 rate cells AA5; AA7; AA9,forecast_scenario_comparison.parquet,data/current_revenue_outlook/revenue_chart_rows.csv:historical_actual:2025Q3; data/current_revenue_outlook/revenue_chart_rows.csv:historical_actual:2025Q4; data/current_revenue_outlook/revenue_chart_rows.csv:middle_east_medium__12c_delay_6m:2026Q1; data/current_revenue_outlook/revenue_chart_rows.csv:middle_east_medium__12c_delay_6m:2026Q2,current_finalist_model,scenario_inputs/scenario_input_wide.parquet,scenario_inputs/scenario_input_wide.parquet:PED:population (2026Q1; 2026Q2); mbu26_official_annual.csv:population_proxy (2025Q3; 2025Q4),scenario_input_population_with_mbu_population_proxy_for_missing_quarters,source_backed,PED__DIAGLAB__B__glsar__ylag1__ar1__wexp,raw PED/light-petrol VKT * MBU26 litres intensity / 100,False,2910.77244455591,121.84466696296704,available,Model path,current_finalist_model,current_finalist_model,current_model_forecast,Current-finalist FY nowcast (2 actual + 2 forecast),2025Q3; 2025Q4; 2026Q1; 2026Q2,2025Q3; 2025Q4,2026Q1; 2026Q2,True,,False,medium_shifted_6m,delay_6m,1.0
2026,FY2026,Current finalist High population/comparison,Current planned path,middle_east_medium__12c_delay_6m,comparison,light_petrol_vkt,Light petrol VKT,Key volumes,32746.263193895535,million km,bridge_input,raw AR(1) PED VKT per capita x scenario-input population; raw Light RUC conventional model forecast expanded by MoT VFM 202405 Base uptake shares (conventional_anchor_vfm_composition_v1),forecast_scenario_comparison.parquet; mbu26_official_annual.csv,data/current_revenue_outlook/revenue_chart_rows.csv:historical_actual:2025Q3; data/current_revenue_outlook/revenue_chart_rows.csv:historical_actual:2025Q4; data/current_revenue_outlook/revenue_chart_rows.csv:middle_east_medium__12c_delay_6m:2026Q1; data/current_revenue_outlook/revenue_chart_rows.csv:middle_east_medium__12c_delay_6m:2026Q2; data/current_revenue_outlook/revenue_chart_rows.csv:historical_actual:2025Q3; data/current_revenue_outlook/revenue_chart_rows.csv:historical_actual:2025Q4; data/current_revenue_outlook/revenue_chart_rows.csv:historical_actual:2026Q1; data/current_revenue_outlook/revenue_chart_rows.csv:middle_east_medium__12c_delay_6m:2026Q2; scenario_inputs/scenario_input_wide.parquet:PED:population (2026Q1; 2026Q2); mbu26_official_annual.csv:population_proxy (2025Q3; 2025Q4); VFM 202405 Base uptake shares; MBU26 rate cells AA5; AA7; AA9,forecast_scenario_comparison.parquet,data/current_revenue_outlook/revenue_chart_rows.csv:historical_actual:2025Q3; data/current_revenue_outlook/revenue_chart_rows.csv:historical_actual:2025Q4; data/current_revenue_outlook/revenue_chart_rows.csv:middle_east_medium__12c_delay_6m:2026Q1; data/current_revenue_outlook/revenue_chart_rows.csv:middle_east_medium__12c_delay_6m:2026Q2,current_finalist_model,scenario_inputs/scenario_input_wide.parquet,scenario_inputs/scenario_input_wide.parquet:PED:population (2026Q1; 2026Q2); mbu26_official_annual.csv:population_proxy (2025Q3; 2025Q4),scenario_input_population_with_mbu_population_proxy_for_missing_quarters,source_backed,,raw AR(1) PED VKT per capita * scenario-input population,False,31430.5819237521,1315.6812701434355,available,Model path,current_finalist_model,current_finalist_model,current_model_forecast,Current-finalist FY nowcast (2 actual + 2 forecast),2025Q3; 2025Q4; 2026Q1; 2026Q2,2025Q3; 2025Q4,2026Q1; 2026Q2,True,,False,medium_shifted_6m,delay_6m,1.0
2026,FY2026,Current finalist High population/comparison,Current planned path,middle_east_medium__12c_delay_6m,comparison,ped_vkt_per_capita,PED VKT per capita,Key volumes,6105.496639661895,km/person,bridge_input,current_finalist_model,forecast_scenario_comparison.parquet,data/current_revenue_outlook/revenue_chart_rows.csv:historical_actual:2025Q3; data/current_revenue_outlook/revenue_chart_rows.csv:historical_actual:2025Q4; data/current_revenue_outlook/revenue_chart_rows.csv:middle_east_medium__12c_delay_6m:2026Q1; data/current_revenue_outlook/revenue_chart_rows.csv:middle_east_medium__12c_delay_6m:2026Q2,forecast_scenario_comparison.parquet,data/current_revenue_outlook/revenue_chart_rows.csv:historical_actual:2025Q3; data/current_revenue_outlook/revenue_chart_rows.csv:historical_actual:2025Q4; data/current_revenue_outlook/revenue_chart_rows.csv:middle_east_medium__12c_delay_6m:2026Q1; data/current_revenue_outlook/revenue_chart_rows.csv:middle_east_medium__12c_delay_6m:2026Q2,current_finalist_model,,,,source_backed,PED__DIAGLAB__B__glsar__ylag1__ar1__wexp,sum quarterly current finalist PED VKT/capita,False,5860.79487488994,244.7017647719549,available,Model path,current_finalist_model,current_finalist_model,current_model_forecast,Current-finalist FY nowcast (2 actual + 2 forecast),2025Q3; 2025Q4; 2026Q1; 2026Q2,2025Q3; 2025Q4,2026Q1; 2026Q2,True,,False,medium_shifted_6m,delay_6m,1.0
2026,FY2026,Current finalist High population/comparison,Current planned path,middle_east_medium__12c_delay_6m,comparison,tuc_gtk,TUC GTK,Key volumes,8224343155.99,tonne-km,bridge_input,MBU26 official fixed component,annual_spine.csv,AA13,,,,,,,source_backed,,nan,False,8224343155.99,0.0,available,Model path,current_finalist_model,current_finalist_model,current_model_forecast,Current-finalist FY nowcast (2 actual + 2 forecast),2025Q3; 2025Q4; 2026Q1; 2026Q2,2025Q3; 2025Q4,2026Q1; 2026Q2,True,,False,medium_shifted_6m,delay_6m,1.0
2026,FY2026,Current finalist High population/comparison,Current planned path,middle_east_medium__12c_delay_6m,comparison,light_ruc_net_revenue,Light RUC revenue,RUC,856.095078045681,$m nominal ex GST,replacement_line,"raw AR(1) PED bridge and conventional-anchor VFM composition, scenario-input population and MBU26 effective rate",forecast_scenario_comparison.parquet; mbu26_official_annual.csv,data/current_revenue_outlook/revenue_chart_rows.csv:historical_actual:2025Q3; data/current_revenue_outlook/revenue_chart_rows.csv:historical_actual:2025Q4; data/current_revenue_outlook/revenue_chart_rows.csv:middle_east_medium__12c_delay_6m:2026Q1; data/current_revenue_outlook/revenue_chart_rows.csv:middle_east_medium__12c_delay_6m:2026Q2; data/current_revenue_outlook/revenue_chart_rows.csv:historical_actual:2025Q3; data/current_revenue_outlook/revenue_chart_rows.csv:historical_actual:2025Q4; data/current_revenue_outlook/revenue_chart_rows.csv:historical_actual:2026Q1; data/current_revenue_outlook/revenue_chart_rows.csv:middle_east_medium__12c_delay_6m:2026Q2; scenario_inputs/scenario_input_wide.parquet:PED:population (2026Q1; 2026Q2); mbu26_official_annual.csv:population_proxy (2025Q3; 2025Q4); VFM 202405 Base uptake shares; MBU26 rate cells AA5; AA7; AA9,,,,,,,source_backed,dynamic_RESID_GBR_n150_d1_lr0.05_w36,conventional Light RUC km * MBU26 conventional Light effective rate,True,860.866112388873,-4.771034343192014,available,Model path,current_finalist_model,current_finalist_model,current_model_forecast,Current-finalist FY nowcast (3 actual + 1 forecast),2025Q3; 2025Q4; 2026Q1; 2026Q2,2025Q3; 2025Q4; 2026Q1,2026Q2,True,diesel_elasticity_to_conventional_ice_only; bev_phev_activity_fixed_to_base,True,medium_shifted_6m,delay_6m,1.0
2026,FY2026,Current finalist High population/comparison,Current planned path,middle_east_medium__12c_delay_6m,comparison,heavy_ruc_net_revenue,Heavy RUC revenue,RUC,1123.432467523277,$m nominal ex GST,replacement_line,current_finalist_model + MBU26 effective rate,forecast_scenario_comparison.parquet; mbu26_official_annual.csv,data/current_revenue_outlook/revenue_chart_rows.csv:historical_actual:2025Q3; data/current_revenue_outlook/revenue_chart_rows.csv:historical_actual:2025Q4; data/current_revenue_outlook/revenue_chart_rows.csv:historical_actual:2026Q1; data/current_revenue_outlook/revenue_chart_rows.csv:middle_east_medium__12c_delay_6m:2026Q2,,,,,,,source_backed,HEAVY_RUC__VNEXT_SOLVED_CONVEX_TOP4,sum quarterly current Heavy RUC net km * MBU26 effective rate,True,1144.54055343658,-21.108085913303057,available,Model path,current_finalist_model,current_finalist_model,current_model_forecast,Current-finalist FY nowcast (3 actual + 1 forecast),2025Q3; 2025Q4; 2026Q1; 2026Q2,2025Q3; 2025Q4; 2026Q1,2026Q2,True,,False,medium_shifted_6m,delay_6m,1.0
2026,FY2026,Current finalist High population/comparison,Current planned path,middle_east_medium__12c_delay_6m,comparison,light_bev_ruc_net_revenue,Light BEV RUC net revenue,RUC,83.33709554803708,$m nominal ex GST,replacement_line,"raw AR(1) PED bridge and conventional-anchor VFM composition, scenario-input population and MBU26 effective rate",forecast_scenario_comparison.parquet; mbu26_official_annual.csv,data/current_revenue_outlook/revenue_chart_rows.csv:historical_actual:2025Q3; data/current_revenue_outlook/revenue_chart_rows.csv:historical_actual:2025Q4; data/current_revenue_outlook/revenue_chart_rows.csv:middle_east_medium__12c_delay_6m:2026Q1; data/current_revenue_outlook/revenue_chart_rows.csv:middle_east_medium__12c_delay_6m:2026Q2; data/current_revenue_outlook/revenue_chart_rows.csv:historical_actual:2025Q3; data/current_revenue_outlook/revenue_chart_rows.csv:historical_actual:2025Q4; data/current_revenue_outlook/revenue_chart_rows.csv:historical_actual:2026Q1; data/current_revenue_outlook/revenue_chart_rows.csv:middle_east_medium__12c_delay_6m:2026Q2; scenario_inputs/scenario_input_wide.parquet:PED:population (2026Q1; 2026Q2); mbu26_official_annual.csv:population_proxy (2025Q3; 2025Q4); VFM 202405 Base uptake shares; MBU26 rate cells AA5; AA7; AA9,,,,,,,source_backed,PED__DIAGLAB__B__glsar__ylag1__ar1__wexp; dynamic_RESID_GBR_n150_d1_lr0.05_w36; HEAVY_RUC__VNEXT_SOLVED_CONVEX_TOP4,allocated Light BEV RUC km * MBU26 Light BEV effective rate,True,81.4648074039889,0.8739981618996921,available,Model path,current_finalist_model,current_finalist_model,current_model_forecast,Current-finalist FY nowcast (2 actual + 2 forecast),2025Q3; 2025Q4; 2026Q1; 2026Q2,2025Q3; 2025Q4,2026Q1; 2026Q2,True,diesel_elasticity_to_conventional_ice_only; bev_phev_activity_fixed_to_base,True,medium_shifted_6m,delay_6m,1.0
2026,FY2026,Current finalist High population/comparison,Current planned path,middle_east_medium__12c_delay_6m,comparison,heavy_bev_ruc_net_revenue,Heavy BEV RUC net revenue,RUC,0.0,$m nominal ex GST,leaf,MBU26 official fixed component,annual_spine.csv,AA31,,,,,,,source_backed,,nan,False,0.0,0.0,available,Model path,current_finalist_model,current_finalist_model,current_model_forecast,Current-finalist FY nowcast (2 actual + 2 forecast),2025Q3; 2025Q4; 2026Q1; 2026Q2,2025Q3; 2025Q4,2026Q1; 2026Q2,True,diesel_elasticity_to_conventional_ice_only; bev_phev_activity_fixed_to_base,True,medium_shifted_6m,delay_6m,1.0
2026,FY2026,Current finalist High population/comparison,Current planned path,middle_east_medium__12c_delay_6m,comparison,phev_ruc_net_revenue,PHEV RUC net revenue,RUC,22.339815332278658,$m nominal ex GST,replacement_line,"raw AR(1) PED bridge and conventional-anchor VFM composition, scenario-input population and MBU26 effective rate",forecast_scenario_comparison.parquet; mbu26_official_annual.csv,data/current_revenue_outlook/revenue_chart_rows.csv:historical_actual:2025Q3; data/current_revenue_outlook/revenue_chart_rows.csv:historical_actual:2025Q4; data/current_revenue_outlook/revenue_chart_rows.csv:middle_east_medium__12c_delay_6m:2026Q1; data/current_revenue_outlook/revenue_chart_rows.csv:middle_east_medium__12c_delay_6m:2026Q2; data/current_revenue_outlook/revenue_chart_rows.csv:historical_actual:2025Q3; data/current_revenue_outlook/revenue_chart_rows.csv:historical_actual:2025Q4; data/current_revenue_outlook/revenue_chart_rows.csv:historical_actual:2026Q1; data/current_revenue_outlook/revenue_chart_rows.csv:middle_east_medium__12c_delay_6m:2026Q2; scenario_inputs/scenario_input_wide.parquet:PED:population (2026Q1; 2026Q2); mbu26_official_annual.csv:population_proxy (2025Q3; 2025Q4); VFM 202405 Base uptake shares; MBU26 rate cells AA5; AA7; AA9,,,,,,,source_backed,PED__DIAGLAB__B__glsar__ylag1__ar1__wexp; dynamic_RESID_GBR_n150_d1_lr0.05_w36; HEAVY_RUC__VNEXT_SOLVED_CONVEX_TOP4,allocated PHEV RUC km * MBU26 PHEV effective rate,True,21.8403214998817,0.23188654775855966,available,Model path,current_finalist_model,current_finalist_model,current_model_forecast,Current-finalist FY nowcast (2 actual + 2 forecast),2025Q3; 2025Q4; 2026Q1; 2026Q2,2025Q3; 2025Q4,2026Q1; 2026Q2,True,diesel_elasticity_to_conventional_ice_only; bev_phev_activity_fixed_to_base,True,medium_shifted_6m,delay_6m,1.0
2026,FY2026,Current finalist High population/comparison,Current planned path,middle_east_medium__12c_delay_6m,comparison,ruc_refunds,RUC refunds,RUC,67.4141906681215,$m nominal ex GST,deduction,MBU26 official fixed component,annual_spine.csv,AA33,,,,,,,source_backed,,nan,False,67.4141906681215,0.0,available,Model path,current_finalist_model,current_finalist_model,current_model_forecast,Current-finalist FY nowcast (2 actual + 2 forecast),2025Q3; 2025Q4; 2026Q1; 2026Q2,2025Q3; 2025Q4,2026Q1; 2026Q2,True,,False,medium_shifted_6m,delay_6m,1.0
2026,FY2026,Current finalist High population/comparison,Current planned path,middle_east_medium__12c_delay_6m,comparison,gross_ruc_revenue,Gross RUC revenue,RUC,2152.618647117395,$m nominal ex GST,calculated_rollup,current_hybrid_formula,current_hybrid_formula,current_revenue_outlook:middle_east_medium__12c_delay_6m:FY2026,,,,,,,source_backed,,optimized light_ruc_net_revenue + heavy_ruc_net_revenue + optimized light_bev_ruc_net_revenue + MBU26 heavy_bev_ruc_net_revenue + optimized phev_ruc_net_revenue + MBU26 ruc_refunds,False,2176.1246289126,-24.771879061991967,available,Model path,current_finalist_model,current_finalist_model,current_model_forecast,Current-finalist FY nowcast (2 actual + 2 forecast),2025Q3; 2025Q4; 2026Q1; 2026Q2,2025Q3; 2025Q4,2026Q1; 2026Q2,True,,False,medium_shifted_6m,delay_6m,1.0
2026,FY2026,Current finalist High population/comparison,Current planned path,middle_east_medium__12c_delay_6m,comparison,ruc_admin_revenue,RUC admin revenue,RUC,34.237617587825,$m nominal ex GST,deduction,MBU26 official fixed component,annual_spine.csv,AA35,,,,,,,source_backed,,nan,False,34.237617587825,0.0,available,Model path,current_finalist_model,current_finalist_model,current_model_forecast,Current-finalist FY nowcast (2 actual + 2 forecast),2025Q3; 2025Q4; 2026Q1; 2026Q2,2025Q3; 2025Q4,2026Q1; 2026Q2,True,,False,medium_shifted_6m,delay_6m,1.0
2026,FY2026,Current finalist High population/comparison,Current planned path,middle_east_medium__12c_delay_6m,comparison,ruc_revenue_net_admin,RUC revenues net of admin fees,RUC,2118.3810295295702,$m nominal ex GST,calculated_rollup,current_hybrid_formula,current_hybrid_formula,current_revenue_outlook:middle_east_medium__12c_delay_6m:FY2026,,,,,,,source_backed,,gross_ruc_revenue - MBU26 ruc_admin_revenue,False,2141.88701132477,-24.77187906198651,available,Model path,current_finalist_model,current_finalist_model,current_model_forecast,Current-finalist FY nowcast (2 actual + 2 forecast),2025Q3; 2025Q4; 2026Q1; 2026Q2,2025Q3; 2025Q4,2026Q1; 2026Q2,True,,False,medium_shifted_6m,delay_6m,1.0
2026,FY2026,Current finalist High population/comparison,Current planned path,middle_east_medium__12c_delay_6m,comparison,total_ruc_net_revenue,Total RUC all classes,RUC,2050.9668388614487,$m nominal ex GST,calculated_rollup,current_hybrid_formula,current_hybrid_formula,current_revenue_outlook:middle_east_medium__12c_delay_6m:FY2026,,,,,,,source_backed,PED__DIAGLAB__B__glsar__ylag1__ar1__wexp; dynamic_RESID_GBR_n150_d1_lr0.05_w36; HEAVY_RUC__VNEXT_SOLVED_CONVEX_TOP4,ruc_revenue_net_admin - MBU26 ruc_refunds,False,2074.47282065665,-24.77187906198833,available,Model path,current_finalist_model,current_finalist_model,current_model_forecast,Current-finalist FY nowcast (2 actual + 2 forecast),2025Q3; 2025Q4; 2026Q1; 2026Q2,2025Q3; 2025Q4,2026Q1; 2026Q2,True,,False,medium_shifted_6m,delay_6m,1.0
2026,FY2026,Current finalist High population/comparison,Current planned path,middle_east_medium__12c_delay_6m,comparison,gross_ped_revenue,PED revenue,FED,2123.559806169978,$m nominal ex GST,replacement_line,"raw AR(1) PED bridge and conventional-anchor VFM composition, scenario-input population and MBU26 effective rate; population_source=scenario_input_population_with_mbu_population_proxy_for_missing_quarters",forecast_scenario_comparison.parquet; scenario_inputs/scenario_input_wide.parquet; mbu26_official_annual.csv,data/current_revenue_outlook/revenue_chart_rows.csv:historical_actual:2025Q3; data/current_revenue_outlook/revenue_chart_rows.csv:historical_actual:2025Q4; data/current_revenue_outlook/revenue_chart_rows.csv:middle_east_medium__12c_delay_6m:2026Q1; data/current_revenue_outlook/revenue_chart_rows.csv:middle_east_medium__12c_delay_6m:2026Q2; data/current_revenue_outlook/revenue_chart_rows.csv:historical_actual:2025Q3; data/current_revenue_outlook/revenue_chart_rows.csv:historical_actual:2025Q4; data/current_revenue_outlook/revenue_chart_rows.csv:historical_actual:2026Q1; data/current_revenue_outlook/revenue_chart_rows.csv:middle_east_medium__12c_delay_6m:2026Q2; scenario_inputs/scenario_input_wide.parquet:PED:population (2026Q1; 2026Q2); mbu26_official_annual.csv:population_proxy (2025Q3; 2025Q4); VFM 202405 Base uptake shares; MBU26 rate cells AA5; AA7; AA9,forecast_scenario_comparison.parquet,data/current_revenue_outlook/revenue_chart_rows.csv:historical_actual:2025Q3; data/current_revenue_outlook/revenue_chart_rows.csv:historical_actual:2025Q4; data/current_revenue_outlook/revenue_chart_rows.csv:middle_east_medium__12c_delay_6m:2026Q1; data/current_revenue_outlook/revenue_chart_rows.csv:middle_east_medium__12c_delay_6m:2026Q2,current_finalist_model,scenario_inputs/scenario_input_wide.parquet,scenario_inputs/scenario_input_wide.parquet:PED:population (2026Q1; 2026Q2); mbu26_official_annual.csv:population_proxy (2025Q3; 2025Q4),scenario_input_population_with_mbu_population_proxy_for_missing_quarters,source_backed,PED__DIAGLAB__B__glsar__ylag1__ar1__wexp,raw PED/light-petrol VKT * MBU26 litres intensity / 100 * MBU26 PED rate,True,2038.23929657583,85.320509594148,available,Model path,current_finalist_model,current_finalist_model,current_model_forecast,Current-finalist FY nowcast (2 actual + 2 forecast),2025Q3; 2025Q4; 2026Q1; 2026Q2,2025Q3; 2025Q4,2026Q1; 2026Q2,True,,False,medium_shifted_6m,delay_6m,1.0
2026,FY2026,Current finalist High population/comparison,Current planned path,middle_east_medium__12c_delay_6m,comparison,gross_lpg_revenue,Gross LPG revenue,FED,42.0451626401906,$m nominal ex GST,leaf,MBU26 official fixed component,annual_spine.csv,AA41,,,,,,,source_backed,,nan,False,42.0451626401906,0.0,available,Model path,current_finalist_model,current_finalist_model,current_model_forecast,Current-finalist FY nowcast (2 actual + 2 forecast),2025Q3; 2025Q4; 2026Q1; 2026Q2,2025Q3; 2025Q4,2026Q1; 2026Q2,True,,False,medium_shifted_6m,delay_6m,1.0
2026,FY2026,Current finalist High population/comparison,Current planned path,middle_east_medium__12c_delay_6m,comparison,gross_cng_revenue,Gross CNG revenue,FED,0.0,$m nominal ex GST,leaf,MBU26 official fixed component,annual_spine.csv,AA42,,,,,,,source_backed,,nan,False,0.0,0.0,available,Model path,current_finalist_model,current_finalist_model,current_model_forecast,Current-finalist FY nowcast (2 actual + 2 forecast),2025Q3; 2025Q4; 2026Q1; 2026Q2,2025Q3; 2025Q4,2026Q1; 2026Q2,True,,False,medium_shifted_6m,delay_6m,1.0
2026,FY2026,Current finalist High population/comparison,Current planned path,middle_east_medium__12c_delay_6m,comparison,gross_fed_revenue,Gross FED revenue,FED,2165.6049688101684,$m nominal ex GST,calculated_rollup,current_hybrid_formula,current_hybrid_formula,current_revenue_outlook:middle_east_medium__12c_delay_6m:FY2026,,,,,,,source_backed,PED__DIAGLAB__B__glsar__ylag1__ar1__wexp,gross_ped_revenue + MBU26 gross_lpg_revenue + MBU26 gross_cng_revenue,False,2080.28445921602,85.32050959414846,available,Model path,current_finalist_model,current_finalist_model,current_model_forecast,Current-finalist FY nowcast (2 actual + 2 forecast),2025Q3; 2025Q4; 2026Q1; 2026Q2,2025Q3; 2025Q4,2026Q1; 2026Q2,True,,False,medium_shifted_6m,delay_6m,1.0
2026,FY2026,Current finalist High population/comparison,Current planned path,middle_east_medium__12c_delay_6m,comparison,fed_refunds,FED refunds,FED,72.3868062026043,$m nominal ex GST,deduction,MBU26 official fixed component,annual_spine.csv,AA44,,,,,,,source_backed,,nan,False,72.3868062026043,0.0,available,Model path,current_finalist_model,current_finalist_model,current_model_forecast,Current-finalist FY nowcast (2 actual + 2 forecast),2025Q3; 2025Q4; 2026Q1; 2026Q2,2025Q3; 2025Q4,2026Q1; 2026Q2,True,,False,medium_shifted_6m,delay_6m,1.0
2026,FY2026,Current finalist High population/comparison,Current planned path,middle_east_medium__12c_delay_6m,comparison,net_fed_revenue,Net FED revenue,FED,2093.218162607564,$m nominal ex GST,calculated_rollup,current_hybrid_formula,current_hybrid_formula,current_revenue_outlook:middle_east_medium__12c_delay_6m:FY2026,,,,,,,source_backed,PED__DIAGLAB__B__glsar__ylag1__ar1__wexp,gross_fed_revenue - MBU26 fed_refunds,False,2007.89765301342,85.32050959414391,available,Model path,current_finalist_model,current_finalist_model,current_model_forecast,Current-finalist FY nowcast (2 actual + 2 forecast),2025Q3; 2025Q4; 2026Q1; 2026Q2,2025Q3; 2025Q4,2026Q1; 2026Q2,True,,False,medium_shifted_6m,delay_6m,1.0
2026,FY2026,Current finalist High population/comparison,Current planned path,middle_east_medium__12c_delay_6m,comparison,mr1_revenue,MR1 revenue,MVR,436.822707962969,$m nominal ex GST,leaf,MBU26 official fixed component,annual_spine.csv,AA48,,,,,,,source_backed,,nan,False,436.822707962969,0.0,available,Model path,current_finalist_model,current_finalist_model,current_model_forecast,Current-finalist FY nowcast (2 actual + 2 forecast),2025Q3; 2025Q4; 2026Q1; 2026Q2,2025Q3; 2025Q4,2026Q1; 2026Q2,True,,False,medium_shifted_6m,delay_6m,1.0
2026,FY2026,Current finalist High population/comparison,Current planned path,middle_east_medium__12c_delay_6m,comparison,mr2_revenue,MR2 revenue,MVR,31.3740054746584,$m nominal ex GST,leaf,MBU26 official fixed component,annual_spine.csv,AA49,,,,,,,source_backed,,nan,False,31.3740054746584,0.0,available,Model path,current_finalist_model,current_finalist_model,current_model_forecast,Current-finalist FY nowcast (2 actual + 2 forecast),2025Q3; 2025Q4; 2026Q1; 2026Q2,2025Q3; 2025Q4,2026Q1; 2026Q2,True,,False,medium_shifted_6m,delay_6m,1.0
2026,FY2026,Current finalist High population/comparison,Current planned path,middle_east_medium__12c_delay_6m,comparison,coo_revenue,MR13,MVR,0.0,$m nominal ex GST,deduction,MBU26 official fixed component,annual_spine.csv,AA50,,,,,,,source_backed,,nan,False,0.0,0.0,available,Model path,current_finalist_model,current_finalist_model,current_model_forecast,Current-finalist FY nowcast (2 actual + 2 forecast),2025Q3; 2025Q4; 2026Q1; 2026Q2,2025Q3; 2025Q4,2026Q1; 2026Q2,True,,False,medium_shifted_6m,delay_6m,1.0
2026,FY2026,Current finalist High population/comparison,Current planned path,middle_east_medium__12c_delay_6m,comparison,gross_mvr_revenue,Gross MVR revenue,MVR,468.1967134376274,$m nominal ex GST,calculated_rollup,MBU26 official formula,mbu26_official_annual.csv,AA51,,,,,,,source_backed,,mr1_revenue + mr2_revenue + coo_revenue,False,468.196713437627,3.979039320256561e-13,available,Model path,current_finalist_model,current_finalist_model,current_model_forecast,Current-finalist FY nowcast (2 actual + 2 forecast),2025Q3; 2025Q4; 2026Q1; 2026Q2,2025Q3; 2025Q4,2026Q1; 2026Q2,True,,False,medium_shifted_6m,delay_6m,1.0
2026,FY2026,Current finalist High population/comparison,Current planned path,middle_east_medium__12c_delay_6m,comparison,mvr_admin_revenue,MVR admin revenue,MVR,72.7105674192725,$m nominal ex GST,deduction,MBU26 official fixed component,annual_spine.csv,AA52,,,,,,,source_backed,,nan,False,72.7105674192725,0.0,available,Model path,current_finalist_model,current_finalist_model,current_model_forecast,Current-finalist FY nowcast (2 actual + 2 forecast),2025Q3; 2025Q4; 2026Q1; 2026Q2,2025Q3; 2025Q4,2026Q1; 2026Q2,True,,False,medium_shifted_6m,delay_6m,1.0
2026,FY2026,Current finalist High population/comparison,Current planned path,middle_east_medium__12c_delay_6m,comparison,mvr_revenue_net_admin_coo,MVR revenues net of admin fees and COO,MVR,395.4861460183549,$m nominal ex GST,calculated_rollup,MBU26 official formula,mbu26_official_annual.csv,AA53,,,,,,,source_backed,,mr1_revenue + mr2_revenue - mvr_admin_revenue,False,395.486146018355,-5.684341886080802e-14,available,Model path,current_finalist_model,current_finalist_model,current_model_forecast,Current-finalist FY nowcast (2 actual + 2 forecast),2025Q3; 2025Q4; 2026Q1; 2026Q2,2025Q3; 2025Q4,2026Q1; 2026Q2,True,,False,medium_shifted_6m,delay_6m,1.0
2026,FY2026,Current finalist High population/comparison,Current planned path,middle_east_medium__12c_delay_6m,comparison,mvr_refunds,MVR refunds,MVR,1.61137149711806,$m nominal ex GST,deduction,MBU26 official fixed component,annual_spine.csv,AA54,,,,,,,source_backed,,nan,False,1.61137149711806,0.0,available,Model path,current_finalist_model,current_finalist_model,current_model_forecast,Current-finalist FY nowcast (2 actual + 2 forecast),2025Q3; 2025Q4; 2026Q1; 2026Q2,2025Q3; 2025Q4,2026Q1; 2026Q2,True,,False,medium_shifted_6m,delay_6m,1.0
2026,FY2026,Current finalist High population/comparison,Current planned path,middle_east_medium__12c_delay_6m,comparison,net_mvr_revenue,Net MVR revenue,MVR,393.8747745212368,$m nominal ex GST,calculated_rollup,MBU26 official formula,mbu26_official_annual.csv,AA55,,,,,,,source_backed,,mvr_revenue_net_admin_coo - mvr_refunds,False,393.874774521237,-1.1368683772161603e-13,available,Model path,current_finalist_model,current_finalist_model,current_model_forecast,Current-finalist FY nowcast (2 actual + 2 forecast),2025Q3; 2025Q4; 2026Q1; 2026Q2,2025Q3; 2025Q4,2026Q1; 2026Q2,True,,False,medium_shifted_6m,delay_6m,1.0
2026,FY2026,Current finalist High population/comparison,Current planned path,middle_east_medium__12c_delay_6m,comparison,tuc_net_revenue,TUC net revenue,TUC,17.4060774864124,$m nominal ex GST,leaf,MBU26 official fixed component,annual_spine.csv,AA58,,,,,,,source_backed,,nan,False,17.4060774864124,0.0,available,Model path,current_finalist_model,current_finalist_model,current_model_forecast,Current-finalist FY nowcast (2 actual + 2 forecast),2025Q3; 2025Q4; 2026Q1; 2026Q2,2025Q3; 2025Q4,2026Q1; 2026Q2,True,,False,medium_shifted_6m,delay_6m,1.0
2026,FY2026,Current finalist High population/comparison,Current planned path,middle_east_medium__12c_delay_6m,comparison,total_gross_revenue,Total gross revenues,Totals,4803.826406851604,$m nominal ex GST,calculated_rollup,current_hybrid_formula,current_hybrid_formula,current_revenue_outlook:middle_east_medium__12c_delay_6m:FY2026,,,,,,,source_backed,,gross_ruc_revenue + gross_fed_revenue + gross_mvr_revenue + tuc_net_revenue,False,4742.01187905266,60.548630532155585,available,Model path,current_finalist_model,current_finalist_model,current_model_forecast,Current-finalist FY nowcast (2 actual + 2 forecast),2025Q3; 2025Q4; 2026Q1; 2026Q2,2025Q3; 2025Q4,2026Q1; 2026Q2,True,,False,medium_shifted_6m,delay_6m,1.0
2026,FY2026,Current finalist High population/comparison,Current planned path,middle_east_medium__12c_delay_6m,comparison,total_admin_fees,Total admin fees,Totals,106.94818500709749,$m nominal ex GST,calculated_rollup,current_hybrid_formula,current_hybrid_formula,current_revenue_outlook:middle_east_medium__12c_delay_6m:FY2026,,,,,,,source_backed,,ruc_admin_revenue + mvr_admin_revenue + coo_revenue,False,106.948185007097,4.973799150320701e-13,available,Model path,current_finalist_model,current_finalist_model,current_model_forecast,Current-finalist FY nowcast (2 actual + 2 forecast),2025Q3; 2025Q4; 2026Q1; 2026Q2,2025Q3; 2025Q4,2026Q1; 2026Q2,True,,False,medium_shifted_6m,delay_6m,1.0
2026,FY2026,Current finalist High population/comparison,Current planned path,middle_east_medium__12c_delay_6m,comparison,total_revenue_net_admin,Total revenues net of admin fees,Totals,4696.878221844506,$m nominal ex GST,calculated_rollup,current_hybrid_formula,current_hybrid_formula,current_revenue_outlook:middle_east_medium__12c_delay_6m:FY2026,,,,,,,source_backed,,total_gross_revenue - total_admin_fees,False,4635.06369404556,60.54863053215831,available,Model path,current_finalist_model,current_finalist_model,current_model_forecast,Current-finalist FY nowcast (2 actual + 2 forecast),2025Q3; 2025Q4; 2026Q1; 2026Q2,2025Q3; 2025Q4,2026Q1; 2026Q2,True,,False,medium_shifted_6m,delay_6m,1.0
2026,FY2026,Current finalist High population/comparison,Current planned path,middle_east_medium__12c_delay_6m,comparison,total_refunds,Total refunds,Totals,141.41236836784387,$m nominal ex GST,calculated_rollup,current_hybrid_formula,current_hybrid_formula,current_revenue_outlook:middle_east_medium__12c_delay_6m:FY2026,,,,,,,source_backed,,ruc_refunds + fed_refunds + mvr_refunds,False,141.412368367844,-1.4210854715202004e-13,available,Model path,current_finalist_model,current_finalist_model,current_model_forecast,Current-finalist FY nowcast (2 actual + 2 forecast),2025Q3; 2025Q4; 2026Q1; 2026Q2,2025Q3; 2025Q4,2026Q1; 2026Q2,True,,False,medium_shifted_6m,delay_6m,1.0
2026,FY2026,Current finalist High population/comparison,Current planned path,middle_east_medium__12c_delay_6m,comparison,total_nltf_net_revenue,Total NLTF revenue,Totals,4555.465853476662,$m nominal ex GST,calculated_rollup,current_hybrid_formula,current_hybrid_formula,current_revenue_outlook:middle_east_medium__12c_delay_6m:FY2026,,,,,,,source_backed,PED__DIAGLAB__B__glsar__ylag1__ar1__wexp; dynamic_RESID_GBR_n150_d1_lr0.05_w36; HEAVY_RUC__VNEXT_SOLVED_CONVEX_TOP4,total_revenue_net_admin - total_refunds,False,4493.65132567772,60.548630532154675,available,Model path,current_finalist_model,current_finalist_model,current_model_forecast,Current-finalist FY nowcast (2 actual + 2 forecast),2025Q3; 2025Q4; 2026Q1; 2026Q2,2025Q3; 2025Q4,2026Q1; 2026Q2,True,,False,medium_shifted_6m,delay_6m,1.0
2026,FY2026,Current finalist High population/comparison,Current planned path,middle_east_medium__12c_delay_6m,comparison,current_light_ruc_conventional_modelled_km,Current finalist Light RUC conventional modelled km,Key volumes,12637.559635248568,million km,audit_only,current_finalist_model_conventional_light_ruc_forecast,forecast_scenario_comparison.parquet,data/current_revenue_outlook/revenue_chart_rows.csv:historical_actual:2025Q3; data/current_revenue_outlook/revenue_chart_rows.csv:historical_actual:2025Q4; data/current_revenue_outlook/revenue_chart_rows.csv:historical_actual:2026Q1; data/current_revenue_outlook/revenue_chart_rows.csv:middle_east_medium__12c_delay_6m:2026Q2,,,,,,,source_backed,dynamic_RESID_GBR_n150_d1_lr0.05_w36,sum quarterly current finalist Light RUC conventional model forecast,False,,,available,Model path,current_finalist_model,current_finalist_model,current_model_forecast,Current-finalist FY nowcast (3 actual + 1 forecast),2025Q3; 2025Q4; 2026Q1; 2026Q2,2025Q3; 2025Q4; 2026Q1,2026Q2,True,diesel_elasticity_to_conventional_ice_only; bev_phev_activity_fixed_to_base,True,medium_shifted_6m,delay_6m,1.0
2026,FY2026,Current finalist High population/comparison,Current planned path,middle_east_medium__12c_delay_6m,comparison,total_fed_ruc_net_revenue,Total RUC+PED revenue,Derived totals,4144.185001469013,$m nominal ex GST,calculated_rollup,current_hybrid_formula,current_hybrid_formula,current_revenue_outlook:middle_east_medium__12c_delay_6m:FY2026,,,,,,,source_backed,PED__DIAGLAB__B__glsar__ylag1__ar1__wexp; dynamic_RESID_GBR_n150_d1_lr0.05_w36; HEAVY_RUC__VNEXT_SOLVED_CONVEX_TOP4,net_fed_revenue + total_ruc_net_revenue,False,4082.37047367007,60.548630532155585,available,Model path,current_finalist_model,current_finalist_model,current_model_forecast,Current-finalist FY nowcast (2 actual + 2 forecast),2025Q3; 2025Q4; 2026Q1; 2026Q2,2025Q3; 2025Q4,2026Q1; 2026Q2,True,,False,medium_shifted_6m,delay_6m,1.0
2027,FY2027,Current finalist High population/comparison,Current planned path,middle_east_medium__12c_delay_6m,comparison,light_ruc_net_km,Light RUC net km,Key volumes,12428.972089641517,million km,bridge_input,raw AR(1) PED VKT per capita x scenario-input population; raw Light RUC conventional model forecast expanded by MoT VFM 202405 Base uptake shares (conventional_anchor_vfm_composition_v1),forecast_scenario_comparison.parquet; mbu26_official_annual.csv,data/current_revenue_outlook/revenue_chart_rows.csv:middle_east_medium__12c_delay_6m:2026Q3; data/current_revenue_outlook/revenue_chart_rows.csv:middle_east_medium__12c_delay_6m:2026Q4; data/current_revenue_outlook/revenue_chart_rows.csv:middle_east_medium__12c_delay_6m:2027Q1; data/current_revenue_outlook/revenue_chart_rows.csv:middle_east_medium__12c_delay_6m:2027Q2; data/current_revenue_outlook/revenue_chart_rows.csv:middle_east_medium__12c_delay_6m:2026Q3; data/current_revenue_outlook/revenue_chart_rows.csv:middle_east_medium__12c_delay_6m:2026Q4; data/current_revenue_outlook/revenue_chart_rows.csv:middle_east_medium__12c_delay_6m:2027Q1; data/current_revenue_outlook/revenue_chart_rows.csv:middle_east_medium__12c_delay_6m:2027Q2; scenario_inputs/scenario_input_wide.parquet:PED:population (2026Q3; 2026Q4; 2027Q1; 2027Q2); VFM 202405 Base uptake shares; MBU26 rate cells AB5; AB7; AB9,,,,,,,source_backed,dynamic_RESID_GBR_n150_d1_lr0.05_w36,raw Light RUC conventional model forecast (preserved exactly under the Base uptake basis),False,12458.8356197041,-29.863530062582868,available,Model path,current_finalist_model,current_finalist_model,current_model_forecast,current_finalist_forecast,2026Q3; 2026Q4; 2027Q1; 2027Q2,,2026Q3; 2026Q4; 2027Q1; 2027Q2,False,diesel_elasticity_to_conventional_ice_only; bev_phev_activity_fixed_to_base,True,medium_shifted_6m,delay_6m,0.9212658387203224
2027,FY2027,Current finalist High population/comparison,Current planned path,middle_east_medium__12c_delay_6m,comparison,heavy_ruc_net_km,Heavy RUC net km,Key volumes,4005.047219618325,million km,bridge_input,current_finalist_model,forecast_scenario_comparison.parquet,data/current_revenue_outlook/revenue_chart_rows.csv:middle_east_medium__12c_delay_6m:2026Q3; data/current_revenue_outlook/revenue_chart_rows.csv:middle_east_medium__12c_delay_6m:2026Q4; data/current_revenue_outlook/revenue_chart_rows.csv:middle_east_medium__12c_delay_6m:2027Q1; data/current_revenue_outlook/revenue_chart_rows.csv:middle_east_medium__12c_delay_6m:2027Q2,,,,,,,source_backed,HEAVY_RUC__VNEXT_SOLVED_CONVEX_TOP4,sum quarterly current finalist Heavy RUC net km,False,4234.60357706342,-229.55635744509482,available,Model path,current_finalist_model,current_finalist_model,current_model_forecast,current_finalist_forecast,2026Q3; 2026Q4; 2027Q1; 2027Q2,,2026Q3; 2026Q4; 2027Q1; 2027Q2,False,,False,medium_shifted_6m,delay_6m,0.9212658387203224
2027,FY2027,Current finalist High population/comparison,Current planned path,middle_east_medium__12c_delay_6m,comparison,light_bev_ruc_net_km,Light BEV RUC net km,Key volumes,1541.0531756214164,million km,bridge_input,raw AR(1) PED VKT per capita x scenario-input population; raw Light RUC conventional model forecast expanded by MoT VFM 202405 Base uptake shares (conventional_anchor_vfm_composition_v1),forecast_scenario_comparison.parquet; mbu26_official_annual.csv,data/current_revenue_outlook/revenue_chart_rows.csv:middle_east_medium__12c_delay_6m:2026Q3; data/current_revenue_outlook/revenue_chart_rows.csv:middle_east_medium__12c_delay_6m:2026Q4; data/current_revenue_outlook/revenue_chart_rows.csv:middle_east_medium__12c_delay_6m:2027Q1; data/current_revenue_outlook/revenue_chart_rows.csv:middle_east_medium__12c_delay_6m:2027Q2; data/current_revenue_outlook/revenue_chart_rows.csv:middle_east_medium__12c_delay_6m:2026Q3; data/current_revenue_outlook/revenue_chart_rows.csv:middle_east_medium__12c_delay_6m:2026Q4; data/current_revenue_outlook/revenue_chart_rows.csv:middle_east_medium__12c_delay_6m:2027Q1; data/current_revenue_outlook/revenue_chart_rows.csv:middle_east_medium__12c_delay_6m:2027Q2; scenario_inputs/scenario_input_wide.parquet:PED:population (2026Q3; 2026Q4; 2027Q1; 2027Q2); VFM 202405 Base uptake shares; MBU26 rate cells AB5; AB7; AB9,,,,,,,source_backed,PED__DIAGLAB__B__glsar__ylag1__ar1__wexp; dynamic_RESID_GBR_n150_d1_lr0.05_w36; HEAVY_RUC__VNEXT_SOLVED_CONVEX_TOP4,base pool (conventional / VFM Base conventional share) * VFM Base Light BEV share,False,1572.19480045545,-87.17560019004145,available,Model path,current_finalist_model,current_finalist_model,current_model_forecast,current_finalist_forecast,2026Q3; 2026Q4; 2027Q1; 2027Q2,,2026Q3; 2026Q4; 2027Q1; 2027Q2,False,diesel_elasticity_to_conventional_ice_only; bev_phev_activity_fixed_to_base,True,medium_shifted_6m,delay_6m,0.9212658387203224
2027,FY2027,Current finalist High population/comparison,Current planned path,middle_east_medium__12c_delay_6m,comparison,heavy_bev_ruc_net_km,Heavy BEV RUC net km,Key volumes,0.0,million km,bridge_input,MBU26 official fixed component,annual_spine.csv,AB8,,,,,,,source_backed,,nan,False,0.0,0.0,available,Model path,current_finalist_model,current_finalist_model,current_model_forecast,current_finalist_forecast,2026Q3; 2026Q4; 2027Q1; 2027Q2,,2026Q3; 2026Q4; 2027Q1; 2027Q2,False,diesel_elasticity_to_conventional_ice_only; bev_phev_activity_fixed_to_base,True,medium_shifted_6m,delay_6m,0.9212658387203224
2027,FY2027,Current finalist High population/comparison,Current planned path,middle_east_medium__12c_delay_6m,comparison,phev_ruc_net_km,PHEV RUC net km,Key volumes,844.9595723514738,million km,bridge_input,raw AR(1) PED VKT per capita x scenario-input population; raw Light RUC conventional model forecast expanded by MoT VFM 202405 Base uptake shares (conventional_anchor_vfm_composition_v1),forecast_scenario_comparison.parquet; mbu26_official_annual.csv,data/current_revenue_outlook/revenue_chart_rows.csv:middle_east_medium__12c_delay_6m:2026Q3; data/current_revenue_outlook/revenue_chart_rows.csv:middle_east_medium__12c_delay_6m:2026Q4; data/current_revenue_outlook/revenue_chart_rows.csv:middle_east_medium__12c_delay_6m:2027Q1; data/current_revenue_outlook/revenue_chart_rows.csv:middle_east_medium__12c_delay_6m:2027Q2; data/current_revenue_outlook/revenue_chart_rows.csv:middle_east_medium__12c_delay_6m:2026Q3; data/current_revenue_outlook/revenue_chart_rows.csv:middle_east_medium__12c_delay_6m:2026Q4; data/current_revenue_outlook/revenue_chart_rows.csv:middle_east_medium__12c_delay_6m:2027Q1; data/current_revenue_outlook/revenue_chart_rows.csv:middle_east_medium__12c_delay_6m:2027Q2; scenario_inputs/scenario_input_wide.parquet:PED:population (2026Q3; 2026Q4; 2027Q1; 2027Q2); VFM 202405 Base uptake shares; MBU26 rate cells AB5; AB7; AB9,,,,,,,source_backed,PED__DIAGLAB__B__glsar__ylag1__ar1__wexp; dynamic_RESID_GBR_n150_d1_lr0.05_w36; HEAVY_RUC__VNEXT_SOLVED_CONVEX_TOP4,base pool (conventional / VFM Base conventional share) * VFM Base PHEV share,False,866.45343854562,-52.21729910545616,available,Model path,current_finalist_model,current_finalist_model,current_model_forecast,current_finalist_forecast,2026Q3; 2026Q4; 2027Q1; 2027Q2,,2026Q3; 2026Q4; 2027Q1; 2027Q2,False,diesel_elasticity_to_conventional_ice_only; bev_phev_activity_fixed_to_base,True,medium_shifted_6m,delay_6m,0.9212658387203224
2027,FY2027,Current finalist High population/comparison,Current planned path,middle_east_medium__12c_delay_6m,comparison,ped_volume,PED volume,Key volumes,2846.6190716836786,million litres,bridge_input,raw AR(1) PED VKT/capita + scenario-input population (scenario_input_population) + MBU26 intensity,forecast_scenario_comparison.parquet; scenario_inputs/scenario_input_wide.parquet; mbu26_official_annual.csv,data/current_revenue_outlook/revenue_chart_rows.csv:middle_east_medium__12c_delay_6m:2026Q3; data/current_revenue_outlook/revenue_chart_rows.csv:middle_east_medium__12c_delay_6m:2026Q4; data/current_revenue_outlook/revenue_chart_rows.csv:middle_east_medium__12c_delay_6m:2027Q1; data/current_revenue_outlook/revenue_chart_rows.csv:middle_east_medium__12c_delay_6m:2027Q2; data/current_revenue_outlook/revenue_chart_rows.csv:middle_east_medium__12c_delay_6m:2026Q3; data/current_revenue_outlook/revenue_chart_rows.csv:middle_east_medium__12c_delay_6m:2026Q4; data/current_revenue_outlook/revenue_chart_rows.csv:middle_east_medium__12c_delay_6m:2027Q1; data/current_revenue_outlook/revenue_chart_rows.csv:middle_east_medium__12c_delay_6m:2027Q2; scenario_inputs/scenario_input_wide.parquet:PED:population (2026Q3; 2026Q4; 2027Q1; 2027Q2); VFM 202405 Base uptake shares; MBU26 rate cells AB5; AB7; AB9,forecast_scenario_comparison.parquet,data/current_revenue_outlook/revenue_chart_rows.csv:middle_east_medium__12c_delay_6m:2026Q3; data/current_revenue_outlook/revenue_chart_rows.csv:middle_east_medium__12c_delay_6m:2026Q4; data/current_revenue_outlook/revenue_chart_rows.csv:middle_east_medium__12c_delay_6m:2027Q1; data/current_revenue_outlook/revenue_chart_rows.csv:middle_east_medium__12c_delay_6m:2027Q2,current_finalist_model,scenario_inputs/scenario_input_wide.parquet,scenario_inputs/scenario_input_wide.parquet:PED:population (2026Q3; 2026Q4; 2027Q1; 2027Q2),scenario_input_population,source_backed,PED__DIAGLAB__B__glsar__ylag1__ar1__wexp,raw PED/light-petrol VKT * MBU26 litres intensity / 100,False,2843.76392941454,2.8551422691384687,available,Model path,current_finalist_model,current_finalist_model,current_model_forecast,current_finalist_forecast,2026Q3; 2026Q4; 2027Q1; 2027Q2,,2026Q3; 2026Q4; 2027Q1; 2027Q2,False,,False,medium_shifted_6m,delay_6m,0.9212658387203224
2027,FY2027,Current finalist High population/comparison,Current planned path,middle_east_medium__12c_delay_6m,comparison,light_petrol_vkt,Light petrol VKT,Key volumes,31562.690496918927,million km,bridge_input,raw AR(1) PED VKT per capita x scenario-input population; raw Light RUC conventional model forecast expanded by MoT VFM 202405 Base uptake shares (conventional_anchor_vfm_composition_v1),forecast_scenario_comparison.parquet; mbu26_official_annual.csv,data/current_revenue_outlook/revenue_chart_rows.csv:middle_east_medium__12c_delay_6m:2026Q3; data/current_revenue_outlook/revenue_chart_rows.csv:middle_east_medium__12c_delay_6m:2026Q4; data/current_revenue_outlook/revenue_chart_rows.csv:middle_east_medium__12c_delay_6m:2027Q1; data/current_revenue_outlook/revenue_chart_rows.csv:middle_east_medium__12c_delay_6m:2027Q2; data/current_revenue_outlook/revenue_chart_rows.csv:middle_east_medium__12c_delay_6m:2026Q3; data/current_revenue_outlook/revenue_chart_rows.csv:middle_east_medium__12c_delay_6m:2026Q4; data/current_revenue_outlook/revenue_chart_rows.csv:middle_east_medium__12c_delay_6m:2027Q1; data/current_revenue_outlook/revenue_chart_rows.csv:middle_east_medium__12c_delay_6m:2027Q2; scenario_inputs/scenario_input_wide.parquet:PED:population (2026Q3; 2026Q4; 2027Q1; 2027Q2); VFM 202405 Base uptake shares; MBU26 rate cells AB5; AB7; AB9,forecast_scenario_comparison.parquet,data/current_revenue_outlook/revenue_chart_rows.csv:middle_east_medium__12c_delay_6m:2026Q3; data/current_revenue_outlook/revenue_chart_rows.csv:middle_east_medium__12c_delay_6m:2026Q4; data/current_revenue_outlook/revenue_chart_rows.csv:middle_east_medium__12c_delay_6m:2027Q1; data/current_revenue_outlook/revenue_chart_rows.csv:middle_east_medium__12c_delay_6m:2027Q2,current_finalist_model,scenario_inputs/scenario_input_wide.parquet,scenario_inputs/scenario_input_wide.parquet:PED:population (2026Q3; 2026Q4; 2027Q1; 2027Q2),scenario_input_population,source_backed,,raw AR(1) PED VKT per capita * scenario-input population,False,31531.0333030703,31.657193848626775,available,Model path,current_finalist_model,current_finalist_model,current_model_forecast,current_finalist_forecast,2026Q3; 2026Q4; 2027Q1; 2027Q2,,2026Q3; 2026Q4; 2027Q1; 2027Q2,False,,False,medium_shifted_6m,delay_6m,0.9212658387203224
2027,FY2027,Current finalist High population/comparison,Current planned path,middle_east_medium__12c_delay_6m,comparison,ped_vkt_per_capita,PED VKT per capita,Key volumes,5835.7557111490405,km/person,bridge_input,current_finalist_model,forecast_scenario_comparison.parquet,data/current_revenue_outlook/revenue_chart_rows.csv:middle_east_medium__12c_delay_6m:2026Q3; data/current_revenue_outlook/revenue_chart_rows.csv:middle_east_medium__12c_delay_6m:2026Q4; data/current_revenue_outlook/revenue_chart_rows.csv:middle_east_medium__12c_delay_6m:2027Q1; data/current_revenue_outlook/revenue_chart_rows.csv:middle_east_medium__12c_delay_6m:2027Q2,forecast_scenario_comparison.parquet,data/current_revenue_outlook/revenue_chart_rows.csv:middle_east_medium__12c_delay_6m:2026Q3; data/current_revenue_outlook/revenue_chart_rows.csv:middle_east_medium__12c_delay_6m:2026Q4; data/current_revenue_outlook/revenue_chart_rows.csv:middle_east_medium__12c_delay_6m:2027Q1; data/current_revenue_outlook/revenue_chart_rows.csv:middle_east_medium__12c_delay_6m:2027Q2,current_finalist_model,,,,source_backed,PED__DIAGLAB__B__glsar__ylag1__ar1__wexp,sum quarterly current finalist PED VKT/capita,False,5816.72597882556,19.029732323480857,available,Model path,current_finalist_model,current_finalist_model,current_model_forecast,current_finalist_forecast,2026Q3; 2026Q4; 2027Q1; 2027Q2,,2026Q3; 2026Q4; 2027Q1; 2027Q2,False,,False,medium_shifted_6m,delay_6m,0.9212658387203224
2027,FY2027,Current finalist High population/comparison,Current planned path,middle_east_medium__12c_delay_6m,comparison,tuc_gtk,TUC GTK,Key volumes,8179315222.66,tonne-km,bridge_input,MBU26 official fixed component,annual_spine.csv,AB13,,,,,,,source_backed,,nan,False,8179315222.66,0.0,available,Model path,current_finalist_model,current_finalist_model,current_model_forecast,current_finalist_forecast,2026Q3; 2026Q4; 2027Q1; 2027Q2,,2026Q3; 2026Q4; 2027Q1; 2027Q2,False,,False,medium_shifted_6m,delay_6m,0.9212658387203224
2027,FY2027,Current finalist High population/comparison,Current planned path,middle_east_medium__12c_delay_6m,comparison,light_ruc_net_revenue,Light RUC revenue,RUC,835.5209148929687,$m nominal ex GST,replacement_line,"raw AR(1) PED bridge and conventional-anchor VFM composition, scenario-input population and MBU26 effective rate",forecast_scenario_comparison.parquet; mbu26_official_annual.csv,data/current_revenue_outlook/revenue_chart_rows.csv:middle_east_medium__12c_delay_6m:2026Q3; data/current_revenue_outlook/revenue_chart_rows.csv:middle_east_medium__12c_delay_6m:2026Q4; data/current_revenue_outlook/revenue_chart_rows.csv:middle_east_medium__12c_delay_6m:2027Q1; data/current_revenue_outlook/revenue_chart_rows.csv:middle_east_medium__12c_delay_6m:2027Q2; data/current_revenue_outlook/revenue_chart_rows.csv:middle_east_medium__12c_delay_6m:2026Q3; data/current_revenue_outlook/revenue_chart_rows.csv:middle_east_medium__12c_delay_6m:2026Q4; data/current_revenue_outlook/revenue_chart_rows.csv:middle_east_medium__12c_delay_6m:2027Q1; data/current_revenue_outlook/revenue_chart_rows.csv:middle_east_medium__12c_delay_6m:2027Q2; scenario_inputs/scenario_input_wide.parquet:PED:population (2026Q3; 2026Q4; 2027Q1; 2027Q2); VFM 202405 Base uptake shares; MBU26 rate cells AB5; AB7; AB9,,,,,,,source_backed,dynamic_RESID_GBR_n150_d1_lr0.05_w36,conventional Light RUC km * MBU26 conventional Light effective rate,True,909.106161645825,-2.179105657791297,available,Model path,current_finalist_model,current_finalist_model,current_model_forecast,current_finalist_forecast,2026Q3; 2026Q4; 2027Q1; 2027Q2,,2026Q3; 2026Q4; 2027Q1; 2027Q2,False,diesel_elasticity_to_conventional_ice_only; bev_phev_activity_fixed_to_base,True,medium_shifted_6m,delay_6m,0.9212658387203224
2027,FY2027,Current finalist High population/comparison,Current planned path,middle_east_medium__12c_delay_6m,comparison,heavy_ruc_net_revenue,Heavy RUC revenue,RUC,1108.127173770362,$m nominal ex GST,replacement_line,current_finalist_model + MBU26 effective rate,forecast_scenario_comparison.parquet; mbu26_official_annual.csv,data/current_revenue_outlook/revenue_chart_rows.csv:middle_east_medium__12c_delay_6m:2026Q3; data/current_revenue_outlook/revenue_chart_rows.csv:middle_east_medium__12c_delay_6m:2026Q4; data/current_revenue_outlook/revenue_chart_rows.csv:middle_east_medium__12c_delay_6m:2027Q1; data/current_revenue_outlook/revenue_chart_rows.csv:middle_east_medium__12c_delay_6m:2027Q2,,,,,,,source_backed,HEAVY_RUC__VNEXT_SOLVED_CONVEX_TOP4,sum quarterly current Heavy RUC net km * MBU26 effective rate,True,1271.77345703347,-68.94238787150266,available,Model path,current_finalist_model,current_finalist_model,current_model_forecast,current_finalist_forecast,2026Q3; 2026Q4; 2027Q1; 2027Q2,,2026Q3; 2026Q4; 2027Q1; 2027Q2,False,,False,medium_shifted_6m,delay_6m,0.9212658387203224
2027,FY2027,Current finalist High population/comparison,Current planned path,middle_east_medium__12c_delay_6m,comparison,light_bev_ruc_net_revenue,Light BEV RUC net revenue,RUC,103.51663034131343,$m nominal ex GST,replacement_line,"raw AR(1) PED bridge and conventional-anchor VFM composition, scenario-input population and MBU26 effective rate",forecast_scenario_comparison.parquet; mbu26_official_annual.csv,data/current_revenue_outlook/revenue_chart_rows.csv:middle_east_medium__12c_delay_6m:2026Q3; data/current_revenue_outlook/revenue_chart_rows.csv:middle_east_medium__12c_delay_6m:2026Q4; data/current_revenue_outlook/revenue_chart_rows.csv:middle_east_medium__12c_delay_6m:2027Q1; data/current_revenue_outlook/revenue_chart_rows.csv:middle_east_medium__12c_delay_6m:2027Q2; data/current_revenue_outlook/revenue_chart_rows.csv:middle_east_medium__12c_delay_6m:2026Q3; data/current_revenue_outlook/revenue_chart_rows.csv:middle_east_medium__12c_delay_6m:2026Q4; data/current_revenue_outlook/revenue_chart_rows.csv:middle_east_medium__12c_delay_6m:2027Q1; data/current_revenue_outlook/revenue_chart_rows.csv:middle_east_medium__12c_delay_6m:2027Q2; scenario_inputs/scenario_input_wide.parquet:PED:population (2026Q3; 2026Q4; 2027Q1; 2027Q2); VFM 202405 Base uptake shares; MBU26 rate cells AB5; AB7; AB9,,,,,,,source_backed,PED__DIAGLAB__B__glsar__ylag1__ar1__wexp; dynamic_RESID_GBR_n150_d1_lr0.05_w36; HEAVY_RUC__VNEXT_SOLVED_CONVEX_TOP4,allocated Light BEV RUC km * MBU26 Light BEV effective rate,True,114.634116955081,-6.3562721012177406,available,Model path,current_finalist_model,current_finalist_model,current_model_forecast,current_finalist_forecast,2026Q3; 2026Q4; 2027Q1; 2027Q2,,2026Q3; 2026Q4; 2027Q1; 2027Q2,False,diesel_elasticity_to_conventional_ice_only; bev_phev_activity_fixed_to_base,True,medium_shifted_6m,delay_6m,0.9212658387203224
2027,FY2027,Current finalist High population/comparison,Current planned path,middle_east_medium__12c_delay_6m,comparison,heavy_bev_ruc_net_revenue,Heavy BEV RUC net revenue,RUC,0.0,$m nominal ex GST,leaf,MBU26 official fixed component,annual_spine.csv,AB31,,,,,,,source_backed,,nan,False,0.0,0.0,available,Model path,current_finalist_model,current_finalist_model,current_model_forecast,current_finalist_forecast,2026Q3; 2026Q4; 2027Q1; 2027Q2,,2026Q3; 2026Q4; 2027Q1; 2027Q2,False,diesel_elasticity_to_conventional_ice_only; bev_phev_activity_fixed_to_base,True,medium_shifted_6m,delay_6m,0.9212658387203224
2027,FY2027,Current finalist High population/comparison,Current planned path,middle_east_medium__12c_delay_6m,comparison,phev_ruc_net_revenue,PHEV RUC net revenue,RUC,28.487023173248186,$m nominal ex GST,replacement_line,"raw AR(1) PED bridge and conventional-anchor VFM composition, scenario-input population and MBU26 effective rate",forecast_scenario_comparison.parquet; mbu26_official_annual.csv,data/current_revenue_outlook/revenue_chart_rows.csv:middle_east_medium__12c_delay_6m:2026Q3; data/current_revenue_outlook/revenue_chart_rows.csv:middle_east_medium__12c_delay_6m:2026Q4; data/current_revenue_outlook/revenue_chart_rows.csv:middle_east_medium__12c_delay_6m:2027Q1; data/current_revenue_outlook/revenue_chart_rows.csv:middle_east_medium__12c_delay_6m:2027Q2; data/current_revenue_outlook/revenue_chart_rows.csv:middle_east_medium__12c_delay_6m:2026Q3; data/current_revenue_outlook/revenue_chart_rows.csv:middle_east_medium__12c_delay_6m:2026Q4; data/current_revenue_outlook/revenue_chart_rows.csv:middle_east_medium__12c_delay_6m:2027Q1; data/current_revenue_outlook/revenue_chart_rows.csv:middle_east_medium__12c_delay_6m:2027Q2; scenario_inputs/scenario_input_wide.parquet:PED:population (2026Q3; 2026Q4; 2027Q1; 2027Q2); VFM 202405 Base uptake shares; MBU26 rate cells AB5; AB7; AB9,,,,,,,source_backed,PED__DIAGLAB__B__glsar__ylag1__ar1__wexp; dynamic_RESID_GBR_n150_d1_lr0.05_w36; HEAVY_RUC__VNEXT_SOLVED_CONVEX_TOP4,allocated PHEV RUC km * MBU26 PHEV effective rate,True,31.7081862571269,-1.9109115068653928,available,Model path,current_finalist_model,current_finalist_model,current_model_forecast,current_finalist_forecast,2026Q3; 2026Q4; 2027Q1; 2027Q2,,2026Q3; 2026Q4; 2027Q1; 2027Q2,False,diesel_elasticity_to_conventional_ice_only; bev_phev_activity_fixed_to_base,True,medium_shifted_6m,delay_6m,0.9212658387203224
2027,FY2027,Current finalist High population/comparison,Current planned path,middle_east_medium__12c_delay_6m,comparison,ruc_refunds,RUC refunds,RUC,78.1187556293993,$m nominal ex GST,deduction,MBU26 official fixed component,annual_spine.csv,AB33,,,,,,,source_backed,,nan,False,78.1187556293993,0.0,available,Model path,current_finalist_model,current_finalist_model,current_model_forecast,current_finalist_forecast,2026Q3; 2026Q4; 2027Q1; 2027Q2,,2026Q3; 2026Q4; 2027Q1; 2027Q2,False,,False,medium_shifted_6m,delay_6m,0.9212658387203224
2027,FY2027,Current finalist High population/comparison,Current planned path,middle_east_medium__12c_delay_6m,comparison,gross_ruc_revenue,Gross RUC revenue,RUC,2153.7704978072916,$m nominal ex GST,calculated_rollup,current_hybrid_formula,current_hybrid_formula,current_revenue_outlook:middle_east_medium__12c_delay_6m:FY2027,,,,,,,source_backed,,optimized light_ruc_net_revenue + heavy_ruc_net_revenue + optimized light_bev_ruc_net_revenue + MBU26 heavy_bev_ruc_net_revenue + optimized phev_ruc_net_revenue + MBU26 ruc_refunds,False,2405.96768954745,-80.01568916392489,available,Model path,current_finalist_model,current_finalist_model,current_model_forecast,current_finalist_forecast,2026Q3; 2026Q4; 2027Q1; 2027Q2,,2026Q3; 2026Q4; 2027Q1; 2027Q2,False,,False,medium_shifted_6m,delay_6m,0.9212658387203224
2027,FY2027,Current finalist High population/comparison,Current planned path,middle_east_medium__12c_delay_6m,comparison,ruc_admin_revenue,RUC admin revenue,RUC,34.8931365028412,$m nominal ex GST,deduction,MBU26 official fixed component,annual_spine.csv,AB35,,,,,,,source_backed,,nan,False,34.8931365028412,0.0,available,Model path,current_finalist_model,current_finalist_model,current_model_forecast,current_finalist_forecast,2026Q3; 2026Q4; 2027Q1; 2027Q2,,2026Q3; 2026Q4; 2027Q1; 2027Q2,False,,False,medium_shifted_6m,delay_6m,0.9212658387203224
2027,FY2027,Current finalist High population/comparison,Current planned path,middle_east_medium__12c_delay_6m,comparison,ruc_revenue_net_admin,RUC revenues net of admin fees,RUC,2118.8773613044505,$m nominal ex GST,calculated_rollup,current_hybrid_formula,current_hybrid_formula,current_revenue_outlook:middle_east_medium__12c_delay_6m:FY2027,,,,,,,source_backed,,gross_ruc_revenue - MBU26 ruc_admin_revenue,False,2371.07455304461,-80.01568916392625,available,Model path,current_finalist_model,current_finalist_model,current_model_forecast,current_finalist_forecast,2026Q3; 2026Q4; 2027Q1; 2027Q2,,2026Q3; 2026Q4; 2027Q1; 2027Q2,False,,False,medium_shifted_6m,delay_6m,0.9212658387203224
2027,FY2027,Current finalist High population/comparison,Current planned path,middle_east_medium__12c_delay_6m,comparison,total_ruc_net_revenue,Total RUC all classes,RUC,2040.758605675051,$m nominal ex GST,calculated_rollup,current_hybrid_formula,current_hybrid_formula,current_revenue_outlook:middle_east_medium__12c_delay_6m:FY2027,,,,,,,source_backed,PED__DIAGLAB__B__glsar__ylag1__ar1__wexp; dynamic_RESID_GBR_n150_d1_lr0.05_w36; HEAVY_RUC__VNEXT_SOLVED_CONVEX_TOP4,ruc_revenue_net_admin - MBU26 ruc_refunds,False,2292.95579741521,-80.01568916392534,available,Model path,current_finalist_model,current_finalist_model,current_model_forecast,current_finalist_forecast,2026Q3; 2026Q4; 2027Q1; 2027Q2,,2026Q3; 2026Q4; 2027Q1; 2027Q2,False,,False,medium_shifted_6m,delay_6m,0.9212658387203224
2027,FY2027,Current finalist High population/comparison,Current planned path,middle_east_medium__12c_delay_6m,comparison,gross_ped_revenue,PED revenue,FED,1993.3165387557792,$m nominal ex GST,replacement_line,"raw AR(1) PED bridge and conventional-anchor VFM composition, scenario-input population and MBU26 effective rate; population_source=scenario_input_population",forecast_scenario_comparison.parquet; scenario_inputs/scenario_input_wide.parquet; mbu26_official_annual.csv,data/current_revenue_outlook/revenue_chart_rows.csv:middle_east_medium__12c_delay_6m:2026Q3; data/current_revenue_outlook/revenue_chart_rows.csv:middle_east_medium__12c_delay_6m:2026Q4; data/current_revenue_outlook/revenue_chart_rows.csv:middle_east_medium__12c_delay_6m:2027Q1; data/current_revenue_outlook/revenue_chart_rows.csv:middle_east_medium__12c_delay_6m:2027Q2; data/current_revenue_outlook/revenue_chart_rows.csv:middle_east_medium__12c_delay_6m:2026Q3; data/current_revenue_outlook/revenue_chart_rows.csv:middle_east_medium__12c_delay_6m:2026Q4; data/current_revenue_outlook/revenue_chart_rows.csv:middle_east_medium__12c_delay_6m:2027Q1; data/current_revenue_outlook/revenue_chart_rows.csv:middle_east_medium__12c_delay_6m:2027Q2; scenario_inputs/scenario_input_wide.parquet:PED:population (2026Q3; 2026Q4; 2027Q1; 2027Q2); VFM 202405 Base uptake shares; MBU26 rate cells AB5; AB7; AB9,forecast_scenario_comparison.parquet,data/current_revenue_outlook/revenue_chart_rows.csv:middle_east_medium__12c_delay_6m:2026Q3; data/current_revenue_outlook/revenue_chart_rows.csv:middle_east_medium__12c_delay_6m:2026Q4; data/current_revenue_outlook/revenue_chart_rows.csv:middle_east_medium__12c_delay_6m:2027Q1; data/current_revenue_outlook/revenue_chart_rows.csv:middle_east_medium__12c_delay_6m:2027Q2,current_finalist_model,scenario_inputs/scenario_input_wide.parquet,scenario_inputs/scenario_input_wide.parquet:PED:population (2026Q3; 2026Q4; 2027Q1; 2027Q2),scenario_input_population,source_backed,PED__DIAGLAB__B__glsar__ylag1__ar1__wexp,raw PED/light-petrol VKT * MBU26 litres intensity / 100 * MBU26 PED rate,True,2161.50124126958,2.170149742357353,available,Model path,current_finalist_model,current_finalist_model,current_model_forecast,current_finalist_forecast,2026Q3; 2026Q4; 2027Q1; 2027Q2,,2026Q3; 2026Q4; 2027Q1; 2027Q2,False,,False,medium_shifted_6m,delay_6m,0.9212658387203224
2027,FY2027,Current finalist High population/comparison,Current planned path,middle_east_medium__12c_delay_6m,comparison,gross_lpg_revenue,Gross LPG revenue,FED,42.6326898203412,$m nominal ex GST,leaf,MBU26 official fixed component,annual_spine.csv,AB41,,,,,,,source_backed,,nan,False,42.6326898203412,0.0,available,Model path,current_finalist_model,current_finalist_model,current_model_forecast,current_finalist_forecast,2026Q3; 2026Q4; 2027Q1; 2027Q2,,2026Q3; 2026Q4; 2027Q1; 2027Q2,False,,False,medium_shifted_6m,delay_6m,0.9212658387203224
2027,FY2027,Current finalist High population/comparison,Current planned path,middle_east_medium__12c_delay_6m,comparison,gross_cng_revenue,Gross CNG revenue,FED,0.0,$m nominal ex GST,leaf,MBU26 official fixed component,annual_spine.csv,AB42,,,,,,,source_backed,,nan,False,0.0,0.0,available,Model path,current_finalist_model,current_finalist_model,current_model_forecast,current_finalist_forecast,2026Q3; 2026Q4; 2027Q1; 2027Q2,,2026Q3; 2026Q4; 2027Q1; 2027Q2,False,,False,medium_shifted_6m,delay_6m,0.9212658387203224
2027,FY2027,Current finalist High population/comparison,Current planned path,middle_east_medium__12c_delay_6m,comparison,gross_fed_revenue,Gross FED revenue,FED,2035.9492285761205,$m nominal ex GST,calculated_rollup,current_hybrid_formula,current_hybrid_formula,current_revenue_outlook:middle_east_medium__12c_delay_6m:FY2027,,,,,,,source_backed,PED__DIAGLAB__B__glsar__ylag1__ar1__wexp,gross_ped_revenue + MBU26 gross_lpg_revenue + MBU26 gross_cng_revenue,False,2204.13393108992,2.1701497423582623,available,Model path,current_finalist_model,current_finalist_model,current_model_forecast,current_finalist_forecast,2026Q3; 2026Q4; 2027Q1; 2027Q2,,2026Q3; 2026Q4; 2027Q1; 2027Q2,False,,False,medium_shifted_6m,delay_6m,0.9212658387203224
2027,FY2027,Current finalist High population/comparison,Current planned path,middle_east_medium__12c_delay_6m,comparison,fed_refunds,FED refunds,FED,80.6529606896518,$m nominal ex GST,deduction,MBU26 official fixed component,annual_spine.csv,AB44,,,,,,,source_backed,,nan,False,80.6529606896518,0.0,available,Model path,current_finalist_model,current_finalist_model,current_model_forecast,current_finalist_forecast,2026Q3; 2026Q4; 2027Q1; 2027Q2,,2026Q3; 2026Q4; 2027Q1; 2027Q2,False,,False,medium_shifted_6m,delay_6m,0.9212658387203224
2027,FY2027,Current finalist High population/comparison,Current planned path,middle_east_medium__12c_delay_6m,comparison,net_fed_revenue,Net FED revenue,FED,1955.2962678864687,$m nominal ex GST,calculated_rollup,current_hybrid_formula,current_hybrid_formula,current_revenue_outlook:middle_east_medium__12c_delay_6m:FY2027,,,,,,,source_backed,PED__DIAGLAB__B__glsar__ylag1__ar1__wexp,gross_fed_revenue - MBU26 fed_refunds,False,2123.48097040027,2.1701497423564433,available,Model path,current_finalist_model,current_finalist_model,current_model_forecast,current_finalist_forecast,2026Q3; 2026Q4; 2027Q1; 2027Q2,,2026Q3; 2026Q4; 2027Q1; 2027Q2,False,,False,medium_shifted_6m,delay_6m,0.9212658387203224
2027,FY2027,Current finalist High population/comparison,Current planned path,middle_east_medium__12c_delay_6m,comparison,mr1_revenue,MR1 revenue,MVR,526.840027334863,$m nominal ex GST,leaf,MBU26 official fixed component,annual_spine.csv,AB48,,,,,,,source_backed,,nan,False,526.840027334863,0.0,available,Model path,current_finalist_model,current_finalist_model,current_model_forecast,current_finalist_forecast,2026Q3; 2026Q4; 2027Q1; 2027Q2,,2026Q3; 2026Q4; 2027Q1; 2027Q2,False,,False,medium_shifted_6m,delay_6m,0.9212658387203224
2027,FY2027,Current finalist High population/comparison,Current planned path,middle_east_medium__12c_delay_6m,comparison,mr2_revenue,MR2 revenue,MVR,31.3601498274909,$m nominal ex GST,leaf,MBU26 official fixed component,annual_spine.csv,AB49,,,,,,,source_backed,,nan,False,31.3601498274909,0.0,available,Model path,current_finalist_model,current_finalist_model,current_model_forecast,current_finalist_forecast,2026Q3; 2026Q4; 2027Q1; 2027Q2,,2026Q3; 2026Q4; 2027Q1; 2027Q2,False,,False,medium_shifted_6m,delay_6m,0.9212658387203224
2027,FY2027,Current finalist High population/comparison,Current planned path,middle_east_medium__12c_delay_6m,comparison,coo_revenue,MR13,MVR,0.0,$m nominal ex GST,deduction,MBU26 official fixed component,annual_spine.csv,AB50,,,,,,,source_backed,,nan,False,0.0,0.0,available,Model path,current_finalist_model,current_finalist_model,current_model_forecast,current_finalist_forecast,2026Q3; 2026Q4; 2027Q1; 2027Q2,,2026Q3; 2026Q4; 2027Q1; 2027Q2,False,,False,medium_shifted_6m,delay_6m,0.9212658387203224
2027,FY2027,Current finalist High population/comparison,Current planned path,middle_east_medium__12c_delay_6m,comparison,gross_mvr_revenue,Gross MVR revenue,MVR,558.2001771623538,$m nominal ex GST,calculated_rollup,MBU26 official formula,mbu26_official_annual.csv,AB51,,,,,,,source_backed,,mr1_revenue + mr2_revenue + coo_revenue,False,558.200177162354,-1.1368683772161603e-13,available,Model path,current_finalist_model,current_finalist_model,current_model_forecast,current_finalist_forecast,2026Q3; 2026Q4; 2027Q1; 2027Q2,,2026Q3; 2026Q4; 2027Q1; 2027Q2,False,,False,medium_shifted_6m,delay_6m,0.9212658387203224
2027,FY2027,Current finalist High population/comparison,Current planned path,middle_east_medium__12c_delay_6m,comparison,mvr_admin_revenue,MVR admin revenue,MVR,72.2584767411959,$m nominal ex GST,deduction,MBU26 official fixed component,annual_spine.csv,AB52,,,,,,,source_backed,,nan,False,72.2584767411959,0.0,available,Model path,current_finalist_model,current_finalist_model,current_model_forecast,current_finalist_forecast,2026Q3; 2026Q4; 2027Q1; 2027Q2,,2026Q3; 2026Q4; 2027Q1; 2027Q2,False,,False,medium_shifted_6m,delay_6m,0.9212658387203224
2027,FY2027,Current finalist High population/comparison,Current planned path,middle_east_medium__12c_delay_6m,comparison,mvr_revenue_net_admin_coo,MVR revenues net of admin fees and COO,MVR,485.941700421158,$m nominal ex GST,calculated_rollup,MBU26 official formula,mbu26_official_annual.csv,AB53,,,,,,,source_backed,,mr1_revenue + mr2_revenue - mvr_admin_revenue,False,485.941700421158,-5.684341886080802e-14,available,Model path,current_finalist_model,current_finalist_model,current_model_forecast,current_finalist_forecast,2026Q3; 2026Q4; 2027Q1; 2027Q2,,2026Q3; 2026Q4; 2027Q1; 2027Q2,False,,False,medium_shifted_6m,delay_6m,0.9212658387203224
2027,FY2027,Current finalist High population/comparison,Current planned path,middle_east_medium__12c_delay_6m,comparison,mvr_refunds,MVR refunds,MVR,1.8947102491513,$m nominal ex GST,deduction,MBU26 official fixed component,annual_spine.csv,AB54,,,,,,,source_backed,,nan,False,1.8947102491513,0.0,available,Model path,current_finalist_model,current_finalist_model,current_model_forecast,current_finalist_forecast,2026Q3; 2026Q4; 2027Q1; 2027Q2,,2026Q3; 2026Q4; 2027Q1; 2027Q2,False,,False,medium_shifted_6m,delay_6m,0.9212658387203224
2027,FY2027,Current finalist High population/comparison,Current planned path,middle_east_medium__12c_delay_6m,comparison,net_mvr_revenue,Net MVR revenue,MVR,484.0469901720067,$m nominal ex GST,calculated_rollup,MBU26 official formula,mbu26_official_annual.csv,AB55,,,,,,,source_backed,,mvr_revenue_net_admin_coo - mvr_refunds,False,484.046990172007,-3.410605131648481e-13,available,Model path,current_finalist_model,current_finalist_model,current_model_forecast,current_finalist_forecast,2026Q3; 2026Q4; 2027Q1; 2027Q2,,2026Q3; 2026Q4; 2027Q1; 2027Q2,False,,False,medium_shifted_6m,delay_6m,0.9212658387203224
2027,FY2027,Current finalist High population/comparison,Current planned path,middle_east_medium__12c_delay_6m,comparison,tuc_net_revenue,TUC net revenue,TUC,17.5578996928248,$m nominal ex GST,leaf,MBU26 official fixed component,annual_spine.csv,AB58,,,,,,,source_backed,,nan,False,17.5578996928248,0.0,available,Model path,current_finalist_model,current_finalist_model,current_model_forecast,current_finalist_forecast,2026Q3; 2026Q4; 2027Q1; 2027Q2,,2026Q3; 2026Q4; 2027Q1; 2027Q2,False,,False,medium_shifted_6m,delay_6m,0.9212658387203224
2027,FY2027,Current finalist High population/comparison,Current planned path,middle_east_medium__12c_delay_6m,comparison,total_gross_revenue,Total gross revenues,Totals,4765.477803238591,$m nominal ex GST,calculated_rollup,current_hybrid_formula,current_hybrid_formula,current_revenue_outlook:middle_east_medium__12c_delay_6m:FY2027,,,,,,,source_backed,,gross_ruc_revenue + gross_fed_revenue + gross_mvr_revenue + tuc_net_revenue,False,5185.85969749254,-77.84553942155799,available,Model path,current_finalist_model,current_finalist_model,current_model_forecast,current_finalist_forecast,2026Q3; 2026Q4; 2027Q1; 2027Q2,,2026Q3; 2026Q4; 2027Q1; 2027Q2,False,,False,medium_shifted_6m,delay_6m,0.9212658387203224
2027,FY2027,Current finalist High population/comparison,Current planned path,middle_east_medium__12c_delay_6m,comparison,total_admin_fees,Total admin fees,Totals,107.15161324403711,$m nominal ex GST,calculated_rollup,current_hybrid_formula,current_hybrid_formula,current_revenue_outlook:middle_east_medium__12c_delay_6m:FY2027,,,,,,,source_backed,,ruc_admin_revenue + mvr_admin_revenue + coo_revenue,False,107.151613244037,1.1368683772161603e-13,available,Model path,current_finalist_model,current_finalist_model,current_model_forecast,current_finalist_forecast,2026Q3; 2026Q4; 2027Q1; 2027Q2,,2026Q3; 2026Q4; 2027Q1; 2027Q2,False,,False,medium_shifted_6m,delay_6m,0.9212658387203224
2027,FY2027,Current finalist High population/comparison,Current planned path,middle_east_medium__12c_delay_6m,comparison,total_revenue_net_admin,Total revenues net of admin fees,Totals,4658.326189994554,$m nominal ex GST,calculated_rollup,current_hybrid_formula,current_hybrid_formula,current_revenue_outlook:middle_east_medium__12c_delay_6m:FY2027,,,,,,,source_backed,,total_gross_revenue - total_admin_fees,False,5078.70808424851,-77.84553942156526,available,Model path,current_finalist_model,current_finalist_model,current_model_forecast,current_finalist_forecast,2026Q3; 2026Q4; 2027Q1; 2027Q2,,2026Q3; 2026Q4; 2027Q1; 2027Q2,False,,False,medium_shifted_6m,delay_6m,0.9212658387203224
2027,FY2027,Current finalist High population/comparison,Current planned path,middle_east_medium__12c_delay_6m,comparison,total_refunds,Total refunds,Totals,160.6664265682024,$m nominal ex GST,calculated_rollup,current_hybrid_formula,current_hybrid_formula,current_revenue_outlook:middle_east_medium__12c_delay_6m:FY2027,,,,,,,source_backed,,ruc_refunds + fed_refunds + mvr_refunds,False,160.666426568202,3.979039320256561e-13,available,Model path,current_finalist_model,current_finalist_model,current_model_forecast,current_finalist_forecast,2026Q3; 2026Q4; 2027Q1; 2027Q2,,2026Q3; 2026Q4; 2027Q1; 2027Q2,False,,False,medium_shifted_6m,delay_6m,0.9212658387203224
2027,FY2027,Current finalist High population/comparison,Current planned path,middle_east_medium__12c_delay_6m,comparison,total_nltf_net_revenue,Total NLTF revenue,Totals,4497.659763426352,$m nominal ex GST,calculated_rollup,current_hybrid_formula,current_hybrid_formula,current_revenue_outlook:middle_east_medium__12c_delay_6m:FY2027,,,,,,,source_backed,PED__DIAGLAB__B__glsar__ylag1__ar1__wexp; dynamic_RESID_GBR_n150_d1_lr0.05_w36; HEAVY_RUC__VNEXT_SOLVED_CONVEX_TOP4,total_revenue_net_admin - total_refunds,False,4918.0416576803,-77.84553942155708,available,Model path,current_finalist_model,current_finalist_model,current_model_forecast,current_finalist_forecast,2026Q3; 2026Q4; 2027Q1; 2027Q2,,2026Q3; 2026Q4; 2027Q1; 2027Q2,False,,False,medium_shifted_6m,delay_6m,0.9212658387203224
2027,FY2027,Current finalist High population/comparison,Current planned path,middle_east_medium__12c_delay_6m,comparison,current_light_ruc_conventional_modelled_km,Current finalist Light RUC conventional modelled km,Key volumes,12428.972089641517,million km,audit_only,current_finalist_model_conventional_light_ruc_forecast,forecast_scenario_comparison.parquet,data/current_revenue_outlook/revenue_chart_rows.csv:middle_east_medium__12c_delay_6m:2026Q3; data/current_revenue_outlook/revenue_chart_rows.csv:middle_east_medium__12c_delay_6m:2026Q4; data/current_revenue_outlook/revenue_chart_rows.csv:middle_east_medium__12c_delay_6m:2027Q1; data/current_revenue_outlook/revenue_chart_rows.csv:middle_east_medium__12c_delay_6m:2027Q2,,,,,,,source_backed,dynamic_RESID_GBR_n150_d1_lr0.05_w36,sum quarterly current finalist Light RUC conventional model forecast,False,,,available,Model path,current_finalist_model,current_finalist_model,current_model_forecast,current_finalist_forecast,2026Q3; 2026Q4; 2027Q1; 2027Q2,,2026Q3; 2026Q4; 2027Q1; 2027Q2,False,diesel_elasticity_to_conventional_ice_only; bev_phev_activity_fixed_to_base,True,medium_shifted_6m,delay_6m,0.9212658387203224
2027,FY2027,Current finalist High population/comparison,Current planned path,middle_east_medium__12c_delay_6m,comparison,total_fed_ruc_net_revenue,Total RUC+PED revenue,Derived totals,3996.05487356152,$m nominal ex GST,calculated_rollup,current_hybrid_formula,current_hybrid_formula,current_revenue_outlook:middle_east_medium__12c_delay_6m:FY2027,,,,,,,source_backed,PED__DIAGLAB__B__glsar__ylag1__ar1__wexp; dynamic_RESID_GBR_n150_d1_lr0.05_w36; HEAVY_RUC__VNEXT_SOLVED_CONVEX_TOP4,net_fed_revenue + total_ruc_net_revenue,False,4416.43676781548,-77.84553942156981,available,Model path,current_finalist_model,current_finalist_model,current_model_forecast,current_finalist_forecast,2026Q3; 2026Q4; 2027Q1; 2027Q2,,2026Q3; 2026Q4; 2027Q1; 2027Q2,False,,False,medium_shifted_6m,delay_6m,0.9212658387203224
2028,FY2028,Current finalist High population/comparison,Current planned path,middle_east_medium__12c_delay_6m,comparison,light_ruc_net_km,Light RUC net km,Key volumes,13329.158189765689,million km,bridge_input,raw AR(1) PED VKT per capita x scenario-input population; raw Light RUC conventional model forecast expanded by MoT VFM 202405 Base uptake shares (conventional_anchor_vfm_composition_v1),forecast_scenario_comparison.parquet; mbu26_official_annual.csv,data/current_revenue_outlook/revenue_chart_rows.csv:middle_east_medium__12c_delay_6m:2027Q3; data/current_revenue_outlook/revenue_chart_rows.csv:middle_east_medium__12c_delay_6m:2027Q4; data/current_revenue_outlook/revenue_chart_rows.csv:middle_east_medium__12c_delay_6m:2028Q1; data/current_revenue_outlook/revenue_chart_rows.csv:middle_east_medium__12c_delay_6m:2028Q2; data/current_revenue_outlook/revenue_chart_rows.csv:middle_east_medium__12c_delay_6m:2027Q3; data/current_revenue_outlook/revenue_chart_rows.csv:middle_east_medium__12c_delay_6m:2027Q4; data/current_revenue_outlook/revenue_chart_rows.csv:middle_east_medium__12c_delay_6m:2028Q1; data/current_revenue_outlook/revenue_chart_rows.csv:middle_east_medium__12c_delay_6m:2028Q2; scenario_inputs/scenario_input_wide.parquet:PED:population (2027Q3; 2027Q4; 2028Q1; 2028Q2); VFM 202405 Base uptake shares; MBU26 rate cells AC5; AC7; AC9,,,,,,,source_backed,dynamic_RESID_GBR_n150_d1_lr0.05_w36,raw Light RUC conventional model forecast (preserved exactly under the Base uptake basis),False,13232.0139233986,97.1442663670914,available,Model path,current_finalist_model,current_finalist_model,current_model_forecast,current_finalist_forecast,2027Q3; 2027Q4; 2028Q1; 2028Q2,,2027Q3; 2027Q4; 2028Q1; 2028Q2,False,diesel_elasticity_to_conventional_ice_only; bev_phev_activity_fixed_to_base,True,medium_shifted_6m,delay_6m,1.0
2028,FY2028,Current finalist High population/comparison,Current planned path,middle_east_medium__12c_delay_6m,comparison,heavy_ruc_net_km,Heavy RUC net km,Key volumes,4125.59860859126,million km,bridge_input,current_finalist_model,forecast_scenario_comparison.parquet,data/current_revenue_outlook/revenue_chart_rows.csv:middle_east_medium__12c_delay_6m:2027Q3; data/current_revenue_outlook/revenue_chart_rows.csv:middle_east_medium__12c_delay_6m:2027Q4; data/current_revenue_outlook/revenue_chart_rows.csv:middle_east_medium__12c_delay_6m:2028Q1; data/current_revenue_outlook/revenue_chart_rows.csv:middle_east_medium__12c_delay_6m:2028Q2,,,,,,,source_backed,HEAVY_RUC__VNEXT_SOLVED_CONVEX_TOP4,sum quarterly current finalist Heavy RUC net km,False,4316.6483901476,-191.04978155634035,available,Model path,current_finalist_model,current_finalist_model,current_model_forecast,current_finalist_forecast,2027Q3; 2027Q4; 2028Q1; 2028Q2,,2027Q3; 2027Q4; 2028Q1; 2028Q2,False,,False,medium_shifted_6m,delay_6m,1.0
2028,FY2028,Current finalist High population/comparison,Current planned path,middle_east_medium__12c_delay_6m,comparison,light_bev_ruc_net_km,Light BEV RUC net km,Key volumes,2047.1005382667586,million km,bridge_input,raw AR(1) PED VKT per capita x scenario-input population; raw Light RUC conventional model forecast expanded by MoT VFM 202405 Base uptake shares (conventional_anchor_vfm_composition_v1),forecast_scenario_comparison.parquet; mbu26_official_annual.csv,data/current_revenue_outlook/revenue_chart_rows.csv:middle_east_medium__12c_delay_6m:2027Q3; data/current_revenue_outlook/revenue_chart_rows.csv:middle_east_medium__12c_delay_6m:2027Q4; data/current_revenue_outlook/revenue_chart_rows.csv:middle_east_medium__12c_delay_6m:2028Q1; data/current_revenue_outlook/revenue_chart_rows.csv:middle_east_medium__12c_delay_6m:2028Q2; data/current_revenue_outlook/revenue_chart_rows.csv:middle_east_medium__12c_delay_6m:2027Q3; data/current_revenue_outlook/revenue_chart_rows.csv:middle_east_medium__12c_delay_6m:2027Q4; data/current_revenue_outlook/revenue_chart_rows.csv:middle_east_medium__12c_delay_6m:2028Q1; data/current_revenue_outlook/revenue_chart_rows.csv:middle_east_medium__12c_delay_6m:2028Q2; scenario_inputs/scenario_input_wide.parquet:PED:population (2027Q3; 2027Q4; 2028Q1; 2028Q2); VFM 202405 Base uptake shares; MBU26 rate cells AC5; AC7; AC9,,,,,,,source_backed,PED__DIAGLAB__B__glsar__ylag1__ar1__wexp; dynamic_RESID_GBR_n150_d1_lr0.05_w36; HEAVY_RUC__VNEXT_SOLVED_CONVEX_TOP4,base pool (conventional / VFM Base conventional share) * VFM Base Light BEV share,False,1989.37597979678,25.52089543159309,available,Model path,current_finalist_model,current_finalist_model,current_model_forecast,current_finalist_forecast,2027Q3; 2027Q4; 2028Q1; 2028Q2,,2027Q3; 2027Q4; 2028Q1; 2028Q2,False,diesel_elasticity_to_conventional_ice_only; bev_phev_activity_fixed_to_base,True,medium_shifted_6m,delay_6m,1.0
2028,FY2028,Current finalist High population/comparison,Current planned path,middle_east_medium__12c_delay_6m,comparison,heavy_bev_ruc_net_km,Heavy BEV RUC net km,Key volumes,60.5044362657779,million km,bridge_input,MBU26 official fixed component,annual_spine.csv,AC8,,,,,,,source_backed,,nan,False,60.5044362657779,0.0,available,Model path,current_finalist_model,current_finalist_model,current_model_forecast,current_finalist_forecast,2027Q3; 2027Q4; 2028Q1; 2028Q2,,2027Q3; 2027Q4; 2028Q1; 2028Q2,False,diesel_elasticity_to_conventional_ice_only; bev_phev_activity_fixed_to_base,True,medium_shifted_6m,delay_6m,1.0
2028,FY2028,Current finalist High population/comparison,Current planned path,middle_east_medium__12c_delay_6m,comparison,phev_ruc_net_km,PHEV RUC net km,Key volumes,1140.5757203778505,million km,bridge_input,raw AR(1) PED VKT per capita x scenario-input population; raw Light RUC conventional model forecast expanded by MoT VFM 202405 Base uptake shares (conventional_anchor_vfm_composition_v1),forecast_scenario_comparison.parquet; mbu26_official_annual.csv,data/current_revenue_outlook/revenue_chart_rows.csv:middle_east_medium__12c_delay_6m:2027Q3; data/current_revenue_outlook/revenue_chart_rows.csv:middle_east_medium__12c_delay_6m:2027Q4; data/current_revenue_outlook/revenue_chart_rows.csv:middle_east_medium__12c_delay_6m:2028Q1; data/current_revenue_outlook/revenue_chart_rows.csv:middle_east_medium__12c_delay_6m:2028Q2; data/current_revenue_outlook/revenue_chart_rows.csv:middle_east_medium__12c_delay_6m:2027Q3; data/current_revenue_outlook/revenue_chart_rows.csv:middle_east_medium__12c_delay_6m:2027Q4; data/current_revenue_outlook/revenue_chart_rows.csv:middle_east_medium__12c_delay_6m:2028Q1; data/current_revenue_outlook/revenue_chart_rows.csv:middle_east_medium__12c_delay_6m:2028Q2; scenario_inputs/scenario_input_wide.parquet:PED:population (2027Q3; 2027Q4; 2028Q1; 2028Q2); VFM 202405 Base uptake shares; MBU26 rate cells AC5; AC7; AC9,,,,,,,source_backed,PED__DIAGLAB__B__glsar__ylag1__ar1__wexp; dynamic_RESID_GBR_n150_d1_lr0.05_w36; HEAVY_RUC__VNEXT_SOLVED_CONVEX_TOP4,base pool (conventional / VFM Base conventional share) * VFM Base PHEV share,False,1114.1399728797,8.492947190007499,available,Model path,current_finalist_model,current_finalist_model,current_model_forecast,current_finalist_forecast,2027Q3; 2027Q4; 2028Q1; 2028Q2,,2027Q3; 2027Q4; 2028Q1; 2028Q2,False,diesel_elasticity_to_conventional_ice_only; bev_phev_activity_fixed_to_base,True,medium_shifted_6m,delay_6m,1.0
2028,FY2028,Current finalist High population/comparison,Current planned path,middle_east_medium__12c_delay_6m,comparison,ped_volume,PED volume,Key volumes,2866.83375551605,million litres,bridge_input,raw AR(1) PED VKT/capita + scenario-input population (scenario_input_population) + MBU26 intensity,forecast_scenario_comparison.parquet; scenario_inputs/scenario_input_wide.parquet; mbu26_official_annual.csv,data/current_revenue_outlook/revenue_chart_rows.csv:middle_east_medium__12c_delay_6m:2027Q3; data/current_revenue_outlook/revenue_chart_rows.csv:middle_east_medium__12c_delay_6m:2027Q4; data/current_revenue_outlook/revenue_chart_rows.csv:middle_east_medium__12c_delay_6m:2028Q1; data/current_revenue_outlook/revenue_chart_rows.csv:middle_east_medium__12c_delay_6m:2028Q2; data/current_revenue_outlook/revenue_chart_rows.csv:middle_east_medium__12c_delay_6m:2027Q3; data/current_revenue_outlook/revenue_chart_rows.csv:middle_east_medium__12c_delay_6m:2027Q4; data/current_revenue_outlook/revenue_chart_rows.csv:middle_east_medium__12c_delay_6m:2028Q1; data/current_revenue_outlook/revenue_chart_rows.csv:middle_east_medium__12c_delay_6m:2028Q2; scenario_inputs/scenario_input_wide.parquet:PED:population (2027Q3; 2027Q4; 2028Q1; 2028Q2); VFM 202405 Base uptake shares; MBU26 rate cells AC5; AC7; AC9,forecast_scenario_comparison.parquet,data/current_revenue_outlook/revenue_chart_rows.csv:middle_east_medium__12c_delay_6m:2027Q3; data/current_revenue_outlook/revenue_chart_rows.csv:middle_east_medium__12c_delay_6m:2027Q4; data/current_revenue_outlook/revenue_chart_rows.csv:middle_east_medium__12c_delay_6m:2028Q1; data/current_revenue_outlook/revenue_chart_rows.csv:middle_east_medium__12c_delay_6m:2028Q2,current_finalist_model,scenario_inputs/scenario_input_wide.parquet,scenario_inputs/scenario_input_wide.parquet:PED:population (2027Q3; 2027Q4; 2028Q1; 2028Q2),scenario_input_population,source_backed,PED__DIAGLAB__B__glsar__ylag1__ar1__wexp,raw PED/light-petrol VKT * MBU26 litres intensity / 100,False,2868.53356449197,-1.6998089759199502,available,Model path,current_finalist_model,current_finalist_model,current_model_forecast,current_finalist_forecast,2027Q3; 2027Q4; 2028Q1; 2028Q2,,2027Q3; 2027Q4; 2028Q1; 2028Q2,False,,False,medium_shifted_6m,delay_6m,1.0
2028,FY2028,Current finalist High population/comparison,Current planned path,middle_east_medium__12c_delay_6m,comparison,light_petrol_vkt,Light petrol VKT,Key volumes,32096.90698613463,million km,bridge_input,raw AR(1) PED VKT per capita x scenario-input population; raw Light RUC conventional model forecast expanded by MoT VFM 202405 Base uptake shares (conventional_anchor_vfm_composition_v1),forecast_scenario_comparison.parquet; mbu26_official_annual.csv,data/current_revenue_outlook/revenue_chart_rows.csv:middle_east_medium__12c_delay_6m:2027Q3; data/current_revenue_outlook/revenue_chart_rows.csv:middle_east_medium__12c_delay_6m:2027Q4; data/current_revenue_outlook/revenue_chart_rows.csv:middle_east_medium__12c_delay_6m:2028Q1; data/current_revenue_outlook/revenue_chart_rows.csv:middle_east_medium__12c_delay_6m:2028Q2; data/current_revenue_outlook/revenue_chart_rows.csv:middle_east_medium__12c_delay_6m:2027Q3; data/current_revenue_outlook/revenue_chart_rows.csv:middle_east_medium__12c_delay_6m:2027Q4; data/current_revenue_outlook/revenue_chart_rows.csv:middle_east_medium__12c_delay_6m:2028Q1; data/current_revenue_outlook/revenue_chart_rows.csv:middle_east_medium__12c_delay_6m:2028Q2; scenario_inputs/scenario_input_wide.parquet:PED:population (2027Q3; 2027Q4; 2028Q1; 2028Q2); VFM 202405 Base uptake shares; MBU26 rate cells AC5; AC7; AC9,forecast_scenario_comparison.parquet,data/current_revenue_outlook/revenue_chart_rows.csv:middle_east_medium__12c_delay_6m:2027Q3; data/current_revenue_outlook/revenue_chart_rows.csv:middle_east_medium__12c_delay_6m:2027Q4; data/current_revenue_outlook/revenue_chart_rows.csv:middle_east_medium__12c_delay_6m:2028Q1; data/current_revenue_outlook/revenue_chart_rows.csv:middle_east_medium__12c_delay_6m:2028Q2,current_finalist_model,scenario_inputs/scenario_input_wide.parquet,scenario_inputs/scenario_input_wide.parquet:PED:population (2027Q3; 2027Q4; 2028Q1; 2028Q2),scenario_input_population,source_backed,,raw AR(1) PED VKT per capita * scenario-input population,False,32115.9379503436,-19.030964208970545,available,Model path,current_finalist_model,current_finalist_model,current_model_forecast,current_finalist_forecast,2027Q3; 2027Q4; 2028Q1; 2028Q2,,2027Q3; 2027Q4; 2028Q1; 2028Q2,False,,False,medium_shifted_6m,delay_6m,1.0
2028,FY2028,Current finalist High population/comparison,Current planned path,middle_east_medium__12c_delay_6m,comparison,ped_vkt_per_capita,PED VKT per capita,Key volumes,5864.977685709931,km/person,bridge_input,current_finalist_model,forecast_scenario_comparison.parquet,data/current_revenue_outlook/revenue_chart_rows.csv:middle_east_medium__12c_delay_6m:2027Q3; data/current_revenue_outlook/revenue_chart_rows.csv:middle_east_medium__12c_delay_6m:2027Q4; data/current_revenue_outlook/revenue_chart_rows.csv:middle_east_medium__12c_delay_6m:2028Q1; data/current_revenue_outlook/revenue_chart_rows.csv:middle_east_medium__12c_delay_6m:2028Q2,forecast_scenario_comparison.parquet,data/current_revenue_outlook/revenue_chart_rows.csv:middle_east_medium__12c_delay_6m:2027Q3; data/current_revenue_outlook/revenue_chart_rows.csv:middle_east_medium__12c_delay_6m:2027Q4; data/current_revenue_outlook/revenue_chart_rows.csv:middle_east_medium__12c_delay_6m:2028Q1; data/current_revenue_outlook/revenue_chart_rows.csv:middle_east_medium__12c_delay_6m:2028Q2,current_finalist_model,,,,source_backed,PED__DIAGLAB__B__glsar__ylag1__ar1__wexp,sum quarterly current finalist PED VKT/capita,False,5866.51585550544,-1.5381697955090203,available,Model path,current_finalist_model,current_finalist_model,current_model_forecast,current_finalist_forecast,2027Q3; 2027Q4; 2028Q1; 2028Q2,,2027Q3; 2027Q4; 2028Q1; 2028Q2,False,,False,medium_shifted_6m,delay_6m,1.0
2028,FY2028,Current finalist High population/comparison,Current planned path,middle_east_medium__12c_delay_6m,comparison,tuc_gtk,TUC GTK,Key volumes,8179315222.66,tonne-km,bridge_input,MBU26 official fixed component,annual_spine.csv,AC13,,,,,,,source_backed,,nan,False,8179315222.66,0.0,available,Model path,current_finalist_model,current_finalist_model,current_model_forecast,current_finalist_forecast,2027Q3; 2027Q4; 2028Q1; 2028Q2,,2027Q3; 2027Q4; 2028Q1; 2028Q2,False,,False,medium_shifted_6m,delay_6m,1.0
2028,FY2028,Current finalist High population/comparison,Current planned path,middle_east_medium__12c_delay_6m,comparison,light_ruc_net_revenue,Light RUC revenue,RUC,1083.9683079963518,$m nominal ex GST,replacement_line,"raw AR(1) PED bridge and conventional-anchor VFM composition, scenario-input population and MBU26 effective rate",forecast_scenario_comparison.parquet; mbu26_official_annual.csv,data/current_revenue_outlook/revenue_chart_rows.csv:middle_east_medium__12c_delay_6m:2027Q3; data/current_revenue_outlook/revenue_chart_rows.csv:middle_east_medium__12c_delay_6m:2027Q4; data/current_revenue_outlook/revenue_chart_rows.csv:middle_east_medium__12c_delay_6m:2028Q1; data/current_revenue_outlook/revenue_chart_rows.csv:middle_east_medium__12c_delay_6m:2028Q2; data/current_revenue_outlook/revenue_chart_rows.csv:middle_east_medium__12c_delay_6m:2027Q3; data/current_revenue_outlook/revenue_chart_rows.csv:middle_east_medium__12c_delay_6m:2027Q4; data/current_revenue_outlook/revenue_chart_rows.csv:middle_east_medium__12c_delay_6m:2028Q1; data/current_revenue_outlook/revenue_chart_rows.csv:middle_east_medium__12c_delay_6m:2028Q2; scenario_inputs/scenario_input_wide.parquet:PED:population (2027Q3; 2027Q4; 2028Q1; 2028Q2); VFM 202405 Base uptake shares; MBU26 rate cells AC5; AC7; AC9,,,,,,,source_backed,dynamic_RESID_GBR_n150_d1_lr0.05_w36,conventional Light RUC km * MBU26 conventional Light effective rate,True,1076.06823624791,7.9000717484420875,available,Model path,current_finalist_model,current_finalist_model,current_model_forecast,current_finalist_forecast,2027Q3; 2027Q4; 2028Q1; 2028Q2,,2027Q3; 2027Q4; 2028Q1; 2028Q2,False,diesel_elasticity_to_conventional_ice_only; bev_phev_activity_fixed_to_base,True,medium_shifted_6m,delay_6m,1.0
2028,FY2028,Current finalist High population/comparison,Current planned path,middle_east_medium__12c_delay_6m,comparison,heavy_ruc_net_revenue,Heavy RUC revenue,RUC,1377.3161139827844,$m nominal ex GST,replacement_line,current_finalist_model + MBU26 effective rate,forecast_scenario_comparison.parquet; mbu26_official_annual.csv,data/current_revenue_outlook/revenue_chart_rows.csv:middle_east_medium__12c_delay_6m:2027Q3; data/current_revenue_outlook/revenue_chart_rows.csv:middle_east_medium__12c_delay_6m:2027Q4; data/current_revenue_outlook/revenue_chart_rows.csv:middle_east_medium__12c_delay_6m:2028Q1; data/current_revenue_outlook/revenue_chart_rows.csv:middle_east_medium__12c_delay_6m:2028Q2,,,,,,,source_backed,HEAVY_RUC__VNEXT_SOLVED_CONVEX_TOP4,sum quarterly current Heavy RUC net km * MBU26 effective rate,True,1441.09738978661,-63.781275803825565,available,Model path,current_finalist_model,current_finalist_model,current_model_forecast,current_finalist_forecast,2027Q3; 2027Q4; 2028Q1; 2028Q2,,2027Q3; 2027Q4; 2028Q1; 2028Q2,False,,False,medium_shifted_6m,delay_6m,1.0
2028,FY2028,Current finalist High population/comparison,Current planned path,middle_east_medium__12c_delay_6m,comparison,light_bev_ruc_net_revenue,Light BEV RUC net revenue,RUC,166.53162878800077,$m nominal ex GST,replacement_line,"raw AR(1) PED bridge and conventional-anchor VFM composition, scenario-input population and MBU26 effective rate",forecast_scenario_comparison.parquet; mbu26_official_annual.csv,data/current_revenue_outlook/revenue_chart_rows.csv:middle_east_medium__12c_delay_6m:2027Q3; data/current_revenue_outlook/revenue_chart_rows.csv:middle_east_medium__12c_delay_6m:2027Q4; data/current_revenue_outlook/revenue_chart_rows.csv:middle_east_medium__12c_delay_6m:2028Q1; data/current_revenue_outlook/revenue_chart_rows.csv:middle_east_medium__12c_delay_6m:2028Q2; data/current_revenue_outlook/revenue_chart_rows.csv:middle_east_medium__12c_delay_6m:2027Q3; data/current_revenue_outlook/revenue_chart_rows.csv:middle_east_medium__12c_delay_6m:2027Q4; data/current_revenue_outlook/revenue_chart_rows.csv:middle_east_medium__12c_delay_6m:2028Q1; data/current_revenue_outlook/revenue_chart_rows.csv:middle_east_medium__12c_delay_6m:2028Q2; scenario_inputs/scenario_input_wide.parquet:PED:population (2027Q3; 2027Q4; 2028Q1; 2028Q2); VFM 202405 Base uptake shares; MBU26 rate cells AC5; AC7; AC9,,,,,,,source_backed,PED__DIAGLAB__B__glsar__ylag1__ar1__wexp; dynamic_RESID_GBR_n150_d1_lr0.05_w36; HEAVY_RUC__VNEXT_SOLVED_CONVEX_TOP4,allocated Light BEV RUC km * MBU26 Light BEV effective rate,True,161.835735956468,2.0761248433601054,available,Model path,current_finalist_model,current_finalist_model,current_model_forecast,current_finalist_forecast,2027Q3; 2027Q4; 2028Q1; 2028Q2,,2027Q3; 2027Q4; 2028Q1; 2028Q2,False,diesel_elasticity_to_conventional_ice_only; bev_phev_activity_fixed_to_base,True,medium_shifted_6m,delay_6m,1.0
2028,FY2028,Current finalist High population/comparison,Current planned path,middle_east_medium__12c_delay_6m,comparison,heavy_bev_ruc_net_revenue,Heavy BEV RUC net revenue,RUC,20.2030363135059,$m nominal ex GST,leaf,MBU26 official fixed component,annual_spine.csv,AC31,,,,,,,source_backed,,nan,False,20.2030363135059,0.0,available,Model path,current_finalist_model,current_finalist_model,current_model_forecast,current_finalist_forecast,2027Q3; 2027Q4; 2028Q1; 2028Q2,,2027Q3; 2027Q4; 2028Q1; 2028Q2,False,diesel_elasticity_to_conventional_ice_only; bev_phev_activity_fixed_to_base,True,medium_shifted_6m,delay_6m,1.0
2028,FY2028,Current finalist High population/comparison,Current planned path,middle_east_medium__12c_delay_6m,comparison,phev_ruc_net_revenue,PHEV RUC net revenue,RUC,45.75419502295762,$m nominal ex GST,replacement_line,"raw AR(1) PED bridge and conventional-anchor VFM composition, scenario-input population and MBU26 effective rate",forecast_scenario_comparison.parquet; mbu26_official_annual.csv,data/current_revenue_outlook/revenue_chart_rows.csv:middle_east_medium__12c_delay_6m:2027Q3; data/current_revenue_outlook/revenue_chart_rows.csv:middle_east_medium__12c_delay_6m:2027Q4; data/current_revenue_outlook/revenue_chart_rows.csv:middle_east_medium__12c_delay_6m:2028Q1; data/current_revenue_outlook/revenue_chart_rows.csv:middle_east_medium__12c_delay_6m:2028Q2; data/current_revenue_outlook/revenue_chart_rows.csv:middle_east_medium__12c_delay_6m:2027Q3; data/current_revenue_outlook/revenue_chart_rows.csv:middle_east_medium__12c_delay_6m:2027Q4; data/current_revenue_outlook/revenue_chart_rows.csv:middle_east_medium__12c_delay_6m:2028Q1; data/current_revenue_outlook/revenue_chart_rows.csv:middle_east_medium__12c_delay_6m:2028Q2; scenario_inputs/scenario_input_wide.parquet:PED:population (2027Q3; 2027Q4; 2028Q1; 2028Q2); VFM 202405 Base uptake shares; MBU26 rate cells AC5; AC7; AC9,,,,,,,source_backed,PED__DIAGLAB__B__glsar__ylag1__ar1__wexp; dynamic_RESID_GBR_n150_d1_lr0.05_w36; HEAVY_RUC__VNEXT_SOLVED_CONVEX_TOP4,allocated PHEV RUC km * MBU26 PHEV effective rate,True,44.6937250120693,0.34069457652715585,available,Model path,current_finalist_model,current_finalist_model,current_model_forecast,current_finalist_forecast,2027Q3; 2027Q4; 2028Q1; 2028Q2,,2027Q3; 2027Q4; 2028Q1; 2028Q2,False,diesel_elasticity_to_conventional_ice_only; bev_phev_activity_fixed_to_base,True,medium_shifted_6m,delay_6m,1.0
2028,FY2028,Current finalist High population/comparison,Current planned path,middle_east_medium__12c_delay_6m,comparison,ruc_refunds,RUC refunds,RUC,91.9223646926299,$m nominal ex GST,deduction,MBU26 official fixed component,annual_spine.csv,AC33,,,,,,,source_backed,,nan,False,91.9223646926299,0.0,available,Model path,current_finalist_model,current_finalist_model,current_model_forecast,current_finalist_forecast,2027Q3; 2027Q4; 2028Q1; 2028Q2,,2027Q3; 2027Q4; 2028Q1; 2028Q2,False,,False,medium_shifted_6m,delay_6m,1.0
2028,FY2028,Current finalist High population/comparison,Current planned path,middle_east_medium__12c_delay_6m,comparison,gross_ruc_revenue,Gross RUC revenue,RUC,2785.6956467962304,$m nominal ex GST,calculated_rollup,current_hybrid_formula,current_hybrid_formula,current_revenue_outlook:middle_east_medium__12c_delay_6m:FY2028,,,,,,,source_backed,,optimized light_ruc_net_revenue + heavy_ruc_net_revenue + optimized light_bev_ruc_net_revenue + MBU26 heavy_bev_ruc_net_revenue + optimized phev_ruc_net_revenue + MBU26 ruc_refunds,False,2836.28676167906,-53.93065830536352,available,Model path,current_finalist_model,current_finalist_model,current_model_forecast,current_finalist_forecast,2027Q3; 2027Q4; 2028Q1; 2028Q2,,2027Q3; 2027Q4; 2028Q1; 2028Q2,False,,False,medium_shifted_6m,delay_6m,1.0
2028,FY2028,Current finalist High population/comparison,Current planned path,middle_east_medium__12c_delay_6m,comparison,ruc_admin_revenue,RUC admin revenue,RUC,37.4493334490253,$m nominal ex GST,deduction,MBU26 official fixed component,annual_spine.csv,AC35,,,,,,,source_backed,,nan,False,37.4493334490253,0.0,available,Model path,current_finalist_model,current_finalist_model,current_model_forecast,current_finalist_forecast,2027Q3; 2027Q4; 2028Q1; 2028Q2,,2027Q3; 2027Q4; 2028Q1; 2028Q2,False,,False,medium_shifted_6m,delay_6m,1.0
2028,FY2028,Current finalist High population/comparison,Current planned path,middle_east_medium__12c_delay_6m,comparison,ruc_revenue_net_admin,RUC revenues net of admin fees,RUC,2748.246313347205,$m nominal ex GST,calculated_rollup,current_hybrid_formula,current_hybrid_formula,current_revenue_outlook:middle_east_medium__12c_delay_6m:FY2028,,,,,,,source_backed,,gross_ruc_revenue - MBU26 ruc_admin_revenue,False,2798.83742823004,-53.93065830536898,available,Model path,current_finalist_model,current_finalist_model,current_model_forecast,current_finalist_forecast,2027Q3; 2027Q4; 2028Q1; 2028Q2,,2027Q3; 2027Q4; 2028Q1; 2028Q2,False,,False,medium_shifted_6m,delay_6m,1.0
2028,FY2028,Current finalist High population/comparison,Current planned path,middle_east_medium__12c_delay_6m,comparison,total_ruc_net_revenue,Total RUC all classes,RUC,2656.3239486545754,$m nominal ex GST,calculated_rollup,current_hybrid_formula,current_hybrid_formula,current_revenue_outlook:middle_east_medium__12c_delay_6m:FY2028,,,,,,,source_backed,PED__DIAGLAB__B__glsar__ylag1__ar1__wexp; dynamic_RESID_GBR_n150_d1_lr0.05_w36; HEAVY_RUC__VNEXT_SOLVED_CONVEX_TOP4,ruc_revenue_net_admin - MBU26 ruc_refunds,False,2706.91506353741,-53.930658305368524,available,Model path,current_finalist_model,current_finalist_model,current_model_forecast,current_finalist_forecast,2027Q3; 2027Q4; 2028Q1; 2028Q2,,2027Q3; 2027Q4; 2028Q1; 2028Q2,False,,False,medium_shifted_6m,delay_6m,1.0
2028,FY2028,Current finalist High population/comparison,Current planned path,middle_east_medium__12c_delay_6m,comparison,gross_ped_revenue,PED revenue,FED,2437.2146560054653,$m nominal ex GST,replacement_line,"raw AR(1) PED bridge and conventional-anchor VFM composition, scenario-input population and MBU26 effective rate; population_source=scenario_input_population",forecast_scenario_comparison.parquet; scenario_inputs/scenario_input_wide.parquet; mbu26_official_annual.csv,data/current_revenue_outlook/revenue_chart_rows.csv:middle_east_medium__12c_delay_6m:2027Q3; data/current_revenue_outlook/revenue_chart_rows.csv:middle_east_medium__12c_delay_6m:2027Q4; data/current_revenue_outlook/revenue_chart_rows.csv:middle_east_medium__12c_delay_6m:2028Q1; data/current_revenue_outlook/revenue_chart_rows.csv:middle_east_medium__12c_delay_6m:2028Q2; data/current_revenue_outlook/revenue_chart_rows.csv:middle_east_medium__12c_delay_6m:2027Q3; data/current_revenue_outlook/revenue_chart_rows.csv:middle_east_medium__12c_delay_6m:2027Q4; data/current_revenue_outlook/revenue_chart_rows.csv:middle_east_medium__12c_delay_6m:2028Q1; data/current_revenue_outlook/revenue_chart_rows.csv:middle_east_medium__12c_delay_6m:2028Q2; scenario_inputs/scenario_input_wide.parquet:PED:population (2027Q3; 2027Q4; 2028Q1; 2028Q2); VFM 202405 Base uptake shares; MBU26 rate cells AC5; AC7; AC9,forecast_scenario_comparison.parquet,data/current_revenue_outlook/revenue_chart_rows.csv:middle_east_medium__12c_delay_6m:2027Q3; data/current_revenue_outlook/revenue_chart_rows.csv:middle_east_medium__12c_delay_6m:2027Q4; data/current_revenue_outlook/revenue_chart_rows.csv:middle_east_medium__12c_delay_6m:2028Q1; data/current_revenue_outlook/revenue_chart_rows.csv:middle_east_medium__12c_delay_6m:2028Q2,current_finalist_model,scenario_inputs/scenario_input_wide.parquet,scenario_inputs/scenario_input_wide.parquet:PED:population (2027Q3; 2027Q4; 2028Q1; 2028Q2),scenario_input_population,source_backed,PED__DIAGLAB__B__glsar__ylag1__ar1__wexp,raw PED/light-petrol VKT * MBU26 litres intensity / 100 * MBU26 PED rate,True,2438.6597343399,-1.4450783344345837,available,Model path,current_finalist_model,current_finalist_model,current_model_forecast,current_finalist_forecast,2027Q3; 2027Q4; 2028Q1; 2028Q2,,2027Q3; 2027Q4; 2028Q1; 2028Q2,False,,False,medium_shifted_6m,delay_6m,1.0
2028,FY2028,Current finalist High population/comparison,Current planned path,middle_east_medium__12c_delay_6m,comparison,gross_lpg_revenue,Gross LPG revenue,FED,42.8533768621873,$m nominal ex GST,leaf,MBU26 official fixed component,annual_spine.csv,AC41,,,,,,,source_backed,,nan,False,42.8533768621873,0.0,available,Model path,current_finalist_model,current_finalist_model,current_model_forecast,current_finalist_forecast,2027Q3; 2027Q4; 2028Q1; 2028Q2,,2027Q3; 2027Q4; 2028Q1; 2028Q2,False,,False,medium_shifted_6m,delay_6m,1.0
2028,FY2028,Current finalist High population/comparison,Current planned path,middle_east_medium__12c_delay_6m,comparison,gross_cng_revenue,Gross CNG revenue,FED,0.0,$m nominal ex GST,leaf,MBU26 official fixed component,annual_spine.csv,AC42,,,,,,,source_backed,,nan,False,0.0,0.0,available,Model path,current_finalist_model,current_finalist_model,current_model_forecast,current_finalist_forecast,2027Q3; 2027Q4; 2028Q1; 2028Q2,,2027Q3; 2027Q4; 2028Q1; 2028Q2,False,,False,medium_shifted_6m,delay_6m,1.0
2028,FY2028,Current finalist High population/comparison,Current planned path,middle_east_medium__12c_delay_6m,comparison,gross_fed_revenue,Gross FED revenue,FED,2480.0680328676526,$m nominal ex GST,calculated_rollup,current_hybrid_formula,current_hybrid_formula,current_revenue_outlook:middle_east_medium__12c_delay_6m:FY2028,,,,,,,source_backed,PED__DIAGLAB__B__glsar__ylag1__ar1__wexp,gross_ped_revenue + MBU26 gross_lpg_revenue + MBU26 gross_cng_revenue,False,2481.51311120209,-1.4450783344373122,available,Model path,current_finalist_model,current_finalist_model,current_model_forecast,current_finalist_forecast,2027Q3; 2027Q4; 2028Q1; 2028Q2,,2027Q3; 2027Q4; 2028Q1; 2028Q2,False,,False,medium_shifted_6m,delay_6m,1.0
2028,FY2028,Current finalist High population/comparison,Current planned path,middle_east_medium__12c_delay_6m,comparison,fed_refunds,FED refunds,FED,91.4673022517422,$m nominal ex GST,deduction,MBU26 official fixed component,annual_spine.csv,AC44,,,,,,,source_backed,,nan,False,91.4673022517422,0.0,available,Model path,current_finalist_model,current_finalist_model,current_model_forecast,current_finalist_forecast,2027Q3; 2027Q4; 2028Q1; 2028Q2,,2027Q3; 2027Q4; 2028Q1; 2028Q2,False,,False,medium_shifted_6m,delay_6m,1.0
2028,FY2028,Current finalist High population/comparison,Current planned path,middle_east_medium__12c_delay_6m,comparison,net_fed_revenue,Net FED revenue,FED,2388.6007306159104,$m nominal ex GST,calculated_rollup,current_hybrid_formula,current_hybrid_formula,current_revenue_outlook:middle_east_medium__12c_delay_6m:FY2028,,,,,,,source_backed,PED__DIAGLAB__B__glsar__ylag1__ar1__wexp,gross_fed_revenue - MBU26 fed_refunds,False,2390.04580895035,-1.4450783344395859,available,Model path,current_finalist_model,current_finalist_model,current_model_forecast,current_finalist_forecast,2027Q3; 2027Q4; 2028Q1; 2028Q2,,2027Q3; 2027Q4; 2028Q1; 2028Q2,False,,False,medium_shifted_6m,delay_6m,1.0
2028,FY2028,Current finalist High population/comparison,Current planned path,middle_east_medium__12c_delay_6m,comparison,mr1_revenue,MR1 revenue,MVR,532.414039464172,$m nominal ex GST,leaf,MBU26 official fixed component,annual_spine.csv,AC48,,,,,,,source_backed,,nan,False,532.414039464172,0.0,available,Model path,current_finalist_model,current_finalist_model,current_model_forecast,current_finalist_forecast,2027Q3; 2027Q4; 2028Q1; 2028Q2,,2027Q3; 2027Q4; 2028Q1; 2028Q2,False,,False,medium_shifted_6m,delay_6m,1.0
2028,FY2028,Current finalist High population/comparison,Current planned path,middle_east_medium__12c_delay_6m,comparison,mr2_revenue,MR2 revenue,MVR,31.6618683538461,$m nominal ex GST,leaf,MBU26 official fixed component,annual_spine.csv,AC49,,,,,,,source_backed,,nan,False,31.6618683538461,0.0,available,Model path,current_finalist_model,current_finalist_model,current_model_forecast,current_finalist_forecast,2027Q3; 2027Q4; 2028Q1; 2028Q2,,2027Q3; 2027Q4; 2028Q1; 2028Q2,False,,False,medium_shifted_6m,delay_6m,1.0
2028,FY2028,Current finalist High population/comparison,Current planned path,middle_east_medium__12c_delay_6m,comparison,coo_revenue,MR13,MVR,0.0,$m nominal ex GST,deduction,MBU26 official fixed component,annual_spine.csv,AC50,,,,,,,source_backed,,nan,False,0.0,0.0,available,Model path,current_finalist_model,current_finalist_model,current_model_forecast,current_finalist_forecast,2027Q3; 2027Q4; 2028Q1; 2028Q2,,2027Q3; 2027Q4; 2028Q1; 2028Q2,False,,False,medium_shifted_6m,delay_6m,1.0
2028,FY2028,Current finalist High population/comparison,Current planned path,middle_east_medium__12c_delay_6m,comparison,gross_mvr_revenue,Gross MVR revenue,MVR,564.0759078180181,$m nominal ex GST,calculated_rollup,MBU26 official formula,mbu26_official_annual.csv,AC51,,,,,,,source_backed,,mr1_revenue + mr2_revenue + coo_revenue,False,564.075907818018,1.1368683772161603e-13,available,Model path,current_finalist_model,current_finalist_model,current_model_forecast,current_finalist_forecast,2027Q3; 2027Q4; 2028Q1; 2028Q2,,2027Q3; 2027Q4; 2028Q1; 2028Q2,False,,False,medium_shifted_6m,delay_6m,1.0
2028,FY2028,Current finalist High population/comparison,Current planned path,middle_east_medium__12c_delay_6m,comparison,mvr_admin_revenue,MVR admin revenue,MVR,71.8861735118593,$m nominal ex GST,deduction,MBU26 official fixed component,annual_spine.csv,AC52,,,,,,,source_backed,,nan,False,71.8861735118593,0.0,available,Model path,current_finalist_model,current_finalist_model,current_model_forecast,current_finalist_forecast,2027Q3; 2027Q4; 2028Q1; 2028Q2,,2027Q3; 2027Q4; 2028Q1; 2028Q2,False,,False,medium_shifted_6m,delay_6m,1.0
2028,FY2028,Current finalist High population/comparison,Current planned path,middle_east_medium__12c_delay_6m,comparison,mvr_revenue_net_admin_coo,MVR revenues net of admin fees and COO,MVR,492.1897343061588,$m nominal ex GST,calculated_rollup,MBU26 official formula,mbu26_official_annual.csv,AC53,,,,,,,source_backed,,mr1_revenue + mr2_revenue - mvr_admin_revenue,False,492.189734306159,-1.7053025658242404e-13,available,Model path,current_finalist_model,current_finalist_model,current_model_forecast,current_finalist_forecast,2027Q3; 2027Q4; 2028Q1; 2028Q2,,2027Q3; 2027Q4; 2028Q1; 2028Q2,False,,False,medium_shifted_6m,delay_6m,1.0
2028,FY2028,Current finalist High population/comparison,Current planned path,middle_east_medium__12c_delay_6m,comparison,mvr_refunds,MVR refunds,MVR,1.93922402957318,$m nominal ex GST,deduction,MBU26 official fixed component,annual_spine.csv,AC54,,,,,,,source_backed,,nan,False,1.93922402957318,0.0,available,Model path,current_finalist_model,current_finalist_model,current_model_forecast,current_finalist_forecast,2027Q3; 2027Q4; 2028Q1; 2028Q2,,2027Q3; 2027Q4; 2028Q1; 2028Q2,False,,False,medium_shifted_6m,delay_6m,1.0
2028,FY2028,Current finalist High population/comparison,Current planned path,middle_east_medium__12c_delay_6m,comparison,net_mvr_revenue,Net MVR revenue,MVR,490.25051027658566,$m nominal ex GST,calculated_rollup,MBU26 official formula,mbu26_official_annual.csv,AC55,,,,,,,source_backed,,mvr_revenue_net_admin_coo - mvr_refunds,False,490.250510276586,-3.410605131648481e-13,available,Model path,current_finalist_model,current_finalist_model,current_model_forecast,current_finalist_forecast,2027Q3; 2027Q4; 2028Q1; 2028Q2,,2027Q3; 2027Q4; 2028Q1; 2028Q2,False,,False,medium_shifted_6m,delay_6m,1.0
2028,FY2028,Current finalist High population/comparison,Current planned path,middle_east_medium__12c_delay_6m,comparison,tuc_net_revenue,TUC net revenue,TUC,17.5578996928248,$m nominal ex GST,leaf,MBU26 official fixed component,annual_spine.csv,AC58,,,,,,,source_backed,,nan,False,17.5578996928248,0.0,available,Model path,current_finalist_model,current_finalist_model,current_model_forecast,current_finalist_forecast,2027Q3; 2027Q4; 2028Q1; 2028Q2,,2027Q3; 2027Q4; 2028Q1; 2028Q2,False,,False,medium_shifted_6m,delay_6m,1.0
2028,FY2028,Current finalist High population/comparison,Current planned path,middle_east_medium__12c_delay_6m,comparison,total_gross_revenue,Total gross revenues,Totals,5847.397487174726,$m nominal ex GST,calculated_rollup,current_hybrid_formula,current_hybrid_formula,current_revenue_outlook:middle_east_medium__12c_delay_6m:FY2028,,,,,,,source_backed,,gross_ruc_revenue + gross_fed_revenue + gross_mvr_revenue + tuc_net_revenue,False,5899.433680392,-55.375736639807656,available,Model path,current_finalist_model,current_finalist_model,current_model_forecast,current_finalist_forecast,2027Q3; 2027Q4; 2028Q1; 2028Q2,,2027Q3; 2027Q4; 2028Q1; 2028Q2,False,,False,medium_shifted_6m,delay_6m,1.0
2028,FY2028,Current finalist High population/comparison,Current planned path,middle_east_medium__12c_delay_6m,comparison,total_admin_fees,Total admin fees,Totals,109.3355069608846,$m nominal ex GST,calculated_rollup,current_hybrid_formula,current_hybrid_formula,current_revenue_outlook:middle_east_medium__12c_delay_6m:FY2028,,,,,,,source_backed,,ruc_admin_revenue + mvr_admin_revenue + coo_revenue,False,109.335506960885,-3.979039320256561e-13,available,Model path,current_finalist_model,current_finalist_model,current_model_forecast,current_finalist_forecast,2027Q3; 2027Q4; 2028Q1; 2028Q2,,2027Q3; 2027Q4; 2028Q1; 2028Q2,False,,False,medium_shifted_6m,delay_6m,1.0
2028,FY2028,Current finalist High population/comparison,Current planned path,middle_east_medium__12c_delay_6m,comparison,total_revenue_net_admin,Total revenues net of admin fees,Totals,5738.061980213842,$m nominal ex GST,calculated_rollup,current_hybrid_formula,current_hybrid_formula,current_revenue_outlook:middle_east_medium__12c_delay_6m:FY2028,,,,,,,source_backed,,total_gross_revenue - total_admin_fees,False,5790.09817343111,-55.3757366398022,available,Model path,current_finalist_model,current_finalist_model,current_model_forecast,current_finalist_forecast,2027Q3; 2027Q4; 2028Q1; 2028Q2,,2027Q3; 2027Q4; 2028Q1; 2028Q2,False,,False,medium_shifted_6m,delay_6m,1.0
2028,FY2028,Current finalist High population/comparison,Current planned path,middle_east_medium__12c_delay_6m,comparison,total_refunds,Total refunds,Totals,185.32889097394528,$m nominal ex GST,calculated_rollup,current_hybrid_formula,current_hybrid_formula,current_revenue_outlook:middle_east_medium__12c_delay_6m:FY2028,,,,,,,source_backed,,ruc_refunds + fed_refunds + mvr_refunds,False,185.328890973945,2.8421709430404007e-13,available,Model path,current_finalist_model,current_finalist_model,current_model_forecast,current_finalist_forecast,2027Q3; 2027Q4; 2028Q1; 2028Q2,,2027Q3; 2027Q4; 2028Q1; 2028Q2,False,,False,medium_shifted_6m,delay_6m,1.0
2028,FY2028,Current finalist High population/comparison,Current planned path,middle_east_medium__12c_delay_6m,comparison,total_nltf_net_revenue,Total NLTF revenue,Totals,5552.733089239897,$m nominal ex GST,calculated_rollup,current_hybrid_formula,current_hybrid_formula,current_revenue_outlook:middle_east_medium__12c_delay_6m:FY2028,,,,,,,source_backed,PED__DIAGLAB__B__glsar__ylag1__ar1__wexp; dynamic_RESID_GBR_n150_d1_lr0.05_w36; HEAVY_RUC__VNEXT_SOLVED_CONVEX_TOP4,total_revenue_net_admin - total_refunds,False,5604.76928245717,-55.375736639807656,available,Model path,current_finalist_model,current_finalist_model,current_model_forecast,current_finalist_forecast,2027Q3; 2027Q4; 2028Q1; 2028Q2,,2027Q3; 2027Q4; 2028Q1; 2028Q2,False,,False,medium_shifted_6m,delay_6m,1.0
2028,FY2028,Current finalist High population/comparison,Current planned path,middle_east_medium__12c_delay_6m,comparison,current_light_ruc_conventional_modelled_km,Current finalist Light RUC conventional modelled km,Key volumes,13329.15818976569,million km,audit_only,current_finalist_model_conventional_light_ruc_forecast,forecast_scenario_comparison.parquet,data/current_revenue_outlook/revenue_chart_rows.csv:middle_east_medium__12c_delay_6m:2027Q3; data/current_revenue_outlook/revenue_chart_rows.csv:middle_east_medium__12c_delay_6m:2027Q4; data/current_revenue_outlook/revenue_chart_rows.csv:middle_east_medium__12c_delay_6m:2028Q1; data/current_revenue_outlook/revenue_chart_rows.csv:middle_east_medium__12c_delay_6m:2028Q2,,,,,,,source_backed,dynamic_RESID_GBR_n150_d1_lr0.05_w36,sum quarterly current finalist Light RUC conventional model forecast,False,,,available,Model path,current_finalist_model,current_finalist_model,current_model_forecast,current_finalist_forecast,2027Q3; 2027Q4; 2028Q1; 2028Q2,,2027Q3; 2027Q4; 2028Q1; 2028Q2,False,diesel_elasticity_to_conventional_ice_only; bev_phev_activity_fixed_to_base,True,medium_shifted_6m,delay_6m,1.0
2028,FY2028,Current finalist High population/comparison,Current planned path,middle_east_medium__12c_delay_6m,comparison,total_fed_ruc_net_revenue,Total RUC+PED revenue,Derived totals,5044.924679270485,$m nominal ex GST,calculated_rollup,current_hybrid_formula,current_hybrid_formula,current_revenue_outlook:middle_east_medium__12c_delay_6m:FY2028,,,,,,,source_backed,PED__DIAGLAB__B__glsar__ylag1__ar1__wexp; dynamic_RESID_GBR_n150_d1_lr0.05_w36; HEAVY_RUC__VNEXT_SOLVED_CONVEX_TOP4,net_fed_revenue + total_ruc_net_revenue,False,5096.96087248776,-55.375736639807656,available,Model path,current_finalist_model,current_finalist_model,current_model_forecast,current_finalist_forecast,2027Q3; 2027Q4; 2028Q1; 2028Q2,,2027Q3; 2027Q4; 2028Q1; 2028Q2,False,,False,medium_shifted_6m,delay_6m,1.0
2029,FY2029,Current finalist High population/comparison,Current planned path,middle_east_medium__12c_delay_6m,comparison,light_ruc_net_km,Light RUC net km,Key volumes,14131.358557992655,million km,bridge_input,raw AR(1) PED VKT per capita x scenario-input population; raw Light RUC conventional model forecast expanded by MoT VFM 202405 Base uptake shares (conventional_anchor_vfm_composition_v1),forecast_scenario_comparison.parquet; mbu26_official_annual.csv,data/current_revenue_outlook/revenue_chart_rows.csv:middle_east_medium__12c_delay_6m:2028Q3; data/current_revenue_outlook/revenue_chart_rows.csv:middle_east_medium__12c_delay_6m:2028Q4; data/current_revenue_outlook/revenue_chart_rows.csv:middle_east_medium__12c_delay_6m:2029Q1; data/current_revenue_outlook/revenue_chart_rows.csv:middle_east_medium__12c_delay_6m:2029Q2; data/current_revenue_outlook/revenue_chart_rows.csv:middle_east_medium__12c_delay_6m:2028Q3; data/current_revenue_outlook/revenue_chart_rows.csv:middle_east_medium__12c_delay_6m:2028Q4; data/current_revenue_outlook/revenue_chart_rows.csv:middle_east_medium__12c_delay_6m:2029Q1; data/current_revenue_outlook/revenue_chart_rows.csv:middle_east_medium__12c_delay_6m:2029Q2; scenario_inputs/scenario_input_wide.parquet:PED:population (2028Q3; 2028Q4; 2029Q1; 2029Q2); VFM 202405 Base uptake shares; MBU26 rate cells AD5; AD7; AD9,,,,,,,source_backed,dynamic_RESID_GBR_n150_d1_lr0.05_w36,raw Light RUC conventional model forecast (preserved exactly under the Base uptake basis),False,13877.7063577933,253.65220019935623,available,Model path,current_finalist_model,current_finalist_model,current_model_forecast,current_finalist_forecast,2028Q3; 2028Q4; 2029Q1; 2029Q2,,2028Q3; 2028Q4; 2029Q1; 2029Q2,False,diesel_elasticity_to_conventional_ice_only; bev_phev_activity_fixed_to_base,True,medium_shifted_6m,delay_6m,1.0
2029,FY2029,Current finalist High population/comparison,Current planned path,middle_east_medium__12c_delay_6m,comparison,heavy_ruc_net_km,Heavy RUC net km,Key volumes,4192.720215451303,million km,bridge_input,current_finalist_model,forecast_scenario_comparison.parquet,data/current_revenue_outlook/revenue_chart_rows.csv:middle_east_medium__12c_delay_6m:2028Q3; data/current_revenue_outlook/revenue_chart_rows.csv:middle_east_medium__12c_delay_6m:2028Q4; data/current_revenue_outlook/revenue_chart_rows.csv:middle_east_medium__12c_delay_6m:2029Q1; data/current_revenue_outlook/revenue_chart_rows.csv:middle_east_medium__12c_delay_6m:2029Q2,,,,,,,source_backed,HEAVY_RUC__VNEXT_SOLVED_CONVEX_TOP4,sum quarterly current finalist Heavy RUC net km,False,4404.90355650087,-212.18334104956648,available,Model path,current_finalist_model,current_finalist_model,current_model_forecast,current_finalist_forecast,2028Q3; 2028Q4; 2029Q1; 2029Q2,,2028Q3; 2028Q4; 2029Q1; 2029Q2,False,,False,medium_shifted_6m,delay_6m,1.0
2029,FY2029,Current finalist High population/comparison,Current planned path,middle_east_medium__12c_delay_6m,comparison,light_bev_ruc_net_km,Light BEV RUC net km,Key volumes,2695.8212982561504,million km,bridge_input,raw AR(1) PED VKT per capita x scenario-input population; raw Light RUC conventional model forecast expanded by MoT VFM 202405 Base uptake shares (conventional_anchor_vfm_composition_v1),forecast_scenario_comparison.parquet; mbu26_official_annual.csv,data/current_revenue_outlook/revenue_chart_rows.csv:middle_east_medium__12c_delay_6m:2028Q3; data/current_revenue_outlook/revenue_chart_rows.csv:middle_east_medium__12c_delay_6m:2028Q4; data/current_revenue_outlook/revenue_chart_rows.csv:middle_east_medium__12c_delay_6m:2029Q1; data/current_revenue_outlook/revenue_chart_rows.csv:middle_east_medium__12c_delay_6m:2029Q2; data/current_revenue_outlook/revenue_chart_rows.csv:middle_east_medium__12c_delay_6m:2028Q3; data/current_revenue_outlook/revenue_chart_rows.csv:middle_east_medium__12c_delay_6m:2028Q4; data/current_revenue_outlook/revenue_chart_rows.csv:middle_east_medium__12c_delay_6m:2029Q1; data/current_revenue_outlook/revenue_chart_rows.csv:middle_east_medium__12c_delay_6m:2029Q2; scenario_inputs/scenario_input_wide.parquet:PED:population (2028Q3; 2028Q4; 2029Q1; 2029Q2); VFM 202405 Base uptake shares; MBU26 rate cells AD5; AD7; AD9,,,,,,,source_backed,PED__DIAGLAB__B__glsar__ylag1__ar1__wexp; dynamic_RESID_GBR_n150_d1_lr0.05_w36; HEAVY_RUC__VNEXT_SOLVED_CONVEX_TOP4,base pool (conventional / VFM Base conventional share) * VFM Base Light BEV share,False,2502.17964433063,193.6416539255206,available,Model path,current_finalist_model,current_finalist_model,current_model_forecast,current_finalist_forecast,2028Q3; 2028Q4; 2029Q1; 2029Q2,,2028Q3; 2028Q4; 2029Q1; 2029Q2,False,diesel_elasticity_to_conventional_ice_only; bev_phev_activity_fixed_to_base,True,medium_shifted_6m,delay_6m,1.0
2029,FY2029,Current finalist High population/comparison,Current planned path,middle_east_medium__12c_delay_6m,comparison,heavy_bev_ruc_net_km,Heavy BEV RUC net km,Key volumes,73.7781618539809,million km,bridge_input,MBU26 official fixed component,annual_spine.csv,AD8,,,,,,,source_backed,,nan,False,73.7781618539809,0.0,available,Model path,current_finalist_model,current_finalist_model,current_model_forecast,current_finalist_forecast,2028Q3; 2028Q4; 2029Q1; 2029Q2,,2028Q3; 2028Q4; 2029Q1; 2029Q2,False,diesel_elasticity_to_conventional_ice_only; bev_phev_activity_fixed_to_base,True,medium_shifted_6m,delay_6m,1.0
2029,FY2029,Current finalist High population/comparison,Current planned path,middle_east_medium__12c_delay_6m,comparison,phev_ruc_net_km,PHEV RUC net km,Key volumes,1495.51845432587,million km,bridge_input,raw AR(1) PED VKT per capita x scenario-input population; raw Light RUC conventional model forecast expanded by MoT VFM 202405 Base uptake shares (conventional_anchor_vfm_composition_v1),forecast_scenario_comparison.parquet; mbu26_official_annual.csv,data/current_revenue_outlook/revenue_chart_rows.csv:middle_east_medium__12c_delay_6m:2028Q3; data/current_revenue_outlook/revenue_chart_rows.csv:middle_east_medium__12c_delay_6m:2028Q4; data/current_revenue_outlook/revenue_chart_rows.csv:middle_east_medium__12c_delay_6m:2029Q1; data/current_revenue_outlook/revenue_chart_rows.csv:middle_east_medium__12c_delay_6m:2029Q2; data/current_revenue_outlook/revenue_chart_rows.csv:middle_east_medium__12c_delay_6m:2028Q3; data/current_revenue_outlook/revenue_chart_rows.csv:middle_east_medium__12c_delay_6m:2028Q4; data/current_revenue_outlook/revenue_chart_rows.csv:middle_east_medium__12c_delay_6m:2029Q1; data/current_revenue_outlook/revenue_chart_rows.csv:middle_east_medium__12c_delay_6m:2029Q2; scenario_inputs/scenario_input_wide.parquet:PED:population (2028Q3; 2028Q4; 2029Q1; 2029Q2); VFM 202405 Base uptake shares; MBU26 rate cells AD5; AD7; AD9,,,,,,,source_backed,PED__DIAGLAB__B__glsar__ylag1__ar1__wexp; dynamic_RESID_GBR_n150_d1_lr0.05_w36; HEAVY_RUC__VNEXT_SOLVED_CONVEX_TOP4,base pool (conventional / VFM Base conventional share) * VFM Base PHEV share,False,1394.20153006706,101.31692425880988,available,Model path,current_finalist_model,current_finalist_model,current_model_forecast,current_finalist_forecast,2028Q3; 2028Q4; 2029Q1; 2029Q2,,2028Q3; 2028Q4; 2029Q1; 2029Q2,False,diesel_elasticity_to_conventional_ice_only; bev_phev_activity_fixed_to_base,True,medium_shifted_6m,delay_6m,1.0
2029,FY2029,Current finalist High population/comparison,Current planned path,middle_east_medium__12c_delay_6m,comparison,ped_volume,PED volume,Key volumes,2890.6742500973783,million litres,bridge_input,raw AR(1) PED VKT/capita + scenario-input population (scenario_input_population) + MBU26 intensity,forecast_scenario_comparison.parquet; scenario_inputs/scenario_input_wide.parquet; mbu26_official_annual.csv,data/current_revenue_outlook/revenue_chart_rows.csv:middle_east_medium__12c_delay_6m:2028Q3; data/current_revenue_outlook/revenue_chart_rows.csv:middle_east_medium__12c_delay_6m:2028Q4; data/current_revenue_outlook/revenue_chart_rows.csv:middle_east_medium__12c_delay_6m:2029Q1; data/current_revenue_outlook/revenue_chart_rows.csv:middle_east_medium__12c_delay_6m:2029Q2; data/current_revenue_outlook/revenue_chart_rows.csv:middle_east_medium__12c_delay_6m:2028Q3; data/current_revenue_outlook/revenue_chart_rows.csv:middle_east_medium__12c_delay_6m:2028Q4; data/current_revenue_outlook/revenue_chart_rows.csv:middle_east_medium__12c_delay_6m:2029Q1; data/current_revenue_outlook/revenue_chart_rows.csv:middle_east_medium__12c_delay_6m:2029Q2; scenario_inputs/scenario_input_wide.parquet:PED:population (2028Q3; 2028Q4; 2029Q1; 2029Q2); VFM 202405 Base uptake shares; MBU26 rate cells AD5; AD7; AD9,forecast_scenario_comparison.parquet,data/current_revenue_outlook/revenue_chart_rows.csv:middle_east_medium__12c_delay_6m:2028Q3; data/current_revenue_outlook/revenue_chart_rows.csv:middle_east_medium__12c_delay_6m:2028Q4; data/current_revenue_outlook/revenue_chart_rows.csv:middle_east_medium__12c_delay_6m:2029Q1; data/current_revenue_outlook/revenue_chart_rows.csv:middle_east_medium__12c_delay_6m:2029Q2,current_finalist_model,scenario_inputs/scenario_input_wide.parquet,scenario_inputs/scenario_input_wide.parquet:PED:population (2028Q3; 2028Q4; 2029Q1; 2029Q2),scenario_input_population,source_backed,PED__DIAGLAB__B__glsar__ylag1__ar1__wexp,raw PED/light-petrol VKT * MBU26 litres intensity / 100,False,2879.43557979336,11.238670304018342,available,Model path,current_finalist_model,current_finalist_model,current_model_forecast,current_finalist_forecast,2028Q3; 2028Q4; 2029Q1; 2029Q2,,2028Q3; 2028Q4; 2029Q1; 2029Q2,False,,False,medium_shifted_6m,delay_6m,1.0
2029,FY2029,Current finalist High population/comparison,Current planned path,middle_east_medium__12c_delay_6m,comparison,light_petrol_vkt,Light petrol VKT,Key volumes,32682.673320883016,million km,bridge_input,raw AR(1) PED VKT per capita x scenario-input population; raw Light RUC conventional model forecast expanded by MoT VFM 202405 Base uptake shares (conventional_anchor_vfm_composition_v1),forecast_scenario_comparison.parquet; mbu26_official_annual.csv,data/current_revenue_outlook/revenue_chart_rows.csv:middle_east_medium__12c_delay_6m:2028Q3; data/current_revenue_outlook/revenue_chart_rows.csv:middle_east_medium__12c_delay_6m:2028Q4; data/current_revenue_outlook/revenue_chart_rows.csv:middle_east_medium__12c_delay_6m:2029Q1; data/current_revenue_outlook/revenue_chart_rows.csv:middle_east_medium__12c_delay_6m:2029Q2; data/current_revenue_outlook/revenue_chart_rows.csv:middle_east_medium__12c_delay_6m:2028Q3; data/current_revenue_outlook/revenue_chart_rows.csv:middle_east_medium__12c_delay_6m:2028Q4; data/current_revenue_outlook/revenue_chart_rows.csv:middle_east_medium__12c_delay_6m:2029Q1; data/current_revenue_outlook/revenue_chart_rows.csv:middle_east_medium__12c_delay_6m:2029Q2; scenario_inputs/scenario_input_wide.parquet:PED:population (2028Q3; 2028Q4; 2029Q1; 2029Q2); VFM 202405 Base uptake shares; MBU26 rate cells AD5; AD7; AD9,forecast_scenario_comparison.parquet,data/current_revenue_outlook/revenue_chart_rows.csv:middle_east_medium__12c_delay_6m:2028Q3; data/current_revenue_outlook/revenue_chart_rows.csv:middle_east_medium__12c_delay_6m:2028Q4; data/current_revenue_outlook/revenue_chart_rows.csv:middle_east_medium__12c_delay_6m:2029Q1; data/current_revenue_outlook/revenue_chart_rows.csv:middle_east_medium__12c_delay_6m:2029Q2,current_finalist_model,scenario_inputs/scenario_input_wide.parquet,scenario_inputs/scenario_input_wide.parquet:PED:population (2028Q3; 2028Q4; 2029Q1; 2029Q2),scenario_input_population,source_backed,,raw AR(1) PED VKT per capita * scenario-input population,False,32555.6061530432,127.06716783981392,available,Model path,current_finalist_model,current_finalist_model,current_model_forecast,current_finalist_forecast,2028Q3; 2028Q4; 2029Q1; 2029Q2,,2028Q3; 2028Q4; 2029Q1; 2029Q2,False,,False,medium_shifted_6m,delay_6m,1.0
2029,FY2029,Current finalist High population/comparison,Current planned path,middle_east_medium__12c_delay_6m,comparison,ped_vkt_per_capita,PED VKT per capita,Key volumes,5902.064077713241,km/person,bridge_input,current_finalist_model,forecast_scenario_comparison.parquet,data/current_revenue_outlook/revenue_chart_rows.csv:middle_east_medium__12c_delay_6m:2028Q3; data/current_revenue_outlook/revenue_chart_rows.csv:middle_east_medium__12c_delay_6m:2028Q4; data/current_revenue_outlook/revenue_chart_rows.csv:middle_east_medium__12c_delay_6m:2029Q1; data/current_revenue_outlook/revenue_chart_rows.csv:middle_east_medium__12c_delay_6m:2029Q2,forecast_scenario_comparison.parquet,data/current_revenue_outlook/revenue_chart_rows.csv:middle_east_medium__12c_delay_6m:2028Q3; data/current_revenue_outlook/revenue_chart_rows.csv:middle_east_medium__12c_delay_6m:2028Q4; data/current_revenue_outlook/revenue_chart_rows.csv:middle_east_medium__12c_delay_6m:2029Q1; data/current_revenue_outlook/revenue_chart_rows.csv:middle_east_medium__12c_delay_6m:2029Q2,current_finalist_model,,,,source_backed,PED__DIAGLAB__B__glsar__ylag1__ar1__wexp,sum quarterly current finalist PED VKT/capita,False,5888.3409910512,13.723086662041169,available,Model path,current_finalist_model,current_finalist_model,current_model_forecast,current_finalist_forecast,2028Q3; 2028Q4; 2029Q1; 2029Q2,,2028Q3; 2028Q4; 2029Q1; 2029Q2,False,,False,medium_shifted_6m,delay_6m,1.0
2029,FY2029,Current finalist High population/comparison,Current planned path,middle_east_medium__12c_delay_6m,comparison,tuc_gtk,TUC GTK,Key volumes,8179315222.66,tonne-km,bridge_input,MBU26 official fixed component,annual_spine.csv,AD13,,,,,,,source_backed,,nan,False,8179315222.66,0.0,available,Model path,current_finalist_model,current_finalist_model,current_model_forecast,current_finalist_forecast,2028Q3; 2028Q4; 2029Q1; 2029Q2,,2028Q3; 2028Q4; 2029Q1; 2029Q2,False,,False,medium_shifted_6m,delay_6m,1.0
2029,FY2029,Current finalist High population/comparison,Current planned path,middle_east_medium__12c_delay_6m,comparison,light_ruc_net_revenue,Light RUC revenue,RUC,1217.093810678792,$m nominal ex GST,replacement_line,"raw AR(1) PED bridge and conventional-anchor VFM composition, scenario-input population and MBU26 effective rate",forecast_scenario_comparison.parquet; mbu26_official_annual.csv,data/current_revenue_outlook/revenue_chart_rows.csv:middle_east_medium__12c_delay_6m:2028Q3; data/current_revenue_outlook/revenue_chart_rows.csv:middle_east_medium__12c_delay_6m:2028Q4; data/current_revenue_outlook/revenue_chart_rows.csv:middle_east_medium__12c_delay_6m:2029Q1; data/current_revenue_outlook/revenue_chart_rows.csv:middle_east_medium__12c_delay_6m:2029Q2; data/current_revenue_outlook/revenue_chart_rows.csv:middle_east_medium__12c_delay_6m:2028Q3; data/current_revenue_outlook/revenue_chart_rows.csv:middle_east_medium__12c_delay_6m:2028Q4; data/current_revenue_outlook/revenue_chart_rows.csv:middle_east_medium__12c_delay_6m:2029Q1; data/current_revenue_outlook/revenue_chart_rows.csv:middle_east_medium__12c_delay_6m:2029Q2; scenario_inputs/scenario_input_wide.parquet:PED:population (2028Q3; 2028Q4; 2029Q1; 2029Q2); VFM 202405 Base uptake shares; MBU26 rate cells AD5; AD7; AD9,,,,,,,source_backed,dynamic_RESID_GBR_n150_d1_lr0.05_w36,conventional Light RUC km * MBU26 conventional Light effective rate,True,1195.24746648897,21.84634418982182,available,Model path,current_finalist_model,current_finalist_model,current_model_forecast,current_finalist_forecast,2028Q3; 2028Q4; 2029Q1; 2029Q2,,2028Q3; 2028Q4; 2029Q1; 2029Q2,False,diesel_elasticity_to_conventional_ice_only; bev_phev_activity_fixed_to_base,True,medium_shifted_6m,delay_6m,1.0
2029,FY2029,Current finalist High population/comparison,Current planned path,middle_east_medium__12c_delay_6m,comparison,heavy_ruc_net_revenue,Heavy RUC revenue,RUC,1482.1675915175717,$m nominal ex GST,replacement_line,current_finalist_model + MBU26 effective rate,forecast_scenario_comparison.parquet; mbu26_official_annual.csv,data/current_revenue_outlook/revenue_chart_rows.csv:middle_east_medium__12c_delay_6m:2028Q3; data/current_revenue_outlook/revenue_chart_rows.csv:middle_east_medium__12c_delay_6m:2028Q4; data/current_revenue_outlook/revenue_chart_rows.csv:middle_east_medium__12c_delay_6m:2029Q1; data/current_revenue_outlook/revenue_chart_rows.csv:middle_east_medium__12c_delay_6m:2029Q2,,,,,,,source_backed,HEAVY_RUC__VNEXT_SOLVED_CONVEX_TOP4,sum quarterly current Heavy RUC net km * MBU26 effective rate,True,1557.17647725352,-75.0088857359483,available,Model path,current_finalist_model,current_finalist_model,current_model_forecast,current_finalist_forecast,2028Q3; 2028Q4; 2029Q1; 2029Q2,,2028Q3; 2028Q4; 2029Q1; 2029Q2,False,,False,medium_shifted_6m,delay_6m,1.0
2029,FY2029,Current finalist High population/comparison,Current planned path,middle_east_medium__12c_delay_6m,comparison,light_bev_ruc_net_revenue,Light BEV RUC net revenue,RUC,232.20456752529267,$m nominal ex GST,replacement_line,"raw AR(1) PED bridge and conventional-anchor VFM composition, scenario-input population and MBU26 effective rate",forecast_scenario_comparison.parquet; mbu26_official_annual.csv,data/current_revenue_outlook/revenue_chart_rows.csv:middle_east_medium__12c_delay_6m:2028Q3; data/current_revenue_outlook/revenue_chart_rows.csv:middle_east_medium__12c_delay_6m:2028Q4; data/current_revenue_outlook/revenue_chart_rows.csv:middle_east_medium__12c_delay_6m:2029Q1; data/current_revenue_outlook/revenue_chart_rows.csv:middle_east_medium__12c_delay_6m:2029Q2; data/current_revenue_outlook/revenue_chart_rows.csv:middle_east_medium__12c_delay_6m:2028Q3; data/current_revenue_outlook/revenue_chart_rows.csv:middle_east_medium__12c_delay_6m:2028Q4; data/current_revenue_outlook/revenue_chart_rows.csv:middle_east_medium__12c_delay_6m:2029Q1; data/current_revenue_outlook/revenue_chart_rows.csv:middle_east_medium__12c_delay_6m:2029Q2; scenario_inputs/scenario_input_wide.parquet:PED:population (2028Q3; 2028Q4; 2029Q1; 2029Q2); VFM 202405 Base uptake shares; MBU26 rate cells AD5; AD7; AD9,,,,,,,source_backed,PED__DIAGLAB__B__glsar__ylag1__ar1__wexp; dynamic_RESID_GBR_n150_d1_lr0.05_w36; HEAVY_RUC__VNEXT_SOLVED_CONVEX_TOP4,allocated Light BEV RUC km * MBU26 Light BEV effective rate,True,215.525243664418,16.67932386087466,available,Model path,current_finalist_model,current_finalist_model,current_model_forecast,current_finalist_forecast,2028Q3; 2028Q4; 2029Q1; 2029Q2,,2028Q3; 2028Q4; 2029Q1; 2029Q2,False,diesel_elasticity_to_conventional_ice_only; bev_phev_activity_fixed_to_base,True,medium_shifted_6m,delay_6m,1.0
2029,FY2029,Current finalist High population/comparison,Current planned path,middle_east_medium__12c_delay_6m,comparison,heavy_bev_ruc_net_revenue,Heavy BEV RUC net revenue,RUC,26.0839002326657,$m nominal ex GST,leaf,MBU26 official fixed component,annual_spine.csv,AD31,,,,,,,source_backed,,nan,False,26.0839002326657,0.0,available,Model path,current_finalist_model,current_finalist_model,current_model_forecast,current_finalist_forecast,2028Q3; 2028Q4; 2029Q1; 2029Q2,,2028Q3; 2028Q4; 2029Q1; 2029Q2,False,diesel_elasticity_to_conventional_ice_only; bev_phev_activity_fixed_to_base,True,medium_shifted_6m,delay_6m,1.0
2029,FY2029,Current finalist High population/comparison,Current planned path,middle_east_medium__12c_delay_6m,comparison,phev_ruc_net_revenue,PHEV RUC net revenue,RUC,63.52214634749125,$m nominal ex GST,replacement_line,"raw AR(1) PED bridge and conventional-anchor VFM composition, scenario-input population and MBU26 effective rate",forecast_scenario_comparison.parquet; mbu26_official_annual.csv,data/current_revenue_outlook/revenue_chart_rows.csv:middle_east_medium__12c_delay_6m:2028Q3; data/current_revenue_outlook/revenue_chart_rows.csv:middle_east_medium__12c_delay_6m:2028Q4; data/current_revenue_outlook/revenue_chart_rows.csv:middle_east_medium__12c_delay_6m:2029Q1; data/current_revenue_outlook/revenue_chart_rows.csv:middle_east_medium__12c_delay_6m:2029Q2; data/current_revenue_outlook/revenue_chart_rows.csv:middle_east_medium__12c_delay_6m:2028Q3; data/current_revenue_outlook/revenue_chart_rows.csv:middle_east_medium__12c_delay_6m:2028Q4; data/current_revenue_outlook/revenue_chart_rows.csv:middle_east_medium__12c_delay_6m:2029Q1; data/current_revenue_outlook/revenue_chart_rows.csv:middle_east_medium__12c_delay_6m:2029Q2; scenario_inputs/scenario_input_wide.parquet:PED:population (2028Q3; 2028Q4; 2029Q1; 2029Q2); VFM 202405 Base uptake shares; MBU26 rate cells AD5; AD7; AD9,,,,,,,source_backed,PED__DIAGLAB__B__glsar__ylag1__ar1__wexp; dynamic_RESID_GBR_n150_d1_lr0.05_w36; HEAVY_RUC__VNEXT_SOLVED_CONVEX_TOP4,allocated PHEV RUC km * MBU26 PHEV effective rate,True,59.2187099895983,4.303436357892949,available,Model path,current_finalist_model,current_finalist_model,current_model_forecast,current_finalist_forecast,2028Q3; 2028Q4; 2029Q1; 2029Q2,,2028Q3; 2028Q4; 2029Q1; 2029Q2,False,diesel_elasticity_to_conventional_ice_only; bev_phev_activity_fixed_to_base,True,medium_shifted_6m,delay_6m,1.0
2029,FY2029,Current finalist High population/comparison,Current planned path,middle_east_medium__12c_delay_6m,comparison,ruc_refunds,RUC refunds,RUC,101.989316940945,$m nominal ex GST,deduction,MBU26 official fixed component,annual_spine.csv,AD33,,,,,,,source_backed,,nan,False,101.989316940945,0.0,available,Model path,current_finalist_model,current_finalist_model,current_model_forecast,current_finalist_forecast,2028Q3; 2028Q4; 2029Q1; 2029Q2,,2028Q3; 2028Q4; 2029Q1; 2029Q2,False,,False,medium_shifted_6m,delay_6m,1.0
2029,FY2029,Current finalist High population/comparison,Current planned path,middle_east_medium__12c_delay_6m,comparison,gross_ruc_revenue,Gross RUC revenue,RUC,3123.0613332427583,$m nominal ex GST,calculated_rollup,current_hybrid_formula,current_hybrid_formula,current_revenue_outlook:middle_east_medium__12c_delay_6m:FY2029,,,,,,,source_backed,,optimized light_ruc_net_revenue + heavy_ruc_net_revenue + optimized light_bev_ruc_net_revenue + MBU26 heavy_bev_ruc_net_revenue + optimized phev_ruc_net_revenue + MBU26 ruc_refunds,False,3155.60401561549,-32.54268237273163,available,Model path,current_finalist_model,current_finalist_model,current_model_forecast,current_finalist_forecast,2028Q3; 2028Q4; 2029Q1; 2029Q2,,2028Q3; 2028Q4; 2029Q1; 2029Q2,False,,False,medium_shifted_6m,delay_6m,1.0
2029,FY2029,Current finalist High population/comparison,Current planned path,middle_east_medium__12c_delay_6m,comparison,ruc_admin_revenue,RUC admin revenue,RUC,40.0168341509567,$m nominal ex GST,deduction,MBU26 official fixed component,annual_spine.csv,AD35,,,,,,,source_backed,,nan,False,40.0168341509567,0.0,available,Model path,current_finalist_model,current_finalist_model,current_model_forecast,current_finalist_forecast,2028Q3; 2028Q4; 2029Q1; 2029Q2,,2028Q3; 2028Q4; 2029Q1; 2029Q2,False,,False,medium_shifted_6m,delay_6m,1.0
2029,FY2029,Current finalist High population/comparison,Current planned path,middle_east_medium__12c_delay_6m,comparison,ruc_revenue_net_admin,RUC revenues net of admin fees,RUC,3083.0444990918018,$m nominal ex GST,calculated_rollup,current_hybrid_formula,current_hybrid_formula,current_revenue_outlook:middle_east_medium__12c_delay_6m:FY2029,,,,,,,source_backed,,gross_ruc_revenue - MBU26 ruc_admin_revenue,False,3115.58718146454,-32.542682372738454,available,Model path,current_finalist_model,current_finalist_model,current_model_forecast,current_finalist_forecast,2028Q3; 2028Q4; 2029Q1; 2029Q2,,2028Q3; 2028Q4; 2029Q1; 2029Q2,False,,False,medium_shifted_6m,delay_6m,1.0
2029,FY2029,Current finalist High population/comparison,Current planned path,middle_east_medium__12c_delay_6m,comparison,total_ruc_net_revenue,Total RUC all classes,RUC,2981.0551821508566,$m nominal ex GST,calculated_rollup,current_hybrid_formula,current_hybrid_formula,current_revenue_outlook:middle_east_medium__12c_delay_6m:FY2029,,,,,,,source_backed,PED__DIAGLAB__B__glsar__ylag1__ar1__wexp; dynamic_RESID_GBR_n150_d1_lr0.05_w36; HEAVY_RUC__VNEXT_SOLVED_CONVEX_TOP4,ruc_revenue_net_admin - MBU26 ruc_refunds,False,3013.59786452359,-32.54268237273345,available,Model path,current_finalist_model,current_finalist_model,current_model_forecast,current_finalist_forecast,2028Q3; 2028Q4; 2029Q1; 2029Q2,,2028Q3; 2028Q4; 2029Q1; 2029Q2,False,,False,medium_shifted_6m,delay_6m,1.0
2029,FY2029,Current finalist High population/comparison,Current planned path,middle_east_medium__12c_delay_6m,comparison,gross_ped_revenue,PED revenue,FED,2601.9822410018924,$m nominal ex GST,replacement_line,"raw AR(1) PED bridge and conventional-anchor VFM composition, scenario-input population and MBU26 effective rate; population_source=scenario_input_population",forecast_scenario_comparison.parquet; scenario_inputs/scenario_input_wide.parquet; mbu26_official_annual.csv,data/current_revenue_outlook/revenue_chart_rows.csv:middle_east_medium__12c_delay_6m:2028Q3; data/current_revenue_outlook/revenue_chart_rows.csv:middle_east_medium__12c_delay_6m:2028Q4; data/current_revenue_outlook/revenue_chart_rows.csv:middle_east_medium__12c_delay_6m:2029Q1; data/current_revenue_outlook/revenue_chart_rows.csv:middle_east_medium__12c_delay_6m:2029Q2; data/current_revenue_outlook/revenue_chart_rows.csv:middle_east_medium__12c_delay_6m:2028Q3; data/current_revenue_outlook/revenue_chart_rows.csv:middle_east_medium__12c_delay_6m:2028Q4; data/current_revenue_outlook/revenue_chart_rows.csv:middle_east_medium__12c_delay_6m:2029Q1; data/current_revenue_outlook/revenue_chart_rows.csv:middle_east_medium__12c_delay_6m:2029Q2; scenario_inputs/scenario_input_wide.parquet:PED:population (2028Q3; 2028Q4; 2029Q1; 2029Q2); VFM 202405 Base uptake shares; MBU26 rate cells AD5; AD7; AD9,forecast_scenario_comparison.parquet,data/current_revenue_outlook/revenue_chart_rows.csv:middle_east_medium__12c_delay_6m:2028Q3; data/current_revenue_outlook/revenue_chart_rows.csv:middle_east_medium__12c_delay_6m:2028Q4; data/current_revenue_outlook/revenue_chart_rows.csv:middle_east_medium__12c_delay_6m:2029Q1; data/current_revenue_outlook/revenue_chart_rows.csv:middle_east_medium__12c_delay_6m:2029Q2,current_finalist_model,scenario_inputs/scenario_input_wide.parquet,scenario_inputs/scenario_input_wide.parquet:PED:population (2028Q3; 2028Q4; 2029Q1; 2029Q2),scenario_input_population,source_backed,PED__DIAGLAB__B__glsar__ylag1__ar1__wexp,raw PED/light-petrol VKT * MBU26 litres intensity / 100 * MBU26 PED rate,True,2591.86597814642,10.116262855472542,available,Model path,current_finalist_model,current_finalist_model,current_model_forecast,current_finalist_forecast,2028Q3; 2028Q4; 2029Q1; 2029Q2,,2028Q3; 2028Q4; 2029Q1; 2029Q2,False,,False,medium_shifted_6m,delay_6m,1.0
2029,FY2029,Current finalist High population/comparison,Current planned path,middle_east_medium__12c_delay_6m,comparison,gross_lpg_revenue,Gross LPG revenue,FED,43.0565466561107,$m nominal ex GST,leaf,MBU26 official fixed component,annual_spine.csv,AD41,,,,,,,source_backed,,nan,False,43.0565466561107,0.0,available,Model path,current_finalist_model,current_finalist_model,current_model_forecast,current_finalist_forecast,2028Q3; 2028Q4; 2029Q1; 2029Q2,,2028Q3; 2028Q4; 2029Q1; 2029Q2,False,,False,medium_shifted_6m,delay_6m,1.0
2029,FY2029,Current finalist High population/comparison,Current planned path,middle_east_medium__12c_delay_6m,comparison,gross_cng_revenue,Gross CNG revenue,FED,0.0,$m nominal ex GST,leaf,MBU26 official fixed component,annual_spine.csv,AD42,,,,,,,source_backed,,nan,False,0.0,0.0,available,Model path,current_finalist_model,current_finalist_model,current_model_forecast,current_finalist_forecast,2028Q3; 2028Q4; 2029Q1; 2029Q2,,2028Q3; 2028Q4; 2029Q1; 2029Q2,False,,False,medium_shifted_6m,delay_6m,1.0
2029,FY2029,Current finalist High population/comparison,Current planned path,middle_east_medium__12c_delay_6m,comparison,gross_fed_revenue,Gross FED revenue,FED,2645.038787658003,$m nominal ex GST,calculated_rollup,current_hybrid_formula,current_hybrid_formula,current_revenue_outlook:middle_east_medium__12c_delay_6m:FY2029,,,,,,,source_backed,PED__DIAGLAB__B__glsar__ylag1__ar1__wexp,gross_ped_revenue + MBU26 gross_lpg_revenue + MBU26 gross_cng_revenue,False,2634.92252480253,10.116262855472996,available,Model path,current_finalist_model,current_finalist_model,current_model_forecast,current_finalist_forecast,2028Q3; 2028Q4; 2029Q1; 2029Q2,,2028Q3; 2028Q4; 2029Q1; 2029Q2,False,,False,medium_shifted_6m,delay_6m,1.0
2029,FY2029,Current finalist High population/comparison,Current planned path,middle_east_medium__12c_delay_6m,comparison,fed_refunds,FED refunds,FED,97.6737041163894,$m nominal ex GST,deduction,MBU26 official fixed component,annual_spine.csv,AD44,,,,,,,source_backed,,nan,False,97.6737041163894,0.0,available,Model path,current_finalist_model,current_finalist_model,current_model_forecast,current_finalist_forecast,2028Q3; 2028Q4; 2029Q1; 2029Q2,,2028Q3; 2028Q4; 2029Q1; 2029Q2,False,,False,medium_shifted_6m,delay_6m,1.0
2029,FY2029,Current finalist High population/comparison,Current planned path,middle_east_medium__12c_delay_6m,comparison,net_fed_revenue,Net FED revenue,FED,2547.365083541614,$m nominal ex GST,calculated_rollup,current_hybrid_formula,current_hybrid_formula,current_revenue_outlook:middle_east_medium__12c_delay_6m:FY2029,,,,,,,source_backed,PED__DIAGLAB__B__glsar__ylag1__ar1__wexp,gross_fed_revenue - MBU26 fed_refunds,False,2537.24882068614,10.116262855473906,available,Model path,current_finalist_model,current_finalist_model,current_model_forecast,current_finalist_forecast,2028Q3; 2028Q4; 2029Q1; 2029Q2,,2028Q3; 2028Q4; 2029Q1; 2029Q2,False,,False,medium_shifted_6m,delay_6m,1.0
2029,FY2029,Current finalist High population/comparison,Current planned path,middle_east_medium__12c_delay_6m,comparison,mr1_revenue,MR1 revenue,MVR,526.427022508523,$m nominal ex GST,leaf,MBU26 official fixed component,annual_spine.csv,AD48,,,,,,,source_backed,,nan,False,526.427022508523,0.0,available,Model path,current_finalist_model,current_finalist_model,current_model_forecast,current_finalist_forecast,2028Q3; 2028Q4; 2029Q1; 2029Q2,,2028Q3; 2028Q4; 2029Q1; 2029Q2,False,,False,medium_shifted_6m,delay_6m,1.0
2029,FY2029,Current finalist High population/comparison,Current planned path,middle_east_medium__12c_delay_6m,comparison,mr2_revenue,MR2 revenue,MVR,31.8808203574151,$m nominal ex GST,leaf,MBU26 official fixed component,annual_spine.csv,AD49,,,,,,,source_backed,,nan,False,31.8808203574151,0.0,available,Model path,current_finalist_model,current_finalist_model,current_model_forecast,current_finalist_forecast,2028Q3; 2028Q4; 2029Q1; 2029Q2,,2028Q3; 2028Q4; 2029Q1; 2029Q2,False,,False,medium_shifted_6m,delay_6m,1.0
2029,FY2029,Current finalist High population/comparison,Current planned path,middle_east_medium__12c_delay_6m,comparison,coo_revenue,MR13,MVR,0.0,$m nominal ex GST,deduction,MBU26 official fixed component,annual_spine.csv,AD50,,,,,,,source_backed,,nan,False,0.0,0.0,available,Model path,current_finalist_model,current_finalist_model,current_model_forecast,current_finalist_forecast,2028Q3; 2028Q4; 2029Q1; 2029Q2,,2028Q3; 2028Q4; 2029Q1; 2029Q2,False,,False,medium_shifted_6m,delay_6m,1.0
2029,FY2029,Current finalist High population/comparison,Current planned path,middle_east_medium__12c_delay_6m,comparison,gross_mvr_revenue,Gross MVR revenue,MVR,558.3078428659381,$m nominal ex GST,calculated_rollup,MBU26 official formula,mbu26_official_annual.csv,AD51,,,,,,,source_backed,,mr1_revenue + mr2_revenue + coo_revenue,False,558.307842865938,1.1368683772161603e-13,available,Model path,current_finalist_model,current_finalist_model,current_model_forecast,current_finalist_forecast,2028Q3; 2028Q4; 2029Q1; 2029Q2,,2028Q3; 2028Q4; 2029Q1; 2029Q2,False,,False,medium_shifted_6m,delay_6m,1.0
2029,FY2029,Current finalist High population/comparison,Current planned path,middle_east_medium__12c_delay_6m,comparison,mvr_admin_revenue,MVR admin revenue,MVR,71.5205705630239,$m nominal ex GST,deduction,MBU26 official fixed component,annual_spine.csv,AD52,,,,,,,source_backed,,nan,False,71.5205705630239,0.0,available,Model path,current_finalist_model,current_finalist_model,current_model_forecast,current_finalist_forecast,2028Q3; 2028Q4; 2029Q1; 2029Q2,,2028Q3; 2028Q4; 2029Q1; 2029Q2,False,,False,medium_shifted_6m,delay_6m,1.0
2029,FY2029,Current finalist High population/comparison,Current planned path,middle_east_medium__12c_delay_6m,comparison,mvr_revenue_net_admin_coo,MVR revenues net of admin fees and COO,MVR,486.78727230291423,$m nominal ex GST,calculated_rollup,MBU26 official formula,mbu26_official_annual.csv,AD53,,,,,,,source_backed,,mr1_revenue + mr2_revenue - mvr_admin_revenue,False,486.787272302915,-7.958078640513122e-13,available,Model path,current_finalist_model,current_finalist_model,current_model_forecast,current_finalist_forecast,2028Q3; 2028Q4; 2029Q1; 2029Q2,,2028Q3; 2028Q4; 2029Q1; 2029Q2,False,,False,medium_shifted_6m,delay_6m,1.0
2029,FY2029,Current finalist High population/comparison,Current planned path,middle_east_medium__12c_delay_6m,comparison,mvr_refunds,MVR refunds,MVR,1.94416230921848,$m nominal ex GST,deduction,MBU26 official fixed component,annual_spine.csv,AD54,,,,,,,source_backed,,nan,False,1.94416230921848,0.0,available,Model path,current_finalist_model,current_finalist_model,current_model_forecast,current_finalist_forecast,2028Q3; 2028Q4; 2029Q1; 2029Q2,,2028Q3; 2028Q4; 2029Q1; 2029Q2,False,,False,medium_shifted_6m,delay_6m,1.0
2029,FY2029,Current finalist High population/comparison,Current planned path,middle_east_medium__12c_delay_6m,comparison,net_mvr_revenue,Net MVR revenue,MVR,484.84310999369575,$m nominal ex GST,calculated_rollup,MBU26 official formula,mbu26_official_annual.csv,AD55,,,,,,,source_backed,,mvr_revenue_net_admin_coo - mvr_refunds,False,484.843109993696,-2.2737367544323206e-13,available,Model path,current_finalist_model,current_finalist_model,current_model_forecast,current_finalist_forecast,2028Q3; 2028Q4; 2029Q1; 2029Q2,,2028Q3; 2028Q4; 2029Q1; 2029Q2,False,,False,medium_shifted_6m,delay_6m,1.0
2029,FY2029,Current finalist High population/comparison,Current planned path,middle_east_medium__12c_delay_6m,comparison,tuc_net_revenue,TUC net revenue,TUC,17.5578996928248,$m nominal ex GST,leaf,MBU26 official fixed component,annual_spine.csv,AD58,,,,,,,source_backed,,nan,False,17.5578996928248,0.0,available,Model path,current_finalist_model,current_finalist_model,current_model_forecast,current_finalist_forecast,2028Q3; 2028Q4; 2029Q1; 2029Q2,,2028Q3; 2028Q4; 2029Q1; 2029Q2,False,,False,medium_shifted_6m,delay_6m,1.0
2029,FY2029,Current finalist High population/comparison,Current planned path,middle_east_medium__12c_delay_6m,comparison,total_gross_revenue,Total gross revenues,Totals,6343.965863459524,$m nominal ex GST,calculated_rollup,current_hybrid_formula,current_hybrid_formula,current_revenue_outlook:middle_east_medium__12c_delay_6m:FY2029,,,,,,,source_backed,,gross_ruc_revenue + gross_fed_revenue + gross_mvr_revenue + tuc_net_revenue,False,6366.39228297679,-22.426419517265458,available,Model path,current_finalist_model,current_finalist_model,current_model_forecast,current_finalist_forecast,2028Q3; 2028Q4; 2029Q1; 2029Q2,,2028Q3; 2028Q4; 2029Q1; 2029Q2,False,,False,medium_shifted_6m,delay_6m,1.0
2029,FY2029,Current finalist High population/comparison,Current planned path,middle_east_medium__12c_delay_6m,comparison,total_admin_fees,Total admin fees,Totals,111.53740471398059,$m nominal ex GST,calculated_rollup,current_hybrid_formula,current_hybrid_formula,current_revenue_outlook:middle_east_medium__12c_delay_6m:FY2029,,,,,,,source_backed,,ruc_admin_revenue + mvr_admin_revenue + coo_revenue,False,111.537404713981,-4.121147867408581e-13,available,Model path,current_finalist_model,current_finalist_model,current_model_forecast,current_finalist_forecast,2028Q3; 2028Q4; 2029Q1; 2029Q2,,2028Q3; 2028Q4; 2029Q1; 2029Q2,False,,False,medium_shifted_6m,delay_6m,1.0
2029,FY2029,Current finalist High population/comparison,Current planned path,middle_east_medium__12c_delay_6m,comparison,total_revenue_net_admin,Total revenues net of admin fees,Totals,6232.428458745544,$m nominal ex GST,calculated_rollup,current_hybrid_formula,current_hybrid_formula,current_revenue_outlook:middle_east_medium__12c_delay_6m:FY2029,,,,,,,source_backed,,total_gross_revenue - total_admin_fees,False,6254.85487826281,-22.426419517266368,available,Model path,current_finalist_model,current_finalist_model,current_model_forecast,current_finalist_forecast,2028Q3; 2028Q4; 2029Q1; 2029Q2,,2028Q3; 2028Q4; 2029Q1; 2029Q2,False,,False,medium_shifted_6m,delay_6m,1.0
2029,FY2029,Current finalist High population/comparison,Current planned path,middle_east_medium__12c_delay_6m,comparison,total_refunds,Total refunds,Totals,201.60718336655287,$m nominal ex GST,calculated_rollup,current_hybrid_formula,current_hybrid_formula,current_revenue_outlook:middle_east_medium__12c_delay_6m:FY2029,,,,,,,source_backed,,ruc_refunds + fed_refunds + mvr_refunds,False,201.607183366553,-1.1368683772161603e-13,available,Model path,current_finalist_model,current_finalist_model,current_model_forecast,current_finalist_forecast,2028Q3; 2028Q4; 2029Q1; 2029Q2,,2028Q3; 2028Q4; 2029Q1; 2029Q2,False,,False,medium_shifted_6m,delay_6m,1.0
2029,FY2029,Current finalist High population/comparison,Current planned path,middle_east_medium__12c_delay_6m,comparison,total_nltf_net_revenue,Total NLTF revenue,Totals,6030.821275378991,$m nominal ex GST,calculated_rollup,current_hybrid_formula,current_hybrid_formula,current_revenue_outlook:middle_east_medium__12c_delay_6m:FY2029,,,,,,,source_backed,PED__DIAGLAB__B__glsar__ylag1__ar1__wexp; dynamic_RESID_GBR_n150_d1_lr0.05_w36; HEAVY_RUC__VNEXT_SOLVED_CONVEX_TOP4,total_revenue_net_admin - total_refunds,False,6053.24769489626,-22.426419517269096,available,Model path,current_finalist_model,current_finalist_model,current_model_forecast,current_finalist_forecast,2028Q3; 2028Q4; 2029Q1; 2029Q2,,2028Q3; 2028Q4; 2029Q1; 2029Q2,False,,False,medium_shifted_6m,delay_6m,1.0
2029,FY2029,Current finalist High population/comparison,Current planned path,middle_east_medium__12c_delay_6m,comparison,current_light_ruc_conventional_modelled_km,Current finalist Light RUC conventional modelled km,Key volumes,14131.358557992655,million km,audit_only,current_finalist_model_conventional_light_ruc_forecast,forecast_scenario_comparison.parquet,data/current_revenue_outlook/revenue_chart_rows.csv:middle_east_medium__12c_delay_6m:2028Q3; data/current_revenue_outlook/revenue_chart_rows.csv:middle_east_medium__12c_delay_6m:2028Q4; data/current_revenue_outlook/revenue_chart_rows.csv:middle_east_medium__12c_delay_6m:2029Q1; data/current_revenue_outlook/revenue_chart_rows.csv:middle_east_medium__12c_delay_6m:2029Q2,,,,,,,source_backed,dynamic_RESID_GBR_n150_d1_lr0.05_w36,sum quarterly current finalist Light RUC conventional model forecast,False,,,available,Model path,current_finalist_model,current_finalist_model,current_model_forecast,current_finalist_forecast,2028Q3; 2028Q4; 2029Q1; 2029Q2,,2028Q3; 2028Q4; 2029Q1; 2029Q2,False,diesel_elasticity_to_conventional_ice_only; bev_phev_activity_fixed_to_base,True,medium_shifted_6m,delay_6m,1.0
2029,FY2029,Current finalist High population/comparison,Current planned path,middle_east_medium__12c_delay_6m,comparison,total_fed_ruc_net_revenue,Total RUC+PED revenue,Derived totals,5528.42026569247,$m nominal ex GST,calculated_rollup,current_hybrid_formula,current_hybrid_formula,current_revenue_outlook:middle_east_medium__12c_delay_6m:FY2029,,,,,,,source_backed,PED__DIAGLAB__B__glsar__ylag1__ar1__wexp; dynamic_RESID_GBR_n150_d1_lr0.05_w36; HEAVY_RUC__VNEXT_SOLVED_CONVEX_TOP4,net_fed_revenue + total_ruc_net_revenue,False,5550.84668520973,-22.42641951726,available,Model path,current_finalist_model,current_finalist_model,current_model_forecast,current_finalist_forecast,2028Q3; 2028Q4; 2029Q1; 2029Q2,,2028Q3; 2028Q4; 2029Q1; 2029Q2,False,,False,medium_shifted_6m,delay_6m,1.0
2030,FY2030,Current finalist High population/comparison,Current planned path,middle_east_medium__12c_delay_6m,comparison,light_ruc_net_km,Light RUC net km,Key volumes,14552.97103506161,million km,bridge_input,raw AR(1) PED VKT per capita x scenario-input population; raw Light RUC conventional model forecast expanded by MoT VFM 202405 Base uptake shares (conventional_anchor_vfm_composition_v1),forecast_scenario_comparison.parquet; mbu26_official_annual.csv,data/current_revenue_outlook/revenue_chart_rows.csv:middle_east_medium__12c_delay_6m:2029Q3; data/current_revenue_outlook/revenue_chart_rows.csv:middle_east_medium__12c_delay_6m:2029Q4; data/current_revenue_outlook/revenue_chart_rows.csv:middle_east_medium__12c_delay_6m:2030Q1; data/current_revenue_outlook/revenue_chart_rows.csv:middle_east_medium__12c_delay_6m:2030Q2; data/current_revenue_outlook/revenue_chart_rows.csv:middle_east_medium__12c_delay_6m:2029Q3; data/current_revenue_outlook/revenue_chart_rows.csv:middle_east_medium__12c_delay_6m:2029Q4; data/current_revenue_outlook/revenue_chart_rows.csv:middle_east_medium__12c_delay_6m:2030Q1; data/current_revenue_outlook/revenue_chart_rows.csv:middle_east_medium__12c_delay_6m:2030Q2; scenario_inputs/scenario_input_wide.parquet:PED:population (2029Q3; 2029Q4; 2030Q1; 2030Q2); VFM 202405 Base uptake shares; MBU26 rate cells AE5; AE7; AE9,,,,,,,source_backed,dynamic_RESID_GBR_n150_d1_lr0.05_w36,raw Light RUC conventional model forecast (preserved exactly under the Base uptake basis),False,14439.0859778169,113.88505724471179,available,Model path,current_finalist_model,current_finalist_model,current_model_forecast,current_finalist_forecast,2029Q3; 2029Q4; 2030Q1; 2030Q2,,2029Q3; 2029Q4; 2030Q1; 2030Q2,False,diesel_elasticity_to_conventional_ice_only; bev_phev_activity_fixed_to_base,True,medium_shifted_6m,delay_6m,1.0
2030,FY2030,Current finalist High population/comparison,Current planned path,middle_east_medium__12c_delay_6m,comparison,heavy_ruc_net_km,Heavy RUC net km,Key volumes,4230.412228687554,million km,bridge_input,current_finalist_model,forecast_scenario_comparison.parquet,data/current_revenue_outlook/revenue_chart_rows.csv:middle_east_medium__12c_delay_6m:2029Q3; data/current_revenue_outlook/revenue_chart_rows.csv:middle_east_medium__12c_delay_6m:2029Q4; data/current_revenue_outlook/revenue_chart_rows.csv:middle_east_medium__12c_delay_6m:2030Q1; data/current_revenue_outlook/revenue_chart_rows.csv:middle_east_medium__12c_delay_6m:2030Q2,,,,,,,source_backed,HEAVY_RUC__VNEXT_SOLVED_CONVEX_TOP4,sum quarterly current finalist Heavy RUC net km,False,4484.64725020264,-254.23502151508637,available,Model path,current_finalist_model,current_finalist_model,current_model_forecast,current_finalist_forecast,2029Q3; 2029Q4; 2030Q1; 2030Q2,,2029Q3; 2029Q4; 2030Q1; 2030Q2,False,,False,medium_shifted_6m,delay_6m,1.0
2030,FY2030,Current finalist High population/comparison,Current planned path,middle_east_medium__12c_delay_6m,comparison,light_bev_ruc_net_km,Light BEV RUC net km,Key volumes,3437.1140934214673,million km,bridge_input,raw AR(1) PED VKT per capita x scenario-input population; raw Light RUC conventional model forecast expanded by MoT VFM 202405 Base uptake shares (conventional_anchor_vfm_composition_v1),forecast_scenario_comparison.parquet; mbu26_official_annual.csv,data/current_revenue_outlook/revenue_chart_rows.csv:middle_east_medium__12c_delay_6m:2029Q3; data/current_revenue_outlook/revenue_chart_rows.csv:middle_east_medium__12c_delay_6m:2029Q4; data/current_revenue_outlook/revenue_chart_rows.csv:middle_east_medium__12c_delay_6m:2030Q1; data/current_revenue_outlook/revenue_chart_rows.csv:middle_east_medium__12c_delay_6m:2030Q2; data/current_revenue_outlook/revenue_chart_rows.csv:middle_east_medium__12c_delay_6m:2029Q3; data/current_revenue_outlook/revenue_chart_rows.csv:middle_east_medium__12c_delay_6m:2029Q4; data/current_revenue_outlook/revenue_chart_rows.csv:middle_east_medium__12c_delay_6m:2030Q1; data/current_revenue_outlook/revenue_chart_rows.csv:middle_east_medium__12c_delay_6m:2030Q2; scenario_inputs/scenario_input_wide.parquet:PED:population (2029Q3; 2029Q4; 2030Q1; 2030Q2); VFM 202405 Base uptake shares; MBU26 rate cells AE5; AE7; AE9,,,,,,,source_backed,PED__DIAGLAB__B__glsar__ylag1__ar1__wexp; dynamic_RESID_GBR_n150_d1_lr0.05_w36; HEAVY_RUC__VNEXT_SOLVED_CONVEX_TOP4,base pool (conventional / VFM Base conventional share) * VFM Base Light BEV share,False,3074.13637597232,362.97771744914735,available,Model path,current_finalist_model,current_finalist_model,current_model_forecast,current_finalist_forecast,2029Q3; 2029Q4; 2030Q1; 2030Q2,,2029Q3; 2029Q4; 2030Q1; 2030Q2,False,diesel_elasticity_to_conventional_ice_only; bev_phev_activity_fixed_to_base,True,medium_shifted_6m,delay_6m,1.0
2030,FY2030,Current finalist High population/comparison,Current planned path,middle_east_medium__12c_delay_6m,comparison,heavy_bev_ruc_net_km,Heavy BEV RUC net km,Key volumes,88.9568688458184,million km,bridge_input,MBU26 official fixed component,annual_spine.csv,AE8,,,,,,,source_backed,,nan,False,88.9568688458184,0.0,available,Model path,current_finalist_model,current_finalist_model,current_model_forecast,current_finalist_forecast,2029Q3; 2029Q4; 2030Q1; 2030Q2,,2029Q3; 2029Q4; 2030Q1; 2030Q2,False,diesel_elasticity_to_conventional_ice_only; bev_phev_activity_fixed_to_base,True,medium_shifted_6m,delay_6m,1.0
2030,FY2030,Current finalist High population/comparison,Current planned path,middle_east_medium__12c_delay_6m,comparison,phev_ruc_net_km,PHEV RUC net km,Key volumes,1878.889739407174,million km,bridge_input,raw AR(1) PED VKT per capita x scenario-input population; raw Light RUC conventional model forecast expanded by MoT VFM 202405 Base uptake shares (conventional_anchor_vfm_composition_v1),forecast_scenario_comparison.parquet; mbu26_official_annual.csv,data/current_revenue_outlook/revenue_chart_rows.csv:middle_east_medium__12c_delay_6m:2029Q3; data/current_revenue_outlook/revenue_chart_rows.csv:middle_east_medium__12c_delay_6m:2029Q4; data/current_revenue_outlook/revenue_chart_rows.csv:middle_east_medium__12c_delay_6m:2030Q1; data/current_revenue_outlook/revenue_chart_rows.csv:middle_east_medium__12c_delay_6m:2030Q2; data/current_revenue_outlook/revenue_chart_rows.csv:middle_east_medium__12c_delay_6m:2029Q3; data/current_revenue_outlook/revenue_chart_rows.csv:middle_east_medium__12c_delay_6m:2029Q4; data/current_revenue_outlook/revenue_chart_rows.csv:middle_east_medium__12c_delay_6m:2030Q1; data/current_revenue_outlook/revenue_chart_rows.csv:middle_east_medium__12c_delay_6m:2030Q2; scenario_inputs/scenario_input_wide.parquet:PED:population (2029Q3; 2029Q4; 2030Q1; 2030Q2); VFM 202405 Base uptake shares; MBU26 rate cells AE5; AE7; AE9,,,,,,,source_backed,PED__DIAGLAB__B__glsar__ylag1__ar1__wexp; dynamic_RESID_GBR_n150_d1_lr0.05_w36; HEAVY_RUC__VNEXT_SOLVED_CONVEX_TOP4,base pool (conventional / VFM Base conventional share) * VFM Base PHEV share,False,1688.91801832143,189.97172108574387,available,Model path,current_finalist_model,current_finalist_model,current_model_forecast,current_finalist_forecast,2029Q3; 2029Q4; 2030Q1; 2030Q2,,2029Q3; 2029Q4; 2030Q1; 2030Q2,False,diesel_elasticity_to_conventional_ice_only; bev_phev_activity_fixed_to_base,True,medium_shifted_6m,delay_6m,1.0
2030,FY2030,Current finalist High population/comparison,Current planned path,middle_east_medium__12c_delay_6m,comparison,ped_volume,PED volume,Key volumes,2889.4008279080367,million litres,bridge_input,raw AR(1) PED VKT/capita + scenario-input population (scenario_input_population) + MBU26 intensity,forecast_scenario_comparison.parquet; scenario_inputs/scenario_input_wide.parquet; mbu26_official_annual.csv,data/current_revenue_outlook/revenue_chart_rows.csv:middle_east_medium__12c_delay_6m:2029Q3; data/current_revenue_outlook/revenue_chart_rows.csv:middle_east_medium__12c_delay_6m:2029Q4; data/current_revenue_outlook/revenue_chart_rows.csv:middle_east_medium__12c_delay_6m:2030Q1; data/current_revenue_outlook/revenue_chart_rows.csv:middle_east_medium__12c_delay_6m:2030Q2; data/current_revenue_outlook/revenue_chart_rows.csv:middle_east_medium__12c_delay_6m:2029Q3; data/current_revenue_outlook/revenue_chart_rows.csv:middle_east_medium__12c_delay_6m:2029Q4; data/current_revenue_outlook/revenue_chart_rows.csv:middle_east_medium__12c_delay_6m:2030Q1; data/current_revenue_outlook/revenue_chart_rows.csv:middle_east_medium__12c_delay_6m:2030Q2; scenario_inputs/scenario_input_wide.parquet:PED:population (2029Q3; 2029Q4; 2030Q1; 2030Q2); VFM 202405 Base uptake shares; MBU26 rate cells AE5; AE7; AE9,forecast_scenario_comparison.parquet,data/current_revenue_outlook/revenue_chart_rows.csv:middle_east_medium__12c_delay_6m:2029Q3; data/current_revenue_outlook/revenue_chart_rows.csv:middle_east_medium__12c_delay_6m:2029Q4; data/current_revenue_outlook/revenue_chart_rows.csv:middle_east_medium__12c_delay_6m:2030Q1; data/current_revenue_outlook/revenue_chart_rows.csv:middle_east_medium__12c_delay_6m:2030Q2,current_finalist_model,scenario_inputs/scenario_input_wide.parquet,scenario_inputs/scenario_input_wide.parquet:PED:population (2029Q3; 2029Q4; 2030Q1; 2030Q2),scenario_input_population,source_backed,PED__DIAGLAB__B__glsar__ylag1__ar1__wexp,raw PED/light-petrol VKT * MBU26 litres intensity / 100,False,2880.43564343742,8.965184470616805,available,Model path,current_finalist_model,current_finalist_model,current_model_forecast,current_finalist_forecast,2029Q3; 2029Q4; 2030Q1; 2030Q2,,2029Q3; 2029Q4; 2030Q1; 2030Q2,False,,False,medium_shifted_6m,delay_6m,1.0
2030,FY2030,Current finalist High population/comparison,Current planned path,middle_east_medium__12c_delay_6m,comparison,light_petrol_vkt,Light petrol VKT,Key volumes,32993.321829443696,million km,bridge_input,raw AR(1) PED VKT per capita x scenario-input population; raw Light RUC conventional model forecast expanded by MoT VFM 202405 Base uptake shares (conventional_anchor_vfm_composition_v1),forecast_scenario_comparison.parquet; mbu26_official_annual.csv,data/current_revenue_outlook/revenue_chart_rows.csv:middle_east_medium__12c_delay_6m:2029Q3; data/current_revenue_outlook/revenue_chart_rows.csv:middle_east_medium__12c_delay_6m:2029Q4; data/current_revenue_outlook/revenue_chart_rows.csv:middle_east_medium__12c_delay_6m:2030Q1; data/current_revenue_outlook/revenue_chart_rows.csv:middle_east_medium__12c_delay_6m:2030Q2; data/current_revenue_outlook/revenue_chart_rows.csv:middle_east_medium__12c_delay_6m:2029Q3; data/current_revenue_outlook/revenue_chart_rows.csv:middle_east_medium__12c_delay_6m:2029Q4; data/current_revenue_outlook/revenue_chart_rows.csv:middle_east_medium__12c_delay_6m:2030Q1; data/current_revenue_outlook/revenue_chart_rows.csv:middle_east_medium__12c_delay_6m:2030Q2; scenario_inputs/scenario_input_wide.parquet:PED:population (2029Q3; 2029Q4; 2030Q1; 2030Q2); VFM 202405 Base uptake shares; MBU26 rate cells AE5; AE7; AE9,forecast_scenario_comparison.parquet,data/current_revenue_outlook/revenue_chart_rows.csv:middle_east_medium__12c_delay_6m:2029Q3; data/current_revenue_outlook/revenue_chart_rows.csv:middle_east_medium__12c_delay_6m:2029Q4; data/current_revenue_outlook/revenue_chart_rows.csv:middle_east_medium__12c_delay_6m:2030Q1; data/current_revenue_outlook/revenue_chart_rows.csv:middle_east_medium__12c_delay_6m:2030Q2,current_finalist_model,scenario_inputs/scenario_input_wide.parquet,scenario_inputs/scenario_input_wide.parquet:PED:population (2029Q3; 2029Q4; 2030Q1; 2030Q2),scenario_input_population,source_backed,,raw AR(1) PED VKT per capita * scenario-input population,False,32890.9507033464,102.37112609729229,available,Model path,current_finalist_model,current_finalist_model,current_model_forecast,current_finalist_forecast,2029Q3; 2029Q4; 2030Q1; 2030Q2,,2029Q3; 2029Q4; 2030Q1; 2030Q2,False,,False,medium_shifted_6m,delay_6m,1.0
2030,FY2030,Current finalist High population/comparison,Current planned path,middle_east_medium__12c_delay_6m,comparison,ped_vkt_per_capita,PED VKT per capita,Key volumes,5888.384227680278,km/person,bridge_input,current_finalist_model,forecast_scenario_comparison.parquet,data/current_revenue_outlook/revenue_chart_rows.csv:middle_east_medium__12c_delay_6m:2029Q3; data/current_revenue_outlook/revenue_chart_rows.csv:middle_east_medium__12c_delay_6m:2029Q4; data/current_revenue_outlook/revenue_chart_rows.csv:middle_east_medium__12c_delay_6m:2030Q1; data/current_revenue_outlook/revenue_chart_rows.csv:middle_east_medium__12c_delay_6m:2030Q2,forecast_scenario_comparison.parquet,data/current_revenue_outlook/revenue_chart_rows.csv:middle_east_medium__12c_delay_6m:2029Q3; data/current_revenue_outlook/revenue_chart_rows.csv:middle_east_medium__12c_delay_6m:2029Q4; data/current_revenue_outlook/revenue_chart_rows.csv:middle_east_medium__12c_delay_6m:2030Q1; data/current_revenue_outlook/revenue_chart_rows.csv:middle_east_medium__12c_delay_6m:2030Q2,current_finalist_model,,,,source_backed,PED__DIAGLAB__B__glsar__ylag1__ar1__wexp,sum quarterly current finalist PED VKT/capita,False,5890.93754143919,-2.553313758911827,available,Model path,current_finalist_model,current_finalist_model,current_model_forecast,current_finalist_forecast,2029Q3; 2029Q4; 2030Q1; 2030Q2,,2029Q3; 2029Q4; 2030Q1; 2030Q2,False,,False,medium_shifted_6m,delay_6m,1.0
2030,FY2030,Current finalist High population/comparison,Current planned path,middle_east_medium__12c_delay_6m,comparison,tuc_gtk,TUC GTK,Key volumes,8179315222.66,tonne-km,bridge_input,MBU26 official fixed component,annual_spine.csv,AE13,,,,,,,source_backed,,nan,False,8179315222.66,0.0,available,Model path,current_finalist_model,current_finalist_model,current_model_forecast,current_finalist_forecast,2029Q3; 2029Q4; 2030Q1; 2030Q2,,2029Q3; 2029Q4; 2030Q1; 2030Q2,False,,False,medium_shifted_6m,delay_6m,1.0
2030,FY2030,Current finalist High population/comparison,Current planned path,middle_east_medium__12c_delay_6m,comparison,light_ruc_net_revenue,Light RUC revenue,RUC,1309.1303913442223,$m nominal ex GST,replacement_line,"raw AR(1) PED bridge and conventional-anchor VFM composition, scenario-input population and MBU26 effective rate",forecast_scenario_comparison.parquet; mbu26_official_annual.csv,data/current_revenue_outlook/revenue_chart_rows.csv:middle_east_medium__12c_delay_6m:2029Q3; data/current_revenue_outlook/revenue_chart_rows.csv:middle_east_medium__12c_delay_6m:2029Q4; data/current_revenue_outlook/revenue_chart_rows.csv:middle_east_medium__12c_delay_6m:2030Q1; data/current_revenue_outlook/revenue_chart_rows.csv:middle_east_medium__12c_delay_6m:2030Q2; data/current_revenue_outlook/revenue_chart_rows.csv:middle_east_medium__12c_delay_6m:2029Q3; data/current_revenue_outlook/revenue_chart_rows.csv:middle_east_medium__12c_delay_6m:2029Q4; data/current_revenue_outlook/revenue_chart_rows.csv:middle_east_medium__12c_delay_6m:2030Q1; data/current_revenue_outlook/revenue_chart_rows.csv:middle_east_medium__12c_delay_6m:2030Q2; scenario_inputs/scenario_input_wide.parquet:PED:population (2029Q3; 2029Q4; 2030Q1; 2030Q2); VFM 202405 Base uptake shares; MBU26 rate cells AE5; AE7; AE9,,,,,,,source_backed,dynamic_RESID_GBR_n150_d1_lr0.05_w36,conventional Light RUC km * MBU26 conventional Light effective rate,True,1298.88572108412,10.244670260102566,available,Model path,current_finalist_model,current_finalist_model,current_model_forecast,current_finalist_forecast,2029Q3; 2029Q4; 2030Q1; 2030Q2,,2029Q3; 2029Q4; 2030Q1; 2030Q2,False,diesel_elasticity_to_conventional_ice_only; bev_phev_activity_fixed_to_base,True,medium_shifted_6m,delay_6m,1.0
2030,FY2030,Current finalist High population/comparison,Current planned path,middle_east_medium__12c_delay_6m,comparison,heavy_ruc_net_revenue,Heavy RUC revenue,RUC,1561.9346558206585,$m nominal ex GST,replacement_line,current_finalist_model + MBU26 effective rate,forecast_scenario_comparison.parquet; mbu26_official_annual.csv,data/current_revenue_outlook/revenue_chart_rows.csv:middle_east_medium__12c_delay_6m:2029Q3; data/current_revenue_outlook/revenue_chart_rows.csv:middle_east_medium__12c_delay_6m:2029Q4; data/current_revenue_outlook/revenue_chart_rows.csv:middle_east_medium__12c_delay_6m:2030Q1; data/current_revenue_outlook/revenue_chart_rows.csv:middle_east_medium__12c_delay_6m:2030Q2,,,,,,,source_backed,HEAVY_RUC__VNEXT_SOLVED_CONVEX_TOP4,sum quarterly current Heavy RUC net km * MBU26 effective rate,True,1655.80221986912,-93.86756404846165,available,Model path,current_finalist_model,current_finalist_model,current_model_forecast,current_finalist_forecast,2029Q3; 2029Q4; 2030Q1; 2030Q2,,2029Q3; 2029Q4; 2030Q1; 2030Q2,False,,False,medium_shifted_6m,delay_6m,1.0
2030,FY2030,Current finalist High population/comparison,Current planned path,middle_east_medium__12c_delay_6m,comparison,light_bev_ruc_net_revenue,Light BEV RUC net revenue,RUC,309.21996941466256,$m nominal ex GST,replacement_line,"raw AR(1) PED bridge and conventional-anchor VFM composition, scenario-input population and MBU26 effective rate",forecast_scenario_comparison.parquet; mbu26_official_annual.csv,data/current_revenue_outlook/revenue_chart_rows.csv:middle_east_medium__12c_delay_6m:2029Q3; data/current_revenue_outlook/revenue_chart_rows.csv:middle_east_medium__12c_delay_6m:2029Q4; data/current_revenue_outlook/revenue_chart_rows.csv:middle_east_medium__12c_delay_6m:2030Q1; data/current_revenue_outlook/revenue_chart_rows.csv:middle_east_medium__12c_delay_6m:2030Q2; data/current_revenue_outlook/revenue_chart_rows.csv:middle_east_medium__12c_delay_6m:2029Q3; data/current_revenue_outlook/revenue_chart_rows.csv:middle_east_medium__12c_delay_6m:2029Q4; data/current_revenue_outlook/revenue_chart_rows.csv:middle_east_medium__12c_delay_6m:2030Q1; data/current_revenue_outlook/revenue_chart_rows.csv:middle_east_medium__12c_delay_6m:2030Q2; scenario_inputs/scenario_input_wide.parquet:PED:population (2029Q3; 2029Q4; 2030Q1; 2030Q2); VFM 202405 Base uptake shares; MBU26 rate cells AE5; AE7; AE9,,,,,,,source_backed,PED__DIAGLAB__B__glsar__ylag1__ar1__wexp; dynamic_RESID_GBR_n150_d1_lr0.05_w36; HEAVY_RUC__VNEXT_SOLVED_CONVEX_TOP4,allocated Light BEV RUC km * MBU26 Light BEV effective rate,True,276.56467906435,32.655290350312555,available,Model path,current_finalist_model,current_finalist_model,current_model_forecast,current_finalist_forecast,2029Q3; 2029Q4; 2030Q1; 2030Q2,,2029Q3; 2029Q4; 2030Q1; 2030Q2,False,diesel_elasticity_to_conventional_ice_only; bev_phev_activity_fixed_to_base,True,medium_shifted_6m,delay_6m,1.0
2030,FY2030,Current finalist High population/comparison,Current planned path,middle_east_medium__12c_delay_6m,comparison,heavy_bev_ruc_net_revenue,Heavy BEV RUC net revenue,RUC,32.8477686056627,$m nominal ex GST,leaf,MBU26 official fixed component,annual_spine.csv,AE31,,,,,,,source_backed,,nan,False,32.8477686056627,0.0,available,Model path,current_finalist_model,current_finalist_model,current_model_forecast,current_finalist_forecast,2029Q3; 2029Q4; 2030Q1; 2030Q2,,2029Q3; 2029Q4; 2030Q1; 2030Q2,False,diesel_elasticity_to_conventional_ice_only; bev_phev_activity_fixed_to_base,True,medium_shifted_6m,delay_6m,1.0
2030,FY2030,Current finalist High population/comparison,Current planned path,middle_east_medium__12c_delay_6m,comparison,phev_ruc_net_revenue,PHEV RUC net revenue,RUC,83.356943288799,$m nominal ex GST,replacement_line,"raw AR(1) PED bridge and conventional-anchor VFM composition, scenario-input population and MBU26 effective rate",forecast_scenario_comparison.parquet; mbu26_official_annual.csv,data/current_revenue_outlook/revenue_chart_rows.csv:middle_east_medium__12c_delay_6m:2029Q3; data/current_revenue_outlook/revenue_chart_rows.csv:middle_east_medium__12c_delay_6m:2029Q4; data/current_revenue_outlook/revenue_chart_rows.csv:middle_east_medium__12c_delay_6m:2030Q1; data/current_revenue_outlook/revenue_chart_rows.csv:middle_east_medium__12c_delay_6m:2030Q2; data/current_revenue_outlook/revenue_chart_rows.csv:middle_east_medium__12c_delay_6m:2029Q3; data/current_revenue_outlook/revenue_chart_rows.csv:middle_east_medium__12c_delay_6m:2029Q4; data/current_revenue_outlook/revenue_chart_rows.csv:middle_east_medium__12c_delay_6m:2030Q1; data/current_revenue_outlook/revenue_chart_rows.csv:middle_east_medium__12c_delay_6m:2030Q2; scenario_inputs/scenario_input_wide.parquet:PED:population (2029Q3; 2029Q4; 2030Q1; 2030Q2); VFM 202405 Base uptake shares; MBU26 rate cells AE5; AE7; AE9,,,,,,,source_backed,PED__DIAGLAB__B__glsar__ylag1__ar1__wexp; dynamic_RESID_GBR_n150_d1_lr0.05_w36; HEAVY_RUC__VNEXT_SOLVED_CONVEX_TOP4,allocated PHEV RUC km * MBU26 PHEV effective rate,True,74.92884788283,8.428095405969003,available,Model path,current_finalist_model,current_finalist_model,current_model_forecast,current_finalist_forecast,2029Q3; 2029Q4; 2030Q1; 2030Q2,,2029Q3; 2029Q4; 2030Q1; 2030Q2,False,diesel_elasticity_to_conventional_ice_only; bev_phev_activity_fixed_to_base,True,medium_shifted_6m,delay_6m,1.0
2030,FY2030,Current finalist High population/comparison,Current planned path,middle_east_medium__12c_delay_6m,comparison,ruc_refunds,RUC refunds,RUC,111.156651009308,$m nominal ex GST,deduction,MBU26 official fixed component,annual_spine.csv,AE33,,,,,,,source_backed,,nan,False,111.156651009308,0.0,available,Model path,current_finalist_model,current_finalist_model,current_model_forecast,current_finalist_forecast,2029Q3; 2029Q4; 2030Q1; 2030Q2,,2029Q3; 2029Q4; 2030Q1; 2030Q2,False,,False,medium_shifted_6m,delay_6m,1.0
2030,FY2030,Current finalist High population/comparison,Current planned path,middle_east_medium__12c_delay_6m,comparison,gross_ruc_revenue,Gross RUC revenue,RUC,3407.646379483313,$m nominal ex GST,calculated_rollup,current_hybrid_formula,current_hybrid_formula,current_revenue_outlook:middle_east_medium__12c_delay_6m:FY2030,,,,,,,source_backed,,optimized light_ruc_net_revenue + heavy_ruc_net_revenue + optimized light_bev_ruc_net_revenue + MBU26 heavy_bev_ruc_net_revenue + optimized phev_ruc_net_revenue + MBU26 ruc_refunds,False,3450.56913427481,-42.92275479149703,available,Model path,current_finalist_model,current_finalist_model,current_model_forecast,current_finalist_forecast,2029Q3; 2029Q4; 2030Q1; 2030Q2,,2029Q3; 2029Q4; 2030Q1; 2030Q2,False,,False,medium_shifted_6m,delay_6m,1.0
2030,FY2030,Current finalist High population/comparison,Current planned path,middle_east_medium__12c_delay_6m,comparison,ruc_admin_revenue,RUC admin revenue,RUC,42.5523569088689,$m nominal ex GST,deduction,MBU26 official fixed component,annual_spine.csv,AE35,,,,,,,source_backed,,nan,False,42.5523569088689,0.0,available,Model path,current_finalist_model,current_finalist_model,current_model_forecast,current_finalist_forecast,2029Q3; 2029Q4; 2030Q1; 2030Q2,,2029Q3; 2029Q4; 2030Q1; 2030Q2,False,,False,medium_shifted_6m,delay_6m,1.0
2030,FY2030,Current finalist High population/comparison,Current planned path,middle_east_medium__12c_delay_6m,comparison,ruc_revenue_net_admin,RUC revenues net of admin fees,RUC,3365.094022574444,$m nominal ex GST,calculated_rollup,current_hybrid_formula,current_hybrid_formula,current_revenue_outlook:middle_east_medium__12c_delay_6m:FY2030,,,,,,,source_backed,,gross_ruc_revenue - MBU26 ruc_admin_revenue,False,3408.01677736594,-42.92275479149612,available,Model path,current_finalist_model,current_finalist_model,current_model_forecast,current_finalist_forecast,2029Q3; 2029Q4; 2030Q1; 2030Q2,,2029Q3; 2029Q4; 2030Q1; 2030Q2,False,,False,medium_shifted_6m,delay_6m,1.0
2030,FY2030,Current finalist High population/comparison,Current planned path,middle_east_medium__12c_delay_6m,comparison,total_ruc_net_revenue,Total RUC all classes,RUC,3253.937371565136,$m nominal ex GST,calculated_rollup,current_hybrid_formula,current_hybrid_formula,current_revenue_outlook:middle_east_medium__12c_delay_6m:FY2030,,,,,,,source_backed,PED__DIAGLAB__B__glsar__ylag1__ar1__wexp; dynamic_RESID_GBR_n150_d1_lr0.05_w36; HEAVY_RUC__VNEXT_SOLVED_CONVEX_TOP4,ruc_revenue_net_admin - MBU26 ruc_refunds,False,3296.86012635663,-42.9227547914943,available,Model path,current_finalist_model,current_finalist_model,current_model_forecast,current_finalist_forecast,2029Q3; 2029Q4; 2030Q1; 2030Q2,,2029Q3; 2029Q4; 2030Q1; 2030Q2,False,,False,medium_shifted_6m,delay_6m,1.0
2030,FY2030,Current finalist High population/comparison,Current planned path,middle_east_medium__12c_delay_6m,comparison,gross_ped_revenue,PED revenue,FED,2716.346661608292,$m nominal ex GST,replacement_line,"raw AR(1) PED bridge and conventional-anchor VFM composition, scenario-input population and MBU26 effective rate; population_source=scenario_input_population",forecast_scenario_comparison.parquet; scenario_inputs/scenario_input_wide.parquet; mbu26_official_annual.csv,data/current_revenue_outlook/revenue_chart_rows.csv:middle_east_medium__12c_delay_6m:2029Q3; data/current_revenue_outlook/revenue_chart_rows.csv:middle_east_medium__12c_delay_6m:2029Q4; data/current_revenue_outlook/revenue_chart_rows.csv:middle_east_medium__12c_delay_6m:2030Q1; data/current_revenue_outlook/revenue_chart_rows.csv:middle_east_medium__12c_delay_6m:2030Q2; data/current_revenue_outlook/revenue_chart_rows.csv:middle_east_medium__12c_delay_6m:2029Q3; data/current_revenue_outlook/revenue_chart_rows.csv:middle_east_medium__12c_delay_6m:2029Q4; data/current_revenue_outlook/revenue_chart_rows.csv:middle_east_medium__12c_delay_6m:2030Q1; data/current_revenue_outlook/revenue_chart_rows.csv:middle_east_medium__12c_delay_6m:2030Q2; scenario_inputs/scenario_input_wide.parquet:PED:population (2029Q3; 2029Q4; 2030Q1; 2030Q2); VFM 202405 Base uptake shares; MBU26 rate cells AE5; AE7; AE9,forecast_scenario_comparison.parquet,data/current_revenue_outlook/revenue_chart_rows.csv:middle_east_medium__12c_delay_6m:2029Q3; data/current_revenue_outlook/revenue_chart_rows.csv:middle_east_medium__12c_delay_6m:2029Q4; data/current_revenue_outlook/revenue_chart_rows.csv:middle_east_medium__12c_delay_6m:2030Q1; data/current_revenue_outlook/revenue_chart_rows.csv:middle_east_medium__12c_delay_6m:2030Q2,current_finalist_model,scenario_inputs/scenario_input_wide.parquet,scenario_inputs/scenario_input_wide.parquet:PED:population (2029Q3; 2029Q4; 2030Q1; 2030Q2),scenario_input_population,source_backed,PED__DIAGLAB__B__glsar__ylag1__ar1__wexp,raw PED/light-petrol VKT * MBU26 litres intensity / 100 * MBU26 PED rate,True,2707.91842670497,8.428234903321936,available,Model path,current_finalist_model,current_finalist_model,current_model_forecast,current_finalist_forecast,2029Q3; 2029Q4; 2030Q1; 2030Q2,,2029Q3; 2029Q4; 2030Q1; 2030Q2,False,,False,medium_shifted_6m,delay_6m,1.0
2030,FY2030,Current finalist High population/comparison,Current planned path,middle_east_medium__12c_delay_6m,comparison,gross_lpg_revenue,Gross LPG revenue,FED,43.2447778470936,$m nominal ex GST,leaf,MBU26 official fixed component,annual_spine.csv,AE41,,,,,,,source_backed,,nan,False,43.2447778470936,0.0,available,Model path,current_finalist_model,current_finalist_model,current_model_forecast,current_finalist_forecast,2029Q3; 2029Q4; 2030Q1; 2030Q2,,2029Q3; 2029Q4; 2030Q1; 2030Q2,False,,False,medium_shifted_6m,delay_6m,1.0
2030,FY2030,Current finalist High population/comparison,Current planned path,middle_east_medium__12c_delay_6m,comparison,gross_cng_revenue,Gross CNG revenue,FED,0.0,$m nominal ex GST,leaf,MBU26 official fixed component,annual_spine.csv,AE42,,,,,,,source_backed,,nan,False,0.0,0.0,available,Model path,current_finalist_model,current_finalist_model,current_model_forecast,current_finalist_forecast,2029Q3; 2029Q4; 2030Q1; 2030Q2,,2029Q3; 2029Q4; 2030Q1; 2030Q2,False,,False,medium_shifted_6m,delay_6m,1.0
2030,FY2030,Current finalist High population/comparison,Current planned path,middle_east_medium__12c_delay_6m,comparison,gross_fed_revenue,Gross FED revenue,FED,2759.5914394553856,$m nominal ex GST,calculated_rollup,current_hybrid_formula,current_hybrid_formula,current_revenue_outlook:middle_east_medium__12c_delay_6m:FY2030,,,,,,,source_backed,PED__DIAGLAB__B__glsar__ylag1__ar1__wexp,gross_ped_revenue + MBU26 gross_lpg_revenue + MBU26 gross_cng_revenue,False,2751.16320455207,8.42823490331557,available,Model path,current_finalist_model,current_finalist_model,current_model_forecast,current_finalist_forecast,2029Q3; 2029Q4; 2030Q1; 2030Q2,,2029Q3; 2029Q4; 2030Q1; 2030Q2,False,,False,medium_shifted_6m,delay_6m,1.0
2030,FY2030,Current finalist High population/comparison,Current planned path,middle_east_medium__12c_delay_6m,comparison,fed_refunds,FED refunds,FED,102.477188461442,$m nominal ex GST,deduction,MBU26 official fixed component,annual_spine.csv,AE44,,,,,,,source_backed,,nan,False,102.477188461442,0.0,available,Model path,current_finalist_model,current_finalist_model,current_model_forecast,current_finalist_forecast,2029Q3; 2029Q4; 2030Q1; 2030Q2,,2029Q3; 2029Q4; 2030Q1; 2030Q2,False,,False,medium_shifted_6m,delay_6m,1.0
2030,FY2030,Current finalist High population/comparison,Current planned path,middle_east_medium__12c_delay_6m,comparison,net_fed_revenue,Net FED revenue,FED,2657.1142509939436,$m nominal ex GST,calculated_rollup,current_hybrid_formula,current_hybrid_formula,current_revenue_outlook:middle_east_medium__12c_delay_6m:FY2030,,,,,,,source_backed,PED__DIAGLAB__B__glsar__ylag1__ar1__wexp,gross_fed_revenue - MBU26 fed_refunds,False,2648.68601609063,8.42823490331375,available,Model path,current_finalist_model,current_finalist_model,current_model_forecast,current_finalist_forecast,2029Q3; 2029Q4; 2030Q1; 2030Q2,,2029Q3; 2029Q4; 2030Q1; 2030Q2,False,,False,medium_shifted_6m,delay_6m,1.0
2030,FY2030,Current finalist High population/comparison,Current planned path,middle_east_medium__12c_delay_6m,comparison,mr1_revenue,MR1 revenue,MVR,520.957974139895,$m nominal ex GST,leaf,MBU26 official fixed component,annual_spine.csv,AE48,,,,,,,source_backed,,nan,False,520.957974139895,0.0,available,Model path,current_finalist_model,current_finalist_model,current_model_forecast,current_finalist_forecast,2029Q3; 2029Q4; 2030Q1; 2030Q2,,2029Q3; 2029Q4; 2030Q1; 2030Q2,False,,False,medium_shifted_6m,delay_6m,1.0
2030,FY2030,Current finalist High population/comparison,Current planned path,middle_east_medium__12c_delay_6m,comparison,mr2_revenue,MR2 revenue,MVR,32.0452026276956,$m nominal ex GST,leaf,MBU26 official fixed component,annual_spine.csv,AE49,,,,,,,source_backed,,nan,False,32.0452026276956,0.0,available,Model path,current_finalist_model,current_finalist_model,current_model_forecast,current_finalist_forecast,2029Q3; 2029Q4; 2030Q1; 2030Q2,,2029Q3; 2029Q4; 2030Q1; 2030Q2,False,,False,medium_shifted_6m,delay_6m,1.0
2030,FY2030,Current finalist High population/comparison,Current planned path,middle_east_medium__12c_delay_6m,comparison,coo_revenue,MR13,MVR,0.0,$m nominal ex GST,deduction,MBU26 official fixed component,annual_spine.csv,AE50,,,,,,,source_backed,,nan,False,0.0,0.0,available,Model path,current_finalist_model,current_finalist_model,current_model_forecast,current_finalist_forecast,2029Q3; 2029Q4; 2030Q1; 2030Q2,,2029Q3; 2029Q4; 2030Q1; 2030Q2,False,,False,medium_shifted_6m,delay_6m,1.0
2030,FY2030,Current finalist High population/comparison,Current planned path,middle_east_medium__12c_delay_6m,comparison,gross_mvr_revenue,Gross MVR revenue,MVR,553.0031767675906,$m nominal ex GST,calculated_rollup,MBU26 official formula,mbu26_official_annual.csv,AE51,,,,,,,source_backed,,mr1_revenue + mr2_revenue + coo_revenue,False,553.003176767591,-3.410605131648481e-13,available,Model path,current_finalist_model,current_finalist_model,current_model_forecast,current_finalist_forecast,2029Q3; 2029Q4; 2030Q1; 2030Q2,,2029Q3; 2029Q4; 2030Q1; 2030Q2,False,,False,medium_shifted_6m,delay_6m,1.0
2030,FY2030,Current finalist High population/comparison,Current planned path,middle_east_medium__12c_delay_6m,comparison,mvr_admin_revenue,MVR admin revenue,MVR,71.1689452067262,$m nominal ex GST,deduction,MBU26 official fixed component,annual_spine.csv,AE52,,,,,,,source_backed,,nan,False,71.1689452067262,0.0,available,Model path,current_finalist_model,current_finalist_model,current_model_forecast,current_finalist_forecast,2029Q3; 2029Q4; 2030Q1; 2030Q2,,2029Q3; 2029Q4; 2030Q1; 2030Q2,False,,False,medium_shifted_6m,delay_6m,1.0
2030,FY2030,Current finalist High population/comparison,Current planned path,middle_east_medium__12c_delay_6m,comparison,mvr_revenue_net_admin_coo,MVR revenues net of admin fees and COO,MVR,481.8342315608644,$m nominal ex GST,calculated_rollup,MBU26 official formula,mbu26_official_annual.csv,AE53,,,,,,,source_backed,,mr1_revenue + mr2_revenue - mvr_admin_revenue,False,481.834231560865,-6.252776074688882e-13,available,Model path,current_finalist_model,current_finalist_model,current_model_forecast,current_finalist_forecast,2029Q3; 2029Q4; 2030Q1; 2030Q2,,2029Q3; 2029Q4; 2030Q1; 2030Q2,False,,False,medium_shifted_6m,delay_6m,1.0
2030,FY2030,Current finalist High population/comparison,Current planned path,middle_east_medium__12c_delay_6m,comparison,mvr_refunds,MVR refunds,MVR,1.95051327200492,$m nominal ex GST,deduction,MBU26 official fixed component,annual_spine.csv,AE54,,,,,,,source_backed,,nan,False,1.95051327200492,0.0,available,Model path,current_finalist_model,current_finalist_model,current_model_forecast,current_finalist_forecast,2029Q3; 2029Q4; 2030Q1; 2030Q2,,2029Q3; 2029Q4; 2030Q1; 2030Q2,False,,False,medium_shifted_6m,delay_6m,1.0
2030,FY2030,Current finalist High population/comparison,Current planned path,middle_east_medium__12c_delay_6m,comparison,net_mvr_revenue,Net MVR revenue,MVR,479.8837182888595,$m nominal ex GST,calculated_rollup,MBU26 official formula,mbu26_official_annual.csv,AE55,,,,,,,source_backed,,mvr_revenue_net_admin_coo - mvr_refunds,False,479.88371828886,-5.115907697472721e-13,available,Model path,current_finalist_model,current_finalist_model,current_model_forecast,current_finalist_forecast,2029Q3; 2029Q4; 2030Q1; 2030Q2,,2029Q3; 2029Q4; 2030Q1; 2030Q2,False,,False,medium_shifted_6m,delay_6m,1.0
2030,FY2030,Current finalist High population/comparison,Current planned path,middle_east_medium__12c_delay_6m,comparison,tuc_net_revenue,TUC net revenue,TUC,17.5578996928248,$m nominal ex GST,leaf,MBU26 official fixed component,annual_spine.csv,AE58,,,,,,,source_backed,,nan,False,17.5578996928248,0.0,available,Model path,current_finalist_model,current_finalist_model,current_model_forecast,current_finalist_forecast,2029Q3; 2029Q4; 2030Q1; 2030Q2,,2029Q3; 2029Q4; 2030Q1; 2030Q2,False,,False,medium_shifted_6m,delay_6m,1.0
2030,FY2030,Current finalist High population/comparison,Current planned path,middle_east_medium__12c_delay_6m,comparison,total_gross_revenue,Total gross revenues,Totals,6737.798895399114,$m nominal ex GST,calculated_rollup,current_hybrid_formula,current_hybrid_formula,current_revenue_outlook:middle_east_medium__12c_delay_6m:FY2030,,,,,,,source_backed,,gross_ruc_revenue + gross_fed_revenue + gross_mvr_revenue + tuc_net_revenue,False,6772.29341528729,-34.494519888176,available,Model path,current_finalist_model,current_finalist_model,current_model_forecast,current_finalist_forecast,2029Q3; 2029Q4; 2030Q1; 2030Q2,,2029Q3; 2029Q4; 2030Q1; 2030Q2,False,,False,medium_shifted_6m,delay_6m,1.0
2030,FY2030,Current finalist High population/comparison,Current planned path,middle_east_medium__12c_delay_6m,comparison,total_admin_fees,Total admin fees,Totals,113.72130211559511,$m nominal ex GST,calculated_rollup,current_hybrid_formula,current_hybrid_formula,current_revenue_outlook:middle_east_medium__12c_delay_6m:FY2030,,,,,,,source_backed,,ruc_admin_revenue + mvr_admin_revenue + coo_revenue,False,113.721302115595,1.1368683772161603e-13,available,Model path,current_finalist_model,current_finalist_model,current_model_forecast,current_finalist_forecast,2029Q3; 2029Q4; 2030Q1; 2030Q2,,2029Q3; 2029Q4; 2030Q1; 2030Q2,False,,False,medium_shifted_6m,delay_6m,1.0
2030,FY2030,Current finalist High population/comparison,Current planned path,middle_east_medium__12c_delay_6m,comparison,total_revenue_net_admin,Total revenues net of admin fees,Totals,6624.0775932835195,$m nominal ex GST,calculated_rollup,current_hybrid_formula,current_hybrid_formula,current_revenue_outlook:middle_east_medium__12c_delay_6m:FY2030,,,,,,,source_backed,,total_gross_revenue - total_admin_fees,False,6658.5721131717,-34.49451988818055,available,Model path,current_finalist_model,current_finalist_model,current_model_forecast,current_finalist_forecast,2029Q3; 2029Q4; 2030Q1; 2030Q2,,2029Q3; 2029Q4; 2030Q1; 2030Q2,False,,False,medium_shifted_6m,delay_6m,1.0
2030,FY2030,Current finalist High population/comparison,Current planned path,middle_east_medium__12c_delay_6m,comparison,total_refunds,Total refunds,Totals,215.58435274275493,$m nominal ex GST,calculated_rollup,current_hybrid_formula,current_hybrid_formula,current_revenue_outlook:middle_east_medium__12c_delay_6m:FY2030,,,,,,,source_backed,,ruc_refunds + fed_refunds + mvr_refunds,False,215.584352742755,-8.526512829121202e-14,available,Model path,current_finalist_model,current_finalist_model,current_model_forecast,current_finalist_forecast,2029Q3; 2029Q4; 2030Q1; 2030Q2,,2029Q3; 2029Q4; 2030Q1; 2030Q2,False,,False,medium_shifted_6m,delay_6m,1.0
2030,FY2030,Current finalist High population/comparison,Current planned path,middle_east_medium__12c_delay_6m,comparison,total_nltf_net_revenue,Total NLTF revenue,Totals,6408.493240540764,$m nominal ex GST,calculated_rollup,current_hybrid_formula,current_hybrid_formula,current_revenue_outlook:middle_east_medium__12c_delay_6m:FY2030,,,,,,,source_backed,PED__DIAGLAB__B__glsar__ylag1__ar1__wexp; dynamic_RESID_GBR_n150_d1_lr0.05_w36; HEAVY_RUC__VNEXT_SOLVED_CONVEX_TOP4,total_revenue_net_admin - total_refunds,False,6442.98776042894,-34.494519888176,available,Model path,current_finalist_model,current_finalist_model,current_model_forecast,current_finalist_forecast,2029Q3; 2029Q4; 2030Q1; 2030Q2,,2029Q3; 2029Q4; 2030Q1; 2030Q2,False,,False,medium_shifted_6m,delay_6m,1.0
2030,FY2030,Current finalist High population/comparison,Current planned path,middle_east_medium__12c_delay_6m,comparison,current_light_ruc_conventional_modelled_km,Current finalist Light RUC conventional modelled km,Key volumes,14552.971035061613,million km,audit_only,current_finalist_model_conventional_light_ruc_forecast,forecast_scenario_comparison.parquet,data/current_revenue_outlook/revenue_chart_rows.csv:middle_east_medium__12c_delay_6m:2029Q3; data/current_revenue_outlook/revenue_chart_rows.csv:middle_east_medium__12c_delay_6m:2029Q4; data/current_revenue_outlook/revenue_chart_rows.csv:middle_east_medium__12c_delay_6m:2030Q1; data/current_revenue_outlook/revenue_chart_rows.csv:middle_east_medium__12c_delay_6m:2030Q2,,,,,,,source_backed,dynamic_RESID_GBR_n150_d1_lr0.05_w36,sum quarterly current finalist Light RUC conventional model forecast,False,,,available,Model path,current_finalist_model,current_finalist_model,current_model_forecast,current_finalist_forecast,2029Q3; 2029Q4; 2030Q1; 2030Q2,,2029Q3; 2029Q4; 2030Q1; 2030Q2,False,diesel_elasticity_to_conventional_ice_only; bev_phev_activity_fixed_to_base,True,medium_shifted_6m,delay_6m,1.0
2030,FY2030,Current finalist High population/comparison,Current planned path,middle_east_medium__12c_delay_6m,comparison,total_fed_ruc_net_revenue,Total RUC+PED revenue,Derived totals,5911.05162255908,$m nominal ex GST,calculated_rollup,current_hybrid_formula,current_hybrid_formula,current_revenue_outlook:middle_east_medium__12c_delay_6m:FY2030,,,,,,,source_backed,PED__DIAGLAB__B__glsar__ylag1__ar1__wexp; dynamic_RESID_GBR_n150_d1_lr0.05_w36; HEAVY_RUC__VNEXT_SOLVED_CONVEX_TOP4,net_fed_revenue + total_ruc_net_revenue,False,5945.54614244726,-34.49451988817964,available,Model path,current_finalist_model,current_finalist_model,current_model_forecast,current_finalist_forecast,2029Q3; 2029Q4; 2030Q1; 2030Q2,,2029Q3; 2029Q4; 2030Q1; 2030Q2,False,,False,medium_shifted_6m,delay_6m,1.0
2025,FY2025,Current finalist High population/comparison,Current planned path,middle_east_high__12c_delay_6m,comparison,light_ruc_net_km,Light RUC net km,Key volumes,12273.983872,million km,bridge_input,MBU26 actual anchor,annual_spine.csv,Z5,,,,,,,ACTUAL,dynamic_RESID_GBR_n150_d1_lr0.05_w36,,False,12273.983872,0.0,available,Model path,current_finalist_model,current_finalist_model,current_model_forecast,Actual anchor,2024Q3; 2024Q4; 2025Q1; 2025Q2,2024Q3; 2024Q4; 2025Q1; 2025Q2,,False,diesel_elasticity_to_conventional_ice_only; bev_phev_activity_fixed_to_base,True,high_shifted_6m,delay_6m,1.0
2025,FY2025,Current finalist High population/comparison,Current planned path,middle_east_high__12c_delay_6m,comparison,heavy_ruc_net_km,Heavy RUC net km,Key volumes,3981.873439,million km,bridge_input,MBU26 actual anchor,annual_spine.csv,Z6,,,,,,,ACTUAL,HEAVY_RUC__VNEXT_SOLVED_CONVEX_TOP4,,False,3981.873439,0.0,available,Model path,current_finalist_model,current_finalist_model,current_model_forecast,Actual anchor,2024Q3; 2024Q4; 2025Q1; 2025Q2,2024Q3; 2024Q4; 2025Q1; 2025Q2,,False,,False,high_shifted_6m,delay_6m,1.0
2025,FY2025,Current finalist High population/comparison,Current planned path,middle_east_high__12c_delay_6m,comparison,light_bev_ruc_net_km,Light BEV RUC net km,Key volumes,820.641429,million km,bridge_input,MBU26 actual anchor,annual_spine.csv,Z7,,,,,,,ACTUAL,PED__DIAGLAB__B__glsar__ylag1__ar1__wexp; dynamic_RESID_GBR_n150_d1_lr0.05_w36; HEAVY_RUC__VNEXT_SOLVED_CONVEX_TOP4,,False,820.641429,0.0,available,Model path,current_finalist_model,current_finalist_model,current_model_forecast,Actual anchor,2024Q3; 2024Q4; 2025Q1; 2025Q2,2024Q3; 2024Q4; 2025Q1; 2025Q2,,False,diesel_elasticity_to_conventional_ice_only; bev_phev_activity_fixed_to_base,True,high_shifted_6m,delay_6m,1.0
2025,FY2025,Current finalist High population/comparison,Current planned path,middle_east_high__12c_delay_6m,comparison,heavy_bev_ruc_net_km,Heavy BEV RUC net km,Key volumes,0.0,million km,bridge_input,MBU26 actual anchor,annual_spine.csv,Z8,,,,,,,ACTUAL,,,False,0.0,0.0,available,Model path,current_finalist_model,current_finalist_model,current_model_forecast,Actual anchor,2024Q3; 2024Q4; 2025Q1; 2025Q2,2024Q3; 2024Q4; 2025Q1; 2025Q2,,False,diesel_elasticity_to_conventional_ice_only; bev_phev_activity_fixed_to_base,True,high_shifted_6m,delay_6m,1.0
2025,FY2025,Current finalist High population/comparison,Current planned path,middle_east_high__12c_delay_6m,comparison,phev_ruc_net_km,PHEV RUC net km,Key volumes,435.117435,million km,bridge_input,MBU26 actual anchor,annual_spine.csv,Z9,,,,,,,ACTUAL,PED__DIAGLAB__B__glsar__ylag1__ar1__wexp; dynamic_RESID_GBR_n150_d1_lr0.05_w36; HEAVY_RUC__VNEXT_SOLVED_CONVEX_TOP4,,False,435.117435,0.0,available,Model path,current_finalist_model,current_finalist_model,current_model_forecast,Actual anchor,2024Q3; 2024Q4; 2025Q1; 2025Q2,2024Q3; 2024Q4; 2025Q1; 2025Q2,,False,diesel_elasticity_to_conventional_ice_only; bev_phev_activity_fixed_to_base,True,high_shifted_6m,delay_6m,1.0
2025,FY2025,Current finalist High population/comparison,Current planned path,middle_east_high__12c_delay_6m,comparison,ped_volume,PED volume,Key volumes,2894.27382723066,million litres,bridge_input,MBU26 actual anchor,annual_spine.csv,Z10,forecast_scenario_comparison.parquet,data/current_revenue_outlook/revenue_chart_rows.csv:historical_actual:2024Q3; data/current_revenue_outlook/revenue_chart_rows.csv:historical_actual:2024Q4; data/current_revenue_outlook/revenue_chart_rows.csv:historical_actual:2025Q1; data/current_revenue_outlook/revenue_chart_rows.csv:historical_actual:2025Q2,current_finalist_model,scenario_inputs/scenario_input_wide.parquet,scenario_inputs/scenario_input_wide.parquet:PED:population (none); mbu26_official_annual.csv:population_proxy (2024Q3; 2024Q4; 2025Q1; 2025Q2),scenario_input_population_with_mbu_population_proxy_for_missing_quarters,ACTUAL,PED__DIAGLAB__B__glsar__ylag1__ar1__wexp,,False,2894.27382723066,0.0,available,Model path,current_finalist_model,current_finalist_model,current_model_forecast,Actual anchor,2024Q3; 2024Q4; 2025Q1; 2025Q2,2024Q3; 2024Q4; 2025Q1; 2025Q2,,False,,False,high_shifted_6m,delay_6m,1.0
2025,FY2025,Current finalist High population/comparison,Current planned path,middle_east_high__12c_delay_6m,comparison,light_petrol_vkt,Light petrol VKT,Key volumes,31704.7370711529,million km,bridge_input,MBU26 actual anchor,annual_spine.csv,Z11,forecast_scenario_comparison.parquet,data/current_revenue_outlook/revenue_chart_rows.csv:historical_actual:2024Q3; data/current_revenue_outlook/revenue_chart_rows.csv:historical_actual:2024Q4; data/current_revenue_outlook/revenue_chart_rows.csv:historical_actual:2025Q1; data/current_revenue_outlook/revenue_chart_rows.csv:historical_actual:2025Q2,current_finalist_model,scenario_inputs/scenario_input_wide.parquet,scenario_inputs/scenario_input_wide.parquet:PED:population (none); mbu26_official_annual.csv:population_proxy (2024Q3; 2024Q4; 2025Q1; 2025Q2),scenario_input_population_with_mbu_population_proxy_for_missing_quarters,ACTUAL,,,False,31704.7370711529,0.0,available,Model path,current_finalist_model,current_finalist_model,current_model_forecast,Actual anchor,2024Q3; 2024Q4; 2025Q1; 2025Q2,2024Q3; 2024Q4; 2025Q1; 2025Q2,,False,,False,high_shifted_6m,delay_6m,1.0
2025,FY2025,Current finalist High population/comparison,Current planned path,middle_east_high__12c_delay_6m,comparison,ped_vkt_per_capita,PED VKT per capita,Key volumes,5973.0514101063,km/person,bridge_input,MBU26 actual anchor,annual_spine.csv,Z12,forecast_scenario_comparison.parquet,data/current_revenue_outlook/revenue_chart_rows.csv:historical_actual:2024Q3; data/current_revenue_outlook/revenue_chart_rows.csv:historical_actual:2024Q4; data/current_revenue_outlook/revenue_chart_rows.csv:historical_actual:2025Q1; data/current_revenue_outlook/revenue_chart_rows.csv:historical_actual:2025Q2,current_finalist_model,,,,ACTUAL,PED__DIAGLAB__B__glsar__ylag1__ar1__wexp,,False,5973.0514101063,0.0,available,Model path,current_finalist_model,current_finalist_model,current_model_forecast,Actual anchor,2024Q3; 2024Q4; 2025Q1; 2025Q2,2024Q3; 2024Q4; 2025Q1; 2025Q2,,False,,False,high_shifted_6m,delay_6m,1.0
2025,FY2025,Current finalist High population/comparison,Current planned path,middle_east_high__12c_delay_6m,comparison,tuc_gtk,TUC GTK,Key volumes,8016352797.0,tonne-km,bridge_input,MBU26 actual anchor,annual_spine.csv,Z13,,,,,,,ACTUAL,,,False,8016352797.0,0.0,available,Model path,current_finalist_model,current_finalist_model,current_model_forecast,Actual anchor,2024Q3; 2024Q4; 2025Q1; 2025Q2,2024Q3; 2024Q4; 2025Q1; 2025Q2,,False,,False,high_shifted_6m,delay_6m,1.0
2025,FY2025,Current finalist High population/comparison,Current planned path,middle_east_high__12c_delay_6m,comparison,light_ruc_net_revenue,Light RUC revenue,RUC,830.9744532173909,$m nominal ex GST,replacement_line,MBU26 actual anchor,annual_spine.csv,Z28,,,,,,,ACTUAL,dynamic_RESID_GBR_n150_d1_lr0.05_w36,,True,830.974453217391,0.0,available,Model path,current_finalist_model,current_finalist_model,current_model_forecast,Actual anchor,2024Q3; 2024Q4; 2025Q1; 2025Q2,2024Q3; 2024Q4; 2025Q1; 2025Q2,,False,diesel_elasticity_to_conventional_ice_only; bev_phev_activity_fixed_to_base,True,high_shifted_6m,delay_6m,1.0
2025,FY2025,Current finalist High population/comparison,Current planned path,middle_east_high__12c_delay_6m,comparison,heavy_ruc_net_revenue,Heavy RUC revenue,RUC,1109.95026251304,$m nominal ex GST,replacement_line,MBU26 actual anchor,annual_spine.csv,Z29,,,,,,,ACTUAL,HEAVY_RUC__VNEXT_SOLVED_CONVEX_TOP4,,True,1109.95026251304,0.0,available,Model path,current_finalist_model,current_finalist_model,current_model_forecast,Actual anchor,2024Q3; 2024Q4; 2025Q1; 2025Q2,2024Q3; 2024Q4; 2025Q1; 2025Q2,,False,,False,high_shifted_6m,delay_6m,1.0
2025,FY2025,Current finalist High population/comparison,Current planned path,middle_east_high__12c_delay_6m,comparison,light_bev_ruc_net_revenue,Light BEV RUC net revenue,RUC,55.4022559304348,$m nominal ex GST,replacement_line,MBU26 actual anchor,annual_spine.csv,Z30,,,,,,,ACTUAL,PED__DIAGLAB__B__glsar__ylag1__ar1__wexp; dynamic_RESID_GBR_n150_d1_lr0.05_w36; HEAVY_RUC__VNEXT_SOLVED_CONVEX_TOP4,,True,55.4022559304348,0.0,available,Model path,current_finalist_model,current_finalist_model,current_model_forecast,Actual anchor,2024Q3; 2024Q4; 2025Q1; 2025Q2,2024Q3; 2024Q4; 2025Q1; 2025Q2,,False,diesel_elasticity_to_conventional_ice_only; bev_phev_activity_fixed_to_base,True,high_shifted_6m,delay_6m,1.0
2025,FY2025,Current finalist High population/comparison,Current planned path,middle_east_high__12c_delay_6m,comparison,heavy_bev_ruc_net_revenue,Heavy BEV RUC net revenue,RUC,0.0,$m nominal ex GST,leaf,MBU26 actual anchor,annual_spine.csv,Z31,,,,,,,ACTUAL,,,False,0.0,0.0,available,Model path,current_finalist_model,current_finalist_model,current_model_forecast,Actual anchor,2024Q3; 2024Q4; 2025Q1; 2025Q2,2024Q3; 2024Q4; 2025Q1; 2025Q2,,False,diesel_elasticity_to_conventional_ice_only; bev_phev_activity_fixed_to_base,True,high_shifted_6m,delay_6m,1.0
2025,FY2025,Current finalist High population/comparison,Current planned path,middle_east_high__12c_delay_6m,comparison,phev_ruc_net_revenue,PHEV RUC net revenue,RUC,15.1075641391304,$m nominal ex GST,replacement_line,MBU26 actual anchor,annual_spine.csv,Z32,,,,,,,ACTUAL,PED__DIAGLAB__B__glsar__ylag1__ar1__wexp; dynamic_RESID_GBR_n150_d1_lr0.05_w36; HEAVY_RUC__VNEXT_SOLVED_CONVEX_TOP4,,True,15.1075641391304,0.0,available,Model path,current_finalist_model,current_finalist_model,current_model_forecast,Actual anchor,2024Q3; 2024Q4; 2025Q1; 2025Q2,2024Q3; 2024Q4; 2025Q1; 2025Q2,,False,diesel_elasticity_to_conventional_ice_only; bev_phev_activity_fixed_to_base,True,high_shifted_6m,delay_6m,1.0
2025,FY2025,Current finalist High population/comparison,Current planned path,middle_east_high__12c_delay_6m,comparison,ruc_refunds,RUC refunds,RUC,62.55622679,$m nominal ex GST,deduction,MBU26 actual anchor,annual_spine.csv,Z33,,,,,,,ACTUAL,,,False,62.55622679,0.0,available,Model path,current_finalist_model,current_finalist_model,current_model_forecast,Actual anchor,2024Q3; 2024Q4; 2025Q1; 2025Q2,2024Q3; 2024Q4; 2025Q1; 2025Q2,,False,,False,high_shifted_6m,delay_6m,1.0
2025,FY2025,Current finalist High population/comparison,Current planned path,middle_east_high__12c_delay_6m,comparison,gross_ruc_revenue,Gross RUC revenue,RUC,2073.990762589996,$m nominal ex GST,calculated_rollup,MBU26 actual anchor,annual_spine.csv,Z34,,,,,,,ACTUAL,,light_ruc_net_revenue + heavy_ruc_net_revenue + light_bev_ruc_net_revenue + heavy_bev_ruc_net_revenue + phev_ruc_net_revenue + ruc_refunds,False,2073.99076259,0.0,available,Model path,current_finalist_model,current_finalist_model,current_model_forecast,Actual anchor,2024Q3; 2024Q4; 2025Q1; 2025Q2,2024Q3; 2024Q4; 2025Q1; 2025Q2,,False,,False,high_shifted_6m,delay_6m,1.0
2025,FY2025,Current finalist High population/comparison,Current planned path,middle_east_high__12c_delay_6m,comparison,ruc_admin_revenue,RUC admin revenue,RUC,32.2658680521739,$m nominal ex GST,deduction,MBU26 actual anchor,annual_spine.csv,Z35,,,,,,,ACTUAL,,,False,32.2658680521739,0.0,available,Model path,current_finalist_model,current_finalist_model,current_model_forecast,Actual anchor,2024Q3; 2024Q4; 2025Q1; 2025Q2,2024Q3; 2024Q4; 2025Q1; 2025Q2,,False,,False,high_shifted_6m,delay_6m,1.0
2025,FY2025,Current finalist High population/comparison,Current planned path,middle_east_high__12c_delay_6m,comparison,ruc_revenue_net_admin,RUC revenues net of admin fees,RUC,2041.7248945378221,$m nominal ex GST,calculated_rollup,MBU26 actual anchor,annual_spine.csv,Z36,,,,,,,ACTUAL,,gross_ruc_revenue - ruc_admin_revenue,False,2041.72489453783,0.0,available,Model path,current_finalist_model,current_finalist_model,current_model_forecast,Actual anchor,2024Q3; 2024Q4; 2025Q1; 2025Q2,2024Q3; 2024Q4; 2025Q1; 2025Q2,,False,,False,high_shifted_6m,delay_6m,1.0
2025,FY2025,Current finalist High population/comparison,Current planned path,middle_east_high__12c_delay_6m,comparison,total_ruc_net_revenue,Total RUC all classes,RUC,1979.1686677478222,$m nominal ex GST,calculated_rollup,MBU26 actual anchor,annual_spine.csv,Z37,,,,,,,ACTUAL,PED__DIAGLAB__B__glsar__ylag1__ar1__wexp; dynamic_RESID_GBR_n150_d1_lr0.05_w36; HEAVY_RUC__VNEXT_SOLVED_CONVEX_TOP4,ruc_revenue_net_admin - ruc_refunds,False,1979.16866774783,0.0,available,Model path,current_finalist_model,current_finalist_model,current_model_forecast,Actual anchor,2024Q3; 2024Q4; 2025Q1; 2025Q2,2024Q3; 2024Q4; 2025Q1; 2025Q2,,False,,False,high_shifted_6m,delay_6m,1.0
2025,FY2025,Current finalist High population/comparison,Current planned path,middle_east_high__12c_delay_6m,comparison,gross_ped_revenue,PED revenue,FED,2026.68630478,$m nominal ex GST,replacement_line,MBU26 actual anchor,annual_spine.csv,Z40,forecast_scenario_comparison.parquet,data/current_revenue_outlook/revenue_chart_rows.csv:historical_actual:2024Q3; data/current_revenue_outlook/revenue_chart_rows.csv:historical_actual:2024Q4; data/current_revenue_outlook/revenue_chart_rows.csv:historical_actual:2025Q1; data/current_revenue_outlook/revenue_chart_rows.csv:historical_actual:2025Q2,current_finalist_model,scenario_inputs/scenario_input_wide.parquet,scenario_inputs/scenario_input_wide.parquet:PED:population (none); mbu26_official_annual.csv:population_proxy (2024Q3; 2024Q4; 2025Q1; 2025Q2),scenario_input_population_with_mbu_population_proxy_for_missing_quarters,ACTUAL,PED__DIAGLAB__B__glsar__ylag1__ar1__wexp,,True,2026.68630478,0.0,available,Model path,current_finalist_model,current_finalist_model,current_model_forecast,Actual anchor,2024Q3; 2024Q4; 2025Q1; 2025Q2,2024Q3; 2024Q4; 2025Q1; 2025Q2,,False,,False,high_shifted_6m,delay_6m,1.0
2025,FY2025,Current finalist High population/comparison,Current planned path,middle_east_high__12c_delay_6m,comparison,gross_lpg_revenue,Gross LPG revenue,FED,40.94161913,$m nominal ex GST,leaf,MBU26 actual anchor,annual_spine.csv,Z41,,,,,,,ACTUAL,,,False,40.94161913,0.0,available,Model path,current_finalist_model,current_finalist_model,current_model_forecast,Actual anchor,2024Q3; 2024Q4; 2025Q1; 2025Q2,2024Q3; 2024Q4; 2025Q1; 2025Q2,,False,,False,high_shifted_6m,delay_6m,1.0
2025,FY2025,Current finalist High population/comparison,Current planned path,middle_east_high__12c_delay_6m,comparison,gross_cng_revenue,Gross CNG revenue,FED,0.0,$m nominal ex GST,leaf,MBU26 actual anchor,annual_spine.csv,Z42,,,,,,,ACTUAL,,,False,0.0,0.0,available,Model path,current_finalist_model,current_finalist_model,current_model_forecast,Actual anchor,2024Q3; 2024Q4; 2025Q1; 2025Q2,2024Q3; 2024Q4; 2025Q1; 2025Q2,,False,,False,high_shifted_6m,delay_6m,1.0
2025,FY2025,Current finalist High population/comparison,Current planned path,middle_east_high__12c_delay_6m,comparison,gross_fed_revenue,Gross FED revenue,FED,2067.62792391,$m nominal ex GST,calculated_rollup,MBU26 actual anchor,annual_spine.csv,Z43,,,,,,,ACTUAL,PED__DIAGLAB__B__glsar__ylag1__ar1__wexp,gross_ped_revenue + gross_lpg_revenue + gross_cng_revenue,False,2067.62792391,0.0,available,Model path,current_finalist_model,current_finalist_model,current_model_forecast,Actual anchor,2024Q3; 2024Q4; 2025Q1; 2025Q2,2024Q3; 2024Q4; 2025Q1; 2025Q2,,False,,False,high_shifted_6m,delay_6m,1.0
2025,FY2025,Current finalist High population/comparison,Current planned path,middle_east_high__12c_delay_6m,comparison,fed_refunds,FED refunds,FED,69.90077731,$m nominal ex GST,deduction,MBU26 actual anchor,annual_spine.csv,Z44,,,,,,,ACTUAL,,,False,69.90077731,0.0,available,Model path,current_finalist_model,current_finalist_model,current_model_forecast,Actual anchor,2024Q3; 2024Q4; 2025Q1; 2025Q2,2024Q3; 2024Q4; 2025Q1; 2025Q2,,False,,False,high_shifted_6m,delay_6m,1.0
2025,FY2025,Current finalist High population/comparison,Current planned path,middle_east_high__12c_delay_6m,comparison,net_fed_revenue,Net FED revenue,FED,1997.7271466,$m nominal ex GST,calculated_rollup,MBU26 actual anchor,annual_spine.csv,Z45,,,,,,,ACTUAL,PED__DIAGLAB__B__glsar__ylag1__ar1__wexp,gross_fed_revenue - fed_refunds,False,1997.7271466,0.0,available,Model path,current_finalist_model,current_finalist_model,current_model_forecast,Actual anchor,2024Q3; 2024Q4; 2025Q1; 2025Q2,2024Q3; 2024Q4; 2025Q1; 2025Q2,,False,,False,high_shifted_6m,delay_6m,1.0
2025,FY2025,Current finalist High population/comparison,Current planned path,middle_east_high__12c_delay_6m,comparison,mr1_revenue,MR1 revenue,MVR,329.940070075217,$m nominal ex GST,leaf,MBU26 actual anchor,annual_spine.csv,Z48,,,,,,,ACTUAL,,,False,329.940070075217,0.0,available,Model path,current_finalist_model,current_finalist_model,current_model_forecast,Actual anchor,2024Q3; 2024Q4; 2025Q1; 2025Q2,2024Q3; 2024Q4; 2025Q1; 2025Q2,,False,,False,high_shifted_6m,delay_6m,1.0
2025,FY2025,Current finalist High population/comparison,Current planned path,middle_east_high__12c_delay_6m,comparison,mr2_revenue,MR2 revenue,MVR,29.65313102,$m nominal ex GST,leaf,MBU26 actual anchor,annual_spine.csv,Z49,,,,,,,ACTUAL,,,False,29.65313102,0.0,available,Model path,current_finalist_model,current_finalist_model,current_model_forecast,Actual anchor,2024Q3; 2024Q4; 2025Q1; 2025Q2,2024Q3; 2024Q4; 2025Q1; 2025Q2,,False,,False,high_shifted_6m,delay_6m,1.0
2025,FY2025,Current finalist High population/comparison,Current planned path,middle_east_high__12c_delay_6m,comparison,coo_revenue,MR13,MVR,-9.64521739130434e-05,$m nominal ex GST,deduction,MBU26 actual anchor,annual_spine.csv,Z50,,,,,,,ACTUAL,,,False,-9.64521739130434e-05,0.0,available,Model path,current_finalist_model,current_finalist_model,current_model_forecast,Actual anchor,2024Q3; 2024Q4; 2025Q1; 2025Q2,2024Q3; 2024Q4; 2025Q1; 2025Q2,,False,,False,high_shifted_6m,delay_6m,1.0
2025,FY2025,Current finalist High population/comparison,Current planned path,middle_east_high__12c_delay_6m,comparison,gross_mvr_revenue,Gross MVR revenue,MVR,359.5931046430431,$m nominal ex GST,calculated_rollup,MBU26 actual anchor,annual_spine.csv,Z51,,,,,,,ACTUAL,,mr1_revenue + mr2_revenue + coo_revenue,False,359.593104643043,0.0,available,Model path,current_finalist_model,current_finalist_model,current_model_forecast,Actual anchor,2024Q3; 2024Q4; 2025Q1; 2025Q2,2024Q3; 2024Q4; 2025Q1; 2025Q2,,False,,False,high_shifted_6m,delay_6m,1.0
2025,FY2025,Current finalist High population/comparison,Current planned path,middle_east_high__12c_delay_6m,comparison,mvr_admin_revenue,MVR admin revenue,MVR,71.7641373652173,$m nominal ex GST,deduction,MBU26 actual anchor,annual_spine.csv,Z52,,,,,,,ACTUAL,,,False,71.7641373652173,0.0,available,Model path,current_finalist_model,current_finalist_model,current_model_forecast,Actual anchor,2024Q3; 2024Q4; 2025Q1; 2025Q2,2024Q3; 2024Q4; 2025Q1; 2025Q2,,False,,False,high_shifted_6m,delay_6m,1.0
2025,FY2025,Current finalist High population/comparison,Current planned path,middle_east_high__12c_delay_6m,comparison,mvr_revenue_net_admin_coo,MVR revenues net of admin fees and COO,MVR,287.82906372999975,$m nominal ex GST,calculated_rollup,MBU26 actual anchor,annual_spine.csv,Z53,,,,,,,ACTUAL,,mr1_revenue + mr2_revenue - mvr_admin_revenue,False,287.82906373,0.0,available,Model path,current_finalist_model,current_finalist_model,current_model_forecast,Actual anchor,2024Q3; 2024Q4; 2025Q1; 2025Q2,2024Q3; 2024Q4; 2025Q1; 2025Q2,,False,,False,high_shifted_6m,delay_6m,1.0
2025,FY2025,Current finalist High population/comparison,Current planned path,middle_east_high__12c_delay_6m,comparison,mvr_refunds,MVR refunds,MVR,1.03557262,$m nominal ex GST,deduction,MBU26 actual anchor,annual_spine.csv,Z54,,,,,,,ACTUAL,,,False,1.03557262,0.0,available,Model path,current_finalist_model,current_finalist_model,current_model_forecast,Actual anchor,2024Q3; 2024Q4; 2025Q1; 2025Q2,2024Q3; 2024Q4; 2025Q1; 2025Q2,,False,,False,high_shifted_6m,delay_6m,1.0
2025,FY2025,Current finalist High population/comparison,Current planned path,middle_east_high__12c_delay_6m,comparison,net_mvr_revenue,Net MVR revenue,MVR,286.79349110999976,$m nominal ex GST,calculated_rollup,MBU26 actual anchor,annual_spine.csv,Z55,,,,,,,ACTUAL,,mvr_revenue_net_admin_coo - mvr_refunds,False,286.79349111,0.0,available,Model path,current_finalist_model,current_finalist_model,current_model_forecast,Actual anchor,2024Q3; 2024Q4; 2025Q1; 2025Q2,2024Q3; 2024Q4; 2025Q1; 2025Q2,,False,,False,high_shifted_6m,delay_6m,1.0
2025,FY2025,Current finalist High population/comparison,Current planned path,middle_east_high__12c_delay_6m,comparison,tuc_net_revenue,TUC net revenue,TUC,17.09481038,$m nominal ex GST,leaf,MBU26 actual anchor,annual_spine.csv,Z58,,,,,,,ACTUAL,,,False,17.09481038,0.0,available,Model path,current_finalist_model,current_finalist_model,current_model_forecast,Actual anchor,2024Q3; 2024Q4; 2025Q1; 2025Q2,2024Q3; 2024Q4; 2025Q1; 2025Q2,,False,,False,high_shifted_6m,delay_6m,1.0
2025,FY2025,Current finalist High population/comparison,Current planned path,middle_east_high__12c_delay_6m,comparison,total_gross_revenue,Total gross revenues,Totals,4518.306601523039,$m nominal ex GST,calculated_rollup,MBU26 actual anchor,annual_spine.csv,Z61,,,,,,,ACTUAL,,gross_ruc_revenue + gross_fed_revenue + gross_mvr_revenue + tuc_net_revenue,False,4518.30660152304,0.0,available,Model path,current_finalist_model,current_finalist_model,current_model_forecast,Actual anchor,2024Q3; 2024Q4; 2025Q1; 2025Q2,2024Q3; 2024Q4; 2025Q1; 2025Q2,,False,,False,high_shifted_6m,delay_6m,1.0
2025,FY2025,Current finalist High population/comparison,Current planned path,middle_east_high__12c_delay_6m,comparison,total_admin_fees,Total admin fees,Totals,104.02990896521729,$m nominal ex GST,calculated_rollup,MBU26 actual anchor,annual_spine.csv,Z62,,,,,,,ACTUAL,,ruc_admin_revenue + mvr_admin_revenue + coo_revenue,False,104.029908965217,0.0,available,Model path,current_finalist_model,current_finalist_model,current_model_forecast,Actual anchor,2024Q3; 2024Q4; 2025Q1; 2025Q2,2024Q3; 2024Q4; 2025Q1; 2025Q2,,False,,False,high_shifted_6m,delay_6m,1.0
2025,FY2025,Current finalist High population/comparison,Current planned path,middle_east_high__12c_delay_6m,comparison,total_revenue_net_admin,Total revenues net of admin fees,Totals,4414.276692557822,$m nominal ex GST,calculated_rollup,MBU26 actual anchor,annual_spine.csv,Z63,,,,,,,ACTUAL,,total_gross_revenue - total_admin_fees,False,4414.27669255783,0.0,available,Model path,current_finalist_model,current_finalist_model,current_model_forecast,Actual anchor,2024Q3; 2024Q4; 2025Q1; 2025Q2,2024Q3; 2024Q4; 2025Q1; 2025Q2,,False,,False,high_shifted_6m,delay_6m,1.0
2025,FY2025,Current finalist High population/comparison,Current planned path,middle_east_high__12c_delay_6m,comparison,total_refunds,Total refunds,Totals,133.49257672,$m nominal ex GST,calculated_rollup,MBU26 actual anchor,annual_spine.csv,Z64,,,,,,,ACTUAL,,ruc_refunds + fed_refunds + mvr_refunds,False,133.49257672,0.0,available,Model path,current_finalist_model,current_finalist_model,current_model_forecast,Actual anchor,2024Q3; 2024Q4; 2025Q1; 2025Q2,2024Q3; 2024Q4; 2025Q1; 2025Q2,,False,,False,high_shifted_6m,delay_6m,1.0
2025,FY2025,Current finalist High population/comparison,Current planned path,middle_east_high__12c_delay_6m,comparison,total_nltf_net_revenue,Total NLTF revenue,Totals,4280.784115837821,$m nominal ex GST,calculated_rollup,MBU26 actual anchor,annual_spine.csv,Z65,,,,,,,ACTUAL,PED__DIAGLAB__B__glsar__ylag1__ar1__wexp; dynamic_RESID_GBR_n150_d1_lr0.05_w36; HEAVY_RUC__VNEXT_SOLVED_CONVEX_TOP4,total_revenue_net_admin - total_refunds,False,4280.78411583783,0.0,available,Model path,current_finalist_model,current_finalist_model,current_model_forecast,Actual anchor,2024Q3; 2024Q4; 2025Q1; 2025Q2,2024Q3; 2024Q4; 2025Q1; 2025Q2,,False,,False,high_shifted_6m,delay_6m,1.0
2025,FY2025,Current finalist High population/comparison,Current planned path,middle_east_high__12c_delay_6m,comparison,current_light_ruc_conventional_modelled_km,Current finalist Light RUC conventional modelled km,Key volumes,13529.742736,million km,audit_only,MBU26 actual anchor total light-RUC universe,mbu26_official_annual.csv,Z5; Z7; Z9,,,,,,,ACTUAL,dynamic_RESID_GBR_n150_d1_lr0.05_w36,MBU26 actual light_ruc_net_km + light_bev_ruc_net_km + phev_ruc_net_km,False,13529.742736,0.0,available,Model path,current_finalist_model,current_finalist_model,current_model_forecast,Actual anchor,2024Q3; 2024Q4; 2025Q1; 2025Q2,2024Q3; 2024Q4; 2025Q1; 2025Q2,,False,diesel_elasticity_to_conventional_ice_only; bev_phev_activity_fixed_to_base,True,high_shifted_6m,delay_6m,1.0
2025,FY2025,Current finalist High population/comparison,Current planned path,middle_east_high__12c_delay_6m,comparison,total_fed_ruc_net_revenue,Total RUC+PED revenue,Derived totals,3976.895814347822,$m nominal ex GST,calculated_rollup,MBU26 actual anchor,row_reconciliation.csv,Z45; Z37,,,,,,,ACTUAL,PED__DIAGLAB__B__glsar__ylag1__ar1__wexp; dynamic_RESID_GBR_n150_d1_lr0.05_w36; HEAVY_RUC__VNEXT_SOLVED_CONVEX_TOP4,net_fed_revenue + total_ruc_net_revenue,False,3976.8958143478303,0.0,available,Model path,current_finalist_model,current_finalist_model,current_model_forecast,Actual anchor,2024Q3; 2024Q4; 2025Q1; 2025Q2,2024Q3; 2024Q4; 2025Q1; 2025Q2,,False,,False,high_shifted_6m,delay_6m,1.0
2026,FY2026,Current finalist High population/comparison,Current planned path,middle_east_high__12c_delay_6m,comparison,light_ruc_net_km,Light RUC net km,Key volumes,12637.559635248568,million km,bridge_input,raw AR(1) PED VKT per capita x scenario-input population; raw Light RUC conventional model forecast expanded by MoT VFM 202405 Base uptake shares (conventional_anchor_vfm_composition_v1),forecast_scenario_comparison.parquet; mbu26_official_annual.csv,data/current_revenue_outlook/revenue_chart_rows.csv:historical_actual:2025Q3; data/current_revenue_outlook/revenue_chart_rows.csv:historical_actual:2025Q4; data/current_revenue_outlook/revenue_chart_rows.csv:middle_east_high__12c_delay_6m:2026Q1; data/current_revenue_outlook/revenue_chart_rows.csv:middle_east_high__12c_delay_6m:2026Q2; data/current_revenue_outlook/revenue_chart_rows.csv:historical_actual:2025Q3; data/current_revenue_outlook/revenue_chart_rows.csv:historical_actual:2025Q4; data/current_revenue_outlook/revenue_chart_rows.csv:historical_actual:2026Q1; data/current_revenue_outlook/revenue_chart_rows.csv:middle_east_high__12c_delay_6m:2026Q2; scenario_inputs/scenario_input_wide.parquet:PED:population (2026Q1; 2026Q2); mbu26_official_annual.csv:population_proxy (2025Q3; 2025Q4); VFM 202405 Base uptake shares; MBU26 rate cells AA5; AA7; AA9,,,,,,,source_backed,dynamic_RESID_GBR_n150_d1_lr0.05_w36,raw Light RUC conventional model forecast (preserved exactly under the Base uptake basis),False,12707.9889982716,-70.42936302303133,available,Model path,current_finalist_model,current_finalist_model,current_model_forecast,Current-finalist FY nowcast (3 actual + 1 forecast),2025Q3; 2025Q4; 2026Q1; 2026Q2,2025Q3; 2025Q4; 2026Q1,2026Q2,True,diesel_elasticity_to_conventional_ice_only; bev_phev_activity_fixed_to_base,True,high_shifted_6m,delay_6m,1.0
2026,FY2026,Current finalist High population/comparison,Current planned path,middle_east_high__12c_delay_6m,comparison,heavy_ruc_net_km,Heavy RUC net km,Key volumes,4024.0104297998064,million km,bridge_input,current_finalist_model,forecast_scenario_comparison.parquet,data/current_revenue_outlook/revenue_chart_rows.csv:historical_actual:2025Q3; data/current_revenue_outlook/revenue_chart_rows.csv:historical_actual:2025Q4; data/current_revenue_outlook/revenue_chart_rows.csv:historical_actual:2026Q1; data/current_revenue_outlook/revenue_chart_rows.csv:middle_east_high__12c_delay_6m:2026Q2,,,,,,,source_backed,HEAVY_RUC__VNEXT_SOLVED_CONVEX_TOP4,sum quarterly current finalist Heavy RUC net km,False,4099.61725114751,-75.60682134770332,available,Model path,current_finalist_model,current_finalist_model,current_model_forecast,Current-finalist FY nowcast (3 actual + 1 forecast),2025Q3; 2025Q4; 2026Q1; 2026Q2,2025Q3; 2025Q4; 2026Q1,2026Q2,True,,False,high_shifted_6m,delay_6m,1.0
2026,FY2026,Current finalist High population/comparison,Current planned path,middle_east_high__12c_delay_6m,comparison,light_bev_ruc_net_km,Light BEV RUC net km,Key volumes,1237.1740107408812,million km,bridge_input,raw AR(1) PED VKT per capita x scenario-input population; raw Light RUC conventional model forecast expanded by MoT VFM 202405 Base uptake shares (conventional_anchor_vfm_composition_v1),forecast_scenario_comparison.parquet; mbu26_official_annual.csv,data/current_revenue_outlook/revenue_chart_rows.csv:historical_actual:2025Q3; data/current_revenue_outlook/revenue_chart_rows.csv:historical_actual:2025Q4; data/current_revenue_outlook/revenue_chart_rows.csv:middle_east_high__12c_delay_6m:2026Q1; data/current_revenue_outlook/revenue_chart_rows.csv:middle_east_high__12c_delay_6m:2026Q2; data/current_revenue_outlook/revenue_chart_rows.csv:historical_actual:2025Q3; data/current_revenue_outlook/revenue_chart_rows.csv:historical_actual:2025Q4; data/current_revenue_outlook/revenue_chart_rows.csv:historical_actual:2026Q1; data/current_revenue_outlook/revenue_chart_rows.csv:middle_east_high__12c_delay_6m:2026Q2; scenario_inputs/scenario_input_wide.parquet:PED:population (2026Q1; 2026Q2); mbu26_official_annual.csv:population_proxy (2025Q3; 2025Q4); VFM 202405 Base uptake shares; MBU26 rate cells AA5; AA7; AA9,,,,,,,source_backed,PED__DIAGLAB__B__glsar__ylag1__ar1__wexp; dynamic_RESID_GBR_n150_d1_lr0.05_w36; HEAVY_RUC__VNEXT_SOLVED_CONVEX_TOP4,base pool (conventional / VFM Base conventional share) * VFM Base Light BEV share,False,1209.37911079624,12.974867965182739,available,Model path,current_finalist_model,current_finalist_model,current_model_forecast,Current-finalist FY nowcast (2 actual + 2 forecast),2025Q3; 2025Q4; 2026Q1; 2026Q2,2025Q3; 2025Q4,2026Q1; 2026Q2,True,diesel_elasticity_to_conventional_ice_only; bev_phev_activity_fixed_to_base,True,high_shifted_6m,delay_6m,1.0
2026,FY2026,Current finalist High population/comparison,Current planned path,middle_east_high__12c_delay_6m,comparison,heavy_bev_ruc_net_km,Heavy BEV RUC net km,Key volumes,0.0,million km,bridge_input,MBU26 official fixed component,annual_spine.csv,AA8,,,,,,,source_backed,,nan,False,0.0,0.0,available,Model path,current_finalist_model,current_finalist_model,current_model_forecast,Current-finalist FY nowcast (2 actual + 2 forecast),2025Q3; 2025Q4; 2026Q1; 2026Q2,2025Q3; 2025Q4,2026Q1; 2026Q2,True,diesel_elasticity_to_conventional_ice_only; bev_phev_activity_fixed_to_base,True,high_shifted_6m,delay_6m,1.0
2026,FY2026,Current finalist High population/comparison,Current planned path,middle_east_high__12c_delay_6m,comparison,phev_ruc_net_km,PHEV RUC net km,Key volumes,647.8799985547679,million km,bridge_input,raw AR(1) PED VKT per capita x scenario-input population; raw Light RUC conventional model forecast expanded by MoT VFM 202405 Base uptake shares (conventional_anchor_vfm_composition_v1),forecast_scenario_comparison.parquet; mbu26_official_annual.csv,data/current_revenue_outlook/revenue_chart_rows.csv:historical_actual:2025Q3; data/current_revenue_outlook/revenue_chart_rows.csv:historical_actual:2025Q4; data/current_revenue_outlook/revenue_chart_rows.csv:middle_east_high__12c_delay_6m:2026Q1; data/current_revenue_outlook/revenue_chart_rows.csv:middle_east_high__12c_delay_6m:2026Q2; data/current_revenue_outlook/revenue_chart_rows.csv:historical_actual:2025Q3; data/current_revenue_outlook/revenue_chart_rows.csv:historical_actual:2025Q4; data/current_revenue_outlook/revenue_chart_rows.csv:historical_actual:2026Q1; data/current_revenue_outlook/revenue_chart_rows.csv:middle_east_high__12c_delay_6m:2026Q2; scenario_inputs/scenario_input_wide.parquet:PED:population (2026Q1; 2026Q2); mbu26_official_annual.csv:population_proxy (2025Q3; 2025Q4); VFM 202405 Base uptake shares; MBU26 rate cells AA5; AA7; AA9,,,,,,,source_backed,PED__DIAGLAB__B__glsar__ylag1__ar1__wexp; dynamic_RESID_GBR_n150_d1_lr0.05_w36; HEAVY_RUC__VNEXT_SOLVED_CONVEX_TOP4,base pool (conventional / VFM Base conventional share) * VFM Base PHEV share,False,633.39411052937,6.72497305783952,available,Model path,current_finalist_model,current_finalist_model,current_model_forecast,Current-finalist FY nowcast (2 actual + 2 forecast),2025Q3; 2025Q4; 2026Q1; 2026Q2,2025Q3; 2025Q4,2026Q1; 2026Q2,True,diesel_elasticity_to_conventional_ice_only; bev_phev_activity_fixed_to_base,True,high_shifted_6m,delay_6m,1.0
2026,FY2026,Current finalist High population/comparison,Current planned path,middle_east_high__12c_delay_6m,comparison,ped_volume,PED volume,Key volumes,3032.617111518877,million litres,bridge_input,raw AR(1) PED VKT/capita + scenario-input population (scenario_input_population_with_mbu_population_proxy_for_missing_quarters) + MBU26 intensity,forecast_scenario_comparison.parquet; scenario_inputs/scenario_input_wide.parquet; mbu26_official_annual.csv,data/current_revenue_outlook/revenue_chart_rows.csv:historical_actual:2025Q3; data/current_revenue_outlook/revenue_chart_rows.csv:historical_actual:2025Q4; data/current_revenue_outlook/revenue_chart_rows.csv:middle_east_high__12c_delay_6m:2026Q1; data/current_revenue_outlook/revenue_chart_rows.csv:middle_east_high__12c_delay_6m:2026Q2; data/current_revenue_outlook/revenue_chart_rows.csv:historical_actual:2025Q3; data/current_revenue_outlook/revenue_chart_rows.csv:historical_actual:2025Q4; data/current_revenue_outlook/revenue_chart_rows.csv:historical_actual:2026Q1; data/current_revenue_outlook/revenue_chart_rows.csv:middle_east_high__12c_delay_6m:2026Q2; scenario_inputs/scenario_input_wide.parquet:PED:population (2026Q1; 2026Q2); mbu26_official_annual.csv:population_proxy (2025Q3; 2025Q4); VFM 202405 Base uptake shares; MBU26 rate cells AA5; AA7; AA9,forecast_scenario_comparison.parquet,data/current_revenue_outlook/revenue_chart_rows.csv:historical_actual:2025Q3; data/current_revenue_outlook/revenue_chart_rows.csv:historical_actual:2025Q4; data/current_revenue_outlook/revenue_chart_rows.csv:middle_east_high__12c_delay_6m:2026Q1; data/current_revenue_outlook/revenue_chart_rows.csv:middle_east_high__12c_delay_6m:2026Q2,current_finalist_model,scenario_inputs/scenario_input_wide.parquet,scenario_inputs/scenario_input_wide.parquet:PED:population (2026Q1; 2026Q2); mbu26_official_annual.csv:population_proxy (2025Q3; 2025Q4),scenario_input_population_with_mbu_population_proxy_for_missing_quarters,source_backed,PED__DIAGLAB__B__glsar__ylag1__ar1__wexp,raw PED/light-petrol VKT * MBU26 litres intensity / 100,False,2910.77244455591,121.84466696296704,available,Model path,current_finalist_model,current_finalist_model,current_model_forecast,Current-finalist FY nowcast (2 actual + 2 forecast),2025Q3; 2025Q4; 2026Q1; 2026Q2,2025Q3; 2025Q4,2026Q1; 2026Q2,True,,False,high_shifted_6m,delay_6m,1.0
2026,FY2026,Current finalist High population/comparison,Current planned path,middle_east_high__12c_delay_6m,comparison,light_petrol_vkt,Light petrol VKT,Key volumes,32746.263193895535,million km,bridge_input,raw AR(1) PED VKT per capita x scenario-input population; raw Light RUC conventional model forecast expanded by MoT VFM 202405 Base uptake shares (conventional_anchor_vfm_composition_v1),forecast_scenario_comparison.parquet; mbu26_official_annual.csv,data/current_revenue_outlook/revenue_chart_rows.csv:historical_actual:2025Q3; data/current_revenue_outlook/revenue_chart_rows.csv:historical_actual:2025Q4; data/current_revenue_outlook/revenue_chart_rows.csv:middle_east_high__12c_delay_6m:2026Q1; data/current_revenue_outlook/revenue_chart_rows.csv:middle_east_high__12c_delay_6m:2026Q2; data/current_revenue_outlook/revenue_chart_rows.csv:historical_actual:2025Q3; data/current_revenue_outlook/revenue_chart_rows.csv:historical_actual:2025Q4; data/current_revenue_outlook/revenue_chart_rows.csv:historical_actual:2026Q1; data/current_revenue_outlook/revenue_chart_rows.csv:middle_east_high__12c_delay_6m:2026Q2; scenario_inputs/scenario_input_wide.parquet:PED:population (2026Q1; 2026Q2); mbu26_official_annual.csv:population_proxy (2025Q3; 2025Q4); VFM 202405 Base uptake shares; MBU26 rate cells AA5; AA7; AA9,forecast_scenario_comparison.parquet,data/current_revenue_outlook/revenue_chart_rows.csv:historical_actual:2025Q3; data/current_revenue_outlook/revenue_chart_rows.csv:historical_actual:2025Q4; data/current_revenue_outlook/revenue_chart_rows.csv:middle_east_high__12c_delay_6m:2026Q1; data/current_revenue_outlook/revenue_chart_rows.csv:middle_east_high__12c_delay_6m:2026Q2,current_finalist_model,scenario_inputs/scenario_input_wide.parquet,scenario_inputs/scenario_input_wide.parquet:PED:population (2026Q1; 2026Q2); mbu26_official_annual.csv:population_proxy (2025Q3; 2025Q4),scenario_input_population_with_mbu_population_proxy_for_missing_quarters,source_backed,,raw AR(1) PED VKT per capita * scenario-input population,False,31430.5819237521,1315.6812701434355,available,Model path,current_finalist_model,current_finalist_model,current_model_forecast,Current-finalist FY nowcast (2 actual + 2 forecast),2025Q3; 2025Q4; 2026Q1; 2026Q2,2025Q3; 2025Q4,2026Q1; 2026Q2,True,,False,high_shifted_6m,delay_6m,1.0
2026,FY2026,Current finalist High population/comparison,Current planned path,middle_east_high__12c_delay_6m,comparison,ped_vkt_per_capita,PED VKT per capita,Key volumes,6105.496639661895,km/person,bridge_input,current_finalist_model,forecast_scenario_comparison.parquet,data/current_revenue_outlook/revenue_chart_rows.csv:historical_actual:2025Q3; data/current_revenue_outlook/revenue_chart_rows.csv:historical_actual:2025Q4; data/current_revenue_outlook/revenue_chart_rows.csv:middle_east_high__12c_delay_6m:2026Q1; data/current_revenue_outlook/revenue_chart_rows.csv:middle_east_high__12c_delay_6m:2026Q2,forecast_scenario_comparison.parquet,data/current_revenue_outlook/revenue_chart_rows.csv:historical_actual:2025Q3; data/current_revenue_outlook/revenue_chart_rows.csv:historical_actual:2025Q4; data/current_revenue_outlook/revenue_chart_rows.csv:middle_east_high__12c_delay_6m:2026Q1; data/current_revenue_outlook/revenue_chart_rows.csv:middle_east_high__12c_delay_6m:2026Q2,current_finalist_model,,,,source_backed,PED__DIAGLAB__B__glsar__ylag1__ar1__wexp,sum quarterly current finalist PED VKT/capita,False,5860.79487488994,244.7017647719549,available,Model path,current_finalist_model,current_finalist_model,current_model_forecast,Current-finalist FY nowcast (2 actual + 2 forecast),2025Q3; 2025Q4; 2026Q1; 2026Q2,2025Q3; 2025Q4,2026Q1; 2026Q2,True,,False,high_shifted_6m,delay_6m,1.0
2026,FY2026,Current finalist High population/comparison,Current planned path,middle_east_high__12c_delay_6m,comparison,tuc_gtk,TUC GTK,Key volumes,8224343155.99,tonne-km,bridge_input,MBU26 official fixed component,annual_spine.csv,AA13,,,,,,,source_backed,,nan,False,8224343155.99,0.0,available,Model path,current_finalist_model,current_finalist_model,current_model_forecast,Current-finalist FY nowcast (2 actual + 2 forecast),2025Q3; 2025Q4; 2026Q1; 2026Q2,2025Q3; 2025Q4,2026Q1; 2026Q2,True,,False,high_shifted_6m,delay_6m,1.0
2026,FY2026,Current finalist High population/comparison,Current planned path,middle_east_high__12c_delay_6m,comparison,light_ruc_net_revenue,Light RUC revenue,RUC,856.095078045681,$m nominal ex GST,replacement_line,"raw AR(1) PED bridge and conventional-anchor VFM composition, scenario-input population and MBU26 effective rate",forecast_scenario_comparison.parquet; mbu26_official_annual.csv,data/current_revenue_outlook/revenue_chart_rows.csv:historical_actual:2025Q3; data/current_revenue_outlook/revenue_chart_rows.csv:historical_actual:2025Q4; data/current_revenue_outlook/revenue_chart_rows.csv:middle_east_high__12c_delay_6m:2026Q1; data/current_revenue_outlook/revenue_chart_rows.csv:middle_east_high__12c_delay_6m:2026Q2; data/current_revenue_outlook/revenue_chart_rows.csv:historical_actual:2025Q3; data/current_revenue_outlook/revenue_chart_rows.csv:historical_actual:2025Q4; data/current_revenue_outlook/revenue_chart_rows.csv:historical_actual:2026Q1; data/current_revenue_outlook/revenue_chart_rows.csv:middle_east_high__12c_delay_6m:2026Q2; scenario_inputs/scenario_input_wide.parquet:PED:population (2026Q1; 2026Q2); mbu26_official_annual.csv:population_proxy (2025Q3; 2025Q4); VFM 202405 Base uptake shares; MBU26 rate cells AA5; AA7; AA9,,,,,,,source_backed,dynamic_RESID_GBR_n150_d1_lr0.05_w36,conventional Light RUC km * MBU26 conventional Light effective rate,True,860.866112388873,-4.771034343192014,available,Model path,current_finalist_model,current_finalist_model,current_model_forecast,Current-finalist FY nowcast (3 actual + 1 forecast),2025Q3; 2025Q4; 2026Q1; 2026Q2,2025Q3; 2025Q4; 2026Q1,2026Q2,True,diesel_elasticity_to_conventional_ice_only; bev_phev_activity_fixed_to_base,True,high_shifted_6m,delay_6m,1.0
2026,FY2026,Current finalist High population/comparison,Current planned path,middle_east_high__12c_delay_6m,comparison,heavy_ruc_net_revenue,Heavy RUC revenue,RUC,1123.432467523277,$m nominal ex GST,replacement_line,current_finalist_model + MBU26 effective rate,forecast_scenario_comparison.parquet; mbu26_official_annual.csv,data/current_revenue_outlook/revenue_chart_rows.csv:historical_actual:2025Q3; data/current_revenue_outlook/revenue_chart_rows.csv:historical_actual:2025Q4; data/current_revenue_outlook/revenue_chart_rows.csv:historical_actual:2026Q1; data/current_revenue_outlook/revenue_chart_rows.csv:middle_east_high__12c_delay_6m:2026Q2,,,,,,,source_backed,HEAVY_RUC__VNEXT_SOLVED_CONVEX_TOP4,sum quarterly current Heavy RUC net km * MBU26 effective rate,True,1144.54055343658,-21.108085913303057,available,Model path,current_finalist_model,current_finalist_model,current_model_forecast,Current-finalist FY nowcast (3 actual + 1 forecast),2025Q3; 2025Q4; 2026Q1; 2026Q2,2025Q3; 2025Q4; 2026Q1,2026Q2,True,,False,high_shifted_6m,delay_6m,1.0
2026,FY2026,Current finalist High population/comparison,Current planned path,middle_east_high__12c_delay_6m,comparison,light_bev_ruc_net_revenue,Light BEV RUC net revenue,RUC,83.33709554803708,$m nominal ex GST,replacement_line,"raw AR(1) PED bridge and conventional-anchor VFM composition, scenario-input population and MBU26 effective rate",forecast_scenario_comparison.parquet; mbu26_official_annual.csv,data/current_revenue_outlook/revenue_chart_rows.csv:historical_actual:2025Q3; data/current_revenue_outlook/revenue_chart_rows.csv:historical_actual:2025Q4; data/current_revenue_outlook/revenue_chart_rows.csv:middle_east_high__12c_delay_6m:2026Q1; data/current_revenue_outlook/revenue_chart_rows.csv:middle_east_high__12c_delay_6m:2026Q2; data/current_revenue_outlook/revenue_chart_rows.csv:historical_actual:2025Q3; data/current_revenue_outlook/revenue_chart_rows.csv:historical_actual:2025Q4; data/current_revenue_outlook/revenue_chart_rows.csv:historical_actual:2026Q1; data/current_revenue_outlook/revenue_chart_rows.csv:middle_east_high__12c_delay_6m:2026Q2; scenario_inputs/scenario_input_wide.parquet:PED:population (2026Q1; 2026Q2); mbu26_official_annual.csv:population_proxy (2025Q3; 2025Q4); VFM 202405 Base uptake shares; MBU26 rate cells AA5; AA7; AA9,,,,,,,source_backed,PED__DIAGLAB__B__glsar__ylag1__ar1__wexp; dynamic_RESID_GBR_n150_d1_lr0.05_w36; HEAVY_RUC__VNEXT_SOLVED_CONVEX_TOP4,allocated Light BEV RUC km * MBU26 Light BEV effective rate,True,81.4648074039889,0.8739981618996921,available,Model path,current_finalist_model,current_finalist_model,current_model_forecast,Current-finalist FY nowcast (2 actual + 2 forecast),2025Q3; 2025Q4; 2026Q1; 2026Q2,2025Q3; 2025Q4,2026Q1; 2026Q2,True,diesel_elasticity_to_conventional_ice_only; bev_phev_activity_fixed_to_base,True,high_shifted_6m,delay_6m,1.0
2026,FY2026,Current finalist High population/comparison,Current planned path,middle_east_high__12c_delay_6m,comparison,heavy_bev_ruc_net_revenue,Heavy BEV RUC net revenue,RUC,0.0,$m nominal ex GST,leaf,MBU26 official fixed component,annual_spine.csv,AA31,,,,,,,source_backed,,nan,False,0.0,0.0,available,Model path,current_finalist_model,current_finalist_model,current_model_forecast,Current-finalist FY nowcast (2 actual + 2 forecast),2025Q3; 2025Q4; 2026Q1; 2026Q2,2025Q3; 2025Q4,2026Q1; 2026Q2,True,diesel_elasticity_to_conventional_ice_only; bev_phev_activity_fixed_to_base,True,high_shifted_6m,delay_6m,1.0
2026,FY2026,Current finalist High population/comparison,Current planned path,middle_east_high__12c_delay_6m,comparison,phev_ruc_net_revenue,PHEV RUC net revenue,RUC,22.339815332278658,$m nominal ex GST,replacement_line,"raw AR(1) PED bridge and conventional-anchor VFM composition, scenario-input population and MBU26 effective rate",forecast_scenario_comparison.parquet; mbu26_official_annual.csv,data/current_revenue_outlook/revenue_chart_rows.csv:historical_actual:2025Q3; data/current_revenue_outlook/revenue_chart_rows.csv:historical_actual:2025Q4; data/current_revenue_outlook/revenue_chart_rows.csv:middle_east_high__12c_delay_6m:2026Q1; data/current_revenue_outlook/revenue_chart_rows.csv:middle_east_high__12c_delay_6m:2026Q2; data/current_revenue_outlook/revenue_chart_rows.csv:historical_actual:2025Q3; data/current_revenue_outlook/revenue_chart_rows.csv:historical_actual:2025Q4; data/current_revenue_outlook/revenue_chart_rows.csv:historical_actual:2026Q1; data/current_revenue_outlook/revenue_chart_rows.csv:middle_east_high__12c_delay_6m:2026Q2; scenario_inputs/scenario_input_wide.parquet:PED:population (2026Q1; 2026Q2); mbu26_official_annual.csv:population_proxy (2025Q3; 2025Q4); VFM 202405 Base uptake shares; MBU26 rate cells AA5; AA7; AA9,,,,,,,source_backed,PED__DIAGLAB__B__glsar__ylag1__ar1__wexp; dynamic_RESID_GBR_n150_d1_lr0.05_w36; HEAVY_RUC__VNEXT_SOLVED_CONVEX_TOP4,allocated PHEV RUC km * MBU26 PHEV effective rate,True,21.8403214998817,0.23188654775855966,available,Model path,current_finalist_model,current_finalist_model,current_model_forecast,Current-finalist FY nowcast (2 actual + 2 forecast),2025Q3; 2025Q4; 2026Q1; 2026Q2,2025Q3; 2025Q4,2026Q1; 2026Q2,True,diesel_elasticity_to_conventional_ice_only; bev_phev_activity_fixed_to_base,True,high_shifted_6m,delay_6m,1.0
2026,FY2026,Current finalist High population/comparison,Current planned path,middle_east_high__12c_delay_6m,comparison,ruc_refunds,RUC refunds,RUC,67.4141906681215,$m nominal ex GST,deduction,MBU26 official fixed component,annual_spine.csv,AA33,,,,,,,source_backed,,nan,False,67.4141906681215,0.0,available,Model path,current_finalist_model,current_finalist_model,current_model_forecast,Current-finalist FY nowcast (2 actual + 2 forecast),2025Q3; 2025Q4; 2026Q1; 2026Q2,2025Q3; 2025Q4,2026Q1; 2026Q2,True,,False,high_shifted_6m,delay_6m,1.0
2026,FY2026,Current finalist High population/comparison,Current planned path,middle_east_high__12c_delay_6m,comparison,gross_ruc_revenue,Gross RUC revenue,RUC,2152.618647117395,$m nominal ex GST,calculated_rollup,current_hybrid_formula,current_hybrid_formula,current_revenue_outlook:middle_east_high__12c_delay_6m:FY2026,,,,,,,source_backed,,optimized light_ruc_net_revenue + heavy_ruc_net_revenue + optimized light_bev_ruc_net_revenue + MBU26 heavy_bev_ruc_net_revenue + optimized phev_ruc_net_revenue + MBU26 ruc_refunds,False,2176.1246289126,-24.771879061991967,available,Model path,current_finalist_model,current_finalist_model,current_model_forecast,Current-finalist FY nowcast (2 actual + 2 forecast),2025Q3; 2025Q4; 2026Q1; 2026Q2,2025Q3; 2025Q4,2026Q1; 2026Q2,True,,False,high_shifted_6m,delay_6m,1.0
2026,FY2026,Current finalist High population/comparison,Current planned path,middle_east_high__12c_delay_6m,comparison,ruc_admin_revenue,RUC admin revenue,RUC,34.237617587825,$m nominal ex GST,deduction,MBU26 official fixed component,annual_spine.csv,AA35,,,,,,,source_backed,,nan,False,34.237617587825,0.0,available,Model path,current_finalist_model,current_finalist_model,current_model_forecast,Current-finalist FY nowcast (2 actual + 2 forecast),2025Q3; 2025Q4; 2026Q1; 2026Q2,2025Q3; 2025Q4,2026Q1; 2026Q2,True,,False,high_shifted_6m,delay_6m,1.0
2026,FY2026,Current finalist High population/comparison,Current planned path,middle_east_high__12c_delay_6m,comparison,ruc_revenue_net_admin,RUC revenues net of admin fees,RUC,2118.3810295295702,$m nominal ex GST,calculated_rollup,current_hybrid_formula,current_hybrid_formula,current_revenue_outlook:middle_east_high__12c_delay_6m:FY2026,,,,,,,source_backed,,gross_ruc_revenue - MBU26 ruc_admin_revenue,False,2141.88701132477,-24.77187906198651,available,Model path,current_finalist_model,current_finalist_model,current_model_forecast,Current-finalist FY nowcast (2 actual + 2 forecast),2025Q3; 2025Q4; 2026Q1; 2026Q2,2025Q3; 2025Q4,2026Q1; 2026Q2,True,,False,high_shifted_6m,delay_6m,1.0
2026,FY2026,Current finalist High population/comparison,Current planned path,middle_east_high__12c_delay_6m,comparison,total_ruc_net_revenue,Total RUC all classes,RUC,2050.9668388614487,$m nominal ex GST,calculated_rollup,current_hybrid_formula,current_hybrid_formula,current_revenue_outlook:middle_east_high__12c_delay_6m:FY2026,,,,,,,source_backed,PED__DIAGLAB__B__glsar__ylag1__ar1__wexp; dynamic_RESID_GBR_n150_d1_lr0.05_w36; HEAVY_RUC__VNEXT_SOLVED_CONVEX_TOP4,ruc_revenue_net_admin - MBU26 ruc_refunds,False,2074.47282065665,-24.77187906198833,available,Model path,current_finalist_model,current_finalist_model,current_model_forecast,Current-finalist FY nowcast (2 actual + 2 forecast),2025Q3; 2025Q4; 2026Q1; 2026Q2,2025Q3; 2025Q4,2026Q1; 2026Q2,True,,False,high_shifted_6m,delay_6m,1.0
2026,FY2026,Current finalist High population/comparison,Current planned path,middle_east_high__12c_delay_6m,comparison,gross_ped_revenue,PED revenue,FED,2123.559806169978,$m nominal ex GST,replacement_line,"raw AR(1) PED bridge and conventional-anchor VFM composition, scenario-input population and MBU26 effective rate; population_source=scenario_input_population_with_mbu_population_proxy_for_missing_quarters",forecast_scenario_comparison.parquet; scenario_inputs/scenario_input_wide.parquet; mbu26_official_annual.csv,data/current_revenue_outlook/revenue_chart_rows.csv:historical_actual:2025Q3; data/current_revenue_outlook/revenue_chart_rows.csv:historical_actual:2025Q4; data/current_revenue_outlook/revenue_chart_rows.csv:middle_east_high__12c_delay_6m:2026Q1; data/current_revenue_outlook/revenue_chart_rows.csv:middle_east_high__12c_delay_6m:2026Q2; data/current_revenue_outlook/revenue_chart_rows.csv:historical_actual:2025Q3; data/current_revenue_outlook/revenue_chart_rows.csv:historical_actual:2025Q4; data/current_revenue_outlook/revenue_chart_rows.csv:historical_actual:2026Q1; data/current_revenue_outlook/revenue_chart_rows.csv:middle_east_high__12c_delay_6m:2026Q2; scenario_inputs/scenario_input_wide.parquet:PED:population (2026Q1; 2026Q2); mbu26_official_annual.csv:population_proxy (2025Q3; 2025Q4); VFM 202405 Base uptake shares; MBU26 rate cells AA5; AA7; AA9,forecast_scenario_comparison.parquet,data/current_revenue_outlook/revenue_chart_rows.csv:historical_actual:2025Q3; data/current_revenue_outlook/revenue_chart_rows.csv:historical_actual:2025Q4; data/current_revenue_outlook/revenue_chart_rows.csv:middle_east_high__12c_delay_6m:2026Q1; data/current_revenue_outlook/revenue_chart_rows.csv:middle_east_high__12c_delay_6m:2026Q2,current_finalist_model,scenario_inputs/scenario_input_wide.parquet,scenario_inputs/scenario_input_wide.parquet:PED:population (2026Q1; 2026Q2); mbu26_official_annual.csv:population_proxy (2025Q3; 2025Q4),scenario_input_population_with_mbu_population_proxy_for_missing_quarters,source_backed,PED__DIAGLAB__B__glsar__ylag1__ar1__wexp,raw PED/light-petrol VKT * MBU26 litres intensity / 100 * MBU26 PED rate,True,2038.23929657583,85.320509594148,available,Model path,current_finalist_model,current_finalist_model,current_model_forecast,Current-finalist FY nowcast (2 actual + 2 forecast),2025Q3; 2025Q4; 2026Q1; 2026Q2,2025Q3; 2025Q4,2026Q1; 2026Q2,True,,False,high_shifted_6m,delay_6m,1.0
2026,FY2026,Current finalist High population/comparison,Current planned path,middle_east_high__12c_delay_6m,comparison,gross_lpg_revenue,Gross LPG revenue,FED,42.0451626401906,$m nominal ex GST,leaf,MBU26 official fixed component,annual_spine.csv,AA41,,,,,,,source_backed,,nan,False,42.0451626401906,0.0,available,Model path,current_finalist_model,current_finalist_model,current_model_forecast,Current-finalist FY nowcast (2 actual + 2 forecast),2025Q3; 2025Q4; 2026Q1; 2026Q2,2025Q3; 2025Q4,2026Q1; 2026Q2,True,,False,high_shifted_6m,delay_6m,1.0
2026,FY2026,Current finalist High population/comparison,Current planned path,middle_east_high__12c_delay_6m,comparison,gross_cng_revenue,Gross CNG revenue,FED,0.0,$m nominal ex GST,leaf,MBU26 official fixed component,annual_spine.csv,AA42,,,,,,,source_backed,,nan,False,0.0,0.0,available,Model path,current_finalist_model,current_finalist_model,current_model_forecast,Current-finalist FY nowcast (2 actual + 2 forecast),2025Q3; 2025Q4; 2026Q1; 2026Q2,2025Q3; 2025Q4,2026Q1; 2026Q2,True,,False,high_shifted_6m,delay_6m,1.0
2026,FY2026,Current finalist High population/comparison,Current planned path,middle_east_high__12c_delay_6m,comparison,gross_fed_revenue,Gross FED revenue,FED,2165.6049688101684,$m nominal ex GST,calculated_rollup,current_hybrid_formula,current_hybrid_formula,current_revenue_outlook:middle_east_high__12c_delay_6m:FY2026,,,,,,,source_backed,PED__DIAGLAB__B__glsar__ylag1__ar1__wexp,gross_ped_revenue + MBU26 gross_lpg_revenue + MBU26 gross_cng_revenue,False,2080.28445921602,85.32050959414846,available,Model path,current_finalist_model,current_finalist_model,current_model_forecast,Current-finalist FY nowcast (2 actual + 2 forecast),2025Q3; 2025Q4; 2026Q1; 2026Q2,2025Q3; 2025Q4,2026Q1; 2026Q2,True,,False,high_shifted_6m,delay_6m,1.0
2026,FY2026,Current finalist High population/comparison,Current planned path,middle_east_high__12c_delay_6m,comparison,fed_refunds,FED refunds,FED,72.3868062026043,$m nominal ex GST,deduction,MBU26 official fixed component,annual_spine.csv,AA44,,,,,,,source_backed,,nan,False,72.3868062026043,0.0,available,Model path,current_finalist_model,current_finalist_model,current_model_forecast,Current-finalist FY nowcast (2 actual + 2 forecast),2025Q3; 2025Q4; 2026Q1; 2026Q2,2025Q3; 2025Q4,2026Q1; 2026Q2,True,,False,high_shifted_6m,delay_6m,1.0
2026,FY2026,Current finalist High population/comparison,Current planned path,middle_east_high__12c_delay_6m,comparison,net_fed_revenue,Net FED revenue,FED,2093.218162607564,$m nominal ex GST,calculated_rollup,current_hybrid_formula,current_hybrid_formula,current_revenue_outlook:middle_east_high__12c_delay_6m:FY2026,,,,,,,source_backed,PED__DIAGLAB__B__glsar__ylag1__ar1__wexp,gross_fed_revenue - MBU26 fed_refunds,False,2007.89765301342,85.32050959414391,available,Model path,current_finalist_model,current_finalist_model,current_model_forecast,Current-finalist FY nowcast (2 actual + 2 forecast),2025Q3; 2025Q4; 2026Q1; 2026Q2,2025Q3; 2025Q4,2026Q1; 2026Q2,True,,False,high_shifted_6m,delay_6m,1.0
2026,FY2026,Current finalist High population/comparison,Current planned path,middle_east_high__12c_delay_6m,comparison,mr1_revenue,MR1 revenue,MVR,436.822707962969,$m nominal ex GST,leaf,MBU26 official fixed component,annual_spine.csv,AA48,,,,,,,source_backed,,nan,False,436.822707962969,0.0,available,Model path,current_finalist_model,current_finalist_model,current_model_forecast,Current-finalist FY nowcast (2 actual + 2 forecast),2025Q3; 2025Q4; 2026Q1; 2026Q2,2025Q3; 2025Q4,2026Q1; 2026Q2,True,,False,high_shifted_6m,delay_6m,1.0
2026,FY2026,Current finalist High population/comparison,Current planned path,middle_east_high__12c_delay_6m,comparison,mr2_revenue,MR2 revenue,MVR,31.3740054746584,$m nominal ex GST,leaf,MBU26 official fixed component,annual_spine.csv,AA49,,,,,,,source_backed,,nan,False,31.3740054746584,0.0,available,Model path,current_finalist_model,current_finalist_model,current_model_forecast,Current-finalist FY nowcast (2 actual + 2 forecast),2025Q3; 2025Q4; 2026Q1; 2026Q2,2025Q3; 2025Q4,2026Q1; 2026Q2,True,,False,high_shifted_6m,delay_6m,1.0
2026,FY2026,Current finalist High population/comparison,Current planned path,middle_east_high__12c_delay_6m,comparison,coo_revenue,MR13,MVR,0.0,$m nominal ex GST,deduction,MBU26 official fixed component,annual_spine.csv,AA50,,,,,,,source_backed,,nan,False,0.0,0.0,available,Model path,current_finalist_model,current_finalist_model,current_model_forecast,Current-finalist FY nowcast (2 actual + 2 forecast),2025Q3; 2025Q4; 2026Q1; 2026Q2,2025Q3; 2025Q4,2026Q1; 2026Q2,True,,False,high_shifted_6m,delay_6m,1.0
2026,FY2026,Current finalist High population/comparison,Current planned path,middle_east_high__12c_delay_6m,comparison,gross_mvr_revenue,Gross MVR revenue,MVR,468.1967134376274,$m nominal ex GST,calculated_rollup,MBU26 official formula,mbu26_official_annual.csv,AA51,,,,,,,source_backed,,mr1_revenue + mr2_revenue + coo_revenue,False,468.196713437627,3.979039320256561e-13,available,Model path,current_finalist_model,current_finalist_model,current_model_forecast,Current-finalist FY nowcast (2 actual + 2 forecast),2025Q3; 2025Q4; 2026Q1; 2026Q2,2025Q3; 2025Q4,2026Q1; 2026Q2,True,,False,high_shifted_6m,delay_6m,1.0
2026,FY2026,Current finalist High population/comparison,Current planned path,middle_east_high__12c_delay_6m,comparison,mvr_admin_revenue,MVR admin revenue,MVR,72.7105674192725,$m nominal ex GST,deduction,MBU26 official fixed component,annual_spine.csv,AA52,,,,,,,source_backed,,nan,False,72.7105674192725,0.0,available,Model path,current_finalist_model,current_finalist_model,current_model_forecast,Current-finalist FY nowcast (2 actual + 2 forecast),2025Q3; 2025Q4; 2026Q1; 2026Q2,2025Q3; 2025Q4,2026Q1; 2026Q2,True,,False,high_shifted_6m,delay_6m,1.0
2026,FY2026,Current finalist High population/comparison,Current planned path,middle_east_high__12c_delay_6m,comparison,mvr_revenue_net_admin_coo,MVR revenues net of admin fees and COO,MVR,395.4861460183549,$m nominal ex GST,calculated_rollup,MBU26 official formula,mbu26_official_annual.csv,AA53,,,,,,,source_backed,,mr1_revenue + mr2_revenue - mvr_admin_revenue,False,395.486146018355,-5.684341886080802e-14,available,Model path,current_finalist_model,current_finalist_model,current_model_forecast,Current-finalist FY nowcast (2 actual + 2 forecast),2025Q3; 2025Q4; 2026Q1; 2026Q2,2025Q3; 2025Q4,2026Q1; 2026Q2,True,,False,high_shifted_6m,delay_6m,1.0
2026,FY2026,Current finalist High population/comparison,Current planned path,middle_east_high__12c_delay_6m,comparison,mvr_refunds,MVR refunds,MVR,1.61137149711806,$m nominal ex GST,deduction,MBU26 official fixed component,annual_spine.csv,AA54,,,,,,,source_backed,,nan,False,1.61137149711806,0.0,available,Model path,current_finalist_model,current_finalist_model,current_model_forecast,Current-finalist FY nowcast (2 actual + 2 forecast),2025Q3; 2025Q4; 2026Q1; 2026Q2,2025Q3; 2025Q4,2026Q1; 2026Q2,True,,False,high_shifted_6m,delay_6m,1.0
2026,FY2026,Current finalist High population/comparison,Current planned path,middle_east_high__12c_delay_6m,comparison,net_mvr_revenue,Net MVR revenue,MVR,393.8747745212368,$m nominal ex GST,calculated_rollup,MBU26 official formula,mbu26_official_annual.csv,AA55,,,,,,,source_backed,,mvr_revenue_net_admin_coo - mvr_refunds,False,393.874774521237,-1.1368683772161603e-13,available,Model path,current_finalist_model,current_finalist_model,current_model_forecast,Current-finalist FY nowcast (2 actual + 2 forecast),2025Q3; 2025Q4; 2026Q1; 2026Q2,2025Q3; 2025Q4,2026Q1; 2026Q2,True,,False,high_shifted_6m,delay_6m,1.0
2026,FY2026,Current finalist High population/comparison,Current planned path,middle_east_high__12c_delay_6m,comparison,tuc_net_revenue,TUC net revenue,TUC,17.4060774864124,$m nominal ex GST,leaf,MBU26 official fixed component,annual_spine.csv,AA58,,,,,,,source_backed,,nan,False,17.4060774864124,0.0,available,Model path,current_finalist_model,current_finalist_model,current_model_forecast,Current-finalist FY nowcast (2 actual + 2 forecast),2025Q3; 2025Q4; 2026Q1; 2026Q2,2025Q3; 2025Q4,2026Q1; 2026Q2,True,,False,high_shifted_6m,delay_6m,1.0
2026,FY2026,Current finalist High population/comparison,Current planned path,middle_east_high__12c_delay_6m,comparison,total_gross_revenue,Total gross revenues,Totals,4803.826406851604,$m nominal ex GST,calculated_rollup,current_hybrid_formula,current_hybrid_formula,current_revenue_outlook:middle_east_high__12c_delay_6m:FY2026,,,,,,,source_backed,,gross_ruc_revenue + gross_fed_revenue + gross_mvr_revenue + tuc_net_revenue,False,4742.01187905266,60.548630532155585,available,Model path,current_finalist_model,current_finalist_model,current_model_forecast,Current-finalist FY nowcast (2 actual + 2 forecast),2025Q3; 2025Q4; 2026Q1; 2026Q2,2025Q3; 2025Q4,2026Q1; 2026Q2,True,,False,high_shifted_6m,delay_6m,1.0
2026,FY2026,Current finalist High population/comparison,Current planned path,middle_east_high__12c_delay_6m,comparison,total_admin_fees,Total admin fees,Totals,106.94818500709749,$m nominal ex GST,calculated_rollup,current_hybrid_formula,current_hybrid_formula,current_revenue_outlook:middle_east_high__12c_delay_6m:FY2026,,,,,,,source_backed,,ruc_admin_revenue + mvr_admin_revenue + coo_revenue,False,106.948185007097,4.973799150320701e-13,available,Model path,current_finalist_model,current_finalist_model,current_model_forecast,Current-finalist FY nowcast (2 actual + 2 forecast),2025Q3; 2025Q4; 2026Q1; 2026Q2,2025Q3; 2025Q4,2026Q1; 2026Q2,True,,False,high_shifted_6m,delay_6m,1.0
2026,FY2026,Current finalist High population/comparison,Current planned path,middle_east_high__12c_delay_6m,comparison,total_revenue_net_admin,Total revenues net of admin fees,Totals,4696.878221844506,$m nominal ex GST,calculated_rollup,current_hybrid_formula,current_hybrid_formula,current_revenue_outlook:middle_east_high__12c_delay_6m:FY2026,,,,,,,source_backed,,total_gross_revenue - total_admin_fees,False,4635.06369404556,60.54863053215831,available,Model path,current_finalist_model,current_finalist_model,current_model_forecast,Current-finalist FY nowcast (2 actual + 2 forecast),2025Q3; 2025Q4; 2026Q1; 2026Q2,2025Q3; 2025Q4,2026Q1; 2026Q2,True,,False,high_shifted_6m,delay_6m,1.0
2026,FY2026,Current finalist High population/comparison,Current planned path,middle_east_high__12c_delay_6m,comparison,total_refunds,Total refunds,Totals,141.41236836784387,$m nominal ex GST,calculated_rollup,current_hybrid_formula,current_hybrid_formula,current_revenue_outlook:middle_east_high__12c_delay_6m:FY2026,,,,,,,source_backed,,ruc_refunds + fed_refunds + mvr_refunds,False,141.412368367844,-1.4210854715202004e-13,available,Model path,current_finalist_model,current_finalist_model,current_model_forecast,Current-finalist FY nowcast (2 actual + 2 forecast),2025Q3; 2025Q4; 2026Q1; 2026Q2,2025Q3; 2025Q4,2026Q1; 2026Q2,True,,False,high_shifted_6m,delay_6m,1.0
2026,FY2026,Current finalist High population/comparison,Current planned path,middle_east_high__12c_delay_6m,comparison,total_nltf_net_revenue,Total NLTF revenue,Totals,4555.465853476662,$m nominal ex GST,calculated_rollup,current_hybrid_formula,current_hybrid_formula,current_revenue_outlook:middle_east_high__12c_delay_6m:FY2026,,,,,,,source_backed,PED__DIAGLAB__B__glsar__ylag1__ar1__wexp; dynamic_RESID_GBR_n150_d1_lr0.05_w36; HEAVY_RUC__VNEXT_SOLVED_CONVEX_TOP4,total_revenue_net_admin - total_refunds,False,4493.65132567772,60.548630532154675,available,Model path,current_finalist_model,current_finalist_model,current_model_forecast,Current-finalist FY nowcast (2 actual + 2 forecast),2025Q3; 2025Q4; 2026Q1; 2026Q2,2025Q3; 2025Q4,2026Q1; 2026Q2,True,,False,high_shifted_6m,delay_6m,1.0
2026,FY2026,Current finalist High population/comparison,Current planned path,middle_east_high__12c_delay_6m,comparison,current_light_ruc_conventional_modelled_km,Current finalist Light RUC conventional modelled km,Key volumes,12637.559635248568,million km,audit_only,current_finalist_model_conventional_light_ruc_forecast,forecast_scenario_comparison.parquet,data/current_revenue_outlook/revenue_chart_rows.csv:historical_actual:2025Q3; data/current_revenue_outlook/revenue_chart_rows.csv:historical_actual:2025Q4; data/current_revenue_outlook/revenue_chart_rows.csv:historical_actual:2026Q1; data/current_revenue_outlook/revenue_chart_rows.csv:middle_east_high__12c_delay_6m:2026Q2,,,,,,,source_backed,dynamic_RESID_GBR_n150_d1_lr0.05_w36,sum quarterly current finalist Light RUC conventional model forecast,False,,,available,Model path,current_finalist_model,current_finalist_model,current_model_forecast,Current-finalist FY nowcast (3 actual + 1 forecast),2025Q3; 2025Q4; 2026Q1; 2026Q2,2025Q3; 2025Q4; 2026Q1,2026Q2,True,diesel_elasticity_to_conventional_ice_only; bev_phev_activity_fixed_to_base,True,high_shifted_6m,delay_6m,1.0
2026,FY2026,Current finalist High population/comparison,Current planned path,middle_east_high__12c_delay_6m,comparison,total_fed_ruc_net_revenue,Total RUC+PED revenue,Derived totals,4144.185001469013,$m nominal ex GST,calculated_rollup,current_hybrid_formula,current_hybrid_formula,current_revenue_outlook:middle_east_high__12c_delay_6m:FY2026,,,,,,,source_backed,PED__DIAGLAB__B__glsar__ylag1__ar1__wexp; dynamic_RESID_GBR_n150_d1_lr0.05_w36; HEAVY_RUC__VNEXT_SOLVED_CONVEX_TOP4,net_fed_revenue + total_ruc_net_revenue,False,4082.37047367007,60.548630532155585,available,Model path,current_finalist_model,current_finalist_model,current_model_forecast,Current-finalist FY nowcast (2 actual + 2 forecast),2025Q3; 2025Q4; 2026Q1; 2026Q2,2025Q3; 2025Q4,2026Q1; 2026Q2,True,,False,high_shifted_6m,delay_6m,1.0
2027,FY2027,Current finalist High population/comparison,Current planned path,middle_east_high__12c_delay_6m,comparison,light_ruc_net_km,Light RUC net km,Key volumes,12076.40016550661,million km,bridge_input,raw AR(1) PED VKT per capita x scenario-input population; raw Light RUC conventional model forecast expanded by MoT VFM 202405 Base uptake shares (conventional_anchor_vfm_composition_v1),forecast_scenario_comparison.parquet; mbu26_official_annual.csv,data/current_revenue_outlook/revenue_chart_rows.csv:middle_east_high__12c_delay_6m:2026Q3; data/current_revenue_outlook/revenue_chart_rows.csv:middle_east_high__12c_delay_6m:2026Q4; data/current_revenue_outlook/revenue_chart_rows.csv:middle_east_high__12c_delay_6m:2027Q1; data/current_revenue_outlook/revenue_chart_rows.csv:middle_east_high__12c_delay_6m:2027Q2; data/current_revenue_outlook/revenue_chart_rows.csv:middle_east_high__12c_delay_6m:2026Q3; data/current_revenue_outlook/revenue_chart_rows.csv:middle_east_high__12c_delay_6m:2026Q4; data/current_revenue_outlook/revenue_chart_rows.csv:middle_east_high__12c_delay_6m:2027Q1; data/current_revenue_outlook/revenue_chart_rows.csv:middle_east_high__12c_delay_6m:2027Q2; scenario_inputs/scenario_input_wide.parquet:PED:population (2026Q3; 2026Q4; 2027Q1; 2027Q2); VFM 202405 Base uptake shares; MBU26 rate cells AB5; AB7; AB9,,,,,,,source_backed,dynamic_RESID_GBR_n150_d1_lr0.05_w36,raw Light RUC conventional model forecast (preserved exactly under the Base uptake basis),False,12458.8356197041,-382.4354541974917,available,Model path,current_finalist_model,current_finalist_model,current_model_forecast,current_finalist_forecast,2026Q3; 2026Q4; 2027Q1; 2027Q2,,2026Q3; 2026Q4; 2027Q1; 2027Q2,False,diesel_elasticity_to_conventional_ice_only; bev_phev_activity_fixed_to_base,True,high_shifted_6m,delay_6m,0.9212658387203224
2027,FY2027,Current finalist High population/comparison,Current planned path,middle_east_high__12c_delay_6m,comparison,heavy_ruc_net_km,Heavy RUC net km,Key volumes,3925.1360766562548,million km,bridge_input,current_finalist_model,forecast_scenario_comparison.parquet,data/current_revenue_outlook/revenue_chart_rows.csv:middle_east_high__12c_delay_6m:2026Q3; data/current_revenue_outlook/revenue_chart_rows.csv:middle_east_high__12c_delay_6m:2026Q4; data/current_revenue_outlook/revenue_chart_rows.csv:middle_east_high__12c_delay_6m:2027Q1; data/current_revenue_outlook/revenue_chart_rows.csv:middle_east_high__12c_delay_6m:2027Q2,,,,,,,source_backed,HEAVY_RUC__VNEXT_SOLVED_CONVEX_TOP4,sum quarterly current finalist Heavy RUC net km,False,4234.60357706342,-309.46750040716506,available,Model path,current_finalist_model,current_finalist_model,current_model_forecast,current_finalist_forecast,2026Q3; 2026Q4; 2027Q1; 2027Q2,,2026Q3; 2026Q4; 2027Q1; 2027Q2,False,,False,high_shifted_6m,delay_6m,0.9212658387203224
2027,FY2027,Current finalist High population/comparison,Current planned path,middle_east_high__12c_delay_6m,comparison,light_bev_ruc_net_km,Light BEV RUC net km,Key volumes,1541.0531756214164,million km,bridge_input,raw AR(1) PED VKT per capita x scenario-input population; raw Light RUC conventional model forecast expanded by MoT VFM 202405 Base uptake shares (conventional_anchor_vfm_composition_v1),forecast_scenario_comparison.parquet; mbu26_official_annual.csv,data/current_revenue_outlook/revenue_chart_rows.csv:middle_east_high__12c_delay_6m:2026Q3; data/current_revenue_outlook/revenue_chart_rows.csv:middle_east_high__12c_delay_6m:2026Q4; data/current_revenue_outlook/revenue_chart_rows.csv:middle_east_high__12c_delay_6m:2027Q1; data/current_revenue_outlook/revenue_chart_rows.csv:middle_east_high__12c_delay_6m:2027Q2; data/current_revenue_outlook/revenue_chart_rows.csv:middle_east_high__12c_delay_6m:2026Q3; data/current_revenue_outlook/revenue_chart_rows.csv:middle_east_high__12c_delay_6m:2026Q4; data/current_revenue_outlook/revenue_chart_rows.csv:middle_east_high__12c_delay_6m:2027Q1; data/current_revenue_outlook/revenue_chart_rows.csv:middle_east_high__12c_delay_6m:2027Q2; scenario_inputs/scenario_input_wide.parquet:PED:population (2026Q3; 2026Q4; 2027Q1; 2027Q2); VFM 202405 Base uptake shares; MBU26 rate cells AB5; AB7; AB9,,,,,,,source_backed,PED__DIAGLAB__B__glsar__ylag1__ar1__wexp; dynamic_RESID_GBR_n150_d1_lr0.05_w36; HEAVY_RUC__VNEXT_SOLVED_CONVEX_TOP4,base pool (conventional / VFM Base conventional share) * VFM Base Light BEV share,False,1572.19480045545,-129.30105296591614,available,Model path,current_finalist_model,current_finalist_model,current_model_forecast,current_finalist_forecast,2026Q3; 2026Q4; 2027Q1; 2027Q2,,2026Q3; 2026Q4; 2027Q1; 2027Q2,False,diesel_elasticity_to_conventional_ice_only; bev_phev_activity_fixed_to_base,True,high_shifted_6m,delay_6m,0.9212658387203224
2027,FY2027,Current finalist High population/comparison,Current planned path,middle_east_high__12c_delay_6m,comparison,heavy_bev_ruc_net_km,Heavy BEV RUC net km,Key volumes,0.0,million km,bridge_input,MBU26 official fixed component,annual_spine.csv,AB8,,,,,,,source_backed,,nan,False,0.0,0.0,available,Model path,current_finalist_model,current_finalist_model,current_model_forecast,current_finalist_forecast,2026Q3; 2026Q4; 2027Q1; 2027Q2,,2026Q3; 2026Q4; 2027Q1; 2027Q2,False,diesel_elasticity_to_conventional_ice_only; bev_phev_activity_fixed_to_base,True,high_shifted_6m,delay_6m,0.9212658387203224
2027,FY2027,Current finalist High population/comparison,Current planned path,middle_east_high__12c_delay_6m,comparison,phev_ruc_net_km,PHEV RUC net km,Key volumes,844.9595723514738,million km,bridge_input,raw AR(1) PED VKT per capita x scenario-input population; raw Light RUC conventional model forecast expanded by MoT VFM 202405 Base uptake shares (conventional_anchor_vfm_composition_v1),forecast_scenario_comparison.parquet; mbu26_official_annual.csv,data/current_revenue_outlook/revenue_chart_rows.csv:middle_east_high__12c_delay_6m:2026Q3; data/current_revenue_outlook/revenue_chart_rows.csv:middle_east_high__12c_delay_6m:2026Q4; data/current_revenue_outlook/revenue_chart_rows.csv:middle_east_high__12c_delay_6m:2027Q1; data/current_revenue_outlook/revenue_chart_rows.csv:middle_east_high__12c_delay_6m:2027Q2; data/current_revenue_outlook/revenue_chart_rows.csv:middle_east_high__12c_delay_6m:2026Q3; data/current_revenue_outlook/revenue_chart_rows.csv:middle_east_high__12c_delay_6m:2026Q4; data/current_revenue_outlook/revenue_chart_rows.csv:middle_east_high__12c_delay_6m:2027Q1; data/current_revenue_outlook/revenue_chart_rows.csv:middle_east_high__12c_delay_6m:2027Q2; scenario_inputs/scenario_input_wide.parquet:PED:population (2026Q3; 2026Q4; 2027Q1; 2027Q2); VFM 202405 Base uptake shares; MBU26 rate cells AB5; AB7; AB9,,,,,,,source_backed,PED__DIAGLAB__B__glsar__ylag1__ar1__wexp; dynamic_RESID_GBR_n150_d1_lr0.05_w36; HEAVY_RUC__VNEXT_SOLVED_CONVEX_TOP4,base pool (conventional / VFM Base conventional share) * VFM Base PHEV share,False,866.45343854562,-75.31468803771156,available,Model path,current_finalist_model,current_finalist_model,current_model_forecast,current_finalist_forecast,2026Q3; 2026Q4; 2027Q1; 2027Q2,,2026Q3; 2026Q4; 2027Q1; 2027Q2,False,diesel_elasticity_to_conventional_ice_only; bev_phev_activity_fixed_to_base,True,high_shifted_6m,delay_6m,0.9212658387203224
2027,FY2027,Current finalist High population/comparison,Current planned path,middle_east_high__12c_delay_6m,comparison,ped_volume,PED volume,Key volumes,2800.9017832817917,million litres,bridge_input,raw AR(1) PED VKT/capita + scenario-input population (scenario_input_population) + MBU26 intensity,forecast_scenario_comparison.parquet; scenario_inputs/scenario_input_wide.parquet; mbu26_official_annual.csv,data/current_revenue_outlook/revenue_chart_rows.csv:middle_east_high__12c_delay_6m:2026Q3; data/current_revenue_outlook/revenue_chart_rows.csv:middle_east_high__12c_delay_6m:2026Q4; data/current_revenue_outlook/revenue_chart_rows.csv:middle_east_high__12c_delay_6m:2027Q1; data/current_revenue_outlook/revenue_chart_rows.csv:middle_east_high__12c_delay_6m:2027Q2; data/current_revenue_outlook/revenue_chart_rows.csv:middle_east_high__12c_delay_6m:2026Q3; data/current_revenue_outlook/revenue_chart_rows.csv:middle_east_high__12c_delay_6m:2026Q4; data/current_revenue_outlook/revenue_chart_rows.csv:middle_east_high__12c_delay_6m:2027Q1; data/current_revenue_outlook/revenue_chart_rows.csv:middle_east_high__12c_delay_6m:2027Q2; scenario_inputs/scenario_input_wide.parquet:PED:population (2026Q3; 2026Q4; 2027Q1; 2027Q2); VFM 202405 Base uptake shares; MBU26 rate cells AB5; AB7; AB9,forecast_scenario_comparison.parquet,data/current_revenue_outlook/revenue_chart_rows.csv:middle_east_high__12c_delay_6m:2026Q3; data/current_revenue_outlook/revenue_chart_rows.csv:middle_east_high__12c_delay_6m:2026Q4; data/current_revenue_outlook/revenue_chart_rows.csv:middle_east_high__12c_delay_6m:2027Q1; data/current_revenue_outlook/revenue_chart_rows.csv:middle_east_high__12c_delay_6m:2027Q2,current_finalist_model,scenario_inputs/scenario_input_wide.parquet,scenario_inputs/scenario_input_wide.parquet:PED:population (2026Q3; 2026Q4; 2027Q1; 2027Q2),scenario_input_population,source_backed,PED__DIAGLAB__B__glsar__ylag1__ar1__wexp,raw PED/light-petrol VKT * MBU26 litres intensity / 100,False,2843.76392941454,-42.86214613274842,available,Model path,current_finalist_model,current_finalist_model,current_model_forecast,current_finalist_forecast,2026Q3; 2026Q4; 2027Q1; 2027Q2,,2026Q3; 2026Q4; 2027Q1; 2027Q2,False,,False,high_shifted_6m,delay_6m,0.9212658387203224
2027,FY2027,Current finalist High population/comparison,Current planned path,middle_east_high__12c_delay_6m,comparison,light_petrol_vkt,Light petrol VKT,Key volumes,31055.787188871574,million km,bridge_input,raw AR(1) PED VKT per capita x scenario-input population; raw Light RUC conventional model forecast expanded by MoT VFM 202405 Base uptake shares (conventional_anchor_vfm_composition_v1),forecast_scenario_comparison.parquet; mbu26_official_annual.csv,data/current_revenue_outlook/revenue_chart_rows.csv:middle_east_high__12c_delay_6m:2026Q3; data/current_revenue_outlook/revenue_chart_rows.csv:middle_east_high__12c_delay_6m:2026Q4; data/current_revenue_outlook/revenue_chart_rows.csv:middle_east_high__12c_delay_6m:2027Q1; data/current_revenue_outlook/revenue_chart_rows.csv:middle_east_high__12c_delay_6m:2027Q2; data/current_revenue_outlook/revenue_chart_rows.csv:middle_east_high__12c_delay_6m:2026Q3; data/current_revenue_outlook/revenue_chart_rows.csv:middle_east_high__12c_delay_6m:2026Q4; data/current_revenue_outlook/revenue_chart_rows.csv:middle_east_high__12c_delay_6m:2027Q1; data/current_revenue_outlook/revenue_chart_rows.csv:middle_east_high__12c_delay_6m:2027Q2; scenario_inputs/scenario_input_wide.parquet:PED:population (2026Q3; 2026Q4; 2027Q1; 2027Q2); VFM 202405 Base uptake shares; MBU26 rate cells AB5; AB7; AB9,forecast_scenario_comparison.parquet,data/current_revenue_outlook/revenue_chart_rows.csv:middle_east_high__12c_delay_6m:2026Q3; data/current_revenue_outlook/revenue_chart_rows.csv:middle_east_high__12c_delay_6m:2026Q4; data/current_revenue_outlook/revenue_chart_rows.csv:middle_east_high__12c_delay_6m:2027Q1; data/current_revenue_outlook/revenue_chart_rows.csv:middle_east_high__12c_delay_6m:2027Q2,current_finalist_model,scenario_inputs/scenario_input_wide.parquet,scenario_inputs/scenario_input_wide.parquet:PED:population (2026Q3; 2026Q4; 2027Q1; 2027Q2),scenario_input_population,source_backed,,raw AR(1) PED VKT per capita * scenario-input population,False,31531.0333030703,-475.246114198726,available,Model path,current_finalist_model,current_finalist_model,current_model_forecast,current_finalist_forecast,2026Q3; 2026Q4; 2027Q1; 2027Q2,,2026Q3; 2026Q4; 2027Q1; 2027Q2,False,,False,high_shifted_6m,delay_6m,0.9212658387203224
2027,FY2027,Current finalist High population/comparison,Current planned path,middle_east_high__12c_delay_6m,comparison,ped_vkt_per_capita,PED VKT per capita,Key volumes,5742.210262832012,km/person,bridge_input,current_finalist_model,forecast_scenario_comparison.parquet,data/current_revenue_outlook/revenue_chart_rows.csv:middle_east_high__12c_delay_6m:2026Q3; data/current_revenue_outlook/revenue_chart_rows.csv:middle_east_high__12c_delay_6m:2026Q4; data/current_revenue_outlook/revenue_chart_rows.csv:middle_east_high__12c_delay_6m:2027Q1; data/current_revenue_outlook/revenue_chart_rows.csv:middle_east_high__12c_delay_6m:2027Q2,forecast_scenario_comparison.parquet,data/current_revenue_outlook/revenue_chart_rows.csv:middle_east_high__12c_delay_6m:2026Q3; data/current_revenue_outlook/revenue_chart_rows.csv:middle_east_high__12c_delay_6m:2026Q4; data/current_revenue_outlook/revenue_chart_rows.csv:middle_east_high__12c_delay_6m:2027Q1; data/current_revenue_outlook/revenue_chart_rows.csv:middle_east_high__12c_delay_6m:2027Q2,current_finalist_model,,,,source_backed,PED__DIAGLAB__B__glsar__ylag1__ar1__wexp,sum quarterly current finalist PED VKT/capita,False,5816.72597882556,-74.51571599354793,available,Model path,current_finalist_model,current_finalist_model,current_model_forecast,current_finalist_forecast,2026Q3; 2026Q4; 2027Q1; 2027Q2,,2026Q3; 2026Q4; 2027Q1; 2027Q2,False,,False,high_shifted_6m,delay_6m,0.9212658387203224
2027,FY2027,Current finalist High population/comparison,Current planned path,middle_east_high__12c_delay_6m,comparison,tuc_gtk,TUC GTK,Key volumes,8179315222.66,tonne-km,bridge_input,MBU26 official fixed component,annual_spine.csv,AB13,,,,,,,source_backed,,nan,False,8179315222.66,0.0,available,Model path,current_finalist_model,current_finalist_model,current_model_forecast,current_finalist_forecast,2026Q3; 2026Q4; 2027Q1; 2027Q2,,2026Q3; 2026Q4; 2027Q1; 2027Q2,False,,False,high_shifted_6m,delay_6m,0.9212658387203224
2027,FY2027,Current finalist High population/comparison,Current planned path,middle_east_high__12c_delay_6m,comparison,light_ruc_net_revenue,Light RUC revenue,RUC,811.8197419806664,$m nominal ex GST,replacement_line,"raw AR(1) PED bridge and conventional-anchor VFM composition, scenario-input population and MBU26 effective rate",forecast_scenario_comparison.parquet; mbu26_official_annual.csv,data/current_revenue_outlook/revenue_chart_rows.csv:middle_east_high__12c_delay_6m:2026Q3; data/current_revenue_outlook/revenue_chart_rows.csv:middle_east_high__12c_delay_6m:2026Q4; data/current_revenue_outlook/revenue_chart_rows.csv:middle_east_high__12c_delay_6m:2027Q1; data/current_revenue_outlook/revenue_chart_rows.csv:middle_east_high__12c_delay_6m:2027Q2; data/current_revenue_outlook/revenue_chart_rows.csv:middle_east_high__12c_delay_6m:2026Q3; data/current_revenue_outlook/revenue_chart_rows.csv:middle_east_high__12c_delay_6m:2026Q4; data/current_revenue_outlook/revenue_chart_rows.csv:middle_east_high__12c_delay_6m:2027Q1; data/current_revenue_outlook/revenue_chart_rows.csv:middle_east_high__12c_delay_6m:2027Q2; scenario_inputs/scenario_input_wide.parquet:PED:population (2026Q3; 2026Q4; 2027Q1; 2027Q2); VFM 202405 Base uptake shares; MBU26 rate cells AB5; AB7; AB9,,,,,,,source_backed,dynamic_RESID_GBR_n150_d1_lr0.05_w36,conventional Light RUC km * MBU26 conventional Light effective rate,True,909.106161645825,-27.90585239706502,available,Model path,current_finalist_model,current_finalist_model,current_model_forecast,current_finalist_forecast,2026Q3; 2026Q4; 2027Q1; 2027Q2,,2026Q3; 2026Q4; 2027Q1; 2027Q2,False,diesel_elasticity_to_conventional_ice_only; bev_phev_activity_fixed_to_base,True,high_shifted_6m,delay_6m,0.9212658387203224
2027,FY2027,Current finalist High population/comparison,Current planned path,middle_east_high__12c_delay_6m,comparison,heavy_ruc_net_revenue,Heavy RUC revenue,RUC,1086.0171450621967,$m nominal ex GST,replacement_line,current_finalist_model + MBU26 effective rate,forecast_scenario_comparison.parquet; mbu26_official_annual.csv,data/current_revenue_outlook/revenue_chart_rows.csv:middle_east_high__12c_delay_6m:2026Q3; data/current_revenue_outlook/revenue_chart_rows.csv:middle_east_high__12c_delay_6m:2026Q4; data/current_revenue_outlook/revenue_chart_rows.csv:middle_east_high__12c_delay_6m:2027Q1; data/current_revenue_outlook/revenue_chart_rows.csv:middle_east_high__12c_delay_6m:2027Q2,,,,,,,source_backed,HEAVY_RUC__VNEXT_SOLVED_CONVEX_TOP4,sum quarterly current Heavy RUC net km * MBU26 effective rate,True,1271.77345703347,-92.94200641686962,available,Model path,current_finalist_model,current_finalist_model,current_model_forecast,current_finalist_forecast,2026Q3; 2026Q4; 2027Q1; 2027Q2,,2026Q3; 2026Q4; 2027Q1; 2027Q2,False,,False,high_shifted_6m,delay_6m,0.9212658387203224
2027,FY2027,Current finalist High population/comparison,Current planned path,middle_east_high__12c_delay_6m,comparison,light_bev_ruc_net_revenue,Light BEV RUC net revenue,RUC,103.51663034131343,$m nominal ex GST,replacement_line,"raw AR(1) PED bridge and conventional-anchor VFM composition, scenario-input population and MBU26 effective rate",forecast_scenario_comparison.parquet; mbu26_official_annual.csv,data/current_revenue_outlook/revenue_chart_rows.csv:middle_east_high__12c_delay_6m:2026Q3; data/current_revenue_outlook/revenue_chart_rows.csv:middle_east_high__12c_delay_6m:2026Q4; data/current_revenue_outlook/revenue_chart_rows.csv:middle_east_high__12c_delay_6m:2027Q1; data/current_revenue_outlook/revenue_chart_rows.csv:middle_east_high__12c_delay_6m:2027Q2; data/current_revenue_outlook/revenue_chart_rows.csv:middle_east_high__12c_delay_6m:2026Q3; data/current_revenue_outlook/revenue_chart_rows.csv:middle_east_high__12c_delay_6m:2026Q4; data/current_revenue_outlook/revenue_chart_rows.csv:middle_east_high__12c_delay_6m:2027Q1; data/current_revenue_outlook/revenue_chart_rows.csv:middle_east_high__12c_delay_6m:2027Q2; scenario_inputs/scenario_input_wide.parquet:PED:population (2026Q3; 2026Q4; 2027Q1; 2027Q2); VFM 202405 Base uptake shares; MBU26 rate cells AB5; AB7; AB9,,,,,,,source_backed,PED__DIAGLAB__B__glsar__ylag1__ar1__wexp; dynamic_RESID_GBR_n150_d1_lr0.05_w36; HEAVY_RUC__VNEXT_SOLVED_CONVEX_TOP4,allocated Light BEV RUC km * MBU26 Light BEV effective rate,True,114.634116955081,-9.42778339161029,available,Model path,current_finalist_model,current_finalist_model,current_model_forecast,current_finalist_forecast,2026Q3; 2026Q4; 2027Q1; 2027Q2,,2026Q3; 2026Q4; 2027Q1; 2027Q2,False,diesel_elasticity_to_conventional_ice_only; bev_phev_activity_fixed_to_base,True,high_shifted_6m,delay_6m,0.9212658387203224
2027,FY2027,Current finalist High population/comparison,Current planned path,middle_east_high__12c_delay_6m,comparison,heavy_bev_ruc_net_revenue,Heavy BEV RUC net revenue,RUC,0.0,$m nominal ex GST,leaf,MBU26 official fixed component,annual_spine.csv,AB31,,,,,,,source_backed,,nan,False,0.0,0.0,available,Model path,current_finalist_model,current_finalist_model,current_model_forecast,current_finalist_forecast,2026Q3; 2026Q4; 2027Q1; 2027Q2,,2026Q3; 2026Q4; 2027Q1; 2027Q2,False,diesel_elasticity_to_conventional_ice_only; bev_phev_activity_fixed_to_base,True,high_shifted_6m,delay_6m,0.9212658387203224
2027,FY2027,Current finalist High population/comparison,Current planned path,middle_east_high__12c_delay_6m,comparison,phev_ruc_net_revenue,PHEV RUC net revenue,RUC,28.487023173248186,$m nominal ex GST,replacement_line,"raw AR(1) PED bridge and conventional-anchor VFM composition, scenario-input population and MBU26 effective rate",forecast_scenario_comparison.parquet; mbu26_official_annual.csv,data/current_revenue_outlook/revenue_chart_rows.csv:middle_east_high__12c_delay_6m:2026Q3; data/current_revenue_outlook/revenue_chart_rows.csv:middle_east_high__12c_delay_6m:2026Q4; data/current_revenue_outlook/revenue_chart_rows.csv:middle_east_high__12c_delay_6m:2027Q1; data/current_revenue_outlook/revenue_chart_rows.csv:middle_east_high__12c_delay_6m:2027Q2; data/current_revenue_outlook/revenue_chart_rows.csv:middle_east_high__12c_delay_6m:2026Q3; data/current_revenue_outlook/revenue_chart_rows.csv:middle_east_high__12c_delay_6m:2026Q4; data/current_revenue_outlook/revenue_chart_rows.csv:middle_east_high__12c_delay_6m:2027Q1; data/current_revenue_outlook/revenue_chart_rows.csv:middle_east_high__12c_delay_6m:2027Q2; scenario_inputs/scenario_input_wide.parquet:PED:population (2026Q3; 2026Q4; 2027Q1; 2027Q2); VFM 202405 Base uptake shares; MBU26 rate cells AB5; AB7; AB9,,,,,,,source_backed,PED__DIAGLAB__B__glsar__ylag1__ar1__wexp; dynamic_RESID_GBR_n150_d1_lr0.05_w36; HEAVY_RUC__VNEXT_SOLVED_CONVEX_TOP4,allocated PHEV RUC km * MBU26 PHEV effective rate,True,31.7081862571269,-2.756169056476576,available,Model path,current_finalist_model,current_finalist_model,current_model_forecast,current_finalist_forecast,2026Q3; 2026Q4; 2027Q1; 2027Q2,,2026Q3; 2026Q4; 2027Q1; 2027Q2,False,diesel_elasticity_to_conventional_ice_only; bev_phev_activity_fixed_to_base,True,high_shifted_6m,delay_6m,0.9212658387203224
2027,FY2027,Current finalist High population/comparison,Current planned path,middle_east_high__12c_delay_6m,comparison,ruc_refunds,RUC refunds,RUC,78.1187556293993,$m nominal ex GST,deduction,MBU26 official fixed component,annual_spine.csv,AB33,,,,,,,source_backed,,nan,False,78.1187556293993,0.0,available,Model path,current_finalist_model,current_finalist_model,current_model_forecast,current_finalist_forecast,2026Q3; 2026Q4; 2027Q1; 2027Q2,,2026Q3; 2026Q4; 2027Q1; 2027Q2,False,,False,high_shifted_6m,delay_6m,0.9212658387203224
2027,FY2027,Current finalist High population/comparison,Current planned path,middle_east_high__12c_delay_6m,comparison,gross_ruc_revenue,Gross RUC revenue,RUC,2107.9592961868243,$m nominal ex GST,calculated_rollup,current_hybrid_formula,current_hybrid_formula,current_revenue_outlook:middle_east_high__12c_delay_6m:FY2027,,,,,,,source_backed,,optimized light_ruc_net_revenue + heavy_ruc_net_revenue + optimized light_bev_ruc_net_revenue + MBU26 heavy_bev_ruc_net_revenue + optimized phev_ruc_net_revenue + MBU26 ruc_refunds,False,2405.96768954745,-133.65882328856878,available,Model path,current_finalist_model,current_finalist_model,current_model_forecast,current_finalist_forecast,2026Q3; 2026Q4; 2027Q1; 2027Q2,,2026Q3; 2026Q4; 2027Q1; 2027Q2,False,,False,high_shifted_6m,delay_6m,0.9212658387203224
2027,FY2027,Current finalist High population/comparison,Current planned path,middle_east_high__12c_delay_6m,comparison,ruc_admin_revenue,RUC admin revenue,RUC,34.8931365028412,$m nominal ex GST,deduction,MBU26 official fixed component,annual_spine.csv,AB35,,,,,,,source_backed,,nan,False,34.8931365028412,0.0,available,Model path,current_finalist_model,current_finalist_model,current_model_forecast,current_finalist_forecast,2026Q3; 2026Q4; 2027Q1; 2027Q2,,2026Q3; 2026Q4; 2027Q1; 2027Q2,False,,False,high_shifted_6m,delay_6m,0.9212658387203224
2027,FY2027,Current finalist High population/comparison,Current planned path,middle_east_high__12c_delay_6m,comparison,ruc_revenue_net_admin,RUC revenues net of admin fees,RUC,2073.066159683983,$m nominal ex GST,calculated_rollup,current_hybrid_formula,current_hybrid_formula,current_revenue_outlook:middle_east_high__12c_delay_6m:FY2027,,,,,,,source_backed,,gross_ruc_revenue - MBU26 ruc_admin_revenue,False,2371.07455304461,-133.65882328857015,available,Model path,current_finalist_model,current_finalist_model,current_model_forecast,current_finalist_forecast,2026Q3; 2026Q4; 2027Q1; 2027Q2,,2026Q3; 2026Q4; 2027Q1; 2027Q2,False,,False,high_shifted_6m,delay_6m,0.9212658387203224
2027,FY2027,Current finalist High population/comparison,Current planned path,middle_east_high__12c_delay_6m,comparison,total_ruc_net_revenue,Total RUC all classes,RUC,1994.9474040545838,$m nominal ex GST,calculated_rollup,current_hybrid_formula,current_hybrid_formula,current_revenue_outlook:middle_east_high__12c_delay_6m:FY2027,,,,,,,source_backed,PED__DIAGLAB__B__glsar__ylag1__ar1__wexp; dynamic_RESID_GBR_n150_d1_lr0.05_w36; HEAVY_RUC__VNEXT_SOLVED_CONVEX_TOP4,ruc_revenue_net_admin - MBU26 ruc_refunds,False,2292.95579741521,-133.65882328856924,available,Model path,current_finalist_model,current_finalist_model,current_model_forecast,current_finalist_forecast,2026Q3; 2026Q4; 2027Q1; 2027Q2,,2026Q3; 2026Q4; 2027Q1; 2027Q2,False,,False,high_shifted_6m,delay_6m,0.9212658387203224
2027,FY2027,Current finalist High population/comparison,Current planned path,middle_east_high__12c_delay_6m,comparison,gross_ped_revenue,PED revenue,FED,1961.3034647252416,$m nominal ex GST,replacement_line,"raw AR(1) PED bridge and conventional-anchor VFM composition, scenario-input population and MBU26 effective rate; population_source=scenario_input_population",forecast_scenario_comparison.parquet; scenario_inputs/scenario_input_wide.parquet; mbu26_official_annual.csv,data/current_revenue_outlook/revenue_chart_rows.csv:middle_east_high__12c_delay_6m:2026Q3; data/current_revenue_outlook/revenue_chart_rows.csv:middle_east_high__12c_delay_6m:2026Q4; data/current_revenue_outlook/revenue_chart_rows.csv:middle_east_high__12c_delay_6m:2027Q1; data/current_revenue_outlook/revenue_chart_rows.csv:middle_east_high__12c_delay_6m:2027Q2; data/current_revenue_outlook/revenue_chart_rows.csv:middle_east_high__12c_delay_6m:2026Q3; data/current_revenue_outlook/revenue_chart_rows.csv:middle_east_high__12c_delay_6m:2026Q4; data/current_revenue_outlook/revenue_chart_rows.csv:middle_east_high__12c_delay_6m:2027Q1; data/current_revenue_outlook/revenue_chart_rows.csv:middle_east_high__12c_delay_6m:2027Q2; scenario_inputs/scenario_input_wide.parquet:PED:population (2026Q3; 2026Q4; 2027Q1; 2027Q2); VFM 202405 Base uptake shares; MBU26 rate cells AB5; AB7; AB9,forecast_scenario_comparison.parquet,data/current_revenue_outlook/revenue_chart_rows.csv:middle_east_high__12c_delay_6m:2026Q3; data/current_revenue_outlook/revenue_chart_rows.csv:middle_east_high__12c_delay_6m:2026Q4; data/current_revenue_outlook/revenue_chart_rows.csv:middle_east_high__12c_delay_6m:2027Q1; data/current_revenue_outlook/revenue_chart_rows.csv:middle_east_high__12c_delay_6m:2027Q2,current_finalist_model,scenario_inputs/scenario_input_wide.parquet,scenario_inputs/scenario_input_wide.parquet:PED:population (2026Q3; 2026Q4; 2027Q1; 2027Q2),scenario_input_population,source_backed,PED__DIAGLAB__B__glsar__ylag1__ar1__wexp,raw PED/light-petrol VKT * MBU26 litres intensity / 100 * MBU26 PED rate,True,2161.50124126958,-32.57885829098632,available,Model path,current_finalist_model,current_finalist_model,current_model_forecast,current_finalist_forecast,2026Q3; 2026Q4; 2027Q1; 2027Q2,,2026Q3; 2026Q4; 2027Q1; 2027Q2,False,,False,high_shifted_6m,delay_6m,0.9212658387203224
2027,FY2027,Current finalist High population/comparison,Current planned path,middle_east_high__12c_delay_6m,comparison,gross_lpg_revenue,Gross LPG revenue,FED,42.6326898203412,$m nominal ex GST,leaf,MBU26 official fixed component,annual_spine.csv,AB41,,,,,,,source_backed,,nan,False,42.6326898203412,0.0,available,Model path,current_finalist_model,current_finalist_model,current_model_forecast,current_finalist_forecast,2026Q3; 2026Q4; 2027Q1; 2027Q2,,2026Q3; 2026Q4; 2027Q1; 2027Q2,False,,False,high_shifted_6m,delay_6m,0.9212658387203224
2027,FY2027,Current finalist High population/comparison,Current planned path,middle_east_high__12c_delay_6m,comparison,gross_cng_revenue,Gross CNG revenue,FED,0.0,$m nominal ex GST,leaf,MBU26 official fixed component,annual_spine.csv,AB42,,,,,,,source_backed,,nan,False,0.0,0.0,available,Model path,current_finalist_model,current_finalist_model,current_model_forecast,current_finalist_forecast,2026Q3; 2026Q4; 2027Q1; 2027Q2,,2026Q3; 2026Q4; 2027Q1; 2027Q2,False,,False,high_shifted_6m,delay_6m,0.9212658387203224
2027,FY2027,Current finalist High population/comparison,Current planned path,middle_east_high__12c_delay_6m,comparison,gross_fed_revenue,Gross FED revenue,FED,2003.936154545583,$m nominal ex GST,calculated_rollup,current_hybrid_formula,current_hybrid_formula,current_revenue_outlook:middle_east_high__12c_delay_6m:FY2027,,,,,,,source_backed,PED__DIAGLAB__B__glsar__ylag1__ar1__wexp,gross_ped_revenue + MBU26 gross_lpg_revenue + MBU26 gross_cng_revenue,False,2204.13393108992,-32.57885829098541,available,Model path,current_finalist_model,current_finalist_model,current_model_forecast,current_finalist_forecast,2026Q3; 2026Q4; 2027Q1; 2027Q2,,2026Q3; 2026Q4; 2027Q1; 2027Q2,False,,False,high_shifted_6m,delay_6m,0.9212658387203224
2027,FY2027,Current finalist High population/comparison,Current planned path,middle_east_high__12c_delay_6m,comparison,fed_refunds,FED refunds,FED,80.6529606896518,$m nominal ex GST,deduction,MBU26 official fixed component,annual_spine.csv,AB44,,,,,,,source_backed,,nan,False,80.6529606896518,0.0,available,Model path,current_finalist_model,current_finalist_model,current_model_forecast,current_finalist_forecast,2026Q3; 2026Q4; 2027Q1; 2027Q2,,2026Q3; 2026Q4; 2027Q1; 2027Q2,False,,False,high_shifted_6m,delay_6m,0.9212658387203224
2027,FY2027,Current finalist High population/comparison,Current planned path,middle_east_high__12c_delay_6m,comparison,net_fed_revenue,Net FED revenue,FED,1923.2831938559311,$m nominal ex GST,calculated_rollup,current_hybrid_formula,current_hybrid_formula,current_revenue_outlook:middle_east_high__12c_delay_6m:FY2027,,,,,,,source_backed,PED__DIAGLAB__B__glsar__ylag1__ar1__wexp,gross_fed_revenue - MBU26 fed_refunds,False,2123.48097040027,-32.57885829098723,available,Model path,current_finalist_model,current_finalist_model,current_model_forecast,current_finalist_forecast,2026Q3; 2026Q4; 2027Q1; 2027Q2,,2026Q3; 2026Q4; 2027Q1; 2027Q2,False,,False,high_shifted_6m,delay_6m,0.9212658387203224
2027,FY2027,Current finalist High population/comparison,Current planned path,middle_east_high__12c_delay_6m,comparison,mr1_revenue,MR1 revenue,MVR,526.840027334863,$m nominal ex GST,leaf,MBU26 official fixed component,annual_spine.csv,AB48,,,,,,,source_backed,,nan,False,526.840027334863,0.0,available,Model path,current_finalist_model,current_finalist_model,current_model_forecast,current_finalist_forecast,2026Q3; 2026Q4; 2027Q1; 2027Q2,,2026Q3; 2026Q4; 2027Q1; 2027Q2,False,,False,high_shifted_6m,delay_6m,0.9212658387203224
2027,FY2027,Current finalist High population/comparison,Current planned path,middle_east_high__12c_delay_6m,comparison,mr2_revenue,MR2 revenue,MVR,31.3601498274909,$m nominal ex GST,leaf,MBU26 official fixed component,annual_spine.csv,AB49,,,,,,,source_backed,,nan,False,31.3601498274909,0.0,available,Model path,current_finalist_model,current_finalist_model,current_model_forecast,current_finalist_forecast,2026Q3; 2026Q4; 2027Q1; 2027Q2,,2026Q3; 2026Q4; 2027Q1; 2027Q2,False,,False,high_shifted_6m,delay_6m,0.9212658387203224
2027,FY2027,Current finalist High population/comparison,Current planned path,middle_east_high__12c_delay_6m,comparison,coo_revenue,MR13,MVR,0.0,$m nominal ex GST,deduction,MBU26 official fixed component,annual_spine.csv,AB50,,,,,,,source_backed,,nan,False,0.0,0.0,available,Model path,current_finalist_model,current_finalist_model,current_model_forecast,current_finalist_forecast,2026Q3; 2026Q4; 2027Q1; 2027Q2,,2026Q3; 2026Q4; 2027Q1; 2027Q2,False,,False,high_shifted_6m,delay_6m,0.9212658387203224
2027,FY2027,Current finalist High population/comparison,Current planned path,middle_east_high__12c_delay_6m,comparison,gross_mvr_revenue,Gross MVR revenue,MVR,558.2001771623538,$m nominal ex GST,calculated_rollup,MBU26 official formula,mbu26_official_annual.csv,AB51,,,,,,,source_backed,,mr1_revenue + mr2_revenue + coo_revenue,False,558.200177162354,-1.1368683772161603e-13,available,Model path,current_finalist_model,current_finalist_model,current_model_forecast,current_finalist_forecast,2026Q3; 2026Q4; 2027Q1; 2027Q2,,2026Q3; 2026Q4; 2027Q1; 2027Q2,False,,False,high_shifted_6m,delay_6m,0.9212658387203224
2027,FY2027,Current finalist High population/comparison,Current planned path,middle_east_high__12c_delay_6m,comparison,mvr_admin_revenue,MVR admin revenue,MVR,72.2584767411959,$m nominal ex GST,deduction,MBU26 official fixed component,annual_spine.csv,AB52,,,,,,,source_backed,,nan,False,72.2584767411959,0.0,available,Model path,current_finalist_model,current_finalist_model,current_model_forecast,current_finalist_forecast,2026Q3; 2026Q4; 2027Q1; 2027Q2,,2026Q3; 2026Q4; 2027Q1; 2027Q2,False,,False,high_shifted_6m,delay_6m,0.9212658387203224
2027,FY2027,Current finalist High population/comparison,Current planned path,middle_east_high__12c_delay_6m,comparison,mvr_revenue_net_admin_coo,MVR revenues net of admin fees and COO,MVR,485.941700421158,$m nominal ex GST,calculated_rollup,MBU26 official formula,mbu26_official_annual.csv,AB53,,,,,,,source_backed,,mr1_revenue + mr2_revenue - mvr_admin_revenue,False,485.941700421158,-5.684341886080802e-14,available,Model path,current_finalist_model,current_finalist_model,current_model_forecast,current_finalist_forecast,2026Q3; 2026Q4; 2027Q1; 2027Q2,,2026Q3; 2026Q4; 2027Q1; 2027Q2,False,,False,high_shifted_6m,delay_6m,0.9212658387203224
2027,FY2027,Current finalist High population/comparison,Current planned path,middle_east_high__12c_delay_6m,comparison,mvr_refunds,MVR refunds,MVR,1.8947102491513,$m nominal ex GST,deduction,MBU26 official fixed component,annual_spine.csv,AB54,,,,,,,source_backed,,nan,False,1.8947102491513,0.0,available,Model path,current_finalist_model,current_finalist_model,current_model_forecast,current_finalist_forecast,2026Q3; 2026Q4; 2027Q1; 2027Q2,,2026Q3; 2026Q4; 2027Q1; 2027Q2,False,,False,high_shifted_6m,delay_6m,0.9212658387203224
2027,FY2027,Current finalist High population/comparison,Current planned path,middle_east_high__12c_delay_6m,comparison,net_mvr_revenue,Net MVR revenue,MVR,484.0469901720067,$m nominal ex GST,calculated_rollup,MBU26 official formula,mbu26_official_annual.csv,AB55,,,,,,,source_backed,,mvr_revenue_net_admin_coo - mvr_refunds,False,484.046990172007,-3.410605131648481e-13,available,Model path,current_finalist_model,current_finalist_model,current_model_forecast,current_finalist_forecast,2026Q3; 2026Q4; 2027Q1; 2027Q2,,2026Q3; 2026Q4; 2027Q1; 2027Q2,False,,False,high_shifted_6m,delay_6m,0.9212658387203224
2027,FY2027,Current finalist High population/comparison,Current planned path,middle_east_high__12c_delay_6m,comparison,tuc_net_revenue,TUC net revenue,TUC,17.5578996928248,$m nominal ex GST,leaf,MBU26 official fixed component,annual_spine.csv,AB58,,,,,,,source_backed,,nan,False,17.5578996928248,0.0,available,Model path,current_finalist_model,current_finalist_model,current_model_forecast,current_finalist_forecast,2026Q3; 2026Q4; 2027Q1; 2027Q2,,2026Q3; 2026Q4; 2027Q1; 2027Q2,False,,False,high_shifted_6m,delay_6m,0.9212658387203224
2027,FY2027,Current finalist High population/comparison,Current planned path,middle_east_high__12c_delay_6m,comparison,total_gross_revenue,Total gross revenues,Totals,4687.653527587586,$m nominal ex GST,calculated_rollup,current_hybrid_formula,current_hybrid_formula,current_revenue_outlook:middle_east_high__12c_delay_6m:FY2027,,,,,,,source_backed,,gross_ruc_revenue + gross_fed_revenue + gross_mvr_revenue + tuc_net_revenue,False,5185.85969749254,-166.237681579546,available,Model path,current_finalist_model,current_finalist_model,current_model_forecast,current_finalist_forecast,2026Q3; 2026Q4; 2027Q1; 2027Q2,,2026Q3; 2026Q4; 2027Q1; 2027Q2,False,,False,high_shifted_6m,delay_6m,0.9212658387203224
2027,FY2027,Current finalist High population/comparison,Current planned path,middle_east_high__12c_delay_6m,comparison,total_admin_fees,Total admin fees,Totals,107.15161324403711,$m nominal ex GST,calculated_rollup,current_hybrid_formula,current_hybrid_formula,current_revenue_outlook:middle_east_high__12c_delay_6m:FY2027,,,,,,,source_backed,,ruc_admin_revenue + mvr_admin_revenue + coo_revenue,False,107.151613244037,1.1368683772161603e-13,available,Model path,current_finalist_model,current_finalist_model,current_model_forecast,current_finalist_forecast,2026Q3; 2026Q4; 2027Q1; 2027Q2,,2026Q3; 2026Q4; 2027Q1; 2027Q2,False,,False,high_shifted_6m,delay_6m,0.9212658387203224
2027,FY2027,Current finalist High population/comparison,Current planned path,middle_east_high__12c_delay_6m,comparison,total_revenue_net_admin,Total revenues net of admin fees,Totals,4580.501914343548,$m nominal ex GST,calculated_rollup,current_hybrid_formula,current_hybrid_formula,current_revenue_outlook:middle_east_high__12c_delay_6m:FY2027,,,,,,,source_backed,,total_gross_revenue - total_admin_fees,False,5078.70808424851,-166.23768157955328,available,Model path,current_finalist_model,current_finalist_model,current_model_forecast,current_finalist_forecast,2026Q3; 2026Q4; 2027Q1; 2027Q2,,2026Q3; 2026Q4; 2027Q1; 2027Q2,False,,False,high_shifted_6m,delay_6m,0.9212658387203224
2027,FY2027,Current finalist High population/comparison,Current planned path,middle_east_high__12c_delay_6m,comparison,total_refunds,Total refunds,Totals,160.6664265682024,$m nominal ex GST,calculated_rollup,current_hybrid_formula,current_hybrid_formula,current_revenue_outlook:middle_east_high__12c_delay_6m:FY2027,,,,,,,source_backed,,ruc_refunds + fed_refunds + mvr_refunds,False,160.666426568202,3.979039320256561e-13,available,Model path,current_finalist_model,current_finalist_model,current_model_forecast,current_finalist_forecast,2026Q3; 2026Q4; 2027Q1; 2027Q2,,2026Q3; 2026Q4; 2027Q1; 2027Q2,False,,False,high_shifted_6m,delay_6m,0.9212658387203224
2027,FY2027,Current finalist High population/comparison,Current planned path,middle_east_high__12c_delay_6m,comparison,total_nltf_net_revenue,Total NLTF revenue,Totals,4419.835487775346,$m nominal ex GST,calculated_rollup,current_hybrid_formula,current_hybrid_formula,current_revenue_outlook:middle_east_high__12c_delay_6m:FY2027,,,,,,,source_backed,PED__DIAGLAB__B__glsar__ylag1__ar1__wexp; dynamic_RESID_GBR_n150_d1_lr0.05_w36; HEAVY_RUC__VNEXT_SOLVED_CONVEX_TOP4,total_revenue_net_admin - total_refunds,False,4918.0416576803,-166.2376815795451,available,Model path,current_finalist_model,current_finalist_model,current_model_forecast,current_finalist_forecast,2026Q3; 2026Q4; 2027Q1; 2027Q2,,2026Q3; 2026Q4; 2027Q1; 2027Q2,False,,False,high_shifted_6m,delay_6m,0.9212658387203224
2027,FY2027,Current finalist High population/comparison,Current planned path,middle_east_high__12c_delay_6m,comparison,current_light_ruc_conventional_modelled_km,Current finalist Light RUC conventional modelled km,Key volumes,12076.400165506608,million km,audit_only,current_finalist_model_conventional_light_ruc_forecast,forecast_scenario_comparison.parquet,data/current_revenue_outlook/revenue_chart_rows.csv:middle_east_high__12c_delay_6m:2026Q3; data/current_revenue_outlook/revenue_chart_rows.csv:middle_east_high__12c_delay_6m:2026Q4; data/current_revenue_outlook/revenue_chart_rows.csv:middle_east_high__12c_delay_6m:2027Q1; data/current_revenue_outlook/revenue_chart_rows.csv:middle_east_high__12c_delay_6m:2027Q2,,,,,,,source_backed,dynamic_RESID_GBR_n150_d1_lr0.05_w36,sum quarterly current finalist Light RUC conventional model forecast,False,,,available,Model path,current_finalist_model,current_finalist_model,current_model_forecast,current_finalist_forecast,2026Q3; 2026Q4; 2027Q1; 2027Q2,,2026Q3; 2026Q4; 2027Q1; 2027Q2,False,diesel_elasticity_to_conventional_ice_only; bev_phev_activity_fixed_to_base,True,high_shifted_6m,delay_6m,0.9212658387203224
2027,FY2027,Current finalist High population/comparison,Current planned path,middle_east_high__12c_delay_6m,comparison,total_fed_ruc_net_revenue,Total RUC+PED revenue,Derived totals,3918.230597910515,$m nominal ex GST,calculated_rollup,current_hybrid_formula,current_hybrid_formula,current_revenue_outlook:middle_east_high__12c_delay_6m:FY2027,,,,,,,source_backed,PED__DIAGLAB__B__glsar__ylag1__ar1__wexp; dynamic_RESID_GBR_n150_d1_lr0.05_w36; HEAVY_RUC__VNEXT_SOLVED_CONVEX_TOP4,net_fed_revenue + total_ruc_net_revenue,False,4416.43676781548,-166.23768157955692,available,Model path,current_finalist_model,current_finalist_model,current_model_forecast,current_finalist_forecast,2026Q3; 2026Q4; 2027Q1; 2027Q2,,2026Q3; 2026Q4; 2027Q1; 2027Q2,False,,False,high_shifted_6m,delay_6m,0.9212658387203224
2028,FY2028,Current finalist High population/comparison,Current planned path,middle_east_high__12c_delay_6m,comparison,light_ruc_net_km,Light RUC net km,Key volumes,12695.505954360591,million km,bridge_input,raw AR(1) PED VKT per capita x scenario-input population; raw Light RUC conventional model forecast expanded by MoT VFM 202405 Base uptake shares (conventional_anchor_vfm_composition_v1),forecast_scenario_comparison.parquet; mbu26_official_annual.csv,data/current_revenue_outlook/revenue_chart_rows.csv:middle_east_high__12c_delay_6m:2027Q3; data/current_revenue_outlook/revenue_chart_rows.csv:middle_east_high__12c_delay_6m:2027Q4; data/current_revenue_outlook/revenue_chart_rows.csv:middle_east_high__12c_delay_6m:2028Q1; data/current_revenue_outlook/revenue_chart_rows.csv:middle_east_high__12c_delay_6m:2028Q2; data/current_revenue_outlook/revenue_chart_rows.csv:middle_east_high__12c_delay_6m:2027Q3; data/current_revenue_outlook/revenue_chart_rows.csv:middle_east_high__12c_delay_6m:2027Q4; data/current_revenue_outlook/revenue_chart_rows.csv:middle_east_high__12c_delay_6m:2028Q1; data/current_revenue_outlook/revenue_chart_rows.csv:middle_east_high__12c_delay_6m:2028Q2; scenario_inputs/scenario_input_wide.parquet:PED:population (2027Q3; 2027Q4; 2028Q1; 2028Q2); VFM 202405 Base uptake shares; MBU26 rate cells AC5; AC7; AC9,,,,,,,source_backed,dynamic_RESID_GBR_n150_d1_lr0.05_w36,raw Light RUC conventional model forecast (preserved exactly under the Base uptake basis),False,13232.0139233986,-536.5079690380044,available,Model path,current_finalist_model,current_finalist_model,current_model_forecast,current_finalist_forecast,2027Q3; 2027Q4; 2028Q1; 2028Q2,,2027Q3; 2027Q4; 2028Q1; 2028Q2,False,diesel_elasticity_to_conventional_ice_only; bev_phev_activity_fixed_to_base,True,high_shifted_6m,delay_6m,1.0
2028,FY2028,Current finalist High population/comparison,Current planned path,middle_east_high__12c_delay_6m,comparison,heavy_ruc_net_km,Heavy RUC net km,Key volumes,4016.3720180745345,million km,bridge_input,current_finalist_model,forecast_scenario_comparison.parquet,data/current_revenue_outlook/revenue_chart_rows.csv:middle_east_high__12c_delay_6m:2027Q3; data/current_revenue_outlook/revenue_chart_rows.csv:middle_east_high__12c_delay_6m:2027Q4; data/current_revenue_outlook/revenue_chart_rows.csv:middle_east_high__12c_delay_6m:2028Q1; data/current_revenue_outlook/revenue_chart_rows.csv:middle_east_high__12c_delay_6m:2028Q2,,,,,,,source_backed,HEAVY_RUC__VNEXT_SOLVED_CONVEX_TOP4,sum quarterly current finalist Heavy RUC net km,False,4316.6483901476,-300.2763720730659,available,Model path,current_finalist_model,current_finalist_model,current_model_forecast,current_finalist_forecast,2027Q3; 2027Q4; 2028Q1; 2028Q2,,2027Q3; 2027Q4; 2028Q1; 2028Q2,False,,False,high_shifted_6m,delay_6m,1.0
2028,FY2028,Current finalist High population/comparison,Current planned path,middle_east_high__12c_delay_6m,comparison,light_bev_ruc_net_km,Light BEV RUC net km,Key volumes,2047.1005382667586,million km,bridge_input,raw AR(1) PED VKT per capita x scenario-input population; raw Light RUC conventional model forecast expanded by MoT VFM 202405 Base uptake shares (conventional_anchor_vfm_composition_v1),forecast_scenario_comparison.parquet; mbu26_official_annual.csv,data/current_revenue_outlook/revenue_chart_rows.csv:middle_east_high__12c_delay_6m:2027Q3; data/current_revenue_outlook/revenue_chart_rows.csv:middle_east_high__12c_delay_6m:2027Q4; data/current_revenue_outlook/revenue_chart_rows.csv:middle_east_high__12c_delay_6m:2028Q1; data/current_revenue_outlook/revenue_chart_rows.csv:middle_east_high__12c_delay_6m:2028Q2; data/current_revenue_outlook/revenue_chart_rows.csv:middle_east_high__12c_delay_6m:2027Q3; data/current_revenue_outlook/revenue_chart_rows.csv:middle_east_high__12c_delay_6m:2027Q4; data/current_revenue_outlook/revenue_chart_rows.csv:middle_east_high__12c_delay_6m:2028Q1; data/current_revenue_outlook/revenue_chart_rows.csv:middle_east_high__12c_delay_6m:2028Q2; scenario_inputs/scenario_input_wide.parquet:PED:population (2027Q3; 2027Q4; 2028Q1; 2028Q2); VFM 202405 Base uptake shares; MBU26 rate cells AC5; AC7; AC9,,,,,,,source_backed,PED__DIAGLAB__B__glsar__ylag1__ar1__wexp; dynamic_RESID_GBR_n150_d1_lr0.05_w36; HEAVY_RUC__VNEXT_SOLVED_CONVEX_TOP4,base pool (conventional / VFM Base conventional share) * VFM Base Light BEV share,False,1989.37597979678,-70.26489170682521,available,Model path,current_finalist_model,current_finalist_model,current_model_forecast,current_finalist_forecast,2027Q3; 2027Q4; 2028Q1; 2028Q2,,2027Q3; 2027Q4; 2028Q1; 2028Q2,False,diesel_elasticity_to_conventional_ice_only; bev_phev_activity_fixed_to_base,True,high_shifted_6m,delay_6m,1.0
2028,FY2028,Current finalist High population/comparison,Current planned path,middle_east_high__12c_delay_6m,comparison,heavy_bev_ruc_net_km,Heavy BEV RUC net km,Key volumes,60.5044362657779,million km,bridge_input,MBU26 official fixed component,annual_spine.csv,AC8,,,,,,,source_backed,,nan,False,60.5044362657779,0.0,available,Model path,current_finalist_model,current_finalist_model,current_model_forecast,current_finalist_forecast,2027Q3; 2027Q4; 2028Q1; 2028Q2,,2027Q3; 2027Q4; 2028Q1; 2028Q2,False,diesel_elasticity_to_conventional_ice_only; bev_phev_activity_fixed_to_base,True,high_shifted_6m,delay_6m,1.0
2028,FY2028,Current finalist High population/comparison,Current planned path,middle_east_high__12c_delay_6m,comparison,phev_ruc_net_km,PHEV RUC net km,Key volumes,1140.5757203778505,million km,bridge_input,raw AR(1) PED VKT per capita x scenario-input population; raw Light RUC conventional model forecast expanded by MoT VFM 202405 Base uptake shares (conventional_anchor_vfm_composition_v1),forecast_scenario_comparison.parquet; mbu26_official_annual.csv,data/current_revenue_outlook/revenue_chart_rows.csv:middle_east_high__12c_delay_6m:2027Q3; data/current_revenue_outlook/revenue_chart_rows.csv:middle_east_high__12c_delay_6m:2027Q4; data/current_revenue_outlook/revenue_chart_rows.csv:middle_east_high__12c_delay_6m:2028Q1; data/current_revenue_outlook/revenue_chart_rows.csv:middle_east_high__12c_delay_6m:2028Q2; data/current_revenue_outlook/revenue_chart_rows.csv:middle_east_high__12c_delay_6m:2027Q3; data/current_revenue_outlook/revenue_chart_rows.csv:middle_east_high__12c_delay_6m:2027Q4; data/current_revenue_outlook/revenue_chart_rows.csv:middle_east_high__12c_delay_6m:2028Q1; data/current_revenue_outlook/revenue_chart_rows.csv:middle_east_high__12c_delay_6m:2028Q2; scenario_inputs/scenario_input_wide.parquet:PED:population (2027Q3; 2027Q4; 2028Q1; 2028Q2); VFM 202405 Base uptake shares; MBU26 rate cells AC5; AC7; AC9,,,,,,,source_backed,PED__DIAGLAB__B__glsar__ylag1__ar1__wexp; dynamic_RESID_GBR_n150_d1_lr0.05_w36; HEAVY_RUC__VNEXT_SOLVED_CONVEX_TOP4,base pool (conventional / VFM Base conventional share) * VFM Base PHEV share,False,1114.1399728797,-44.87567888629724,available,Model path,current_finalist_model,current_finalist_model,current_model_forecast,current_finalist_forecast,2027Q3; 2027Q4; 2028Q1; 2028Q2,,2027Q3; 2027Q4; 2028Q1; 2028Q2,False,diesel_elasticity_to_conventional_ice_only; bev_phev_activity_fixed_to_base,True,high_shifted_6m,delay_6m,1.0
2028,FY2028,Current finalist High population/comparison,Current planned path,middle_east_high__12c_delay_6m,comparison,ped_volume,PED volume,Key volumes,2781.453723470737,million litres,bridge_input,raw AR(1) PED VKT/capita + scenario-input population (scenario_input_population) + MBU26 intensity,forecast_scenario_comparison.parquet; scenario_inputs/scenario_input_wide.parquet; mbu26_official_annual.csv,data/current_revenue_outlook/revenue_chart_rows.csv:middle_east_high__12c_delay_6m:2027Q3; data/current_revenue_outlook/revenue_chart_rows.csv:middle_east_high__12c_delay_6m:2027Q4; data/current_revenue_outlook/revenue_chart_rows.csv:middle_east_high__12c_delay_6m:2028Q1; data/current_revenue_outlook/revenue_chart_rows.csv:middle_east_high__12c_delay_6m:2028Q2; data/current_revenue_outlook/revenue_chart_rows.csv:middle_east_high__12c_delay_6m:2027Q3; data/current_revenue_outlook/revenue_chart_rows.csv:middle_east_high__12c_delay_6m:2027Q4; data/current_revenue_outlook/revenue_chart_rows.csv:middle_east_high__12c_delay_6m:2028Q1; data/current_revenue_outlook/revenue_chart_rows.csv:middle_east_high__12c_delay_6m:2028Q2; scenario_inputs/scenario_input_wide.parquet:PED:population (2027Q3; 2027Q4; 2028Q1; 2028Q2); VFM 202405 Base uptake shares; MBU26 rate cells AC5; AC7; AC9,forecast_scenario_comparison.parquet,data/current_revenue_outlook/revenue_chart_rows.csv:middle_east_high__12c_delay_6m:2027Q3; data/current_revenue_outlook/revenue_chart_rows.csv:middle_east_high__12c_delay_6m:2027Q4; data/current_revenue_outlook/revenue_chart_rows.csv:middle_east_high__12c_delay_6m:2028Q1; data/current_revenue_outlook/revenue_chart_rows.csv:middle_east_high__12c_delay_6m:2028Q2,current_finalist_model,scenario_inputs/scenario_input_wide.parquet,scenario_inputs/scenario_input_wide.parquet:PED:population (2027Q3; 2027Q4; 2028Q1; 2028Q2),scenario_input_population,source_backed,PED__DIAGLAB__B__glsar__ylag1__ar1__wexp,raw PED/light-petrol VKT * MBU26 litres intensity / 100,False,2868.53356449197,-87.07984102123328,available,Model path,current_finalist_model,current_finalist_model,current_model_forecast,current_finalist_forecast,2027Q3; 2027Q4; 2028Q1; 2028Q2,,2027Q3; 2027Q4; 2028Q1; 2028Q2,False,,False,high_shifted_6m,delay_6m,1.0
2028,FY2028,Current finalist High population/comparison,Current planned path,middle_east_high__12c_delay_6m,comparison,light_petrol_vkt,Light petrol VKT,Key volumes,31140.997023877917,million km,bridge_input,raw AR(1) PED VKT per capita x scenario-input population; raw Light RUC conventional model forecast expanded by MoT VFM 202405 Base uptake shares (conventional_anchor_vfm_composition_v1),forecast_scenario_comparison.parquet; mbu26_official_annual.csv,data/current_revenue_outlook/revenue_chart_rows.csv:middle_east_high__12c_delay_6m:2027Q3; data/current_revenue_outlook/revenue_chart_rows.csv:middle_east_high__12c_delay_6m:2027Q4; data/current_revenue_outlook/revenue_chart_rows.csv:middle_east_high__12c_delay_6m:2028Q1; data/current_revenue_outlook/revenue_chart_rows.csv:middle_east_high__12c_delay_6m:2028Q2; data/current_revenue_outlook/revenue_chart_rows.csv:middle_east_high__12c_delay_6m:2027Q3; data/current_revenue_outlook/revenue_chart_rows.csv:middle_east_high__12c_delay_6m:2027Q4; data/current_revenue_outlook/revenue_chart_rows.csv:middle_east_high__12c_delay_6m:2028Q1; data/current_revenue_outlook/revenue_chart_rows.csv:middle_east_high__12c_delay_6m:2028Q2; scenario_inputs/scenario_input_wide.parquet:PED:population (2027Q3; 2027Q4; 2028Q1; 2028Q2); VFM 202405 Base uptake shares; MBU26 rate cells AC5; AC7; AC9,forecast_scenario_comparison.parquet,data/current_revenue_outlook/revenue_chart_rows.csv:middle_east_high__12c_delay_6m:2027Q3; data/current_revenue_outlook/revenue_chart_rows.csv:middle_east_high__12c_delay_6m:2027Q4; data/current_revenue_outlook/revenue_chart_rows.csv:middle_east_high__12c_delay_6m:2028Q1; data/current_revenue_outlook/revenue_chart_rows.csv:middle_east_high__12c_delay_6m:2028Q2,current_finalist_model,scenario_inputs/scenario_input_wide.parquet,scenario_inputs/scenario_input_wide.parquet:PED:population (2027Q3; 2027Q4; 2028Q1; 2028Q2),scenario_input_population,source_backed,,raw AR(1) PED VKT per capita * scenario-input population,False,32115.9379503436,-974.9409264656824,available,Model path,current_finalist_model,current_finalist_model,current_model_forecast,current_finalist_forecast,2027Q3; 2027Q4; 2028Q1; 2028Q2,,2027Q3; 2027Q4; 2028Q1; 2028Q2,False,,False,high_shifted_6m,delay_6m,1.0
2028,FY2028,Current finalist High population/comparison,Current planned path,middle_east_high__12c_delay_6m,comparison,ped_vkt_per_capita,PED VKT per capita,Key volumes,5690.30982607122,km/person,bridge_input,current_finalist_model,forecast_scenario_comparison.parquet,data/current_revenue_outlook/revenue_chart_rows.csv:middle_east_high__12c_delay_6m:2027Q3; data/current_revenue_outlook/revenue_chart_rows.csv:middle_east_high__12c_delay_6m:2027Q4; data/current_revenue_outlook/revenue_chart_rows.csv:middle_east_high__12c_delay_6m:2028Q1; data/current_revenue_outlook/revenue_chart_rows.csv:middle_east_high__12c_delay_6m:2028Q2,forecast_scenario_comparison.parquet,data/current_revenue_outlook/revenue_chart_rows.csv:middle_east_high__12c_delay_6m:2027Q3; data/current_revenue_outlook/revenue_chart_rows.csv:middle_east_high__12c_delay_6m:2027Q4; data/current_revenue_outlook/revenue_chart_rows.csv:middle_east_high__12c_delay_6m:2028Q1; data/current_revenue_outlook/revenue_chart_rows.csv:middle_east_high__12c_delay_6m:2028Q2,current_finalist_model,,,,source_backed,PED__DIAGLAB__B__glsar__ylag1__ar1__wexp,sum quarterly current finalist PED VKT/capita,False,5866.51585550544,-176.20602943422,available,Model path,current_finalist_model,current_finalist_model,current_model_forecast,current_finalist_forecast,2027Q3; 2027Q4; 2028Q1; 2028Q2,,2027Q3; 2027Q4; 2028Q1; 2028Q2,False,,False,high_shifted_6m,delay_6m,1.0
2028,FY2028,Current finalist High population/comparison,Current planned path,middle_east_high__12c_delay_6m,comparison,tuc_gtk,TUC GTK,Key volumes,8179315222.66,tonne-km,bridge_input,MBU26 official fixed component,annual_spine.csv,AC13,,,,,,,source_backed,,nan,False,8179315222.66,0.0,available,Model path,current_finalist_model,current_finalist_model,current_model_forecast,current_finalist_forecast,2027Q3; 2027Q4; 2028Q1; 2028Q2,,2027Q3; 2027Q4; 2028Q1; 2028Q2,False,,False,high_shifted_6m,delay_6m,1.0
2028,FY2028,Current finalist High population/comparison,Current planned path,middle_east_high__12c_delay_6m,comparison,light_ruc_net_revenue,Light RUC revenue,RUC,1032.4377513256725,$m nominal ex GST,replacement_line,"raw AR(1) PED bridge and conventional-anchor VFM composition, scenario-input population and MBU26 effective rate",forecast_scenario_comparison.parquet; mbu26_official_annual.csv,data/current_revenue_outlook/revenue_chart_rows.csv:middle_east_high__12c_delay_6m:2027Q3; data/current_revenue_outlook/revenue_chart_rows.csv:middle_east_high__12c_delay_6m:2027Q4; data/current_revenue_outlook/revenue_chart_rows.csv:middle_east_high__12c_delay_6m:2028Q1; data/current_revenue_outlook/revenue_chart_rows.csv:middle_east_high__12c_delay_6m:2028Q2; data/current_revenue_outlook/revenue_chart_rows.csv:middle_east_high__12c_delay_6m:2027Q3; data/current_revenue_outlook/revenue_chart_rows.csv:middle_east_high__12c_delay_6m:2027Q4; data/current_revenue_outlook/revenue_chart_rows.csv:middle_east_high__12c_delay_6m:2028Q1; data/current_revenue_outlook/revenue_chart_rows.csv:middle_east_high__12c_delay_6m:2028Q2; scenario_inputs/scenario_input_wide.parquet:PED:population (2027Q3; 2027Q4; 2028Q1; 2028Q2); VFM 202405 Base uptake shares; MBU26 rate cells AC5; AC7; AC9,,,,,,,source_backed,dynamic_RESID_GBR_n150_d1_lr0.05_w36,conventional Light RUC km * MBU26 conventional Light effective rate,True,1076.06823624791,-43.6304849222372,available,Model path,current_finalist_model,current_finalist_model,current_model_forecast,current_finalist_forecast,2027Q3; 2027Q4; 2028Q1; 2028Q2,,2027Q3; 2027Q4; 2028Q1; 2028Q2,False,diesel_elasticity_to_conventional_ice_only; bev_phev_activity_fixed_to_base,True,high_shifted_6m,delay_6m,1.0
2028,FY2028,Current finalist High population/comparison,Current planned path,middle_east_high__12c_delay_6m,comparison,heavy_ruc_net_revenue,Heavy RUC revenue,RUC,1340.8512133788317,$m nominal ex GST,replacement_line,current_finalist_model + MBU26 effective rate,forecast_scenario_comparison.parquet; mbu26_official_annual.csv,data/current_revenue_outlook/revenue_chart_rows.csv:middle_east_high__12c_delay_6m:2027Q3; data/current_revenue_outlook/revenue_chart_rows.csv:middle_east_high__12c_delay_6m:2027Q4; data/current_revenue_outlook/revenue_chart_rows.csv:middle_east_high__12c_delay_6m:2028Q1; data/current_revenue_outlook/revenue_chart_rows.csv:middle_east_high__12c_delay_6m:2028Q2,,,,,,,source_backed,HEAVY_RUC__VNEXT_SOLVED_CONVEX_TOP4,sum quarterly current Heavy RUC net km * MBU26 effective rate,True,1441.09738978661,-100.2461764077782,available,Model path,current_finalist_model,current_finalist_model,current_model_forecast,current_finalist_forecast,2027Q3; 2027Q4; 2028Q1; 2028Q2,,2027Q3; 2027Q4; 2028Q1; 2028Q2,False,,False,high_shifted_6m,delay_6m,1.0
2028,FY2028,Current finalist High population/comparison,Current planned path,middle_east_high__12c_delay_6m,comparison,light_bev_ruc_net_revenue,Light BEV RUC net revenue,RUC,166.53162878800077,$m nominal ex GST,replacement_line,"raw AR(1) PED bridge and conventional-anchor VFM composition, scenario-input population and MBU26 effective rate",forecast_scenario_comparison.parquet; mbu26_official_annual.csv,data/current_revenue_outlook/revenue_chart_rows.csv:middle_east_high__12c_delay_6m:2027Q3; data/current_revenue_outlook/revenue_chart_rows.csv:middle_east_high__12c_delay_6m:2027Q4; data/current_revenue_outlook/revenue_chart_rows.csv:middle_east_high__12c_delay_6m:2028Q1; data/current_revenue_outlook/revenue_chart_rows.csv:middle_east_high__12c_delay_6m:2028Q2; data/current_revenue_outlook/revenue_chart_rows.csv:middle_east_high__12c_delay_6m:2027Q3; data/current_revenue_outlook/revenue_chart_rows.csv:middle_east_high__12c_delay_6m:2027Q4; data/current_revenue_outlook/revenue_chart_rows.csv:middle_east_high__12c_delay_6m:2028Q1; data/current_revenue_outlook/revenue_chart_rows.csv:middle_east_high__12c_delay_6m:2028Q2; scenario_inputs/scenario_input_wide.parquet:PED:population (2027Q3; 2027Q4; 2028Q1; 2028Q2); VFM 202405 Base uptake shares; MBU26 rate cells AC5; AC7; AC9,,,,,,,source_backed,PED__DIAGLAB__B__glsar__ylag1__ar1__wexp; dynamic_RESID_GBR_n150_d1_lr0.05_w36; HEAVY_RUC__VNEXT_SOLVED_CONVEX_TOP4,allocated Light BEV RUC km * MBU26 Light BEV effective rate,True,161.835735956468,-5.71604894035022,available,Model path,current_finalist_model,current_finalist_model,current_model_forecast,current_finalist_forecast,2027Q3; 2027Q4; 2028Q1; 2028Q2,,2027Q3; 2027Q4; 2028Q1; 2028Q2,False,diesel_elasticity_to_conventional_ice_only; bev_phev_activity_fixed_to_base,True,high_shifted_6m,delay_6m,1.0
2028,FY2028,Current finalist High population/comparison,Current planned path,middle_east_high__12c_delay_6m,comparison,heavy_bev_ruc_net_revenue,Heavy BEV RUC net revenue,RUC,20.2030363135059,$m nominal ex GST,leaf,MBU26 official fixed component,annual_spine.csv,AC31,,,,,,,source_backed,,nan,False,20.2030363135059,0.0,available,Model path,current_finalist_model,current_finalist_model,current_model_forecast,current_finalist_forecast,2027Q3; 2027Q4; 2028Q1; 2028Q2,,2027Q3; 2027Q4; 2028Q1; 2028Q2,False,diesel_elasticity_to_conventional_ice_only; bev_phev_activity_fixed_to_base,True,high_shifted_6m,delay_6m,1.0
2028,FY2028,Current finalist High population/comparison,Current planned path,middle_east_high__12c_delay_6m,comparison,phev_ruc_net_revenue,PHEV RUC net revenue,RUC,45.75419502295762,$m nominal ex GST,replacement_line,"raw AR(1) PED bridge and conventional-anchor VFM composition, scenario-input population and MBU26 effective rate",forecast_scenario_comparison.parquet; mbu26_official_annual.csv,data/current_revenue_outlook/revenue_chart_rows.csv:middle_east_high__12c_delay_6m:2027Q3; data/current_revenue_outlook/revenue_chart_rows.csv:middle_east_high__12c_delay_6m:2027Q4; data/current_revenue_outlook/revenue_chart_rows.csv:middle_east_high__12c_delay_6m:2028Q1; data/current_revenue_outlook/revenue_chart_rows.csv:middle_east_high__12c_delay_6m:2028Q2; data/current_revenue_outlook/revenue_chart_rows.csv:middle_east_high__12c_delay_6m:2027Q3; data/current_revenue_outlook/revenue_chart_rows.csv:middle_east_high__12c_delay_6m:2027Q4; data/current_revenue_outlook/revenue_chart_rows.csv:middle_east_high__12c_delay_6m:2028Q1; data/current_revenue_outlook/revenue_chart_rows.csv:middle_east_high__12c_delay_6m:2028Q2; scenario_inputs/scenario_input_wide.parquet:PED:population (2027Q3; 2027Q4; 2028Q1; 2028Q2); VFM 202405 Base uptake shares; MBU26 rate cells AC5; AC7; AC9,,,,,,,source_backed,PED__DIAGLAB__B__glsar__ylag1__ar1__wexp; dynamic_RESID_GBR_n150_d1_lr0.05_w36; HEAVY_RUC__VNEXT_SOLVED_CONVEX_TOP4,allocated PHEV RUC km * MBU26 PHEV effective rate,True,44.6937250120693,-1.8001878585238131,available,Model path,current_finalist_model,current_finalist_model,current_model_forecast,current_finalist_forecast,2027Q3; 2027Q4; 2028Q1; 2028Q2,,2027Q3; 2027Q4; 2028Q1; 2028Q2,False,diesel_elasticity_to_conventional_ice_only; bev_phev_activity_fixed_to_base,True,high_shifted_6m,delay_6m,1.0
2028,FY2028,Current finalist High population/comparison,Current planned path,middle_east_high__12c_delay_6m,comparison,ruc_refunds,RUC refunds,RUC,91.9223646926299,$m nominal ex GST,deduction,MBU26 official fixed component,annual_spine.csv,AC33,,,,,,,source_backed,,nan,False,91.9223646926299,0.0,available,Model path,current_finalist_model,current_finalist_model,current_model_forecast,current_finalist_forecast,2027Q3; 2027Q4; 2028Q1; 2028Q2,,2027Q3; 2027Q4; 2028Q1; 2028Q2,False,,False,high_shifted_6m,delay_6m,1.0
2028,FY2028,Current finalist High population/comparison,Current planned path,middle_east_high__12c_delay_6m,comparison,gross_ruc_revenue,Gross RUC revenue,RUC,2697.7001895215985,$m nominal ex GST,calculated_rollup,current_hybrid_formula,current_hybrid_formula,current_revenue_outlook:middle_east_high__12c_delay_6m:FY2028,,,,,,,source_backed,,optimized light_ruc_net_revenue + heavy_ruc_net_revenue + optimized light_bev_ruc_net_revenue + MBU26 heavy_bev_ruc_net_revenue + optimized phev_ruc_net_revenue + MBU26 ruc_refunds,False,2836.28676167906,-151.8591717987565,available,Model path,current_finalist_model,current_finalist_model,current_model_forecast,current_finalist_forecast,2027Q3; 2027Q4; 2028Q1; 2028Q2,,2027Q3; 2027Q4; 2028Q1; 2028Q2,False,,False,high_shifted_6m,delay_6m,1.0
2028,FY2028,Current finalist High population/comparison,Current planned path,middle_east_high__12c_delay_6m,comparison,ruc_admin_revenue,RUC admin revenue,RUC,37.4493334490253,$m nominal ex GST,deduction,MBU26 official fixed component,annual_spine.csv,AC35,,,,,,,source_backed,,nan,False,37.4493334490253,0.0,available,Model path,current_finalist_model,current_finalist_model,current_model_forecast,current_finalist_forecast,2027Q3; 2027Q4; 2028Q1; 2028Q2,,2027Q3; 2027Q4; 2028Q1; 2028Q2,False,,False,high_shifted_6m,delay_6m,1.0
2028,FY2028,Current finalist High population/comparison,Current planned path,middle_east_high__12c_delay_6m,comparison,ruc_revenue_net_admin,RUC revenues net of admin fees,RUC,2660.2508560725732,$m nominal ex GST,calculated_rollup,current_hybrid_formula,current_hybrid_formula,current_revenue_outlook:middle_east_high__12c_delay_6m:FY2028,,,,,,,source_backed,,gross_ruc_revenue - MBU26 ruc_admin_revenue,False,2798.83742823004,-151.85917179876196,available,Model path,current_finalist_model,current_finalist_model,current_model_forecast,current_finalist_forecast,2027Q3; 2027Q4; 2028Q1; 2028Q2,,2027Q3; 2027Q4; 2028Q1; 2028Q2,False,,False,high_shifted_6m,delay_6m,1.0
2028,FY2028,Current finalist High population/comparison,Current planned path,middle_east_high__12c_delay_6m,comparison,total_ruc_net_revenue,Total RUC all classes,RUC,2568.3284913799434,$m nominal ex GST,calculated_rollup,current_hybrid_formula,current_hybrid_formula,current_revenue_outlook:middle_east_high__12c_delay_6m:FY2028,,,,,,,source_backed,PED__DIAGLAB__B__glsar__ylag1__ar1__wexp; dynamic_RESID_GBR_n150_d1_lr0.05_w36; HEAVY_RUC__VNEXT_SOLVED_CONVEX_TOP4,ruc_revenue_net_admin - MBU26 ruc_refunds,False,2706.91506353741,-151.8591717987615,available,Model path,current_finalist_model,current_finalist_model,current_model_forecast,current_finalist_forecast,2027Q3; 2027Q4; 2028Q1; 2028Q2,,2027Q3; 2027Q4; 2028Q1; 2028Q2,False,,False,high_shifted_6m,delay_6m,1.0
2028,FY2028,Current finalist High population/comparison,Current planned path,middle_east_high__12c_delay_6m,comparison,gross_ped_revenue,PED revenue,FED,2364.629538354094,$m nominal ex GST,replacement_line,"raw AR(1) PED bridge and conventional-anchor VFM composition, scenario-input population and MBU26 effective rate; population_source=scenario_input_population",forecast_scenario_comparison.parquet; scenario_inputs/scenario_input_wide.parquet; mbu26_official_annual.csv,data/current_revenue_outlook/revenue_chart_rows.csv:middle_east_high__12c_delay_6m:2027Q3; data/current_revenue_outlook/revenue_chart_rows.csv:middle_east_high__12c_delay_6m:2027Q4; data/current_revenue_outlook/revenue_chart_rows.csv:middle_east_high__12c_delay_6m:2028Q1; data/current_revenue_outlook/revenue_chart_rows.csv:middle_east_high__12c_delay_6m:2028Q2; data/current_revenue_outlook/revenue_chart_rows.csv:middle_east_high__12c_delay_6m:2027Q3; data/current_revenue_outlook/revenue_chart_rows.csv:middle_east_high__12c_delay_6m:2027Q4; data/current_revenue_outlook/revenue_chart_rows.csv:middle_east_high__12c_delay_6m:2028Q1; data/current_revenue_outlook/revenue_chart_rows.csv:middle_east_high__12c_delay_6m:2028Q2; scenario_inputs/scenario_input_wide.parquet:PED:population (2027Q3; 2027Q4; 2028Q1; 2028Q2); VFM 202405 Base uptake shares; MBU26 rate cells AC5; AC7; AC9,forecast_scenario_comparison.parquet,data/current_revenue_outlook/revenue_chart_rows.csv:middle_east_high__12c_delay_6m:2027Q3; data/current_revenue_outlook/revenue_chart_rows.csv:middle_east_high__12c_delay_6m:2027Q4; data/current_revenue_outlook/revenue_chart_rows.csv:middle_east_high__12c_delay_6m:2028Q1; data/current_revenue_outlook/revenue_chart_rows.csv:middle_east_high__12c_delay_6m:2028Q2,current_finalist_model,scenario_inputs/scenario_input_wide.parquet,scenario_inputs/scenario_input_wide.parquet:PED:population (2027Q3; 2027Q4; 2028Q1; 2028Q2),scenario_input_population,source_backed,PED__DIAGLAB__B__glsar__ylag1__ar1__wexp,raw PED/light-petrol VKT * MBU26 litres intensity / 100 * MBU26 PED rate,True,2438.6597343399,-74.03019598580568,available,Model path,current_finalist_model,current_finalist_model,current_model_forecast,current_finalist_forecast,2027Q3; 2027Q4; 2028Q1; 2028Q2,,2027Q3; 2027Q4; 2028Q1; 2028Q2,False,,False,high_shifted_6m,delay_6m,1.0
2028,FY2028,Current finalist High population/comparison,Current planned path,middle_east_high__12c_delay_6m,comparison,gross_lpg_revenue,Gross LPG revenue,FED,42.8533768621873,$m nominal ex GST,leaf,MBU26 official fixed component,annual_spine.csv,AC41,,,,,,,source_backed,,nan,False,42.8533768621873,0.0,available,Model path,current_finalist_model,current_finalist_model,current_model_forecast,current_finalist_forecast,2027Q3; 2027Q4; 2028Q1; 2028Q2,,2027Q3; 2027Q4; 2028Q1; 2028Q2,False,,False,high_shifted_6m,delay_6m,1.0
2028,FY2028,Current finalist High population/comparison,Current planned path,middle_east_high__12c_delay_6m,comparison,gross_cng_revenue,Gross CNG revenue,FED,0.0,$m nominal ex GST,leaf,MBU26 official fixed component,annual_spine.csv,AC42,,,,,,,source_backed,,nan,False,0.0,0.0,available,Model path,current_finalist_model,current_finalist_model,current_model_forecast,current_finalist_forecast,2027Q3; 2027Q4; 2028Q1; 2028Q2,,2027Q3; 2027Q4; 2028Q1; 2028Q2,False,,False,high_shifted_6m,delay_6m,1.0
2028,FY2028,Current finalist High population/comparison,Current planned path,middle_east_high__12c_delay_6m,comparison,gross_fed_revenue,Gross FED revenue,FED,2407.4829152162815,$m nominal ex GST,calculated_rollup,current_hybrid_formula,current_hybrid_formula,current_revenue_outlook:middle_east_high__12c_delay_6m:FY2028,,,,,,,source_backed,PED__DIAGLAB__B__glsar__ylag1__ar1__wexp,gross_ped_revenue + MBU26 gross_lpg_revenue + MBU26 gross_cng_revenue,False,2481.51311120209,-74.0301959858084,available,Model path,current_finalist_model,current_finalist_model,current_model_forecast,current_finalist_forecast,2027Q3; 2027Q4; 2028Q1; 2028Q2,,2027Q3; 2027Q4; 2028Q1; 2028Q2,False,,False,high_shifted_6m,delay_6m,1.0
2028,FY2028,Current finalist High population/comparison,Current planned path,middle_east_high__12c_delay_6m,comparison,fed_refunds,FED refunds,FED,91.4673022517422,$m nominal ex GST,deduction,MBU26 official fixed component,annual_spine.csv,AC44,,,,,,,source_backed,,nan,False,91.4673022517422,0.0,available,Model path,current_finalist_model,current_finalist_model,current_model_forecast,current_finalist_forecast,2027Q3; 2027Q4; 2028Q1; 2028Q2,,2027Q3; 2027Q4; 2028Q1; 2028Q2,False,,False,high_shifted_6m,delay_6m,1.0
2028,FY2028,Current finalist High population/comparison,Current planned path,middle_east_high__12c_delay_6m,comparison,net_fed_revenue,Net FED revenue,FED,2316.0156129645393,$m nominal ex GST,calculated_rollup,current_hybrid_formula,current_hybrid_formula,current_revenue_outlook:middle_east_high__12c_delay_6m:FY2028,,,,,,,source_backed,PED__DIAGLAB__B__glsar__ylag1__ar1__wexp,gross_fed_revenue - MBU26 fed_refunds,False,2390.04580895035,-74.03019598581068,available,Model path,current_finalist_model,current_finalist_model,current_model_forecast,current_finalist_forecast,2027Q3; 2027Q4; 2028Q1; 2028Q2,,2027Q3; 2027Q4; 2028Q1; 2028Q2,False,,False,high_shifted_6m,delay_6m,1.0
2028,FY2028,Current finalist High population/comparison,Current planned path,middle_east_high__12c_delay_6m,comparison,mr1_revenue,MR1 revenue,MVR,532.414039464172,$m nominal ex GST,leaf,MBU26 official fixed component,annual_spine.csv,AC48,,,,,,,source_backed,,nan,False,532.414039464172,0.0,available,Model path,current_finalist_model,current_finalist_model,current_model_forecast,current_finalist_forecast,2027Q3; 2027Q4; 2028Q1; 2028Q2,,2027Q3; 2027Q4; 2028Q1; 2028Q2,False,,False,high_shifted_6m,delay_6m,1.0
2028,FY2028,Current finalist High population/comparison,Current planned path,middle_east_high__12c_delay_6m,comparison,mr2_revenue,MR2 revenue,MVR,31.6618683538461,$m nominal ex GST,leaf,MBU26 official fixed component,annual_spine.csv,AC49,,,,,,,source_backed,,nan,False,31.6618683538461,0.0,available,Model path,current_finalist_model,current_finalist_model,current_model_forecast,current_finalist_forecast,2027Q3; 2027Q4; 2028Q1; 2028Q2,,2027Q3; 2027Q4; 2028Q1; 2028Q2,False,,False,high_shifted_6m,delay_6m,1.0
2028,FY2028,Current finalist High population/comparison,Current planned path,middle_east_high__12c_delay_6m,comparison,coo_revenue,MR13,MVR,0.0,$m nominal ex GST,deduction,MBU26 official fixed component,annual_spine.csv,AC50,,,,,,,source_backed,,nan,False,0.0,0.0,available,Model path,current_finalist_model,current_finalist_model,current_model_forecast,current_finalist_forecast,2027Q3; 2027Q4; 2028Q1; 2028Q2,,2027Q3; 2027Q4; 2028Q1; 2028Q2,False,,False,high_shifted_6m,delay_6m,1.0
2028,FY2028,Current finalist High population/comparison,Current planned path,middle_east_high__12c_delay_6m,comparison,gross_mvr_revenue,Gross MVR revenue,MVR,564.0759078180181,$m nominal ex GST,calculated_rollup,MBU26 official formula,mbu26_official_annual.csv,AC51,,,,,,,source_backed,,mr1_revenue + mr2_revenue + coo_revenue,False,564.075907818018,1.1368683772161603e-13,available,Model path,current_finalist_model,current_finalist_model,current_model_forecast,current_finalist_forecast,2027Q3; 2027Q4; 2028Q1; 2028Q2,,2027Q3; 2027Q4; 2028Q1; 2028Q2,False,,False,high_shifted_6m,delay_6m,1.0
2028,FY2028,Current finalist High population/comparison,Current planned path,middle_east_high__12c_delay_6m,comparison,mvr_admin_revenue,MVR admin revenue,MVR,71.8861735118593,$m nominal ex GST,deduction,MBU26 official fixed component,annual_spine.csv,AC52,,,,,,,source_backed,,nan,False,71.8861735118593,0.0,available,Model path,current_finalist_model,current_finalist_model,current_model_forecast,current_finalist_forecast,2027Q3; 2027Q4; 2028Q1; 2028Q2,,2027Q3; 2027Q4; 2028Q1; 2028Q2,False,,False,high_shifted_6m,delay_6m,1.0
2028,FY2028,Current finalist High population/comparison,Current planned path,middle_east_high__12c_delay_6m,comparison,mvr_revenue_net_admin_coo,MVR revenues net of admin fees and COO,MVR,492.1897343061588,$m nominal ex GST,calculated_rollup,MBU26 official formula,mbu26_official_annual.csv,AC53,,,,,,,source_backed,,mr1_revenue + mr2_revenue - mvr_admin_revenue,False,492.189734306159,-1.7053025658242404e-13,available,Model path,current_finalist_model,current_finalist_model,current_model_forecast,current_finalist_forecast,2027Q3; 2027Q4; 2028Q1; 2028Q2,,2027Q3; 2027Q4; 2028Q1; 2028Q2,False,,False,high_shifted_6m,delay_6m,1.0
2028,FY2028,Current finalist High population/comparison,Current planned path,middle_east_high__12c_delay_6m,comparison,mvr_refunds,MVR refunds,MVR,1.93922402957318,$m nominal ex GST,deduction,MBU26 official fixed component,annual_spine.csv,AC54,,,,,,,source_backed,,nan,False,1.93922402957318,0.0,available,Model path,current_finalist_model,current_finalist_model,current_model_forecast,current_finalist_forecast,2027Q3; 2027Q4; 2028Q1; 2028Q2,,2027Q3; 2027Q4; 2028Q1; 2028Q2,False,,False,high_shifted_6m,delay_6m,1.0
2028,FY2028,Current finalist High population/comparison,Current planned path,middle_east_high__12c_delay_6m,comparison,net_mvr_revenue,Net MVR revenue,MVR,490.25051027658566,$m nominal ex GST,calculated_rollup,MBU26 official formula,mbu26_official_annual.csv,AC55,,,,,,,source_backed,,mvr_revenue_net_admin_coo - mvr_refunds,False,490.250510276586,-3.410605131648481e-13,available,Model path,current_finalist_model,current_finalist_model,current_model_forecast,current_finalist_forecast,2027Q3; 2027Q4; 2028Q1; 2028Q2,,2027Q3; 2027Q4; 2028Q1; 2028Q2,False,,False,high_shifted_6m,delay_6m,1.0
2028,FY2028,Current finalist High population/comparison,Current planned path,middle_east_high__12c_delay_6m,comparison,tuc_net_revenue,TUC net revenue,TUC,17.5578996928248,$m nominal ex GST,leaf,MBU26 official fixed component,annual_spine.csv,AC58,,,,,,,source_backed,,nan,False,17.5578996928248,0.0,available,Model path,current_finalist_model,current_finalist_model,current_model_forecast,current_finalist_forecast,2027Q3; 2027Q4; 2028Q1; 2028Q2,,2027Q3; 2027Q4; 2028Q1; 2028Q2,False,,False,high_shifted_6m,delay_6m,1.0
2028,FY2028,Current finalist High population/comparison,Current planned path,middle_east_high__12c_delay_6m,comparison,total_gross_revenue,Total gross revenues,Totals,5686.816912248723,$m nominal ex GST,calculated_rollup,current_hybrid_formula,current_hybrid_formula,current_revenue_outlook:middle_east_high__12c_delay_6m:FY2028,,,,,,,source_backed,,gross_ruc_revenue + gross_fed_revenue + gross_mvr_revenue + tuc_net_revenue,False,5899.433680392,-225.88936778457173,available,Model path,current_finalist_model,current_finalist_model,current_model_forecast,current_finalist_forecast,2027Q3; 2027Q4; 2028Q1; 2028Q2,,2027Q3; 2027Q4; 2028Q1; 2028Q2,False,,False,high_shifted_6m,delay_6m,1.0
2028,FY2028,Current finalist High population/comparison,Current planned path,middle_east_high__12c_delay_6m,comparison,total_admin_fees,Total admin fees,Totals,109.3355069608846,$m nominal ex GST,calculated_rollup,current_hybrid_formula,current_hybrid_formula,current_revenue_outlook:middle_east_high__12c_delay_6m:FY2028,,,,,,,source_backed,,ruc_admin_revenue + mvr_admin_revenue + coo_revenue,False,109.335506960885,-3.979039320256561e-13,available,Model path,current_finalist_model,current_finalist_model,current_model_forecast,current_finalist_forecast,2027Q3; 2027Q4; 2028Q1; 2028Q2,,2027Q3; 2027Q4; 2028Q1; 2028Q2,False,,False,high_shifted_6m,delay_6m,1.0
2028,FY2028,Current finalist High population/comparison,Current planned path,middle_east_high__12c_delay_6m,comparison,total_revenue_net_admin,Total revenues net of admin fees,Totals,5577.481405287839,$m nominal ex GST,calculated_rollup,current_hybrid_formula,current_hybrid_formula,current_revenue_outlook:middle_east_high__12c_delay_6m:FY2028,,,,,,,source_backed,,total_gross_revenue - total_admin_fees,False,5790.09817343111,-225.88936778456628,available,Model path,current_finalist_model,current_finalist_model,current_model_forecast,current_finalist_forecast,2027Q3; 2027Q4; 2028Q1; 2028Q2,,2027Q3; 2027Q4; 2028Q1; 2028Q2,False,,False,high_shifted_6m,delay_6m,1.0
2028,FY2028,Current finalist High population/comparison,Current planned path,middle_east_high__12c_delay_6m,comparison,total_refunds,Total refunds,Totals,185.32889097394528,$m nominal ex GST,calculated_rollup,current_hybrid_formula,current_hybrid_formula,current_revenue_outlook:middle_east_high__12c_delay_6m:FY2028,,,,,,,source_backed,,ruc_refunds + fed_refunds + mvr_refunds,False,185.328890973945,2.8421709430404007e-13,available,Model path,current_finalist_model,current_finalist_model,current_model_forecast,current_finalist_forecast,2027Q3; 2027Q4; 2028Q1; 2028Q2,,2027Q3; 2027Q4; 2028Q1; 2028Q2,False,,False,high_shifted_6m,delay_6m,1.0
2028,FY2028,Current finalist High population/comparison,Current planned path,middle_east_high__12c_delay_6m,comparison,total_nltf_net_revenue,Total NLTF revenue,Totals,5392.152514313894,$m nominal ex GST,calculated_rollup,current_hybrid_formula,current_hybrid_formula,current_revenue_outlook:middle_east_high__12c_delay_6m:FY2028,,,,,,,source_backed,PED__DIAGLAB__B__glsar__ylag1__ar1__wexp; dynamic_RESID_GBR_n150_d1_lr0.05_w36; HEAVY_RUC__VNEXT_SOLVED_CONVEX_TOP4,total_revenue_net_admin - total_refunds,False,5604.76928245717,-225.88936778457173,available,Model path,current_finalist_model,current_finalist_model,current_model_forecast,current_finalist_forecast,2027Q3; 2027Q4; 2028Q1; 2028Q2,,2027Q3; 2027Q4; 2028Q1; 2028Q2,False,,False,high_shifted_6m,delay_6m,1.0
2028,FY2028,Current finalist High population/comparison,Current planned path,middle_east_high__12c_delay_6m,comparison,current_light_ruc_conventional_modelled_km,Current finalist Light RUC conventional modelled km,Key volumes,12695.505954360595,million km,audit_only,current_finalist_model_conventional_light_ruc_forecast,forecast_scenario_comparison.parquet,data/current_revenue_outlook/revenue_chart_rows.csv:middle_east_high__12c_delay_6m:2027Q3; data/current_revenue_outlook/revenue_chart_rows.csv:middle_east_high__12c_delay_6m:2027Q4; data/current_revenue_outlook/revenue_chart_rows.csv:middle_east_high__12c_delay_6m:2028Q1; data/current_revenue_outlook/revenue_chart_rows.csv:middle_east_high__12c_delay_6m:2028Q2,,,,,,,source_backed,dynamic_RESID_GBR_n150_d1_lr0.05_w36,sum quarterly current finalist Light RUC conventional model forecast,False,,,available,Model path,current_finalist_model,current_finalist_model,current_model_forecast,current_finalist_forecast,2027Q3; 2027Q4; 2028Q1; 2028Q2,,2027Q3; 2027Q4; 2028Q1; 2028Q2,False,diesel_elasticity_to_conventional_ice_only; bev_phev_activity_fixed_to_base,True,high_shifted_6m,delay_6m,1.0
2028,FY2028,Current finalist High population/comparison,Current planned path,middle_east_high__12c_delay_6m,comparison,total_fed_ruc_net_revenue,Total RUC+PED revenue,Derived totals,4884.344104344483,$m nominal ex GST,calculated_rollup,current_hybrid_formula,current_hybrid_formula,current_revenue_outlook:middle_east_high__12c_delay_6m:FY2028,,,,,,,source_backed,PED__DIAGLAB__B__glsar__ylag1__ar1__wexp; dynamic_RESID_GBR_n150_d1_lr0.05_w36; HEAVY_RUC__VNEXT_SOLVED_CONVEX_TOP4,net_fed_revenue + total_ruc_net_revenue,False,5096.96087248776,-225.88936778457173,available,Model path,current_finalist_model,current_finalist_model,current_model_forecast,current_finalist_forecast,2027Q3; 2027Q4; 2028Q1; 2028Q2,,2027Q3; 2027Q4; 2028Q1; 2028Q2,False,,False,high_shifted_6m,delay_6m,1.0
2029,FY2029,Current finalist High population/comparison,Current planned path,middle_east_high__12c_delay_6m,comparison,light_ruc_net_km,Light RUC net km,Key volumes,13842.026711411738,million km,bridge_input,raw AR(1) PED VKT per capita x scenario-input population; raw Light RUC conventional model forecast expanded by MoT VFM 202405 Base uptake shares (conventional_anchor_vfm_composition_v1),forecast_scenario_comparison.parquet; mbu26_official_annual.csv,data/current_revenue_outlook/revenue_chart_rows.csv:middle_east_high__12c_delay_6m:2028Q3; data/current_revenue_outlook/revenue_chart_rows.csv:middle_east_high__12c_delay_6m:2028Q4; data/current_revenue_outlook/revenue_chart_rows.csv:middle_east_high__12c_delay_6m:2029Q1; data/current_revenue_outlook/revenue_chart_rows.csv:middle_east_high__12c_delay_6m:2029Q2; data/current_revenue_outlook/revenue_chart_rows.csv:middle_east_high__12c_delay_6m:2028Q3; data/current_revenue_outlook/revenue_chart_rows.csv:middle_east_high__12c_delay_6m:2028Q4; data/current_revenue_outlook/revenue_chart_rows.csv:middle_east_high__12c_delay_6m:2029Q1; data/current_revenue_outlook/revenue_chart_rows.csv:middle_east_high__12c_delay_6m:2029Q2; scenario_inputs/scenario_input_wide.parquet:PED:population (2028Q3; 2028Q4; 2029Q1; 2029Q2); VFM 202405 Base uptake shares; MBU26 rate cells AD5; AD7; AD9,,,,,,,source_backed,dynamic_RESID_GBR_n150_d1_lr0.05_w36,raw Light RUC conventional model forecast (preserved exactly under the Base uptake basis),False,13877.7063577933,-35.67964638156445,available,Model path,current_finalist_model,current_finalist_model,current_model_forecast,current_finalist_forecast,2028Q3; 2028Q4; 2029Q1; 2029Q2,,2028Q3; 2028Q4; 2029Q1; 2029Q2,False,diesel_elasticity_to_conventional_ice_only; bev_phev_activity_fixed_to_base,True,high_shifted_6m,delay_6m,1.0
2029,FY2029,Current finalist High population/comparison,Current planned path,middle_east_high__12c_delay_6m,comparison,heavy_ruc_net_km,Heavy RUC net km,Key volumes,4145.6566527310515,million km,bridge_input,current_finalist_model,forecast_scenario_comparison.parquet,data/current_revenue_outlook/revenue_chart_rows.csv:middle_east_high__12c_delay_6m:2028Q3; data/current_revenue_outlook/revenue_chart_rows.csv:middle_east_high__12c_delay_6m:2028Q4; data/current_revenue_outlook/revenue_chart_rows.csv:middle_east_high__12c_delay_6m:2029Q1; data/current_revenue_outlook/revenue_chart_rows.csv:middle_east_high__12c_delay_6m:2029Q2,,,,,,,source_backed,HEAVY_RUC__VNEXT_SOLVED_CONVEX_TOP4,sum quarterly current finalist Heavy RUC net km,False,4404.90355650087,-259.24690376981835,available,Model path,current_finalist_model,current_finalist_model,current_model_forecast,current_finalist_forecast,2028Q3; 2028Q4; 2029Q1; 2029Q2,,2028Q3; 2028Q4; 2029Q1; 2029Q2,False,,False,high_shifted_6m,delay_6m,1.0
2029,FY2029,Current finalist High population/comparison,Current planned path,middle_east_high__12c_delay_6m,comparison,light_bev_ruc_net_km,Light BEV RUC net km,Key volumes,2695.8212982561504,million km,bridge_input,raw AR(1) PED VKT per capita x scenario-input population; raw Light RUC conventional model forecast expanded by MoT VFM 202405 Base uptake shares (conventional_anchor_vfm_composition_v1),forecast_scenario_comparison.parquet; mbu26_official_annual.csv,data/current_revenue_outlook/revenue_chart_rows.csv:middle_east_high__12c_delay_6m:2028Q3; data/current_revenue_outlook/revenue_chart_rows.csv:middle_east_high__12c_delay_6m:2028Q4; data/current_revenue_outlook/revenue_chart_rows.csv:middle_east_high__12c_delay_6m:2029Q1; data/current_revenue_outlook/revenue_chart_rows.csv:middle_east_high__12c_delay_6m:2029Q2; data/current_revenue_outlook/revenue_chart_rows.csv:middle_east_high__12c_delay_6m:2028Q3; data/current_revenue_outlook/revenue_chart_rows.csv:middle_east_high__12c_delay_6m:2028Q4; data/current_revenue_outlook/revenue_chart_rows.csv:middle_east_high__12c_delay_6m:2029Q1; data/current_revenue_outlook/revenue_chart_rows.csv:middle_east_high__12c_delay_6m:2029Q2; scenario_inputs/scenario_input_wide.parquet:PED:population (2028Q3; 2028Q4; 2029Q1; 2029Q2); VFM 202405 Base uptake shares; MBU26 rate cells AD5; AD7; AD9,,,,,,,source_backed,PED__DIAGLAB__B__glsar__ylag1__ar1__wexp; dynamic_RESID_GBR_n150_d1_lr0.05_w36; HEAVY_RUC__VNEXT_SOLVED_CONVEX_TOP4,base pool (conventional / VFM Base conventional share) * VFM Base Light BEV share,False,2502.17964433063,138.44618555808165,available,Model path,current_finalist_model,current_finalist_model,current_model_forecast,current_finalist_forecast,2028Q3; 2028Q4; 2029Q1; 2029Q2,,2028Q3; 2028Q4; 2029Q1; 2029Q2,False,diesel_elasticity_to_conventional_ice_only; bev_phev_activity_fixed_to_base,True,high_shifted_6m,delay_6m,1.0
2029,FY2029,Current finalist High population/comparison,Current planned path,middle_east_high__12c_delay_6m,comparison,heavy_bev_ruc_net_km,Heavy BEV RUC net km,Key volumes,73.7781618539809,million km,bridge_input,MBU26 official fixed component,annual_spine.csv,AD8,,,,,,,source_backed,,nan,False,73.7781618539809,0.0,available,Model path,current_finalist_model,current_finalist_model,current_model_forecast,current_finalist_forecast,2028Q3; 2028Q4; 2029Q1; 2029Q2,,2028Q3; 2028Q4; 2029Q1; 2029Q2,False,diesel_elasticity_to_conventional_ice_only; bev_phev_activity_fixed_to_base,True,high_shifted_6m,delay_6m,1.0
2029,FY2029,Current finalist High population/comparison,Current planned path,middle_east_high__12c_delay_6m,comparison,phev_ruc_net_km,PHEV RUC net km,Key volumes,1495.51845432587,million km,bridge_input,raw AR(1) PED VKT per capita x scenario-input population; raw Light RUC conventional model forecast expanded by MoT VFM 202405 Base uptake shares (conventional_anchor_vfm_composition_v1),forecast_scenario_comparison.parquet; mbu26_official_annual.csv,data/current_revenue_outlook/revenue_chart_rows.csv:middle_east_high__12c_delay_6m:2028Q3; data/current_revenue_outlook/revenue_chart_rows.csv:middle_east_high__12c_delay_6m:2028Q4; data/current_revenue_outlook/revenue_chart_rows.csv:middle_east_high__12c_delay_6m:2029Q1; data/current_revenue_outlook/revenue_chart_rows.csv:middle_east_high__12c_delay_6m:2029Q2; data/current_revenue_outlook/revenue_chart_rows.csv:middle_east_high__12c_delay_6m:2028Q3; data/current_revenue_outlook/revenue_chart_rows.csv:middle_east_high__12c_delay_6m:2028Q4; data/current_revenue_outlook/revenue_chart_rows.csv:middle_east_high__12c_delay_6m:2029Q1; data/current_revenue_outlook/revenue_chart_rows.csv:middle_east_high__12c_delay_6m:2029Q2; scenario_inputs/scenario_input_wide.parquet:PED:population (2028Q3; 2028Q4; 2029Q1; 2029Q2); VFM 202405 Base uptake shares; MBU26 rate cells AD5; AD7; AD9,,,,,,,source_backed,PED__DIAGLAB__B__glsar__ylag1__ar1__wexp; dynamic_RESID_GBR_n150_d1_lr0.05_w36; HEAVY_RUC__VNEXT_SOLVED_CONVEX_TOP4,base pool (conventional / VFM Base conventional share) * VFM Base PHEV share,False,1394.20153006706,70.69700090110746,available,Model path,current_finalist_model,current_finalist_model,current_model_forecast,current_finalist_forecast,2028Q3; 2028Q4; 2029Q1; 2029Q2,,2028Q3; 2028Q4; 2029Q1; 2029Q2,False,diesel_elasticity_to_conventional_ice_only; bev_phev_activity_fixed_to_base,True,high_shifted_6m,delay_6m,1.0
2029,FY2029,Current finalist High population/comparison,Current planned path,middle_east_high__12c_delay_6m,comparison,ped_volume,PED volume,Key volumes,2849.151486090262,million litres,bridge_input,raw AR(1) PED VKT/capita + scenario-input population (scenario_input_population) + MBU26 intensity,forecast_scenario_comparison.parquet; scenario_inputs/scenario_input_wide.parquet; mbu26_official_annual.csv,data/current_revenue_outlook/revenue_chart_rows.csv:middle_east_high__12c_delay_6m:2028Q3; data/current_revenue_outlook/revenue_chart_rows.csv:middle_east_high__12c_delay_6m:2028Q4; data/current_revenue_outlook/revenue_chart_rows.csv:middle_east_high__12c_delay_6m:2029Q1; data/current_revenue_outlook/revenue_chart_rows.csv:middle_east_high__12c_delay_6m:2029Q2; data/current_revenue_outlook/revenue_chart_rows.csv:middle_east_high__12c_delay_6m:2028Q3; data/current_revenue_outlook/revenue_chart_rows.csv:middle_east_high__12c_delay_6m:2028Q4; data/current_revenue_outlook/revenue_chart_rows.csv:middle_east_high__12c_delay_6m:2029Q1; data/current_revenue_outlook/revenue_chart_rows.csv:middle_east_high__12c_delay_6m:2029Q2; scenario_inputs/scenario_input_wide.parquet:PED:population (2028Q3; 2028Q4; 2029Q1; 2029Q2); VFM 202405 Base uptake shares; MBU26 rate cells AD5; AD7; AD9,forecast_scenario_comparison.parquet,data/current_revenue_outlook/revenue_chart_rows.csv:middle_east_high__12c_delay_6m:2028Q3; data/current_revenue_outlook/revenue_chart_rows.csv:middle_east_high__12c_delay_6m:2028Q4; data/current_revenue_outlook/revenue_chart_rows.csv:middle_east_high__12c_delay_6m:2029Q1; data/current_revenue_outlook/revenue_chart_rows.csv:middle_east_high__12c_delay_6m:2029Q2,current_finalist_model,scenario_inputs/scenario_input_wide.parquet,scenario_inputs/scenario_input_wide.parquet:PED:population (2028Q3; 2028Q4; 2029Q1; 2029Q2),scenario_input_population,source_backed,PED__DIAGLAB__B__glsar__ylag1__ar1__wexp,raw PED/light-petrol VKT * MBU26 litres intensity / 100,False,2879.43557979336,-30.284093703097824,available,Model path,current_finalist_model,current_finalist_model,current_model_forecast,current_finalist_forecast,2028Q3; 2028Q4; 2029Q1; 2029Q2,,2028Q3; 2028Q4; 2029Q1; 2029Q2,False,,False,high_shifted_6m,delay_6m,1.0
2029,FY2029,Current finalist High population/comparison,Current planned path,middle_east_high__12c_delay_6m,comparison,light_petrol_vkt,Light petrol VKT,Key volumes,32213.206748722907,million km,bridge_input,raw AR(1) PED VKT per capita x scenario-input population; raw Light RUC conventional model forecast expanded by MoT VFM 202405 Base uptake shares (conventional_anchor_vfm_composition_v1),forecast_scenario_comparison.parquet; mbu26_official_annual.csv,data/current_revenue_outlook/revenue_chart_rows.csv:middle_east_high__12c_delay_6m:2028Q3; data/current_revenue_outlook/revenue_chart_rows.csv:middle_east_high__12c_delay_6m:2028Q4; data/current_revenue_outlook/revenue_chart_rows.csv:middle_east_high__12c_delay_6m:2029Q1; data/current_revenue_outlook/revenue_chart_rows.csv:middle_east_high__12c_delay_6m:2029Q2; data/current_revenue_outlook/revenue_chart_rows.csv:middle_east_high__12c_delay_6m:2028Q3; data/current_revenue_outlook/revenue_chart_rows.csv:middle_east_high__12c_delay_6m:2028Q4; data/current_revenue_outlook/revenue_chart_rows.csv:middle_east_high__12c_delay_6m:2029Q1; data/current_revenue_outlook/revenue_chart_rows.csv:middle_east_high__12c_delay_6m:2029Q2; scenario_inputs/scenario_input_wide.parquet:PED:population (2028Q3; 2028Q4; 2029Q1; 2029Q2); VFM 202405 Base uptake shares; MBU26 rate cells AD5; AD7; AD9,forecast_scenario_comparison.parquet,data/current_revenue_outlook/revenue_chart_rows.csv:middle_east_high__12c_delay_6m:2028Q3; data/current_revenue_outlook/revenue_chart_rows.csv:middle_east_high__12c_delay_6m:2028Q4; data/current_revenue_outlook/revenue_chart_rows.csv:middle_east_high__12c_delay_6m:2029Q1; data/current_revenue_outlook/revenue_chart_rows.csv:middle_east_high__12c_delay_6m:2029Q2,current_finalist_model,scenario_inputs/scenario_input_wide.parquet,scenario_inputs/scenario_input_wide.parquet:PED:population (2028Q3; 2028Q4; 2029Q1; 2029Q2),scenario_input_population,source_backed,,raw AR(1) PED VKT per capita * scenario-input population,False,32555.6061530432,-342.3994043202947,available,Model path,current_finalist_model,current_finalist_model,current_model_forecast,current_finalist_forecast,2028Q3; 2028Q4; 2029Q1; 2029Q2,,2028Q3; 2028Q4; 2029Q1; 2029Q2,False,,False,high_shifted_6m,delay_6m,1.0
2029,FY2029,Current finalist High population/comparison,Current planned path,middle_east_high__12c_delay_6m,comparison,ped_vkt_per_capita,PED VKT per capita,Key volumes,5817.190142499294,km/person,bridge_input,current_finalist_model,forecast_scenario_comparison.parquet,data/current_revenue_outlook/revenue_chart_rows.csv:middle_east_high__12c_delay_6m:2028Q3; data/current_revenue_outlook/revenue_chart_rows.csv:middle_east_high__12c_delay_6m:2028Q4; data/current_revenue_outlook/revenue_chart_rows.csv:middle_east_high__12c_delay_6m:2029Q1; data/current_revenue_outlook/revenue_chart_rows.csv:middle_east_high__12c_delay_6m:2029Q2,forecast_scenario_comparison.parquet,data/current_revenue_outlook/revenue_chart_rows.csv:middle_east_high__12c_delay_6m:2028Q3; data/current_revenue_outlook/revenue_chart_rows.csv:middle_east_high__12c_delay_6m:2028Q4; data/current_revenue_outlook/revenue_chart_rows.csv:middle_east_high__12c_delay_6m:2029Q1; data/current_revenue_outlook/revenue_chart_rows.csv:middle_east_high__12c_delay_6m:2029Q2,current_finalist_model,,,,source_backed,PED__DIAGLAB__B__glsar__ylag1__ar1__wexp,sum quarterly current finalist PED VKT/capita,False,5888.3409910512,-71.15084855190617,available,Model path,current_finalist_model,current_finalist_model,current_model_forecast,current_finalist_forecast,2028Q3; 2028Q4; 2029Q1; 2029Q2,,2028Q3; 2028Q4; 2029Q1; 2029Q2,False,,False,high_shifted_6m,delay_6m,1.0
2029,FY2029,Current finalist High population/comparison,Current planned path,middle_east_high__12c_delay_6m,comparison,tuc_gtk,TUC GTK,Key volumes,8179315222.66,tonne-km,bridge_input,MBU26 official fixed component,annual_spine.csv,AD13,,,,,,,source_backed,,nan,False,8179315222.66,0.0,available,Model path,current_finalist_model,current_finalist_model,current_model_forecast,current_finalist_forecast,2028Q3; 2028Q4; 2029Q1; 2029Q2,,2028Q3; 2028Q4; 2029Q1; 2029Q2,False,,False,high_shifted_6m,delay_6m,1.0
2029,FY2029,Current finalist High population/comparison,Current planned path,middle_east_high__12c_delay_6m,comparison,light_ruc_net_revenue,Light RUC revenue,RUC,1192.1744797977049,$m nominal ex GST,replacement_line,"raw AR(1) PED bridge and conventional-anchor VFM composition, scenario-input population and MBU26 effective rate",forecast_scenario_comparison.parquet; mbu26_official_annual.csv,data/current_revenue_outlook/revenue_chart_rows.csv:middle_east_high__12c_delay_6m:2028Q3; data/current_revenue_outlook/revenue_chart_rows.csv:middle_east_high__12c_delay_6m:2028Q4; data/current_revenue_outlook/revenue_chart_rows.csv:middle_east_high__12c_delay_6m:2029Q1; data/current_revenue_outlook/revenue_chart_rows.csv:middle_east_high__12c_delay_6m:2029Q2; data/current_revenue_outlook/revenue_chart_rows.csv:middle_east_high__12c_delay_6m:2028Q3; data/current_revenue_outlook/revenue_chart_rows.csv:middle_east_high__12c_delay_6m:2028Q4; data/current_revenue_outlook/revenue_chart_rows.csv:middle_east_high__12c_delay_6m:2029Q1; data/current_revenue_outlook/revenue_chart_rows.csv:middle_east_high__12c_delay_6m:2029Q2; scenario_inputs/scenario_input_wide.parquet:PED:population (2028Q3; 2028Q4; 2029Q1; 2029Q2); VFM 202405 Base uptake shares; MBU26 rate cells AD5; AD7; AD9,,,,,,,source_backed,dynamic_RESID_GBR_n150_d1_lr0.05_w36,conventional Light RUC km * MBU26 conventional Light effective rate,True,1195.24746648897,-3.0729866912654416,available,Model path,current_finalist_model,current_finalist_model,current_model_forecast,current_finalist_forecast,2028Q3; 2028Q4; 2029Q1; 2029Q2,,2028Q3; 2028Q4; 2029Q1; 2029Q2,False,diesel_elasticity_to_conventional_ice_only; bev_phev_activity_fixed_to_base,True,high_shifted_6m,delay_6m,1.0
2029,FY2029,Current finalist High population/comparison,Current planned path,middle_east_high__12c_delay_6m,comparison,heavy_ruc_net_revenue,Heavy RUC revenue,RUC,1465.5301619203756,$m nominal ex GST,replacement_line,current_finalist_model + MBU26 effective rate,forecast_scenario_comparison.parquet; mbu26_official_annual.csv,data/current_revenue_outlook/revenue_chart_rows.csv:middle_east_high__12c_delay_6m:2028Q3; data/current_revenue_outlook/revenue_chart_rows.csv:middle_east_high__12c_delay_6m:2028Q4; data/current_revenue_outlook/revenue_chart_rows.csv:middle_east_high__12c_delay_6m:2029Q1; data/current_revenue_outlook/revenue_chart_rows.csv:middle_east_high__12c_delay_6m:2029Q2,,,,,,,source_backed,HEAVY_RUC__VNEXT_SOLVED_CONVEX_TOP4,sum quarterly current Heavy RUC net km * MBU26 effective rate,True,1557.17647725352,-91.64631533314446,available,Model path,current_finalist_model,current_finalist_model,current_model_forecast,current_finalist_forecast,2028Q3; 2028Q4; 2029Q1; 2029Q2,,2028Q3; 2028Q4; 2029Q1; 2029Q2,False,,False,high_shifted_6m,delay_6m,1.0
2029,FY2029,Current finalist High population/comparison,Current planned path,middle_east_high__12c_delay_6m,comparison,light_bev_ruc_net_revenue,Light BEV RUC net revenue,RUC,232.20456752529267,$m nominal ex GST,replacement_line,"raw AR(1) PED bridge and conventional-anchor VFM composition, scenario-input population and MBU26 effective rate",forecast_scenario_comparison.parquet; mbu26_official_annual.csv,data/current_revenue_outlook/revenue_chart_rows.csv:middle_east_high__12c_delay_6m:2028Q3; data/current_revenue_outlook/revenue_chart_rows.csv:middle_east_high__12c_delay_6m:2028Q4; data/current_revenue_outlook/revenue_chart_rows.csv:middle_east_high__12c_delay_6m:2029Q1; data/current_revenue_outlook/revenue_chart_rows.csv:middle_east_high__12c_delay_6m:2029Q2; data/current_revenue_outlook/revenue_chart_rows.csv:middle_east_high__12c_delay_6m:2028Q3; data/current_revenue_outlook/revenue_chart_rows.csv:middle_east_high__12c_delay_6m:2028Q4; data/current_revenue_outlook/revenue_chart_rows.csv:middle_east_high__12c_delay_6m:2029Q1; data/current_revenue_outlook/revenue_chart_rows.csv:middle_east_high__12c_delay_6m:2029Q2; scenario_inputs/scenario_input_wide.parquet:PED:population (2028Q3; 2028Q4; 2029Q1; 2029Q2); VFM 202405 Base uptake shares; MBU26 rate cells AD5; AD7; AD9,,,,,,,source_backed,PED__DIAGLAB__B__glsar__ylag1__ar1__wexp; dynamic_RESID_GBR_n150_d1_lr0.05_w36; HEAVY_RUC__VNEXT_SOLVED_CONVEX_TOP4,allocated Light BEV RUC km * MBU26 Light BEV effective rate,True,215.525243664418,11.925062193045306,available,Model path,current_finalist_model,current_finalist_model,current_model_forecast,current_finalist_forecast,2028Q3; 2028Q4; 2029Q1; 2029Q2,,2028Q3; 2028Q4; 2029Q1; 2029Q2,False,diesel_elasticity_to_conventional_ice_only; bev_phev_activity_fixed_to_base,True,high_shifted_6m,delay_6m,1.0
2029,FY2029,Current finalist High population/comparison,Current planned path,middle_east_high__12c_delay_6m,comparison,heavy_bev_ruc_net_revenue,Heavy BEV RUC net revenue,RUC,26.0839002326657,$m nominal ex GST,leaf,MBU26 official fixed component,annual_spine.csv,AD31,,,,,,,source_backed,,nan,False,26.0839002326657,0.0,available,Model path,current_finalist_model,current_finalist_model,current_model_forecast,current_finalist_forecast,2028Q3; 2028Q4; 2029Q1; 2029Q2,,2028Q3; 2028Q4; 2029Q1; 2029Q2,False,diesel_elasticity_to_conventional_ice_only; bev_phev_activity_fixed_to_base,True,high_shifted_6m,delay_6m,1.0
2029,FY2029,Current finalist High population/comparison,Current planned path,middle_east_high__12c_delay_6m,comparison,phev_ruc_net_revenue,PHEV RUC net revenue,RUC,63.52214634749125,$m nominal ex GST,replacement_line,"raw AR(1) PED bridge and conventional-anchor VFM composition, scenario-input population and MBU26 effective rate",forecast_scenario_comparison.parquet; mbu26_official_annual.csv,data/current_revenue_outlook/revenue_chart_rows.csv:middle_east_high__12c_delay_6m:2028Q3; data/current_revenue_outlook/revenue_chart_rows.csv:middle_east_high__12c_delay_6m:2028Q4; data/current_revenue_outlook/revenue_chart_rows.csv:middle_east_high__12c_delay_6m:2029Q1; data/current_revenue_outlook/revenue_chart_rows.csv:middle_east_high__12c_delay_6m:2029Q2; data/current_revenue_outlook/revenue_chart_rows.csv:middle_east_high__12c_delay_6m:2028Q3; data/current_revenue_outlook/revenue_chart_rows.csv:middle_east_high__12c_delay_6m:2028Q4; data/current_revenue_outlook/revenue_chart_rows.csv:middle_east_high__12c_delay_6m:2029Q1; data/current_revenue_outlook/revenue_chart_rows.csv:middle_east_high__12c_delay_6m:2029Q2; scenario_inputs/scenario_input_wide.parquet:PED:population (2028Q3; 2028Q4; 2029Q1; 2029Q2); VFM 202405 Base uptake shares; MBU26 rate cells AD5; AD7; AD9,,,,,,,source_backed,PED__DIAGLAB__B__glsar__ylag1__ar1__wexp; dynamic_RESID_GBR_n150_d1_lr0.05_w36; HEAVY_RUC__VNEXT_SOLVED_CONVEX_TOP4,allocated PHEV RUC km * MBU26 PHEV effective rate,True,59.2187099895983,3.002855113274542,available,Model path,current_finalist_model,current_finalist_model,current_model_forecast,current_finalist_forecast,2028Q3; 2028Q4; 2029Q1; 2029Q2,,2028Q3; 2028Q4; 2029Q1; 2029Q2,False,diesel_elasticity_to_conventional_ice_only; bev_phev_activity_fixed_to_base,True,high_shifted_6m,delay_6m,1.0
2029,FY2029,Current finalist High population/comparison,Current planned path,middle_east_high__12c_delay_6m,comparison,ruc_refunds,RUC refunds,RUC,101.989316940945,$m nominal ex GST,deduction,MBU26 official fixed component,annual_spine.csv,AD33,,,,,,,source_backed,,nan,False,101.989316940945,0.0,available,Model path,current_finalist_model,current_finalist_model,current_model_forecast,current_finalist_forecast,2028Q3; 2028Q4; 2029Q1; 2029Q2,,2028Q3; 2028Q4; 2029Q1; 2029Q2,False,,False,high_shifted_6m,delay_6m,1.0
2029,FY2029,Current finalist High population/comparison,Current planned path,middle_east_high__12c_delay_6m,comparison,gross_ruc_revenue,Gross RUC revenue,RUC,3081.504572764475,$m nominal ex GST,calculated_rollup,current_hybrid_formula,current_hybrid_formula,current_revenue_outlook:middle_east_high__12c_delay_6m:FY2029,,,,,,,source_backed,,optimized light_ruc_net_revenue + heavy_ruc_net_revenue + optimized light_bev_ruc_net_revenue + MBU26 heavy_bev_ruc_net_revenue + optimized phev_ruc_net_revenue + MBU26 ruc_refunds,False,3155.60401561549,-80.15428576346312,available,Model path,current_finalist_model,current_finalist_model,current_model_forecast,current_finalist_forecast,2028Q3; 2028Q4; 2029Q1; 2029Q2,,2028Q3; 2028Q4; 2029Q1; 2029Q2,False,,False,high_shifted_6m,delay_6m,1.0
2029,FY2029,Current finalist High population/comparison,Current planned path,middle_east_high__12c_delay_6m,comparison,ruc_admin_revenue,RUC admin revenue,RUC,40.0168341509567,$m nominal ex GST,deduction,MBU26 official fixed component,annual_spine.csv,AD35,,,,,,,source_backed,,nan,False,40.0168341509567,0.0,available,Model path,current_finalist_model,current_finalist_model,current_model_forecast,current_finalist_forecast,2028Q3; 2028Q4; 2029Q1; 2029Q2,,2028Q3; 2028Q4; 2029Q1; 2029Q2,False,,False,high_shifted_6m,delay_6m,1.0
2029,FY2029,Current finalist High population/comparison,Current planned path,middle_east_high__12c_delay_6m,comparison,ruc_revenue_net_admin,RUC revenues net of admin fees,RUC,3041.4877386135186,$m nominal ex GST,calculated_rollup,current_hybrid_formula,current_hybrid_formula,current_revenue_outlook:middle_east_high__12c_delay_6m:FY2029,,,,,,,source_backed,,gross_ruc_revenue - MBU26 ruc_admin_revenue,False,3115.58718146454,-80.15428576346994,available,Model path,current_finalist_model,current_finalist_model,current_model_forecast,current_finalist_forecast,2028Q3; 2028Q4; 2029Q1; 2029Q2,,2028Q3; 2028Q4; 2029Q1; 2029Q2,False,,False,high_shifted_6m,delay_6m,1.0
2029,FY2029,Current finalist High population/comparison,Current planned path,middle_east_high__12c_delay_6m,comparison,total_ruc_net_revenue,Total RUC all classes,RUC,2939.4984216725734,$m nominal ex GST,calculated_rollup,current_hybrid_formula,current_hybrid_formula,current_revenue_outlook:middle_east_high__12c_delay_6m:FY2029,,,,,,,source_backed,PED__DIAGLAB__B__glsar__ylag1__ar1__wexp; dynamic_RESID_GBR_n150_d1_lr0.05_w36; HEAVY_RUC__VNEXT_SOLVED_CONVEX_TOP4,ruc_revenue_net_admin - MBU26 ruc_refunds,False,3013.59786452359,-80.15428576346494,available,Model path,current_finalist_model,current_finalist_model,current_model_forecast,current_finalist_forecast,2028Q3; 2028Q4; 2029Q1; 2029Q2,,2028Q3; 2028Q4; 2029Q1; 2029Q2,False,,False,high_shifted_6m,delay_6m,1.0
2029,FY2029,Current finalist High population/comparison,Current planned path,middle_east_high__12c_delay_6m,comparison,gross_ped_revenue,PED revenue,FED,2564.6063607759593,$m nominal ex GST,replacement_line,"raw AR(1) PED bridge and conventional-anchor VFM composition, scenario-input population and MBU26 effective rate; population_source=scenario_input_population",forecast_scenario_comparison.parquet; scenario_inputs/scenario_input_wide.parquet; mbu26_official_annual.csv,data/current_revenue_outlook/revenue_chart_rows.csv:middle_east_high__12c_delay_6m:2028Q3; data/current_revenue_outlook/revenue_chart_rows.csv:middle_east_high__12c_delay_6m:2028Q4; data/current_revenue_outlook/revenue_chart_rows.csv:middle_east_high__12c_delay_6m:2029Q1; data/current_revenue_outlook/revenue_chart_rows.csv:middle_east_high__12c_delay_6m:2029Q2; data/current_revenue_outlook/revenue_chart_rows.csv:middle_east_high__12c_delay_6m:2028Q3; data/current_revenue_outlook/revenue_chart_rows.csv:middle_east_high__12c_delay_6m:2028Q4; data/current_revenue_outlook/revenue_chart_rows.csv:middle_east_high__12c_delay_6m:2029Q1; data/current_revenue_outlook/revenue_chart_rows.csv:middle_east_high__12c_delay_6m:2029Q2; scenario_inputs/scenario_input_wide.parquet:PED:population (2028Q3; 2028Q4; 2029Q1; 2029Q2); VFM 202405 Base uptake shares; MBU26 rate cells AD5; AD7; AD9,forecast_scenario_comparison.parquet,data/current_revenue_outlook/revenue_chart_rows.csv:middle_east_high__12c_delay_6m:2028Q3; data/current_revenue_outlook/revenue_chart_rows.csv:middle_east_high__12c_delay_6m:2028Q4; data/current_revenue_outlook/revenue_chart_rows.csv:middle_east_high__12c_delay_6m:2029Q1; data/current_revenue_outlook/revenue_chart_rows.csv:middle_east_high__12c_delay_6m:2029Q2,current_finalist_model,scenario_inputs/scenario_input_wide.parquet,scenario_inputs/scenario_input_wide.parquet:PED:population (2028Q3; 2028Q4; 2029Q1; 2029Q2),scenario_input_population,source_backed,PED__DIAGLAB__B__glsar__ylag1__ar1__wexp,raw PED/light-petrol VKT * MBU26 litres intensity / 100 * MBU26 PED rate,True,2591.86597814642,-27.259617370460546,available,Model path,current_finalist_model,current_finalist_model,current_model_forecast,current_finalist_forecast,2028Q3; 2028Q4; 2029Q1; 2029Q2,,2028Q3; 2028Q4; 2029Q1; 2029Q2,False,,False,high_shifted_6m,delay_6m,1.0
2029,FY2029,Current finalist High population/comparison,Current planned path,middle_east_high__12c_delay_6m,comparison,gross_lpg_revenue,Gross LPG revenue,FED,43.0565466561107,$m nominal ex GST,leaf,MBU26 official fixed component,annual_spine.csv,AD41,,,,,,,source_backed,,nan,False,43.0565466561107,0.0,available,Model path,current_finalist_model,current_finalist_model,current_model_forecast,current_finalist_forecast,2028Q3; 2028Q4; 2029Q1; 2029Q2,,2028Q3; 2028Q4; 2029Q1; 2029Q2,False,,False,high_shifted_6m,delay_6m,1.0
2029,FY2029,Current finalist High population/comparison,Current planned path,middle_east_high__12c_delay_6m,comparison,gross_cng_revenue,Gross CNG revenue,FED,0.0,$m nominal ex GST,leaf,MBU26 official fixed component,annual_spine.csv,AD42,,,,,,,source_backed,,nan,False,0.0,0.0,available,Model path,current_finalist_model,current_finalist_model,current_model_forecast,current_finalist_forecast,2028Q3; 2028Q4; 2029Q1; 2029Q2,,2028Q3; 2028Q4; 2029Q1; 2029Q2,False,,False,high_shifted_6m,delay_6m,1.0
2029,FY2029,Current finalist High population/comparison,Current planned path,middle_east_high__12c_delay_6m,comparison,gross_fed_revenue,Gross FED revenue,FED,2607.66290743207,$m nominal ex GST,calculated_rollup,current_hybrid_formula,current_hybrid_formula,current_revenue_outlook:middle_east_high__12c_delay_6m:FY2029,,,,,,,source_backed,PED__DIAGLAB__B__glsar__ylag1__ar1__wexp,gross_ped_revenue + MBU26 gross_lpg_revenue + MBU26 gross_cng_revenue,False,2634.92252480253,-27.25961737046009,available,Model path,current_finalist_model,current_finalist_model,current_model_forecast,current_finalist_forecast,2028Q3; 2028Q4; 2029Q1; 2029Q2,,2028Q3; 2028Q4; 2029Q1; 2029Q2,False,,False,high_shifted_6m,delay_6m,1.0
2029,FY2029,Current finalist High population/comparison,Current planned path,middle_east_high__12c_delay_6m,comparison,fed_refunds,FED refunds,FED,97.6737041163894,$m nominal ex GST,deduction,MBU26 official fixed component,annual_spine.csv,AD44,,,,,,,source_backed,,nan,False,97.6737041163894,0.0,available,Model path,current_finalist_model,current_finalist_model,current_model_forecast,current_finalist_forecast,2028Q3; 2028Q4; 2029Q1; 2029Q2,,2028Q3; 2028Q4; 2029Q1; 2029Q2,False,,False,high_shifted_6m,delay_6m,1.0
2029,FY2029,Current finalist High population/comparison,Current planned path,middle_east_high__12c_delay_6m,comparison,net_fed_revenue,Net FED revenue,FED,2509.9892033156807,$m nominal ex GST,calculated_rollup,current_hybrid_formula,current_hybrid_formula,current_revenue_outlook:middle_east_high__12c_delay_6m:FY2029,,,,,,,source_backed,PED__DIAGLAB__B__glsar__ylag1__ar1__wexp,gross_fed_revenue - MBU26 fed_refunds,False,2537.24882068614,-27.259617370459182,available,Model path,current_finalist_model,current_finalist_model,current_model_forecast,current_finalist_forecast,2028Q3; 2028Q4; 2029Q1; 2029Q2,,2028Q3; 2028Q4; 2029Q1; 2029Q2,False,,False,high_shifted_6m,delay_6m,1.0
2029,FY2029,Current finalist High population/comparison,Current planned path,middle_east_high__12c_delay_6m,comparison,mr1_revenue,MR1 revenue,MVR,526.427022508523,$m nominal ex GST,leaf,MBU26 official fixed component,annual_spine.csv,AD48,,,,,,,source_backed,,nan,False,526.427022508523,0.0,available,Model path,current_finalist_model,current_finalist_model,current_model_forecast,current_finalist_forecast,2028Q3; 2028Q4; 2029Q1; 2029Q2,,2028Q3; 2028Q4; 2029Q1; 2029Q2,False,,False,high_shifted_6m,delay_6m,1.0
2029,FY2029,Current finalist High population/comparison,Current planned path,middle_east_high__12c_delay_6m,comparison,mr2_revenue,MR2 revenue,MVR,31.8808203574151,$m nominal ex GST,leaf,MBU26 official fixed component,annual_spine.csv,AD49,,,,,,,source_backed,,nan,False,31.8808203574151,0.0,available,Model path,current_finalist_model,current_finalist_model,current_model_forecast,current_finalist_forecast,2028Q3; 2028Q4; 2029Q1; 2029Q2,,2028Q3; 2028Q4; 2029Q1; 2029Q2,False,,False,high_shifted_6m,delay_6m,1.0
2029,FY2029,Current finalist High population/comparison,Current planned path,middle_east_high__12c_delay_6m,comparison,coo_revenue,MR13,MVR,0.0,$m nominal ex GST,deduction,MBU26 official fixed component,annual_spine.csv,AD50,,,,,,,source_backed,,nan,False,0.0,0.0,available,Model path,current_finalist_model,current_finalist_model,current_model_forecast,current_finalist_forecast,2028Q3; 2028Q4; 2029Q1; 2029Q2,,2028Q3; 2028Q4; 2029Q1; 2029Q2,False,,False,high_shifted_6m,delay_6m,1.0
2029,FY2029,Current finalist High population/comparison,Current planned path,middle_east_high__12c_delay_6m,comparison,gross_mvr_revenue,Gross MVR revenue,MVR,558.3078428659381,$m nominal ex GST,calculated_rollup,MBU26 official formula,mbu26_official_annual.csv,AD51,,,,,,,source_backed,,mr1_revenue + mr2_revenue + coo_revenue,False,558.307842865938,1.1368683772161603e-13,available,Model path,current_finalist_model,current_finalist_model,current_model_forecast,current_finalist_forecast,2028Q3; 2028Q4; 2029Q1; 2029Q2,,2028Q3; 2028Q4; 2029Q1; 2029Q2,False,,False,high_shifted_6m,delay_6m,1.0
2029,FY2029,Current finalist High population/comparison,Current planned path,middle_east_high__12c_delay_6m,comparison,mvr_admin_revenue,MVR admin revenue,MVR,71.5205705630239,$m nominal ex GST,deduction,MBU26 official fixed component,annual_spine.csv,AD52,,,,,,,source_backed,,nan,False,71.5205705630239,0.0,available,Model path,current_finalist_model,current_finalist_model,current_model_forecast,current_finalist_forecast,2028Q3; 2028Q4; 2029Q1; 2029Q2,,2028Q3; 2028Q4; 2029Q1; 2029Q2,False,,False,high_shifted_6m,delay_6m,1.0
2029,FY2029,Current finalist High population/comparison,Current planned path,middle_east_high__12c_delay_6m,comparison,mvr_revenue_net_admin_coo,MVR revenues net of admin fees and COO,MVR,486.78727230291423,$m nominal ex GST,calculated_rollup,MBU26 official formula,mbu26_official_annual.csv,AD53,,,,,,,source_backed,,mr1_revenue + mr2_revenue - mvr_admin_revenue,False,486.787272302915,-7.958078640513122e-13,available,Model path,current_finalist_model,current_finalist_model,current_model_forecast,current_finalist_forecast,2028Q3; 2028Q4; 2029Q1; 2029Q2,,2028Q3; 2028Q4; 2029Q1; 2029Q2,False,,False,high_shifted_6m,delay_6m,1.0
2029,FY2029,Current finalist High population/comparison,Current planned path,middle_east_high__12c_delay_6m,comparison,mvr_refunds,MVR refunds,MVR,1.94416230921848,$m nominal ex GST,deduction,MBU26 official fixed component,annual_spine.csv,AD54,,,,,,,source_backed,,nan,False,1.94416230921848,0.0,available,Model path,current_finalist_model,current_finalist_model,current_model_forecast,current_finalist_forecast,2028Q3; 2028Q4; 2029Q1; 2029Q2,,2028Q3; 2028Q4; 2029Q1; 2029Q2,False,,False,high_shifted_6m,delay_6m,1.0
2029,FY2029,Current finalist High population/comparison,Current planned path,middle_east_high__12c_delay_6m,comparison,net_mvr_revenue,Net MVR revenue,MVR,484.84310999369575,$m nominal ex GST,calculated_rollup,MBU26 official formula,mbu26_official_annual.csv,AD55,,,,,,,source_backed,,mvr_revenue_net_admin_coo - mvr_refunds,False,484.843109993696,-2.2737367544323206e-13,available,Model path,current_finalist_model,current_finalist_model,current_model_forecast,current_finalist_forecast,2028Q3; 2028Q4; 2029Q1; 2029Q2,,2028Q3; 2028Q4; 2029Q1; 2029Q2,False,,False,high_shifted_6m,delay_6m,1.0
2029,FY2029,Current finalist High population/comparison,Current planned path,middle_east_high__12c_delay_6m,comparison,tuc_net_revenue,TUC net revenue,TUC,17.5578996928248,$m nominal ex GST,leaf,MBU26 official fixed component,annual_spine.csv,AD58,,,,,,,source_backed,,nan,False,17.5578996928248,0.0,available,Model path,current_finalist_model,current_finalist_model,current_model_forecast,current_finalist_forecast,2028Q3; 2028Q4; 2029Q1; 2029Q2,,2028Q3; 2028Q4; 2029Q1; 2029Q2,False,,False,high_shifted_6m,delay_6m,1.0
2029,FY2029,Current finalist High population/comparison,Current planned path,middle_east_high__12c_delay_6m,comparison,total_gross_revenue,Total gross revenues,Totals,6265.033222755308,$m nominal ex GST,calculated_rollup,current_hybrid_formula,current_hybrid_formula,current_revenue_outlook:middle_east_high__12c_delay_6m:FY2029,,,,,,,source_backed,,gross_ruc_revenue + gross_fed_revenue + gross_mvr_revenue + tuc_net_revenue,False,6366.39228297679,-107.41390313392913,available,Model path,current_finalist_model,current_finalist_model,current_model_forecast,current_finalist_forecast,2028Q3; 2028Q4; 2029Q1; 2029Q2,,2028Q3; 2028Q4; 2029Q1; 2029Q2,False,,False,high_shifted_6m,delay_6m,1.0
2029,FY2029,Current finalist High population/comparison,Current planned path,middle_east_high__12c_delay_6m,comparison,total_admin_fees,Total admin fees,Totals,111.53740471398059,$m nominal ex GST,calculated_rollup,current_hybrid_formula,current_hybrid_formula,current_revenue_outlook:middle_east_high__12c_delay_6m:FY2029,,,,,,,source_backed,,ruc_admin_revenue + mvr_admin_revenue + coo_revenue,False,111.537404713981,-4.121147867408581e-13,available,Model path,current_finalist_model,current_finalist_model,current_model_forecast,current_finalist_forecast,2028Q3; 2028Q4; 2029Q1; 2029Q2,,2028Q3; 2028Q4; 2029Q1; 2029Q2,False,,False,high_shifted_6m,delay_6m,1.0
2029,FY2029,Current finalist High population/comparison,Current planned path,middle_east_high__12c_delay_6m,comparison,total_revenue_net_admin,Total revenues net of admin fees,Totals,6153.495818041328,$m nominal ex GST,calculated_rollup,current_hybrid_formula,current_hybrid_formula,current_revenue_outlook:middle_east_high__12c_delay_6m:FY2029,,,,,,,source_backed,,total_gross_revenue - total_admin_fees,False,6254.85487826281,-107.41390313393003,available,Model path,current_finalist_model,current_finalist_model,current_model_forecast,current_finalist_forecast,2028Q3; 2028Q4; 2029Q1; 2029Q2,,2028Q3; 2028Q4; 2029Q1; 2029Q2,False,,False,high_shifted_6m,delay_6m,1.0
2029,FY2029,Current finalist High population/comparison,Current planned path,middle_east_high__12c_delay_6m,comparison,total_refunds,Total refunds,Totals,201.60718336655287,$m nominal ex GST,calculated_rollup,current_hybrid_formula,current_hybrid_formula,current_revenue_outlook:middle_east_high__12c_delay_6m:FY2029,,,,,,,source_backed,,ruc_refunds + fed_refunds + mvr_refunds,False,201.607183366553,-1.1368683772161603e-13,available,Model path,current_finalist_model,current_finalist_model,current_model_forecast,current_finalist_forecast,2028Q3; 2028Q4; 2029Q1; 2029Q2,,2028Q3; 2028Q4; 2029Q1; 2029Q2,False,,False,high_shifted_6m,delay_6m,1.0
2029,FY2029,Current finalist High population/comparison,Current planned path,middle_east_high__12c_delay_6m,comparison,total_nltf_net_revenue,Total NLTF revenue,Totals,5951.888634674775,$m nominal ex GST,calculated_rollup,current_hybrid_formula,current_hybrid_formula,current_revenue_outlook:middle_east_high__12c_delay_6m:FY2029,,,,,,,source_backed,PED__DIAGLAB__B__glsar__ylag1__ar1__wexp; dynamic_RESID_GBR_n150_d1_lr0.05_w36; HEAVY_RUC__VNEXT_SOLVED_CONVEX_TOP4,total_revenue_net_admin - total_refunds,False,6053.24769489626,-107.41390313393276,available,Model path,current_finalist_model,current_finalist_model,current_model_forecast,current_finalist_forecast,2028Q3; 2028Q4; 2029Q1; 2029Q2,,2028Q3; 2028Q4; 2029Q1; 2029Q2,False,,False,high_shifted_6m,delay_6m,1.0
2029,FY2029,Current finalist High population/comparison,Current planned path,middle_east_high__12c_delay_6m,comparison,current_light_ruc_conventional_modelled_km,Current finalist Light RUC conventional modelled km,Key volumes,13842.026711411736,million km,audit_only,current_finalist_model_conventional_light_ruc_forecast,forecast_scenario_comparison.parquet,data/current_revenue_outlook/revenue_chart_rows.csv:middle_east_high__12c_delay_6m:2028Q3; data/current_revenue_outlook/revenue_chart_rows.csv:middle_east_high__12c_delay_6m:2028Q4; data/current_revenue_outlook/revenue_chart_rows.csv:middle_east_high__12c_delay_6m:2029Q1; data/current_revenue_outlook/revenue_chart_rows.csv:middle_east_high__12c_delay_6m:2029Q2,,,,,,,source_backed,dynamic_RESID_GBR_n150_d1_lr0.05_w36,sum quarterly current finalist Light RUC conventional model forecast,False,,,available,Model path,current_finalist_model,current_finalist_model,current_model_forecast,current_finalist_forecast,2028Q3; 2028Q4; 2029Q1; 2029Q2,,2028Q3; 2028Q4; 2029Q1; 2029Q2,False,diesel_elasticity_to_conventional_ice_only; bev_phev_activity_fixed_to_base,True,high_shifted_6m,delay_6m,1.0
2029,FY2029,Current finalist High population/comparison,Current planned path,middle_east_high__12c_delay_6m,comparison,total_fed_ruc_net_revenue,Total RUC+PED revenue,Derived totals,5449.4876249882545,$m nominal ex GST,calculated_rollup,current_hybrid_formula,current_hybrid_formula,current_revenue_outlook:middle_east_high__12c_delay_6m:FY2029,,,,,,,source_backed,PED__DIAGLAB__B__glsar__ylag1__ar1__wexp; dynamic_RESID_GBR_n150_d1_lr0.05_w36; HEAVY_RUC__VNEXT_SOLVED_CONVEX_TOP4,net_fed_revenue + total_ruc_net_revenue,False,5550.84668520973,-107.41390313392367,available,Model path,current_finalist_model,current_finalist_model,current_model_forecast,current_finalist_forecast,2028Q3; 2028Q4; 2029Q1; 2029Q2,,2028Q3; 2028Q4; 2029Q1; 2029Q2,False,,False,high_shifted_6m,delay_6m,1.0
2030,FY2030,Current finalist High population/comparison,Current planned path,middle_east_high__12c_delay_6m,comparison,light_ruc_net_km,Light RUC net km,Key volumes,14488.988606757966,million km,bridge_input,raw AR(1) PED VKT per capita x scenario-input population; raw Light RUC conventional model forecast expanded by MoT VFM 202405 Base uptake shares (conventional_anchor_vfm_composition_v1),forecast_scenario_comparison.parquet; mbu26_official_annual.csv,data/current_revenue_outlook/revenue_chart_rows.csv:middle_east_high__12c_delay_6m:2029Q3; data/current_revenue_outlook/revenue_chart_rows.csv:middle_east_high__12c_delay_6m:2029Q4; data/current_revenue_outlook/revenue_chart_rows.csv:middle_east_high__12c_delay_6m:2030Q1; data/current_revenue_outlook/revenue_chart_rows.csv:middle_east_high__12c_delay_6m:2030Q2; data/current_revenue_outlook/revenue_chart_rows.csv:middle_east_high__12c_delay_6m:2029Q3; data/current_revenue_outlook/revenue_chart_rows.csv:middle_east_high__12c_delay_6m:2029Q4; data/current_revenue_outlook/revenue_chart_rows.csv:middle_east_high__12c_delay_6m:2030Q1; data/current_revenue_outlook/revenue_chart_rows.csv:middle_east_high__12c_delay_6m:2030Q2; scenario_inputs/scenario_input_wide.parquet:PED:population (2029Q3; 2029Q4; 2030Q1; 2030Q2); VFM 202405 Base uptake shares; MBU26 rate cells AE5; AE7; AE9,,,,,,,source_backed,dynamic_RESID_GBR_n150_d1_lr0.05_w36,raw Light RUC conventional model forecast (preserved exactly under the Base uptake basis),False,14439.0859778169,49.90262894107036,available,Model path,current_finalist_model,current_finalist_model,current_model_forecast,current_finalist_forecast,2029Q3; 2029Q4; 2030Q1; 2030Q2,,2029Q3; 2029Q4; 2030Q1; 2030Q2,False,diesel_elasticity_to_conventional_ice_only; bev_phev_activity_fixed_to_base,True,high_shifted_6m,delay_6m,1.0
2030,FY2030,Current finalist High population/comparison,Current planned path,middle_east_high__12c_delay_6m,comparison,heavy_ruc_net_km,Heavy RUC net km,Key volumes,4217.834679741685,million km,bridge_input,current_finalist_model,forecast_scenario_comparison.parquet,data/current_revenue_outlook/revenue_chart_rows.csv:middle_east_high__12c_delay_6m:2029Q3; data/current_revenue_outlook/revenue_chart_rows.csv:middle_east_high__12c_delay_6m:2029Q4; data/current_revenue_outlook/revenue_chart_rows.csv:middle_east_high__12c_delay_6m:2030Q1; data/current_revenue_outlook/revenue_chart_rows.csv:middle_east_high__12c_delay_6m:2030Q2,,,,,,,source_backed,HEAVY_RUC__VNEXT_SOLVED_CONVEX_TOP4,sum quarterly current finalist Heavy RUC net km,False,4484.64725020264,-266.8125704609547,available,Model path,current_finalist_model,current_finalist_model,current_model_forecast,current_finalist_forecast,2029Q3; 2029Q4; 2030Q1; 2030Q2,,2029Q3; 2029Q4; 2030Q1; 2030Q2,False,,False,high_shifted_6m,delay_6m,1.0
2030,FY2030,Current finalist High population/comparison,Current planned path,middle_east_high__12c_delay_6m,comparison,light_bev_ruc_net_km,Light BEV RUC net km,Key volumes,3437.1140934214673,million km,bridge_input,raw AR(1) PED VKT per capita x scenario-input population; raw Light RUC conventional model forecast expanded by MoT VFM 202405 Base uptake shares (conventional_anchor_vfm_composition_v1),forecast_scenario_comparison.parquet; mbu26_official_annual.csv,data/current_revenue_outlook/revenue_chart_rows.csv:middle_east_high__12c_delay_6m:2029Q3; data/current_revenue_outlook/revenue_chart_rows.csv:middle_east_high__12c_delay_6m:2029Q4; data/current_revenue_outlook/revenue_chart_rows.csv:middle_east_high__12c_delay_6m:2030Q1; data/current_revenue_outlook/revenue_chart_rows.csv:middle_east_high__12c_delay_6m:2030Q2; data/current_revenue_outlook/revenue_chart_rows.csv:middle_east_high__12c_delay_6m:2029Q3; data/current_revenue_outlook/revenue_chart_rows.csv:middle_east_high__12c_delay_6m:2029Q4; data/current_revenue_outlook/revenue_chart_rows.csv:middle_east_high__12c_delay_6m:2030Q1; data/current_revenue_outlook/revenue_chart_rows.csv:middle_east_high__12c_delay_6m:2030Q2; scenario_inputs/scenario_input_wide.parquet:PED:population (2029Q3; 2029Q4; 2030Q1; 2030Q2); VFM 202405 Base uptake shares; MBU26 rate cells AE5; AE7; AE9,,,,,,,source_backed,PED__DIAGLAB__B__glsar__ylag1__ar1__wexp; dynamic_RESID_GBR_n150_d1_lr0.05_w36; HEAVY_RUC__VNEXT_SOLVED_CONVEX_TOP4,base pool (conventional / VFM Base conventional share) * VFM Base Light BEV share,False,3074.13637597232,347.866376574219,available,Model path,current_finalist_model,current_finalist_model,current_model_forecast,current_finalist_forecast,2029Q3; 2029Q4; 2030Q1; 2030Q2,,2029Q3; 2029Q4; 2030Q1; 2030Q2,False,diesel_elasticity_to_conventional_ice_only; bev_phev_activity_fixed_to_base,True,high_shifted_6m,delay_6m,1.0
2030,FY2030,Current finalist High population/comparison,Current planned path,middle_east_high__12c_delay_6m,comparison,heavy_bev_ruc_net_km,Heavy BEV RUC net km,Key volumes,88.9568688458184,million km,bridge_input,MBU26 official fixed component,annual_spine.csv,AE8,,,,,,,source_backed,,nan,False,88.9568688458184,0.0,available,Model path,current_finalist_model,current_finalist_model,current_model_forecast,current_finalist_forecast,2029Q3; 2029Q4; 2030Q1; 2030Q2,,2029Q3; 2029Q4; 2030Q1; 2030Q2,False,diesel_elasticity_to_conventional_ice_only; bev_phev_activity_fixed_to_base,True,high_shifted_6m,delay_6m,1.0
2030,FY2030,Current finalist High population/comparison,Current planned path,middle_east_high__12c_delay_6m,comparison,phev_ruc_net_km,PHEV RUC net km,Key volumes,1878.889739407174,million km,bridge_input,raw AR(1) PED VKT per capita x scenario-input population; raw Light RUC conventional model forecast expanded by MoT VFM 202405 Base uptake shares (conventional_anchor_vfm_composition_v1),forecast_scenario_comparison.parquet; mbu26_official_annual.csv,data/current_revenue_outlook/revenue_chart_rows.csv:middle_east_high__12c_delay_6m:2029Q3; data/current_revenue_outlook/revenue_chart_rows.csv:middle_east_high__12c_delay_6m:2029Q4; data/current_revenue_outlook/revenue_chart_rows.csv:middle_east_high__12c_delay_6m:2030Q1; data/current_revenue_outlook/revenue_chart_rows.csv:middle_east_high__12c_delay_6m:2030Q2; data/current_revenue_outlook/revenue_chart_rows.csv:middle_east_high__12c_delay_6m:2029Q3; data/current_revenue_outlook/revenue_chart_rows.csv:middle_east_high__12c_delay_6m:2029Q4; data/current_revenue_outlook/revenue_chart_rows.csv:middle_east_high__12c_delay_6m:2030Q1; data/current_revenue_outlook/revenue_chart_rows.csv:middle_east_high__12c_delay_6m:2030Q2; scenario_inputs/scenario_input_wide.parquet:PED:population (2029Q3; 2029Q4; 2030Q1; 2030Q2); VFM 202405 Base uptake shares; MBU26 rate cells AE5; AE7; AE9,,,,,,,source_backed,PED__DIAGLAB__B__glsar__ylag1__ar1__wexp; dynamic_RESID_GBR_n150_d1_lr0.05_w36; HEAVY_RUC__VNEXT_SOLVED_CONVEX_TOP4,base pool (conventional / VFM Base conventional share) * VFM Base PHEV share,False,1688.91801832143,181.71114475720992,available,Model path,current_finalist_model,current_finalist_model,current_model_forecast,current_finalist_forecast,2029Q3; 2029Q4; 2030Q1; 2030Q2,,2029Q3; 2029Q4; 2030Q1; 2030Q2,False,diesel_elasticity_to_conventional_ice_only; bev_phev_activity_fixed_to_base,True,high_shifted_6m,delay_6m,1.0
2030,FY2030,Current finalist High population/comparison,Current planned path,middle_east_high__12c_delay_6m,comparison,ped_volume,PED volume,Key volumes,2879.2402299898113,million litres,bridge_input,raw AR(1) PED VKT/capita + scenario-input population (scenario_input_population) + MBU26 intensity,forecast_scenario_comparison.parquet; scenario_inputs/scenario_input_wide.parquet; mbu26_official_annual.csv,data/current_revenue_outlook/revenue_chart_rows.csv:middle_east_high__12c_delay_6m:2029Q3; data/current_revenue_outlook/revenue_chart_rows.csv:middle_east_high__12c_delay_6m:2029Q4; data/current_revenue_outlook/revenue_chart_rows.csv:middle_east_high__12c_delay_6m:2030Q1; data/current_revenue_outlook/revenue_chart_rows.csv:middle_east_high__12c_delay_6m:2030Q2; data/current_revenue_outlook/revenue_chart_rows.csv:middle_east_high__12c_delay_6m:2029Q3; data/current_revenue_outlook/revenue_chart_rows.csv:middle_east_high__12c_delay_6m:2029Q4; data/current_revenue_outlook/revenue_chart_rows.csv:middle_east_high__12c_delay_6m:2030Q1; data/current_revenue_outlook/revenue_chart_rows.csv:middle_east_high__12c_delay_6m:2030Q2; scenario_inputs/scenario_input_wide.parquet:PED:population (2029Q3; 2029Q4; 2030Q1; 2030Q2); VFM 202405 Base uptake shares; MBU26 rate cells AE5; AE7; AE9,forecast_scenario_comparison.parquet,data/current_revenue_outlook/revenue_chart_rows.csv:middle_east_high__12c_delay_6m:2029Q3; data/current_revenue_outlook/revenue_chart_rows.csv:middle_east_high__12c_delay_6m:2029Q4; data/current_revenue_outlook/revenue_chart_rows.csv:middle_east_high__12c_delay_6m:2030Q1; data/current_revenue_outlook/revenue_chart_rows.csv:middle_east_high__12c_delay_6m:2030Q2,current_finalist_model,scenario_inputs/scenario_input_wide.parquet,scenario_inputs/scenario_input_wide.parquet:PED:population (2029Q3; 2029Q4; 2030Q1; 2030Q2),scenario_input_population,source_backed,PED__DIAGLAB__B__glsar__ylag1__ar1__wexp,raw PED/light-petrol VKT * MBU26 litres intensity / 100,False,2880.43564343742,-1.1954134476086438,available,Model path,current_finalist_model,current_finalist_model,current_model_forecast,current_finalist_forecast,2029Q3; 2029Q4; 2030Q1; 2030Q2,,2029Q3; 2029Q4; 2030Q1; 2030Q2,False,,False,high_shifted_6m,delay_6m,1.0
2030,FY2030,Current finalist High population/comparison,Current planned path,middle_east_high__12c_delay_6m,comparison,light_petrol_vkt,Light petrol VKT,Key volumes,32877.300585918856,million km,bridge_input,raw AR(1) PED VKT per capita x scenario-input population; raw Light RUC conventional model forecast expanded by MoT VFM 202405 Base uptake shares (conventional_anchor_vfm_composition_v1),forecast_scenario_comparison.parquet; mbu26_official_annual.csv,data/current_revenue_outlook/revenue_chart_rows.csv:middle_east_high__12c_delay_6m:2029Q3; data/current_revenue_outlook/revenue_chart_rows.csv:middle_east_high__12c_delay_6m:2029Q4; data/current_revenue_outlook/revenue_chart_rows.csv:middle_east_high__12c_delay_6m:2030Q1; data/current_revenue_outlook/revenue_chart_rows.csv:middle_east_high__12c_delay_6m:2030Q2; data/current_revenue_outlook/revenue_chart_rows.csv:middle_east_high__12c_delay_6m:2029Q3; data/current_revenue_outlook/revenue_chart_rows.csv:middle_east_high__12c_delay_6m:2029Q4; data/current_revenue_outlook/revenue_chart_rows.csv:middle_east_high__12c_delay_6m:2030Q1; data/current_revenue_outlook/revenue_chart_rows.csv:middle_east_high__12c_delay_6m:2030Q2; scenario_inputs/scenario_input_wide.parquet:PED:population (2029Q3; 2029Q4; 2030Q1; 2030Q2); VFM 202405 Base uptake shares; MBU26 rate cells AE5; AE7; AE9,forecast_scenario_comparison.parquet,data/current_revenue_outlook/revenue_chart_rows.csv:middle_east_high__12c_delay_6m:2029Q3; data/current_revenue_outlook/revenue_chart_rows.csv:middle_east_high__12c_delay_6m:2029Q4; data/current_revenue_outlook/revenue_chart_rows.csv:middle_east_high__12c_delay_6m:2030Q1; data/current_revenue_outlook/revenue_chart_rows.csv:middle_east_high__12c_delay_6m:2030Q2,current_finalist_model,scenario_inputs/scenario_input_wide.parquet,scenario_inputs/scenario_input_wide.parquet:PED:population (2029Q3; 2029Q4; 2030Q1; 2030Q2),scenario_input_population,source_backed,,raw AR(1) PED VKT per capita * scenario-input population,False,32890.9507033464,-13.65011742754723,available,Model path,current_finalist_model,current_finalist_model,current_model_forecast,current_finalist_forecast,2029Q3; 2029Q4; 2030Q1; 2030Q2,,2029Q3; 2029Q4; 2030Q1; 2030Q2,False,,False,high_shifted_6m,delay_6m,1.0
2030,FY2030,Current finalist High population/comparison,Current planned path,middle_east_high__12c_delay_6m,comparison,ped_vkt_per_capita,PED VKT per capita,Key volumes,5867.644559816273,km/person,bridge_input,current_finalist_model,forecast_scenario_comparison.parquet,data/current_revenue_outlook/revenue_chart_rows.csv:middle_east_high__12c_delay_6m:2029Q3; data/current_revenue_outlook/revenue_chart_rows.csv:middle_east_high__12c_delay_6m:2029Q4; data/current_revenue_outlook/revenue_chart_rows.csv:middle_east_high__12c_delay_6m:2030Q1; data/current_revenue_outlook/revenue_chart_rows.csv:middle_east_high__12c_delay_6m:2030Q2,forecast_scenario_comparison.parquet,data/current_revenue_outlook/revenue_chart_rows.csv:middle_east_high__12c_delay_6m:2029Q3; data/current_revenue_outlook/revenue_chart_rows.csv:middle_east_high__12c_delay_6m:2029Q4; data/current_revenue_outlook/revenue_chart_rows.csv:middle_east_high__12c_delay_6m:2030Q1; data/current_revenue_outlook/revenue_chart_rows.csv:middle_east_high__12c_delay_6m:2030Q2,current_finalist_model,,,,source_backed,PED__DIAGLAB__B__glsar__ylag1__ar1__wexp,sum quarterly current finalist PED VKT/capita,False,5890.93754143919,-23.29298162291707,available,Model path,current_finalist_model,current_finalist_model,current_model_forecast,current_finalist_forecast,2029Q3; 2029Q4; 2030Q1; 2030Q2,,2029Q3; 2029Q4; 2030Q1; 2030Q2,False,,False,high_shifted_6m,delay_6m,1.0
2030,FY2030,Current finalist High population/comparison,Current planned path,middle_east_high__12c_delay_6m,comparison,tuc_gtk,TUC GTK,Key volumes,8179315222.66,tonne-km,bridge_input,MBU26 official fixed component,annual_spine.csv,AE13,,,,,,,source_backed,,nan,False,8179315222.66,0.0,available,Model path,current_finalist_model,current_finalist_model,current_model_forecast,current_finalist_forecast,2029Q3; 2029Q4; 2030Q1; 2030Q2,,2029Q3; 2029Q4; 2030Q1; 2030Q2,False,,False,high_shifted_6m,delay_6m,1.0
2030,FY2030,Current finalist High population/comparison,Current planned path,middle_east_high__12c_delay_6m,comparison,light_ruc_net_revenue,Light RUC revenue,RUC,1303.3747733881019,$m nominal ex GST,replacement_line,"raw AR(1) PED bridge and conventional-anchor VFM composition, scenario-input population and MBU26 effective rate",forecast_scenario_comparison.parquet; mbu26_official_annual.csv,data/current_revenue_outlook/revenue_chart_rows.csv:middle_east_high__12c_delay_6m:2029Q3; data/current_revenue_outlook/revenue_chart_rows.csv:middle_east_high__12c_delay_6m:2029Q4; data/current_revenue_outlook/revenue_chart_rows.csv:middle_east_high__12c_delay_6m:2030Q1; data/current_revenue_outlook/revenue_chart_rows.csv:middle_east_high__12c_delay_6m:2030Q2; data/current_revenue_outlook/revenue_chart_rows.csv:middle_east_high__12c_delay_6m:2029Q3; data/current_revenue_outlook/revenue_chart_rows.csv:middle_east_high__12c_delay_6m:2029Q4; data/current_revenue_outlook/revenue_chart_rows.csv:middle_east_high__12c_delay_6m:2030Q1; data/current_revenue_outlook/revenue_chart_rows.csv:middle_east_high__12c_delay_6m:2030Q2; scenario_inputs/scenario_input_wide.parquet:PED:population (2029Q3; 2029Q4; 2030Q1; 2030Q2); VFM 202405 Base uptake shares; MBU26 rate cells AE5; AE7; AE9,,,,,,,source_backed,dynamic_RESID_GBR_n150_d1_lr0.05_w36,conventional Light RUC km * MBU26 conventional Light effective rate,True,1298.88572108412,4.489052303982135,available,Model path,current_finalist_model,current_finalist_model,current_model_forecast,current_finalist_forecast,2029Q3; 2029Q4; 2030Q1; 2030Q2,,2029Q3; 2029Q4; 2030Q1; 2030Q2,False,diesel_elasticity_to_conventional_ice_only; bev_phev_activity_fixed_to_base,True,high_shifted_6m,delay_6m,1.0
2030,FY2030,Current finalist High population/comparison,Current planned path,middle_east_high__12c_delay_6m,comparison,heavy_ruc_net_revenue,Heavy RUC revenue,RUC,1557.2908271529432,$m nominal ex GST,replacement_line,current_finalist_model + MBU26 effective rate,forecast_scenario_comparison.parquet; mbu26_official_annual.csv,data/current_revenue_outlook/revenue_chart_rows.csv:middle_east_high__12c_delay_6m:2029Q3; data/current_revenue_outlook/revenue_chart_rows.csv:middle_east_high__12c_delay_6m:2029Q4; data/current_revenue_outlook/revenue_chart_rows.csv:middle_east_high__12c_delay_6m:2030Q1; data/current_revenue_outlook/revenue_chart_rows.csv:middle_east_high__12c_delay_6m:2030Q2,,,,,,,source_backed,HEAVY_RUC__VNEXT_SOLVED_CONVEX_TOP4,sum quarterly current Heavy RUC net km * MBU26 effective rate,True,1655.80221986912,-98.51139271617694,available,Model path,current_finalist_model,current_finalist_model,current_model_forecast,current_finalist_forecast,2029Q3; 2029Q4; 2030Q1; 2030Q2,,2029Q3; 2029Q4; 2030Q1; 2030Q2,False,,False,high_shifted_6m,delay_6m,1.0
2030,FY2030,Current finalist High population/comparison,Current planned path,middle_east_high__12c_delay_6m,comparison,light_bev_ruc_net_revenue,Light BEV RUC net revenue,RUC,309.21996941466256,$m nominal ex GST,replacement_line,"raw AR(1) PED bridge and conventional-anchor VFM composition, scenario-input population and MBU26 effective rate",forecast_scenario_comparison.parquet; mbu26_official_annual.csv,data/current_revenue_outlook/revenue_chart_rows.csv:middle_east_high__12c_delay_6m:2029Q3; data/current_revenue_outlook/revenue_chart_rows.csv:middle_east_high__12c_delay_6m:2029Q4; data/current_revenue_outlook/revenue_chart_rows.csv:middle_east_high__12c_delay_6m:2030Q1; data/current_revenue_outlook/revenue_chart_rows.csv:middle_east_high__12c_delay_6m:2030Q2; data/current_revenue_outlook/revenue_chart_rows.csv:middle_east_high__12c_delay_6m:2029Q3; data/current_revenue_outlook/revenue_chart_rows.csv:middle_east_high__12c_delay_6m:2029Q4; data/current_revenue_outlook/revenue_chart_rows.csv:middle_east_high__12c_delay_6m:2030Q1; data/current_revenue_outlook/revenue_chart_rows.csv:middle_east_high__12c_delay_6m:2030Q2; scenario_inputs/scenario_input_wide.parquet:PED:population (2029Q3; 2029Q4; 2030Q1; 2030Q2); VFM 202405 Base uptake shares; MBU26 rate cells AE5; AE7; AE9,,,,,,,source_backed,PED__DIAGLAB__B__glsar__ylag1__ar1__wexp; dynamic_RESID_GBR_n150_d1_lr0.05_w36; HEAVY_RUC__VNEXT_SOLVED_CONVEX_TOP4,allocated Light BEV RUC km * MBU26 Light BEV effective rate,True,276.56467906435,31.295798568499606,available,Model path,current_finalist_model,current_finalist_model,current_model_forecast,current_finalist_forecast,2029Q3; 2029Q4; 2030Q1; 2030Q2,,2029Q3; 2029Q4; 2030Q1; 2030Q2,False,diesel_elasticity_to_conventional_ice_only; bev_phev_activity_fixed_to_base,True,high_shifted_6m,delay_6m,1.0
2030,FY2030,Current finalist High population/comparison,Current planned path,middle_east_high__12c_delay_6m,comparison,heavy_bev_ruc_net_revenue,Heavy BEV RUC net revenue,RUC,32.8477686056627,$m nominal ex GST,leaf,MBU26 official fixed component,annual_spine.csv,AE31,,,,,,,source_backed,,nan,False,32.8477686056627,0.0,available,Model path,current_finalist_model,current_finalist_model,current_model_forecast,current_finalist_forecast,2029Q3; 2029Q4; 2030Q1; 2030Q2,,2029Q3; 2029Q4; 2030Q1; 2030Q2,False,diesel_elasticity_to_conventional_ice_only; bev_phev_activity_fixed_to_base,True,high_shifted_6m,delay_6m,1.0
2030,FY2030,Current finalist High population/comparison,Current planned path,middle_east_high__12c_delay_6m,comparison,phev_ruc_net_revenue,PHEV RUC net revenue,RUC,83.356943288799,$m nominal ex GST,replacement_line,"raw AR(1) PED bridge and conventional-anchor VFM composition, scenario-input population and MBU26 effective rate",forecast_scenario_comparison.parquet; mbu26_official_annual.csv,data/current_revenue_outlook/revenue_chart_rows.csv:middle_east_high__12c_delay_6m:2029Q3; data/current_revenue_outlook/revenue_chart_rows.csv:middle_east_high__12c_delay_6m:2029Q4; data/current_revenue_outlook/revenue_chart_rows.csv:middle_east_high__12c_delay_6m:2030Q1; data/current_revenue_outlook/revenue_chart_rows.csv:middle_east_high__12c_delay_6m:2030Q2; data/current_revenue_outlook/revenue_chart_rows.csv:middle_east_high__12c_delay_6m:2029Q3; data/current_revenue_outlook/revenue_chart_rows.csv:middle_east_high__12c_delay_6m:2029Q4; data/current_revenue_outlook/revenue_chart_rows.csv:middle_east_high__12c_delay_6m:2030Q1; data/current_revenue_outlook/revenue_chart_rows.csv:middle_east_high__12c_delay_6m:2030Q2; scenario_inputs/scenario_input_wide.parquet:PED:population (2029Q3; 2029Q4; 2030Q1; 2030Q2); VFM 202405 Base uptake shares; MBU26 rate cells AE5; AE7; AE9,,,,,,,source_backed,PED__DIAGLAB__B__glsar__ylag1__ar1__wexp; dynamic_RESID_GBR_n150_d1_lr0.05_w36; HEAVY_RUC__VNEXT_SOLVED_CONVEX_TOP4,allocated PHEV RUC km * MBU26 PHEV effective rate,True,74.92884788283,8.061614937153593,available,Model path,current_finalist_model,current_finalist_model,current_model_forecast,current_finalist_forecast,2029Q3; 2029Q4; 2030Q1; 2030Q2,,2029Q3; 2029Q4; 2030Q1; 2030Q2,False,diesel_elasticity_to_conventional_ice_only; bev_phev_activity_fixed_to_base,True,high_shifted_6m,delay_6m,1.0
2030,FY2030,Current finalist High population/comparison,Current planned path,middle_east_high__12c_delay_6m,comparison,ruc_refunds,RUC refunds,RUC,111.156651009308,$m nominal ex GST,deduction,MBU26 official fixed component,annual_spine.csv,AE33,,,,,,,source_backed,,nan,False,111.156651009308,0.0,available,Model path,current_finalist_model,current_finalist_model,current_model_forecast,current_finalist_forecast,2029Q3; 2029Q4; 2030Q1; 2030Q2,,2029Q3; 2029Q4; 2030Q1; 2030Q2,False,,False,high_shifted_6m,delay_6m,1.0
2030,FY2030,Current finalist High population/comparison,Current planned path,middle_east_high__12c_delay_6m,comparison,gross_ruc_revenue,Gross RUC revenue,RUC,3397.2469328594775,$m nominal ex GST,calculated_rollup,current_hybrid_formula,current_hybrid_formula,current_revenue_outlook:middle_east_high__12c_delay_6m:FY2030,,,,,,,source_backed,,optimized light_ruc_net_revenue + heavy_ruc_net_revenue + optimized light_bev_ruc_net_revenue + MBU26 heavy_bev_ruc_net_revenue + optimized phev_ruc_net_revenue + MBU26 ruc_refunds,False,3450.56913427481,-55.0481736659608,available,Model path,current_finalist_model,current_finalist_model,current_model_forecast,current_finalist_forecast,2029Q3; 2029Q4; 2030Q1; 2030Q2,,2029Q3; 2029Q4; 2030Q1; 2030Q2,False,,False,high_shifted_6m,delay_6m,1.0
2030,FY2030,Current finalist High population/comparison,Current planned path,middle_east_high__12c_delay_6m,comparison,ruc_admin_revenue,RUC admin revenue,RUC,42.5523569088689,$m nominal ex GST,deduction,MBU26 official fixed component,annual_spine.csv,AE35,,,,,,,source_backed,,nan,False,42.5523569088689,0.0,available,Model path,current_finalist_model,current_finalist_model,current_model_forecast,current_finalist_forecast,2029Q3; 2029Q4; 2030Q1; 2030Q2,,2029Q3; 2029Q4; 2030Q1; 2030Q2,False,,False,high_shifted_6m,delay_6m,1.0
2030,FY2030,Current finalist High population/comparison,Current planned path,middle_east_high__12c_delay_6m,comparison,ruc_revenue_net_admin,RUC revenues net of admin fees,RUC,3354.6945759506084,$m nominal ex GST,calculated_rollup,current_hybrid_formula,current_hybrid_formula,current_revenue_outlook:middle_east_high__12c_delay_6m:FY2030,,,,,,,source_backed,,gross_ruc_revenue - MBU26 ruc_admin_revenue,False,3408.01677736594,-55.048173665959894,available,Model path,current_finalist_model,current_finalist_model,current_model_forecast,current_finalist_forecast,2029Q3; 2029Q4; 2030Q1; 2030Q2,,2029Q3; 2029Q4; 2030Q1; 2030Q2,False,,False,high_shifted_6m,delay_6m,1.0
2030,FY2030,Current finalist High population/comparison,Current planned path,middle_east_high__12c_delay_6m,comparison,total_ruc_net_revenue,Total RUC all classes,RUC,3243.5379249413004,$m nominal ex GST,calculated_rollup,current_hybrid_formula,current_hybrid_formula,current_revenue_outlook:middle_east_high__12c_delay_6m:FY2030,,,,,,,source_backed,PED__DIAGLAB__B__glsar__ylag1__ar1__wexp; dynamic_RESID_GBR_n150_d1_lr0.05_w36; HEAVY_RUC__VNEXT_SOLVED_CONVEX_TOP4,ruc_revenue_net_admin - MBU26 ruc_refunds,False,3296.86012635663,-55.048173665958075,available,Model path,current_finalist_model,current_finalist_model,current_model_forecast,current_finalist_forecast,2029Q3; 2029Q4; 2030Q1; 2030Q2,,2029Q3; 2029Q4; 2030Q1; 2030Q2,False,,False,high_shifted_6m,delay_6m,1.0
2030,FY2030,Current finalist High population/comparison,Current planned path,middle_east_high__12c_delay_6m,comparison,gross_ped_revenue,PED revenue,FED,2706.794609858138,$m nominal ex GST,replacement_line,"raw AR(1) PED bridge and conventional-anchor VFM composition, scenario-input population and MBU26 effective rate; population_source=scenario_input_population",forecast_scenario_comparison.parquet; scenario_inputs/scenario_input_wide.parquet; mbu26_official_annual.csv,data/current_revenue_outlook/revenue_chart_rows.csv:middle_east_high__12c_delay_6m:2029Q3; data/current_revenue_outlook/revenue_chart_rows.csv:middle_east_high__12c_delay_6m:2029Q4; data/current_revenue_outlook/revenue_chart_rows.csv:middle_east_high__12c_delay_6m:2030Q1; data/current_revenue_outlook/revenue_chart_rows.csv:middle_east_high__12c_delay_6m:2030Q2; data/current_revenue_outlook/revenue_chart_rows.csv:middle_east_high__12c_delay_6m:2029Q3; data/current_revenue_outlook/revenue_chart_rows.csv:middle_east_high__12c_delay_6m:2029Q4; data/current_revenue_outlook/revenue_chart_rows.csv:middle_east_high__12c_delay_6m:2030Q1; data/current_revenue_outlook/revenue_chart_rows.csv:middle_east_high__12c_delay_6m:2030Q2; scenario_inputs/scenario_input_wide.parquet:PED:population (2029Q3; 2029Q4; 2030Q1; 2030Q2); VFM 202405 Base uptake shares; MBU26 rate cells AE5; AE7; AE9,forecast_scenario_comparison.parquet,data/current_revenue_outlook/revenue_chart_rows.csv:middle_east_high__12c_delay_6m:2029Q3; data/current_revenue_outlook/revenue_chart_rows.csv:middle_east_high__12c_delay_6m:2029Q4; data/current_revenue_outlook/revenue_chart_rows.csv:middle_east_high__12c_delay_6m:2030Q1; data/current_revenue_outlook/revenue_chart_rows.csv:middle_east_high__12c_delay_6m:2030Q2,current_finalist_model,scenario_inputs/scenario_input_wide.parquet,scenario_inputs/scenario_input_wide.parquet:PED:population (2029Q3; 2029Q4; 2030Q1; 2030Q2),scenario_input_population,source_backed,PED__DIAGLAB__B__glsar__ylag1__ar1__wexp,raw PED/light-petrol VKT * MBU26 litres intensity / 100 * MBU26 PED rate,True,2707.91842670497,-1.123816846832142,available,Model path,current_finalist_model,current_finalist_model,current_model_forecast,current_finalist_forecast,2029Q3; 2029Q4; 2030Q1; 2030Q2,,2029Q3; 2029Q4; 2030Q1; 2030Q2,False,,False,high_shifted_6m,delay_6m,1.0
2030,FY2030,Current finalist High population/comparison,Current planned path,middle_east_high__12c_delay_6m,comparison,gross_lpg_revenue,Gross LPG revenue,FED,43.2447778470936,$m nominal ex GST,leaf,MBU26 official fixed component,annual_spine.csv,AE41,,,,,,,source_backed,,nan,False,43.2447778470936,0.0,available,Model path,current_finalist_model,current_finalist_model,current_model_forecast,current_finalist_forecast,2029Q3; 2029Q4; 2030Q1; 2030Q2,,2029Q3; 2029Q4; 2030Q1; 2030Q2,False,,False,high_shifted_6m,delay_6m,1.0
2030,FY2030,Current finalist High population/comparison,Current planned path,middle_east_high__12c_delay_6m,comparison,gross_cng_revenue,Gross CNG revenue,FED,0.0,$m nominal ex GST,leaf,MBU26 official fixed component,annual_spine.csv,AE42,,,,,,,source_backed,,nan,False,0.0,0.0,available,Model path,current_finalist_model,current_finalist_model,current_model_forecast,current_finalist_forecast,2029Q3; 2029Q4; 2030Q1; 2030Q2,,2029Q3; 2029Q4; 2030Q1; 2030Q2,False,,False,high_shifted_6m,delay_6m,1.0
2030,FY2030,Current finalist High population/comparison,Current planned path,middle_east_high__12c_delay_6m,comparison,gross_fed_revenue,Gross FED revenue,FED,2750.0393877052315,$m nominal ex GST,calculated_rollup,current_hybrid_formula,current_hybrid_formula,current_revenue_outlook:middle_east_high__12c_delay_6m:FY2030,,,,,,,source_backed,PED__DIAGLAB__B__glsar__ylag1__ar1__wexp,gross_ped_revenue + MBU26 gross_lpg_revenue + MBU26 gross_cng_revenue,False,2751.16320455207,-1.1238168468385084,available,Model path,current_finalist_model,current_finalist_model,current_model_forecast,current_finalist_forecast,2029Q3; 2029Q4; 2030Q1; 2030Q2,,2029Q3; 2029Q4; 2030Q1; 2030Q2,False,,False,high_shifted_6m,delay_6m,1.0
2030,FY2030,Current finalist High population/comparison,Current planned path,middle_east_high__12c_delay_6m,comparison,fed_refunds,FED refunds,FED,102.477188461442,$m nominal ex GST,deduction,MBU26 official fixed component,annual_spine.csv,AE44,,,,,,,source_backed,,nan,False,102.477188461442,0.0,available,Model path,current_finalist_model,current_finalist_model,current_model_forecast,current_finalist_forecast,2029Q3; 2029Q4; 2030Q1; 2030Q2,,2029Q3; 2029Q4; 2030Q1; 2030Q2,False,,False,high_shifted_6m,delay_6m,1.0
2030,FY2030,Current finalist High population/comparison,Current planned path,middle_east_high__12c_delay_6m,comparison,net_fed_revenue,Net FED revenue,FED,2647.5621992437896,$m nominal ex GST,calculated_rollup,current_hybrid_formula,current_hybrid_formula,current_revenue_outlook:middle_east_high__12c_delay_6m:FY2030,,,,,,,source_backed,PED__DIAGLAB__B__glsar__ylag1__ar1__wexp,gross_fed_revenue - MBU26 fed_refunds,False,2648.68601609063,-1.1238168468403273,available,Model path,current_finalist_model,current_finalist_model,current_model_forecast,current_finalist_forecast,2029Q3; 2029Q4; 2030Q1; 2030Q2,,2029Q3; 2029Q4; 2030Q1; 2030Q2,False,,False,high_shifted_6m,delay_6m,1.0
2030,FY2030,Current finalist High population/comparison,Current planned path,middle_east_high__12c_delay_6m,comparison,mr1_revenue,MR1 revenue,MVR,520.957974139895,$m nominal ex GST,leaf,MBU26 official fixed component,annual_spine.csv,AE48,,,,,,,source_backed,,nan,False,520.957974139895,0.0,available,Model path,current_finalist_model,current_finalist_model,current_model_forecast,current_finalist_forecast,2029Q3; 2029Q4; 2030Q1; 2030Q2,,2029Q3; 2029Q4; 2030Q1; 2030Q2,False,,False,high_shifted_6m,delay_6m,1.0
2030,FY2030,Current finalist High population/comparison,Current planned path,middle_east_high__12c_delay_6m,comparison,mr2_revenue,MR2 revenue,MVR,32.0452026276956,$m nominal ex GST,leaf,MBU26 official fixed component,annual_spine.csv,AE49,,,,,,,source_backed,,nan,False,32.0452026276956,0.0,available,Model path,current_finalist_model,current_finalist_model,current_model_forecast,current_finalist_forecast,2029Q3; 2029Q4; 2030Q1; 2030Q2,,2029Q3; 2029Q4; 2030Q1; 2030Q2,False,,False,high_shifted_6m,delay_6m,1.0
2030,FY2030,Current finalist High population/comparison,Current planned path,middle_east_high__12c_delay_6m,comparison,coo_revenue,MR13,MVR,0.0,$m nominal ex GST,deduction,MBU26 official fixed component,annual_spine.csv,AE50,,,,,,,source_backed,,nan,False,0.0,0.0,available,Model path,current_finalist_model,current_finalist_model,current_model_forecast,current_finalist_forecast,2029Q3; 2029Q4; 2030Q1; 2030Q2,,2029Q3; 2029Q4; 2030Q1; 2030Q2,False,,False,high_shifted_6m,delay_6m,1.0
2030,FY2030,Current finalist High population/comparison,Current planned path,middle_east_high__12c_delay_6m,comparison,gross_mvr_revenue,Gross MVR revenue,MVR,553.0031767675906,$m nominal ex GST,calculated_rollup,MBU26 official formula,mbu26_official_annual.csv,AE51,,,,,,,source_backed,,mr1_revenue + mr2_revenue + coo_revenue,False,553.003176767591,-3.410605131648481e-13,available,Model path,current_finalist_model,current_finalist_model,current_model_forecast,current_finalist_forecast,2029Q3; 2029Q4; 2030Q1; 2030Q2,,2029Q3; 2029Q4; 2030Q1; 2030Q2,False,,False,high_shifted_6m,delay_6m,1.0
2030,FY2030,Current finalist High population/comparison,Current planned path,middle_east_high__12c_delay_6m,comparison,mvr_admin_revenue,MVR admin revenue,MVR,71.1689452067262,$m nominal ex GST,deduction,MBU26 official fixed component,annual_spine.csv,AE52,,,,,,,source_backed,,nan,False,71.1689452067262,0.0,available,Model path,current_finalist_model,current_finalist_model,current_model_forecast,current_finalist_forecast,2029Q3; 2029Q4; 2030Q1; 2030Q2,,2029Q3; 2029Q4; 2030Q1; 2030Q2,False,,False,high_shifted_6m,delay_6m,1.0
2030,FY2030,Current finalist High population/comparison,Current planned path,middle_east_high__12c_delay_6m,comparison,mvr_revenue_net_admin_coo,MVR revenues net of admin fees and COO,MVR,481.8342315608644,$m nominal ex GST,calculated_rollup,MBU26 official formula,mbu26_official_annual.csv,AE53,,,,,,,source_backed,,mr1_revenue + mr2_revenue - mvr_admin_revenue,False,481.834231560865,-6.252776074688882e-13,available,Model path,current_finalist_model,current_finalist_model,current_model_forecast,current_finalist_forecast,2029Q3; 2029Q4; 2030Q1; 2030Q2,,2029Q3; 2029Q4; 2030Q1; 2030Q2,False,,False,high_shifted_6m,delay_6m,1.0
2030,FY2030,Current finalist High population/comparison,Current planned path,middle_east_high__12c_delay_6m,comparison,mvr_refunds,MVR refunds,MVR,1.95051327200492,$m nominal ex GST,deduction,MBU26 official fixed component,annual_spine.csv,AE54,,,,,,,source_backed,,nan,False,1.95051327200492,0.0,available,Model path,current_finalist_model,current_finalist_model,current_model_forecast,current_finalist_forecast,2029Q3; 2029Q4; 2030Q1; 2030Q2,,2029Q3; 2029Q4; 2030Q1; 2030Q2,False,,False,high_shifted_6m,delay_6m,1.0
2030,FY2030,Current finalist High population/comparison,Current planned path,middle_east_high__12c_delay_6m,comparison,net_mvr_revenue,Net MVR revenue,MVR,479.8837182888595,$m nominal ex GST,calculated_rollup,MBU26 official formula,mbu26_official_annual.csv,AE55,,,,,,,source_backed,,mvr_revenue_net_admin_coo - mvr_refunds,False,479.88371828886,-5.115907697472721e-13,available,Model path,current_finalist_model,current_finalist_model,current_model_forecast,current_finalist_forecast,2029Q3; 2029Q4; 2030Q1; 2030Q2,,2029Q3; 2029Q4; 2030Q1; 2030Q2,False,,False,high_shifted_6m,delay_6m,1.0
2030,FY2030,Current finalist High population/comparison,Current planned path,middle_east_high__12c_delay_6m,comparison,tuc_net_revenue,TUC net revenue,TUC,17.5578996928248,$m nominal ex GST,leaf,MBU26 official fixed component,annual_spine.csv,AE58,,,,,,,source_backed,,nan,False,17.5578996928248,0.0,available,Model path,current_finalist_model,current_finalist_model,current_model_forecast,current_finalist_forecast,2029Q3; 2029Q4; 2030Q1; 2030Q2,,2029Q3; 2029Q4; 2030Q1; 2030Q2,False,,False,high_shifted_6m,delay_6m,1.0
2030,FY2030,Current finalist High population/comparison,Current planned path,middle_east_high__12c_delay_6m,comparison,total_gross_revenue,Total gross revenues,Totals,6717.847397025124,$m nominal ex GST,calculated_rollup,current_hybrid_formula,current_hybrid_formula,current_revenue_outlook:middle_east_high__12c_delay_6m:FY2030,,,,,,,source_backed,,gross_ruc_revenue + gross_fed_revenue + gross_mvr_revenue + tuc_net_revenue,False,6772.29341528729,-56.171990512793855,available,Model path,current_finalist_model,current_finalist_model,current_model_forecast,current_finalist_forecast,2029Q3; 2029Q4; 2030Q1; 2030Q2,,2029Q3; 2029Q4; 2030Q1; 2030Q2,False,,False,high_shifted_6m,delay_6m,1.0
2030,FY2030,Current finalist High population/comparison,Current planned path,middle_east_high__12c_delay_6m,comparison,total_admin_fees,Total admin fees,Totals,113.72130211559511,$m nominal ex GST,calculated_rollup,current_hybrid_formula,current_hybrid_formula,current_revenue_outlook:middle_east_high__12c_delay_6m:FY2030,,,,,,,source_backed,,ruc_admin_revenue + mvr_admin_revenue + coo_revenue,False,113.721302115595,1.1368683772161603e-13,available,Model path,current_finalist_model,current_finalist_model,current_model_forecast,current_finalist_forecast,2029Q3; 2029Q4; 2030Q1; 2030Q2,,2029Q3; 2029Q4; 2030Q1; 2030Q2,False,,False,high_shifted_6m,delay_6m,1.0
2030,FY2030,Current finalist High population/comparison,Current planned path,middle_east_high__12c_delay_6m,comparison,total_revenue_net_admin,Total revenues net of admin fees,Totals,6604.1260949095295,$m nominal ex GST,calculated_rollup,current_hybrid_formula,current_hybrid_formula,current_revenue_outlook:middle_east_high__12c_delay_6m:FY2030,,,,,,,source_backed,,total_gross_revenue - total_admin_fees,False,6658.5721131717,-56.1719905127984,available,Model path,current_finalist_model,current_finalist_model,current_model_forecast,current_finalist_forecast,2029Q3; 2029Q4; 2030Q1; 2030Q2,,2029Q3; 2029Q4; 2030Q1; 2030Q2,False,,False,high_shifted_6m,delay_6m,1.0
2030,FY2030,Current finalist High population/comparison,Current planned path,middle_east_high__12c_delay_6m,comparison,total_refunds,Total refunds,Totals,215.58435274275493,$m nominal ex GST,calculated_rollup,current_hybrid_formula,current_hybrid_formula,current_revenue_outlook:middle_east_high__12c_delay_6m:FY2030,,,,,,,source_backed,,ruc_refunds + fed_refunds + mvr_refunds,False,215.584352742755,-8.526512829121202e-14,available,Model path,current_finalist_model,current_finalist_model,current_model_forecast,current_finalist_forecast,2029Q3; 2029Q4; 2030Q1; 2030Q2,,2029Q3; 2029Q4; 2030Q1; 2030Q2,False,,False,high_shifted_6m,delay_6m,1.0
2030,FY2030,Current finalist High population/comparison,Current planned path,middle_east_high__12c_delay_6m,comparison,total_nltf_net_revenue,Total NLTF revenue,Totals,6388.541742166774,$m nominal ex GST,calculated_rollup,current_hybrid_formula,current_hybrid_formula,current_revenue_outlook:middle_east_high__12c_delay_6m:FY2030,,,,,,,source_backed,PED__DIAGLAB__B__glsar__ylag1__ar1__wexp; dynamic_RESID_GBR_n150_d1_lr0.05_w36; HEAVY_RUC__VNEXT_SOLVED_CONVEX_TOP4,total_revenue_net_admin - total_refunds,False,6442.98776042894,-56.171990512793855,available,Model path,current_finalist_model,current_finalist_model,current_model_forecast,current_finalist_forecast,2029Q3; 2029Q4; 2030Q1; 2030Q2,,2029Q3; 2029Q4; 2030Q1; 2030Q2,False,,False,high_shifted_6m,delay_6m,1.0
2030,FY2030,Current finalist High population/comparison,Current planned path,middle_east_high__12c_delay_6m,comparison,current_light_ruc_conventional_modelled_km,Current finalist Light RUC conventional modelled km,Key volumes,14488.98860675797,million km,audit_only,current_finalist_model_conventional_light_ruc_forecast,forecast_scenario_comparison.parquet,data/current_revenue_outlook/revenue_chart_rows.csv:middle_east_high__12c_delay_6m:2029Q3; data/current_revenue_outlook/revenue_chart_rows.csv:middle_east_high__12c_delay_6m:2029Q4; data/current_revenue_outlook/revenue_chart_rows.csv:middle_east_high__12c_delay_6m:2030Q1; data/current_revenue_outlook/revenue_chart_rows.csv:middle_east_high__12c_delay_6m:2030Q2,,,,,,,source_backed,dynamic_RESID_GBR_n150_d1_lr0.05_w36,sum quarterly current finalist Light RUC conventional model forecast,False,,,available,Model path,current_finalist_model,current_finalist_model,current_model_forecast,current_finalist_forecast,2029Q3; 2029Q4; 2030Q1; 2030Q2,,2029Q3; 2029Q4; 2030Q1; 2030Q2,False,diesel_elasticity_to_conventional_ice_only; bev_phev_activity_fixed_to_base,True,high_shifted_6m,delay_6m,1.0
2030,FY2030,Current finalist High population/comparison,Current planned path,middle_east_high__12c_delay_6m,comparison,total_fed_ruc_net_revenue,Total RUC+PED revenue,Derived totals,5891.10012418509,$m nominal ex GST,calculated_rollup,current_hybrid_formula,current_hybrid_formula,current_revenue_outlook:middle_east_high__12c_delay_6m:FY2030,,,,,,,source_backed,PED__DIAGLAB__B__glsar__ylag1__ar1__wexp; dynamic_RESID_GBR_n150_d1_lr0.05_w36; HEAVY_RUC__VNEXT_SOLVED_CONVEX_TOP4,net_fed_revenue + total_ruc_net_revenue,False,5945.54614244726,-56.17199051279749,available,Model path,current_finalist_model,current_finalist_model,current_model_forecast,current_finalist_forecast,2029Q3; 2029Q4; 2030Q1; 2030Q2,,2029Q3; 2029Q4; 2030Q1; 2030Q2,False,,False,high_shifted_6m,delay_6m,1.0
