bridge_vintage_id,long_run_transition_schedule_id,long_run_shape_vintage_id,engine,policy_state,scenario_key_digest,series_id,FY,period,evidence_state,parent_shock,central,lower80,lower50,draw_median,upper50,upper80,median_multiplier,span80_pct,span50_pct,probabilistic,method
,balanced_structural,BEFU26,ar1,delayed_6m,c4fa05fe9cbe230d,ped_vkt_per_capita,2026,FY2026,backtest_supported_conditional,PED,6142.76079767832,6053.919927214585,6109.255610621245,6151.525830467892,6210.677014098541,6248.441831682478,1.0014268881824089,3.1666853207341683,1.6510719986952518,True,conditional model forecast-error band (actual-driver rolling origin)
,balanced_structural,BEFU26,ar1,delayed_6m,c4fa05fe9cbe230d,ped_volume,2026,FY2026,backtest_supported_conditional,PED,3051.1490748223814,3007.021239041393,3034.5068313982874,3055.5027233800133,3084.883499411129,3103.6415289075103,1.0014268881824089,3.166685320734184,1.6510719986952491,True,conditional model forecast-error band (actual-driver rolling origin)
,balanced_structural,BEFU26,ar1,delayed_6m,c4fa05fe9cbe230d,light_petrol_vkt,2026,FY2026,backtest_supported_conditional,PED,32946.371722443735,32469.87842588725,32766.66842879935,32993.382510907744,33310.63674689467,33513.18634293639,1.001426888182409,3.166685320734161,1.6510719986952596,True,conditional model forecast-error band (actual-driver rolling origin)
,balanced_structural,BEFU26,ar1,delayed_6m,c4fa05fe9cbe230d,gross_ped_revenue,2026,FY2026,backtest_supported_conditional,PED,2136.5366281536235,2105.636552426344,2124.8830636183357,2139.5852270196197,2160.158821627648,2173.293944202194,1.0014268881824089,3.1666853207341723,1.651071998695269,True,conditional model forecast-error band (actual-driver rolling origin)
,balanced_structural,BEFU26,ar1,delayed_6m,c4fa05fe9cbe230d,fed_refunds,2026,FY2026,backtest_supported_conditional,PED,72.3868062026043,71.33989796623612,71.99197828041024,72.49009408093713,73.18713656837123,73.63216033240228,1.0014268881824089,3.1666853207341616,1.6510719986952458,True,conditional model forecast-error band (actual-driver rolling origin)
,balanced_structural,BEFU26,ar1,delayed_6m,c4fa05fe9cbe230d,light_ruc_net_km,2026,FY2026,backtest_supported_conditional,LIGHT_RUC,12790.779603597242,11250.457373627096,12161.500472629907,12392.801142580061,12708.73517224635,13312.716889826484,0.968885519620301,16.12301658000115,4.278352974376484,True,conditional model forecast-error band (actual-driver rolling origin)
,balanced_structural,BEFU26,ar1,delayed_6m,c4fa05fe9cbe230d,light_ruc_net_revenue,2026,FY2026,backtest_supported_conditional,LIGHT_RUC,866.4745234882769,762.1298305458365,823.8458212477431,839.5146189276918,860.9166597956183,901.8316616293373,0.968885519620301,16.123016580001146,4.278352974376497,True,conditional model forecast-error band (actual-driver rolling origin)
,balanced_structural,BEFU26,ar1,delayed_6m,c4fa05fe9cbe230d,light_bev_ruc_net_km,2026,FY2026,backtest_supported_conditional,LIGHT_RUC,1237.1740107408814,1088.188046621105,1176.3076827716743,1198.6799842574108,1229.2383538584195,1287.6578174963227,0.968885519620301,16.123016580001156,4.278352974376471,True,conditional model forecast-error band (actual-driver rolling origin)
,balanced_structural,BEFU26,ar1,delayed_6m,c4fa05fe9cbe230d,light_bev_ruc_net_revenue,2026,FY2026,backtest_supported_conditional,LIGHT_RUC,83.3370955480371,73.30127405536699,79.23708783239623,80.74410512370659,82.80254293853466,86.73772778786841,0.9688855196203009,16.12301658000115,4.2783529743764985,True,conditional model forecast-error band (actual-driver rolling origin)
,balanced_structural,BEFU26,ar1,delayed_6m,c4fa05fe9cbe230d,phev_ruc_net_km,2026,FY2026,backtest_supported_conditional,LIGHT_RUC,647.879998554768,569.8594247465635,616.0056816564452,627.7215490513363,643.7242748450034,674.3172243320599,0.968885519620301,16.12301658000115,4.278352974376478,True,conditional model forecast-error band (actual-driver rolling origin)
,balanced_structural,BEFU26,ar1,delayed_6m,c4fa05fe9cbe230d,phev_ruc_net_revenue,2026,FY2026,backtest_supported_conditional,LIGHT_RUC,22.33981533227866,19.649556002029613,21.24074396884797,21.644723586436378,22.19652012258673,23.251408131994538,0.968885519620301,16.12301658000114,4.278352974376496,True,conditional model forecast-error band (actual-driver rolling origin)
,balanced_structural,BEFU26,ar1,delayed_6m,c4fa05fe9cbe230d,current_light_ruc_conventional_modelled_km,2026,FY2026,backtest_supported_conditional,LIGHT_RUC,12805.016492073193,11262.979793049188,12175.036936496454,12406.59505766886,12722.880740454466,13327.534725138028,0.968885519620301,16.12301658000113,4.278352974376481,True,conditional model forecast-error band (actual-driver rolling origin)
,balanced_structural,BEFU26,ar1,delayed_6m,c4fa05fe9cbe230d,heavy_ruc_net_km,2026,FY2026,backtest_supported_conditional,HEAVY_RUC,4062.241798831312,3944.9917952733676,4020.5892633436442,4098.980578736845,4139.929197536627,4167.30129467192,1.0090439667860498,5.472581653374493,2.9377850975615516,True,conditional model forecast-error band (actual-driver rolling origin)
,balanced_structural,BEFU26,ar1,delayed_6m,c4fa05fe9cbe230d,heavy_ruc_net_revenue,2026,FY2026,backtest_supported_conditional,HEAVY_RUC,1134.1059888764494,1101.3718637760908,1122.4773384199348,1144.3628057717083,1155.7949351517002,1163.4367400531646,1.00904396678605,5.472581653374484,2.9377850975615547,True,conditional model forecast-error band (actual-driver rolling origin)
,balanced_structural,BEFU26,ar1,delayed_6m,c4fa05fe9cbe230d,heavy_bev_ruc_net_km,2026,FY2026,backtest_supported_conditional,HEAVY_RUC_PROXY,0.0,0.0,0.0,0.0,0.0,0.0,,,,True,conditional model forecast-error band (actual-driver rolling origin)
,balanced_structural,BEFU26,ar1,delayed_6m,c4fa05fe9cbe230d,heavy_bev_ruc_net_revenue,2026,FY2026,backtest_supported_conditional,HEAVY_RUC_PROXY,0.0,0.0,0.0,0.0,0.0,0.0,,,,True,conditional model forecast-error band (actual-driver rolling origin)
,balanced_structural,BEFU26,ar1,delayed_6m,c4fa05fe9cbe230d,mr1_revenue,2026,FY2026,backtest_supported_conditional,MVR_PROXY,436.822707962969,410.9367650254636,420.45916758021104,436.82270797570686,453.82308893061753,464.3392717229468,1.0000000000291602,12.225213049595014,7.637863312095686,True,conditional model forecast-error band (actual-driver rolling origin)
,balanced_structural,BEFU26,ar1,delayed_6m,c4fa05fe9cbe230d,mr2_revenue,2026,FY2026,backtest_supported_conditional,MVR_PROXY,31.3740054746584,29.514794173063617,30.198723612715995,31.37400547557327,32.59502726639982,33.35033318453221,1.0000000000291602,12.225213049595018,7.637863312095677,True,conditional model forecast-error band (actual-driver rolling origin)
,balanced_structural,BEFU26,ar1,delayed_6m,c4fa05fe9cbe230d,ruc_admin_revenue,2026,FY2026,backtest_supported_conditional,FIXED,34.237617587825,34.237617587825,34.237617587825,34.237617587825,34.237617587825,34.237617587825,1.0,0.0,0.0,True,conditional model forecast-error band (actual-driver rolling origin)
,balanced_structural,BEFU26,ar1,delayed_6m,c4fa05fe9cbe230d,ruc_refunds,2026,FY2026,backtest_supported_conditional,FIXED,67.4141906681215,67.4141906681215,67.4141906681215,67.4141906681215,67.4141906681215,67.4141906681215,1.0,0.0,0.0,True,conditional model forecast-error band (actual-driver rolling origin)
,balanced_structural,BEFU26,ar1,delayed_6m,c4fa05fe9cbe230d,mvr_admin_revenue,2026,FY2026,backtest_supported_conditional,FIXED,72.7105674192725,72.7105674192725,72.7105674192725,72.7105674192725,72.7105674192725,72.7105674192725,1.0,0.0,0.0,True,conditional model forecast-error band (actual-driver rolling origin)
,balanced_structural,BEFU26,ar1,delayed_6m,c4fa05fe9cbe230d,mvr_refunds,2026,FY2026,backtest_supported_conditional,FIXED,1.61137149711806,1.61137149711806,1.61137149711806,1.61137149711806,1.61137149711806,1.61137149711806,1.0,0.0,0.0,True,conditional model forecast-error band (actual-driver rolling origin)
,balanced_structural,BEFU26,ar1,delayed_6m,c4fa05fe9cbe230d,coo_revenue,2026,FY2026,backtest_supported_conditional,FIXED,0.0,0.0,0.0,0.0,0.0,0.0,,,,True,conditional model forecast-error band (actual-driver rolling origin)
,balanced_structural,BEFU26,ar1,delayed_6m,c4fa05fe9cbe230d,gross_lpg_revenue,2026,FY2026,backtest_supported_conditional,FIXED,42.0451626401906,42.0451626401906,42.0451626401906,42.0451626401906,42.0451626401906,42.0451626401906,1.0,0.0,0.0,True,conditional model forecast-error band (actual-driver rolling origin)
,balanced_structural,BEFU26,ar1,delayed_6m,c4fa05fe9cbe230d,gross_cng_revenue,2026,FY2026,backtest_supported_conditional,FIXED,0.0,0.0,0.0,0.0,0.0,0.0,,,,True,conditional model forecast-error band (actual-driver rolling origin)
,balanced_structural,BEFU26,ar1,delayed_6m,c4fa05fe9cbe230d,tuc_net_revenue,2026,FY2026,backtest_supported_conditional,FIXED,17.4060774864124,17.4060774864124,17.4060774864124,17.4060774864124,17.4060774864124,17.4060774864124,1.0,0.0,0.0,True,conditional model forecast-error band (actual-driver rolling origin)
,balanced_structural,BEFU26,ar1,delayed_6m,c4fa05fe9cbe230d,gross_ruc_revenue,2026,FY2026,backtest_supported_conditional,derived,2173.6716139131636,2035.417674498717,2107.2860377553625,2151.451854015235,2182.220588325901,2233.593892280874,0.9897777751911995,9.11711854328306,3.447372183125555,True,conditional model forecast-error band (actual-driver rolling origin)
,balanced_structural,BEFU26,ar1,delayed_6m,c4fa05fe9cbe230d,ruc_revenue_net_admin,2026,FY2026,backtest_supported_conditional,derived,2139.4339963253387,2001.1800569108918,2073.048420167538,2117.2142364274096,2147.982970738077,2199.3562746930493,0.9896141877075463,9.263020879472892,3.502540891621112,True,conditional model forecast-error band (actual-driver rolling origin)
,balanced_structural,BEFU26,ar1,delayed_6m,c4fa05fe9cbe230d,total_ruc_net_revenue,2026,FY2026,backtest_supported_conditional,derived,2072.019805657217,1933.7658662427702,2005.6342294994163,2049.800045759288,2080.568780069955,2131.9420840249277,0.9892762801604199,9.56439785184865,3.616497794371743,True,conditional model forecast-error band (actual-driver rolling origin)
,balanced_structural,BEFU26,ar1,delayed_6m,c4fa05fe9cbe230d,gross_fed_revenue,2026,FY2026,backtest_supported_conditional,derived,2178.581790793814,2147.6817150665347,2166.928226258526,2181.63038965981,2202.2039842678387,2215.3391068423844,1.0013993502006115,3.105570424840336,1.6192074200922724,True,conditional model forecast-error band (actual-driver rolling origin)
,balanced_structural,BEFU26,ar1,delayed_6m,c4fa05fe9cbe230d,net_fed_revenue,2026,FY2026,backtest_supported_conditional,derived,2106.1949845912095,2076.3418171002986,2094.9362479781157,2109.1402955788726,2129.0168476994672,2141.7069465099826,1.0013984037609105,3.1034699962677315,1.6181122816587756,True,conditional model forecast-error band (actual-driver rolling origin)
,balanced_structural,BEFU26,ar1,delayed_6m,c4fa05fe9cbe230d,gross_mvr_revenue,2026,FY2026,backtest_supported_conditional,derived,468.1967134376274,440.45155919852726,450.657891192927,468.1967134512801,486.41811619701735,497.689604907479,1.0000000000291602,12.225213049595002,7.637863312095689,True,conditional model forecast-error band (actual-driver rolling origin)
,balanced_structural,BEFU26,ar1,delayed_6m,c4fa05fe9cbe230d,mvr_revenue_net_admin_coo,2026,FY2026,backtest_supported_conditional,derived,395.4861460183549,367.7409917792548,377.94732377365455,395.48614603200764,413.7075487777449,424.97903748820653,1.0000000000345215,14.472832053716306,9.04209296940345,True,conditional model forecast-error band (actual-driver rolling origin)
,balanced_structural,BEFU26,ar1,delayed_6m,c4fa05fe9cbe230d,net_mvr_revenue,2026,FY2026,backtest_supported_conditional,derived,393.8747745212369,366.1296202821367,376.3359522765365,393.8747745348896,412.0961772806268,423.3676659910885,1.0000000000346625,14.532041504441557,9.079084855727976,True,conditional model forecast-error band (actual-driver rolling origin)
,balanced_structural,BEFU26,ar1,delayed_6m,c4fa05fe9cbe230d,total_gross_revenue,2026,FY2026,backtest_supported_conditional,derived,4837.856195631018,4699.148320705335,4767.180046038662,4819.6921415167635,4867.260233532761,4916.30542934882,0.9962454332291526,4.488705324469873,2.068688763102954,True,conditional model forecast-error band (actual-driver rolling origin)
,balanced_structural,BEFU26,ar1,delayed_6m,c4fa05fe9cbe230d,total_admin_fees,2026,FY2026,backtest_supported_conditional,derived,106.94818500709749,106.94818500709749,106.94818500709749,106.94818500709749,106.94818500709749,106.94818500709749,1.0,0.0,0.0,True,conditional model forecast-error band (actual-driver rolling origin)
,balanced_structural,BEFU26,ar1,delayed_6m,c4fa05fe9cbe230d,total_revenue_net_admin,2026,FY2026,backtest_supported_conditional,derived,4730.90801062392,4592.200135698237,4660.231861031564,4712.7439565096665,4760.312048525663,4809.357244341722,0.9961605564780665,4.590178210098955,2.1154541003408815,True,conditional model forecast-error band (actual-driver rolling origin)
,balanced_structural,BEFU26,ar1,delayed_6m,c4fa05fe9cbe230d,total_refunds,2026,FY2026,backtest_supported_conditional,derived,141.41236836784387,140.3654601314757,141.0175404456498,141.5156562461767,142.2126987336108,142.65772249764183,1.0007304020116836,1.6209772826967133,0.8451582430556277,True,conditional model forecast-error band (actual-driver rolling origin)
,balanced_structural,BEFU26,ar1,delayed_6m,c4fa05fe9cbe230d,total_nltf_net_revenue,2026,FY2026,backtest_supported_conditional,derived,4589.495642256075,4450.748887620563,4519.219019401657,4571.149411774479,4618.32000059225,4667.35402303113,0.9960025606490002,4.719584727704181,2.159300038944538,True,conditional model forecast-error band (actual-driver rolling origin)
,balanced_structural,BEFU26,ar1,delayed_6m,c4fa05fe9cbe230d,total_fed_ruc_net_revenue,2026,FY2026,backtest_supported_conditional,derived,4160.483034097899,4041.9657403559836,4110.054334285464,4160.483034097899,4203.103203856757,4251.799623612161,1.0,5.043498111552199,2.236491984432965,True,conditional model forecast-error band (actual-driver rolling origin)
,balanced_structural,BEFU26,ar1,delayed_6m,c4fa05fe9cbe230d,ped_vkt_per_capita,2027,FY2027,backtest_supported_conditional,PED,5979.204054116386,5530.1472523321245,5932.360969926809,5986.72565315606,6057.7230391122375,6102.309712535417,1.0012579599176743,9.569207791284311,2.0966347368446625,True,conditional model forecast-error band (actual-driver rolling origin)
,balanced_structural,BEFU26,ar1,delayed_6m,c4fa05fe9cbe230d,ped_volume,2027,FY2027,backtest_supported_conditional,PED,2916.6508572492858,2697.6013158682726,2893.800839015894,2920.3198871215554,2954.9523540414602,2976.701696944732,1.0012579599176743,9.569207791284306,2.0966347368446696,True,conditional model forecast-error band (actual-driver rolling origin)
,balanced_structural,BEFU26,ar1,delayed_6m,c4fa05fe9cbe230d,light_petrol_vkt,2027,FY2027,backtest_supported_conditional,PED,32339.187638648003,29910.414169491247,32085.83162746842,32379.869040467565,32763.866269113692,33005.018232646806,1.001257959917674,9.569207791284317,2.096634736844677,True,conditional model forecast-error band (actual-driver rolling origin)
,balanced_structural,BEFU26,ar1,delayed_6m,c4fa05fe9cbe230d,gross_ped_revenue,2027,FY2027,backtest_supported_conditional,PED,2042.35559628024,1888.9683454235994,2026.3550995124892,2044.924797757998,2069.1758363939925,2084.4055962685793,1.001257959917674,9.56920779128431,2.0966347368447047,True,conditional model forecast-error band (actual-driver rolling origin)
,balanced_structural,BEFU26,ar1,delayed_6m,c4fa05fe9cbe230d,fed_refunds,2027,FY2027,backtest_supported_conditional,PED,80.6529606896518,74.59567275401217,80.02109842277984,80.75441888144114,81.71209641289276,82.3135221522278,1.001257959917674,9.569207791284311,2.0966347368446736,True,conditional model forecast-error band (actual-driver rolling origin)
,balanced_structural,BEFU26,ar1,delayed_6m,c4fa05fe9cbe230d,light_ruc_net_km,2027,FY2027,backtest_supported_conditional,LIGHT_RUC,12939.128473679877,11135.21270868276,11962.311184694856,12265.85721588091,12700.58373186679,13853.036746730157,0.947966259151959,21.004691649641295,5.705736276393653,True,conditional model forecast-error band (actual-driver rolling origin)
,balanced_structural,BEFU26,ar1,delayed_6m,c4fa05fe9cbe230d,light_ruc_net_revenue,2027,FY2027,backtest_supported_conditional,LIGHT_RUC,869.8154909573449,748.5496823699743,804.1502638500906,824.5557371152588,853.7796418553354,931.2517441663781,0.947966259151959,21.004691649641284,5.7057362763936545,True,conditional model forecast-error band (actual-driver rolling origin)
,balanced_structural,BEFU26,ar1,delayed_6m,c4fa05fe9cbe230d,light_bev_ruc_net_km,2027,FY2027,backtest_supported_conditional,LIGHT_RUC,1541.0531756214164,1326.2063933317795,1424.7140119556154,1460.866414048081,1512.642442035563,1649.899861028063,0.947966259151959,21.004691649641288,5.705736276393648,True,conditional model forecast-error band (actual-driver rolling origin)
,balanced_structural,BEFU26,ar1,delayed_6m,c4fa05fe9cbe230d,light_bev_ruc_net_revenue,2027,FY2027,backtest_supported_conditional,LIGHT_RUC,103.51663034131343,89.08480196957096,95.7018200609647,98.13027282467107,101.60820599044935,110.82815097886287,0.947966259151959,21.00469164964129,5.705736276393656,True,conditional model forecast-error band (actual-driver rolling origin)
,balanced_structural,BEFU26,ar1,delayed_6m,c4fa05fe9cbe230d,phev_ruc_net_km,2027,FY2027,backtest_supported_conditional,LIGHT_RUC,844.9595723514738,727.1590654277989,781.1708001443473,800.9931649366656,829.381964984866,904.6402181643537,0.947966259151959,21.004691649641295,5.7057362763936625,True,conditional model forecast-error band (actual-driver rolling origin)
,balanced_structural,BEFU26,ar1,delayed_6m,c4fa05fe9cbe230d,phev_ruc_net_revenue,2027,FY2027,backtest_supported_conditional,LIGHT_RUC,28.487023173248186,24.51548905450195,26.336444268034494,27.00473679191925,27.961838683295184,30.49910043220459,0.947966259151959,21.004691649641288,5.705736276393659,True,conditional model forecast-error band (actual-driver rolling origin)
,balanced_structural,BEFU26,ar1,delayed_6m,c4fa05fe9cbe230d,current_light_ruc_conventional_modelled_km,2027,FY2027,backtest_supported_conditional,LIGHT_RUC,12884.412921103954,11088.125355184002,11911.72628881975,12213.98871818808,12646.87691085953,13794.456560128428,0.947966259151959,21.004691649641295,5.705736276393661,True,conditional model forecast-error band (actual-driver rolling origin)
,balanced_structural,BEFU26,ar1,delayed_6m,c4fa05fe9cbe230d,heavy_ruc_net_km,2027,FY2027,backtest_supported_conditional,HEAVY_RUC,4114.0965086127335,3969.2400660247276,4045.3022011891367,4124.175356327223,4165.381795557365,4302.505413768522,1.0024498325922568,8.100571949299528,2.91873547732401,True,conditional model forecast-error band (actual-driver rolling origin)
,balanced_structural,BEFU26,ar1,delayed_6m,c4fa05fe9cbe230d,heavy_ruc_net_revenue,2027,FY2027,backtest_supported_conditional,HEAVY_RUC,1138.2992226348838,1098.2199547697792,1119.265029708673,1141.0878651702355,1152.4889729578206,1190.4287022976353,1.002449832592257,8.100571949299535,2.918735477323997,True,conditional model forecast-error band (actual-driver rolling origin)
,balanced_structural,BEFU26,ar1,delayed_6m,c4fa05fe9cbe230d,heavy_bev_ruc_net_km,2027,FY2027,backtest_supported_conditional,HEAVY_RUC_PROXY,0.0,0.0,0.0,0.0,0.0,0.0,,,,True,conditional model forecast-error band (actual-driver rolling origin)
,balanced_structural,BEFU26,ar1,delayed_6m,c4fa05fe9cbe230d,heavy_bev_ruc_net_revenue,2027,FY2027,backtest_supported_conditional,HEAVY_RUC_PROXY,4.547473508864641e-13,4.387357956427236e-13,4.47143244130228e-13,4.558614057679083e-13,4.604161163927423e-13,4.755729319888152e-13,1.002449832592257,8.100571949299528,2.918735477324008,True,conditional model forecast-error band (actual-driver rolling origin)
,balanced_structural,BEFU26,ar1,delayed_6m,c4fa05fe9cbe230d,mr1_revenue,2027,FY2027,backtest_supported_conditional,MVR_PROXY,526.840027334863,495.61969323551904,507.10440483769605,526.8400273502257,547.3437259989405,560.0270090077506,1.0000000000291602,12.22521304959501,7.637863312095699,True,conditional model forecast-error band (actual-driver rolling origin)
,balanced_structural,BEFU26,ar1,delayed_6m,c4fa05fe9cbe230d,mr2_revenue,2027,FY2027,backtest_supported_conditional,MVR_PROXY,31.3601498274909,29.501759606131653,30.185387003221724,31.36014982840537,32.580632381513894,33.335604735214616,1.0000000000291602,12.225213049595006,7.6378633120957,True,conditional model forecast-error band (actual-driver rolling origin)
,balanced_structural,BEFU26,ar1,delayed_6m,c4fa05fe9cbe230d,ruc_admin_revenue,2027,FY2027,backtest_supported_conditional,FIXED,34.8931365028412,34.8931365028412,34.8931365028412,34.8931365028412,34.8931365028412,34.8931365028412,1.0,0.0,0.0,True,conditional model forecast-error band (actual-driver rolling origin)
,balanced_structural,BEFU26,ar1,delayed_6m,c4fa05fe9cbe230d,ruc_refunds,2027,FY2027,backtest_supported_conditional,FIXED,78.1187556293993,78.1187556293993,78.1187556293993,78.1187556293993,78.1187556293993,78.1187556293993,1.0,0.0,0.0,True,conditional model forecast-error band (actual-driver rolling origin)
,balanced_structural,BEFU26,ar1,delayed_6m,c4fa05fe9cbe230d,mvr_admin_revenue,2027,FY2027,backtest_supported_conditional,FIXED,72.2584767411959,72.2584767411959,72.2584767411959,72.2584767411959,72.2584767411959,72.2584767411959,1.0,0.0,0.0,True,conditional model forecast-error band (actual-driver rolling origin)
,balanced_structural,BEFU26,ar1,delayed_6m,c4fa05fe9cbe230d,mvr_refunds,2027,FY2027,backtest_supported_conditional,FIXED,1.8947102491513,1.8947102491513,1.8947102491513,1.8947102491513,1.8947102491513,1.8947102491513,1.0,0.0,0.0,True,conditional model forecast-error band (actual-driver rolling origin)
,balanced_structural,BEFU26,ar1,delayed_6m,c4fa05fe9cbe230d,coo_revenue,2027,FY2027,backtest_supported_conditional,FIXED,0.0,0.0,0.0,0.0,0.0,0.0,,,,True,conditional model forecast-error band (actual-driver rolling origin)
,balanced_structural,BEFU26,ar1,delayed_6m,c4fa05fe9cbe230d,gross_lpg_revenue,2027,FY2027,backtest_supported_conditional,FIXED,42.6326898203412,42.6326898203412,42.6326898203412,42.6326898203412,42.6326898203412,42.6326898203412,1.0,0.0,0.0,True,conditional model forecast-error band (actual-driver rolling origin)
,balanced_structural,BEFU26,ar1,delayed_6m,c4fa05fe9cbe230d,gross_cng_revenue,2027,FY2027,backtest_supported_conditional,FIXED,0.0,0.0,0.0,0.0,0.0,0.0,,,,True,conditional model forecast-error band (actual-driver rolling origin)
,balanced_structural,BEFU26,ar1,delayed_6m,c4fa05fe9cbe230d,tuc_net_revenue,2027,FY2027,backtest_supported_conditional,FIXED,17.5578996928248,17.5578996928248,17.5578996928248,17.5578996928248,17.5578996928248,17.5578996928248,1.0,0.0,0.0,True,conditional model forecast-error band (actual-driver rolling origin)
,balanced_structural,BEFU26,ar1,delayed_6m,c4fa05fe9cbe230d,gross_ruc_revenue,2027,FY2027,backtest_supported_conditional,derived,2218.23712273619,2050.3562945582817,2121.2501128257322,2168.275792510958,2224.138049865457,2317.7808942089378,0.9774770110403685,12.055726455465162,4.63827496101106,True,conditional model forecast-error band (actual-driver rolling origin)
,balanced_structural,BEFU26,ar1,delayed_6m,c4fa05fe9cbe230d,ruc_revenue_net_admin,2027,FY2027,backtest_supported_conditional,derived,2183.343986233349,2015.4631580554405,2086.356976322891,2133.382656008117,2189.244913362616,2282.8877577060966,0.9771170596386766,12.248395183573908,4.712401604532531,True,conditional model forecast-error band (actual-driver rolling origin)
,balanced_structural,BEFU26,ar1,delayed_6m,c4fa05fe9cbe230d,total_ruc_net_revenue,2027,FY2027,backtest_supported_conditional,derived,2105.2252306039495,1937.3444024260411,2008.2382206934917,2055.263900378717,2111.126157733216,2204.7690020766972,0.9762679405989736,12.702897331984616,4.887265055730299,True,conditional model forecast-error band (actual-driver rolling origin)
,balanced_structural,BEFU26,ar1,delayed_6m,c4fa05fe9cbe230d,gross_fed_revenue,2027,FY2027,backtest_supported_conditional,derived,2084.988286100581,1931.6010352439407,2068.9877893328303,2087.5574875783395,2111.8085262143336,2127.0382860889204,1.0012322378475151,9.373541911378952,2.053763906826938,True,conditional model forecast-error band (actual-driver rolling origin)
,balanced_structural,BEFU26,ar1,delayed_6m,c4fa05fe9cbe230d,net_fed_revenue,2027,FY2027,backtest_supported_conditional,derived,2004.335325410929,1857.0053624899285,1988.9666909100506,2006.8030686968982,2030.0964298014408,2044.7247639366926,1.0012312028105692,9.365668462101162,2.0520388165566925,True,conditional model forecast-error band (actual-driver rolling origin)
,balanced_structural,BEFU26,ar1,delayed_6m,c4fa05fe9cbe230d,gross_mvr_revenue,2027,FY2027,backtest_supported_conditional,derived,558.2001771623538,525.1214528416507,537.2897918409178,558.2001771786311,579.9243583804544,593.3626137429652,1.0000000000291602,12.225213049595004,7.637863312095684,True,conditional model forecast-error band (actual-driver rolling origin)
,balanced_structural,BEFU26,ar1,delayed_6m,c4fa05fe9cbe230d,mvr_revenue_net_admin_coo,2027,FY2027,backtest_supported_conditional,derived,485.941700421158,452.8629761004548,465.0313150997219,485.94170043743514,507.6658816392584,521.1041370017693,1.000000000033496,14.043075710969244,8.773597018445994,True,conditional model forecast-error band (actual-driver rolling origin)
,balanced_structural,BEFU26,ar1,delayed_6m,c4fa05fe9cbe230d,net_mvr_revenue,2027,FY2027,backtest_supported_conditional,derived,484.04699017200664,450.9682658513035,463.1366048505706,484.04699018828387,505.77117139010716,519.209426752618,1.0000000000336273,14.098044670635167,8.80793960197672,True,conditional model forecast-error band (actual-driver rolling origin)
,balanced_structural,BEFU26,ar1,delayed_6m,c4fa05fe9cbe230d,total_gross_revenue,2027,FY2027,backtest_supported_conditional,derived,4878.98348569195,4644.870945829496,4740.330441304441,4826.670724139284,4896.695820978734,4989.777487796377,0.9892779383848956,7.069229542964213,3.204876182361532,True,conditional model forecast-error band (actual-driver rolling origin)
,balanced_structural,BEFU26,ar1,delayed_6m,c4fa05fe9cbe230d,total_admin_fees,2027,FY2027,backtest_supported_conditional,derived,107.15161324403711,107.15161324403711,107.15161324403711,107.15161324403711,107.15161324403711,107.15161324403711,1.0,0.0,0.0,True,conditional model forecast-error band (actual-driver rolling origin)
,balanced_structural,BEFU26,ar1,delayed_6m,c4fa05fe9cbe230d,total_revenue_net_admin,2027,FY2027,backtest_supported_conditional,derived,4771.831872447912,4537.719332585459,4633.178828060403,4719.519110895247,4789.544207734697,4882.625874552339,0.9890371742024873,7.227969282789213,3.276841763372513,True,conditional model forecast-error band (actual-driver rolling origin)
,balanced_structural,BEFU26,ar1,delayed_6m,c4fa05fe9cbe230d,total_refunds,2027,FY2027,backtest_supported_conditional,derived,160.6664265682024,154.60913863256278,160.03456430133042,160.76788475999174,161.72556229144337,162.32698803077844,1.0006314834651922,4.803647882801115,1.0524899484181431,True,conditional model forecast-error band (actual-driver rolling origin)
,balanced_structural,BEFU26,ar1,delayed_6m,c4fa05fe9cbe230d,total_nltf_net_revenue,2027,FY2027,backtest_supported_conditional,derived,4611.16544587971,4381.322531899218,4473.876515619793,4558.889933371545,4628.286613759502,4720.992517302417,0.9886632754513557,7.366250233044867,3.34861327254439,True,conditional model forecast-error band (actual-driver rolling origin)
,balanced_structural,BEFU26,ar1,delayed_6m,c4fa05fe9cbe230d,total_fed_ruc_net_revenue,2027,FY2027,backtest_supported_conditional,derived,4059.1156220666144,3879.7693731585427,3972.665415761628,4059.1156220666144,4122.767597241361,4213.461274652259,1.0,8.220803065565889,3.697903569529545,True,conditional model forecast-error band (actual-driver rolling origin)
,balanced_structural,BEFU26,ar1,delayed_6m,c4fa05fe9cbe230d,ped_vkt_per_capita,2028,FY2028,backtest_supported_conditional,PED,5916.055674224165,5398.155600512821,5553.433279049723,5974.520422259014,6045.376322307509,6089.872120161359,1.0098823863828015,11.692190840297485,8.315389008273662,True,conditional model forecast-error band (actual-driver rolling origin)
,balanced_structural,BEFU26,ar1,delayed_6m,c4fa05fe9cbe230d,ped_volume,2028,FY2028,backtest_supported_conditional,PED,2891.724898424629,2638.579116755926,2714.477714389326,2920.3020411836287,2954.9358887424405,2976.6851104561324,1.0098823863828015,11.692190840297494,8.315389008273664,True,conditional model forecast-error band (actual-driver rolling origin)
,balanced_structural,BEFU26,ar1,delayed_6m,c4fa05fe9cbe230d,light_petrol_vkt,2028,FY2028,backtest_supported_conditional,PED,32375.58680046918,29541.381087452482,30391.137451570212,32695.53485860135,33083.29343774053,33326.7964818295,1.0098823863828017,11.692190840297481,8.315389008273685,True,conditional model forecast-error band (actual-driver rolling origin)
,balanced_structural,BEFU26,ar1,delayed_6m,c4fa05fe9cbe230d,gross_ped_revenue,2028,FY2028,backtest_supported_conditional,PED,2458.3756522386057,2243.1658905976265,2307.690446361093,2482.670270308099,2512.113945129418,2530.6038634287725,1.0098823863828015,11.692190840297492,8.315389008273659,True,conditional model forecast-error band (actual-driver rolling origin)
,balanced_structural,BEFU26,ar1,delayed_6m,c4fa05fe9cbe230d,fed_refunds,2028,FY2028,backtest_supported_conditional,PED,91.4673022517422,83.46012226783049,85.86084855199383,92.3712174739864,93.46671054959965,94.15465380357591,1.0098823863828015,11.692190840297497,8.315389008273671,True,conditional model forecast-error band (actual-driver rolling origin)
,balanced_structural,BEFU26,ar1,delayed_6m,c4fa05fe9cbe230d,light_ruc_net_km,2028,FY2028,backtest_supported_conditional,LIGHT_RUC,13542.195255933108,11616.064294853979,12447.722748060158,12795.541401126451,13478.479457766563,14451.25205125912,0.9448646367375679,20.935953904245977,7.611444748995259,True,conditional model forecast-error band (actual-driver rolling origin)
,balanced_structural,BEFU26,ar1,delayed_6m,c4fa05fe9cbe230d,light_ruc_net_revenue,2028,FY2028,backtest_supported_conditional,LIGHT_RUC,1101.293140132511,944.6542219701157,1012.2872557685247,1040.5729427928807,1096.111574654186,1175.2204461388815,0.944864636737568,20.935953904245995,7.611444748995279,True,conditional model forecast-error band (actual-driver rolling origin)
,balanced_structural,BEFU26,ar1,delayed_6m,c4fa05fe9cbe230d,light_bev_ruc_net_km,2028,FY2028,backtest_supported_conditional,LIGHT_RUC,2047.1005382667586,1755.937720667459,1881.6550386530027,1934.2329064547007,2037.4689650795622,2184.517745732559,0.9448646367375679,20.935953904245988,7.611444748995285,True,conditional model forecast-error band (actual-driver rolling origin)
,balanced_structural,BEFU26,ar1,delayed_6m,c4fa05fe9cbe230d,light_bev_ruc_net_revenue,2028,FY2028,backtest_supported_conditional,LIGHT_RUC,166.53162878800077,142.84553357629775,153.07263739442175,157.34984694008986,165.74810030922234,177.71051861534363,0.9448646367375679,20.935953904245984,7.611444748995277,True,conditional model forecast-error band (actual-driver rolling origin)
,balanced_structural,BEFU26,ar1,delayed_6m,c4fa05fe9cbe230d,phev_ruc_net_km,2028,FY2028,backtest_supported_conditional,LIGHT_RUC,1140.5757203778505,978.3495696721587,1048.3950402511166,1077.6896637065076,1135.2093310281316,1217.1399767334872,0.9448646367375679,20.93595390424599,7.6114447489952815,True,conditional model forecast-error band (actual-driver rolling origin)
,balanced_structural,BEFU26,ar1,delayed_6m,c4fa05fe9cbe230d,phev_ruc_net_revenue,2028,FY2028,backtest_supported_conditional,LIGHT_RUC,45.75419502295762,39.246492987398774,42.056367039673674,43.23152085958669,45.53892231419364,48.82557016666399,0.9448646367375679,20.935953904245974,7.61144474899528,True,conditional model forecast-error band (actual-driver rolling origin)
,balanced_structural,BEFU26,ar1,delayed_6m,c4fa05fe9cbe230d,current_light_ruc_conventional_modelled_km,2028,FY2028,backtest_supported_conditional,LIGHT_RUC,13372.423680284688,11470.439637927939,12291.672014465323,12635.130242973044,13309.506654491752,14270.084095512815,0.944864636737568,20.93595390424598,7.61144474899527,True,conditional model forecast-error band (actual-driver rolling origin)
,balanced_structural,BEFU26,ar1,delayed_6m,c4fa05fe9cbe230d,heavy_ruc_net_km,2028,FY2028,backtest_supported_conditional,HEAVY_RUC,4153.274595045411,3931.6609839965067,4007.0029951147408,4085.1319915752993,4150.518766357649,4331.964254024504,0.9835930416083248,9.63825677467927,3.4554847737280174,True,conditional model forecast-error band (actual-driver rolling origin)
,balanced_structural,BEFU26,ar1,delayed_6m,c4fa05fe9cbe230d,heavy_ruc_net_revenue,2028,FY2028,backtest_supported_conditional,HEAVY_RUC,1386.55564155929,1312.5707422673556,1337.7233990859131,1363.8064808404843,1385.6356181592614,1446.2105353246416,0.9835930416083248,9.638256774679274,3.455484773728032,True,conditional model forecast-error band (actual-driver rolling origin)
,balanced_structural,BEFU26,ar1,delayed_6m,c4fa05fe9cbe230d,heavy_bev_ruc_net_km,2028,FY2028,backtest_supported_conditional,HEAVY_RUC_PROXY,60.5044362657779,57.27599415377959,58.373568081416536,59.51174249745351,60.46428966401047,63.10756708114743,0.9835930416083247,9.638256774679267,3.4554847737280308,True,conditional model forecast-error band (actual-driver rolling origin)
,balanced_structural,BEFU26,ar1,delayed_6m,c4fa05fe9cbe230d,heavy_bev_ruc_net_revenue,2028,FY2028,backtest_supported_conditional,HEAVY_RUC_PROXY,20.203036313505436,19.125027207888106,19.49151811806535,19.87156593732425,20.189630961709273,21.07224772406546,0.9835930416083248,9.63825677467928,3.4554847737280188,True,conditional model forecast-error band (actual-driver rolling origin)
,balanced_structural,BEFU26,ar1,delayed_6m,c4fa05fe9cbe230d,mr1_revenue,2028,FY2028,backtest_supported_conditional,MVR_PROXY,532.414039464172,500.8633915847018,512.4696124087501,532.4140394796973,553.1346689974308,565.9521422151516,1.0000000000291602,12.225213049595004,7.6378633120957025,True,conditional model forecast-error band (actual-driver rolling origin)
,balanced_structural,BEFU26,ar1,delayed_6m,c4fa05fe9cbe230d,mr2_revenue,2028,FY2028,backtest_supported_conditional,MVR_PROXY,31.6618683538461,29.785598410544644,30.475803041862253,31.661868354769364,32.8940932687847,33.65632927228463,1.0000000000291602,12.225213049595009,7.637863312095694,True,conditional model forecast-error band (actual-driver rolling origin)
,balanced_structural,BEFU26,ar1,delayed_6m,c4fa05fe9cbe230d,ruc_admin_revenue,2028,FY2028,backtest_supported_conditional,FIXED,37.4493334490253,37.4493334490253,37.4493334490253,37.4493334490253,37.4493334490253,37.4493334490253,1.0,0.0,0.0,True,conditional model forecast-error band (actual-driver rolling origin)
,balanced_structural,BEFU26,ar1,delayed_6m,c4fa05fe9cbe230d,ruc_refunds,2028,FY2028,backtest_supported_conditional,FIXED,91.9223646926299,91.9223646926299,91.9223646926299,91.9223646926299,91.9223646926299,91.9223646926299,1.0,0.0,0.0,True,conditional model forecast-error band (actual-driver rolling origin)
,balanced_structural,BEFU26,ar1,delayed_6m,c4fa05fe9cbe230d,mvr_admin_revenue,2028,FY2028,backtest_supported_conditional,FIXED,71.8861735118593,71.8861735118593,71.8861735118593,71.8861735118593,71.8861735118593,71.8861735118593,1.0,0.0,0.0,True,conditional model forecast-error band (actual-driver rolling origin)
,balanced_structural,BEFU26,ar1,delayed_6m,c4fa05fe9cbe230d,mvr_refunds,2028,FY2028,backtest_supported_conditional,FIXED,1.93922402957318,1.93922402957318,1.93922402957318,1.93922402957318,1.93922402957318,1.93922402957318,1.0,0.0,0.0,True,conditional model forecast-error band (actual-driver rolling origin)
,balanced_structural,BEFU26,ar1,delayed_6m,c4fa05fe9cbe230d,coo_revenue,2028,FY2028,backtest_supported_conditional,FIXED,0.0,0.0,0.0,0.0,0.0,0.0,,,,True,conditional model forecast-error band (actual-driver rolling origin)
,balanced_structural,BEFU26,ar1,delayed_6m,c4fa05fe9cbe230d,gross_lpg_revenue,2028,FY2028,backtest_supported_conditional,FIXED,42.8533768621873,42.8533768621873,42.8533768621873,42.8533768621873,42.8533768621873,42.8533768621873,1.0,0.0,0.0,True,conditional model forecast-error band (actual-driver rolling origin)
,balanced_structural,BEFU26,ar1,delayed_6m,c4fa05fe9cbe230d,gross_cng_revenue,2028,FY2028,backtest_supported_conditional,FIXED,0.0,0.0,0.0,0.0,0.0,0.0,,,,True,conditional model forecast-error band (actual-driver rolling origin)
,balanced_structural,BEFU26,ar1,delayed_6m,c4fa05fe9cbe230d,tuc_net_revenue,2028,FY2028,backtest_supported_conditional,FIXED,17.5578996928248,17.5578996928248,17.5578996928248,17.5578996928248,17.5578996928248,17.5578996928248,1.0,0.0,0.0,True,conditional model forecast-error band (actual-driver rolling origin)
,balanced_structural,BEFU26,ar1,delayed_6m,c4fa05fe9cbe230d,gross_ruc_revenue,2028,FY2028,backtest_supported_conditional,derived,2812.260006508895,2566.0466266752774,2656.4534587327394,2722.142169787795,2810.720466020177,2927.579578727191,0.9679553680980688,12.855601943460274,5.48551723277332,True,conditional model forecast-error band (actual-driver rolling origin)
,balanced_structural,BEFU26,ar1,delayed_6m,c4fa05fe9cbe230d,ruc_revenue_net_admin,2028,FY2028,backtest_supported_conditional,derived,2774.8106730598697,2528.597293226252,2619.004125283714,2684.6928363387697,2773.2711325711516,2890.1302452781656,0.9675228881033082,13.029103410981188,5.559550739269809,True,conditional model forecast-error band (actual-driver rolling origin)
,balanced_structural,BEFU26,ar1,delayed_6m,c4fa05fe9cbe230d,total_ruc_net_revenue,2028,FY2028,backtest_supported_conditional,derived,2682.88830836724,2436.6749285336223,2527.0817605910843,2592.7704716461394,2681.348767878522,2798.207880585536,0.9664101422187252,13.475512600520307,5.750034647596709,True,conditional model forecast-error band (actual-driver rolling origin)
,balanced_structural,BEFU26,ar1,delayed_6m,c4fa05fe9cbe230d,gross_fed_revenue,2028,FY2028,backtest_supported_conditional,derived,2501.229029100793,2286.019267459814,2350.5438232232805,2525.5236471702865,2554.9673219916053,2573.45724029096,1.0097130721684562,11.491869376491351,8.172922047119226,True,conditional model forecast-error band (actual-driver rolling origin)
,balanced_structural,BEFU26,ar1,delayed_6m,c4fa05fe9cbe230d,net_fed_revenue,2028,FY2028,backtest_supported_conditional,derived,2409.761726849051,2202.5591451919836,2264.6829746712865,2433.1524296963007,2461.5006114420057,2479.3025864873835,1.0097066455104817,11.484265776652666,8.167514430070787,True,conditional model forecast-error band (actual-driver rolling origin)
,balanced_structural,BEFU26,ar1,delayed_6m,c4fa05fe9cbe230d,gross_mvr_revenue,2028,FY2028,backtest_supported_conditional,derived,564.0759078180181,530.6489899952464,542.9454154506124,564.0759078344666,586.0287622662156,599.6084714874363,1.0000000000291602,12.225213049595009,7.637863312095716,True,conditional model forecast-error band (actual-driver rolling origin)
,balanced_structural,BEFU26,ar1,delayed_6m,c4fa05fe9cbe230d,mvr_revenue_net_admin_coo,2028,FY2028,backtest_supported_conditional,derived,492.1897343061588,458.7628164833871,471.0592419387531,492.18973432260736,514.1425887543563,527.722297975577,1.000000000033419,14.010751684896942,8.753402156251383,True,conditional model forecast-error band (actual-driver rolling origin)
,balanced_structural,BEFU26,ar1,delayed_6m,c4fa05fe9cbe230d,net_mvr_revenue,2028,FY2028,backtest_supported_conditional,derived,490.25051027658566,456.82359245381394,469.1200179091799,490.2505102930342,512.2033647247831,525.7830739460038,1.0000000000335514,14.066172303071106,8.788026919400199,True,conditional model forecast-error band (actual-driver rolling origin)
,balanced_structural,BEFU26,ar1,delayed_6m,c4fa05fe9cbe230d,total_gross_revenue,2028,FY2028,backtest_supported_conditional,derived,5895.122843120531,5547.195752836185,5663.936382707092,5806.324949124022,5909.844520400484,6026.884651172969,0.9849370579104838,8.137046692700714,4.171382755498655,True,conditional model forecast-error band (actual-driver rolling origin)
,balanced_structural,BEFU26,ar1,delayed_6m,c4fa05fe9cbe230d,total_admin_fees,2028,FY2028,backtest_supported_conditional,derived,109.3355069608846,109.3355069608846,109.3355069608846,109.3355069608846,109.3355069608846,109.3355069608846,1.0,0.0,0.0,True,conditional model forecast-error band (actual-driver rolling origin)
,balanced_structural,BEFU26,ar1,delayed_6m,c4fa05fe9cbe230d,total_revenue_net_admin,2028,FY2028,backtest_supported_conditional,derived,5785.787336159647,5437.860245875301,5554.600875746208,5696.989442163138,5800.5090134396,5917.549144212085,0.9846524096311758,8.29081455066373,4.250210445111433,True,conditional model forecast-error band (actual-driver rolling origin)
,balanced_structural,BEFU26,ar1,delayed_6m,c4fa05fe9cbe230d,total_refunds,2028,FY2028,backtest_supported_conditional,derived,185.32889097394528,177.32171099003358,179.72243727419692,186.2328061961895,187.32829927180273,188.01624252577898,1.004877357315926,5.770569002783761,4.10398074344226,True,conditional model forecast-error band (actual-driver rolling origin)
,balanced_structural,BEFU26,ar1,delayed_6m,c4fa05fe9cbe230d,total_nltf_net_revenue,2028,FY2028,backtest_supported_conditional,derived,5600.458445185703,5259.535072762666,5372.357157829425,5510.536951346221,5613.994130782785,5730.713416001364,0.9839439048214382,8.41321023716791,4.314592730548286,True,conditional model forecast-error band (actual-driver rolling origin)
,balanced_structural,BEFU26,ar1,delayed_6m,c4fa05fe9cbe230d,total_fed_ruc_net_revenue,2028,FY2028,backtest_supported_conditional,derived,5005.568055555661,4750.351000144531,4863.1735040676285,5005.568055555661,5103.194690895995,5220.98424607289,1.0,9.402194530269236,4.795083877882115,True,conditional model forecast-error band (actual-driver rolling origin)
,balanced_structural,BEFU26,ar1,delayed_6m,c4fa05fe9cbe230d,ped_vkt_per_capita,2029,FY2029,extended_conditional,PED,5902.064077713241,5364.5887553266075,5518.900885223928,5937.369745789261,6015.430324542298,6052.004038949011,1.0059819188018202,11.647031861584656,8.412810040360508,True,conditional model forecast-error band (actual-driver rolling origin)
,balanced_structural,BEFU26,ar1,delayed_6m,c4fa05fe9cbe230d,ped_volume,2029,FY2029,extended_conditional,PED,2890.6742500973783,2627.4331103827794,2703.011093694796,2907.9660287439733,2946.198027241104,2964.110861306244,1.0059819188018202,11.647031861584635,8.412810040360505,True,conditional model forecast-error band (actual-driver rolling origin)
,balanced_structural,BEFU26,ar1,delayed_6m,c4fa05fe9cbe230d,light_petrol_vkt,2029,FY2029,extended_conditional,PED,32682.67332088302,29706.404315954725,30560.90756506852,32878.17841891496,33310.43878766599,33512.96569085559,1.0059819188018204,11.647031861584635,8.412810040360503,True,conditional model forecast-error band (actual-driver rolling origin)
,balanced_structural,BEFU26,ar1,delayed_6m,c4fa05fe9cbe230d,gross_ped_revenue,2029,FY2029,extended_conditional,PED,2601.9822410018924,2365.031027763178,2433.0610281625586,2617.5470874913435,2651.960851381963,2668.0847284054425,1.00598191880182,11.647031861584647,8.412810040360503,True,conditional model forecast-error band (actual-driver rolling origin)
,balanced_structural,BEFU26,ar1,delayed_6m,c4fa05fe9cbe230d,fed_refunds,2029,FY2029,extended_conditional,PED,97.6737041163894,88.77898441876913,91.3327075093189,98.25798028348666,99.54981069601452,100.15507185759492,1.0059819188018202,11.647031861584649,8.41281004036051,True,conditional model forecast-error band (actual-driver rolling origin)
,balanced_structural,BEFU26,ar1,delayed_6m,c4fa05fe9cbe230d,light_ruc_net_km,2029,FY2029,extended_conditional,LIGHT_RUC,14131.358557992657,11401.121022423704,12241.815284176184,13463.582076598504,14182.206651051205,15205.768840585939,0.9527450613715792,26.923439827449126,13.731102773395705,True,conditional model forecast-error band (actual-driver rolling origin)
,balanced_structural,BEFU26,ar1,delayed_6m,c4fa05fe9cbe230d,light_ruc_net_revenue,2029,FY2029,extended_conditional,LIGHT_RUC,1217.093810678792,981.946199599004,1054.3528106444364,1159.580117350135,1221.4732126373797,1309.629719360716,0.9527450613715793,26.923439827449123,13.731102773395719,True,conditional model forecast-error band (actual-driver rolling origin)
,balanced_structural,BEFU26,ar1,delayed_6m,c4fa05fe9cbe230d,light_bev_ruc_net_km,2029,FY2029,extended_conditional,LIGHT_RUC,2695.8212982561504,2174.9773562190107,2335.3555312439603,2568.4304282538665,2705.521524294603,2900.785181310563,0.9527450613715792,26.923439827449123,13.731102773395712,True,conditional model forecast-error band (actual-driver rolling origin)
,balanced_structural,BEFU26,ar1,delayed_6m,c4fa05fe9cbe230d,light_bev_ruc_net_revenue,2029,FY2029,extended_conditional,LIGHT_RUC,232.20456752529267,187.3416745779238,201.1558486836978,221.23175493764597,233.04009649511477,249.85913159218444,0.9527450613715792,26.923439827449116,13.731102773395708,True,conditional model forecast-error band (actual-driver rolling origin)
,balanced_structural,BEFU26,ar1,delayed_6m,c4fa05fe9cbe230d,phev_ruc_net_km,2029,FY2029,extended_conditional,LIGHT_RUC,1495.51845432587,1206.57803841468,1295.5485204626066,1424.8478215490302,1500.8996964211906,1609.2230495735027,0.9527450613715792,26.92343982744913,13.731102773395698,True,conditional model forecast-error band (actual-driver rolling origin)
,balanced_structural,BEFU26,ar1,delayed_6m,c4fa05fe9cbe230d,phev_ruc_net_revenue,2029,FY2029,extended_conditional,LIGHT_RUC,63.52214634749125,51.24940218166347,55.028423406649146,60.52041122029499,63.750714605489996,68.35174903063445,0.9527450613715792,26.923439827449126,13.731102773395705,True,conditional model forecast-error band (actual-driver rolling origin)
,balanced_structural,BEFU26,ar1,delayed_6m,c4fa05fe9cbe230d,current_light_ruc_conventional_modelled_km,2029,FY2029,extended_conditional,LIGHT_RUC,13833.483861200531,11160.79696202231,11983.770241939483,13179.783430322252,13883.260128062037,14885.24666543252,0.9527450613715792,26.923439827449116,13.731102773395707,True,conditional model forecast-error band (actual-driver rolling origin)
,balanced_structural,BEFU26,ar1,delayed_6m,c4fa05fe9cbe230d,heavy_ruc_net_km,2029,FY2029,extended_conditional,HEAVY_RUC,4192.720215451303,3924.1224480752617,3999.3199990125427,4077.299191548321,4142.560594241755,4323.658179754256,0.972471088464805,9.529272432884916,3.4164119680901255,True,conditional model forecast-error band (actual-driver rolling origin)
,balanced_structural,BEFU26,ar1,delayed_6m,c4fa05fe9cbe230d,heavy_ruc_net_revenue,2029,FY2029,extended_conditional,HEAVY_RUC,1482.1675915175717,1387.2156544692532,1413.7987239881747,1441.3651310103514,1464.4356749719343,1528.4554421768912,0.972471088464805,9.5292724328849,3.416411968090131,True,conditional model forecast-error band (actual-driver rolling origin)
,balanced_structural,BEFU26,ar1,delayed_6m,c4fa05fe9cbe230d,heavy_bev_ruc_net_km,2029,FY2029,extended_conditional,HEAVY_RUC_PROXY,73.7781618539809,69.05171970264016,70.3749506360156,71.74712936307337,72.8955165874319,76.08224174168076,0.972471088464805,9.529272432884898,3.416411968090118,True,conditional model forecast-error band (actual-driver rolling origin)
,balanced_structural,BEFU26,ar1,delayed_6m,c4fa05fe9cbe230d,heavy_bev_ruc_net_revenue,2029,FY2029,extended_conditional,HEAVY_RUC_PROXY,26.0839002326652,24.412890242269466,24.880711922609677,25.36583885066731,25.77184541190314,26.898496156562032,0.972471088464805,9.529272432884905,3.4164119680901277,True,conditional model forecast-error band (actual-driver rolling origin)
,balanced_structural,BEFU26,ar1,delayed_6m,c4fa05fe9cbe230d,mr1_revenue,2029,FY2029,extended_conditional,MVR_PROXY,526.427022508523,495.23116291376107,506.70687132507425,526.4270225238738,546.9146477422104,559.5879879660674,1.0000000000291605,12.225213049594998,7.637863312095677,True,conditional model forecast-error band (actual-driver rolling origin)
,balanced_structural,BEFU26,ar1,delayed_6m,c4fa05fe9cbe230d,mr2_revenue,2029,FY2029,extended_conditional,MVR_PROXY,31.8808203574151,29.991575403961654,30.686553022306143,31.88082035834475,33.12156650398028,33.889073614614304,1.0000000000291602,12.225213049595,7.637863312095685,True,conditional model forecast-error band (actual-driver rolling origin)
,balanced_structural,BEFU26,ar1,delayed_6m,c4fa05fe9cbe230d,ruc_admin_revenue,2029,FY2029,extended_conditional,FIXED,40.0168341509567,40.0168341509567,40.0168341509567,40.0168341509567,40.0168341509567,40.0168341509567,1.0,0.0,0.0,True,conditional model forecast-error band (actual-driver rolling origin)
,balanced_structural,BEFU26,ar1,delayed_6m,c4fa05fe9cbe230d,ruc_refunds,2029,FY2029,extended_conditional,FIXED,101.989316940945,101.989316940945,101.989316940945,101.989316940945,101.989316940945,101.989316940945,1.0,0.0,0.0,True,conditional model forecast-error band (actual-driver rolling origin)
,balanced_structural,BEFU26,ar1,delayed_6m,c4fa05fe9cbe230d,mvr_admin_revenue,2029,FY2029,extended_conditional,FIXED,71.5205705630239,71.5205705630239,71.5205705630239,71.5205705630239,71.5205705630239,71.5205705630239,1.0,0.0,0.0,True,conditional model forecast-error band (actual-driver rolling origin)
,balanced_structural,BEFU26,ar1,delayed_6m,c4fa05fe9cbe230d,mvr_refunds,2029,FY2029,extended_conditional,FIXED,1.94416230921848,1.94416230921848,1.94416230921848,1.94416230921848,1.94416230921848,1.94416230921848,1.0,0.0,0.0,True,conditional model forecast-error band (actual-driver rolling origin)
,balanced_structural,BEFU26,ar1,delayed_6m,c4fa05fe9cbe230d,coo_revenue,2029,FY2029,extended_conditional,FIXED,0.0,0.0,0.0,0.0,0.0,0.0,,,,True,conditional model forecast-error band (actual-driver rolling origin)
,balanced_structural,BEFU26,ar1,delayed_6m,c4fa05fe9cbe230d,gross_lpg_revenue,2029,FY2029,extended_conditional,FIXED,43.0565466561107,43.0565466561107,43.0565466561107,43.0565466561107,43.0565466561107,43.0565466561107,1.0,0.0,0.0,True,conditional model forecast-error band (actual-driver rolling origin)
,balanced_structural,BEFU26,ar1,delayed_6m,c4fa05fe9cbe230d,gross_cng_revenue,2029,FY2029,extended_conditional,FIXED,0.0,0.0,0.0,0.0,0.0,0.0,,,,True,conditional model forecast-error band (actual-driver rolling origin)
,balanced_structural,BEFU26,ar1,delayed_6m,c4fa05fe9cbe230d,tuc_net_revenue,2029,FY2029,extended_conditional,FIXED,17.5578996928248,17.5578996928248,17.5578996928248,17.5578996928248,17.5578996928248,17.5578996928248,1.0,0.0,0.0,True,conditional model forecast-error band (actual-driver rolling origin)
,balanced_structural,BEFU26,ar1,delayed_6m,c4fa05fe9cbe230d,gross_ruc_revenue,2029,FY2029,extended_conditional,derived,3123.061333242758,2750.7015569931536,2867.055578786239,3004.0817014375534,3114.062692079747,3249.6059770340516,0.9619028833860062,15.974851813841012,7.90913424159474,True,conditional model forecast-error band (actual-driver rolling origin)
,balanced_structural,BEFU26,ar1,delayed_6m,c4fa05fe9cbe230d,ruc_revenue_net_admin,2029,FY2029,extended_conditional,derived,3083.0444990918013,2710.684722842197,2827.0387446352825,2964.0648672865973,3074.0458579287906,3209.589142883095,0.9614083962004918,16.182199776482776,8.011792024613046,True,conditional model forecast-error band (actual-driver rolling origin)
,balanced_structural,BEFU26,ar1,delayed_6m,c4fa05fe9cbe230d,total_ruc_net_revenue,2029,FY2029,extended_conditional,derived,2981.055182150856,2608.695405901252,2725.0494276943373,2862.075550345652,2972.0565409878454,3107.59982594215,0.9600880813888996,16.735833104603394,8.285895369279627,True,conditional model forecast-error band (actual-driver rolling origin)
,balanced_structural,BEFU26,ar1,delayed_6m,c4fa05fe9cbe230d,gross_fed_revenue,2029,FY2029,extended_conditional,derived,2645.038787658003,2408.0875744192886,2476.1175748186693,2660.6036341474546,2695.0173980380737,2711.141275061553,1.0058845437587074,11.457438811723344,8.275864393399877,True,conditional model forecast-error band (actual-driver rolling origin)
,balanced_structural,BEFU26,ar1,delayed_6m,c4fa05fe9cbe230d,net_fed_revenue,2029,FY2029,extended_conditional,derived,2547.365083541614,2319.3085900005194,2384.7848673093504,2562.3456538639675,2595.4675873420592,2610.986203203958,1.0058808101041905,11.450169239107181,8.270613481904041,True,conditional model forecast-error band (actual-driver rolling origin)
,balanced_structural,BEFU26,ar1,delayed_6m,c4fa05fe9cbe230d,gross_mvr_revenue,2029,FY2029,extended_conditional,derived,558.3078428659381,525.2227383177227,537.3934243473803,558.3078428822184,580.0362142461906,593.4770615806818,1.00000000002916,12.225213049595022,7.637863312095682,True,conditional model forecast-error band (actual-driver rolling origin)
,balanced_structural,BEFU26,ar1,delayed_6m,c4fa05fe9cbe230d,mvr_revenue_net_admin_coo,2029,FY2029,extended_conditional,derived,486.78727230291423,453.70216775469885,465.87285378435644,486.7872723191946,508.5156436831668,521.956491017658,1.0000000000334446,14.021386167320816,8.760046189596125,True,conditional model forecast-error band (actual-driver rolling origin)
,balanced_structural,BEFU26,ar1,delayed_6m,c4fa05fe9cbe230d,net_mvr_revenue,2029,FY2029,extended_conditional,derived,484.84310999369575,451.75800544548036,463.92869147513795,484.8431100099761,506.57148137394825,520.0123287084396,1.0000000000335787,14.077610232276308,8.795172916732747,True,conditional model forecast-error band (actual-driver rolling origin)
,balanced_structural,BEFU26,ar1,delayed_6m,c4fa05fe9cbe230d,total_gross_revenue,2029,FY2029,extended_conditional,derived,6343.9658634595235,5884.360054088957,6021.991291130404,6196.508626272782,6339.614833878544,6476.61512824071,0.9767563003394962,9.335722904233615,5.006703213483759,True,conditional model forecast-error band (actual-driver rolling origin)
,balanced_structural,BEFU26,ar1,delayed_6m,c4fa05fe9cbe230d,total_admin_fees,2029,FY2029,extended_conditional,derived,111.53740471398059,111.53740471398059,111.53740471398059,111.53740471398059,111.53740471398059,111.53740471398059,1.0,0.0,0.0,True,conditional model forecast-error band (actual-driver rolling origin)
,balanced_structural,BEFU26,ar1,delayed_6m,c4fa05fe9cbe230d,total_revenue_net_admin,2029,FY2029,extended_conditional,derived,6232.428458745543,5772.822649374977,5910.453886416422,6084.971221558801,6228.077429164565,6365.07772352673,0.9763403241348361,9.502797794986018,5.096304672417746,True,conditional model forecast-error band (actual-driver rolling origin)
,balanced_structural,BEFU26,ar1,delayed_6m,c4fa05fe9cbe230d,total_refunds,2029,FY2029,extended_conditional,derived,201.60718336655287,192.71246366893263,195.26618675948237,202.19145953365015,203.483289946178,204.08855110775838,1.0028980920091273,5.642699455873192,4.075798813058991,True,conditional model forecast-error band (actual-driver rolling origin)
,balanced_structural,BEFU26,ar1,delayed_6m,c4fa05fe9cbe230d,total_nltf_net_revenue,2029,FY2029,extended_conditional,derived,6030.821275378992,5575.742698974626,5711.979609216036,5884.214920174038,6025.331878675175,6162.255547216111,0.9756904825212647,9.725256668373525,5.195847383811708,True,conditional model forecast-error band (actual-driver rolling origin)
,balanced_structural,BEFU26,ar1,delayed_6m,c4fa05fe9cbe230d,total_fed_ruc_net_revenue,2029,FY2029,extended_conditional,derived,5382.778554701218,5073.085768383171,5207.46429216918,5382.778554701218,5520.539319536742,5657.817155277456,1.0,10.863002833055267,5.8162345745048025,True,conditional model forecast-error band (actual-driver rolling origin)
,balanced_structural,BEFU26,ar1,delayed_6m,c4fa05fe9cbe230d,ped_vkt_per_capita,2030,FY2030,extended_conditional,PED,5888.384227680278,5044.99455687777,5190.113575482728,5583.657178382983,5969.607687439304,6036.616885599835,0.9482494624136745,16.840312900449312,13.237826911707092,True,conditional model forecast-error band (actual-driver rolling origin)
,balanced_structural,BEFU26,ar1,delayed_6m,c4fa05fe9cbe230d,ped_volume,2030,FY2030,extended_conditional,PED,2889.4008279080367,2475.553714873115,2546.762894894228,2739.8727817614217,2929.256775278125,2962.137855241001,0.9482494624136745,16.8403129004493,13.23782691170708,True,conditional model forecast-error band (actual-driver rolling origin)
,balanced_structural,BEFU26,ar1,delayed_6m,c4fa05fe9cbe230d,light_petrol_vkt,2030,FY2030,extended_conditional,PED,32993.321829443696,28267.70852696771,29080.827762954224,31285.899688011334,33448.42659915844,33823.88715929827,0.9482494624136745,16.840312900449284,13.237826911707053,True,conditional model forecast-error band (actual-driver rolling origin)
,balanced_structural,BEFU26,ar1,delayed_6m,c4fa05fe9cbe230d,gross_ped_revenue,2030,FY2030,extended_conditional,PED,2716.3466616082915,2327.2859909492677,2394.2302572337967,2575.7742615992415,2753.815526619436,2784.7272682250127,0.9482494624136744,16.8403129004493,13.237826911707074,True,conditional model forecast-error band (actual-driver rolling origin)
,balanced_structural,BEFU26,ar1,delayed_6m,c4fa05fe9cbe230d,fed_refunds,2030,FY2030,extended_conditional,PED,102.477188461442,87.79944344694752,90.32499008994884,97.17393886822717,103.89074292245839,105.05692263543749,0.9482494624136744,16.84031290044931,13.237826911707074,True,conditional model forecast-error band (actual-driver rolling origin)
,balanced_structural,BEFU26,ar1,delayed_6m,c4fa05fe9cbe230d,light_ruc_net_km,2030,FY2030,extended_conditional,LIGHT_RUC,14552.971035061611,10757.585156188412,11504.153304858888,13672.581725137323,14402.397993018501,15441.851893740783,0.9395044965180499,32.18770054765343,19.915140909557532,True,conditional model forecast-error band (actual-driver rolling origin)
,balanced_structural,BEFU26,ar1,delayed_6m,c4fa05fe9cbe230d,light_ruc_net_revenue,2030,FY2030,extended_conditional,LIGHT_RUC,1309.1303913442225,967.7117910501024,1034.8702462053714,1229.9338891963314,1295.5854083314152,1389.0907611943042,0.9395044965180499,32.18770054765343,19.915140909557532,True,conditional model forecast-error band (actual-driver rolling origin)
,balanced_structural,BEFU26,ar1,delayed_6m,c4fa05fe9cbe230d,light_bev_ruc_net_km,2030,FY2030,extended_conditional,LIGHT_RUC,3437.1140934214673,2540.7215792867983,2717.0457057701574,3229.1841458150293,3401.551820697304,3647.0495711584927,0.9395044965180499,32.187700547653414,19.91514090955754,True,conditional model forecast-error band (actual-driver rolling origin)
,balanced_structural,BEFU26,ar1,delayed_6m,c4fa05fe9cbe230d,light_bev_ruc_net_revenue,2030,FY2030,extended_conditional,LIGHT_RUC,309.21996941466256,228.576016880537,244.4390169196124,290.5135516782493,306.02060954903317,328.1068146692741,0.9395044965180498,32.18770054765343,19.915140909557532,True,conditional model forecast-error band (actual-driver rolling origin)
,balanced_structural,BEFU26,ar1,delayed_6m,c4fa05fe9cbe230d,phev_ruc_net_km,2030,FY2030,extended_conditional,LIGHT_RUC,1878.889739407174,1388.8790352200242,1485.2661736899408,1765.225358634667,1859.4497128280977,1993.6504381609914,0.9395044965180499,32.187700547653435,19.91514090955753,True,conditional model forecast-error band (actual-driver rolling origin)
,balanced_structural,BEFU26,ar1,delayed_6m,c4fa05fe9cbe230d,phev_ruc_net_revenue,2030,FY2030,extended_conditional,LIGHT_RUC,83.356943288799,61.61761839753618,65.893833795754,78.31422303582674,82.49448650961828,88.4483016890121,0.9395044965180499,32.187700547653435,19.91514090955753,True,conditional model forecast-error band (actual-driver rolling origin)
,balanced_structural,BEFU26,ar1,delayed_6m,c4fa05fe9cbe230d,current_light_ruc_conventional_modelled_km,2030,FY2030,extended_conditional,LIGHT_RUC,14129.750867690173,10444.739966065672,11169.59689878765,13274.964474874734,13983.556694257573,14992.78186348725,0.9395044965180499,32.18770054765344,19.91514090955752,True,conditional model forecast-error band (actual-driver rolling origin)
,balanced_structural,BEFU26,ar1,delayed_6m,c4fa05fe9cbe230d,heavy_ruc_net_km,2030,FY2030,extended_conditional,HEAVY_RUC,4230.412228687553,3964.8556816603555,4040.833799322525,4119.623964925664,4200.230465975368,4405.097870407157,0.9738114732624391,10.406602594456437,3.7678755174716034,True,conditional model forecast-error band (actual-driver rolling origin)
,balanced_structural,BEFU26,ar1,delayed_6m,c4fa05fe9cbe230d,heavy_ruc_net_revenue,2030,FY2030,extended_conditional,HEAVY_RUC,1561.9346558206582,1463.887006688713,1491.9393213676017,1521.0298883243763,1550.7910748631725,1626.4313391050598,0.9738114732624393,10.406602594456437,3.7678755174715977,True,conditional model forecast-error band (actual-driver rolling origin)
,balanced_structural,BEFU26,ar1,delayed_6m,c4fa05fe9cbe230d,heavy_bev_ruc_net_km,2030,FY2030,extended_conditional,HEAVY_RUC_PROXY,88.9568688458184,83.37276080905254,84.97042436585504,86.62721950756,88.32220844820596,92.63014863030868,0.9738114732624392,10.406602594456434,3.767875517471605,True,conditional model forecast-error band (actual-driver rolling origin)
,balanced_structural,BEFU26,ar1,delayed_6m,c4fa05fe9cbe230d,heavy_bev_ruc_net_revenue,2030,FY2030,extended_conditional,HEAVY_RUC_PROXY,32.84776860566217,30.785808792546216,31.37575404921332,31.987533939263578,32.61341708054179,34.204145532484105,0.9738114732624393,10.406602594456444,3.7678755174715977,True,conditional model forecast-error band (actual-driver rolling origin)
,balanced_structural,BEFU26,ar1,delayed_6m,c4fa05fe9cbe230d,mr1_revenue,2030,FY2030,extended_conditional,MVR_PROXY,520.957974139895,490.0862082138275,501.442695533361,520.9579741550863,541.232753511629,553.7744304512837,1.0000000000291602,12.225213049595006,7.637863312095682,True,conditional model forecast-error band (actual-driver rolling origin)
,balanced_structural,BEFU26,ar1,delayed_6m,c4fa05fe9cbe230d,mr2_revenue,2030,FY2030,extended_conditional,MVR_PROXY,32.0452026276956,30.146216445155737,30.844777471876064,32.04520262863005,33.292346246663556,34.06381073856594,1.0000000000291602,12.225213049595004,7.637863312095706,True,conditional model forecast-error band (actual-driver rolling origin)
,balanced_structural,BEFU26,ar1,delayed_6m,c4fa05fe9cbe230d,ruc_admin_revenue,2030,FY2030,extended_conditional,FIXED,42.5523569088689,42.5523569088689,42.5523569088689,42.5523569088689,42.5523569088689,42.5523569088689,1.0,0.0,0.0,True,conditional model forecast-error band (actual-driver rolling origin)
,balanced_structural,BEFU26,ar1,delayed_6m,c4fa05fe9cbe230d,ruc_refunds,2030,FY2030,extended_conditional,FIXED,111.156651009308,111.156651009308,111.156651009308,111.156651009308,111.156651009308,111.156651009308,1.0,0.0,0.0,True,conditional model forecast-error band (actual-driver rolling origin)
,balanced_structural,BEFU26,ar1,delayed_6m,c4fa05fe9cbe230d,mvr_admin_revenue,2030,FY2030,extended_conditional,FIXED,71.1689452067262,71.1689452067262,71.1689452067262,71.1689452067262,71.1689452067262,71.1689452067262,1.0,0.0,0.0,True,conditional model forecast-error band (actual-driver rolling origin)
,balanced_structural,BEFU26,ar1,delayed_6m,c4fa05fe9cbe230d,mvr_refunds,2030,FY2030,extended_conditional,FIXED,1.95051327200492,1.95051327200492,1.95051327200492,1.95051327200492,1.95051327200492,1.95051327200492,1.0,0.0,0.0,True,conditional model forecast-error band (actual-driver rolling origin)
,balanced_structural,BEFU26,ar1,delayed_6m,c4fa05fe9cbe230d,coo_revenue,2030,FY2030,extended_conditional,FIXED,0.0,0.0,0.0,0.0,0.0,0.0,,,,True,conditional model forecast-error band (actual-driver rolling origin)
,balanced_structural,BEFU26,ar1,delayed_6m,c4fa05fe9cbe230d,gross_lpg_revenue,2030,FY2030,extended_conditional,FIXED,43.2447778470936,43.2447778470936,43.2447778470936,43.2447778470936,43.2447778470936,43.2447778470936,1.0,0.0,0.0,True,conditional model forecast-error band (actual-driver rolling origin)
,balanced_structural,BEFU26,ar1,delayed_6m,c4fa05fe9cbe230d,gross_cng_revenue,2030,FY2030,extended_conditional,FIXED,0.0,0.0,0.0,0.0,0.0,0.0,,,,True,conditional model forecast-error band (actual-driver rolling origin)
,balanced_structural,BEFU26,ar1,delayed_6m,c4fa05fe9cbe230d,tuc_net_revenue,2030,FY2030,extended_conditional,FIXED,17.5578996928248,17.5578996928248,17.5578996928248,17.5578996928248,17.5578996928248,17.5578996928248,1.0,0.0,0.0,True,conditional model forecast-error band (actual-driver rolling origin)
,balanced_structural,BEFU26,ar1,delayed_6m,c4fa05fe9cbe230d,gross_ruc_revenue,2030,FY2030,extended_conditional,derived,3407.6463794833126,2882.674028421109,3007.0039985328003,3249.7828663672403,3383.6238064412214,3535.120856544829,0.9536737397206079,19.14655323545185,11.052197498424892,True,conditional model forecast-error band (actual-driver rolling origin)
,balanced_structural,BEFU26,ar1,delayed_6m,c4fa05fe9cbe230d,ruc_revenue_net_admin,2030,FY2030,extended_conditional,derived,3365.0940225744434,2840.12167151224,2964.451641623931,3207.230509458371,3341.0714495323523,3492.56849963596,0.953087933930803,19.388665628563025,11.191954976054147,True,conditional model forecast-error band (actual-driver rolling origin)
,balanced_structural,BEFU26,ar1,delayed_6m,c4fa05fe9cbe230d,total_ruc_net_revenue,2030,FY2030,extended_conditional,derived,3253.9373715651354,2728.965020502932,2853.294990614623,3096.073858449063,3229.9147985230443,3381.411848626652,0.9514853867515771,20.050995259625875,11.574279554350117,True,conditional model forecast-error band (actual-driver rolling origin)
,balanced_structural,BEFU26,ar1,delayed_6m,c4fa05fe9cbe230d,gross_fed_revenue,2030,FY2030,extended_conditional,derived,2759.591439455385,2370.5307687963614,2437.4750350808904,2619.0190394463352,2797.0603044665295,2827.9720460721064,0.9490604304683622,16.57641311447258,13.030380665936711,True,conditional model forecast-error band (actual-driver rolling origin)
,balanced_structural,BEFU26,ar1,delayed_6m,c4fa05fe9cbe230d,net_fed_revenue,2030,FY2030,extended_conditional,derived,2657.114250993943,2282.731325349414,2347.1500449909413,2521.845100578108,2693.1695615440713,2722.915123436669,0.9490917071536403,16.56623526529189,13.02238006603197,True,conditional model forecast-error band (actual-driver rolling origin)
,balanced_structural,BEFU26,ar1,delayed_6m,c4fa05fe9cbe230d,gross_mvr_revenue,2030,FY2030,extended_conditional,derived,553.0031767675906,520.2324246589832,532.2874730052371,553.0031767837163,574.5250997582925,587.8382411898497,1.0000000000291602,12.225213049595016,7.637863312095684,True,conditional model forecast-error band (actual-driver rolling origin)
,balanced_structural,BEFU26,ar1,delayed_6m,c4fa05fe9cbe230d,mvr_revenue_net_admin_coo,2030,FY2030,extended_conditional,derived,481.8342315608644,449.06347945225696,461.11852779851085,481.83423157699,503.3561545515663,516.6692959831234,1.0000000000334672,14.030928502498197,8.766007889524568,True,conditional model forecast-error band (actual-driver rolling origin)
,balanced_structural,BEFU26,ar1,delayed_6m,c4fa05fe9cbe230d,net_mvr_revenue,2030,FY2030,extended_conditional,derived,479.8837182888595,447.11296618025204,459.16801452650594,479.8837183049851,501.4056412795614,514.7187827111185,1.0000000000336031,14.0879579686369,8.801637801687425,True,conditional model forecast-error band (actual-driver rolling origin)
,balanced_structural,BEFU26,ar1,delayed_6m,c4fa05fe9cbe230d,total_gross_revenue,2030,FY2030,extended_conditional,derived,6737.7988953991135,5990.631182147101,6195.782000222909,6421.797653164926,6654.040337153774,6816.053276368738,0.9531002264775269,12.25061933482868,6.801306243256761,True,conditional model forecast-error band (actual-driver rolling origin)
,balanced_structural,BEFU26,ar1,delayed_6m,c4fa05fe9cbe230d,total_admin_fees,2030,FY2030,extended_conditional,derived,113.72130211559511,113.72130211559511,113.72130211559511,113.72130211559511,113.72130211559511,113.72130211559511,1.0,0.0,0.0,True,conditional model forecast-error band (actual-driver rolling origin)
,balanced_structural,BEFU26,ar1,delayed_6m,c4fa05fe9cbe230d,total_revenue_net_admin,2030,FY2030,extended_conditional,derived,6624.077593283519,5876.909880031506,6082.060698107314,6308.076351049331,6540.319035038179,6702.331974253143,0.9522950572688645,12.460936373368778,6.918070183771939,True,conditional model forecast-error band (actual-driver rolling origin)
,balanced_structural,BEFU26,ar1,delayed_6m,c4fa05fe9cbe230d,total_refunds,2030,FY2030,extended_conditional,derived,215.58435274275493,200.90660772826044,203.4321543712618,210.2811031495401,216.99790720377132,218.16408691675042,0.9754005820656988,8.004977619633829,6.292549834865245,True,conditional model forecast-error band (actual-driver rolling origin)
,balanced_structural,BEFU26,ar1,delayed_6m,c4fa05fe9cbe230d,total_nltf_net_revenue,2030,FY2030,extended_conditional,derived,6408.4932405407635,5670.060202293296,5874.776240077245,6098.133288406932,6324.678556822817,6486.466285080474,0.9515705267237446,12.739438931175153,7.020407135634394,True,conditional model forecast-error band (actual-driver rolling origin)
,balanced_structural,BEFU26,ar1,delayed_6m,c4fa05fe9cbe230d,total_fed_ruc_net_revenue,2030,FY2030,extended_conditional,derived,5601.533760122957,5172.293891277092,5377.271435643834,5601.533760122957,5826.903688377437,5988.195744007148,1.0,14.56568660780769,8.02694890343272,True,conditional model forecast-error band (actual-driver rolling origin)
,balanced_structural,BEFU26,ar1,delayed_6m,c4fa05fe9cbe230d,ped_vkt_per_capita,2031,FY2031,inferred_long_run,PED,5865.077484201897,5025.026024010258,5169.5706487561065,5561.556571408995,5945.979454352257,6012.7234242036575,0.9482494624136745,16.8403129004493,13.23782691170706,True,conditional model forecast-error band (actual-driver rolling origin)
,balanced_structural,BEFU26,ar1,delayed_6m,c4fa05fe9cbe230d,ped_volume,2031,FY2031,inferred_long_run,PED,2871.3369471624433,2460.0771127164126,2530.841109042876,2722.743716555308,2910.943724160134,2943.6192390447764,0.9482494624136744,16.84031290044929,13.237826911707074,True,conditional model forecast-error band (actual-driver rolling origin)
,balanced_structural,BEFU26,ar1,delayed_6m,c4fa05fe9cbe230d,light_petrol_vkt,2031,FY2031,inferred_long_run,PED,33116.39984458074,28373.158153287746,29189.310642553588,31402.608349699974,33573.20233336801,33950.06350847905,0.9482494624136744,16.840312900449298,13.23782691170706,True,conditional model forecast-error band (actual-driver rolling origin)
,balanced_structural,BEFU26,ar1,delayed_6m,c4fa05fe9cbe230d,gross_ped_revenue,2031,FY2031,inferred_long_run,PED,2814.2719810459394,2411.1855267881633,2480.5431590664684,2668.631893112679,2853.0916127419996,2885.1177342659726,0.9482494624136746,16.840312900449295,13.237826911707074,True,conditional model forecast-error band (actual-driver rolling origin)
,balanced_structural,BEFU26,ar1,delayed_6m,c4fa05fe9cbe230d,fed_refunds,2031,FY2031,inferred_long_run,PED,105.428538617792,90.3280735258464,92.92635608785174,99.97255506738058,106.88280354561729,108.08256931545361,0.9482494624136745,16.840312900449305,13.237826911707067,True,conditional model forecast-error band (actual-driver rolling origin)
,balanced_structural,BEFU26,ar1,delayed_6m,c4fa05fe9cbe230d,light_ruc_net_km,2031,FY2031,inferred_long_run,LIGHT_RUC,14393.626371033974,10639.797263370396,11378.191022733216,13522.8766967872,14244.701996519863,15272.774617626885,0.9395044965180499,32.18770054765342,19.91514090955753,True,conditional model forecast-error band (actual-driver rolling origin)
,balanced_structural,BEFU26,ar1,delayed_6m,c4fa05fe9cbe230d,light_ruc_net_revenue,2031,FY2031,inferred_long_run,LIGHT_RUC,1349.97821733928,997.9065853315121,1067.160536022151,1268.310605391675,1336.0106002536018,1432.4335313872293,0.93950449651805,32.187700547653414,19.915140909557547,True,conditional model forecast-error band (actual-driver rolling origin)
,balanced_structural,BEFU26,ar1,delayed_6m,c4fa05fe9cbe230d,light_bev_ruc_net_km,2031,FY2031,inferred_long_run,LIGHT_RUC,4136.464957208158,3057.6831298261172,3269.883990921978,3886.2274269864074,4093.666815824451,4389.116083510899,0.9395044965180499,32.18770054765342,19.915140909557532,True,conditional model forecast-error band (actual-driver rolling origin)
,balanced_structural,BEFU26,ar1,delayed_6m,c4fa05fe9cbe230d,light_bev_ruc_net_revenue,2031,FY2031,inferred_long_run,LIGHT_RUC,387.95904833655317,286.78010074639155,306.68241950857237,364.48927037705516,383.9450106561753,411.6551974724873,0.9395044965180499,32.18770054765343,19.91514090955753,True,conditional model forecast-error band (actual-driver rolling origin)
,balanced_structural,BEFU26,ar1,delayed_6m,c4fa05fe9cbe230d,phev_ruc_net_km,2031,FY2031,inferred_long_run,LIGHT_RUC,2208.3308898987298,1632.402589402003,1745.6900755209185,2074.736800859563,2185.4822839935364,2343.2135233439362,0.9395044965180499,32.18770054765343,19.915140909557532,True,conditional model forecast-error band (actual-driver rolling origin)
,balanced_structural,BEFU26,ar1,delayed_6m,c4fa05fe9cbe230d,phev_ruc_net_revenue,2031,FY2031,inferred_long_run,LIGHT_RUC,102.14634531226594,75.5067817727898,80.74689444322023,95.96695072375928,101.0894830461212,108.38534152227398,0.93950449651805,32.18770054765343,19.91514090955753,True,conditional model forecast-error band (actual-driver rolling origin)
,balanced_structural,BEFU26,ar1,delayed_6m,c4fa05fe9cbe230d,current_light_ruc_conventional_modelled_km,2031,FY2031,inferred_long_run,LIGHT_RUC,13975.040162956282,10330.377505181294,11047.297770941284,13129.613072117769,13830.446711561286,14828.62158424796,0.93950449651805,32.187700547653435,19.91514090955753,True,conditional model forecast-error band (actual-driver rolling origin)
,balanced_structural,BEFU26,ar1,delayed_6m,c4fa05fe9cbe230d,heavy_ruc_net_km,2031,FY2031,inferred_long_run,HEAVY_RUC,4267.911566311923,4000.0010655617752,4076.6526705656643,4156.141250144018,4237.4622655800695,4444.145661350698,0.9738114732624392,10.406602594456434,3.76787551747159,True,conditional model forecast-error band (actual-driver rolling origin)
,balanced_structural,BEFU26,ar1,delayed_6m,c4fa05fe9cbe230d,heavy_ruc_net_revenue,2031,FY2031,inferred_long_run,HEAVY_RUC,1642.9965761252706,1539.86041020399,1569.368595324312,1599.9689163616931,1631.2746610690328,1710.8405345218728,0.9738114732624392,10.406602594456425,3.767875517471603,True,conditional model forecast-error band (actual-driver rolling origin)
,balanced_structural,BEFU26,ar1,delayed_6m,c4fa05fe9cbe230d,heavy_bev_ruc_net_km,2031,FY2031,inferred_long_run,HEAVY_RUC_PROXY,106.53370251036,99.84624023686644,101.75958336911003,103.7437417937161,105.77364066385391,110.93277928628007,0.9738114732624392,10.406602594456443,3.7678755174715968,True,conditional model forecast-error band (actual-driver rolling origin)
,balanced_structural,BEFU26,ar1,delayed_6m,c4fa05fe9cbe230d,heavy_bev_ruc_net_revenue,2031,FY2031,inferred_long_run,HEAVY_RUC_PROXY,40.62231738114042,38.07232420013894,38.80190019482913,39.55847873626274,40.33249854606273,42.29972733465302,0.9738114732624392,10.406602594456428,3.767875517471599,True,conditional model forecast-error band (actual-driver rolling origin)
,balanced_structural,BEFU26,ar1,delayed_6m,c4fa05fe9cbe230d,mr1_revenue,2031,FY2031,inferred_long_run,MVR_PROXY,515.950840486336,485.3757953434918,496.62313096045716,515.9508405013812,536.0307509144124,548.4518848241224,1.0000000000291602,12.225213049594998,7.637863312095686,True,conditional model forecast-error band (actual-driver rolling origin)
,balanced_structural,BEFU26,ar1,delayed_6m,c4fa05fe9cbe230d,mr2_revenue,2031,FY2031,inferred_long_run,MVR_PROXY,32.1728248675943,30.26627584100042,30.967618935413437,32.172824868532466,33.42493532244022,34.19947222513691,1.0000000000291602,12.22521304959501,7.637863312095686,True,conditional model forecast-error band (actual-driver rolling origin)
,balanced_structural,BEFU26,ar1,delayed_6m,c4fa05fe9cbe230d,ruc_admin_revenue,2031,FY2031,inferred_long_run,FIXED,41.8033895532304,41.8033895532304,41.8033895532304,41.8033895532304,41.8033895532304,41.8033895532304,1.0,0.0,0.0,True,conditional model forecast-error band (actual-driver rolling origin)
,balanced_structural,BEFU26,ar1,delayed_6m,c4fa05fe9cbe230d,ruc_refunds,2031,FY2031,inferred_long_run,FIXED,118.132146140534,118.132146140534,118.132146140534,118.132146140534,118.132146140534,118.132146140534,1.0,0.0,0.0,True,conditional model forecast-error band (actual-driver rolling origin)
,balanced_structural,BEFU26,ar1,delayed_6m,c4fa05fe9cbe230d,mvr_admin_revenue,2031,FY2031,inferred_long_run,FIXED,70.8351294511562,70.8351294511562,70.8351294511562,70.8351294511562,70.8351294511562,70.8351294511562,1.0,0.0,0.0,True,conditional model forecast-error band (actual-driver rolling origin)
,balanced_structural,BEFU26,ar1,delayed_6m,c4fa05fe9cbe230d,mvr_refunds,2031,FY2031,inferred_long_run,FIXED,1.95819772040296,1.95819772040296,1.95819772040296,1.95819772040296,1.95819772040296,1.95819772040296,1.0,0.0,0.0,True,conditional model forecast-error band (actual-driver rolling origin)
,balanced_structural,BEFU26,ar1,delayed_6m,c4fa05fe9cbe230d,coo_revenue,2031,FY2031,inferred_long_run,FIXED,0.0,0.0,0.0,0.0,0.0,0.0,,,,True,conditional model forecast-error band (actual-driver rolling origin)
,balanced_structural,BEFU26,ar1,delayed_6m,c4fa05fe9cbe230d,gross_lpg_revenue,2031,FY2031,inferred_long_run,FIXED,43.4201183252799,43.4201183252799,43.4201183252799,43.4201183252799,43.4201183252799,43.4201183252799,1.0,0.0,0.0,True,conditional model forecast-error band (actual-driver rolling origin)
,balanced_structural,BEFU26,ar1,delayed_6m,c4fa05fe9cbe230d,gross_cng_revenue,2031,FY2031,inferred_long_run,FIXED,0.0,0.0,0.0,0.0,0.0,0.0,,,,True,conditional model forecast-error band (actual-driver rolling origin)
,balanced_structural,BEFU26,ar1,delayed_6m,c4fa05fe9cbe230d,tuc_net_revenue,2031,FY2031,inferred_long_run,FIXED,17.5578996928248,17.5578996928248,17.5578996928248,17.5578996928248,17.5578996928248,17.5578996928248,1.0,0.0,0.0,True,conditional model forecast-error band (actual-driver rolling origin)
,balanced_structural,BEFU26,ar1,delayed_6m,c4fa05fe9cbe230d,gross_ruc_revenue,2031,FY2031,inferred_long_run,derived,3641.834650635044,3075.9897091290977,3209.437825109659,3472.2782454335465,3615.7765923822935,3779.3137069715594,0.9534420363725379,19.31235394555378,11.157529274476511,True,conditional model forecast-error band (actual-driver rolling origin)
,balanced_structural,BEFU26,ar1,delayed_6m,c4fa05fe9cbe230d,ruc_revenue_net_admin,2031,FY2031,inferred_long_run,derived,3600.0312610818137,3034.1863195758674,3167.634435556429,3430.474855880316,3573.9732028290637,3737.510317418329,0.9529014075420708,19.536608069095266,11.287089966839055,True,conditional model forecast-error band (actual-driver rolling origin)
,balanced_structural,BEFU26,ar1,delayed_6m,c4fa05fe9cbe230d,total_ruc_net_revenue,2031,FY2031,inferred_long_run,derived,3481.89911494128,2916.0541734353333,3049.5022894158947,3312.342709739782,3455.8410566885295,3619.378171277795,0.9513034698581847,20.199436417454123,11.670032756807416,True,conditional model forecast-error band (actual-driver rolling origin)
,balanced_structural,BEFU26,ar1,delayed_6m,c4fa05fe9cbe230d,gross_fed_revenue,2031,FY2031,inferred_long_run,derived,2857.6920993712192,2454.605645113443,2523.9632773917483,2712.0520114379588,2896.5117310672795,2928.5378525912524,0.9490357663216041,16.58443915571202,13.036689773454018,True,conditional model forecast-error band (actual-driver rolling origin)
,balanced_structural,BEFU26,ar1,delayed_6m,c4fa05fe9cbe230d,net_fed_revenue,2031,FY2031,inferred_long_run,derived,2752.263560753427,2364.2775715875964,2431.0369213038966,2612.079456370578,2789.628927521662,2820.455283275799,0.9490658865735686,16.574637625305215,13.028984990071272,True,conditional model forecast-error band (actual-driver rolling origin)
,balanced_structural,BEFU26,ar1,delayed_6m,c4fa05fe9cbe230d,gross_mvr_revenue,2031,FY2031,inferred_long_run,derived,548.1236653539303,515.6420711844922,527.5907498958707,548.1236653699136,569.4556862368527,582.6513570492593,1.00000000002916,12.225213049594997,7.637863312095694,True,conditional model forecast-error band (actual-driver rolling origin)
,balanced_structural,BEFU26,ar1,delayed_6m,c4fa05fe9cbe230d,mvr_revenue_net_admin_coo,2031,FY2031,inferred_long_run,derived,477.28853590277413,444.8069417333361,456.7556204447144,477.2885359187574,498.6205567856964,511.81622759810307,1.0000000000334877,14.039575817177615,8.771410413576348,True,conditional model forecast-error band (actual-driver rolling origin)
,balanced_structural,BEFU26,ar1,delayed_6m,c4fa05fe9cbe230d,net_mvr_revenue,2031,FY2031,inferred_long_run,derived,475.3303381823711,442.84874401293314,454.79742272431145,475.33033819835447,496.66235906529346,509.8580298777001,1.0000000000336258,14.097414047040559,8.807545611557323,True,conditional model forecast-error band (actual-driver rolling origin)
,balanced_structural,BEFU26,ar1,delayed_6m,c4fa05fe9cbe230d,total_gross_revenue,2031,FY2031,inferred_long_run,derived,7065.208315053018,6270.291942630495,6491.216725316153,6731.475812254761,6975.579058993811,7149.706021928581,0.9527639543073044,12.447107573946841,6.855598760558593,True,conditional model forecast-error band (actual-driver rolling origin)
,balanced_structural,BEFU26,ar1,delayed_6m,c4fa05fe9cbe230d,total_admin_fees,2031,FY2031,inferred_long_run,derived,112.63851900438661,112.63851900438661,112.63851900438661,112.63851900438661,112.63851900438661,112.63851900438661,1.0,0.0,0.0,True,conditional model forecast-error band (actual-driver rolling origin)
,balanced_structural,BEFU26,ar1,delayed_6m,c4fa05fe9cbe230d,total_revenue_net_admin,2031,FY2031,inferred_long_run,derived,6952.569796048631,6157.653423626109,6378.578206311767,6618.837293250375,6862.940539989424,7037.067502924195,0.9519986835676318,12.648763048705895,6.966666252713291,True,conditional model forecast-error band (actual-driver rolling origin)
,balanced_structural,BEFU26,ar1,delayed_6m,c4fa05fe9cbe230d,total_refunds,2031,FY2031,inferred_long_run,derived,225.51888247872895,210.41841738678337,213.0166999487887,220.06289892831754,226.97314740655426,228.17291317639055,0.975806976824098,7.8727313626528765,6.188593746282837,True,conditional model forecast-error band (actual-driver rolling origin)
,balanced_structural,BEFU26,ar1,delayed_6m,c4fa05fe9cbe230d,total_nltf_net_revenue,2031,FY2031,inferred_long_run,derived,6727.050913569903,5941.36631288281,6160.267052733225,6398.3255938248485,6637.690870565053,6811.376527675575,0.9511338142124144,12.933010705148188,7.0970745422598505,True,conditional model forecast-error band (actual-driver rolling origin)
,balanced_structural,BEFU26,ar1,delayed_6m,c4fa05fe9cbe230d,total_fed_ruc_net_revenue,2031,FY2031,inferred_long_run,derived,5905.530802957371,5450.432681766817,5667.199997101166,5905.530802957371,6144.862402076858,6317.206919862901,1.0,14.677329896611843,8.088390712253812,True,conditional model forecast-error band (actual-driver rolling origin)
,balanced_structural,BEFU26,ar1,delayed_6m,c4fa05fe9cbe230d,ped_vkt_per_capita,2032,FY2032,inferred_long_run,PED,5825.52096871957,4991.135164042376,5134.704919879494,5524.04712686792,5905.877302423793,5972.171123256037,0.9482494624136745,16.8403129004493,13.237826911707087,True,conditional model forecast-error band (actual-driver rolling origin)
,balanced_structural,BEFU26,ar1,delayed_6m,c4fa05fe9cbe230d,ped_volume,2032,FY2032,inferred_long_run,PED,2841.920638641156,2434.874084069657,2504.9131165251274,2694.8497178138027,2881.121651636524,2913.4624119992745,0.9482494624136745,16.840312900449298,13.237826911707073,True,conditional model forecast-error band (actual-driver rolling origin)
,balanced_structural,BEFU26,ar1,delayed_6m,c4fa05fe9cbe230d,light_petrol_vkt,2032,FY2032,inferred_long_run,PED,33109.89896657733,28367.58839206396,29183.580667424005,31396.44389562803,33566.611783260596,33943.39897905822,0.9482494624136744,16.84031290044932,13.237826911707058,True,conditional model forecast-error band (actual-driver rolling origin)
,balanced_structural,BEFU26,ar1,delayed_6m,c4fa05fe9cbe230d,gross_ped_revenue,2032,FY2032,inferred_long_run,PED,2899.160338418369,2483.915376663282,2555.3650794717273,2749.1272323562653,2939.150906964412,2972.14304913866,0.9482494624136746,16.840312900449288,13.237826911707074,True,conditional model forecast-error band (actual-driver rolling origin)
,balanced_structural,BEFU26,ar1,delayed_6m,c4fa05fe9cbe230d,fed_refunds,2032,FY2032,inferred_long_run,PED,107.880660403128,92.42897940791639,95.08769442358448,102.2977782320983,109.36874951895706,110.59642017887425,0.9482494624136744,16.8403129004493,13.23782691170706,True,conditional model forecast-error band (actual-driver rolling origin)
,balanced_structural,BEFU26,ar1,delayed_6m,c4fa05fe9cbe230d,light_ruc_net_km,2032,FY2032,inferred_long_run,LIGHT_RUC,14182.204692593667,10483.513937841448,11211.061754428616,13324.245079231136,14035.467803040527,15048.43951534875,0.9395044965180498,32.18770054765343,19.915140909557543,True,conditional model forecast-error band (actual-driver rolling origin)
,balanced_structural,BEFU26,ar1,delayed_6m,c4fa05fe9cbe230d,light_ruc_net_revenue,2032,FY2032,inferred_long_run,LIGHT_RUC,1384.3959110675319,1023.3482130423937,1094.3677931585503,1300.6461834091485,1370.072189593802,1468.9534232907693,0.9395044965180499,32.18770054765343,19.91514090955753,True,conditional model forecast-error band (actual-driver rolling origin)
,balanced_structural,BEFU26,ar1,delayed_6m,c4fa05fe9cbe230d,light_bev_ruc_net_km,2032,FY2032,inferred_long_run,LIGHT_RUC,4916.332792766778,3634.1629861648594,3886.371106589275,4618.91676518353,4865.465709851564,5216.617463426717,0.9395044965180499,32.18770054765344,19.91514090955753,True,conditional model forecast-error band (actual-driver rolling origin)
,balanced_structural,BEFU26,ar1,delayed_6m,c4fa05fe9cbe230d,light_bev_ruc_net_revenue,2032,FY2032,inferred_long_run,LIGHT_RUC,479.90782556592876,354.74881989448255,379.36811556971185,450.87556003339,474.94243526716014,509.2201136923986,0.9395044965180499,32.18770054765342,19.915140909557532,True,conditional model forecast-error band (actual-driver rolling origin)
,balanced_structural,BEFU26,ar1,delayed_6m,c4fa05fe9cbe230d,phev_ruc_net_km,2032,FY2032,inferred_long_run,LIGHT_RUC,2552.1629121592205,1886.5639046399976,2017.4899908560478,2397.7685318201884,2525.7568310540237,2708.0464602940788,0.9395044965180499,32.18770054765343,19.915140909557536,True,conditional model forecast-error band (actual-driver rolling origin)
,balanced_structural,BEFU26,ar1,delayed_6m,c4fa05fe9cbe230d,phev_ruc_net_revenue,2032,FY2032,inferred_long_run,LIGHT_RUC,122.86112259134451,90.81918636936922,97.12196815980987,115.42857712182354,121.58993384694034,130.36535659855656,0.9395044965180499,32.18770054765342,19.915140909557525,True,conditional model forecast-error band (actual-driver rolling origin)
,balanced_structural,BEFU26,ar1,delayed_6m,c4fa05fe9cbe230d,current_light_ruc_conventional_modelled_km,2032,FY2032,inferred_long_run,LIGHT_RUC,13769.766914133534,10178.639111063832,10885.0288487979,12936.757931833927,13627.297332665225,14610.810451494992,0.9395044965180499,32.18770054765343,19.915140909557532,True,conditional model forecast-error band (actual-driver rolling origin)
,balanced_structural,BEFU26,ar1,delayed_6m,c4fa05fe9cbe230d,heavy_ruc_net_km,2032,FY2032,inferred_long_run,HEAVY_RUC,4296.722306807416,4027.0032634496715,4104.172308767405,4184.197479791716,4266.067456619343,4474.146078506481,0.9738114732624392,10.406602594456446,3.7678755174715977,True,conditional model forecast-error band (actual-driver rolling origin)
,balanced_structural,BEFU26,ar1,delayed_6m,c4fa05fe9cbe230d,heavy_ruc_net_revenue,2032,FY2032,inferred_long_run,HEAVY_RUC,1721.5892102800665,1613.519532582702,1644.4392398153848,1676.5033252155508,1709.30657818096,1792.6784800055896,0.9738114732624392,10.406602594456446,3.7678755174715994,True,conditional model forecast-error band (actual-driver rolling origin)
,balanced_structural,BEFU26,ar1,delayed_6m,c4fa05fe9cbe230d,heavy_bev_ruc_net_km,2032,FY2032,inferred_long_run,HEAVY_RUC_PROXY,127.653005544349,119.63981686733965,121.93246225291408,124.30996139552083,126.74226859613626,132.92415785421952,0.9738114732624393,10.406602594456459,3.7678755174715906,True,conditional model forecast-error band (actual-driver rolling origin)
,balanced_structural,BEFU26,ar1,delayed_6m,c4fa05fe9cbe230d,heavy_bev_ruc_net_revenue,2032,FY2032,inferred_long_run,HEAVY_RUC_PROXY,50.23774636001099,47.084161855095836,47.98643075885402,48.922093796227045,49.87932650448235,52.312204471193176,0.9738114732624392,10.406602594456423,3.7678755174715923,True,conditional model forecast-error band (actual-driver rolling origin)
,balanced_structural,BEFU26,ar1,delayed_6m,c4fa05fe9cbe230d,mr1_revenue,2032,FY2032,inferred_long_run,MVR_PROXY,511.356724878703,481.0539252311126,492.20111262455055,511.3567248936142,531.2578403079951,543.5683742909655,1.00000000002916,12.225213049595018,7.637863312095698,True,conditional model forecast-error band (actual-driver rolling origin)
,balanced_structural,BEFU26,ar1,delayed_6m,c4fa05fe9cbe230d,mr2_revenue,2032,FY2032,inferred_long_run,MVR_PROXY,32.2751359910549,30.362524047274043,31.066097446306436,32.27513599199605,33.53122821709621,34.30822818422702,1.0000000000291602,12.225213049594998,7.6378633120957,True,conditional model forecast-error band (actual-driver rolling origin)
,balanced_structural,BEFU26,ar1,delayed_6m,c4fa05fe9cbe230d,ruc_admin_revenue,2032,FY2032,inferred_long_run,FIXED,43.1587880680353,43.1587880680353,43.1587880680353,43.1587880680353,43.1587880680353,43.1587880680353,1.0,0.0,0.0,True,conditional model forecast-error band (actual-driver rolling origin)
,balanced_structural,BEFU26,ar1,delayed_6m,c4fa05fe9cbe230d,ruc_refunds,2032,FY2032,inferred_long_run,FIXED,124.930114862515,124.930114862515,124.930114862515,124.930114862515,124.930114862515,124.930114862515,1.0,0.0,0.0,True,conditional model forecast-error band (actual-driver rolling origin)
,balanced_structural,BEFU26,ar1,delayed_6m,c4fa05fe9cbe230d,mvr_admin_revenue,2032,FY2032,inferred_long_run,FIXED,70.5207338808813,70.5207338808813,70.5207338808813,70.5207338808813,70.5207338808813,70.5207338808813,1.0,0.0,0.0,True,conditional model forecast-error band (actual-driver rolling origin)
,balanced_structural,BEFU26,ar1,delayed_6m,c4fa05fe9cbe230d,mvr_refunds,2032,FY2032,inferred_long_run,FIXED,1.96713368876597,1.96713368876597,1.96713368876597,1.96713368876597,1.96713368876597,1.96713368876597,1.0,0.0,0.0,True,conditional model forecast-error band (actual-driver rolling origin)
,balanced_structural,BEFU26,ar1,delayed_6m,c4fa05fe9cbe230d,coo_revenue,2032,FY2032,inferred_long_run,FIXED,0.0,0.0,0.0,0.0,0.0,0.0,,,,True,conditional model forecast-error band (actual-driver rolling origin)
,balanced_structural,BEFU26,ar1,delayed_6m,c4fa05fe9cbe230d,gross_lpg_revenue,2032,FY2032,inferred_long_run,FIXED,43.5842216228547,43.5842216228547,43.5842216228547,43.5842216228547,43.5842216228547,43.5842216228547,1.0,0.0,0.0,True,conditional model forecast-error band (actual-driver rolling origin)
,balanced_structural,BEFU26,ar1,delayed_6m,c4fa05fe9cbe230d,gross_cng_revenue,2032,FY2032,inferred_long_run,FIXED,0.0,0.0,0.0,0.0,0.0,0.0,,,,True,conditional model forecast-error band (actual-driver rolling origin)
,balanced_structural,BEFU26,ar1,delayed_6m,c4fa05fe9cbe230d,tuc_net_revenue,2032,FY2032,inferred_long_run,FIXED,17.5578996928248,17.5578996928248,17.5578996928248,17.5578996928248,17.5578996928248,17.5578996928248,1.0,0.0,0.0,True,conditional model forecast-error band (actual-driver rolling origin)
,balanced_structural,BEFU26,ar1,delayed_6m,c4fa05fe9cbe230d,gross_ruc_revenue,2032,FY2032,inferred_long_run,derived,3883.9219307273975,3275.141916533381,3418.5371650209954,3702.2003834989773,3855.607792853386,4031.1956193470214,0.9532118434743134,19.466243562522983,11.25333195743546,True,conditional model forecast-error band (actual-driver rolling origin)
,balanced_structural,BEFU26,ar1,delayed_6m,c4fa05fe9cbe230d,ruc_revenue_net_admin,2032,FY2032,inferred_long_run,derived,3840.763142659362,3231.9831284653455,3375.37837695296,3659.041595430942,3812.4490047853506,3988.036831278986,0.952686083343688,19.6849864136674,11.379786037255107,True,conditional model forecast-error band (actual-driver rolling origin)
,balanced_structural,BEFU26,ar1,delayed_6m,c4fa05fe9cbe230d,total_ruc_net_revenue,2032,FY2032,inferred_long_run,derived,3715.833027796847,3107.0530136028306,3250.448262090445,3534.1114805684274,3687.5188899228356,3863.106716416471,0.95109534097226,20.346815832623992,11.762386107309398,True,conditional model forecast-error band (actual-driver rolling origin)
,balanced_structural,BEFU26,ar1,delayed_6m,c4fa05fe9cbe230d,gross_fed_revenue,2032,FY2032,inferred_long_run,derived,2942.744560041224,2527.499598286137,2598.949301094582,2792.71145397912,2982.735128587267,3015.727270761515,0.9490159261189826,16.590895421400027,13.041764912388741,True,conditional model forecast-error band (actual-driver rolling origin)
,balanced_structural,BEFU26,ar1,delayed_6m,c4fa05fe9cbe230d,net_fed_revenue,2032,FY2032,inferred_long_run,derived,2834.863899638096,2435.0706188782206,2503.8616066709974,2690.4136757470214,2873.36637906831,2905.130850582641,0.949045093872226,16.581403846739494,13.034303778903961,True,conditional model forecast-error band (actual-driver rolling origin)
,balanced_structural,BEFU26,ar1,delayed_6m,c4fa05fe9cbe230d,gross_mvr_revenue,2032,FY2032,inferred_long_run,derived,543.6318608697579,511.41644927838666,523.267210070857,543.6318608856103,564.7890685250914,577.8766024751925,1.0000000000291602,12.225213049595009,7.6378633120956945,True,conditional model forecast-error band (actual-driver rolling origin)
,balanced_structural,BEFU26,ar1,delayed_6m,c4fa05fe9cbe230d,mvr_revenue_net_admin_coo,2032,FY2032,inferred_long_run,derived,473.1111269888766,440.89571539750534,452.74647618997574,473.11112700472904,494.2683346442101,507.3558685943112,1.0000000000335068,14.047472022015747,8.776343671834752,True,conditional model forecast-error band (actual-driver rolling origin)
,balanced_structural,BEFU26,ar1,delayed_6m,c4fa05fe9cbe230d,net_mvr_revenue,2032,FY2032,inferred_long_run,derived,471.1439933001107,438.9285817087394,450.7793425012097,471.1439933159631,492.30120095544413,505.3887349055452,1.0000000000336466,14.106123423390828,8.81298690945757,True,conditional model forecast-error band (actual-driver rolling origin)
,balanced_structural,BEFU26,ar1,delayed_6m,c4fa05fe9cbe230d,total_gross_revenue,2032,FY2032,inferred_long_run,derived,7387.8562513312045,6544.724398362712,6779.197665784503,7035.420961981799,7292.655526250062,7478.290209288843,0.9522953239262201,12.636491279292459,6.950025054602814,True,conditional model forecast-error band (actual-driver rolling origin)
,balanced_structural,BEFU26,ar1,delayed_6m,c4fa05fe9cbe230d,total_admin_fees,2032,FY2032,inferred_long_run,derived,113.6795219489166,113.6795219489166,113.6795219489166,113.6795219489166,113.6795219489166,113.6795219489166,1.0,0.0,0.0,True,conditional model forecast-error band (actual-driver rolling origin)
,balanced_structural,BEFU26,ar1,delayed_6m,c4fa05fe9cbe230d,total_revenue_net_admin,2032,FY2032,inferred_long_run,derived,7274.176729382288,6431.0448764137955,6665.518143835587,6921.741440032882,7178.976004301146,7364.610687339926,0.9515498038526026,12.833972085874898,7.058638792642601,True,conditional model forecast-error band (actual-driver rolling origin)
,balanced_structural,BEFU26,ar1,delayed_6m,c4fa05fe9cbe230d,total_refunds,2032,FY2032,inferred_long_run,derived,234.77790895440899,219.32622795919735,221.98494297486548,229.19502678337926,236.26599807023806,237.49366873015524,0.9762205814171645,7.738138929623817,6.082793376503659,True,conditional model forecast-error band (actual-driver rolling origin)
,balanced_structural,BEFU26,ar1,delayed_6m,c4fa05fe9cbe230d,total_nltf_net_revenue,2032,FY2032,inferred_long_run,derived,7039.398820427879,6205.571182907884,6437.710180603962,6693.072303508194,6945.623022883175,7129.688942730181,0.9508016912020003,13.127793770407889,7.215287203294728,True,conditional model forecast-error band (actual-driver rolling origin)
,balanced_structural,BEFU26,ar1,delayed_6m,c4fa05fe9cbe230d,total_fed_ruc_net_revenue,2032,FY2032,inferred_long_run,derived,6204.173646728408,5719.947300177125,5950.144339180496,6204.173646728408,6457.428836547082,6639.904459988323,1.0,14.828036934399972,8.176503854531664,True,conditional model forecast-error band (actual-driver rolling origin)
,balanced_structural,BEFU26,ar1,delayed_6m,c4fa05fe9cbe230d,ped_vkt_per_capita,2033,FY2033,inferred_long_run,PED,5770.886073040316,4944.325591049208,5086.548871837145,5472.23961641104,5850.488781458032,5916.1608628776485,0.9482494624136744,16.8403129004493,13.23782691170707,True,conditional model forecast-error band (actual-driver rolling origin)
,balanced_structural,BEFU26,ar1,delayed_6m,c4fa05fe9cbe230d,ped_volume,2033,FY2033,inferred_long_run,PED,2804.8049329116125,2403.0744381667955,2472.1987553825606,2659.654769808659,2843.4939776124215,2875.4123651163486,0.9482494624136745,16.840312900449316,13.23782691170707,True,conditional model forecast-error band (actual-driver rolling origin)
,balanced_structural,BEFU26,ar1,delayed_6m,c4fa05fe9cbe230d,light_petrol_vkt,2033,FY2033,inferred_long_run,PED,33012.56894724652,28284.19889186176,29097.792472377863,31304.15075712087,33467.93920872231,33843.61879905464,0.9482494624136745,16.84031290044931,13.237826911707055,True,conditional model forecast-error band (actual-driver rolling origin)
,balanced_structural,BEFU26,ar1,delayed_6m,c4fa05fe9cbe230d,gross_ped_revenue,2033,FY2033,inferred_long_run,PED,2973.505215638092,2547.611882598155,2620.8938122456225,2819.624722213078,3014.5212859023754,3048.359465022789,0.9482494624136744,16.840312900449298,13.23782691170708,True,conditional model forecast-error band (actual-driver rolling origin)
,balanced_structural,BEFU26,ar1,delayed_6m,c4fa05fe9cbe230d,fed_refunds,2033,FY2033,inferred_long_run,PED,109.618818619908,93.91818228659842,96.61973414932781,103.94598582674985,111.13088362088936,112.37833433996691,0.9482494624136745,16.8403129004493,13.23782691170708,True,conditional model forecast-error band (actual-driver rolling origin)
,balanced_structural,BEFU26,ar1,delayed_6m,c4fa05fe9cbe230d,light_ruc_net_km,2033,FY2033,inferred_long_run,LIGHT_RUC,13912.61738746834,10284.234465290723,10997.952439517347,13070.96659386171,13768.66979643927,14762.386088309797,0.9395044965180499,32.187700547653435,19.915140909557543,True,conditional model forecast-error band (actual-driver rolling origin)
,balanced_structural,BEFU26,ar1,delayed_6m,c4fa05fe9cbe230d,light_ruc_net_revenue,2033,FY2033,inferred_long_run,LIGHT_RUC,1411.3654708717315,1043.2841653314217,1115.6872852268418,1325.9842061143065,1396.7627074997872,1497.5702567285934,0.9395044965180499,32.18770054765343,19.915140909557525,True,conditional model forecast-error band (actual-driver rolling origin)
,balanced_structural,BEFU26,ar1,delayed_6m,c4fa05fe9cbe230d,light_bev_ruc_net_km,2033,FY2033,inferred_long_run,LIGHT_RUC,5810.656623517291,4295.248941969247,4593.335920052811,5459.138025516884,5750.536374396817,6165.565695799383,0.9395044965180498,32.187700547653435,19.915140909557525,True,conditional model forecast-error band (actual-driver rolling origin)
,balanced_structural,BEFU26,ar1,delayed_6m,c4fa05fe9cbe230d,light_bev_ruc_net_revenue,2033,FY2033,inferred_long_run,LIGHT_RUC,589.4620611727117,435.7315289180704,465.97096240975753,553.8022569985604,583.3631625006853,625.4658120103685,0.9395044965180498,32.18770054765343,19.915140909557543,True,conditional model forecast-error band (actual-driver rolling origin)
,balanced_structural,BEFU26,ar1,delayed_6m,c4fa05fe9cbe230d,phev_ruc_net_km,2033,FY2033,inferred_long_run,LIGHT_RUC,2900.6112269694477,2144.1375925192915,2292.9390948732894,2725.137290388534,2870.599907962701,3077.7776483078337,0.9395044965180499,32.18770054765344,19.915140909557543,True,conditional model forecast-error band (actual-driver rolling origin)
,balanced_structural,BEFU26,ar1,delayed_6m,c4fa05fe9cbe230d,phev_ruc_net_revenue,2033,FY2033,inferred_long_run,LIGHT_RUC,145.10307662914647,107.26048306577746,114.70427822103619,136.32499295168626,143.60176039583396,153.96582685659922,0.9395044965180498,32.18770054765343,19.91514090955754,True,conditional model forecast-error band (actual-driver rolling origin)
,balanced_structural,BEFU26,ar1,delayed_6m,c4fa05fe9cbe230d,current_light_ruc_conventional_modelled_km,2033,FY2033,inferred_long_run,LIGHT_RUC,13508.019574065615,9985.154956288661,10678.117042265356,12690.845128888477,13368.258174531136,14333.07584670731,0.9395044965180498,32.18770054765342,19.915140909557532,True,conditional model forecast-error band (actual-driver rolling origin)
,balanced_structural,BEFU26,ar1,delayed_6m,c4fa05fe9cbe230d,heavy_ruc_net_km,2033,FY2033,inferred_long_run,HEAVY_RUC,4317.235634223176,4046.2289034954806,4123.766367756754,4204.173593383973,4286.434432250209,4495.506459015348,0.9738114732624393,10.406602594456448,3.7678755174716034,True,conditional model forecast-error band (actual-driver rolling origin)
,balanced_structural,BEFU26,ar1,delayed_6m,c4fa05fe9cbe230d,heavy_ruc_net_revenue,2033,FY2033,inferred_long_run,HEAVY_RUC,1797.6105733778486,1684.7687908374505,1717.05384020656,1750.533800813221,1784.7855689003447,1871.838979404813,0.9738114732624393,10.40660259445644,3.7678755174716003,True,conditional model forecast-error band (actual-driver rolling origin)
,balanced_structural,BEFU26,ar1,delayed_6m,c4fa05fe9cbe230d,heavy_bev_ruc_net_km,2033,FY2033,inferred_long_run,HEAVY_RUC_PROXY,151.986120839442,142.4454644531725,145.17513209498014,148.00582825010014,150.9017799320443,158.26205604766358,0.9738114732624392,10.40660259445645,3.7678755174716083,True,conditional model forecast-error band (actual-driver rolling origin)
,balanced_structural,BEFU26,ar1,delayed_6m,c4fa05fe9cbe230d,heavy_bev_ruc_net_revenue,2033,FY2033,inferred_long_run,HEAVY_RUC_PROXY,61.72640330168633,57.85163894419736,58.96024389317016,60.10987973840666,61.28601793099018,64.2752604316553,0.9738114732624392,10.406602594456439,3.767875517471596,True,conditional model forecast-error band (actual-driver rolling origin)
,balanced_structural,BEFU26,ar1,delayed_6m,c4fa05fe9cbe230d,mr1_revenue,2033,FY2033,inferred_long_run,MVR_PROXY,507.132700736054,477.0802151081563,488.1353219903158,507.1327007508421,526.8694244834749,539.078268217304,1.0000000000291602,12.225213049595,7.637863312095685,True,conditional model forecast-error band (actual-driver rolling origin)
,balanced_structural,BEFU26,ar1,delayed_6m,c4fa05fe9cbe230d,mr2_revenue,2033,FY2033,inferred_long_run,MVR_PROXY,32.3596396301847,30.442020033778075,31.147435547825246,32.35963963112832,33.61902059106551,34.39805492064934,1.0000000000291602,12.22521304959502,7.637863312095708,True,conditional model forecast-error band (actual-driver rolling origin)
,balanced_structural,BEFU26,ar1,delayed_6m,c4fa05fe9cbe230d,ruc_admin_revenue,2033,FY2033,inferred_long_run,FIXED,44.5945823267988,44.5945823267988,44.5945823267988,44.5945823267988,44.5945823267988,44.5945823267988,1.0,0.0,0.0,True,conditional model forecast-error band (actual-driver rolling origin)
,balanced_structural,BEFU26,ar1,delayed_6m,c4fa05fe9cbe230d,ruc_refunds,2033,FY2033,inferred_long_run,FIXED,132.028119664623,132.028119664623,132.028119664623,132.028119664623,132.028119664623,132.028119664623,1.0,0.0,0.0,True,conditional model forecast-error band (actual-driver rolling origin)
,balanced_structural,BEFU26,ar1,delayed_6m,c4fa05fe9cbe230d,mvr_admin_revenue,2033,FY2033,inferred_long_run,FIXED,70.226068078118,70.226068078118,70.226068078118,70.226068078118,70.226068078118,70.226068078118,1.0,0.0,0.0,True,conditional model forecast-error band (actual-driver rolling origin)
,balanced_structural,BEFU26,ar1,delayed_6m,c4fa05fe9cbe230d,mvr_refunds,2033,FY2033,inferred_long_run,FIXED,1.9772409500257,1.9772409500257,1.9772409500257,1.9772409500257,1.9772409500257,1.9772409500257,1.0,0.0,0.0,True,conditional model forecast-error band (actual-driver rolling origin)
,balanced_structural,BEFU26,ar1,delayed_6m,c4fa05fe9cbe230d,coo_revenue,2033,FY2033,inferred_long_run,FIXED,0.0,0.0,0.0,0.0,0.0,0.0,,,,True,conditional model forecast-error band (actual-driver rolling origin)
,balanced_structural,BEFU26,ar1,delayed_6m,c4fa05fe9cbe230d,gross_lpg_revenue,2033,FY2033,inferred_long_run,FIXED,43.7384421166535,43.7384421166535,43.7384421166535,43.7384421166535,43.7384421166535,43.7384421166535,1.0,0.0,0.0,True,conditional model forecast-error band (actual-driver rolling origin)
,balanced_structural,BEFU26,ar1,delayed_6m,c4fa05fe9cbe230d,gross_cng_revenue,2033,FY2033,inferred_long_run,FIXED,0.0,0.0,0.0,0.0,0.0,0.0,,,,True,conditional model forecast-error band (actual-driver rolling origin)
,balanced_structural,BEFU26,ar1,delayed_6m,c4fa05fe9cbe230d,tuc_net_revenue,2033,FY2033,inferred_long_run,FIXED,17.5578996928248,17.5578996928248,17.5578996928248,17.5578996928248,17.5578996928248,17.5578996928248,1.0,0.0,0.0,True,conditional model forecast-error band (actual-driver rolling origin)
,balanced_structural,BEFU26,ar1,delayed_6m,c4fa05fe9cbe230d,gross_ruc_revenue,2033,FY2033,inferred_long_run,derived,4137.295705017747,3482.4144774837823,3637.1211141904005,3942.5175120600807,4106.031658956944,4296.3356617409045,0.9529213750128042,19.672782471651512,11.333744991875843,True,conditional model forecast-error band (actual-driver rolling origin)
,balanced_structural,BEFU26,ar1,delayed_6m,c4fa05fe9cbe230d,ruc_revenue_net_admin,2033,FY2033,inferred_long_run,derived,4092.7011226909485,3437.8198951569834,3592.5265318636016,3897.922929733282,4061.437076630145,4251.741079414106,0.952408400438095,19.887139565226057,11.457238892104462,True,conditional model forecast-error band (actual-driver rolling origin)
,balanced_structural,BEFU26,ar1,delayed_6m,c4fa05fe9cbe230d,total_ruc_net_revenue,2033,FY2033,inferred_long_run,derived,3960.6730030263257,3305.7917754923606,3460.4984121989787,3765.8948100686594,3929.408956965522,4119.712959749483,0.9508219454600676,20.55007276882516,11.839163304020596,True,conditional model forecast-error band (actual-driver rolling origin)
,balanced_structural,BEFU26,ar1,delayed_6m,c4fa05fe9cbe230d,gross_fed_revenue,2033,FY2033,inferred_long_run,derived,3017.2436577547455,2591.3503247148083,2664.632254362276,2863.3631643297313,3058.259728019029,3092.0979071394427,0.9489996464059111,16.596193056455412,13.045929275385976,True,conditional model forecast-error band (actual-driver rolling origin)
,balanced_structural,BEFU26,ar1,delayed_6m,c4fa05fe9cbe230d,net_fed_revenue,2033,FY2033,inferred_long_run,derived,2907.6248391348377,2497.4321424282098,2568.0125202129484,2759.417178502982,2947.12884439814,2979.719572799476,0.9490279286938701,16.586989623969867,13.038694644595115,True,conditional model forecast-error band (actual-driver rolling origin)
,balanced_structural,BEFU26,ar1,delayed_6m,c4fa05fe9cbe230d,gross_mvr_revenue,2033,FY2033,inferred_long_run,derived,539.4923403662387,507.52223514193435,519.2827575381411,539.4923403819704,560.4884450745404,573.4763231379533,1.00000000002916,12.225213049595006,7.637863312095678,True,conditional model forecast-error band (actual-driver rolling origin)
,balanced_structural,BEFU26,ar1,delayed_6m,c4fa05fe9cbe230d,mvr_revenue_net_admin_coo,2033,FY2033,inferred_long_run,derived,469.2662722881207,437.2961670638163,449.05668946002305,469.26627230385236,490.2623769964224,503.25025505983524,1.0000000000335239,14.054725832826175,8.78087558594022,True,conditional model forecast-error band (actual-driver rolling origin)
,balanced_structural,BEFU26,ar1,delayed_6m,c4fa05fe9cbe230d,net_mvr_revenue,2033,FY2033,inferred_long_run,derived,467.289031338095,435.3189261137906,447.07944850999735,467.28903135382666,488.2851360463967,501.27301410980954,1.0000000000336657,14.114195620461619,8.81803012118768,True,conditional model forecast-error band (actual-driver rolling origin)
,balanced_structural,BEFU26,ar1,delayed_6m,c4fa05fe9cbe230d,total_gross_revenue,2033,FY2033,inferred_long_run,derived,7711.5896028315565,6817.605232218662,7065.779628576345,7340.897050518341,7611.810220794144,7808.4029003437845,0.9519304616291946,12.848163856662174,7.080649001566499,True,conditional model forecast-error band (actual-driver rolling origin)
,balanced_structural,BEFU26,ar1,delayed_6m,c4fa05fe9cbe230d,total_admin_fees,2033,FY2033,inferred_long_run,derived,114.8206504049168,114.8206504049168,114.8206504049168,114.8206504049168,114.8206504049168,114.8206504049168,1.0,0.0,0.0,True,conditional model forecast-error band (actual-driver rolling origin)
,balanced_structural,BEFU26,ar1,delayed_6m,c4fa05fe9cbe230d,total_revenue_net_admin,2033,FY2033,inferred_long_run,derived,7596.76895242664,6702.784581813746,6950.9589781714285,7226.076400113425,7496.989570389227,7693.582249938868,0.9512039191089516,13.042356221833378,7.187668805477883,True,conditional model forecast-error band (actual-driver rolling origin)
,balanced_structural,BEFU26,ar1,delayed_6m,c4fa05fe9cbe230d,total_refunds,2033,FY2033,inferred_long_run,derived,243.6241792345567,227.92354290124712,230.6250947639765,237.95134644139853,245.13624423553807,246.38369495461563,0.9767148202982904,7.57730702731088,5.95636669445298,True,conditional model forecast-error band (actual-driver rolling origin)
,balanced_structural,BEFU26,ar1,delayed_6m,c4fa05fe9cbe230d,total_nltf_net_revenue,2033,FY2033,inferred_long_run,derived,7353.144773192084,6469.668625251352,6714.901047605464,6989.159031321491,7254.7757979893395,7450.326542959279,0.9504993097378412,13.336578402252954,7.342093308867493,True,conditional model forecast-error band (actual-driver rolling origin)
,balanced_structural,BEFU26,ar1,delayed_6m,c4fa05fe9cbe230d,total_fed_ruc_net_revenue,2033,FY2033,inferred_long_run,derived,6503.974637693276,5988.912163044019,6230.84912962847,6503.974637693276,6769.7324464564535,6964.272631844043,1.0,14.996375649243753,8.285446159413466,True,conditional model forecast-error band (actual-driver rolling origin)
,balanced_structural,BEFU26,ar1,delayed_6m,c4fa05fe9cbe230d,ped_vkt_per_capita,2034,FY2034,inferred_long_run,PED,5698.201578261929,4882.051651994312,5022.483626009085,5403.316583311625,5776.80168801956,5841.646627471961,0.9482494624136744,16.8403129004493,13.237826911707076,True,conditional model forecast-error band (actual-driver rolling origin)
,balanced_structural,BEFU26,ar1,delayed_6m,c4fa05fe9cbe230d,ped_volume,2034,FY2034,inferred_long_run,PED,2758.8924261122584,2363.7379516300457,2431.7307567584894,2616.118259918107,2796.9481608074257,2828.344068774147,0.9482494624136745,16.84031290044931,13.237826911707058,True,conditional model forecast-error band (actual-driver rolling origin)
,balanced_structural,BEFU26,ar1,delayed_6m,c4fa05fe9cbe230d,light_petrol_vkt,2034,FY2034,inferred_long_run,PED,32808.65481914041,28109.49125958297,28918.059383707936,31110.789294765702,33261.212320725186,33634.571389554556,0.9482494624136745,16.84031290044931,13.237826911707078,True,conditional model forecast-error band (actual-driver rolling origin)
,balanced_structural,BEFU26,ar1,delayed_6m,c4fa05fe9cbe230d,gross_ped_revenue,2034,FY2034,inferred_long_run,PED,3035.1733775429625,2600.447351397937,2675.249090689065,2878.1015235874106,3077.0400888784156,3111.5800452473068,0.9482494624136744,16.840312900449288,13.237826911707073,True,conditional model forecast-error band (actual-driver rolling origin)
,balanced_structural,BEFU26,ar1,delayed_6m,c4fa05fe9cbe230d,fed_refunds,2034,FY2034,inferred_long_run,PED,110.874936585782,94.99438724463107,97.72689608968555,105.13709901261802,112.40432828337634,113.6660734938515,0.9482494624136745,16.8403129004493,13.237826911707064,True,conditional model forecast-error band (actual-driver rolling origin)
,balanced_structural,BEFU26,ar1,delayed_6m,c4fa05fe9cbe230d,light_ruc_net_km,2034,FY2034,inferred_long_run,LIGHT_RUC,13594.982754176992,10049.438312123508,10746.861613629448,12772.547427634625,13454.321585753842,14425.350650543125,0.9395044965180498,32.18770054765343,19.91514090955754,True,conditional model forecast-error band (actual-driver rolling origin)
,balanced_structural,BEFU26,ar1,delayed_6m,c4fa05fe9cbe230d,light_ruc_net_revenue,2034,FY2034,inferred_long_run,LIGHT_RUC,1431.2118094459836,1057.954618308803,1131.3758563748406,1344.629930444236,1416.4037049402364,1518.6287897359284,0.9395044965180499,32.18770054765343,19.91514090955754,True,conditional model forecast-error band (actual-driver rolling origin)
,balanced_structural,BEFU26,ar1,delayed_6m,c4fa05fe9cbe230d,light_bev_ruc_net_km,2034,FY2034,inferred_long_run,LIGHT_RUC,6881.453189098758,5086.783894622162,5439.802790569291,6465.156213736757,6810.253889803549,7301.765440456217,0.9395044965180498,32.18770054765343,19.915140909557532,True,conditional model forecast-error band (actual-driver rolling origin)
,balanced_structural,BEFU26,ar1,delayed_6m,c4fa05fe9cbe230d,light_bev_ruc_net_revenue,2034,FY2034,inferred_long_run,LIGHT_RUC,724.4449844823712,535.5111745063476,572.6752387771817,680.6193204011365,716.9494782490681,768.6933567440276,0.9395044965180498,32.18770054765342,19.91514090955753,True,conditional model forecast-error band (actual-driver rolling origin)
,balanced_structural,BEFU26,ar1,delayed_6m,c4fa05fe9cbe230d,phev_ruc_net_km,2034,FY2034,inferred_long_run,LIGHT_RUC,3241.590048323908,2396.1898159683733,2562.4835490690093,3045.488426268474,3208.0507749029093,3439.583113705407,0.9395044965180499,32.187700547653435,19.915140909557522,True,conditional model forecast-error band (actual-driver rolling origin)
,balanced_structural,BEFU26,ar1,delayed_6m,c4fa05fe9cbe230d,phev_ruc_net_revenue,2034,FY2034,inferred_long_run,LIGHT_RUC,168.28714735873572,124.39819429599814,133.03133344991764,158.10653164972786,166.5459559790846,178.56595734801624,0.9395044965180498,32.18770054765342,19.915140909557536,True,conditional model forecast-error band (actual-driver rolling origin)
,balanced_structural,BEFU26,ar1,delayed_6m,c4fa05fe9cbe230d,current_light_ruc_conventional_modelled_km,2034,FY2034,inferred_long_run,LIGHT_RUC,13199.622187405255,9757.18699421742,10434.328278691857,12401.104397406654,13063.051636842834,14005.841857321046,0.9395044965180499,32.187700547653435,19.915140909557536,True,conditional model forecast-error band (actual-driver rolling origin)
,balanced_structural,BEFU26,ar1,delayed_6m,c4fa05fe9cbe230d,heavy_ruc_net_km,2034,FY2034,inferred_long_run,HEAVY_RUC,4331.432056405634,4059.534170714517,4137.326602429706,4217.998232184527,4300.529570438931,4510.2890914735435,0.9738114732624392,10.406602594456434,3.767875517471601,True,conditional model forecast-error band (actual-driver rolling origin)
,balanced_structural,BEFU26,ar1,delayed_6m,c4fa05fe9cbe230d,heavy_ruc_net_revenue,2034,FY2034,inferred_long_run,HEAVY_RUC,1871.5468200920322,1754.0638221531856,1787.6767650108434,1822.5337661534554,1858.1943194431092,1948.8282620893501,0.9738114732624393,10.406602594456444,3.7678755174715928,True,conditional model forecast-error band (actual-driver rolling origin)
,balanced_structural,BEFU26,ar1,delayed_6m,c4fa05fe9cbe230d,heavy_bev_ruc_net_km,2034,FY2034,inferred_long_run,HEAVY_RUC_PROXY,178.04024478685,166.8640874571089,170.0616866355732,173.37763307588773,176.77002143014343,185.3920281902738,0.9738114732624393,10.40660259445643,3.767875517471596,True,conditional model forecast-error band (actual-driver rolling origin)
,balanced_structural,BEFU26,ar1,delayed_6m,c4fa05fe9cbe230d,heavy_bev_ruc_net_revenue,2034,FY2034,inferred_long_run,HEAVY_RUC_PROXY,74.50506210254844,69.8281403373762,71.16624973874082,72.55388429159223,73.97350773297974,77.58158606314137,0.9738114732624393,10.406602594456423,3.7678755174715866,True,conditional model forecast-error band (actual-driver rolling origin)
,balanced_structural,BEFU26,ar1,delayed_6m,c4fa05fe9cbe230d,mr1_revenue,2034,FY2034,inferred_long_run,MVR_PROXY,503.24090330059,473.41904406757124,484.38931272780115,503.2409033152646,522.8261650524558,534.9413166487747,1.0000000000291602,12.225213049594988,7.6378633120956865,True,conditional model forecast-error band (actual-driver rolling origin)
,balanced_structural,BEFU26,ar1,delayed_6m,c4fa05fe9cbe230d,mr2_revenue,2034,FY2034,inferred_long_run,MVR_PROXY,32.4313532891816,30.509483969372795,31.21646278660269,32.431353290127305,33.693525221093225,34.47428600384208,1.0000000000291602,12.225213049595,7.637863312095671,True,conditional model forecast-error band (actual-driver rolling origin)
,balanced_structural,BEFU26,ar1,delayed_6m,c4fa05fe9cbe230d,ruc_admin_revenue,2034,FY2034,inferred_long_run,FIXED,46.2262315438966,46.2262315438966,46.2262315438966,46.2262315438966,46.2262315438966,46.2262315438966,1.0,0.0,0.0,True,conditional model forecast-error band (actual-driver rolling origin)
,balanced_structural,BEFU26,ar1,delayed_6m,c4fa05fe9cbe230d,ruc_refunds,2034,FY2034,inferred_long_run,FIXED,139.578421718246,139.578421718246,139.578421718246,139.578421718246,139.578421718246,139.578421718246,1.0,0.0,0.0,True,conditional model forecast-error band (actual-driver rolling origin)
,balanced_structural,BEFU26,ar1,delayed_6m,c4fa05fe9cbe230d,mvr_admin_revenue,2034,FY2034,inferred_long_run,FIXED,69.9506951716758,69.9506951716758,69.9506951716758,69.9506951716758,69.9506951716758,69.9506951716758,1.0,0.0,0.0,True,conditional model forecast-error band (actual-driver rolling origin)
,balanced_structural,BEFU26,ar1,delayed_6m,c4fa05fe9cbe230d,mvr_refunds,2034,FY2034,inferred_long_run,FIXED,1.98844335681006,1.98844335681006,1.98844335681006,1.98844335681006,1.98844335681006,1.98844335681006,1.0,0.0,0.0,True,conditional model forecast-error band (actual-driver rolling origin)
,balanced_structural,BEFU26,ar1,delayed_6m,c4fa05fe9cbe230d,coo_revenue,2034,FY2034,inferred_long_run,FIXED,0.0,0.0,0.0,0.0,0.0,0.0,,,,True,conditional model forecast-error band (actual-driver rolling origin)
,balanced_structural,BEFU26,ar1,delayed_6m,c4fa05fe9cbe230d,gross_lpg_revenue,2034,FY2034,inferred_long_run,FIXED,43.8839031230627,43.8839031230627,43.8839031230627,43.8839031230627,43.8839031230627,43.8839031230627,1.0,0.0,0.0,True,conditional model forecast-error band (actual-driver rolling origin)
,balanced_structural,BEFU26,ar1,delayed_6m,c4fa05fe9cbe230d,gross_cng_revenue,2034,FY2034,inferred_long_run,FIXED,0.0,0.0,0.0,0.0,0.0,0.0,,,,True,conditional model forecast-error band (actual-driver rolling origin)
,balanced_structural,BEFU26,ar1,delayed_6m,c4fa05fe9cbe230d,tuc_net_revenue,2034,FY2034,inferred_long_run,FIXED,17.5578996928248,17.5578996928248,17.5578996928248,17.5578996928248,17.5578996928248,17.5578996928248,1.0,0.0,0.0,True,conditional model forecast-error band (actual-driver rolling origin)
,balanced_structural,BEFU26,ar1,delayed_6m,c4fa05fe9cbe230d,gross_ruc_revenue,2034,FY2034,inferred_long_run,derived,4409.574245199918,3703.5694597440374,3870.4209319500224,4200.6829315376235,4375.202241132295,4581.024884683652,0.9526277817207217,19.89886950865555,11.447393356212496,True,conditional model forecast-error band (actual-driver rolling origin)
,balanced_structural,BEFU26,ar1,delayed_6m,c4fa05fe9cbe230d,ruc_revenue_net_admin,2034,FY2034,inferred_long_run,derived,4363.348013656021,3657.343228200141,3824.194700406126,4154.456699993727,4328.9760095883985,4534.7986531397555,0.9521259104227936,20.10968234010746,11.568669462129831,True,conditional model forecast-error band (actual-driver rolling origin)
,balanced_structural,BEFU26,ar1,delayed_6m,c4fa05fe9cbe230d,total_ruc_net_revenue,2034,FY2034,inferred_long_run,derived,4223.769591937775,3517.764806481895,3684.6162786878795,4014.878278275481,4189.397587870152,4395.220231421509,0.9505438662987157,20.77422562571782,11.950966978544155,True,conditional model forecast-error band (actual-driver rolling origin)
,balanced_structural,BEFU26,ar1,delayed_6m,c4fa05fe9cbe230d,gross_fed_revenue,2034,FY2034,inferred_long_run,derived,3079.0572806660252,2644.3312545209997,2719.1329938121276,2921.9854267104733,3120.9239920014784,3155.4639483703695,0.948987030887072,16.60029831399589,13.049156334709048,True,conditional model forecast-error band (actual-driver rolling origin)
,balanced_structural,BEFU26,ar1,delayed_6m,c4fa05fe9cbe230d,net_fed_revenue,2034,FY2034,inferred_long_run,derived,2968.182344080243,2549.336867276368,2621.406097722442,2816.8483276978554,3008.519663718102,3041.7978748765186,0.9490145823809615,16.591332691615694,13.042108641597475,True,conditional model forecast-error band (actual-driver rolling origin)
,balanced_structural,BEFU26,ar1,delayed_6m,c4fa05fe9cbe230d,gross_mvr_revenue,2034,FY2034,inferred_long_run,derived,535.6722565897716,503.928528036944,515.6057755144038,535.6722566053919,556.519690273549,569.4156026526167,1.0000000000291602,12.225213049594993,7.637863312095681,True,conditional model forecast-error band (actual-driver rolling origin)
,balanced_structural,BEFU26,ar1,delayed_6m,c4fa05fe9cbe230d,mvr_revenue_net_admin_coo,2034,FY2034,inferred_long_run,derived,465.7215614180958,433.97783286526817,445.655080342728,465.7215614337161,486.56899510187327,499.4649074809409,1.00000000003354,14.06142211158708,8.785059174534393,True,conditional model forecast-error band (actual-driver rolling origin)
,balanced_structural,BEFU26,ar1,delayed_6m,c4fa05fe9cbe230d,net_mvr_revenue,2034,FY2034,inferred_long_run,derived,463.73311806128567,431.9893895084581,443.66663698591793,463.733118076906,484.5805517450632,497.4764641241308,1.000000000033684,14.121716147738695,8.822728669928246,True,conditional model forecast-error band (actual-driver rolling origin)
,balanced_structural,BEFU26,ar1,delayed_6m,c4fa05fe9cbe230d,total_gross_revenue,2034,FY2034,inferred_long_run,derived,8041.861682148539,7095.335909882932,7356.721206668142,7652.40750502341,7936.428130821494,8147.070625496532,0.9515716394389564,13.07824925599327,7.208615953196447,True,conditional model forecast-error band (actual-driver rolling origin)
,balanced_structural,BEFU26,ar1,delayed_6m,c4fa05fe9cbe230d,total_admin_fees,2034,FY2034,inferred_long_run,derived,116.1769267155724,116.1769267155724,116.1769267155724,116.1769267155724,116.1769267155724,116.1769267155724,1.0,0.0,0.0,True,conditional model forecast-error band (actual-driver rolling origin)
,balanced_structural,BEFU26,ar1,delayed_6m,c4fa05fe9cbe230d,total_revenue_net_admin,2034,FY2034,inferred_long_run,derived,7925.684755432967,6979.15898316736,7240.54427995257,7536.230578307837,7820.251204105922,8030.893698780959,0.9508617628453916,13.26995392912451,7.314281882785829,True,conditional model forecast-error band (actual-driver rolling origin)
,balanced_structural,BEFU26,ar1,delayed_6m,c4fa05fe9cbe230d,total_refunds,2034,FY2034,inferred_long_run,derived,252.44180166083805,236.56125231968713,239.2937611647416,246.70396408767408,253.9711933584324,255.23293856890754,0.9772706519466499,7.3964320197279765,5.814184535654007,True,conditional model forecast-error band (actual-driver rolling origin)
,balanced_structural,BEFU26,ar1,delayed_6m,c4fa05fe9cbe230d,total_nltf_net_revenue,2034,FY2034,inferred_long_run,derived,7673.242953772129,6738.54602693427,6995.634605744473,7290.783410254068,7569.396302359852,7779.006585765778,0.9501567269768194,13.559593578618838,7.477434248752932,True,conditional model forecast-error band (actual-driver rolling origin)
,balanced_structural,BEFU26,ar1,delayed_6m,c4fa05fe9cbe230d,total_fed_ruc_net_revenue,2034,FY2034,inferred_long_run,derived,6808.99465220993,6260.378275116263,6514.624961205103,6808.99465220993,7086.650226762125,7295.928382758432,1.0,15.208561036335537,8.401023862918814,True,conditional model forecast-error band (actual-driver rolling origin)
,balanced_structural,BEFU26,ar1,delayed_6m,c4fa05fe9cbe230d,ped_vkt_per_capita,2035,FY2035,inferred_long_run,PED,5599.687448835718,4797.6476410613195,4935.651737881216,5309.90061304307,5676.928669954674,5740.652528892441,0.9482494624136745,16.8403129004493,13.237826911707073,True,conditional model forecast-error band (actual-driver rolling origin)
,balanced_structural,BEFU26,ar1,delayed_6m,c4fa05fe9cbe230d,ped_volume,2035,FY2035,inferred_long_run,PED,2700.5477626835714,2313.749958652803,2380.3048616386163,2560.792964187148,2737.798700130645,2768.530651914799,0.9482494624136745,16.840312900449288,13.23782691170706,True,conditional model forecast-error band (actual-driver rolling origin)
,balanced_structural,BEFU26,ar1,delayed_6m,c4fa05fe9cbe230d,light_petrol_vkt,2035,FY2035,inferred_long_run,PED,32451.00902298186,27803.070852023917,28602.824808299112,30771.651860823848,32898.6332138639,33267.9223108471,0.9482494624136745,16.8403129004493,13.237826911707078,True,conditional model forecast-error band (actual-driver rolling origin)
,balanced_structural,BEFU26,ar1,delayed_6m,c4fa05fe9cbe230d,gross_ped_revenue,2035,FY2035,inferred_long_run,PED,3078.8820565102224,2637.8956630148255,2713.7746011352065,2919.5482549209264,3121.3516785916368,3156.3890351669356,0.9482494624136744,16.840312900449316,13.237826911707069,True,conditional model forecast-error band (actual-driver rolling origin)
,balanced_structural,BEFU26,ar1,delayed_6m,c4fa05fe9cbe230d,fed_refunds,2035,FY2035,inferred_long_run,PED,111.445970529907,95.48363234626025,98.23021430243611,105.67858164315452,112.98323898125727,114.2514824984391,0.9482494624136745,16.840312900449298,13.237826911707073,True,conditional model forecast-error band (actual-driver rolling origin)
,balanced_structural,BEFU26,ar1,delayed_6m,c4fa05fe9cbe230d,light_ruc_net_km,2035,FY2035,inferred_long_run,LIGHT_RUC,13229.329799110064,9779.146919921355,10457.812206375762,12429.014832184133,13092.451877258616,14037.363980120384,0.9395044965180498,32.187700547653435,19.915140909557536,True,conditional model forecast-error band (actual-driver rolling origin)
,balanced_structural,BEFU26,ar1,delayed_6m,c4fa05fe9cbe230d,light_ruc_net_revenue,2035,FY2035,inferred_long_run,LIGHT_RUC,1443.3198810829158,1066.9049289634256,1140.9473117156017,1356.0055181912962,1428.3864998089227,1531.4764102311422,0.9395044965180498,32.18770054765343,19.915140909557543,True,conditional model forecast-error band (actual-driver rolling origin)
,balanced_structural,BEFU26,ar1,delayed_6m,c4fa05fe9cbe230d,light_bev_ruc_net_km,2035,FY2035,inferred_long_run,LIGHT_RUC,8161.8272756409115,6033.2389679243715,6451.941119138928,7668.073425268301,8077.380521877516,8660.343490624367,0.9395044965180499,32.18770054765342,19.91514090955753,True,conditional model forecast-error band (actual-driver rolling origin)
,balanced_structural,BEFU26,ar1,delayed_6m,c4fa05fe9cbe230d,light_bev_ruc_net_revenue,2035,FY2035,inferred_long_run,LIGHT_RUC,890.4553557724238,658.226371400549,703.9067760980573,836.586810696772,881.2422149368373,944.8434748271188,0.9395044965180499,32.187700547653435,19.915140909557522,True,conditional model forecast-error band (actual-driver rolling origin)
,balanced_structural,BEFU26,ar1,delayed_6m,c4fa05fe9cbe230d,phev_ruc_net_km,2035,FY2035,inferred_long_run,LIGHT_RUC,3557.038943726457,2629.3702673375687,2811.8465446948685,3341.854081920821,3520.235862545829,3774.299310907655,0.9395044965180499,32.18770054765342,19.91514090955753,True,conditional model forecast-error band (actual-driver rolling origin)
,balanced_structural,BEFU26,ar1,delayed_6m,c4fa05fe9cbe230d,phev_ruc_net_revenue,2035,FY2035,inferred_long_run,LIGHT_RUC,191.36869517248255,141.46012038276058,151.27734410458322,179.79174960733937,189.38868940496477,203.05730292683094,0.9395044965180498,32.18770054765342,19.915140909557543,True,conditional model forecast-error band (actual-driver rolling origin)
,balanced_structural,BEFU26,ar1,delayed_6m,c4fa05fe9cbe230d,current_light_ruc_conventional_modelled_km,2035,FY2035,inferred_long_run,LIGHT_RUC,12844.602916997665,9494.756042881347,10153.684820864019,12067.562196508165,12711.70559105724,13629.138366339714,0.9395044965180498,32.18770054765344,19.91514090955753,True,conditional model forecast-error band (actual-driver rolling origin)
,balanced_structural,BEFU26,ar1,delayed_6m,c4fa05fe9cbe230d,heavy_ruc_net_km,2035,FY2035,inferred_long_run,HEAVY_RUC,4332.904593391855,4060.91427183012,4138.73315027966,4219.432205596513,4301.9916016494735,4511.822433661359,0.9738114732624393,10.406602594456446,3.7678755174715954,True,conditional model forecast-error band (actual-driver rolling origin)
,balanced_structural,BEFU26,ar1,delayed_6m,c4fa05fe9cbe230d,heavy_ruc_net_revenue,2035,FY2035,inferred_long_run,HEAVY_RUC,1940.253012397905,1818.457106354168,1853.3040110294794,1889.4406445050895,1926.410329260625,2020.3715266813876,0.9738114732624392,10.406602594456443,3.76787551747159,True,conditional model forecast-error band (actual-driver rolling origin)
,balanced_structural,BEFU26,ar1,delayed_6m,c4fa05fe9cbe230d,heavy_bev_ruc_net_km,2035,FY2035,inferred_long_run,HEAVY_RUC_PROXY,205.343859461655,192.45376664703758,196.14173819023205,199.96620630774953,203.87883919751903,213.82308605333114,0.9738114732624392,10.406602594456432,3.7678755174715963,True,conditional model forecast-error band (actual-driver rolling origin)
,balanced_structural,BEFU26,ar1,delayed_6m,c4fa05fe9cbe230d,heavy_bev_ruc_net_revenue,2035,FY2035,inferred_long_run,HEAVY_RUC_PROXY,88.35859639470527,82.81204383899198,84.39896243472982,86.04461493052919,87.72820435586748,92.00717182382867,0.9738114732624392,10.406602594456434,3.7678755174716083,True,conditional model forecast-error band (actual-driver rolling origin)
,balanced_structural,BEFU26,ar1,delayed_6m,c4fa05fe9cbe230d,mr1_revenue,2035,FY2035,inferred_long_run,MVR_PROXY,499.647812671426,470.0388785846973,480.9308206040203,499.6478126859958,519.0932375777397,531.1218881814204,1.0000000000291602,12.225213049595004,7.637863312095685,True,conditional model forecast-error band (actual-driver rolling origin)
,balanced_structural,BEFU26,ar1,delayed_6m,c4fa05fe9cbe230d,mr2_revenue,2035,FY2035,inferred_long_run,MVR_PROXY,32.4936991760889,30.568135263390463,31.276473173501614,32.493699177036426,33.75829750161485,34.54055921536183,1.0000000000291602,12.225213049595014,7.63786331209569,True,conditional model forecast-error band (actual-driver rolling origin)
,balanced_structural,BEFU26,ar1,delayed_6m,c4fa05fe9cbe230d,ruc_admin_revenue,2035,FY2035,inferred_long_run,FIXED,48.0866744622314,48.0866744622314,48.0866744622314,48.0866744622314,48.0866744622314,48.0866744622314,1.0,0.0,0.0,True,conditional model forecast-error band (actual-driver rolling origin)
,balanced_structural,BEFU26,ar1,delayed_6m,c4fa05fe9cbe230d,ruc_refunds,2035,FY2035,inferred_long_run,FIXED,147.714765866256,147.714765866256,147.714765866256,147.714765866256,147.714765866256,147.714765866256,1.0,0.0,0.0,True,conditional model forecast-error band (actual-driver rolling origin)
,balanced_structural,BEFU26,ar1,delayed_6m,c4fa05fe9cbe230d,mvr_admin_revenue,2035,FY2035,inferred_long_run,FIXED,69.6937645219894,69.6937645219894,69.6937645219894,69.6937645219894,69.6937645219894,69.6937645219894,1.0,0.0,0.0,True,conditional model forecast-error band (actual-driver rolling origin)
,balanced_structural,BEFU26,ar1,delayed_6m,c4fa05fe9cbe230d,mvr_refunds,2035,FY2035,inferred_long_run,FIXED,2.00066993516834,2.00066993516834,2.00066993516834,2.00066993516834,2.00066993516834,2.00066993516834,1.0,0.0,0.0,True,conditional model forecast-error band (actual-driver rolling origin)
,balanced_structural,BEFU26,ar1,delayed_6m,c4fa05fe9cbe230d,coo_revenue,2035,FY2035,inferred_long_run,FIXED,0.0,0.0,0.0,0.0,0.0,0.0,,,,True,conditional model forecast-error band (actual-driver rolling origin)
,balanced_structural,BEFU26,ar1,delayed_6m,c4fa05fe9cbe230d,gross_lpg_revenue,2035,FY2035,inferred_long_run,FIXED,44.0215466525324,44.0215466525324,44.0215466525324,44.0215466525324,44.0215466525324,44.0215466525324,1.0,0.0,0.0,True,conditional model forecast-error band (actual-driver rolling origin)
,balanced_structural,BEFU26,ar1,delayed_6m,c4fa05fe9cbe230d,gross_cng_revenue,2035,FY2035,inferred_long_run,FIXED,0.0,0.0,0.0,0.0,0.0,0.0,,,,True,conditional model forecast-error band (actual-driver rolling origin)
,balanced_structural,BEFU26,ar1,delayed_6m,c4fa05fe9cbe230d,tuc_net_revenue,2035,FY2035,inferred_long_run,FIXED,17.5578996928248,17.5578996928248,17.5578996928248,17.5578996928248,17.5578996928248,17.5578996928248,1.0,0.0,0.0,True,conditional model forecast-error band (actual-driver rolling origin)
,balanced_structural,BEFU26,ar1,delayed_6m,c4fa05fe9cbe230d,gross_ruc_revenue,2035,FY2035,inferred_long_run,derived,4701.470306686689,3938.8461040390066,4117.766658048753,4477.64887805294,4665.025675654006,4885.962533278837,0.9523933122973429,20.145111368517842,11.640167477542311,True,conditional model forecast-error band (actual-driver rolling origin)
,balanced_structural,BEFU26,ar1,delayed_6m,c4fa05fe9cbe230d,ruc_revenue_net_admin,2035,FY2035,inferred_long_run,derived,4653.383632224457,3890.7594295767753,4069.6799835865213,4429.562203590708,4616.939001191774,4837.875858816606,0.9519013590274835,20.353284923278082,11.760453486265572,True,conditional model forecast-error band (actual-driver rolling origin)
,balanced_structural,BEFU26,ar1,delayed_6m,c4fa05fe9cbe230d,total_ruc_net_revenue,2035,FY2035,inferred_long_run,derived,4505.668866358201,3743.044663710519,3921.965217720265,4281.847437724452,4469.224235325518,4690.1610929503495,0.9503244833847151,21.020551161926743,12.146010588824872,True,conditional model forecast-error band (actual-driver rolling origin)
,balanced_structural,BEFU26,ar1,delayed_6m,c4fa05fe9cbe230d,gross_fed_revenue,2035,FY2035,inferred_long_run,derived,3122.9036031627547,2681.917209667358,2757.796147787739,2963.569801573459,3165.373225244169,3200.410581819468,0.9489789561778568,16.602925931719454,13.051221851473485,True,conditional model forecast-error band (actual-driver rolling origin)
,balanced_structural,BEFU26,ar1,delayed_6m,c4fa05fe9cbe230d,net_fed_revenue,2035,FY2035,inferred_long_run,derived,3011.457632632848,2586.433577321098,2659.5659334853026,2857.8912199303045,3052.389986262912,3086.159099321029,0.9490059527856336,16.594140876656883,13.044316098651942,True,conditional model forecast-error band (actual-driver rolling origin)
,balanced_structural,BEFU26,ar1,delayed_6m,c4fa05fe9cbe230d,gross_mvr_revenue,2035,FY2035,inferred_long_run,derived,532.1415118475148,500.6070138480877,512.207293777522,532.1415118630323,552.8515350793546,565.6624473967823,1.0000000000291605,12.225213049595022,7.637863312095678,True,conditional model forecast-error band (actual-driver rolling origin)
,balanced_structural,BEFU26,ar1,delayed_6m,c4fa05fe9cbe230d,mvr_revenue_net_admin_coo,2035,FY2035,inferred_long_run,derived,462.4477473255255,430.9132493260983,442.51352925553255,462.4477473410428,483.1577705573651,495.9686828747929,1.0000000000335547,14.067629029426506,8.788937028429793,True,conditional model forecast-error band (actual-driver rolling origin)
,balanced_structural,BEFU26,ar1,delayed_6m,c4fa05fe9cbe230d,net_mvr_revenue,2035,FY2035,inferred_long_run,derived,460.4470773903571,428.91257939093,440.5128593203642,460.4470774058745,481.1571006221968,493.96801293962454,1.0000000000337008,14.128753714195469,8.827125482517788,True,conditional model forecast-error band (actual-driver rolling origin)
,balanced_structural,BEFU26,ar1,delayed_6m,c4fa05fe9cbe230d,total_gross_revenue,2035,FY2035,inferred_long_run,derived,8374.073321389784,7373.1430757336775,7646.8185018279,7967.036758641368,8263.471660066323,8489.296553632457,0.9513932411233219,13.328680500656757,7.363837580252782,True,conditional model forecast-error band (actual-driver rolling origin)
,balanced_structural,BEFU26,ar1,delayed_6m,c4fa05fe9cbe230d,total_admin_fees,2035,FY2035,inferred_long_run,derived,117.7804389842208,117.7804389842208,117.7804389842208,117.7804389842208,117.7804389842208,117.7804389842208,1.0,0.0,0.0,True,conditional model forecast-error band (actual-driver rolling origin)
,balanced_structural,BEFU26,ar1,delayed_6m,c4fa05fe9cbe230d,total_revenue_net_admin,2035,FY2035,inferred_long_run,derived,8256.292882405563,7255.362636749457,7529.03806284368,7849.256319657147,8145.691221082103,8371.516114648237,0.9506998396803698,13.518821265138744,7.468886666466638,True,conditional model forecast-error band (actual-driver rolling origin)
,balanced_structural,BEFU26,ar1,delayed_6m,c4fa05fe9cbe230d,total_refunds,2035,FY2035,inferred_long_run,derived,261.1614063313313,245.19906814768456,247.94565010386043,255.39401744457882,262.6986747826816,263.9669182998634,0.9779163814141991,7.1863030666822,5.6490064462680465,True,conditional model forecast-error band (actual-driver rolling origin)
,balanced_structural,BEFU26,ar1,delayed_6m,c4fa05fe9cbe230d,total_nltf_net_revenue,2035,FY2035,inferred_long_run,derived,7995.1314760742325,7003.960422876809,7274.510095760885,7593.660209461579,7885.269796533102,8109.561256466555,0.9497855328815952,13.828425922679356,7.6391451797877385,True,conditional model forecast-error band (actual-driver rolling origin)
,balanced_structural,BEFU26,ar1,delayed_6m,c4fa05fe9cbe230d,total_fed_ruc_net_revenue,2035,FY2035,inferred_long_run,derived,7114.92558257298,6528.241642568756,6796.966534664296,7114.92558257298,7407.538513900245,7630.983874801183,1.0,15.498998822045884,8.581565220182481,True,conditional model forecast-error band (actual-driver rolling origin)
,balanced_structural,BEFU26,ar1,delayed_6m,c4fa05fe9cbe230d,ped_vkt_per_capita,2036,FY2036,inferred_long_run,PED,5464.164898051314,4681.535902321937,4816.200050726746,5181.391427116829,5539.536742101033,5601.718368550295,0.9482494624136745,16.840312900449305,13.23782691170706,True,conditional model forecast-error band (actual-driver rolling origin)
,balanced_structural,BEFU26,ar1,delayed_6m,c4fa05fe9cbe230d,ped_volume,2036,FY2036,inferred_long_run,PED,2624.5540358479034,2248.6407668238185,2313.3228071308204,2488.7319535684137,2660.756727600588,2690.6238787019756,0.9482494624136744,16.840312900449298,13.237826911707064,True,conditional model forecast-error band (actual-driver rolling origin)
,balanced_structural,BEFU26,ar1,delayed_6m,c4fa05fe9cbe230d,light_petrol_vkt,2036,FY2036,inferred_long_run,PED,31871.460377687174,27306.530604664855,28092.001605313,30222.095169480584,32311.090364344527,32673.784258210093,0.9482494624136744,16.84031290044929,13.23782691170707,True,conditional model forecast-error band (actual-driver rolling origin)
,balanced_structural,BEFU26,ar1,delayed_6m,c4fa05fe9cbe230d,gross_ped_revenue,2036,FY2036,inferred_long_run,PED,3097.171219243684,2653.5652801580864,2729.894954039648,2936.890943650928,3139.893119202334,3175.1386045413833,0.9482494624136745,16.840312900449298,13.237826911707067,True,conditional model forecast-error band (actual-driver rolling origin)
,balanced_structural,BEFU26,ar1,delayed_6m,c4fa05fe9cbe230d,fed_refunds,2036,FY2036,inferred_long_run,PED,111.176191918272,95.25249396013682,97.99242723208161,105.42276421970092,112.70973908524974,113.97491254997786,0.9482494624136745,16.84031290044931,13.237826911707083,True,conditional model forecast-error band (actual-driver rolling origin)
,balanced_structural,BEFU26,ar1,delayed_6m,c4fa05fe9cbe230d,light_ruc_net_km,2036,FY2036,inferred_long_run,LIGHT_RUC,12816.296439651014,9473.831838483862,10131.30849274986,12040.968133760402,12683.691988092964,13599.1029577783,0.9395044965180499,32.187700547653435,19.915140909557522,True,conditional model forecast-error band (actual-driver rolling origin)
,balanced_structural,BEFU26,ar1,delayed_6m,c4fa05fe9cbe230d,light_ruc_net_revenue,2036,FY2036,inferred_long_run,LIGHT_RUC,1447.2802754475974,1069.832460360795,1144.0780115437833,1359.7263265048996,1432.3059177554046,1535.6787015071213,0.9395044965180499,32.18770054765342,19.915140909557525,True,conditional model forecast-error band (actual-driver rolling origin)
,balanced_structural,BEFU26,ar1,delayed_6m,c4fa05fe9cbe230d,light_bev_ruc_net_km,2036,FY2036,inferred_long_run,LIGHT_RUC,9659.59907412921,7140.3948626180845,7635.932782696214,9075.236764705984,9559.65554960736,10249.597686702698,0.9395044965180498,32.187700547653435,19.915140909557515,True,conditional model forecast-error band (actual-driver rolling origin)
,balanced_structural,BEFU26,ar1,delayed_6m,c4fa05fe9cbe230d,light_bev_ruc_net_revenue,2036,FY2036,inferred_long_run,LIGHT_RUC,1090.810225446041,806.329089861147,862.2877094859698,1024.821111654423,1079.524102939411,1157.435818770902,0.9395044965180498,32.18770054765343,19.915140909557532,True,conditional model forecast-error band (actual-driver rolling origin)
,balanced_structural,BEFU26,ar1,delayed_6m,c4fa05fe9cbe230d,phev_ruc_net_km,2036,FY2036,inferred_long_run,LIGHT_RUC,3808.0126087993253,2814.890500111856,3010.241739155472,3577.644968764396,3768.6128160515755,4040.602195449068,0.9395044965180499,32.18770054765343,19.915140909557536,True,conditional model forecast-error band (actual-driver rolling origin)
,balanced_structural,BEFU26,ar1,delayed_6m,c4fa05fe9cbe230d,phev_ruc_net_revenue,2036,FY2036,inferred_long_run,LIGHT_RUC,212.04918212098988,156.7471774987283,167.62531124487205,199.22116008564484,209.85520466183146,225.00093325358077,0.9395044965180498,32.18770054765343,19.915140909557532,True,conditional model forecast-error band (actual-driver rolling origin)
,balanced_structural,BEFU26,ar1,delayed_6m,c4fa05fe9cbe230d,current_light_ruc_conventional_modelled_km,2036,FY2036,inferred_long_run,LIGHT_RUC,12443.581128722195,9198.319938771281,9836.676278773552,11690.800423221652,12314.832994753686,13203.622569888694,0.9395044965180498,32.18770054765343,19.91514090955753,True,conditional model forecast-error band (actual-driver rolling origin)
,balanced_structural,BEFU26,ar1,delayed_6m,c4fa05fe9cbe230d,heavy_ruc_net_km,2036,FY2036,inferred_long_run,HEAVY_RUC,4320.191418294555,4048.9991435183547,4126.589693601487,4207.051969825167,4289.369128359317,4498.58429574008,0.9738114732624392,10.406602594456434,3.767875517471612,True,conditional model forecast-error band (actual-driver rolling origin)
,balanced_structural,BEFU26,ar1,delayed_6m,c4fa05fe9cbe230d,heavy_ruc_net_revenue,2036,FY2036,inferred_long_run,HEAVY_RUC,2002.4303233366143,1876.731348016472,1912.6949559327543,1949.989623273811,1988.144037840182,2085.116313997002,0.9738114732624393,10.406602594456414,3.7678755174715968,True,conditional model forecast-error band (actual-driver rolling origin)
,balanced_structural,BEFU26,ar1,delayed_6m,c4fa05fe9cbe230d,heavy_bev_ruc_net_km,2036,FY2036,inferred_long_run,HEAVY_RUC_PROXY,235.604382962282,220.8147400098391,225.04618994018898,229.43425127958778,233.9234698039148,245.33315183984504,0.9738114732624393,10.406602594456443,3.7678755174715852,True,conditional model forecast-error band (actual-driver rolling origin)
,balanced_structural,BEFU26,ar1,delayed_6m,c4fa05fe9cbe230d,heavy_bev_ruc_net_revenue,2036,FY2036,inferred_long_run,HEAVY_RUC_PROXY,104.12999339197631,97.59341965109599,99.46359221641855,101.40298227584853,103.3870807437796,108.42981424503272,0.9738114732624393,10.406602594456444,3.7678755174715888,True,conditional model forecast-error band (actual-driver rolling origin)
,balanced_structural,BEFU26,ar1,delayed_6m,c4fa05fe9cbe230d,mr1_revenue,2036,FY2036,inferred_long_run,MVR_PROXY,496.323673046758,466.911726174915,477.7312044805225,496.3236730612309,515.6397282134066,527.5883526204565,1.0000000000291602,12.225213049595002,7.6378633120956865,True,conditional model forecast-error band (actual-driver rolling origin)
,balanced_structural,BEFU26,ar1,delayed_6m,c4fa05fe9cbe230d,mr2_revenue,2036,FY2036,inferred_long_run,MVR_PROXY,32.5490556715397,30.620211354557465,31.329755994135958,32.549055672488834,33.815808375706084,34.59940275603448,1.0000000000291602,12.225213049595002,7.6378633120956705,True,conditional model forecast-error band (actual-driver rolling origin)
,balanced_structural,BEFU26,ar1,delayed_6m,c4fa05fe9cbe230d,ruc_admin_revenue,2036,FY2036,inferred_long_run,FIXED,50.1356112200263,50.1356112200263,50.1356112200263,50.1356112200263,50.1356112200263,50.1356112200263,1.0,0.0,0.0,True,conditional model forecast-error band (actual-driver rolling origin)
,balanced_structural,BEFU26,ar1,delayed_6m,c4fa05fe9cbe230d,ruc_refunds,2036,FY2036,inferred_long_run,FIXED,156.614633426614,156.614633426614,156.614633426614,156.614633426614,156.614633426614,156.614633426614,1.0,0.0,0.0,True,conditional model forecast-error band (actual-driver rolling origin)
,balanced_structural,BEFU26,ar1,delayed_6m,c4fa05fe9cbe230d,mvr_admin_revenue,2036,FY2036,inferred_long_run,FIXED,69.4542120353986,69.4542120353986,69.4542120353986,69.4542120353986,69.4542120353986,69.4542120353986,1.0,0.0,0.0,True,conditional model forecast-error band (actual-driver rolling origin)
,balanced_structural,BEFU26,ar1,delayed_6m,c4fa05fe9cbe230d,mvr_refunds,2036,FY2036,inferred_long_run,FIXED,2.01385527260378,2.01385527260378,2.01385527260378,2.01385527260378,2.01385527260378,2.01385527260378,1.0,0.0,0.0,True,conditional model forecast-error band (actual-driver rolling origin)
,balanced_structural,BEFU26,ar1,delayed_6m,c4fa05fe9cbe230d,coo_revenue,2036,FY2036,inferred_long_run,FIXED,0.0,0.0,0.0,0.0,0.0,0.0,,,,True,conditional model forecast-error band (actual-driver rolling origin)
,balanced_structural,BEFU26,ar1,delayed_6m,c4fa05fe9cbe230d,gross_lpg_revenue,2036,FY2036,inferred_long_run,FIXED,44.1521704507391,44.1521704507391,44.1521704507391,44.1521704507391,44.1521704507391,44.1521704507391,1.0,0.0,0.0,True,conditional model forecast-error band (actual-driver rolling origin)
,balanced_structural,BEFU26,ar1,delayed_6m,c4fa05fe9cbe230d,gross_cng_revenue,2036,FY2036,inferred_long_run,FIXED,0.0,0.0,0.0,0.0,0.0,0.0,,,,True,conditional model forecast-error band (actual-driver rolling origin)
,balanced_structural,BEFU26,ar1,delayed_6m,c4fa05fe9cbe230d,tuc_net_revenue,2036,FY2036,inferred_long_run,FIXED,17.5578996928248,17.5578996928248,17.5578996928248,17.5578996928248,17.5578996928248,17.5578996928248,1.0,0.0,0.0,True,conditional model forecast-error band (actual-driver rolling origin)
,balanced_structural,BEFU26,ar1,delayed_6m,c4fa05fe9cbe230d,gross_ruc_revenue,2036,FY2036,inferred_long_run,derived,5013.314633169833,4187.905294173808,4380.24213903347,4772.923397936782,4973.924865163436,5210.938022179872,0.9520494417720087,20.406314042955202,11.84211982631121,True,conditional model forecast-error band (actual-driver rolling origin)
,balanced_structural,BEFU26,ar1,delayed_6m,c4fa05fe9cbe230d,ruc_revenue_net_admin,2036,FY2036,inferred_long_run,derived,4963.179021949806,4137.769682953782,4330.106527813444,4722.787786716755,4923.78925394341,5160.8024109598455,0.9515650686445294,20.61244866408548,11.9617431389113,True,conditional model forecast-error band (actual-driver rolling origin)
,balanced_structural,BEFU26,ar1,delayed_6m,c4fa05fe9cbe230d,total_ruc_net_revenue,2036,FY2036,inferred_long_run,derived,4806.564388523192,3981.155049527168,4173.49189438683,4566.173153290141,4767.174620516796,5004.187777533231,0.9499868896363811,21.284074139291583,12.35149845381295,True,conditional model forecast-error band (actual-driver rolling origin)
,balanced_structural,BEFU26,ar1,delayed_6m,c4fa05fe9cbe230d,gross_fed_revenue,2036,FY2036,inferred_long_run,derived,3141.323389694423,2697.7174506088254,2774.0471244903865,2981.043114101667,3184.0452896530733,3219.2907749921224,0.9489768305553706,16.60361763753441,13.051765587323692,True,conditional model forecast-error band (actual-driver rolling origin)
,balanced_structural,BEFU26,ar1,delayed_6m,c4fa05fe9cbe230d,net_fed_revenue,2036,FY2036,inferred_long_run,derived,3030.147197776151,2602.4649566486883,2676.054697258305,2875.620349881966,3071.3355505678237,3105.3158624421444,0.9490035177143891,16.59493328121163,13.044938991730115,True,conditional model forecast-error band (actual-driver rolling origin)
,balanced_structural,BEFU26,ar1,delayed_6m,c4fa05fe9cbe230d,gross_mvr_revenue,2036,FY2036,inferred_long_run,derived,528.8727287182977,497.53193752947243,509.06096047465843,528.8727287337198,549.4555365891126,562.187755376491,1.0000000000291602,12.225213049595025,7.637863312095684,True,conditional model forecast-error band (actual-driver rolling origin)
,balanced_structural,BEFU26,ar1,delayed_6m,c4fa05fe9cbe230d,mvr_revenue_net_admin_coo,2036,FY2036,inferred_long_run,derived,459.4185166828991,428.07772549407383,439.60674843925983,459.4185166983212,480.00132455371397,492.73354334109246,1.0000000000335687,14.073402681687188,8.792544193932734,True,conditional model forecast-error band (actual-driver rolling origin)
,balanced_structural,BEFU26,ar1,delayed_6m,c4fa05fe9cbe230d,net_mvr_revenue,2036,FY2036,inferred_long_run,derived,457.4046614102953,426.06387022147004,437.59289316665604,457.4046614257174,477.9874692811102,490.71968806848867,1.0000000000337166,14.135364875309367,8.831255892737811,True,conditional model forecast-error band (actual-driver rolling origin)
,balanced_structural,BEFU26,ar1,delayed_6m,c4fa05fe9cbe230d,total_gross_revenue,2036,FY2036,inferred_long_run,derived,8701.068651275378,7640.350860600186,7926.893131712346,8274.037000665658,8585.007601688198,8825.45978313921,0.9509219306588131,13.620268613388236,7.5636050737214555,True,conditional model forecast-error band (actual-driver rolling origin)
,balanced_structural,BEFU26,ar1,delayed_6m,c4fa05fe9cbe230d,total_admin_fees,2036,FY2036,inferred_long_run,derived,119.5898232554249,119.5898232554249,119.5898232554249,119.5898232554249,119.5898232554249,119.5898232554249,1.0,0.0,0.0,True,conditional model forecast-error band (actual-driver rolling origin)
,balanced_structural,BEFU26,ar1,delayed_6m,c4fa05fe9cbe230d,total_revenue_net_admin,2036,FY2036,inferred_long_run,derived,8581.478828019954,7520.7610373447615,7807.3033084569215,8154.447177410233,8465.417778432773,8705.869959883785,0.950237988210681,13.810078033047706,7.6690100059094535,True,conditional model forecast-error band (actual-driver rolling origin)
,balanced_structural,BEFU26,ar1,delayed_6m,c4fa05fe9cbe230d,total_refunds,2036,FY2036,inferred_long_run,derived,269.8046806174898,253.88098265935463,256.6209159312994,264.05125291891875,271.3382277844675,272.60340124919566,0.9786755823308794,6.9392489956037355,5.454802273809799,True,conditional model forecast-error band (actual-driver rolling origin)
,balanced_structural,BEFU26,ar1,delayed_6m,c4fa05fe9cbe230d,total_nltf_net_revenue,2036,FY2036,inferred_long_run,derived,8311.674147402464,7261.350626690525,7543.336844982354,7891.00598584888,8197.086392434521,8435.854955412378,0.949388275563588,14.130779285770068,7.8654376465958435,True,conditional model forecast-error band (actual-driver rolling origin)
,balanced_structural,BEFU26,ar1,delayed_6m,c4fa05fe9cbe230d,total_fed_ruc_net_revenue,2036,FY2036,inferred_long_run,derived,7416.934337606761,6785.734266388765,7069.543289289079,7416.934337606761,7723.0673692492155,7962.103094285206,1.0,15.860580319981942,8.811242626842645,True,conditional model forecast-error band (actual-driver rolling origin)
,balanced_structural,BEFU26,ar1,delayed_6m,c4fa05fe9cbe230d,ped_vkt_per_capita,2037,FY2037,inferred_long_run,PED,5282.295459614382,4525.715512296506,4655.89749489832,5008.933829889531,5355.1586248070325,5415.270596021795,0.9482494624136745,16.84031290044932,13.237826911707065,True,conditional model forecast-error band (actual-driver rolling origin)
,balanced_structural,BEFU26,ar1,delayed_6m,c4fa05fe9cbe230d,ped_volume,2037,FY2037,inferred_long_run,PED,2526.6774970584042,2164.7830248106775,2227.052901321232,2395.92057827836,2561.5300949988764,2590.283421300554,0.9482494624136744,16.840312900449323,13.237826911707078,True,conditional model forecast-error band (actual-driver rolling origin)
,balanced_structural,BEFU26,ar1,delayed_6m,c4fa05fe9cbe230d,light_petrol_vkt,2037,FY2037,inferred_long_run,PED,31010.915411625287,26569.240967666912,27333.503868416738,29406.083868029607,31438.675174343585,31791.576156278268,0.9482494624136744,16.84031290044931,13.23782691170707,True,conditional model forecast-error band (actual-driver rolling origin)
,balanced_structural,BEFU26,ar1,delayed_6m,c4fa05fe9cbe230d,gross_ped_revenue,2037,FY2037,inferred_long_run,PED,3082.643743036413,2641.1185654810233,2717.0902102312493,2923.115272147156,3125.165253238978,3160.2454174144777,0.9482494624136745,16.840312900449305,13.237826911707078,True,conditional model forecast-error band (actual-driver rolling origin)
,balanced_structural,BEFU26,ar1,delayed_6m,c4fa05fe9cbe230d,fed_refunds,2037,FY2037,inferred_long_run,PED,110.042913972117,94.28153472094432,96.99353839845479,104.34813401649417,111.56082887868234,112.81310575862106,0.9482494624136744,16.840312900449295,13.237826911707062,True,conditional model forecast-error band (actual-driver rolling origin)
,balanced_structural,BEFU26,ar1,delayed_6m,c4fa05fe9cbe230d,light_ruc_net_km,2037,FY2037,inferred_long_run,LIGHT_RUC,12349.522553179142,9128.791652510256,9762.322782839492,11602.431968562872,12221.747600962706,13103.81899099248,0.9395044965180499,32.187700547653414,19.91514090955754,True,conditional model forecast-error band (actual-driver rolling origin)
,balanced_structural,BEFU26,ar1,delayed_6m,c4fa05fe9cbe230d,light_ruc_net_revenue,2037,FY2037,inferred_long_run,LIGHT_RUC,1441.8685056964368,1065.8320693888393,1139.7999965104298,1354.6419444895637,1426.9501411504068,1529.9363862933337,0.9395044965180498,32.18770054765344,19.915140909557536,True,conditional model forecast-error band (actual-driver rolling origin)
,balanced_structural,BEFU26,ar1,delayed_6m,c4fa05fe9cbe230d,light_bev_ruc_net_km,2037,FY2037,inferred_long_run,LIGHT_RUC,11399.789701220574,8426.74723793957,9011.557025024875,10710.153683656885,11281.841207416179,12096.077410030683,0.9395044965180498,32.18770054765342,19.915140909557525,True,conditional model forecast-error band (actual-driver rolling origin)
,balanced_structural,BEFU26,ar1,delayed_6m,c4fa05fe9cbe230d,light_bev_ruc_net_revenue,2037,FY2037,inferred_long_run,LIGHT_RUC,1330.9824465660054,983.8648737656323,1052.1443404567772,1250.463993335357,1317.2113701718733,1412.2775180081296,0.9395044965180498,32.18770054765344,19.915140909557525,True,conditional model forecast-error band (actual-driver rolling origin)
,balanced_structural,BEFU26,ar1,delayed_6m,c4fa05fe9cbe230d,phev_ruc_net_km,2037,FY2037,inferred_long_run,LIGHT_RUC,3986.5925396709536,2946.897140467933,3151.4095389792155,3745.421616806173,3945.3450607445943,4230.089609192311,0.9395044965180499,32.187700547653435,19.915140909557536,True,conditional model forecast-error band (actual-driver rolling origin)
,balanced_structural,BEFU26,ar1,delayed_6m,c4fa05fe9cbe230d,phev_ruc_net_revenue,2037,FY2037,inferred_long_run,LIGHT_RUC,229.5280654715555,169.6676028624415,181.4424042067286,215.64264958761572,227.15324187237036,243.54740924924766,0.9395044965180498,32.18770054765342,19.915140909557532,True,conditional model forecast-error band (actual-driver rolling origin)
,balanced_structural,BEFU26,ar1,delayed_6m,c4fa05fe9cbe230d,current_light_ruc_conventional_modelled_km,2037,FY2037,inferred_long_run,LIGHT_RUC,11990.381660963953,8863.313990130091,9478.421174560794,11265.017485443197,11866.322577935509,12722.742133681922,0.9395044965180499,32.187700547653435,19.915140909557525,True,conditional model forecast-error band (actual-driver rolling origin)
,balanced_structural,BEFU26,ar1,delayed_6m,c4fa05fe9cbe230d,heavy_ruc_net_km,2037,FY2037,inferred_long_run,HEAVY_RUC,4293.526166490142,4024.0077551135346,4101.119397816117,4181.085041680599,4262.894119079536,4470.817960549164,0.9738114732624394,10.406602594456448,3.7678755174715897,True,conditional model forecast-error band (actual-driver rolling origin)
,balanced_structural,BEFU26,ar1,delayed_6m,c4fa05fe9cbe230d,heavy_ruc_net_revenue,2037,FY2037,inferred_long_run,HEAVY_RUC,2057.522141874573,1928.3648763667325,1965.3179322244507,2003.6386682489679,2042.8428052747,2142.4830289645674,0.9738114732624393,10.406602594456437,3.767875517471594,True,conditional model forecast-error band (actual-driver rolling origin)
,balanced_structural,BEFU26,ar1,delayed_6m,c4fa05fe9cbe230d,heavy_bev_ruc_net_km,2037,FY2037,inferred_long_run,HEAVY_RUC_PROXY,268.170316374363,251.33640530805053,256.1527387407179,261.14733087377283,266.2570624365136,279.243824409427,0.9738114732624392,10.406602594456436,3.767875517471579,True,conditional model forecast-error band (actual-driver rolling origin)
,balanced_structural,BEFU26,ar1,delayed_6m,c4fa05fe9cbe230d,heavy_bev_ruc_net_revenue,2037,FY2037,inferred_long_run,HEAVY_RUC_PROXY,121.59694248234337,113.963912311973,116.14779092801741,118.41249770293888,120.72941235380367,126.61802288312026,0.9738114732624392,10.406602594456446,3.7678755174716114,True,conditional model forecast-error band (actual-driver rolling origin)
,balanced_structural,BEFU26,ar1,delayed_6m,c4fa05fe9cbe230d,mr1_revenue,2037,FY2037,inferred_long_run,MVR_PROXY,493.242012398015,464.01268353171963,474.76498398072874,493.242012412398,512.4381346855191,524.3125703974868,1.0000000000291602,12.225213049595,7.637863312095672,True,conditional model forecast-error band (actual-driver rolling origin)
,balanced_structural,BEFU26,ar1,delayed_6m,c4fa05fe9cbe230d,mr2_revenue,2037,FY2037,inferred_long_run,MVR_PROXY,32.599104439525,30.667294252114004,31.377929916740957,32.5991044404756,33.86780495479919,34.65260422210592,1.0000000000291602,12.22521304959501,7.637863312095678,True,conditional model forecast-error band (actual-driver rolling origin)
,balanced_structural,BEFU26,ar1,delayed_6m,c4fa05fe9cbe230d,ruc_admin_revenue,2037,FY2037,inferred_long_run,FIXED,52.4092761671738,52.4092761671738,52.4092761671738,52.4092761671738,52.4092761671738,52.4092761671738,1.0,0.0,0.0,True,conditional model forecast-error band (actual-driver rolling origin)
,balanced_structural,BEFU26,ar1,delayed_6m,c4fa05fe9cbe230d,ruc_refunds,2037,FY2037,inferred_long_run,FIXED,166.389578574303,166.389578574303,166.389578574303,166.389578574303,166.389578574303,166.389578574303,1.0,0.0,0.0,True,conditional model forecast-error band (actual-driver rolling origin)
,balanced_structural,BEFU26,ar1,delayed_6m,c4fa05fe9cbe230d,mvr_admin_revenue,2037,FY2037,inferred_long_run,FIXED,69.2308810457719,69.2308810457719,69.2308810457719,69.2308810457719,69.2308810457719,69.2308810457719,1.0,0.0,0.0,True,conditional model forecast-error band (actual-driver rolling origin)
,balanced_structural,BEFU26,ar1,delayed_6m,c4fa05fe9cbe230d,mvr_refunds,2037,FY2037,inferred_long_run,FIXED,2.02793951629894,2.02793951629894,2.02793951629894,2.02793951629894,2.02793951629894,2.02793951629894,1.0,0.0,0.0,True,conditional model forecast-error band (actual-driver rolling origin)
,balanced_structural,BEFU26,ar1,delayed_6m,c4fa05fe9cbe230d,coo_revenue,2037,FY2037,inferred_long_run,FIXED,0.0,0.0,0.0,0.0,0.0,0.0,,,,True,conditional model forecast-error band (actual-driver rolling origin)
,balanced_structural,BEFU26,ar1,delayed_6m,c4fa05fe9cbe230d,gross_lpg_revenue,2037,FY2037,inferred_long_run,FIXED,44.2764560365186,44.2764560365186,44.2764560365186,44.2764560365186,44.2764560365186,44.2764560365186,1.0,0.0,0.0,True,conditional model forecast-error band (actual-driver rolling origin)
,balanced_structural,BEFU26,ar1,delayed_6m,c4fa05fe9cbe230d,gross_cng_revenue,2037,FY2037,inferred_long_run,FIXED,0.0,0.0,0.0,0.0,0.0,0.0,,,,True,conditional model forecast-error band (actual-driver rolling origin)
,balanced_structural,BEFU26,ar1,delayed_6m,c4fa05fe9cbe230d,tuc_net_revenue,2037,FY2037,inferred_long_run,FIXED,17.5578996928248,17.5578996928248,17.5578996928248,17.5578996928248,17.5578996928248,17.5578996928248,1.0,0.0,0.0,True,conditional model forecast-error band (actual-driver rolling origin)
,balanced_structural,BEFU26,ar1,delayed_6m,c4fa05fe9cbe230d,gross_ruc_revenue,2037,FY2037,inferred_long_run,derived,5347.887680665217,4452.836630197839,4660.38994620847,5089.726612866592,5304.413690941309,5560.803053483532,0.9517265351828571,20.717832711622574,12.042581729254453,True,conditional model forecast-error band (actual-driver rolling origin)
,balanced_structural,BEFU26,ar1,delayed_6m,c4fa05fe9cbe230d,ruc_revenue_net_admin,2037,FY2037,inferred_long_run,derived,5295.478404498043,4400.427354030666,4607.9806700412955,5037.317336699418,5252.0044147741355,5508.393777316358,0.9512487733725171,20.922876814011214,12.1617669932484,True,conditional model forecast-error band (actual-driver rolling origin)
,balanced_structural,BEFU26,ar1,delayed_6m,c4fa05fe9cbe230d,total_ruc_net_revenue,2037,FY2037,inferred_long_run,derived,5129.088825923741,4234.037775456362,4441.591091466993,4870.927758125115,5085.614836199832,5342.0041987420545,0.9496672651692416,21.601622839630764,12.556299307545165,True,conditional model forecast-error band (actual-driver rolling origin)
,balanced_structural,BEFU26,ar1,delayed_6m,c4fa05fe9cbe230d,gross_fed_revenue,2037,FY2037,inferred_long_run,derived,3126.9201990729316,2685.395021517542,2761.366666267768,2967.3917281836743,3169.4417092754966,3204.5218734509963,0.9489822378784869,16.601858022707617,13.050382389954008,True,conditional model forecast-error band (actual-driver rolling origin)
,balanced_structural,BEFU26,ar1,delayed_6m,c4fa05fe9cbe230d,net_fed_revenue,2037,FY2037,inferred_long_run,derived,3016.877285100815,2591.1134867965975,2664.3731278693135,2863.0435941671803,3057.880880396814,3091.708767692375,0.9490089664258605,16.593160198063853,13.04354520718766,True,conditional model forecast-error band (actual-driver rolling origin)
,balanced_structural,BEFU26,ar1,delayed_6m,c4fa05fe9cbe230d,gross_mvr_revenue,2037,FY2037,inferred_long_run,derived,525.84111683754,494.6799777838336,506.14291389746967,525.8411168528736,546.3059396403185,558.9651746195926,1.0000000000291602,12.225213049595006,7.637863312095707,True,conditional model forecast-error band (actual-driver rolling origin)
,balanced_structural,BEFU26,ar1,delayed_6m,c4fa05fe9cbe230d,mvr_revenue_net_admin_coo,2037,FY2037,inferred_long_run,derived,456.6102357917681,425.44909673806166,436.91203285169775,456.61023580710173,477.07505859454653,489.73429357382076,1.0000000000335814,14.078790135811944,8.795910077049756,True,conditional model forecast-error band (actual-driver rolling origin)
,balanced_structural,BEFU26,ar1,delayed_6m,c4fa05fe9cbe230d,net_mvr_revenue,2037,FY2037,inferred_long_run,derived,454.58229627546916,423.4211572217627,434.8840933353988,454.5822962908028,475.0471190782476,487.7063540575218,1.0000000000337312,14.141597101881716,8.835149558598443,True,conditional model forecast-error band (actual-driver rolling origin)
,balanced_structural,BEFU26,ar1,delayed_6m,c4fa05fe9cbe230d,total_gross_revenue,2037,FY2037,inferred_long_run,derived,9018.206896268513,7892.574128926534,8192.200819806938,8572.06415647858,8897.319894520502,9154.571058414624,0.950528664409492,13.99387865020339,7.81883896459864,True,conditional model forecast-error band (actual-driver rolling origin)
,balanced_structural,BEFU26,ar1,delayed_6m,c4fa05fe9cbe230d,total_admin_fees,2037,FY2037,inferred_long_run,derived,121.6401572129457,121.6401572129457,121.6401572129457,121.6401572129457,121.6401572129457,121.6401572129457,1.0,0.0,0.0,True,conditional model forecast-error band (actual-driver rolling origin)
,balanced_structural,BEFU26,ar1,delayed_6m,c4fa05fe9cbe230d,total_revenue_net_admin,2037,FY2037,inferred_long_run,derived,8896.566739055568,7770.933971713589,8070.560662593993,8450.423999265635,8775.679737307557,9032.930901201678,0.9498522572947848,14.185212863609216,7.925743664891761,True,conditional model forecast-error band (actual-driver rolling origin)
,balanced_structural,BEFU26,ar1,delayed_6m,c4fa05fe9cbe230d,total_refunds,2037,FY2037,inferred_long_run,derived,278.46043206271895,262.69905281154627,265.4110564890567,272.7656521070961,279.97834696928425,281.230623849223,0.9795490514992085,6.655010516360457,5.2313681955885505,True,conditional model forecast-error band (actual-driver rolling origin)
,balanced_structural,BEFU26,ar1,delayed_6m,c4fa05fe9cbe230d,total_nltf_net_revenue,2037,FY2037,inferred_long_run,derived,8618.106306992851,7503.596515495569,7799.419212850104,8178.010770889351,8498.233116685014,8755.157466846833,0.9489336148306269,14.522458957552306,8.108671196918094,True,conditional model forecast-error band (actual-driver rolling origin)
,balanced_structural,BEFU26,ar1,delayed_6m,c4fa05fe9cbe230d,total_fed_ruc_net_revenue,2037,FY2037,inferred_long_run,derived,7707.4188429255855,7029.507684600251,7328.397193945033,7707.4188429255855,8027.73067955614,8284.244022037605,1.0,16.27959194911328,9.073510858346626,True,conditional model forecast-error band (actual-driver rolling origin)
,balanced_structural,BEFU26,ar1,delayed_6m,c4fa05fe9cbe230d,ped_vkt_per_capita,2038,FY2038,inferred_long_run,PED,5046.073708935011,4323.327658461933,4447.687964470261,4784.9366817974005,5115.678467896236,5173.102260233896,0.9482494624136744,16.84031290044929,13.237826911707081,True,conditional model forecast-error band (actual-driver rolling origin)
,balanced_structural,BEFU26,ar1,delayed_6m,c4fa05fe9cbe230d,ped_volume,2038,FY2038,inferred_long_run,PED,2403.404734530795,2059.1665446496886,2118.3983683384463,2279.0272474813064,2436.5569270834058,2463.9074222088875,0.9482494624136745,16.84031290044931,13.23782691170707,True,conditional model forecast-error band (actual-driver rolling origin)
,balanced_structural,BEFU26,ar1,delayed_6m,c4fa05fe9cbe230d,light_petrol_vkt,2038,FY2038,inferred_long_run,PED,29816.67849491601,25546.05387398191,26280.8848486492,28273.649353765475,30227.965138626365,30567.275829046743,0.9482494624136745,16.8403129004493,13.237826911707069,True,conditional model forecast-error band (actual-driver rolling origin)
,balanced_structural,BEFU26,ar1,delayed_6m,c4fa05fe9cbe230d,gross_ped_revenue,2038,FY2038,inferred_long_run,PED,3028.316488326235,2594.5725702291247,2669.2053217308458,2871.5994820738183,3070.088616794159,3104.550542479161,0.9482494624136744,16.840312900449298,13.237826911707083,True,conditional model forecast-error band (actual-driver rolling origin)
,balanced_structural,BEFU26,ar1,delayed_6m,c4fa05fe9cbe230d,fed_refunds,2038,FY2038,inferred_long_run,PED,107.913508675593,92.45712284241063,95.11664740257831,102.32892658880445,109.4020508954033,110.630095365234,0.9482494624136745,16.84031290044931,13.237826911707074,True,conditional model forecast-error band (actual-driver rolling origin)
,balanced_structural,BEFU26,ar1,delayed_6m,c4fa05fe9cbe230d,light_ruc_net_km,2038,FY2038,inferred_long_run,LIGHT_RUC,11815.791864977055,8734.256865423,9340.407584507026,11100.989587067335,11693.539183997244,12537.488568255809,0.9395044965180497,32.18770054765343,19.915140909557547,True,conditional model forecast-error band (actual-driver rolling origin)
,balanced_structural,BEFU26,ar1,delayed_6m,c4fa05fe9cbe230d,light_ruc_net_revenue,2038,FY2038,inferred_long_run,LIGHT_RUC,1424.8072620382611,1053.2203641170347,1126.3130485777822,1338.6128293565175,1410.0654225023106,1511.8330590031298,0.9395044965180498,32.18770054765342,19.91514090955754,True,conditional model forecast-error band (actual-driver rolling origin)
,balanced_structural,BEFU26,ar1,delayed_6m,c4fa05fe9cbe230d,light_bev_ruc_net_km,2038,FY2038,inferred_long_run,LIGHT_RUC,13377.545681265494,9888.708395028068,10574.977163718353,12568.26431992455,13239.134236382804,14194.63273953935,0.9395044965180499,32.18770054765343,19.915140909557536,True,conditional model forecast-error band (actual-driver rolling origin)
,balanced_structural,BEFU26,ar1,delayed_6m,c4fa05fe9cbe230d,light_bev_ruc_net_revenue,2038,FY2038,inferred_long_run,LIGHT_RUC,1613.1313459753997,1192.4299018144598,1275.1836212869778,1515.544153018102,1596.4410018942206,1711.6597888973524,0.9395044965180499,32.18770054765342,19.91514090955753,True,conditional model forecast-error band (actual-driver rolling origin)
,balanced_structural,BEFU26,ar1,delayed_6m,c4fa05fe9cbe230d,phev_ruc_net_km,2038,FY2038,inferred_long_run,LIGHT_RUC,4106.760316660171,3035.7254004072197,3246.4024119436053,3858.319783624121,4064.2695158242695,4357.597113343659,0.9395044965180499,32.18770054765342,19.915140909557532,True,conditional model forecast-error band (actual-driver rolling origin)
,balanced_structural,BEFU26,ar1,delayed_6m,c4fa05fe9cbe230d,phev_ruc_net_revenue,2038,FY2038,inferred_long_run,LIGHT_RUC,244.2085022301965,180.5194109352149,193.04731942622607,229.43498593320783,241.68178675848964,259.1245123449801,0.9395044965180499,32.18770054765342,19.915140909557525,True,conditional model forecast-error band (actual-driver rolling origin)
,balanced_structural,BEFU26,ar1,delayed_6m,c4fa05fe9cbe230d,current_light_ruc_conventional_modelled_km,2038,FY2038,inferred_long_run,LIGHT_RUC,11472.172586228144,8480.252810612223,9068.775843351996,10778.157729592447,11353.475179286961,12172.881368977327,0.9395044965180499,32.18770054765344,19.915140909557532,True,conditional model forecast-error band (actual-driver rolling origin)
,balanced_structural,BEFU26,ar1,delayed_6m,c4fa05fe9cbe230d,heavy_ruc_net_km,2038,FY2038,inferred_long_run,HEAVY_RUC,4254.573259218129,3987.5000467943996,4063.9120960739283,4143.152253662185,4224.219120280902,4430.256577971243,0.9738114732624394,10.406602594456434,3.7678755174716008,True,conditional model forecast-error band (actual-driver rolling origin)
,balanced_structural,BEFU26,ar1,delayed_6m,c4fa05fe9cbe230d,heavy_ruc_net_revenue,2038,FY2038,inferred_long_run,HEAVY_RUC,2105.694670318528,1973.513460659714,2011.3316941493847,2050.549629143752,2090.6716481050207,2192.6447368524127,0.9738114732624392,10.406602594456434,3.767875517471594,True,conditional model forecast-error band (actual-driver rolling origin)
,balanced_structural,BEFU26,ar1,delayed_6m,c4fa05fe9cbe230d,heavy_bev_ruc_net_km,2038,FY2038,inferred_long_run,HEAVY_RUC_PROXY,303.047625648449,284.0243539903677,289.4670831888652,295.1112548014003,300.88554048195215,315.5613160635378,0.9738114732624393,10.406602594456434,3.767875517471612,True,conditional model forecast-error band (actual-driver rolling origin)
,balanced_structural,BEFU26,ar1,delayed_6m,c4fa05fe9cbe230d,heavy_bev_ruc_net_revenue,2038,FY2038,inferred_long_run,HEAVY_RUC_PROXY,140.87231348847945,132.02930644343328,134.55937033105832,137.18307514010436,139.86726374188657,146.68932827379618,0.9738114732624392,10.406602594456427,3.767875517471598,True,conditional model forecast-error band (actual-driver rolling origin)
,balanced_structural,BEFU26,ar1,delayed_6m,c4fa05fe9cbe230d,mr1_revenue,2038,FY2038,inferred_long_run,MVR_PROXY,490.379238600523,461.31955659052414,472.00945074969087,490.37923861482255,509.4639467048944,521.2694632604199,1.0000000000291602,12.225213049595006,7.637863312095689,True,conditional model forecast-error band (actual-driver rolling origin)
,balanced_structural,BEFU26,ar1,delayed_6m,c4fa05fe9cbe230d,mr2_revenue,2038,FY2038,inferred_long_run,MVR_PROXY,32.6450530220251,30.7105199395746,31.422157248327213,32.64505302297704,33.915541776310654,34.70144722167042,1.0000000000291602,12.225213049595006,7.63786331209569,True,conditional model forecast-error band (actual-driver rolling origin)
,balanced_structural,BEFU26,ar1,delayed_6m,c4fa05fe9cbe230d,ruc_admin_revenue,2038,FY2038,inferred_long_run,FIXED,54.8879400791233,54.8879400791233,54.8879400791233,54.8879400791233,54.8879400791233,54.8879400791233,1.0,0.0,0.0,True,conditional model forecast-error band (actual-driver rolling origin)
,balanced_structural,BEFU26,ar1,delayed_6m,c4fa05fe9cbe230d,ruc_refunds,2038,FY2038,inferred_long_run,FIXED,177.031851999084,177.031851999084,177.031851999084,177.031851999084,177.031851999084,177.031851999084,1.0,0.0,0.0,True,conditional model forecast-error band (actual-driver rolling origin)
,balanced_structural,BEFU26,ar1,delayed_6m,c4fa05fe9cbe230d,mvr_admin_revenue,2038,FY2038,inferred_long_run,FIXED,69.0225951048985,69.0225951048985,69.0225951048985,69.0225951048985,69.0225951048985,69.0225951048985,1.0,0.0,0.0,True,conditional model forecast-error band (actual-driver rolling origin)
,balanced_structural,BEFU26,ar1,delayed_6m,c4fa05fe9cbe230d,mvr_refunds,2038,FY2038,inferred_long_run,FIXED,2.04286816403657,2.04286816403657,2.04286816403657,2.04286816403657,2.04286816403657,2.04286816403657,1.0,0.0,0.0,True,conditional model forecast-error band (actual-driver rolling origin)
,balanced_structural,BEFU26,ar1,delayed_6m,c4fa05fe9cbe230d,coo_revenue,2038,FY2038,inferred_long_run,FIXED,0.0,0.0,0.0,0.0,0.0,0.0,,,,True,conditional model forecast-error band (actual-driver rolling origin)
,balanced_structural,BEFU26,ar1,delayed_6m,c4fa05fe9cbe230d,gross_lpg_revenue,2038,FY2038,inferred_long_run,FIXED,44.3949902416884,44.3949902416884,44.3949902416884,44.3949902416884,44.3949902416884,44.3949902416884,1.0,0.0,0.0,True,conditional model forecast-error band (actual-driver rolling origin)
,balanced_structural,BEFU26,ar1,delayed_6m,c4fa05fe9cbe230d,gross_cng_revenue,2038,FY2038,inferred_long_run,FIXED,0.0,0.0,0.0,0.0,0.0,0.0,,,,True,conditional model forecast-error band (actual-driver rolling origin)
,balanced_structural,BEFU26,ar1,delayed_6m,c4fa05fe9cbe230d,tuc_net_revenue,2038,FY2038,inferred_long_run,FIXED,17.5578996928248,17.5578996928248,17.5578996928248,17.5578996928248,17.5578996928248,17.5578996928248,1.0,0.0,0.0,True,conditional model forecast-error band (actual-driver rolling origin)
,balanced_structural,BEFU26,ar1,delayed_6m,c4fa05fe9cbe230d,gross_ruc_revenue,2038,FY2038,inferred_long_run,derived,5705.7459460499485,4734.501170160522,4958.35524130732,5428.2178736348815,5658.097363577717,5935.251458215793,0.9513598966657115,21.044580312702895,12.263814913715601,True,conditional model forecast-error band (actual-driver rolling origin)
,balanced_structural,BEFU26,ar1,delayed_6m,c4fa05fe9cbe230d,ruc_revenue_net_admin,2038,FY2038,inferred_long_run,derived,5650.858005970826,4679.613230081399,4903.467301228197,5373.3299335557585,5603.209423498594,5880.36351813667,0.9508874453893861,21.24899062737961,12.382935857369509,True,conditional model forecast-error band (actual-driver rolling origin)
,balanced_structural,BEFU26,ar1,delayed_6m,c4fa05fe9cbe230d,total_ruc_net_revenue,2038,FY2038,inferred_long_run,derived,5473.826153971742,4502.581378082315,4726.435449229113,5196.298081556674,5426.177571499511,5703.331666137586,0.9492990707763532,21.936215259303058,12.783418811404404,True,conditional model forecast-error band (actual-driver rolling origin)
,balanced_structural,BEFU26,ar1,delayed_6m,c4fa05fe9cbe230d,gross_fed_revenue,2038,FY2038,inferred_long_run,derived,3072.711478567923,2638.967560470813,2713.6003119725347,2915.9944723155068,3114.4836070358474,3148.9455327208493,0.9489971618404418,16.597001567088814,13.046564829124458,True,conditional model forecast-error band (actual-driver rolling origin)
,balanced_structural,BEFU26,ar1,delayed_6m,c4fa05fe9cbe230d,net_fed_revenue,2038,FY2038,inferred_long_run,derived,2964.79796989233,2546.5104376284025,2618.483664569956,2813.6655457267025,3005.0815561404443,3038.3154373556154,0.949024376803956,16.588145456166558,13.039603220739114,True,conditional model forecast-error band (actual-driver rolling origin)
,balanced_structural,BEFU26,ar1,delayed_6m,c4fa05fe9cbe230d,gross_mvr_revenue,2038,FY2038,inferred_long_run,derived,523.0242916225482,492.03007653009877,503.4316079980181,523.0242916377996,543.379488481205,555.9709104820904,1.00000000002916,12.225213049595013,7.637863312095687,True,conditional model forecast-error band (actual-driver rolling origin)
,balanced_structural,BEFU26,ar1,delayed_6m,c4fa05fe9cbe230d,mvr_revenue_net_admin_coo,2038,FY2038,inferred_long_run,derived,454.00169651764963,423.00748142520024,434.40901289311955,454.00169653290106,474.3568933763065,486.9483153771919,1.0000000000335934,14.083831501608913,8.799059736913112,True,conditional model forecast-error band (actual-driver rolling origin)
,balanced_structural,BEFU26,ar1,delayed_6m,c4fa05fe9cbe230d,net_mvr_revenue,2038,FY2038,inferred_long_run,derived,451.95882835361306,420.96461326116366,432.366144729083,451.9588283688645,472.31402521226994,484.9054472131553,1.0000000000337452,14.147490864359057,8.838831764545532,True,conditional model forecast-error band (actual-driver rolling origin)
,balanced_structural,BEFU26,ar1,delayed_6m,c4fa05fe9cbe230d,total_gross_revenue,2038,FY2038,inferred_long_run,derived,9319.039615933245,8128.380571169452,8442.259154968817,8853.902006662418,9191.187614844323,9470.905169352234,0.9500873879240135,14.406254866514336,8.036541218206905,True,conditional model forecast-error band (actual-driver rolling origin)
,balanced_structural,BEFU26,ar1,delayed_6m,c4fa05fe9cbe230d,total_admin_fees,2038,FY2038,inferred_long_run,derived,123.9105351840218,123.9105351840218,123.9105351840218,123.9105351840218,123.9105351840218,123.9105351840218,1.0,0.0,0.0,True,conditional model forecast-error band (actual-driver rolling origin)
,balanced_structural,BEFU26,ar1,delayed_6m,c4fa05fe9cbe230d,total_revenue_net_admin,2038,FY2038,inferred_long_run,derived,9195.129080749222,8004.4700359854305,8318.348619784794,8729.991471478395,9067.2770796603,9346.994634168212,0.9494147819800994,14.600388818830934,8.14483900441866,True,conditional model forecast-error band (actual-driver rolling origin)
,balanced_structural,BEFU26,ar1,delayed_6m,c4fa05fe9cbe230d,total_refunds,2038,FY2038,inferred_long_run,derived,286.98822883871355,271.53184300553124,274.1913675656989,281.40364675192507,288.4767710585239,289.7048155283546,0.9805407277176967,6.332305891555044,4.97769666394693,True,conditional model forecast-error band (actual-driver rolling origin)
,balanced_structural,BEFU26,ar1,delayed_6m,c4fa05fe9cbe230d,total_nltf_net_revenue,2038,FY2038,inferred_long_run,derived,8908.14085191051,7727.107284765987,8035.517916362194,8450.564078739888,8782.278241131442,9060.98836230805,0.9486338641499493,14.9737313286418,8.382897589782626,True,conditional model forecast-error band (actual-driver rolling origin)
,balanced_structural,BEFU26,ar1,delayed_6m,c4fa05fe9cbe230d,total_fed_ruc_net_revenue,2038,FY2038,inferred_long_run,derived,7980.23579323561,7255.545928746366,7565.233130815162,7980.23579323561,8314.31981489878,8591.950244501137,1.0,16.74642642624124,9.386773818369816,True,conditional model forecast-error band (actual-driver rolling origin)
,balanced_structural,BEFU26,ar1,delayed_6m,c4fa05fe9cbe230d,ped_vkt_per_capita,2039,FY2039,inferred_long_run,PED,4754.718135831377,4073.7027658616594,4190.882624195542,4508.658916230652,4820.303981156446,4874.412177470073,0.9482494624136745,16.840312900449305,13.23782691170709,True,conditional model forecast-error band (actual-driver rolling origin)
,balanced_structural,BEFU26,ar1,delayed_6m,c4fa05fe9cbe230d,ped_volume,2039,FY2039,inferred_long_run,PED,2254.7248425209996,1931.7819826198279,1987.3495956897664,2138.0416198112944,2285.826167677956,2311.484701144527,0.9482494624136744,16.840312900449312,13.237826911707073,True,conditional model forecast-error band (actual-driver rolling origin)
,balanced_structural,BEFU26,ar1,delayed_6m,c4fa05fe9cbe230d,light_petrol_vkt,2039,FY2039,inferred_long_run,PED,28277.709462533072,24227.510434666638,24924.413572595116,26814.322796137058,28667.767805840653,28989.565189237168,0.9482494624136744,16.840312900449305,13.237826911707058,True,conditional model forecast-error band (actual-driver rolling origin)
,balanced_structural,BEFU26,ar1,delayed_6m,c4fa05fe9cbe230d,gross_ped_revenue,2039,FY2039,inferred_long_run,PED,2931.0833575598367,2511.2660813015314,2583.5025257745133,2779.398218095783,2971.5142672861366,3004.8696900876034,0.9482494624136744,16.840312900449312,13.237826911707074,True,conditional model forecast-error band (actual-driver rolling origin)
,balanced_structural,BEFU26,ar1,delayed_6m,c4fa05fe9cbe230d,fed_refunds,2039,FY2039,inferred_long_run,PED,104.840874026332,89.82457977432648,92.40837936350191,99.41530243444907,106.28703279982861,107.48011100792667,0.9482494624136744,16.840312900449298,13.237826911707085,True,conditional model forecast-error band (actual-driver rolling origin)
,balanced_structural,BEFU26,ar1,delayed_6m,c4fa05fe9cbe230d,light_ruc_net_km,2039,FY2039,inferred_long_run,LIGHT_RUC,11238.252484340763,8307.338605689041,8883.861525394706,10558.388742043291,11121.975343423019,11924.673662137868,0.9395044965180498,32.18770054765342,19.91514090955753,True,conditional model forecast-error band (actual-driver rolling origin)
,balanced_structural,BEFU26,ar1,delayed_6m,c4fa05fe9cbe230d,light_ruc_net_revenue,2039,FY2039,inferred_long_run,LIGHT_RUC,1398.150991576828,1033.5159959337689,1105.2412123743502,1313.5691433975999,1383.6849524752513,1483.5486503065654,0.9395044965180499,32.187700547653435,19.91514090955753,True,conditional model forecast-error band (actual-driver rolling origin)
,balanced_structural,BEFU26,ar1,delayed_6m,c4fa05fe9cbe230d,light_bev_ruc_net_km,2039,FY2039,inferred_long_run,LIGHT_RUC,15629.699446091794,11553.504940804103,12355.30931130908,14684.172908828914,15467.985979738593,16584.345795010377,0.9395044965180499,32.18770054765343,19.915140909557525,True,conditional model forecast-error band (actual-driver rolling origin)
,balanced_structural,BEFU26,ar1,delayed_6m,c4fa05fe9cbe230d,light_bev_ruc_net_revenue,2039,FY2039,inferred_long_run,LIGHT_RUC,1944.4909080882742,1437.371549685434,1537.1240314199579,1826.8579515873996,1924.3721357392726,2063.2584603572345,0.9395044965180499,32.18770054765343,19.915140909557536,True,conditional model forecast-error band (actual-driver rolling origin)
,balanced_structural,BEFU26,ar1,delayed_6m,c4fa05fe9cbe230d,phev_ruc_net_km,2039,FY2039,inferred_long_run,LIGHT_RUC,4194.449213694972,3100.5452076363704,3315.7206640168024,3940.703896683025,4151.051135303984,4450.641960163912,0.9395044965180499,32.18770054765343,19.91514090955753,True,conditional model forecast-error band (actual-driver rolling origin)
,balanced_structural,BEFU26,ar1,delayed_6m,c4fa05fe9cbe230d,phev_ruc_net_revenue,2039,FY2039,inferred_long_run,LIGHT_RUC,257.32945926018675,190.21844848849148,203.419462737431,241.76218406150377,254.66698715089964,273.0468842560562,0.9395044965180498,32.18770054765343,19.91514090955754,True,conditional model forecast-error band (actual-driver rolling origin)
,balanced_structural,BEFU26,ar1,delayed_6m,c4fa05fe9cbe230d,current_light_ruc_conventional_modelled_km,2039,FY2039,inferred_long_run,LIGHT_RUC,10911.428835346602,8065.749913823963,8625.506763839563,10251.33645424484,10798.533191644932,11577.887952815634,0.9395044965180498,32.18770054765342,19.91514090955754,True,conditional model forecast-error band (actual-driver rolling origin)
,balanced_structural,BEFU26,ar1,delayed_6m,c4fa05fe9cbe230d,heavy_ruc_net_km,2039,FY2039,inferred_long_run,HEAVY_RUC,4202.7917839877055,3938.9690608824676,4014.451115919095,4092.7268589803425,4172.807078598275,4376.3368997145335,0.9738114732624392,10.406602594456421,3.767875517471591,True,conditional model forecast-error band (actual-driver rolling origin)
,balanced_structural,BEFU26,ar1,delayed_6m,c4fa05fe9cbe230d,heavy_ruc_net_revenue,2039,FY2039,inferred_long_run,HEAVY_RUC,2146.0925826165585,2011.3754664037156,2049.9192455773436,2089.889579635424,2130.781342580027,2234.710792785728,0.9738114732624393,10.40660259445645,3.767875517471596,True,conditional model forecast-error band (actual-driver rolling origin)
,balanced_structural,BEFU26,ar1,delayed_6m,c4fa05fe9cbe230d,heavy_bev_ruc_net_km,2039,FY2039,inferred_long_run,HEAVY_RUC_PROXY,340.179175199459,318.82503705567945,324.934648129573,331.2703837741866,337.75217598745024,354.22613192778687,0.9738114732624392,10.40660259445644,3.7678755174715963,True,conditional model forecast-error band (actual-driver rolling origin)
,balanced_structural,BEFU26,ar1,delayed_6m,c4fa05fe9cbe230d,heavy_bev_ruc_net_revenue,2039,FY2039,inferred_long_run,HEAVY_RUC_PROXY,161.90543068375973,151.7421073967832,154.64992564182722,157.66536598334181,160.75032072601755,168.59096214688523,0.9738114732624393,10.406602594456444,3.7678755174715937,True,conditional model forecast-error band (actual-driver rolling origin)
,balanced_structural,BEFU26,ar1,delayed_6m,c4fa05fe9cbe230d,mr1_revenue,2039,FY2039,inferred_long_run,MVR_PROXY,487.714295442214,458.81253692215773,469.4443373488413,487.7142954564358,506.6952885882681,518.4366486132997,1.0000000000291602,12.225213049595016,7.637863312095679,True,conditional model forecast-error band (actual-driver rolling origin)
,balanced_structural,BEFU26,ar1,delayed_6m,c4fa05fe9cbe230d,mr2_revenue,2039,FY2039,inferred_long_run,MVR_PROXY,32.6877804371222,30.750715344753463,31.463284078634082,32.68778043807538,33.95993206817943,34.74686614437549,1.00000000002916,12.225213049595004,7.637863312095678,True,conditional model forecast-error band (actual-driver rolling origin)
,balanced_structural,BEFU26,ar1,delayed_6m,c4fa05fe9cbe230d,ruc_admin_revenue,2039,FY2039,inferred_long_run,FIXED,57.7371317505342,57.7371317505342,57.7371317505342,57.7371317505342,57.7371317505342,57.7371317505342,1.0,0.0,0.0,True,conditional model forecast-error band (actual-driver rolling origin)
,balanced_structural,BEFU26,ar1,delayed_6m,c4fa05fe9cbe230d,ruc_refunds,2039,FY2039,inferred_long_run,FIXED,188.89667070595,188.89667070595,188.89667070595,188.89667070595,188.89667070595,188.89667070595,1.0,0.0,0.0,True,conditional model forecast-error band (actual-driver rolling origin)
,balanced_structural,BEFU26,ar1,delayed_6m,c4fa05fe9cbe230d,mvr_admin_revenue,2039,FY2039,inferred_long_run,FIXED,68.8282013511128,68.8282013511128,68.8282013511128,68.8282013511128,68.8282013511128,68.8282013511128,1.0,0.0,0.0,True,conditional model forecast-error band (actual-driver rolling origin)
,balanced_structural,BEFU26,ar1,delayed_6m,c4fa05fe9cbe230d,mvr_refunds,2039,FY2039,inferred_long_run,FIXED,2.05859175234344,2.05859175234344,2.05859175234344,2.05859175234344,2.05859175234344,2.05859175234344,1.0,0.0,0.0,True,conditional model forecast-error band (actual-driver rolling origin)
,balanced_structural,BEFU26,ar1,delayed_6m,c4fa05fe9cbe230d,coo_revenue,2039,FY2039,inferred_long_run,FIXED,0.0,0.0,0.0,0.0,0.0,0.0,,,,True,conditional model forecast-error band (actual-driver rolling origin)
,balanced_structural,BEFU26,ar1,delayed_6m,c4fa05fe9cbe230d,gross_lpg_revenue,2039,FY2039,inferred_long_run,FIXED,44.5082819804597,44.5082819804597,44.5082819804597,44.5082819804597,44.5082819804597,44.5082819804597,1.0,0.0,0.0,True,conditional model forecast-error band (actual-driver rolling origin)
,balanced_structural,BEFU26,ar1,delayed_6m,c4fa05fe9cbe230d,gross_cng_revenue,2039,FY2039,inferred_long_run,FIXED,0.0,0.0,0.0,0.0,0.0,0.0,,,,True,conditional model forecast-error band (actual-driver rolling origin)
,balanced_structural,BEFU26,ar1,delayed_6m,c4fa05fe9cbe230d,tuc_net_revenue,2039,FY2039,inferred_long_run,FIXED,17.5578996928248,17.5578996928248,17.5578996928248,17.5578996928248,17.5578996928248,17.5578996928248,1.0,0.0,0.0,True,conditional model forecast-error band (actual-driver rolling origin)
,balanced_structural,BEFU26,ar1,delayed_6m,c4fa05fe9cbe230d,gross_ruc_revenue,2039,FY2039,inferred_long_run,derived,6096.866042931557,5038.839913729526,5280.499510772603,5798.593991583849,6044.680084364343,6345.925610095872,0.9510778079676669,21.43864876089453,12.533989892687547,True,conditional model forecast-error band (actual-driver rolling origin)
,balanced_structural,BEFU26,ar1,delayed_6m,c4fa05fe9cbe230d,ruc_revenue_net_admin,2039,FY2039,inferred_long_run,derived,6039.128911181023,4981.102781978992,5222.76237902207,5740.856859833315,5986.942952613809,6288.188478345338,0.9506100870283662,21.64361310364427,12.65382118565002,True,conditional model forecast-error band (actual-driver rolling origin)
,balanced_structural,BEFU26,ar1,delayed_6m,c4fa05fe9cbe230d,total_ruc_net_revenue,2039,FY2039,inferred_long_run,derived,5850.232240475073,4792.206111273043,5033.86570831612,5551.960189127365,5798.046281907859,6099.291807639388,0.9490153486071714,22.342458258720384,13.062397220826975,True,conditional model forecast-error band (actual-driver rolling origin)
,balanced_structural,BEFU26,ar1,delayed_6m,c4fa05fe9cbe230d,gross_fed_revenue,2039,FY2039,inferred_long_run,derived,2975.5916395402965,2555.774363281991,2628.010807754973,2823.906500076243,3016.0225492665963,3049.377972068063,0.9490235362109407,16.588418996308565,13.03981824507236,True,conditional model forecast-error band (actual-driver rolling origin)
,balanced_structural,BEFU26,ar1,delayed_6m,c4fa05fe9cbe230d,net_fed_revenue,2039,FY2039,inferred_long_run,derived,2870.7507655139643,2465.9497835076645,2535.602428391471,2724.491197641794,2909.735516466768,2941.8978610601366,0.9490518056707772,16.57921973826456,13.032586895724954,True,conditional model forecast-error band (actual-driver rolling origin)
,balanced_structural,BEFU26,ar1,delayed_6m,c4fa05fe9cbe230d,gross_mvr_revenue,2039,FY2039,inferred_long_run,derived,520.4020758793362,489.5632522669112,500.90762142747536,520.4020758945112,540.6552206564476,553.1835147576751,1.0000000000291602,12.225213049595,7.637863312095693,True,conditional model forecast-error band (actual-driver rolling origin)
,balanced_structural,BEFU26,ar1,delayed_6m,c4fa05fe9cbe230d,mvr_revenue_net_admin_coo,2039,FY2039,inferred_long_run,derived,451.5738745282234,420.7350509157984,432.07942007636257,451.5738745433984,471.8270193053347,484.3553134065623,1.0000000000336047,14.088561380401028,8.802014791156374,True,conditional model forecast-error band (actual-driver rolling origin)
,balanced_structural,BEFU26,ar1,delayed_6m,c4fa05fe9cbe230d,net_mvr_revenue,2039,FY2039,inferred_long_run,derived,449.51528277587994,418.676459163455,430.02082832401913,449.515282791055,469.7684275529913,482.29672165421886,1.0000000000337586,14.153081091679763,8.842324332894721,True,conditional model forecast-error band (actual-driver rolling origin)
,balanced_structural,BEFU26,ar1,delayed_6m,c4fa05fe9cbe230d,total_gross_revenue,2039,FY2039,inferred_long_run,derived,9610.417658044014,8345.418824201804,8670.455119296808,9127.861852867249,9478.708459604924,9782.630522476156,0.9497882587056077,14.954726728982394,8.410179131305497,True,conditional model forecast-error band (actual-driver rolling origin)
,balanced_structural,BEFU26,ar1,delayed_6m,c4fa05fe9cbe230d,total_admin_fees,2039,FY2039,inferred_long_run,derived,126.565333101647,126.565333101647,126.565333101647,126.565333101647,126.565333101647,126.565333101647,1.0,0.0,0.0,True,conditional model forecast-error band (actual-driver rolling origin)
,balanced_structural,BEFU26,ar1,delayed_6m,c4fa05fe9cbe230d,total_revenue_net_admin,2039,FY2039,inferred_long_run,derived,9483.852324942367,8218.853491100157,8543.889786195161,9001.296519765601,9352.143126503277,9656.065189374509,0.9491181654202214,15.154302798394594,8.522415919345601,True,conditional model forecast-error band (actual-driver rolling origin)
,balanced_structural,BEFU26,ar1,delayed_6m,c4fa05fe9cbe230d,total_refunds,2039,FY2039,inferred_long_run,derived,295.79613648462544,280.7798422326199,283.36364182179534,290.3705648927425,297.242295258122,298.4353734662201,0.9816577334093579,5.9688173900533235,4.691965757655535,True,conditional model forecast-error band (actual-driver rolling origin)
,balanced_structural,BEFU26,ar1,delayed_6m,c4fa05fe9cbe230d,total_nltf_net_revenue,2039,FY2039,inferred_long_run,derived,9188.05618845774,7930.0232516810365,8251.821862496176,8711.37415200003,9057.583239639562,9362.962148447301,0.9481193816537028,15.595669719198684,8.769660966544842,True,conditional model forecast-error band (actual-driver rolling origin)
,balanced_structural,BEFU26,ar1,delayed_6m,c4fa05fe9cbe230d,total_fed_ruc_net_revenue,2039,FY2039,inferred_long_run,derived,8241.373996034492,7463.241107866633,7783.389256214413,8241.373996034492,8590.486591865227,8892.864186458297,1.0,17.346902097630284,9.793237584402377,True,conditional model forecast-error band (actual-driver rolling origin)
,balanced_structural,BEFU26,ar1,delayed_6m,c4fa05fe9cbe230d,ped_vkt_per_capita,2040,FY2040,inferred_long_run,PED,4415.39171672045,3782.977862182292,3891.795033058276,4186.892821725958,4476.29694599158,4526.543643058536,0.9482494624136745,16.840312900449305,13.23782691170706,True,conditional model forecast-error band (actual-driver rolling origin)
,balanced_structural,BEFU26,ar1,delayed_6m,c4fa05fe9cbe230d,ped_volume,2040,FY2040,inferred_long_run,PED,2084.40067656607,1785.853242761444,1837.2232228556172,1976.5318210084752,2113.152576565885,2136.872838794253,0.9482494624136744,16.840312900449316,13.237826911707076,True,conditional model forecast-error band (actual-driver rolling origin)
,balanced_structural,BEFU26,ar1,delayed_6m,c4fa05fe9cbe230d,light_petrol_vkt,2040,FY2040,inferred_long_run,PED,26430.32291487474,22644.72393211921,23296.098294680087,25062.539495449793,26794.898694356456,27095.67301158327,0.9482494624136744,16.8403129004493,13.23782691170707,True,conditional model forecast-error band (actual-driver rolling origin)
,balanced_structural,BEFU26,ar1,delayed_6m,c4fa05fe9cbe230d,gross_ped_revenue,2040,FY2040,inferred_long_run,PED,2792.915300229852,2392.8877503007448,2461.7190479444785,2648.3804320098834,2831.44034117949,2863.2234259039747,0.9482494624136745,16.840312900449295,13.23782691170707,True,conditional model forecast-error band (actual-driver rolling origin)
,balanced_structural,BEFU26,ar1,delayed_6m,c4fa05fe9cbe230d,fed_refunds,2040,FY2040,inferred_long_run,PED,100.944261351029,86.4860765488145,88.97384425802777,95.7203415598587,102.3366708529782,103.48540601537509,0.9482494624136744,16.8403129004493,13.237826911707069,True,conditional model forecast-error band (actual-driver rolling origin)
,balanced_structural,BEFU26,ar1,delayed_6m,c4fa05fe9cbe230d,light_ruc_net_km,2040,FY2040,inferred_long_run,LIGHT_RUC,10633.407435309253,7860.235941526564,8405.730279686915,9990.134098781507,10523.388353916122,11282.88528481582,0.9395044965180499,32.18770054765343,19.91514090955754,True,conditional model forecast-error band (actual-driver rolling origin)
,balanced_structural,BEFU26,ar1,delayed_6m,c4fa05fe9cbe230d,light_ruc_net_revenue,2040,FY2040,inferred_long_run,LIGHT_RUC,1363.5750024668814,1007.9573559616584,1077.9088224156512,1281.084846157246,1349.4667055644331,1446.860794498356,0.9395044965180498,32.18770054765342,19.915140909557522,True,conditional model forecast-error band (actual-driver rolling origin)
,balanced_structural,BEFU26,ar1,delayed_6m,c4fa05fe9cbe230d,light_bev_ruc_net_km,2040,FY2040,inferred_long_run,LIGHT_RUC,18145.70560302013,13413.341700008947,14344.217313361589,17047.972006530184,17957.960153236527,19254.027081767836,0.9395044965180499,32.18770054765343,19.915140909557547,True,conditional model forecast-error band (actual-driver rolling origin)
,balanced_structural,BEFU26,ar1,delayed_6m,c4fa05fe9cbe230d,light_bev_ruc_net_revenue,2040,FY2040,inferred_long_run,LIGHT_RUC,2326.9145580032855,1720.0598729006465,1839.4307071789226,2186.1466902573975,2302.839020250285,2469.040162830497,0.93950449651805,32.18770054765342,19.915140909557547,True,conditional model forecast-error band (actual-driver rolling origin)
,balanced_structural,BEFU26,ar1,delayed_6m,c4fa05fe9cbe230d,phev_ruc_net_km,2040,FY2040,inferred_long_run,LIGHT_RUC,4212.539103763076,3113.9172903818708,3330.0207590358973,3957.699429743526,4168.953857420525,4469.836762553934,0.9395044965180499,32.18770054765345,19.91514090955752,True,conditional model forecast-error band (actual-driver rolling origin)
,balanced_structural,BEFU26,ar1,delayed_6m,c4fa05fe9cbe230d,phev_ruc_net_revenue,2040,FY2040,inferred_long_run,LIGHT_RUC,266.37991022645804,196.90855985729755,210.5738626976349,250.26512343983177,263.6237971739869,282.6501276800979,0.9395044965180498,32.187700547653435,19.915140909557536,True,conditional model forecast-error band (actual-driver rolling origin)
,balanced_structural,BEFU26,ar1,delayed_6m,c4fa05fe9cbe230d,current_light_ruc_conventional_modelled_km,2040,FY2040,inferred_long_run,LIGHT_RUC,10324.17350200051,7631.649602507729,8161.280224280534,9699.607427961982,10217.353924951136,10954.763653351836,0.9395044965180499,32.18770054765342,19.915140909557532,True,conditional model forecast-error band (actual-driver rolling origin)
,balanced_structural,BEFU26,ar1,delayed_6m,c4fa05fe9cbe230d,heavy_ruc_net_km,2040,FY2040,inferred_long_run,HEAVY_RUC,4139.988390396382,3880.1080377841668,3954.4621451481053,4031.568193741295,4110.451754136017,4310.9401770293525,0.9738114732624392,10.406602594456452,3.7678755174716065,True,conditional model forecast-error band (actual-driver rolling origin)
,balanced_structural,BEFU26,ar1,delayed_6m,c4fa05fe9cbe230d,heavy_ruc_net_revenue,2040,FY2040,inferred_long_run,HEAVY_RUC,2179.062189343183,2042.275465147507,2081.4113777879793,2121.995760934761,2163.5157285307214,2269.041807478514,0.9738114732624391,10.406602594456434,3.767875517471585,True,conditional model forecast-error band (actual-driver rolling origin)
,balanced_structural,BEFU26,ar1,delayed_6m,c4fa05fe9cbe230d,heavy_bev_ruc_net_km,2040,FY2040,inferred_long_run,HEAVY_RUC_PROXY,378.858667428341,355.07649347107434,361.88078743940315,368.93691708663727,376.15571041525476,394.50280938499515,0.9738114732624393,10.406602594456434,3.7678755174715994,True,conditional model forecast-error band (actual-driver rolling origin)
,balanced_structural,BEFU26,ar1,delayed_6m,c4fa05fe9cbe230d,heavy_bev_ruc_net_revenue,2040,FY2040,inferred_long_run,HEAVY_RUC_PROXY,184.41987383988817,172.8432467282306,176.15542391484877,179.59018904289468,183.10413519061393,192.0350901039457,0.9738114732624392,10.406602594456432,3.7678755174716025,True,conditional model forecast-error band (actual-driver rolling origin)
,balanced_structural,BEFU26,ar1,delayed_6m,c4fa05fe9cbe230d,mr1_revenue,2040,FY2040,inferred_long_run,MVR_PROXY,485.228366686763,456.47392333310546,467.05153240503506,485.2283667009124,504.1126118040845,515.7941249376323,1.0000000000291602,12.225213049595006,7.637863312095696,True,conditional model forecast-error band (actual-driver rolling origin)
,balanced_structural,BEFU26,ar1,delayed_6m,c4fa05fe9cbe230d,mr2_revenue,2040,FY2040,inferred_long_run,MVR_PROXY,32.7279343355741,30.78848973887764,31.501933797182176,32.72793433652845,34.001648686605755,34.78954943813313,1.0000000000291602,12.225213049595006,7.63786331209568,True,conditional model forecast-error band (actual-driver rolling origin)
,balanced_structural,BEFU26,ar1,delayed_6m,c4fa05fe9cbe230d,ruc_admin_revenue,2040,FY2040,inferred_long_run,FIXED,60.8953711805719,60.8953711805719,60.8953711805719,60.8953711805719,60.8953711805719,60.8953711805719,1.0,0.0,0.0,True,conditional model forecast-error band (actual-driver rolling origin)
,balanced_structural,BEFU26,ar1,delayed_6m,c4fa05fe9cbe230d,ruc_refunds,2040,FY2040,inferred_long_run,FIXED,202.018704540249,202.018704540249,202.018704540249,202.018704540249,202.018704540249,202.018704540249,1.0,0.0,0.0,True,conditional model forecast-error band (actual-driver rolling origin)
,balanced_structural,BEFU26,ar1,delayed_6m,c4fa05fe9cbe230d,mvr_admin_revenue,2040,FY2040,inferred_long_run,FIXED,68.6465956810414,68.6465956810414,68.6465956810414,68.6465956810414,68.6465956810414,68.6465956810414,1.0,0.0,0.0,True,conditional model forecast-error band (actual-driver rolling origin)
,balanced_structural,BEFU26,ar1,delayed_6m,c4fa05fe9cbe230d,mvr_refunds,2040,FY2040,inferred_long_run,FIXED,2.07506550113276,2.07506550113276,2.07506550113276,2.07506550113276,2.07506550113276,2.07506550113276,1.0,0.0,0.0,True,conditional model forecast-error band (actual-driver rolling origin)
,balanced_structural,BEFU26,ar1,delayed_6m,c4fa05fe9cbe230d,coo_revenue,2040,FY2040,inferred_long_run,FIXED,0.0,0.0,0.0,0.0,0.0,0.0,,,,True,conditional model forecast-error band (actual-driver rolling origin)
,balanced_structural,BEFU26,ar1,delayed_6m,c4fa05fe9cbe230d,gross_lpg_revenue,2040,FY2040,inferred_long_run,FIXED,44.6167754628172,44.6167754628172,44.6167754628172,44.6167754628172,44.6167754628172,44.6167754628172,1.0,0.0,0.0,True,conditional model forecast-error band (actual-driver rolling origin)
,balanced_structural,BEFU26,ar1,delayed_6m,c4fa05fe9cbe230d,gross_cng_revenue,2040,FY2040,inferred_long_run,FIXED,0.0,0.0,0.0,0.0,0.0,0.0,,,,True,conditional model forecast-error band (actual-driver rolling origin)
,balanced_structural,BEFU26,ar1,delayed_6m,c4fa05fe9cbe230d,tuc_net_revenue,2040,FY2040,inferred_long_run,FIXED,17.5578996928248,17.5578996928248,17.5578996928248,17.5578996928248,17.5578996928248,17.5578996928248,1.0,0.0,0.0,True,conditional model forecast-error band (actual-driver rolling origin)
,balanced_structural,BEFU26,ar1,delayed_6m,c4fa05fe9cbe230d,gross_ruc_revenue,2040,FY2040,inferred_long_run,derived,6522.370238419945,5369.415612833563,5629.746248499367,6200.334891528992,6464.193132788135,6790.819523630633,0.9506260247242624,21.792751083406873,12.79361418910979,True,conditional model forecast-error band (actual-driver rolling origin)
,balanced_structural,BEFU26,ar1,delayed_6m,c4fa05fe9cbe230d,ruc_revenue_net_admin,2040,FY2040,inferred_long_run,derived,6461.474867239373,5308.520241652991,5568.850877318795,6139.43952034842,6403.297761607563,6729.924152450061,0.9501607057974147,21.99813417218098,12.914186024610828,True,conditional model forecast-error band (actual-driver rolling origin)
,balanced_structural,BEFU26,ar1,delayed_6m,c4fa05fe9cbe230d,total_ruc_net_revenue,2040,FY2040,inferred_long_run,derived,6259.456162699124,5106.501537112742,5366.832172778546,5937.420815808171,6201.279057067314,6527.905447909812,0.9485521843239351,22.708105526281855,13.330980561240139,True,conditional model forecast-error band (actual-driver rolling origin)
,balanced_structural,BEFU26,ar1,delayed_6m,c4fa05fe9cbe230d,gross_fed_revenue,2040,FY2040,inferred_long_run,derived,2837.5320756926694,2437.504525763562,2506.3358234072957,2692.9972074727007,2876.057116642308,2907.840201366792,0.9490631773088639,16.575519256056914,13.02967802204525,True,conditional model forecast-error band (actual-driver rolling origin)
,balanced_structural,BEFU26,ar1,delayed_6m,c4fa05fe9cbe230d,net_fed_revenue,2040,FY2040,inferred_long_run,derived,2736.5878143416403,2351.0184492147473,2417.3619791492683,2597.276865912842,2773.7204457893295,2804.3547953514167,0.9490931927348681,16.56575183741113,13.022000053222948,True,conditional model forecast-error band (actual-driver rolling origin)
,balanced_structural,BEFU26,ar1,delayed_6m,c4fa05fe9cbe230d,gross_mvr_revenue,2040,FY2040,inferred_long_run,derived,517.9563010223371,487.26241307198313,498.55346620221724,517.9563010374409,538.1142604906902,550.5836743757654,1.0000000000291602,12.225213049594997,7.63786331209568,True,conditional model forecast-error band (actual-driver rolling origin)
,balanced_structural,BEFU26,ar1,delayed_6m,c4fa05fe9cbe230d,mvr_revenue_net_admin_coo,2040,FY2040,inferred_long_run,derived,449.30970534129574,418.61581739094174,429.90687052117585,449.30970535639943,469.4676648096488,481.93707869472405,1.0000000000336153,14.093009910765996,8.804794069253981,True,conditional model forecast-error band (actual-driver rolling origin)
,balanced_structural,BEFU26,ar1,delayed_6m,c4fa05fe9cbe230d,net_mvr_revenue,2040,FY2040,inferred_long_run,derived,447.23463984016297,416.540751889809,427.8318050200431,447.23463985526666,467.3925993085161,479.8620131935913,1.0000000000337712,14.158398223897118,8.845646281471316,True,conditional model forecast-error band (actual-driver rolling origin)
,balanced_structural,BEFU26,ar1,delayed_6m,c4fa05fe9cbe230d,total_gross_revenue,2040,FY2040,inferred_long_run,derived,9895.416514827777,8543.067362511656,8884.084662961175,9395.204609520704,9758.305267558882,10089.342270582456,0.9494501414308806,15.626173044396726,8.834601386285582,True,conditional model forecast-error band (actual-driver rolling origin)
,balanced_structural,BEFU26,ar1,delayed_6m,c4fa05fe9cbe230d,total_admin_fees,2040,FY2040,inferred_long_run,derived,129.5419668616133,129.5419668616133,129.5419668616133,129.5419668616133,129.5419668616133,129.5419668616133,1.0,0.0,0.0,True,conditional model forecast-error band (actual-driver rolling origin)
,balanced_structural,BEFU26,ar1,delayed_6m,c4fa05fe9cbe230d,total_revenue_net_admin,2040,FY2040,inferred_long_run,derived,9765.874547966163,8413.525395650042,8754.542696099561,9265.662642659092,9628.763300697268,9959.800303720842,0.9487796097676429,15.833450455216287,8.951790239613226,True,conditional model forecast-error band (actual-driver rolling origin)
,balanced_structural,BEFU26,ar1,delayed_6m,c4fa05fe9cbe230d,total_refunds,2040,FY2040,inferred_long_run,derived,305.03803139241074,290.5798465901962,293.0676142994095,299.8141116012405,306.43044089435995,307.57917605675686,0.9828745295551359,5.572855748171338,4.3807083772318425,True,conditional model forecast-error band (actual-driver rolling origin)
,balanced_structural,BEFU26,ar1,delayed_6m,c4fa05fe9cbe230d,total_nltf_net_revenue,2040,FY2040,inferred_long_run,derived,9460.836516573752,8118.530792588561,8455.530175502532,8967.311525009734,9325.323181970427,9656.833040107265,0.9478349519411473,16.259685333573458,9.193616282705738,True,conditional model forecast-error band (actual-driver rolling origin)
,balanced_structural,BEFU26,ar1,delayed_6m,c4fa05fe9cbe230d,total_fed_ruc_net_revenue,2040,FY2040,inferred_long_run,derived,8502.202486607941,7656.762816159568,7987.862607741746,8502.202486607941,8859.75534094992,9190.739699680003,1.0,18.04211186379819,10.25490435662426,True,conditional model forecast-error band (actual-driver rolling origin)
,balanced_structural,BEFU26,ar1,delayed_6m,c4fa05fe9cbe230d,ped_vkt_per_capita,2041,FY2041,inferred_long_run,PED,4041.882896110227,3462.9664814598173,3562.5785408159973,3832.7132833755486,4097.636002576962,4143.632208234521,0.9482494624136745,16.840312900449295,13.237826911707064,True,conditional model forecast-error band (actual-driver rolling origin)
,balanced_structural,BEFU26,ar1,delayed_6m,c4fa05fe9cbe230d,ped_volume,2041,FY2041,inferred_long_run,PED,1898.9219918239855,1626.9405565712466,1673.7394211163733,1800.651757912598,1925.1154275823726,1946.7249617298498,0.9482494624136744,16.84031290044929,13.237826911707062,True,conditional model forecast-error band (actual-driver rolling origin)
,balanced_structural,BEFU26,ar1,delayed_6m,c4fa05fe9cbe230d,light_petrol_vkt,2041,FY2041,inferred_long_run,PED,24347.26777059283,20860.02350187597,21460.061044937676,23087.28357470643,24683.1102101386,24960.179577154053,0.9482494624136744,16.840312900449312,13.237826911707081,True,conditional model forecast-error band (actual-driver rolling origin)
,balanced_structural,BEFU26,ar1,delayed_6m,c4fa05fe9cbe230d,gross_ped_revenue,2041,FY2041,inferred_long_run,PED,2620.2326536817573,2244.9383335817906,2309.513873579927,2484.634205252482,2656.375736958347,2686.1937111815446,0.9482494624136745,16.840312900449298,13.237826911707069,True,conditional model forecast-error band (actual-driver rolling origin)
,balanced_structural,BEFU26,ar1,delayed_6m,c4fa05fe9cbe230d,fed_refunds,2041,FY2041,inferred_long_run,PED,96.3322291474112,82.53462289638136,84.90872723695487,91.34698450214356,97.6610209916782,98.75727170878324,0.9482494624136744,16.8403129004493,13.237826911707074,True,conditional model forecast-error band (actual-driver rolling origin)
,balanced_structural,BEFU26,ar1,delayed_6m,c4fa05fe9cbe230d,light_ruc_net_km,2041,FY2041,inferred_long_run,LIGHT_RUC,10040.63709698761,7422.058927555018,7937.144117438956,9433.223700525798,9936.751143521346,10653.909129409993,0.9395044965180498,32.18770054765343,19.91514090955754,True,conditional model forecast-error band (actual-driver rolling origin)
,balanced_structural,BEFU26,ar1,delayed_6m,c4fa05fe9cbe230d,light_ruc_net_revenue,2041,FY2041,inferred_long_run,LIGHT_RUC,1326.0167382136708,980.194212267555,1048.2189378695773,1245.7986880099415,1312.2970397691486,1407.008509175533,0.9395044965180499,32.187700547653435,19.91514090955754,True,conditional model forecast-error band (actual-driver rolling origin)
,balanced_structural,BEFU26,ar1,delayed_6m,c4fa05fe9cbe230d,light_bev_ruc_net_km,2041,FY2041,inferred_long_run,LIGHT_RUC,20816.414203603417,15387.534813492173,16455.4179128607,19557.11474566761,20601.03613382547,22087.859882107234,0.9395044965180499,32.187700547653414,19.91514090955754,True,conditional model forecast-error band (actual-driver rolling origin)
,balanced_structural,BEFU26,ar1,delayed_6m,c4fa05fe9cbe230d,light_bev_ruc_net_revenue,2041,FY2041,inferred_long_run,LIGHT_RUC,2749.119741798886,2032.1547851438443,2173.1847666619487,2582.8103588865933,2720.6758370136613,2917.0332153304926,0.9395044965180498,32.18770054765342,19.91514090955754,True,conditional model forecast-error band (actual-driver rolling origin)
,balanced_structural,BEFU26,ar1,delayed_6m,c4fa05fe9cbe230d,phev_ruc_net_km,2041,FY2041,inferred_long_run,LIGHT_RUC,4141.28288784983,3061.2445537463277,3273.692574927295,3890.7538944881703,4098.434897505982,4394.228288518646,0.9395044965180498,32.18770054765345,19.91514090955753,True,conditional model forecast-error band (actual-driver rolling origin)
,balanced_structural,BEFU26,ar1,delayed_6m,c4fa05fe9cbe230d,phev_ruc_net_revenue,2041,FY2041,inferred_long_run,LIGHT_RUC,269.70104807122,199.36355156272944,213.1992289421399,253.3853473785419,266.91057270007684,286.1741172897765,0.9395044965180499,32.187700547653414,19.915140909557522,True,conditional model forecast-error band (actual-driver rolling origin)
,balanced_structural,BEFU26,ar1,delayed_6m,c4fa05fe9cbe230d,current_light_ruc_conventional_modelled_km,2041,FY2041,inferred_long_run,LIGHT_RUC,9748.6417303738,7206.215371349712,7706.321184187682,9158.892740629686,9647.77692155955,10344.07897898601,0.9395044965180498,32.18770054765343,19.915140909557522,True,conditional model forecast-error band (actual-driver rolling origin)
,balanced_structural,BEFU26,ar1,delayed_6m,c4fa05fe9cbe230d,heavy_ruc_net_km,2041,FY2041,inferred_long_run,HEAVY_RUC,4069.4353207978606,3813.9838107030964,3887.070786370735,3962.8628050923717,4040.402043522419,4237.473772376973,0.9738114732624392,10.406602594456434,3.7678755174715883,True,conditional model forecast-error band (actual-driver rolling origin)
,balanced_structural,BEFU26,ar1,delayed_6m,c4fa05fe9cbe230d,heavy_ruc_net_revenue,2041,FY2041,inferred_long_run,HEAVY_RUC,2205.8577628150865,2067.3889945106685,2107.0061551061904,2148.0895978143476,2190.120129701547,2296.943845685802,0.9738114732624392,10.406602594456437,3.767875517471603,True,conditional model forecast-error band (actual-driver rolling origin)
,balanced_structural,BEFU26,ar1,delayed_6m,c4fa05fe9cbe230d,heavy_bev_ruc_net_km,2041,FY2041,inferred_long_run,HEAVY_RUC_PROXY,419.191239873399,392.87726095428906,400.40592710414387,408.2132388798233,416.2005312027193,436.5008273986883,0.9738114732624393,10.40660259445643,3.7678755174715897,True,conditional model forecast-error band (actual-driver rolling origin)
,balanced_structural,BEFU26,ar1,delayed_6m,c4fa05fe9cbe230d,heavy_bev_ruc_net_revenue,2041,FY2041,inferred_long_run,HEAVY_RUC_PROXY,208.6562631032648,195.5582400856612,199.30570233094852,203.19186297802543,207.16761058408756,217.2722681752614,0.9738114732624392,10.406602594456432,3.7678755174715968,True,conditional model forecast-error band (actual-driver rolling origin)
,balanced_structural,BEFU26,ar1,delayed_6m,c4fa05fe9cbe230d,mr1_revenue,2041,FY2041,inferred_long_run,MVR_PROXY,482.904619501813,454.28788049807656,464.8148336500478,482.9046195158946,501.6984284153921,513.3239990585092,1.0000000000291602,12.22521304959499,7.637863312095697,True,conditional model forecast-error band (actual-driver rolling origin)
,balanced_structural,BEFU26,ar1,delayed_6m,c4fa05fe9cbe230d,mr2_revenue,2041,FY2041,inferred_long_run,MVR_PROXY,32.7659970934436,30.824296912593,31.53857071004838,32.76599709439906,34.041192780890846,34.83000986509058,1.00000000002916,12.22521304959499,7.637863312095683,True,conditional model forecast-error band (actual-driver rolling origin)
,balanced_structural,BEFU26,ar1,delayed_6m,c4fa05fe9cbe230d,ruc_admin_revenue,2041,FY2041,inferred_long_run,FIXED,64.2074073354471,64.2074073354471,64.2074073354471,64.2074073354471,64.2074073354471,64.2074073354471,1.0,0.0,0.0,True,conditional model forecast-error band (actual-driver rolling origin)
,balanced_structural,BEFU26,ar1,delayed_6m,c4fa05fe9cbe230d,ruc_refunds,2041,FY2041,inferred_long_run,FIXED,216.153782430281,216.153782430281,216.153782430281,216.153782430281,216.153782430281,216.153782430281,1.0,0.0,0.0,True,conditional model forecast-error band (actual-driver rolling origin)
,balanced_structural,BEFU26,ar1,delayed_6m,c4fa05fe9cbe230d,mvr_admin_revenue,2041,FY2041,inferred_long_run,FIXED,68.4767365547289,68.4767365547289,68.4767365547289,68.4767365547289,68.4767365547289,68.4767365547289,1.0,0.0,0.0,True,conditional model forecast-error band (actual-driver rolling origin)
,balanced_structural,BEFU26,ar1,delayed_6m,c4fa05fe9cbe230d,mvr_refunds,2041,FY2041,inferred_long_run,FIXED,2.09224894798797,2.09224894798797,2.09224894798797,2.09224894798797,2.09224894798797,2.09224894798797,1.0,0.0,0.0,True,conditional model forecast-error band (actual-driver rolling origin)
,balanced_structural,BEFU26,ar1,delayed_6m,c4fa05fe9cbe230d,coo_revenue,2041,FY2041,inferred_long_run,FIXED,0.0,0.0,0.0,0.0,0.0,0.0,,,,True,conditional model forecast-error band (actual-driver rolling origin)
,balanced_structural,BEFU26,ar1,delayed_6m,c4fa05fe9cbe230d,gross_lpg_revenue,2041,FY2041,inferred_long_run,FIXED,44.7208607201694,44.7208607201694,44.7208607201694,44.7208607201694,44.7208607201694,44.7208607201694,1.0,0.0,0.0,True,conditional model forecast-error band (actual-driver rolling origin)
,balanced_structural,BEFU26,ar1,delayed_6m,c4fa05fe9cbe230d,gross_cng_revenue,2041,FY2041,inferred_long_run,FIXED,0.0,0.0,0.0,0.0,0.0,0.0,,,,True,conditional model forecast-error band (actual-driver rolling origin)
,balanced_structural,BEFU26,ar1,delayed_6m,c4fa05fe9cbe230d,tuc_net_revenue,2041,FY2041,inferred_long_run,FIXED,17.5578996928248,17.5578996928248,17.5578996928248,17.5578996928248,17.5578996928248,17.5578996928248,1.0,0.0,0.0,True,conditional model forecast-error band (actual-driver rolling origin)
,balanced_structural,BEFU26,ar1,delayed_6m,c4fa05fe9cbe230d,gross_ruc_revenue,2041,FY2041,inferred_long_run,derived,6975.505336432409,5718.963522162441,5999.552398368889,6628.417456203488,6911.625933622431,7266.362251288625,0.950241901699062,22.183320841921883,13.075375779441636,True,conditional model forecast-error band (actual-driver rolling origin)
,balanced_structural,BEFU26,ar1,delayed_6m,c4fa05fe9cbe230d,ruc_revenue_net_admin,2041,FY2041,inferred_long_run,derived,6911.297929096962,5654.756114826994,5935.344991033442,6564.210048868041,6847.418526286984,7202.154843953178,0.9497796385295935,22.389408545268264,13.196848762859144,True,conditional model forecast-error band (actual-driver rolling origin)
,balanced_structural,BEFU26,ar1,delayed_6m,c4fa05fe9cbe230d,total_ruc_net_revenue,2041,FY2041,inferred_long_run,derived,6695.144146666681,5438.602332396713,5719.191208603161,6348.056266437759,6631.264743856703,6986.001061522897,0.9481582662560407,23.112254123708286,13.622911102035602,True,conditional model forecast-error band (actual-driver rolling origin)
,balanced_structural,BEFU26,ar1,delayed_6m,c4fa05fe9cbe230d,gross_fed_revenue,2041,FY2041,inferred_long_run,derived,2664.9535144019264,2289.65919430196,2354.234734300096,2529.355065972651,2701.096597678516,2730.9145719017138,0.9491178935405533,16.557713866869506,13.015681568324215,True,conditional model forecast-error band (actual-driver rolling origin)
,balanced_structural,BEFU26,ar1,delayed_6m,c4fa05fe9cbe230d,net_fed_revenue,2041,FY2041,inferred_long_run,derived,2568.6212852545154,2207.1245714055785,2269.326007063141,2438.0080814705075,2603.4355766868375,2632.1573001929305,0.949150462727297,16.54711542052946,13.007350345560612,True,conditional model forecast-error band (actual-driver rolling origin)
,balanced_structural,BEFU26,ar1,delayed_6m,c4fa05fe9cbe230d,gross_mvr_revenue,2041,FY2041,inferred_long_run,derived,515.6706165952565,485.1121774106696,496.35340436009614,515.6706166102936,535.7396211962829,548.1540089235999,1.0000000000291602,12.225213049595009,7.6378633120956945,True,conditional model forecast-error band (actual-driver rolling origin)
,balanced_structural,BEFU26,ar1,delayed_6m,c4fa05fe9cbe230d,mvr_revenue_net_admin_coo,2041,FY2041,inferred_long_run,derived,447.1938800405277,416.63544085594066,427.8766678053672,447.1938800555647,467.2628846415539,479.67727236887094,1.0000000000336253,14.097203545633722,8.807414098023267,True,conditional model forecast-error band (actual-driver rolling origin)
,balanced_structural,BEFU26,ar1,delayed_6m,c4fa05fe9cbe230d,net_mvr_revenue,2041,FY2041,inferred_long_run,derived,445.10163109253966,414.5431919079527,425.78441885737925,445.10163110757674,465.17063569356594,477.585023420883,1.0000000000337834,14.163468994303338,8.848814312252662,True,conditional model forecast-error band (actual-driver rolling origin)
,balanced_structural,BEFU26,ar1,delayed_6m,c4fa05fe9cbe230d,total_gross_revenue,2041,FY2041,inferred_long_run,derived,10173.687367122417,8733.743395355934,9092.620457889143,9655.46704878975,10031.425118187768,10394.70716961332,0.9490626849801417,16.326074453840654,9.227771863056196,True,conditional model forecast-error band (actual-driver rolling origin)
,balanced_structural,BEFU26,ar1,delayed_6m,c4fa05fe9cbe230d,total_admin_fees,2041,FY2041,inferred_long_run,derived,132.68414389017602,132.68414389017602,132.68414389017602,132.68414389017602,132.68414389017602,132.68414389017602,1.0,0.0,0.0,True,conditional model forecast-error band (actual-driver rolling origin)
,balanced_structural,BEFU26,ar1,delayed_6m,c4fa05fe9cbe230d,total_revenue_net_admin,2041,FY2041,inferred_long_run,derived,10041.003223232241,8601.059251465758,8959.936313998967,9522.782904899574,9898.740974297592,10262.023025723145,0.9483895874932455,16.541810985722556,9.349709779262673,True,conditional model forecast-error band (actual-driver rolling origin)
,balanced_structural,BEFU26,ar1,delayed_6m,c4fa05fe9cbe230d,total_refunds,2041,FY2041,inferred_long_run,derived,314.5782605256802,300.7806542746503,303.15475861522384,309.5930158804125,315.90705236994717,317.0033030870522,0.9841526091569804,5.156951654984931,4.053774642091744,True,conditional model forecast-error band (actual-driver rolling origin)
,balanced_structural,BEFU26,ar1,delayed_6m,c4fa05fe9cbe230d,total_nltf_net_revenue,2041,FY2041,inferred_long_run,derived,9726.424962706562,8293.79235408616,8649.933940555235,9214.973805734991,9586.26605086489,9947.659439209645,0.9474163262521845,17.00385384624677,9.626683122522161,True,conditional model forecast-error band (actual-driver rolling origin)
,balanced_structural,BEFU26,ar1,delayed_6m,c4fa05fe9cbe230d,total_fed_ruc_net_revenue,2041,FY2041,inferred_long_run,derived,8752.211002854261,7833.927556901399,8180.951297727272,8752.211002854261,9120.884692186588,9485.03293735334,1.0,18.865008852203,10.739382244701211,True,conditional model forecast-error band (actual-driver rolling origin)
,balanced_structural,BEFU26,ar1,delayed_6m,c4fa05fe9cbe230d,ped_vkt_per_capita,2042,FY2042,inferred_long_run,PED,3633.042633209116,3112.6841593123136,3202.220365017589,3445.0307238665046,3683.1562604303367,3724.499906551451,0.9482494624136745,16.840312900449298,13.237826911707078,True,conditional model forecast-error band (actual-driver rolling origin)
,balanced_structural,BEFU26,ar1,delayed_6m,c4fa05fe9cbe230d,ped_volume,2042,FY2042,inferred_long_run,PED,1697.178000193376,1454.0922334481172,1495.9191245379016,1609.3481263036838,1720.5886105870723,1739.9023191582696,0.9482494624136745,16.84031290044929,13.237826911707076,True,conditional model forecast-error band (actual-driver rolling origin)
,balanced_structural,BEFU26,ar1,delayed_6m,c4fa05fe9cbe230d,light_petrol_vkt,2042,FY2042,inferred_long_run,PED,22006.24832353741,18854.306838139797,19396.65004069043,20867.41314253617,22309.799103520752,22560.227913473376,0.9482494624136744,16.840312900449305,13.237826911707073,True,conditional model forecast-error band (actual-driver rolling origin)
,balanced_structural,BEFU26,ar1,delayed_6m,c4fa05fe9cbe230d,gross_ped_revenue,2042,FY2042,inferred_long_run,PED,2409.6656262256297,2064.530692657076,2123.9168157976383,2284.9641346651633,2442.9041805482893,2470.3259239680433,0.9482494624136744,16.8403129004493,13.237826911707069,True,conditional model forecast-error band (actual-driver rolling origin)
,balanced_structural,BEFU26,ar1,delayed_6m,c4fa05fe9cbe230d,fed_refunds,2042,FY2042,inferred_long_run,PED,90.5422688383918,77.573955060504,79.80536603642634,85.85665775171941,91.79119486718513,92.82155644005519,0.9482494624136744,16.8403129004493,13.237826911707067,True,conditional model forecast-error band (actual-driver rolling origin)
,balanced_structural,BEFU26,ar1,delayed_6m,c4fa05fe9cbe230d,light_ruc_net_km,2042,FY2042,inferred_long_run,LIGHT_RUC,9495.8071304273,7019.319531812725,7506.454916911427,8921.353497104608,9397.558287435837,10075.801495537384,0.9395044965180499,32.18770054765341,19.91514090955755,True,conditional model forecast-error band (actual-driver rolling origin)
,balanced_structural,BEFU26,ar1,delayed_6m,c4fa05fe9cbe230d,light_ruc_net_revenue,2042,FY2042,inferred_long_run,LIGHT_RUC,1290.3852309537617,953.855331178028,1020.0521586590908,1212.3227267215414,1277.0341956796517,1369.2006652285709,0.9395044965180498,32.18770054765343,19.915140909557522,True,conditional model forecast-error band (actual-driver rolling origin)
,balanced_structural,BEFU26,ar1,delayed_6m,c4fa05fe9cbe230d,light_bev_ruc_net_km,2042,FY2042,inferred_long_run,LIGHT_RUC,23544.7199664252,17404.3038639468,18612.149186661307,22120.370277714785,23301.113344735615,24982.80782152331,0.9395044965180499,32.187700547653435,19.915140909557543,True,conditional model forecast-error band (actual-driver rolling origin)
,balanced_structural,BEFU26,ar1,delayed_6m,c4fa05fe9cbe230d,light_bev_ruc_net_revenue,2042,FY2042,inferred_long_run,LIGHT_RUC,3199.4919962375207,2365.0708520717308,2529.2049529754054,3005.937117038662,3166.3882924161226,3394.9137548668027,0.9395044965180499,32.18770054765343,19.915140909557525,True,conditional model forecast-error band (actual-driver rolling origin)
,balanced_structural,BEFU26,ar1,delayed_6m,c4fa05fe9cbe230d,phev_ruc_net_km,2042,FY2042,inferred_long_run,LIGHT_RUC,4032.0506256804006,2980.4998481285056,3187.344248746603,3788.129693015153,3990.332812395551,4278.3242294523,0.9395044965180499,32.187700547653435,19.915140909557536,True,conditional model forecast-error band (actual-driver rolling origin)
,balanced_structural,BEFU26,ar1,delayed_6m,c4fa05fe9cbe230d,phev_ruc_net_revenue,2042,FY2042,inferred_long_run,LIGHT_RUC,270.20787267997184,199.73819732233167,213.59987482975345,253.86151137741027,267.41215342268765,286.71189823674564,0.9395044965180499,32.18770054765343,19.915140909557532,True,conditional model forecast-error band (actual-driver rolling origin)
,balanced_structural,BEFU26,ar1,delayed_6m,c4fa05fe9cbe230d,current_light_ruc_conventional_modelled_km,2042,FY2042,inferred_long_run,LIGHT_RUC,9219.656159372384,6815.188184342149,7288.157010686814,8661.90841808069,9124.264526202523,9782.783500444217,0.9395044965180499,32.187700547653435,19.915140909557522,True,conditional model forecast-error band (actual-driver rolling origin)
,balanced_structural,BEFU26,ar1,delayed_6m,c4fa05fe9cbe230d,heavy_ruc_net_km,2042,FY2042,inferred_long_run,HEAVY_RUC,3994.8611783682823,3744.090926432432,3815.838552017436,3890.241649585741,3966.359948314152,4159.820253465438,0.9738114732624392,10.406602594456432,3.7678755174715985,True,conditional model forecast-error band (actual-driver rolling origin)
,balanced_structural,BEFU26,ar1,delayed_6m,c4fa05fe9cbe230d,heavy_ruc_net_revenue,2042,FY2042,inferred_long_run,HEAVY_RUC,2228.173770846697,2088.304155126957,2128.322110773249,2169.821182472947,2212.276924771705,2320.181344572887,0.9738114732624393,10.40660259445643,3.767875517471593,True,conditional model forecast-error band (actual-driver rolling origin)
,balanced_structural,BEFU26,ar1,delayed_6m,c4fa05fe9cbe230d,heavy_bev_ruc_net_km,2042,FY2042,inferred_long_run,HEAVY_RUC_PROXY,473.099677684064,443.40169318186884,451.8985537793444,460.7098941255035,469.7243607080393,492.63529651410363,0.9738114732624393,10.406602594456427,3.767875517471595,True,conditional model forecast-error band (actual-driver rolling origin)
,balanced_structural,BEFU26,ar1,delayed_6m,c4fa05fe9cbe230d,heavy_bev_ruc_net_revenue,2042,FY2042,inferred_long_run,HEAVY_RUC_PROXY,241.5277901094778,226.3663158877372,230.70415009008275,235.2025331203318,239.8046165615079,251.5011531596034,0.9738114732624393,10.406602594456439,3.7678755174715826,True,conditional model forecast-error band (actual-driver rolling origin)
,balanced_structural,BEFU26,ar1,delayed_6m,c4fa05fe9cbe230d,mr1_revenue,2042,FY2042,inferred_long_run,MVR_PROXY,480.727980682862,452.2402284447762,462.7197325271993,480.7279806968801,499.4370785947541,511.010248272272,1.0000000000291602,12.225213049595004,7.637863312095693,True,conditional model forecast-error band (actual-driver rolling origin)
,balanced_structural,BEFU26,ar1,delayed_6m,c4fa05fe9cbe230d,mr2_revenue,2042,FY2042,inferred_long_run,MVR_PROXY,32.8023315809017,30.858478232526014,31.573544094152716,32.802331581858226,34.078941343482384,34.868633153525835,1.0000000000291602,12.225213049595013,7.637863312095687,True,conditional model forecast-error band (actual-driver rolling origin)
,balanced_structural,BEFU26,ar1,delayed_6m,c4fa05fe9cbe230d,ruc_admin_revenue,2042,FY2042,inferred_long_run,FIXED,67.6518294796303,67.6518294796303,67.6518294796303,67.6518294796303,67.6518294796303,67.6518294796303,1.0,0.0,0.0,True,conditional model forecast-error band (actual-driver rolling origin)
,balanced_structural,BEFU26,ar1,delayed_6m,c4fa05fe9cbe230d,ruc_refunds,2042,FY2042,inferred_long_run,FIXED,231.345181106687,231.345181106687,231.345181106687,231.345181106687,231.345181106687,231.345181106687,1.0,0.0,0.0,True,conditional model forecast-error band (actual-driver rolling origin)
,balanced_structural,BEFU26,ar1,delayed_6m,c4fa05fe9cbe230d,mvr_admin_revenue,2042,FY2042,inferred_long_run,FIXED,68.3176516493357,68.3176516493357,68.3176516493357,68.3176516493357,68.3176516493357,68.3176516493357,1.0,0.0,0.0,True,conditional model forecast-error band (actual-driver rolling origin)
,balanced_structural,BEFU26,ar1,delayed_6m,c4fa05fe9cbe230d,mvr_refunds,2042,FY2042,inferred_long_run,FIXED,2.11010559019988,2.11010559019988,2.11010559019988,2.11010559019988,2.11010559019988,2.11010559019988,1.0,0.0,0.0,True,conditional model forecast-error band (actual-driver rolling origin)
,balanced_structural,BEFU26,ar1,delayed_6m,c4fa05fe9cbe230d,coo_revenue,2042,FY2042,inferred_long_run,FIXED,0.0,0.0,0.0,0.0,0.0,0.0,,,,True,conditional model forecast-error band (actual-driver rolling origin)
,balanced_structural,BEFU26,ar1,delayed_6m,c4fa05fe9cbe230d,gross_lpg_revenue,2042,FY2042,inferred_long_run,FIXED,44.8208820738309,44.8208820738309,44.8208820738309,44.8208820738309,44.8208820738309,44.8208820738309,1.0,0.0,0.0,True,conditional model forecast-error band (actual-driver rolling origin)
,balanced_structural,BEFU26,ar1,delayed_6m,c4fa05fe9cbe230d,gross_cng_revenue,2042,FY2042,inferred_long_run,FIXED,0.0,0.0,0.0,0.0,0.0,0.0,,,,True,conditional model forecast-error band (actual-driver rolling origin)
,balanced_structural,BEFU26,ar1,delayed_6m,c4fa05fe9cbe230d,tuc_net_revenue,2042,FY2042,inferred_long_run,FIXED,17.5578996928248,17.5578996928248,17.5578996928248,17.5578996928248,17.5578996928248,17.5578996928248,1.0,0.0,0.0,True,conditional model forecast-error band (actual-driver rolling origin)
,balanced_structural,BEFU26,ar1,delayed_6m,c4fa05fe9cbe230d,gross_ruc_revenue,2042,FY2042,inferred_long_run,derived,7461.131841934116,6094.212868337705,6396.78214025967,7086.573456047125,7390.849410802094,7777.867923282776,0.9497987176983196,22.565678915930064,13.323277105967026,True,conditional model forecast-error band (actual-driver rolling origin)
,balanced_structural,BEFU26,ar1,delayed_6m,c4fa05fe9cbe230d,ruc_revenue_net_admin,2042,FY2042,inferred_long_run,derived,7393.480012454485,6026.561038858074,6329.1303107800395,7018.921626567493,7323.1975813224635,7710.216093803146,0.9493393658661361,22.77215941760735,13.445187771765054,True,conditional model forecast-error band (actual-driver rolling origin)
,balanced_structural,BEFU26,ar1,delayed_6m,c4fa05fe9cbe230d,total_ruc_net_revenue,2042,FY2042,inferred_long_run,derived,7162.134831347798,5795.215857751387,6097.7851296733525,6787.576445460807,7091.8524002157765,7478.870912696459,0.9477029691974529,23.507726321709505,13.879482779233808,True,conditional model forecast-error band (actual-driver rolling origin)
,balanced_structural,BEFU26,ar1,delayed_6m,c4fa05fe9cbe230d,gross_fed_revenue,2042,FY2042,inferred_long_run,derived,2454.4865082994606,2109.351574730907,2168.737697871469,2329.7850167389943,2487.7250626221203,2515.1468060418742,0.9491944685217019,16.532795350018603,12.9960936298507,True,conditional model forecast-error band (actual-driver rolling origin)
,balanced_structural,BEFU26,ar1,delayed_6m,c4fa05fe9cbe230d,net_fed_revenue,2042,FY2042,inferred_long_run,derived,2363.9442394610687,2031.777619670403,2088.932331835043,2243.928358987275,2395.9338677549354,2422.3252496018195,0.9492306635366513,16.52101701097879,12.986834917471763,True,conditional model forecast-error band (actual-driver rolling origin)
,balanced_structural,BEFU26,ar1,delayed_6m,c4fa05fe9cbe230d,gross_mvr_revenue,2042,FY2042,inferred_long_run,derived,513.5303122637637,483.09870667730223,494.29327662135205,513.5303122787384,533.5160199382365,545.8788814257979,1.0000000000291602,12.225213049595013,7.637863312095686,True,conditional model forecast-error band (actual-driver rolling origin)
,balanced_structural,BEFU26,ar1,delayed_6m,c4fa05fe9cbe230d,mvr_revenue_net_admin_coo,2042,FY2042,inferred_long_run,derived,445.212660614428,414.78105502796654,425.97562497201636,445.21266062940265,465.1983682889007,477.5612297764622,1.0000000000336349,14.10116564561622,8.809889472315081,True,conditional model forecast-error band (actual-driver rolling origin)
,balanced_structural,BEFU26,ar1,delayed_6m,c4fa05fe9cbe230d,net_mvr_revenue,2042,FY2042,inferred_long_run,derived,443.1025550242281,412.67094943776664,423.86551938181645,443.10255503920274,463.0882626987009,475.4511241862623,1.000000000033795,14.168317026531914,8.851843184415802,True,conditional model forecast-error band (actual-driver rolling origin)
,balanced_structural,BEFU26,ar1,delayed_6m,c4fa05fe9cbe230d,total_gross_revenue,2042,FY2042,inferred_long_run,derived,10446.706562190166,8911.2970834267,9291.7058619193,9913.557410352267,10298.782678376549,10703.317125259233,0.9489648580953227,17.15392340317477,9.640136922215936,True,conditional model forecast-error band (actual-driver rolling origin)
,balanced_structural,BEFU26,ar1,delayed_6m,c4fa05fe9cbe230d,total_admin_fees,2042,FY2042,inferred_long_run,derived,135.96948112896598,135.96948112896598,135.96948112896598,135.96948112896598,135.96948112896598,135.96948112896598,1.0,0.0,0.0,True,conditional model forecast-error band (actual-driver rolling origin)
,balanced_structural,BEFU26,ar1,delayed_6m,c4fa05fe9cbe230d,total_revenue_net_admin,2042,FY2042,inferred_long_run,derived,10310.7370810612,8775.327602297733,9155.736380790333,9777.5879292233,10162.813197247582,10567.347644130266,0.9482918488129051,17.38013517117144,9.767263082549663,True,conditional model forecast-error band (actual-driver rolling origin)
,balanced_structural,BEFU26,ar1,delayed_6m,c4fa05fe9cbe230d,total_refunds,2042,FY2042,inferred_long_run,derived,323.9975555352787,311.0292417573909,313.26065273331324,319.31194444860637,325.24648156407204,326.2768431369421,0.9855381282771372,4.706085314242739,3.699357796375016,True,conditional model forecast-error band (actual-driver rolling origin)
,balanced_structural,BEFU26,ar1,delayed_6m,c4fa05fe9cbe230d,total_nltf_net_revenue,2042,FY2042,inferred_long_run,derived,9986.73952552592,8457.199281976777,8834.990403172393,9460.110529795333,9841.417992071565,10245.548625567453,0.9472671741978917,17.90723928485057,10.077639316883776,True,conditional model forecast-error band (actual-driver rolling origin)
,balanced_structural,BEFU26,ar1,delayed_6m,c4fa05fe9cbe230d,total_fed_ruc_net_revenue,2042,FY2042,inferred_long_run,derived,8999.729769318663,7997.009115037644,8370.181633473383,8999.729769318663,9380.735897981478,9781.25439202711,1.0,19.825542796542702,11.228717866098776,True,conditional model forecast-error band (actual-driver rolling origin)
,balanced_structural,BEFU26,ar1,delayed_6m,c4fa05fe9cbe230d,ped_vkt_per_capita,2043,FY2043,inferred_long_run,PED,3229.883309866362,2767.2690992254506,2846.8694578319732,3062.735112239677,3274.435819842198,3311.191554926335,0.9482494624136744,16.840312900449312,13.237826911707076,True,conditional model forecast-error band (actual-driver rolling origin)
,balanced_structural,BEFU26,ar1,delayed_6m,c4fa05fe9cbe230d,ped_volume,2043,FY2043,inferred_long_run,PED,1500.0025847145455,1285.1581321093033,1322.125642139543,1422.3766445746899,1520.6933879751869,1537.7632608900599,0.9482494624136744,16.8403129004493,13.237826911707074,True,conditional model forecast-error band (actual-driver rolling origin)
,balanced_structural,BEFU26,ar1,delayed_6m,c4fa05fe9cbe230d,light_petrol_vkt,2043,FY2043,inferred_long_run,PED,19671.814585344364,16854.232616214344,17339.043782813183,18653.78760525427,19943.164548013017,20167.027745582556,0.9482494624136744,16.840312900449295,13.237826911707076,True,conditional model forecast-error band (actual-driver rolling origin)
,balanced_structural,BEFU26,ar1,delayed_6m,c4fa05fe9cbe230d,gross_ped_revenue,2043,FY2043,inferred_long_run,PED,2189.740813932287,1876.1055766929003,1930.071660703397,2076.420549636573,2219.945759466759,2244.8647814679425,0.9482494624136745,16.84031290044929,13.237826911707076,True,conditional model forecast-error band (actual-driver rolling origin)
,balanced_structural,BEFU26,ar1,delayed_6m,c4fa05fe9cbe230d,fed_refunds,2043,FY2043,inferred_long_run,PED,84.3336057989786,72.25455503017218,74.33295372763396,79.96929636228819,85.49689049170411,86.45659812695165,0.9482494624136745,16.840312900449312,13.237826911707073,True,conditional model forecast-error band (actual-driver rolling origin)
,balanced_structural,BEFU26,ar1,delayed_6m,c4fa05fe9cbe230d,light_ruc_net_km,2043,FY2043,inferred_long_run,LIGHT_RUC,8991.054506384144,6646.205387431358,7107.446937438892,8447.136137186779,8898.028111640417,9540.219088022586,0.9395044965180499,32.18770054765344,19.915140909557532,True,conditional model forecast-error band (actual-driver rolling origin)
,balanced_structural,BEFU26,ar1,delayed_6m,c4fa05fe9cbe230d,light_ruc_net_revenue,2043,FY2043,inferred_long_run,LIGHT_RUC,1256.1851803594616,928.574585704973,993.0169488642755,1180.1916254070516,1243.1879976178418,1332.9117098830766,0.9395044965180498,32.18770054765343,19.915140909557543,True,conditional model forecast-error band (actual-driver rolling origin)
,balanced_structural,BEFU26,ar1,delayed_6m,c4fa05fe9cbe230d,light_bev_ruc_net_km,2043,FY2043,inferred_long_run,LIGHT_RUC,26226.749050876788,19386.865101638417,20732.298651762663,24640.14866234924,25955.392681240817,27828.652549519174,0.9395044965180499,32.18770054765342,19.91514090955753,True,conditional model forecast-error band (actual-driver rolling origin)
,balanced_structural,BEFU26,ar1,delayed_6m,c4fa05fe9cbe230d,light_bev_ruc_net_revenue,2043,FY2043,inferred_long_run,LIGHT_RUC,3664.2702436432514,2708.635857675412,2896.613106131021,3442.598370360125,3626.357688459562,3888.0801909560723,0.9395044965180499,32.18770054765343,19.915140909557536,True,conditional model forecast-error band (actual-driver rolling origin)
,balanced_structural,BEFU26,ar1,delayed_6m,c4fa05fe9cbe230d,phev_ruc_net_km,2043,FY2043,inferred_long_run,LIGHT_RUC,3910.615496061722,2890.7347586029096,3091.3495309420423,3674.0408427031516,3870.1541174137265,4149.471964045389,0.9395044965180498,32.187700547653435,19.915140909557532,True,conditional model forecast-error band (actual-driver rolling origin)
,balanced_structural,BEFU26,ar1,delayed_6m,c4fa05fe9cbe230d,phev_ruc_net_revenue,2043,FY2043,inferred_long_run,LIGHT_RUC,269.4414076786529,199.1716248677407,212.99398268190694,253.1414140622474,266.653618689806,285.8986183227276,0.9395044965180498,32.18770054765344,19.915140909557525,True,conditional model forecast-error band (actual-driver rolling origin)
,balanced_structural,BEFU26,ar1,delayed_6m,c4fa05fe9cbe230d,current_light_ruc_conventional_modelled_km,2043,FY2043,inferred_long_run,LIGHT_RUC,8729.582427324138,6452.9247061411315,6900.752725294893,8201.48194319598,8639.261366512468,9262.7765569088,0.9395044965180499,32.18770054765343,19.915140909557536,True,conditional model forecast-error band (actual-driver rolling origin)
,balanced_structural,BEFU26,ar1,delayed_6m,c4fa05fe9cbe230d,heavy_ruc_net_km,2043,FY2043,inferred_long_run,HEAVY_RUC,3918.79447433283,3672.799173436127,3743.1806425623854,3816.1670204627594,3890.8359401408015,4080.6125408734624,0.9738114732624393,10.406602594456425,3.7678755174715888,True,conditional model forecast-error band (actual-driver rolling origin)
,balanced_structural,BEFU26,ar1,delayed_6m,c4fa05fe9cbe230d,heavy_ruc_net_revenue,2043,FY2043,inferred_long_run,HEAVY_RUC,2247.291473223277,2106.2217779945495,2146.583087187039,2188.438220389677,2231.2582324128457,2340.0884707520013,0.9738114732624393,10.406602594456436,3.7678755174716034,True,conditional model forecast-error band (actual-driver rolling origin)
,balanced_structural,BEFU26,ar1,delayed_6m,c4fa05fe9cbe230d,heavy_bev_ruc_net_km,2043,FY2043,inferred_long_run,HEAVY_RUC_PROXY,532.22886177439,498.81914869664797,508.3779682388377,518.2905719973098,528.4316892185527,554.2060912345075,0.9738114732624392,10.406602594456425,3.767875517471604,True,conditional model forecast-error band (actual-driver rolling origin)
,balanced_structural,BEFU26,ar1,delayed_6m,c4fa05fe9cbe230d,heavy_bev_ruc_net_revenue,2043,FY2043,inferred_long_run,HEAVY_RUC_PROXY,278.97024949525985,261.4583919800739,266.46869199212995,271.6644296573693,276.97994372389127,290.4897172018092,0.9738114732624394,10.406602594456436,3.767875517471594,True,conditional model forecast-error band (actual-driver rolling origin)
,balanced_structural,BEFU26,ar1,delayed_6m,c4fa05fe9cbe230d,mr1_revenue,2043,FY2043,inferred_long_run,MVR_PROXY,478.684940574925,450.31825809509365,460.75322545818267,478.68494058888353,497.314526914882,508.83851191670544,1.0000000000291602,12.225213049594997,7.6378633120957025,True,conditional model forecast-error band (actual-driver rolling origin)
,balanced_structural,BEFU26,ar1,delayed_6m,c4fa05fe9cbe230d,mr2_revenue,2043,FY2043,inferred_long_run,MVR_PROXY,32.8372133641968,30.891292934976928,31.607119192929893,32.83721336515434,34.11518066518846,34.90571222830007,1.0000000000291602,12.225213049595,7.637863312095683,True,conditional model forecast-error band (actual-driver rolling origin)
,balanced_structural,BEFU26,ar1,delayed_6m,c4fa05fe9cbe230d,ruc_admin_revenue,2043,FY2043,inferred_long_run,FIXED,71.0541615661232,71.0541615661232,71.0541615661232,71.0541615661232,71.0541615661232,71.0541615661232,1.0,0.0,0.0,True,conditional model forecast-error band (actual-driver rolling origin)
,balanced_structural,BEFU26,ar1,delayed_6m,c4fa05fe9cbe230d,ruc_refunds,2043,FY2043,inferred_long_run,FIXED,246.972785528816,246.972785528816,246.972785528816,246.972785528816,246.972785528816,246.972785528816,1.0,0.0,0.0,True,conditional model forecast-error band (actual-driver rolling origin)
,balanced_structural,BEFU26,ar1,delayed_6m,c4fa05fe9cbe230d,mvr_admin_revenue,2043,FY2043,inferred_long_run,FIXED,68.1684400031144,68.1684400031144,68.1684400031144,68.1684400031144,68.1684400031144,68.1684400031144,1.0,0.0,0.0,True,conditional model forecast-error band (actual-driver rolling origin)
,balanced_structural,BEFU26,ar1,delayed_6m,c4fa05fe9cbe230d,mvr_refunds,2043,FY2043,inferred_long_run,FIXED,2.12860254401761,2.12860254401761,2.12860254401761,2.12860254401761,2.12860254401761,2.12860254401761,1.0,0.0,0.0,True,conditional model forecast-error band (actual-driver rolling origin)
,balanced_structural,BEFU26,ar1,delayed_6m,c4fa05fe9cbe230d,coo_revenue,2043,FY2043,inferred_long_run,FIXED,0.0,0.0,0.0,0.0,0.0,0.0,,,,True,conditional model forecast-error band (actual-driver rolling origin)
,balanced_structural,BEFU26,ar1,delayed_6m,c4fa05fe9cbe230d,gross_lpg_revenue,2043,FY2043,inferred_long_run,FIXED,44.9171450107643,44.9171450107643,44.9171450107643,44.9171450107643,44.9171450107643,44.9171450107643,1.0,0.0,0.0,True,conditional model forecast-error band (actual-driver rolling origin)
,balanced_structural,BEFU26,ar1,delayed_6m,c4fa05fe9cbe230d,gross_cng_revenue,2043,FY2043,inferred_long_run,FIXED,0.0,0.0,0.0,0.0,0.0,0.0,,,,True,conditional model forecast-error band (actual-driver rolling origin)
,balanced_structural,BEFU26,ar1,delayed_6m,c4fa05fe9cbe230d,tuc_net_revenue,2043,FY2043,inferred_long_run,FIXED,17.5578996928248,17.5578996928248,17.5578996928248,17.5578996928248,17.5578996928248,17.5578996928248,1.0,0.0,0.0,True,conditional model forecast-error band (actual-driver rolling origin)
,balanced_structural,BEFU26,ar1,delayed_6m,c4fa05fe9cbe230d,gross_ruc_revenue,2043,FY2043,inferred_long_run,derived,7963.131339928719,6481.833044166483,6808.237326319213,7560.592308880232,7885.919017178087,8304.71354860482,0.9494496556863157,22.891503688982898,13.533390884251334,True,conditional model forecast-error band (actual-driver rolling origin)
,balanced_structural,BEFU26,ar1,delayed_6m,c4fa05fe9cbe230d,ruc_revenue_net_admin,2043,FY2043,inferred_long_run,derived,7892.077178362596,6410.77888260036,6737.18316475309,7489.53814731411,7814.864855611964,8233.659387038695,0.9489945394664776,23.097601090826334,13.655235073137813,True,conditional model forecast-error band (actual-driver rolling origin)
,balanced_structural,BEFU26,ar1,delayed_6m,c4fa05fe9cbe230d,total_ruc_net_revenue,2043,FY2043,inferred_long_run,derived,7645.1043928337795,6163.806097071544,6490.210379224274,7242.565361785293,7567.892070083149,7986.686601509879,0.9473468234880075,23.843762109344535,14.096363312828675,True,conditional model forecast-error band (actual-driver rolling origin)
,balanced_structural,BEFU26,ar1,delayed_6m,c4fa05fe9cbe230d,gross_fed_revenue,2043,FY2043,inferred_long_run,derived,2234.657958943051,1921.0227217036645,1974.9888057141611,2121.3376946473372,2264.862904477523,2289.7819264787067,0.9492896602622299,16.501818692175068,12.971743510155198,True,conditional model forecast-error band (actual-driver rolling origin)
,balanced_structural,BEFU26,ar1,delayed_6m,c4fa05fe9cbe230d,net_fed_revenue,2043,FY2043,inferred_long_run,derived,2150.3243531440726,1848.7681666734923,1900.655851986527,2041.368398285049,2179.3660139858184,2203.325328351755,0.9493304557985799,16.488543282312325,12.961307980899646,True,conditional model forecast-error band (actual-driver rolling origin)
,balanced_structural,BEFU26,ar1,delayed_6m,c4fa05fe9cbe230d,gross_mvr_revenue,2043,FY2043,inferred_long_run,derived,511.52215393912184,481.20955103007054,492.3603446511126,511.5221539540379,531.4297075800705,543.7442241450054,1.0000000000291602,12.225213049594988,7.637863312095704,True,conditional model forecast-error band (actual-driver rolling origin)
,balanced_structural,BEFU26,ar1,delayed_6m,c4fa05fe9cbe230d,mvr_revenue_net_admin_coo,2043,FY2043,inferred_long_run,derived,443.3537139360074,413.0411110269561,424.19190464799823,443.35371395092346,463.2612675769561,475.5757841418911,1.0000000000336438,14.104916943125259,8.812233144977561,True,conditional model forecast-error band (actual-driver rolling origin)
,balanced_structural,BEFU26,ar1,delayed_6m,c4fa05fe9cbe230d,net_mvr_revenue,2043,FY2043,inferred_long_run,derived,441.22511139198986,410.9125084829385,422.0633021039806,441.22511140690585,461.13266503293846,473.4471815978735,1.0000000000338058,14.172963301578369,8.85474600611481,True,conditional model forecast-error band (actual-driver rolling origin)
,balanced_structural,BEFU26,ar1,delayed_6m,c4fa05fe9cbe230d,total_gross_revenue,2043,FY2043,inferred_long_run,derived,10726.869352503718,9092.553844545691,9491.951401726512,10181.49293229856,10579.772776593714,11017.766887035867,0.9491579134337212,17.947576121460067,10.141089064474325,True,conditional model forecast-error band (actual-driver rolling origin)
,balanced_structural,BEFU26,ar1,delayed_6m,c4fa05fe9cbe230d,total_admin_fees,2043,FY2043,inferred_long_run,derived,139.2226015692376,139.2226015692376,139.2226015692376,139.2226015692376,139.2226015692376,139.2226015692376,1.0,0.0,0.0,True,conditional model forecast-error band (actual-driver rolling origin)
,balanced_structural,BEFU26,ar1,delayed_6m,c4fa05fe9cbe230d,total_revenue_net_admin,2043,FY2043,inferred_long_run,derived,10587.64675093448,8953.331242976454,9352.728800157274,10042.270330729323,10440.550175024477,10878.544285466629,0.9484893637807644,18.183578351065155,10.274439641379136,True,conditional model forecast-error band (actual-driver rolling origin)
,balanced_structural,BEFU26,ar1,delayed_6m,c4fa05fe9cbe230d,total_refunds,2043,FY2043,inferred_long_run,derived,333.4349938718122,321.3559431030058,323.43434180046756,329.0706844351218,334.59827856453774,335.55798619978526,0.9869110635749041,4.2593139165949,3.348159902005398,True,conditional model forecast-error band (actual-driver rolling origin)
,balanced_structural,BEFU26,ar1,delayed_6m,c4fa05fe9cbe230d,total_nltf_net_revenue,2043,FY2043,inferred_long_run,derived,10254.211757062667,8625.586809136954,9022.205535899593,9715.162270422104,10109.799069507957,10547.9403269315,0.9474314067808003,18.746965279613143,10.60631045442645,True,conditional model forecast-error band (actual-driver rolling origin)
,balanced_structural,BEFU26,ar1,delayed_6m,c4fa05fe9cbe230d,total_fed_ruc_net_revenue,2043,FY2043,inferred_long_run,derived,9255.003176750275,8166.596858750107,8560.802903169955,9255.003176750275,9650.842314305217,10083.704738841616,1.0,20.714286569966006,11.777839405539881,True,conditional model forecast-error band (actual-driver rolling origin)
,balanced_structural,BEFU26,ar1,delayed_6m,c4fa05fe9cbe230d,ped_vkt_per_capita,2044,FY2044,inferred_long_run,PED,2867.2985214553355,2456.6171082528895,2527.281577722296,2718.914281549545,2906.849593034489,2939.479151055924,0.9482494624136744,16.840312900449284,13.23782691170706,True,conditional model forecast-error band (actual-driver rolling origin)
,balanced_structural,BEFU26,ar1,delayed_6m,c4fa05fe9cbe230d,ped_volume,2044,FY2044,inferred_long_run,PED,1323.6365427034655,1134.0528904062671,1166.6738656415157,1255.1376400496556,1341.8945801047041,1356.95742586222,0.9482494624136744,16.840312900449298,13.23782691170707,True,conditional model forecast-error band (actual-driver rolling origin)
,balanced_structural,BEFU26,ar1,delayed_6m,c4fa05fe9cbe230d,light_petrol_vkt,2044,FY2044,inferred_long_run,PED,17559.517401902725,15044.478466191862,15477.232144282716,16650.802936597822,17801.73066447768,18001.556140481127,0.9482494624136745,16.8403129004493,13.237826911707062,True,conditional model forecast-error band (actual-driver rolling origin)
,balanced_structural,BEFU26,ar1,delayed_6m,c4fa05fe9cbe230d,gross_ped_revenue,2044,FY2044,inferred_long_run,PED,1985.2108587533382,1700.8703218761902,1749.7957724593775,1882.4751295906417,2012.594549773558,2035.186042223949,0.9482494624136742,16.8403129004493,13.237826911707067,True,conditional model forecast-error band (actual-driver rolling origin)
,balanced_structural,BEFU26,ar1,delayed_6m,c4fa05fe9cbe230d,fed_refunds,2044,FY2044,inferred_long_run,PED,78.1830347453577,66.98492650604453,68.91174459995709,74.13702066715507,79.26147941386733,80.15119419222977,0.9482494624136745,16.840312900449305,13.237826911707062,True,conditional model forecast-error band (actual-driver rolling origin)
,balanced_structural,BEFU26,ar1,delayed_6m,c4fa05fe9cbe230d,light_ruc_net_km,2044,FY2044,inferred_long_run,LIGHT_RUC,8515.504800406195,6294.678098210964,6731.52392429811,8000.355050102659,8427.398704459141,9035.623283486762,0.9395044965180499,32.18770054765342,19.915140909557554,True,conditional model forecast-error band (actual-driver rolling origin)
,balanced_structural,BEFU26,ar1,delayed_6m,c4fa05fe9cbe230d,light_ruc_net_revenue,2044,FY2044,inferred_long_run,LIGHT_RUC,1222.358136574312,903.5695676076962,966.276601713376,1148.4109656669907,1209.7109470315918,1297.0185442281122,0.9395044965180499,32.18770054765343,19.915140909557522,True,conditional model forecast-error band (actual-driver rolling origin)
,balanced_structural,BEFU26,ar1,delayed_6m,c4fa05fe9cbe230d,light_bev_ruc_net_km,2044,FY2044,inferred_long_run,LIGHT_RUC,28712.36769831297,21224.239353341614,22697.185265542743,26975.398558244648,28415.293751132052,30466.09028821576,0.9395044965180499,32.187700547653414,19.915140909557532,True,conditional model forecast-error band (actual-driver rolling origin)
,balanced_structural,BEFU26,ar1,delayed_6m,c4fa05fe9cbe230d,light_bev_ruc_net_revenue,2044,FY2044,inferred_long_run,LIGHT_RUC,4121.516821254343,3046.6334379754276,3258.0674589423393,3872.1835860432348,4078.8733415062584,4373.25493042194,0.9395044965180498,32.187700547653435,19.91514090955754,True,conditional model forecast-error band (actual-driver rolling origin)
,balanced_structural,BEFU26,ar1,delayed_6m,c4fa05fe9cbe230d,phev_ruc_net_km,2044,FY2044,inferred_long_run,LIGHT_RUC,3781.652321799289,2795.4049234923973,2989.403878482357,3552.8793605983556,3742.5252670782393,4012.6318485865354,0.9395044965180499,32.18770054765342,19.91514090955753,True,conditional model forecast-error band (actual-driver rolling origin)
,balanced_structural,BEFU26,ar1,delayed_6m,c4fa05fe9cbe230d,phev_ruc_net_revenue,2044,FY2044,inferred_long_run,LIGHT_RUC,267.68425959856245,197.87273750940918,211.60495353837345,251.4905655399544,264.914651030133,284.0341454021977,0.9395044965180499,32.18770054765343,19.915140909557543,True,conditional model forecast-error band (actual-driver rolling origin)
,balanced_structural,BEFU26,ar1,delayed_6m,c4fa05fe9cbe230d,current_light_ruc_conventional_modelled_km,2044,FY2044,inferred_long_run,LIGHT_RUC,8267.862352812681,6111.620308028061,6535.762064053728,7767.693857059817,8182.318501824632,8772.85508384358,0.9395044965180498,32.187700547653435,19.915140909557532,True,conditional model forecast-error band (actual-driver rolling origin)
,balanced_structural,BEFU26,ar1,delayed_6m,c4fa05fe9cbe230d,heavy_ruc_net_km,2044,FY2044,inferred_long_run,HEAVY_RUC,3847.6771858833663,3606.1461453314373,3675.2503494022985,3746.9121890233573,3820.2260360805376,4006.5586191838843,0.9738114732624392,10.40660259445644,3.7678755174715866,True,conditional model forecast-error band (actual-driver rolling origin)
,balanced_structural,BEFU26,ar1,delayed_6m,c4fa05fe9cbe230d,heavy_ruc_net_revenue,2044,FY2044,inferred_long_run,HEAVY_RUC,2266.955205992829,2124.6511551756466,2165.365624609096,2207.5869889678333,2250.7816748077475,2360.5641744576615,0.9738114732624392,10.406602594456428,3.767875517471598,True,conditional model forecast-error band (actual-driver rolling origin)
,balanced_structural,BEFU26,ar1,delayed_6m,c4fa05fe9cbe230d,heavy_bev_ruc_net_km,2044,FY2044,inferred_long_run,HEAVY_RUC_PROXY,597.841435231306,560.3130104283493,571.05023045653,582.1848488199294,593.5761515279112,622.527992737866,0.9738114732624393,10.406602594456437,3.7678755174715914,True,conditional model forecast-error band (actual-driver rolling origin)
,balanced_structural,BEFU26,ar1,delayed_6m,c4fa05fe9cbe230d,heavy_bev_ruc_net_revenue,2044,FY2044,inferred_long_run,HEAVY_RUC_PROXY,322.3014837564169,302.0695856572925,307.85811375615674,313.86088273150654,320.00203245506253,335.6102202278594,0.9738114732624393,10.40660259445643,3.7678755174716168,True,conditional model forecast-error band (actual-driver rolling origin)
,balanced_structural,BEFU26,ar1,delayed_6m,c4fa05fe9cbe230d,mr1_revenue,2044,FY2044,inferred_long_run,MVR_PROXY,476.763380642536,448.5105690532377,458.9036478723575,476.76338065643847,495.3181832079609,506.79590807923927,1.0000000000291602,12.225213049594995,7.637863312095689,True,conditional model forecast-error band (actual-driver rolling origin)
,balanced_structural,BEFU26,ar1,delayed_6m,c4fa05fe9cbe230d,mr2_revenue,2044,FY2044,inferred_long_run,MVR_PROXY,32.8708536753551,30.92293973444463,31.639499325576196,32.870853676313615,34.1501301988188,34.94147162747742,1.00000000002916,12.225213049595002,7.637863312095688,True,conditional model forecast-error band (actual-driver rolling origin)
,balanced_structural,BEFU26,ar1,delayed_6m,c4fa05fe9cbe230d,ruc_admin_revenue,2044,FY2044,inferred_long_run,FIXED,74.1296662442097,74.1296662442097,74.1296662442097,74.1296662442097,74.1296662442097,74.1296662442097,1.0,0.0,0.0,True,conditional model forecast-error band (actual-driver rolling origin)
,balanced_structural,BEFU26,ar1,delayed_6m,c4fa05fe9cbe230d,ruc_refunds,2044,FY2044,inferred_long_run,FIXED,262.291354246574,262.291354246574,262.291354246574,262.291354246574,262.291354246574,262.291354246574,1.0,0.0,0.0,True,conditional model forecast-error band (actual-driver rolling origin)
,balanced_structural,BEFU26,ar1,delayed_6m,c4fa05fe9cbe230d,mvr_admin_revenue,2044,FY2044,inferred_long_run,FIXED,68.0282713313282,68.0282713313282,68.0282713313282,68.0282713313282,68.0282713313282,68.0282713313282,1.0,0.0,0.0,True,conditional model forecast-error band (actual-driver rolling origin)
,balanced_structural,BEFU26,ar1,delayed_6m,c4fa05fe9cbe230d,mvr_refunds,2044,FY2044,inferred_long_run,FIXED,2.14771022566508,2.14771022566508,2.14771022566508,2.14771022566508,2.14771022566508,2.14771022566508,1.0,0.0,0.0,True,conditional model forecast-error band (actual-driver rolling origin)
,balanced_structural,BEFU26,ar1,delayed_6m,c4fa05fe9cbe230d,coo_revenue,2044,FY2044,inferred_long_run,FIXED,0.0,0.0,0.0,0.0,0.0,0.0,,,,True,conditional model forecast-error band (actual-driver rolling origin)
,balanced_structural,BEFU26,ar1,delayed_6m,c4fa05fe9cbe230d,gross_lpg_revenue,2044,FY2044,inferred_long_run,FIXED,45.0099218130958,45.0099218130958,45.0099218130958,45.0099218130958,45.0099218130958,45.0099218130958,1.0,0.0,0.0,True,conditional model forecast-error band (actual-driver rolling origin)
,balanced_structural,BEFU26,ar1,delayed_6m,c4fa05fe9cbe230d,gross_cng_revenue,2044,FY2044,inferred_long_run,FIXED,0.0,0.0,0.0,0.0,0.0,0.0,,,,True,conditional model forecast-error band (actual-driver rolling origin)
,balanced_structural,BEFU26,ar1,delayed_6m,c4fa05fe9cbe230d,tuc_net_revenue,2044,FY2044,inferred_long_run,FIXED,17.5578996928248,17.5578996928248,17.5578996928248,17.5578996928248,17.5578996928248,17.5578996928248,1.0,0.0,0.0,True,conditional model forecast-error band (actual-driver rolling origin)
,balanced_structural,BEFU26,ar1,delayed_6m,c4fa05fe9cbe230d,gross_ruc_revenue,2044,FY2044,inferred_long_run,derived,8463.107261423038,6869.360734836529,7218.3012256248985,8032.795349589678,8380.977260347614,8830.831110609832,0.9491543828358611,23.176716484667224,13.738169667569784,True,conditional model forecast-error band (actual-driver rolling origin)
,balanced_structural,BEFU26,ar1,delayed_6m,c4fa05fe9cbe230d,ruc_revenue_net_admin,2044,FY2044,inferred_long_run,derived,8388.977595178829,6795.231068592319,7144.171559380688,7958.665683345468,8306.847594103405,8756.701444365623,0.9487050827170331,23.381518826567927,13.859567766528665,True,conditional model forecast-error band (actual-driver rolling origin)
,balanced_structural,BEFU26,ar1,delayed_6m,c4fa05fe9cbe230d,total_ruc_net_revenue,2044,FY2044,inferred_long_run,derived,8126.686240932254,6532.939714345745,6881.8802051341145,7696.374329098894,8044.556239856831,8494.410090119049,0.947049523129615,24.13616470011881,14.306889674989346,True,conditional model forecast-error band (actual-driver rolling origin)
,balanced_structural,BEFU26,ar1,delayed_6m,c4fa05fe9cbe230d,gross_fed_revenue,2044,FY2044,inferred_long_run,derived,2030.220780566434,1745.880243689286,1794.8056942724734,1927.4850514037375,2057.6044715866537,2080.1959640370446,0.949396769973937,16.466963768072752,12.944344764359036,True,conditional model forecast-error band (actual-driver rolling origin)
,balanced_structural,BEFU26,ar1,delayed_6m,c4fa05fe9cbe230d,net_fed_revenue,2044,FY2044,inferred_long_run,derived,1952.0377458210764,1678.8953171832413,1725.8939496725163,1853.3480307365826,1978.3429921727864,2000.0447698448152,0.9494427219474783,16.452010384998484,12.93259021454442,True,conditional model forecast-error band (actual-driver rolling origin)
,balanced_structural,BEFU26,ar1,delayed_6m,c4fa05fe9cbe230d,gross_mvr_revenue,2044,FY2044,inferred_long_run,derived,509.63423431789107,479.43350878768234,490.54314719793376,509.63423433275216,529.4683134067797,541.7373797067168,1.0000000000291602,12.225213049595006,7.637863312095672,True,conditional model forecast-error band (actual-driver rolling origin)
,balanced_structural,BEFU26,ar1,delayed_6m,c4fa05fe9cbe230d,mvr_revenue_net_admin_coo,2044,FY2044,inferred_long_run,derived,441.6059629865629,411.40523745635414,422.5148758666055,441.6059630014239,461.4400420754515,473.7091083753885,1.0000000000336522,14.10847591315929,8.814456658509934,True,conditional model forecast-error band (actual-driver rolling origin)
,balanced_structural,BEFU26,ar1,delayed_6m,c4fa05fe9cbe230d,net_mvr_revenue,2044,FY2044,inferred_long_run,derived,439.4582527608978,409.25752723068905,420.36716564094047,439.45825277575887,459.29233184978636,471.5613981497234,1.0000000000338167,14.177426530872978,8.857534467562829,True,conditional model forecast-error band (actual-driver rolling origin)
,balanced_structural,BEFU26,ar1,delayed_6m,c4fa05fe9cbe230d,total_gross_revenue,2044,FY2044,inferred_long_run,derived,11020.520176000187,9285.403672931236,9708.536986146184,10462.401268738444,10871.776763892185,11342.135621829304,0.9493563916812946,18.662748364429234,10.555216624703734,True,conditional model forecast-error band (actual-driver rolling origin)
,balanced_structural,BEFU26,ar1,delayed_6m,c4fa05fe9cbe230d,total_admin_fees,2044,FY2044,inferred_long_run,derived,142.15793757553791,142.15793757553791,142.15793757553791,142.15793757553791,142.15793757553791,142.15793757553791,1.0,0.0,0.0,True,conditional model forecast-error band (actual-driver rolling origin)
,balanced_structural,BEFU26,ar1,delayed_6m,c4fa05fe9cbe230d,total_revenue_net_admin,2044,FY2044,inferred_long_run,derived,10878.36223842465,9143.245735355698,9566.379048570647,10320.243331162907,10729.618826316648,11199.977684253767,0.948694583336235,18.906632301995433,10.693151710256483,True,conditional model forecast-error band (actual-driver rolling origin)
,balanced_structural,BEFU26,ar1,delayed_6m,c4fa05fe9cbe230d,total_refunds,2044,FY2044,inferred_long_run,derived,342.62209921759677,331.4239909782836,333.35080907219617,338.57608513939414,343.7005438861064,344.5902586644688,0.9881910300373443,3.8427958138868976,3.0207435064885266,True,conditional model forecast-error band (actual-driver rolling origin)
,balanced_structural,BEFU26,ar1,delayed_6m,c4fa05fe9cbe230d,total_nltf_net_revenue,2044,FY2044,inferred_long_run,derived,10535.740139207051,8806.905237870373,9224.894426849236,9982.073396292226,10391.35442805002,10859.717843135983,0.9474487092886389,19.48427522074505,11.071457589011626,True,conditional model forecast-error band (actual-driver rolling origin)
,balanced_structural,BEFU26,ar1,delayed_6m,c4fa05fe9cbe230d,total_fed_ruc_net_revenue,2044,FY2044,inferred_long_run,derived,9523.485850453948,8347.460888060545,8769.167224758523,9523.485850453948,9933.159087283742,10398.73489151016,1.0,21.53910905796997,12.222329940982023,True,conditional model forecast-error band (actual-driver rolling origin)
,balanced_structural,BEFU26,ar1,delayed_6m,c4fa05fe9cbe230d,ped_vkt_per_capita,2045,FY2045,inferred_long_run,PED,2565.536767265806,2198.0765055178317,2261.304067352264,2432.7688603623164,2600.9253839591165,2630.1209247014654,0.9482494624136744,16.84031290044931,13.237826911707067,True,conditional model forecast-error band (actual-driver rolling origin)
,balanced_structural,BEFU26,ar1,delayed_6m,c4fa05fe9cbe230d,ped_volume,2045,FY2045,inferred_long_run,PED,1177.0804054540217,1008.4878990416069,1037.4970035181175,1116.165861689446,1193.3168702037408,1206.7119224099415,0.9482494624136745,16.840312900449312,13.237826911707081,True,conditional model forecast-error band (actual-driver rolling origin)
,balanced_structural,BEFU26,ar1,delayed_6m,c4fa05fe9cbe230d,light_petrol_vkt,2045,FY2045,inferred_long_run,PED,15797.922645763405,13535.195849345982,13924.535087701594,14980.371656097963,16015.836743193126,16195.615454663477,0.9482494624136745,16.84031290044929,13.23782691170706,True,conditional model forecast-error band (actual-driver rolling origin)
,balanced_structural,BEFU26,ar1,delayed_6m,c4fa05fe9cbe230d,gross_ped_revenue,2045,FY2045,inferred_long_run,PED,1812.4504216461714,1552.8542564923528,1597.5220322843977,1718.6551379774196,1837.4510819624227,1858.0765786630807,0.9482494624136745,16.840312900449298,13.23782691170706,True,conditional model forecast-error band (actual-driver rolling origin)
,balanced_structural,BEFU26,ar1,delayed_6m,c4fa05fe9cbe230d,fed_refunds,2045,FY2045,inferred_long_run,PED,72.2614752287827,61.91150833660596,63.69238980810576,68.52190503891225,73.2582388227381,74.08056687161363,0.9482494624136745,16.840312900449295,13.23782691170707,True,conditional model forecast-error band (actual-driver rolling origin)
,balanced_structural,BEFU26,ar1,delayed_6m,c4fa05fe9cbe230d,light_ruc_net_km,2045,FY2045,inferred_long_run,LIGHT_RUC,8080.881551303927,5973.403727375445,6387.953358845721,7592.0245532797935,7997.272306522336,8574.453682719724,0.9395044965180498,32.187700547653435,19.91514090955753,True,conditional model forecast-error band (actual-driver rolling origin)
,balanced_structural,BEFU26,ar1,delayed_6m,c4fa05fe9cbe230d,light_ruc_net_revenue,2045,FY2045,inferred_long_run,LIGHT_RUC,1190.9199186234198,880.3303743219589,941.4246262598908,1118.8746185396128,1178.5980061737328,1263.660111490823,0.9395044965180498,32.18770054765343,19.91514090955753,True,conditional model forecast-error band (actual-driver rolling origin)
,balanced_structural,BEFU26,ar1,delayed_6m,c4fa05fe9cbe230d,light_bev_ruc_net_km,2045,FY2045,inferred_long_run,LIGHT_RUC,31081.76273200823,22975.700878429347,24570.196875455986,29201.455846428875,30760.173720709765,32980.205591540296,0.9395044965180498,32.18770054765342,19.91514090955754,True,conditional model forecast-error band (actual-driver rolling origin)
,balanced_structural,BEFU26,ar1,delayed_6m,c4fa05fe9cbe230d,light_bev_ruc_net_revenue,2045,FY2045,inferred_long_run,LIGHT_RUC,4580.674782629701,3386.0439169585165,3621.0327645203174,4303.564555367446,4533.2806020895905,4860.45779905324,0.93950449651805,32.187700547653435,19.91514090955753,True,conditional model forecast-error band (actual-driver rolling origin)
,balanced_structural,BEFU26,ar1,delayed_6m,c4fa05fe9cbe230d,phev_ruc_net_km,2045,FY2045,inferred_long_run,LIGHT_RUC,3650.8805135255375,2698.7381425207086,2886.0284971454225,3430.0186587073695,3613.1064958536112,3873.8726295669408,0.9395044965180499,32.187700547653435,19.91514090955754,True,conditional model forecast-error band (actual-driver rolling origin)
,balanced_structural,BEFU26,ar1,delayed_6m,c4fa05fe9cbe230d,phev_ruc_net_revenue,2045,FY2045,inferred_long_run,LIGHT_RUC,265.32774132046853,196.13079450769257,209.74212103004368,249.27660602155817,262.58251458616127,281.5336933537775,0.9395044965180499,32.18770054765343,19.915140909557522,True,conditional model forecast-error band (actual-driver rolling origin)
,balanced_structural,BEFU26,ar1,delayed_6m,c4fa05fe9cbe230d,current_light_ruc_conventional_modelled_km,2045,FY2045,inferred_long_run,LIGHT_RUC,7845.878538213883,5799.689032335766,6202.1829973725735,7371.238165786407,7764.700763850602,8325.096921548658,0.9395044965180498,32.18770054765343,19.915140909557543,True,conditional model forecast-error band (actual-driver rolling origin)
,balanced_structural,BEFU26,ar1,delayed_6m,c4fa05fe9cbe230d,heavy_ruc_net_km,2045,FY2045,inferred_long_run,HEAVY_RUC,3787.995002710367,3550.2104042604606,3618.24271753432,3688.79299430014,3760.9696538444914,3944.411990490398,0.9738114732624392,10.406602594456437,3.767875517471594,True,conditional model forecast-error band (actual-driver rolling origin)
,balanced_structural,BEFU26,ar1,delayed_6m,c4fa05fe9cbe230d,heavy_ruc_net_revenue,2045,FY2045,inferred_long_run,HEAVY_RUC,2291.301357214467,2147.4690203810947,2188.620746195754,2231.2955503572466,2274.9541290657316,2385.915646867791,0.9738114732624392,10.406602594456446,3.7678755174715772,True,conditional model forecast-error band (actual-driver rolling origin)
,balanced_structural,BEFU26,ar1,delayed_6m,c4fa05fe9cbe230d,heavy_bev_ruc_net_km,2045,FY2045,inferred_long_run,HEAVY_RUC_PROXY,669.871523096138,627.8215386007859,639.852417543315,652.3285748028043,665.0923426605685,697.5324059028335,0.9738114732624392,10.406602594456448,3.7678755174716008,True,conditional model forecast-error band (actual-driver rolling origin)
,balanced_structural,BEFU26,ar1,delayed_6m,c4fa05fe9cbe230d,heavy_bev_ruc_net_revenue,2045,FY2045,inferred_long_run,HEAVY_RUC_PROXY,371.7051799044966,348.3720533079463,355.047870785711,361.9707688620779,369.05325925650624,387.0539342036166,0.9738114732624392,10.406602594456434,3.767875517471589,True,conditional model forecast-error band (actual-driver rolling origin)
,balanced_structural,BEFU26,ar1,delayed_6m,c4fa05fe9cbe230d,mr1_revenue,2045,FY2045,inferred_long_run,MVR_PROXY,474.952421405697,446.80692655294285,457.1605278390749,474.9524214195467,493.43674458353075,504.8708719539996,1.0000000000291602,12.225213049595007,7.637863312095687,True,conditional model forecast-error band (actual-driver rolling origin)
,balanced_structural,BEFU26,ar1,delayed_6m,c4fa05fe9cbe230d,mr2_revenue,2045,FY2045,inferred_long_run,MVR_PROXY,32.9034159871398,30.953572416360267,31.670841841104586,32.90341598809927,34.183959779212564,34.97608512138261,1.00000000002916,12.225213049595002,7.637863312095688,True,conditional model forecast-error band (actual-driver rolling origin)
,balanced_structural,BEFU26,ar1,delayed_6m,c4fa05fe9cbe230d,ruc_admin_revenue,2045,FY2045,inferred_long_run,FIXED,77.0121331116649,77.0121331116649,77.0121331116649,77.0121331116649,77.0121331116649,77.0121331116649,1.0,0.0,0.0,True,conditional model forecast-error band (actual-driver rolling origin)
,balanced_structural,BEFU26,ar1,delayed_6m,c4fa05fe9cbe230d,ruc_refunds,2045,FY2045,inferred_long_run,FIXED,277.613332328301,277.613332328301,277.613332328301,277.613332328301,277.613332328301,277.613332328301,1.0,0.0,0.0,True,conditional model forecast-error band (actual-driver rolling origin)
,balanced_structural,BEFU26,ar1,delayed_6m,c4fa05fe9cbe230d,mvr_admin_revenue,2045,FY2045,inferred_long_run,FIXED,67.8963836003967,67.8963836003967,67.8963836003967,67.8963836003967,67.8963836003967,67.8963836003967,1.0,0.0,0.0,True,conditional model forecast-error band (actual-driver rolling origin)
,balanced_structural,BEFU26,ar1,delayed_6m,c4fa05fe9cbe230d,mvr_refunds,2045,FY2045,inferred_long_run,FIXED,2.1674020558414,2.1674020558414,2.1674020558414,2.1674020558414,2.1674020558414,2.1674020558414,1.0,0.0,0.0,True,conditional model forecast-error band (actual-driver rolling origin)
,balanced_structural,BEFU26,ar1,delayed_6m,c4fa05fe9cbe230d,coo_revenue,2045,FY2045,inferred_long_run,FIXED,0.0,0.0,0.0,0.0,0.0,0.0,,,,True,conditional model forecast-error band (actual-driver rolling origin)
,balanced_structural,BEFU26,ar1,delayed_6m,c4fa05fe9cbe230d,gross_lpg_revenue,2045,FY2045,inferred_long_run,FIXED,45.0994562030281,45.0994562030281,45.0994562030281,45.0994562030281,45.0994562030281,45.0994562030281,1.0,0.0,0.0,True,conditional model forecast-error band (actual-driver rolling origin)
,balanced_structural,BEFU26,ar1,delayed_6m,c4fa05fe9cbe230d,gross_cng_revenue,2045,FY2045,inferred_long_run,FIXED,0.0,0.0,0.0,0.0,0.0,0.0,,,,True,conditional model forecast-error band (actual-driver rolling origin)
,balanced_structural,BEFU26,ar1,delayed_6m,c4fa05fe9cbe230d,tuc_net_revenue,2045,FY2045,inferred_long_run,FIXED,17.5578996928248,17.5578996928248,17.5578996928248,17.5578996928248,17.5578996928248,17.5578996928248,1.0,0.0,0.0,True,conditional model forecast-error band (actual-driver rolling origin)
,balanced_structural,BEFU26,ar1,delayed_6m,c4fa05fe9cbe230d,gross_ruc_revenue,2045,FY2045,inferred_long_run,derived,8977.542312020854,7270.407006190282,7641.567749900972,8518.406420553012,8885.776524308076,9371.716560808172,0.9488572845985852,23.406289623433512,13.859124592942536,True,conditional model forecast-error band (actual-driver rolling origin)
,balanced_structural,BEFU26,ar1,delayed_6m,c4fa05fe9cbe230d,ruc_revenue_net_admin,2045,FY2045,inferred_long_run,derived,8900.53017890919,7193.394873078617,7564.555616789306,8441.394287441348,8808.764391196411,9294.704427696508,0.9484147705542512,23.608813322123,13.97904112898126,True,conditional model forecast-error band (actual-driver rolling origin)
,balanced_structural,BEFU26,ar1,delayed_6m,c4fa05fe9cbe230d,total_ruc_net_revenue,2045,FY2045,inferred_long_run,derived,8622.916846580889,6915.781540750316,7286.942284461005,8163.780955113046,8531.15105886811,9017.091095368207,0.9467539929194728,24.36889502710548,14.42909396604528,True,conditional model forecast-error band (actual-driver rolling origin)
,balanced_structural,BEFU26,ar1,delayed_6m,c4fa05fe9cbe230d,gross_fed_revenue,2045,FY2045,inferred_long_run,derived,1857.5498778491994,1597.9537126953808,1642.6214884874257,1763.7545941804476,1882.5505381654507,1903.1760348661087,0.9495059137914754,16.431446918891652,12.916425692742719,True,conditional model forecast-error band (actual-driver rolling origin)
,balanced_structural,BEFU26,ar1,delayed_6m,c4fa05fe9cbe230d,net_fed_revenue,2045,FY2045,inferred_long_run,derived,1785.2884026204167,1536.0422043587746,1578.9290986793198,1695.2326891415355,1809.2922993427126,1829.0954679944953,0.9495567700172707,16.414897626937023,12.903416631468026,True,conditional model forecast-error band (actual-driver rolling origin)
,balanced_structural,BEFU26,ar1,delayed_6m,c4fa05fe9cbe230d,gross_mvr_revenue,2045,FY2045,inferred_long_run,derived,507.8558373928368,477.7604989693031,488.8313696801795,507.855837407646,527.6207043627433,539.8469570753822,1.0000000000291602,12.225213049595006,7.63786331209568,True,conditional model forecast-error band (actual-driver rolling origin)
,balanced_structural,BEFU26,ar1,delayed_6m,c4fa05fe9cbe230d,mvr_revenue_net_admin_coo,2045,FY2045,inferred_long_run,derived,439.9594537924401,409.8641153689064,420.9349860797828,439.9594538072493,459.7243207623466,471.95057347498545,1.0000000000336604,14.111859074943206,8.816570333516118,True,conditional model forecast-error band (actual-driver rolling origin)
,balanced_structural,BEFU26,ar1,delayed_6m,c4fa05fe9cbe230d,net_mvr_revenue,2045,FY2045,inferred_long_run,derived,437.7920517365987,407.696713313065,418.76758402394137,437.7920517514079,457.5569187065052,469.783171419144,1.000000000033827,14.181723459756613,8.860219030632782,True,conditional model forecast-error band (actual-driver rolling origin)
,balanced_structural,BEFU26,ar1,delayed_6m,c4fa05fe9cbe230d,total_gross_revenue,2045,FY2045,inferred_long_run,derived,11360.505926955715,9523.551614795666,9965.996774681365,10783.776658380651,11212.085764512107,11711.847516859723,0.9492338393832773,19.262310289119817,10.968604724496254,True,conditional model forecast-error band (actual-driver rolling origin)
,balanced_structural,BEFU26,ar1,delayed_6m,c4fa05fe9cbe230d,total_admin_fees,2045,FY2045,inferred_long_run,derived,144.9085167120616,144.9085167120616,144.9085167120616,144.9085167120616,144.9085167120616,144.9085167120616,1.0,0.0,0.0,True,conditional model forecast-error band (actual-driver rolling origin)
,balanced_structural,BEFU26,ar1,delayed_6m,c4fa05fe9cbe230d,total_revenue_net_admin,2045,FY2045,inferred_long_run,derived,11215.597410243654,9378.643098083605,9821.088257969304,10638.86814166859,11067.177247800046,11566.939000147662,0.9485779270172168,19.511184487287313,11.110322029681972,True,conditional model forecast-error band (actual-driver rolling origin)
,balanced_structural,BEFU26,ar1,delayed_6m,c4fa05fe9cbe230d,total_refunds,2045,FY2045,inferred_long_run,derived,352.0422096129251,341.69224272074837,343.4731241922482,348.30263942305464,353.0389732068805,353.8613012557561,0.9893774948351161,3.456704395869956,2.7172449079756884,True,conditional model forecast-error band (actual-driver rolling origin)
,balanced_structural,BEFU26,ar1,delayed_6m,c4fa05fe9cbe230d,total_nltf_net_revenue,2045,FY2045,inferred_long_run,derived,10863.555200630728,9030.827117409432,9470.130291237898,10292.453081412783,10716.782606211073,11216.805654765578,0.9474295376908669,20.122128501995647,11.475546374549605,True,conditional model forecast-error band (actual-driver rolling origin)
,balanced_structural,BEFU26,ar1,delayed_6m,c4fa05fe9cbe230d,total_fed_ruc_net_revenue,2045,FY2045,inferred_long_run,derived,9836.330533537743,8573.910479977336,9015.539367903319,9836.330533537743,10259.554862859259,10761.88766778203,1.0,22.24383554766296,12.64715018181192,True,conditional model forecast-error band (actual-driver rolling origin)
,balanced_structural,BEFU26,ar1,delayed_6m,c4fa05fe9cbe230d,ped_vkt_per_capita,2046,FY2046,inferred_long_run,PED,2312.0454377670126,1980.8925840737436,2037.8728611625907,2192.395843438558,2343.937434334208,2370.2482701942713,0.9482494624136744,16.840312900449298,13.237826911707074,True,conditional model forecast-error band (actual-driver rolling origin)
,balanced_structural,BEFU26,ar1,delayed_6m,c4fa05fe9cbe230d,ped_volume,2046,FY2046,inferred_long_run,PED,1054.1359924959072,903.1527391421367,929.1318829602421,999.5838881951491,1068.6765810608558,1080.6725386747044,0.9482494624136745,16.84031290044931,13.237826911707074,True,conditional model forecast-error band (actual-driver rolling origin)
,balanced_structural,BEFU26,ar1,delayed_6m,c4fa05fe9cbe230d,light_petrol_vkt,2046,FY2046,inferred_long_run,PED,14315.290968613072,12264.920600336853,12617.720434057614,13574.466965282674,14512.753874389848,14675.660392061054,0.9482494624136745,16.840312900449305,13.237826911707078,True,conditional model forecast-error band (actual-driver rolling origin)
,balanced_structural,BEFU26,ar1,delayed_6m,c4fa05fe9cbe230d,gross_ped_revenue,2046,FY2046,inferred_long_run,PED,1665.2657633298074,1426.7507667486993,1467.7911819028002,1579.087364853387,1688.2361812723177,1707.1867319174944,0.9482494624136744,16.8403129004493,13.237826911707078,True,conditional model forecast-error band (actual-driver rolling origin)
,balanced_structural,BEFU26,ar1,delayed_6m,c4fa05fe9cbe230d,fed_refunds,2046,FY2046,inferred_long_run,PED,66.6787339973973,57.12837971663614,58.771674730238765,63.228073667456385,67.5984901237318,68.35728715985611,0.9482494624136744,16.8403129004493,13.237826911707087,True,conditional model forecast-error band (actual-driver rolling origin)
,balanced_structural,BEFU26,ar1,delayed_6m,c4fa05fe9cbe230d,light_ruc_net_km,2046,FY2046,inferred_long_run,LIGHT_RUC,7680.843975198953,5677.69515486084,6071.722838484742,7216.187451752989,7601.3737391888735,8149.982213130358,0.9395044965180499,32.187700547653414,19.91514090955753,True,conditional model forecast-error band (actual-driver rolling origin)
,balanced_structural,BEFU26,ar1,delayed_6m,c4fa05fe9cbe230d,light_ruc_net_revenue,2046,FY2046,inferred_long_run,LIGHT_RUC,1161.343609050086,858.4675074149621,918.0444931788963,1091.087542705056,1149.327709365362,1232.2773106253146,0.9395044965180499,32.18770054765342,19.915140909557532,True,conditional model forecast-error band (actual-driver rolling origin)
,balanced_structural,BEFU26,ar1,delayed_6m,c4fa05fe9cbe230d,light_bev_ruc_net_km,2046,FY2046,inferred_long_run,LIGHT_RUC,33509.46313744956,24770.261850366147,26489.299000731873,31482.291293539696,33162.75580259119,35556.18750017472,0.9395044965180498,32.187700547653414,19.915140909557536,True,conditional model forecast-error band (actual-driver rolling origin)
,balanced_structural,BEFU26,ar1,delayed_6m,c4fa05fe9cbe230d,light_bev_ruc_net_revenue,2046,FY2046,inferred_long_run,LIGHT_RUC,5066.63082638237,3745.263591775359,4005.182008910657,4760.122443583199,5014.208677351786,5376.0955500264145,0.9395044965180498,32.18770054765342,19.915140909557547,True,conditional model forecast-error band (actual-driver rolling origin)
,balanced_structural,BEFU26,ar1,delayed_6m,c4fa05fe9cbe230d,phev_ruc_net_km,2046,FY2046,inferred_long_run,LIGHT_RUC,3523.7347858533367,2604.7517675472463,2785.519539924603,3310.564675846277,3487.2762878063904,3738.960968511215,0.9395044965180498,32.18770054765342,19.915140909557532,True,conditional model forecast-error band (actual-driver rolling origin)
,balanced_structural,BEFU26,ar1,delayed_6m,c4fa05fe9cbe230d,phev_ruc_net_revenue,2046,FY2046,inferred_long_run,LIGHT_RUC,262.7472843071541,194.22331554716044,207.70226449447802,246.8522550544777,260.02875640028356,278.7956246170388,0.9395044965180499,32.18770054765344,19.915140909557557,True,conditional model forecast-error band (actual-driver rolling origin)
,balanced_structural,BEFU26,ar1,delayed_6m,c4fa05fe9cbe230d,current_light_ruc_conventional_modelled_km,2046,FY2046,inferred_long_run,LIGHT_RUC,7457.474598258262,5512.580066819021,5895.148890131133,7006.330917732774,7380.315464668726,7912.969658923711,0.9395044965180498,32.18770054765343,19.915140909557543,True,conditional model forecast-error band (actual-driver rolling origin)
,balanced_structural,BEFU26,ar1,delayed_6m,c4fa05fe9cbe230d,heavy_ruc_net_km,2046,FY2046,inferred_long_run,HEAVY_RUC,3732.733320245248,3498.417674886682,3565.4574894664256,3634.9785338838215,3706.102234372451,3886.868397435464,0.9738114732624393,10.406602594456437,3.767875517471604,True,conditional model forecast-error band (actual-driver rolling origin)
,balanced_structural,BEFU26,ar1,delayed_6m,c4fa05fe9cbe230d,heavy_ruc_net_revenue,2046,FY2046,inferred_long_run,HEAVY_RUC,2316.5156348776068,2171.100516946307,2212.7050906754234,2255.8495032356373,2299.988516140378,2412.171093106469,0.9738114732624393,10.406602594456439,3.7678755174715803,True,conditional model forecast-error band (actual-driver rolling origin)
,balanced_structural,BEFU26,ar1,delayed_6m,c4fa05fe9cbe230d,heavy_bev_ruc_net_km,2046,FY2046,inferred_long_run,HEAVY_RUC_PROXY,748.576862526381,701.5862913832394,715.0307166225859,728.9727373469896,743.2361609551745,779.4877105804104,0.9738114732624393,10.406602594456439,3.767875517471596,True,conditional model forecast-error band (actual-driver rolling origin)
,balanced_structural,BEFU26,ar1,delayed_6m,c4fa05fe9cbe230d,heavy_bev_ruc_net_revenue,2046,FY2046,inferred_long_run,HEAVY_RUC_PROXY,427.32165167945277,400.49730072839674,408.17198890907235,416.1307271789068,424.2729368035577,444.96696681874477,0.9738114732624392,10.406602594456436,3.767875517471591,True,conditional model forecast-error band (actual-driver rolling origin)
,balanced_structural,BEFU26,ar1,delayed_6m,c4fa05fe9cbe230d,mr1_revenue,2046,FY2046,inferred_long_run,MVR_PROXY,473.242288034574,445.1981350169704,455.5144566972457,473.24228804837384,491.66005579236065,503.05301296997516,1.0000000000291602,12.225213049595009,7.637863312095694,True,conditional model forecast-error band (actual-driver rolling origin)
,balanced_structural,BEFU26,ar1,delayed_6m,c4fa05fe9cbe230d,mr2_revenue,2046,FY2046,inferred_long_run,MVR_PROXY,32.9350280886836,30.98331119712247,31.701269741619534,32.93502808964399,34.21680216883351,35.009688548908,1.0000000000291602,12.225213049595013,7.6378633120956945,True,conditional model forecast-error band (actual-driver rolling origin)
,balanced_structural,BEFU26,ar1,delayed_6m,c4fa05fe9cbe230d,ruc_admin_revenue,2046,FY2046,inferred_long_run,FIXED,80.0022843834548,80.0022843834548,80.0022843834548,80.0022843834548,80.0022843834548,80.0022843834548,1.0,0.0,0.0,True,conditional model forecast-error band (actual-driver rolling origin)
,balanced_structural,BEFU26,ar1,delayed_6m,c4fa05fe9cbe230d,ruc_refunds,2046,FY2046,inferred_long_run,FIXED,293.713955398411,293.713955398411,293.713955398411,293.713955398411,293.713955398411,293.713955398411,1.0,0.0,0.0,True,conditional model forecast-error band (actual-driver rolling origin)
,balanced_structural,BEFU26,ar1,delayed_6m,c4fa05fe9cbe230d,mvr_admin_revenue,2046,FY2046,inferred_long_run,FIXED,67.7720795706125,67.7720795706125,67.7720795706125,67.7720795706125,67.7720795706125,67.7720795706125,1.0,0.0,0.0,True,conditional model forecast-error band (actual-driver rolling origin)
,balanced_structural,BEFU26,ar1,delayed_6m,c4fa05fe9cbe230d,mvr_refunds,2046,FY2046,inferred_long_run,FIXED,2.18765418784998,2.18765418784998,2.18765418784998,2.18765418784998,2.18765418784998,2.18765418784998,1.0,0.0,0.0,True,conditional model forecast-error band (actual-driver rolling origin)
,balanced_structural,BEFU26,ar1,delayed_6m,c4fa05fe9cbe230d,coo_revenue,2046,FY2046,inferred_long_run,FIXED,0.0,0.0,0.0,0.0,0.0,0.0,,,,True,conditional model forecast-error band (actual-driver rolling origin)
,balanced_structural,BEFU26,ar1,delayed_6m,c4fa05fe9cbe230d,gross_lpg_revenue,2046,FY2046,inferred_long_run,FIXED,45.1859672028516,45.1859672028516,45.1859672028516,45.1859672028516,45.1859672028516,45.1859672028516,1.0,0.0,0.0,True,conditional model forecast-error band (actual-driver rolling origin)
,balanced_structural,BEFU26,ar1,delayed_6m,c4fa05fe9cbe230d,gross_cng_revenue,2046,FY2046,inferred_long_run,FIXED,0.0,0.0,0.0,0.0,0.0,0.0,,,,True,conditional model forecast-error band (actual-driver rolling origin)
,balanced_structural,BEFU26,ar1,delayed_6m,c4fa05fe9cbe230d,tuc_net_revenue,2046,FY2046,inferred_long_run,FIXED,17.5578996928248,17.5578996928248,17.5578996928248,17.5578996928248,17.5578996928248,17.5578996928248,1.0,0.0,0.0,True,conditional model forecast-error band (actual-driver rolling origin)
,balanced_structural,BEFU26,ar1,delayed_6m,c4fa05fe9cbe230d,gross_ruc_revenue,2046,FY2046,inferred_long_run,derived,9528.27296169508,7698.7077350771315,8096.3252604998,9038.65358822048,9428.68256026692,9950.142832425858,0.94861404837551,23.628994534474334,13.98319826817906,True,conditional model forecast-error band (actual-driver rolling origin)
,balanced_structural,BEFU26,ar1,delayed_6m,c4fa05fe9cbe230d,ruc_revenue_net_admin,2046,FY2046,inferred_long_run,derived,9448.270677311626,7618.7054506936765,8016.322976116345,8958.651303837025,9348.680275883466,9870.140548042404,0.9481789429836789,23.829070675919098,14.10159959712569,True,conditional model forecast-error band (actual-driver rolling origin)
,balanced_structural,BEFU26,ar1,delayed_6m,c4fa05fe9cbe230d,total_ruc_net_revenue,2046,FY2046,inferred_long_run,derived,9154.556721913215,7324.991495295266,7722.609020717934,8664.937348438616,9054.966320485055,9576.426592643993,0.9465163209593098,24.593600386564635,14.55403402087033,True,conditional model forecast-error band (actual-driver rolling origin)
,balanced_structural,BEFU26,ar1,delayed_6m,c4fa05fe9cbe230d,gross_fed_revenue,2046,FY2046,inferred_long_run,derived,1710.451730532659,1471.9367339515509,1512.9771491056517,1624.2733320562386,1733.4221484751693,1752.372699120346,0.9496165855264543,16.395432865063274,12.888115778681918,True,conditional model forecast-error band (actual-driver rolling origin)
,balanced_structural,BEFU26,ar1,delayed_6m,c4fa05fe9cbe230d,net_fed_revenue,2046,FY2046,inferred_long_run,derived,1643.7729965352617,1414.8083542349148,1454.205474375413,1561.0452583887823,1665.8236583514374,1684.01541196049,0.9496720421123521,16.377386554774215,12.873929941790777,True,conditional model forecast-error band (actual-driver rolling origin)
,balanced_structural,BEFU26,ar1,delayed_6m,c4fa05fe9cbe230d,gross_mvr_revenue,2046,FY2046,inferred_long_run,derived,506.17731612325764,476.1814462140929,487.2157264388652,506.17731613801783,525.8768579611942,538.062701518883,1.00000000002916,12.225213049594986,7.63786331209571,True,conditional model forecast-error band (actual-driver rolling origin)
,balanced_structural,BEFU26,ar1,delayed_6m,c4fa05fe9cbe230d,mvr_revenue_net_admin_coo,2046,FY2046,inferred_long_run,derived,438.40523655264514,408.4093666434804,419.4436468682527,438.4052365674053,458.10477839058166,470.2906219482706,1.000000000033668,14.115081241133694,8.818583424399039,True,conditional model forecast-error band (actual-driver rolling origin)
,balanced_structural,BEFU26,ar1,delayed_6m,c4fa05fe9cbe230d,net_mvr_revenue,2046,FY2046,inferred_long_run,derived,436.21758236479513,406.2217124556304,417.25599268040276,436.2175823795553,455.91712420273166,468.1029677604206,1.0000000000338367,14.185869118187183,8.862809085489316,True,conditional model forecast-error band (actual-driver rolling origin)
,balanced_structural,BEFU26,ar1,delayed_6m,c4fa05fe9cbe230d,total_gross_revenue,2046,FY2046,inferred_long_run,derived,11762.459908043822,9807.859093735016,10274.835812355012,11167.65868940966,11610.519216823632,12145.159723707204,0.9494322426359639,19.87084885512606,11.355476787259489,True,conditional model forecast-error band (actual-driver rolling origin)
,balanced_structural,BEFU26,ar1,delayed_6m,c4fa05fe9cbe230d,total_admin_fees,2046,FY2046,inferred_long_run,derived,147.77436395406733,147.77436395406733,147.77436395406733,147.77436395406733,147.77436395406733,147.77436395406733,1.0,0.0,0.0,True,conditional model forecast-error band (actual-driver rolling origin)
,balanced_structural,BEFU26,ar1,delayed_6m,c4fa05fe9cbe230d,total_revenue_net_admin,2046,FY2046,inferred_long_run,derived,11614.685544089754,9660.084729780949,10127.061448400944,11019.884325455592,11462.744852869564,11997.385359753136,0.948788865925274,20.123666896531226,11.499953222136915,True,conditional model forecast-error band (actual-driver rolling origin)
,balanced_structural,BEFU26,ar1,delayed_6m,c4fa05fe9cbe230d,total_refunds,2046,FY2046,inferred_long_run,derived,362.58034358365825,353.0299893028971,354.67328431649975,359.12968325371736,363.50009970999275,364.2588967461171,0.9904830463344059,3.0969432408376436,2.434443992812973,True,conditional model forecast-error band (actual-driver rolling origin)
,balanced_structural,BEFU26,ar1,delayed_6m,c4fa05fe9cbe230d,total_nltf_net_revenue,2046,FY2046,inferred_long_run,derived,11252.105200506096,9301.348931489028,9766.298719213493,10662.22549148845,11102.296066479372,11636.13165056857,0.9475760581236733,20.74974129262965,11.87331013582941,True,conditional model forecast-error band (actual-driver rolling origin)
,balanced_structural,BEFU26,ar1,delayed_6m,c4fa05fe9cbe230d,total_fed_ruc_net_revenue,2046,FY2046,inferred_long_run,derived,10205.645873148023,8851.518376705257,9311.155673988153,10205.645873148023,10646.961716339962,11184.855236154946,1.0,22.863196395917573,13.088892745793146,True,conditional model forecast-error band (actual-driver rolling origin)
,balanced_structural,BEFU26,ar1,delayed_6m,c4fa05fe9cbe230d,ped_vkt_per_capita,2047,FY2047,inferred_long_run,PED,2081.9685060319844,1783.7694305251127,1835.0794698634963,1974.22551660703,2110.686857048264,2134.3794414297085,0.9482494624136744,16.8403129004493,13.237826911707062,True,conditional model forecast-error band (actual-driver rolling origin)
,balanced_structural,BEFU26,ar1,delayed_6m,c4fa05fe9cbe230d,ped_volume,2047,FY2047,inferred_long_run,PED,943.1605036509144,808.0722016768702,831.3163585430908,894.3514405567901,956.1703135159835,966.9033816451379,0.9482494624136745,16.840312900449312,13.237826911707067,True,conditional model forecast-error band (actual-driver rolling origin)
,balanced_structural,BEFU26,ar1,delayed_6m,c4fa05fe9cbe230d,light_petrol_vkt,2047,FY2047,inferred_long_run,PED,12961.642700000251,11105.15454516402,11424.593765738313,12290.870722273365,13140.43359127826,13287.935732882306,0.9482494624136744,16.840312900449295,13.237826911707069,True,conditional model forecast-error band (actual-driver rolling origin)
,balanced_structural,BEFU26,ar1,delayed_6m,c4fa05fe9cbe230d,gross_ped_revenue,2047,FY2047,inferred_long_run,PED,1527.654862554533,1308.8497911101235,1346.498790538332,1448.5979021709718,1548.7270970515776,1566.1116500032356,0.9482494624136745,16.840312900449298,13.237826911707064,True,conditional model forecast-error band (actual-driver rolling origin)
,balanced_structural,BEFU26,ar1,delayed_6m,c4fa05fe9cbe230d,fed_refunds,2047,FY2047,inferred_long_run,PED,61.4417326492604,52.64147086793816,54.155700170695724,58.26208995442589,62.28925039035863,62.98845089753114,0.9482494624136745,16.840312900449316,13.237826911707078,True,conditional model forecast-error band (actual-driver rolling origin)
,balanced_structural,BEFU26,ar1,delayed_6m,c4fa05fe9cbe230d,light_ruc_net_km,2047,FY2047,inferred_long_run,LIGHT_RUC,7292.902940669605,5390.928369956591,5765.054658927531,6851.715105428802,7217.446555959147,7738.346129730334,0.9395044965180498,32.187700547653414,19.915140909557525,True,conditional model forecast-error band (actual-driver rolling origin)
,balanced_structural,BEFU26,ar1,delayed_6m,c4fa05fe9cbe230d,light_ruc_net_revenue,2047,FY2047,inferred_long_run,LIGHT_RUC,1130.582278377304,835.7286705525192,893.7275985002391,1062.1871342190987,1118.8846523375653,1199.6371087614434,0.9395044965180499,32.18770054765344,19.915140909557543,True,conditional model forecast-error band (actual-driver rolling origin)
,balanced_structural,BEFU26,ar1,delayed_6m,c4fa05fe9cbe230d,light_bev_ruc_net_km,2047,FY2047,inferred_long_run,LIGHT_RUC,35904.76590433538,26540.874423396588,28382.79072660821,33732.68901355105,35533.27544970337,38097.79295502003,0.9395044965180497,32.18770054765343,19.915140909557522,True,conditional model forecast-error band (actual-driver rolling origin)
,balanced_structural,BEFU26,ar1,delayed_6m,c4fa05fe9cbe230d,light_bev_ruc_net_revenue,2047,FY2047,inferred_long_run,LIGHT_RUC,5566.136334319584,4114.499057487051,4400.042132392431,5229.410114325745,5508.5460265902575,5906.110352851972,0.9395044965180499,32.18770054765342,19.915140909557547,True,conditional model forecast-error band (actual-driver rolling origin)
,balanced_structural,BEFU26,ar1,delayed_6m,c4fa05fe9cbe230d,phev_ruc_net_km,2047,FY2047,inferred_long_run,LIGHT_RUC,3397.586213069626,2511.5024914521496,2685.798835678261,3192.0475244866466,3362.4329175347766,3605.107367563359,0.9395044965180499,32.18770054765343,19.915140909557525,True,conditional model forecast-error band (actual-driver rolling origin)
,balanced_structural,BEFU26,ar1,delayed_6m,c4fa05fe9cbe230d,phev_ruc_net_revenue,2047,FY2047,inferred_long_run,LIGHT_RUC,259.7454659891725,192.00436547151654,205.32932098760273,244.03203324700374,257.05799654553323,275.61045825021836,0.9395044965180499,32.18770054765343,19.91514090955752,True,conditional model forecast-error band (actual-driver rolling origin)
,balanced_structural,BEFU26,ar1,delayed_6m,c4fa05fe9cbe230d,current_light_ruc_conventional_modelled_km,2047,FY2047,inferred_long_run,LIGHT_RUC,7080.815416016549,5234.152849581839,5597.399037832804,6652.457922361873,7007.553405478173,7513.304512021326,0.9395044965180498,32.18770054765343,19.915140909557536,True,conditional model forecast-error band (actual-driver rolling origin)
,balanced_structural,BEFU26,ar1,delayed_6m,c4fa05fe9cbe230d,heavy_ruc_net_km,2047,FY2047,inferred_long_run,HEAVY_RUC,3674.343470439415,3443.693143271527,3509.684277335282,3578.1178282208307,3648.128965385785,3826.0674661955154,0.9738114732624393,10.406602594456428,3.7678755174715963,True,conditional model forecast-error band (actual-driver rolling origin)
,balanced_structural,BEFU26,ar1,delayed_6m,c4fa05fe9cbe230d,heavy_ruc_net_revenue,2047,FY2047,inferred_long_run,HEAVY_RUC,2338.0031219579523,2191.239165529389,2233.229654089827,2276.774264686056,2321.322701319802,2434.5458590775384,0.9738114732624393,10.406602594456459,3.76787551747159,True,conditional model forecast-error band (actual-driver rolling origin)
,balanced_structural,BEFU26,ar1,delayed_6m,c4fa05fe9cbe230d,heavy_bev_ruc_net_km,2047,FY2047,inferred_long_run,HEAVY_RUC_PROXY,833.62655925199,781.2971458005256,796.2690618647923,811.7951078158785,827.6790728979888,868.0493489437212,0.9738114732624393,10.406602594456436,3.767875517471586,True,conditional model forecast-error band (actual-driver rolling origin)
,balanced_structural,BEFU26,ar1,delayed_6m,c4fa05fe9cbe230d,heavy_bev_ruc_net_revenue,2047,FY2047,inferred_long_run,HEAVY_RUC_PROXY,489.38807158215786,458.66761234077194,467.45701216166526,476.57171898448524,485.8965454962358,509.5962840950011,0.9738114732624393,10.40660259445644,3.7678755174715994,True,conditional model forecast-error band (actual-driver rolling origin)
,balanced_structural,BEFU26,ar1,delayed_6m,c4fa05fe9cbe230d,mr1_revenue,2047,FY2047,inferred_long_run,MVR_PROXY,471.624191337962,443.6759260981509,453.9569745020219,471.6241913517146,489.97898558319207,501.3329882826463,1.0000000000291602,12.22521304959499,7.637863312095684,True,conditional model forecast-error band (actual-driver rolling origin)
,balanced_structural,BEFU26,ar1,delayed_6m,c4fa05fe9cbe230d,mr2_revenue,2047,FY2047,inferred_long_run,MVR_PROXY,32.9657909524934,31.01225106564687,31.730880217160443,32.965790953454686,34.24876226986309,35.042389243073295,1.00000000002916,12.225213049594986,7.637863312095677,True,conditional model forecast-error band (actual-driver rolling origin)
,balanced_structural,BEFU26,ar1,delayed_6m,c4fa05fe9cbe230d,ruc_admin_revenue,2047,FY2047,inferred_long_run,FIXED,82.9554869738818,82.9554869738818,82.9554869738818,82.9554869738818,82.9554869738818,82.9554869738818,1.0,0.0,0.0,True,conditional model forecast-error band (actual-driver rolling origin)
,balanced_structural,BEFU26,ar1,delayed_6m,c4fa05fe9cbe230d,ruc_refunds,2047,FY2047,inferred_long_run,FIXED,310.202352205942,310.202352205942,310.202352205942,310.202352205942,310.202352205942,310.202352205942,1.0,0.0,0.0,True,conditional model forecast-error band (actual-driver rolling origin)
,balanced_structural,BEFU26,ar1,delayed_6m,c4fa05fe9cbe230d,mvr_admin_revenue,2047,FY2047,inferred_long_run,FIXED,67.6547227759428,67.6547227759428,67.6547227759428,67.6547227759428,67.6547227759428,67.6547227759428,1.0,0.0,0.0,True,conditional model forecast-error band (actual-driver rolling origin)
,balanced_structural,BEFU26,ar1,delayed_6m,c4fa05fe9cbe230d,mvr_refunds,2047,FY2047,inferred_long_run,FIXED,2.20844525863813,2.20844525863813,2.20844525863813,2.20844525863813,2.20844525863813,2.20844525863813,1.0,0.0,0.0,True,conditional model forecast-error band (actual-driver rolling origin)
,balanced_structural,BEFU26,ar1,delayed_6m,c4fa05fe9cbe230d,coo_revenue,2047,FY2047,inferred_long_run,FIXED,0.0,0.0,0.0,0.0,0.0,0.0,,,,True,conditional model forecast-error band (actual-driver rolling origin)
,balanced_structural,BEFU26,ar1,delayed_6m,c4fa05fe9cbe230d,gross_lpg_revenue,2047,FY2047,inferred_long_run,FIXED,45.2696523640375,45.2696523640375,45.2696523640375,45.2696523640375,45.2696523640375,45.2696523640375,1.0,0.0,0.0,True,conditional model forecast-error band (actual-driver rolling origin)
,balanced_structural,BEFU26,ar1,delayed_6m,c4fa05fe9cbe230d,gross_cng_revenue,2047,FY2047,inferred_long_run,FIXED,0.0,0.0,0.0,0.0,0.0,0.0,,,,True,conditional model forecast-error band (actual-driver rolling origin)
,balanced_structural,BEFU26,ar1,delayed_6m,c4fa05fe9cbe230d,tuc_net_revenue,2047,FY2047,inferred_long_run,FIXED,17.5578996928248,17.5578996928248,17.5578996928248,17.5578996928248,17.5578996928248,17.5578996928248,1.0,0.0,0.0,True,conditional model forecast-error band (actual-driver rolling origin)
,balanced_structural,BEFU26,ar1,delayed_6m,c4fa05fe9cbe230d,gross_ruc_revenue,2047,FY2047,inferred_long_run,derived,10094.057624432113,8138.93779809839,8562.588213572402,9573.329877862026,9986.395336246265,10543.17074438227,0.9484124456244738,23.818300189455694,14.10539919276482,True,conditional model forecast-error band (actual-driver rolling origin)
,balanced_structural,BEFU26,ar1,delayed_6m,c4fa05fe9cbe230d,ruc_revenue_net_admin,2047,FY2047,inferred_long_run,derived,10011.10213745823,8055.982311124508,8479.63272659852,9490.374390888144,9903.439849272383,10460.215257408388,0.9479849731407998,24.0156669392877,14.222281454371021,True,conditional model forecast-error band (actual-driver rolling origin)
,balanced_structural,BEFU26,ar1,delayed_6m,c4fa05fe9cbe230d,total_ruc_net_revenue,2047,FY2047,inferred_long_run,derived,9700.899785252288,7745.779958918566,8169.430374392579,9180.172038682202,9593.23749706644,10150.012905202446,0.9463217064295708,24.783607701410286,14.677062480723613,True,conditional model forecast-error band (actual-driver rolling origin)
,balanced_structural,BEFU26,ar1,delayed_6m,c4fa05fe9cbe230d,gross_fed_revenue,2047,FY2047,inferred_long_run,derived,1572.9245149185706,1354.119443474161,1391.7684429023695,1493.8675545350093,1593.996749415615,1611.381302367273,0.9497388719968841,16.35563922191335,12.856834806450632,True,conditional model forecast-error band (actual-driver rolling origin)
,balanced_structural,BEFU26,ar1,delayed_6m,c4fa05fe9cbe230d,net_fed_revenue,2047,FY2047,inferred_long_run,derived,1511.4827822693103,1301.4779726062227,1337.612742731674,1435.6054645805834,1531.7074990252565,1548.392851469742,0.9497994164546114,16.33593725049294,12.841347488072113,True,conditional model forecast-error band (actual-driver rolling origin)
,balanced_structural,BEFU26,ar1,delayed_6m,c4fa05fe9cbe230d,gross_mvr_revenue,2047,FY2047,inferred_long_run,derived,504.5899822904554,474.6881771637977,485.6878547191824,504.5899823051693,524.2277478530551,536.3753775257196,1.0000000000291602,12.225213049595009,7.637863312095671,True,conditional model forecast-error band (actual-driver rolling origin)
,balanced_structural,BEFU26,ar1,delayed_6m,c4fa05fe9cbe230d,mvr_revenue_net_admin_coo,2047,FY2047,inferred_long_run,derived,436.93525951451255,407.03345438785493,418.0331319432396,436.9352595292265,456.57302507711233,468.72065474977677,1.0000000000336755,14.11815572642586,8.820504249690257,True,conditional model forecast-error band (actual-driver rolling origin)
,balanced_structural,BEFU26,ar1,delayed_6m,c4fa05fe9cbe230d,net_mvr_revenue,2047,FY2047,inferred_long_run,derived,434.7268142558745,404.8250091292168,415.8246866846015,434.7268142705884,454.3645798184742,466.51220949113866,1.0000000000338463,14.189877030592726,8.865313081697478,True,conditional model forecast-error band (actual-driver rolling origin)
,balanced_structural,BEFU26,ar1,delayed_6m,c4fa05fe9cbe230d,total_gross_revenue,2047,FY2047,inferred_long_run,derived,12189.130021333964,10118.136339757208,10605.32161877657,11573.988368831964,12033.795814442485,12601.704094092634,0.9495335884164537,20.375266733463132,11.719246518543445,True,conditional model forecast-error band (actual-driver rolling origin)
,balanced_structural,BEFU26,ar1,delayed_6m,c4fa05fe9cbe230d,total_admin_fees,2047,FY2047,inferred_long_run,derived,150.6102097498246,150.6102097498246,150.6102097498246,150.6102097498246,150.6102097498246,150.6102097498246,1.0,0.0,0.0,True,conditional model forecast-error band (actual-driver rolling origin)
,balanced_structural,BEFU26,ar1,delayed_6m,c4fa05fe9cbe230d,total_revenue_net_admin,2047,FY2047,inferred_long_run,derived,12038.51981158414,9967.526130007383,10454.711409026746,11423.37815908214,11883.18560469266,12451.09388434281,0.9489022187005021,20.630175413638465,11.865862398559633,True,conditional model forecast-error band (actual-driver rolling origin)
,balanced_structural,BEFU26,ar1,delayed_6m,c4fa05fe9cbe230d,total_refunds,2047,FY2047,inferred_long_run,derived,373.85253011384054,365.0522683325183,366.5664976352758,370.672887419006,374.70004785493876,375.3992483621113,0.9914949279763698,2.7676635026228857,2.175603898463979,True,conditional model forecast-error band (actual-driver rolling origin)
,balanced_structural,BEFU26,ar1,delayed_6m,c4fa05fe9cbe230d,total_nltf_net_revenue,2047,FY2047,inferred_long_run,derived,11664.6672814703,9596.96510417421,10082.874491215534,11053.79076046754,11512.443139745506,12078.341702284953,0.94763018041902,21.272587877859916,12.255545863711758,True,conditional model forecast-error band (actual-driver rolling origin)
,balanced_structural,BEFU26,ar1,delayed_6m,c4fa05fe9cbe230d,total_fed_ruc_net_revenue,2047,FY2047,inferred_long_run,derived,10599.341530667327,9145.81120881369,9629.666558113058,10599.341530667327,11059.551667851536,11627.626616415375,1.0,23.414807423847886,13.490320182639243,True,conditional model forecast-error band (actual-driver rolling origin)
,balanced_structural,BEFU26,ar1,delayed_6m,c4fa05fe9cbe230d,ped_vkt_per_capita,2048,FY2048,inferred_long_run,PED,1876.1862765471712,1607.4612638853075,1653.6998075409206,1779.0926281237687,1902.0660993714368,1923.4169034511403,0.9482494624136745,16.84031290044931,13.23782691170707,True,conditional model forecast-error band (actual-driver rolling origin)
,balanced_structural,BEFU26,ar1,delayed_6m,c4fa05fe9cbe230d,ped_volume,2048,FY2048,inferred_long_run,PED,844.3764249195306,723.4369061125476,744.2465328929247,800.6794910047252,856.0236225070323,865.6325381266239,0.9482494624136744,16.840312900449298,13.23782691170706,True,conditional model forecast-error band (actual-driver rolling origin)
,balanced_structural,BEFU26,ar1,delayed_6m,c4fa05fe9cbe230d,light_petrol_vkt,2048,FY2048,inferred_long_run,PED,11744.753868676848,10062.559956738112,10352.008995604689,11136.956542153745,11906.75918394615,12040.413257610917,0.9482494624136745,16.84031290044929,13.237826911707067,True,conditional model forecast-error band (actual-driver rolling origin)
,balanced_structural,BEFU26,ar1,delayed_6m,c4fa05fe9cbe230d,gross_ped_revenue,2048,FY2048,inferred_long_run,PED,1401.4410304255512,1200.7134889476126,1235.2519529989297,1328.9157037054947,1420.772290876308,1436.7205435865562,0.9482494624136744,16.84031290044929,13.23782691170706,True,conditional model forecast-error band (actual-driver rolling origin)
,balanced_structural,BEFU26,ar1,delayed_6m,c4fa05fe9cbe230d,fed_refunds,2048,FY2048,inferred_long_run,PED,56.625431852433,48.515005887942706,49.91053762988956,53.69503531301175,57.40651428652128,58.05090579312311,0.9482494624136744,16.840312900449298,13.23782691170706,True,conditional model forecast-error band (actual-driver rolling origin)
,balanced_structural,BEFU26,ar1,delayed_6m,c4fa05fe9cbe230d,light_ruc_net_km,2048,FY2048,inferred_long_run,LIGHT_RUC,6926.524430085186,5120.1006456717205,5475.431698556457,6507.500847307156,6854.858798942849,7349.5895875875985,0.9395044965180499,32.18770054765343,19.91514090955753,True,conditional model forecast-error band (actual-driver rolling origin)
,balanced_structural,BEFU26,ar1,delayed_6m,c4fa05fe9cbe230d,light_ruc_net_revenue,2048,FY2048,inferred_long_run,LIGHT_RUC,1100.3130383411872,813.3535880681848,869.7997024741899,1033.7490470989828,1088.928594506071,1167.5190539362331,0.9395044965180499,32.187700547653435,19.915140909557525,True,conditional model forecast-error band (actual-driver rolling origin)
,balanced_structural,BEFU26,ar1,delayed_6m,c4fa05fe9cbe230d,light_bev_ruc_net_km,2048,FY2048,inferred_long_run,LIGHT_RUC,38352.97628394901,28350.596409065784,30318.106028326787,36032.79367362022,37956.155298284415,40695.53756645582,0.9395044965180498,32.18770054765342,19.915140909557536,True,conditional model forecast-error band (actual-driver rolling origin)
,balanced_structural,BEFU26,ar1,delayed_6m,c4fa05fe9cbe230d,light_bev_ruc_net_revenue,2048,FY2048,inferred_long_run,LIGHT_RUC,6092.562047586725,4503.633992562149,4816.182733129856,5723.989439022946,6029.525049908976,6464.689620119347,0.9395044965180499,32.18770054765344,19.91514090955753,True,conditional model forecast-error band (actual-driver rolling origin)
,balanced_structural,BEFU26,ar1,delayed_6m,c4fa05fe9cbe230d,phev_ruc_net_km,2048,FY2048,inferred_long_run,LIGHT_RUC,3283.3852853010553,2427.0849383335253,2595.522769200734,3084.7552393415417,3249.413575372116,3483.9311617919448,0.9395044965180499,32.187700547653414,19.91514090955752,True,conditional model forecast-error band (actual-driver rolling origin)
,balanced_structural,BEFU26,ar1,delayed_6m,c4fa05fe9cbe230d,phev_ruc_net_revenue,2048,FY2048,inferred_long_run,LIGHT_RUC,257.2039863240583,190.1256986443568,203.32027612533955,241.64430167381977,254.54281242677487,272.91374755897215,0.9395044965180499,32.18770054765343,19.915140909557547,True,conditional model forecast-error band (actual-driver rolling origin)
,balanced_structural,BEFU26,ar1,delayed_6m,c4fa05fe9cbe230d,current_light_ruc_conventional_modelled_km,2048,FY2048,inferred_long_run,LIGHT_RUC,6725.091690231553,4971.2011634286,5316.198706591382,6318.253882468716,6655.510192997939,7135.853538235456,0.9395044965180499,32.187700547653414,19.915140909557522,True,conditional model forecast-error band (actual-driver rolling origin)
,balanced_structural,BEFU26,ar1,delayed_6m,c4fa05fe9cbe230d,heavy_ruc_net_km,2048,FY2048,inferred_long_run,HEAVY_RUC,3612.9334701749162,3386.1380457308314,3451.0262574377325,3518.3160653902123,3587.1570931229903,3762.1216739740394,0.9738114732624392,10.40660259445644,3.767875517471601,True,conditional model forecast-error band (actual-driver rolling origin)
,balanced_structural,BEFU26,ar1,delayed_6m,c4fa05fe9cbe230d,heavy_ruc_net_revenue,2048,FY2048,inferred_long_run,HEAVY_RUC,2355.686816556099,2207.812797887189,2250.120885243264,2293.9948493754,2338.880232072587,2452.9597632561845,0.9738114732624391,10.40660259445645,3.767875517471585,True,conditional model forecast-error band (actual-driver rolling origin)
,balanced_structural,BEFU26,ar1,delayed_6m,c4fa05fe9cbe230d,heavy_bev_ruc_net_km,2048,FY2048,inferred_long_run,HEAVY_RUC_PROXY,924.931722907332,866.8707914204283,883.4825463685575,900.7091237515551,918.332822309311,963.1247600934533,0.9738114732624392,10.406602594456439,3.7678755174715968,True,conditional model forecast-error band (actual-driver rolling origin)
,balanced_structural,BEFU26,ar1,delayed_6m,c4fa05fe9cbe230d,heavy_bev_ruc_net_revenue,2048,FY2048,inferred_long_run,HEAVY_RUC_PROXY,557.9668173281243,522.94145021127,532.9625229121907,543.354488413855,553.9860180179127,581.0068394995445,0.9738114732624392,10.406602594456432,3.767875517471615,True,conditional model forecast-error band (actual-driver rolling origin)
,balanced_structural,BEFU26,ar1,delayed_6m,c4fa05fe9cbe230d,mr1_revenue,2048,FY2048,inferred_long_run,MVR_PROXY,470.090222227746,442.23285939783966,452.48046844265775,470.0902222414539,488.38531705993984,499.7023905904962,1.0000000000291602,12.225213049594997,7.637863312095686,True,conditional model forecast-error band (actual-driver rolling origin)
,balanced_structural,BEFU26,ar1,delayed_6m,c4fa05fe9cbe230d,mr2_revenue,2048,FY2048,inferred_long_run,MVR_PROXY,32.9957852873087,31.040467947904588,31.75975095308755,32.995785288270866,34.27992393208477,35.074272996665,1.0000000000291602,12.22521304959501,7.6378633120956945,True,conditional model forecast-error band (actual-driver rolling origin)
,balanced_structural,BEFU26,ar1,delayed_6m,c4fa05fe9cbe230d,ruc_admin_revenue,2048,FY2048,inferred_long_run,FIXED,86.0437492764271,86.0437492764271,86.0437492764271,86.0437492764271,86.0437492764271,86.0437492764271,1.0,0.0,0.0,True,conditional model forecast-error band (actual-driver rolling origin)
,balanced_structural,BEFU26,ar1,delayed_6m,c4fa05fe9cbe230d,ruc_refunds,2048,FY2048,inferred_long_run,FIXED,327.579008435544,327.579008435544,327.579008435544,327.579008435544,327.579008435544,327.579008435544,1.0,0.0,0.0,True,conditional model forecast-error band (actual-driver rolling origin)
,balanced_structural,BEFU26,ar1,delayed_6m,c4fa05fe9cbe230d,mvr_admin_revenue,2048,FY2048,inferred_long_run,FIXED,67.5437332509341,67.5437332509341,67.5437332509341,67.5437332509341,67.5437332509341,67.5437332509341,1.0,0.0,0.0,True,conditional model forecast-error band (actual-driver rolling origin)
,balanced_structural,BEFU26,ar1,delayed_6m,c4fa05fe9cbe230d,mvr_refunds,2048,FY2048,inferred_long_run,FIXED,2.22975616155917,2.22975616155917,2.22975616155917,2.22975616155917,2.22975616155917,2.22975616155917,1.0,0.0,0.0,True,conditional model forecast-error band (actual-driver rolling origin)
,balanced_structural,BEFU26,ar1,delayed_6m,c4fa05fe9cbe230d,coo_revenue,2048,FY2048,inferred_long_run,FIXED,0.0,0.0,0.0,0.0,0.0,0.0,,,,True,conditional model forecast-error band (actual-driver rolling origin)
,balanced_structural,BEFU26,ar1,delayed_6m,c4fa05fe9cbe230d,gross_lpg_revenue,2048,FY2048,inferred_long_run,FIXED,45.350690485262,45.350690485262,45.350690485262,45.350690485262,45.350690485262,45.350690485262,1.0,0.0,0.0,True,conditional model forecast-error band (actual-driver rolling origin)
,balanced_structural,BEFU26,ar1,delayed_6m,c4fa05fe9cbe230d,gross_cng_revenue,2048,FY2048,inferred_long_run,FIXED,0.0,0.0,0.0,0.0,0.0,0.0,,,,True,conditional model forecast-error band (actual-driver rolling origin)
,balanced_structural,BEFU26,ar1,delayed_6m,c4fa05fe9cbe230d,tuc_net_revenue,2048,FY2048,inferred_long_run,FIXED,17.5578996928248,17.5578996928248,17.5578996928248,17.5578996928248,17.5578996928248,17.5578996928248,1.0,0.0,0.0,True,conditional model forecast-error band (actual-driver rolling origin)
,balanced_structural,BEFU26,ar1,delayed_6m,c4fa05fe9cbe230d,gross_ruc_revenue,2048,FY2048,inferred_long_run,derived,10691.311714571739,8604.105494314474,9055.16130426748,10137.50465023208,10576.972430607084,11171.14133717123,0.9482002696091214,24.010485442660986,14.234091821169608,True,conditional model forecast-error band (actual-driver rolling origin)
,balanced_structural,BEFU26,ar1,delayed_6m,c4fa05fe9cbe230d,ruc_revenue_net_admin,2048,FY2048,inferred_long_run,derived,10605.267965295312,8518.061745038047,8969.117554991051,10051.460900955653,10490.928681330657,11085.097587894803,0.9477800027163917,24.20528977916566,14.349577316854056,True,conditional model forecast-error band (actual-driver rolling origin)
,balanced_structural,BEFU26,ar1,delayed_6m,c4fa05fe9cbe230d,total_ruc_net_revenue,2048,FY2048,inferred_long_run,derived,10277.688956859767,8190.482736602503,8641.538546555508,9723.881892520109,10163.349672895112,10757.518579459258,0.946115603744748,24.976780807745754,14.806938921068268,True,conditional model forecast-error band (actual-driver rolling origin)
,balanced_structural,BEFU26,ar1,delayed_6m,c4fa05fe9cbe230d,gross_fed_revenue,2048,FY2048,inferred_long_run,derived,1446.7917209108132,1246.0641794328747,1280.6026434841917,1374.2663941907567,1466.12298136157,1482.0712340718183,0.9498716189263242,16.31244160634039,12.822878040841005,True,conditional model forecast-error band (actual-driver rolling origin)
,balanced_structural,BEFU26,ar1,delayed_6m,c4fa05fe9cbe230d,net_fed_revenue,2048,FY2048,inferred_long_run,derived,1390.1662890583802,1197.5491735449318,1230.692105854302,1320.571358877745,1408.7164670750487,1424.0203282786952,0.9499376939806425,16.290939905265724,12.805975991644154,True,conditional model forecast-error band (actual-driver rolling origin)
,balanced_structural,BEFU26,ar1,delayed_6m,c4fa05fe9cbe230d,gross_mvr_revenue,2048,FY2048,inferred_long_run,derived,503.0860075150547,473.27332734574424,484.24021939574527,503.0860075297247,522.6652409920246,534.7766635871612,1.00000000002916,12.22521304959501,7.637863312095683,True,conditional model forecast-error band (actual-driver rolling origin)
,balanced_structural,BEFU26,ar1,delayed_6m,c4fa05fe9cbe230d,mvr_revenue_net_admin_coo,2048,FY2048,inferred_long_run,derived,435.5422742641206,405.7295940948101,416.69648614481116,435.5422742787906,455.1215077410905,467.2329303362271,1.0000000000336822,14.121094524138037,8.822340302373894,True,conditional model forecast-error band (actual-driver rolling origin)
,balanced_structural,BEFU26,ar1,delayed_6m,c4fa05fe9cbe230d,net_mvr_revenue,2048,FY2048,inferred_long_run,derived,433.3125181025614,403.49983793325094,414.466729983252,433.31251811723143,452.89175157953133,465.00317417466795,1.0000000000338556,14.193759393505378,8.86773863920185,True,conditional model forecast-error band (actual-driver rolling origin)
,balanced_structural,BEFU26,ar1,delayed_6m,c4fa05fe9cbe230d,total_gross_revenue,2048,FY2048,inferred_long_run,derived,12658.74734269043,10460.747050891261,10972.985452014284,12021.89412595794,12498.886541309716,13104.037212421767,0.9496906605770729,20.881135312782952,12.054123903314466,True,conditional model forecast-error band (actual-driver rolling origin)
,balanced_structural,BEFU26,ar1,delayed_6m,c4fa05fe9cbe230d,total_admin_fees,2048,FY2048,inferred_long_run,derived,153.5874825273612,153.5874825273612,153.5874825273612,153.5874825273612,153.5874825273612,153.5874825273612,1.0,0.0,0.0,True,conditional model forecast-error band (actual-driver rolling origin)
,balanced_structural,BEFU26,ar1,delayed_6m,c4fa05fe9cbe230d,total_revenue_net_admin,2048,FY2048,inferred_long_run,derived,12505.15986016307,10307.1595683639,10819.397969486923,11868.30664343058,12345.299058782355,12950.449729894406,0.9490727648543482,21.13759592910983,12.202171794351887,True,conditional model forecast-error band (actual-driver rolling origin)
,balanced_structural,BEFU26,ar1,delayed_6m,c4fa05fe9cbe230d,total_refunds,2048,FY2048,inferred_long_run,derived,386.43419644953616,378.3237704850459,379.7193022269927,383.50379991011494,387.2152788836245,387.85967039022626,0.9924168291358658,2.4676646096007837,1.939780880031585,True,conditional model forecast-error band (actual-driver rolling origin)
,balanced_structural,BEFU26,ar1,delayed_6m,c4fa05fe9cbe230d,total_nltf_net_revenue,2048,FY2048,inferred_long_run,derived,12118.725663713534,9924.304884999667,10433.666143852595,11486.415689533427,11958.922836271959,12565.097940932812,0.9478237240675066,21.791012761682804,12.585949502812493,True,conditional model forecast-error band (actual-driver rolling origin)
,balanced_structural,BEFU26,ar1,delayed_6m,c4fa05fe9cbe230d,total_fed_ruc_net_revenue,2048,FY2048,inferred_long_run,derived,11033.092799011298,9477.10221645894,9984.353810961318,11033.092799011298,11509.9372798524,12110.930540868287,1.0,23.872076238182018,13.827341949193006,True,conditional model forecast-error band (actual-driver rolling origin)
,balanced_structural,BEFU26,ar1,delayed_6m,c4fa05fe9cbe230d,ped_vkt_per_capita,2049,FY2049,inferred_long_run,PED,1689.98541977273,1447.9298419211702,1489.5794721238383,1602.5277657864392,1713.2968168264385,1732.5286745828696,0.9482494624136745,16.8403129004493,13.237826911707076,True,conditional model forecast-error band (actual-driver rolling origin)
,balanced_structural,BEFU26,ar1,delayed_6m,c4fa05fe9cbe230d,ped_volume,2049,FY2049,inferred_long_run,PED,755.4896245547855,647.2813077889172,665.9003225546724,716.392630343184,765.9107313891404,774.5081244943726,0.9482494624136744,16.84031290044929,13.237826911707067,True,conditional model forecast-error band (actual-driver rolling origin)
,balanced_structural,BEFU26,ar1,delayed_6m,c4fa05fe9cbe230d,light_petrol_vkt,2049,FY2049,inferred_long_run,PED,10637.338942851455,9113.759393294706,9375.916230937593,10086.850934070935,10784.068748203877,10905.120555552237,0.9482494624136744,16.84031290044931,13.23782691170705,True,conditional model forecast-error band (actual-driver rolling origin)
,balanced_structural,BEFU26,ar1,delayed_6m,c4fa05fe9cbe230d,gross_ped_revenue,2049,FY2049,inferred_long_run,PED,1284.1338774199137,1100.2081677061328,1131.8556011688725,1217.6792589306206,1301.8470211763135,1316.4603307243183,0.9482494624136745,16.840312900449295,13.23782691170709,True,conditional model forecast-error band (actual-driver rolling origin)
,balanced_structural,BEFU26,ar1,delayed_6m,c4fa05fe9cbe230d,fed_refunds,2049,FY2049,inferred_long_run,PED,52.1359432142043,44.66854396099214,45.95343241608362,49.43788012529909,52.85509833756588,53.448399931864714,0.9482494624136745,16.840312900449312,13.237826911707073,True,conditional model forecast-error band (actual-driver rolling origin)
,balanced_structural,BEFU26,ar1,delayed_6m,c4fa05fe9cbe230d,light_ruc_net_km,2049,FY2049,inferred_long_run,LIGHT_RUC,6564.184458956384,4852.258217790984,5189.001211867439,6167.080815163425,6496.26779643188,6965.118254835469,0.9395044965180498,32.18770054765342,19.915140909557532,True,conditional model forecast-error band (actual-driver rolling origin)
,balanced_structural,BEFU26,ar1,delayed_6m,c4fa05fe9cbe230d,light_ruc_net_revenue,2049,FY2049,inferred_long_run,LIGHT_RUC,1067.894348705315,789.389628161323,844.1726621526509,1003.2915424148578,1056.845326462516,1133.1202632879035,0.9395044965180499,32.187700547653414,19.91514090955752,True,conditional model forecast-error band (actual-driver rolling origin)
,balanced_structural,BEFU26,ar1,delayed_6m,c4fa05fe9cbe230d,light_bev_ruc_net_km,2049,FY2049,inferred_long_run,LIGHT_RUC,40612.41140075799,30020.775344720638,32104.19409952058,38155.54312545304,40192.21305675074,43092.976711577685,0.9395044965180498,32.18770054765344,19.91514090955753,True,conditional model forecast-error band (actual-driver rolling origin)
,balanced_structural,BEFU26,ar1,delayed_6m,c4fa05fe9cbe230d,light_bev_ruc_net_revenue,2049,FY2049,inferred_long_run,LIGHT_RUC,6607.030148732312,4883.9298369558755,5222.870817080504,6207.3345333643265,6538.670181137493,7010.580916323013,0.9395044965180498,32.187700547653435,19.915140909557547,True,conditional model forecast-error band (actual-driver rolling origin)
,balanced_structural,BEFU26,ar1,delayed_6m,c4fa05fe9cbe230d,phev_ruc_net_km,2049,FY2049,inferred_long_run,LIGHT_RUC,3166.1026521069557,2340.3893824303454,2502.8106082947706,2974.5676780922076,3133.3444128031088,3359.485023121846,0.9395044965180498,32.187700547653435,19.915140909557525,True,conditional model forecast-error band (actual-driver rolling origin)
,balanced_structural,BEFU26,ar1,delayed_6m,c4fa05fe9cbe230d,phev_ruc_net_revenue,2049,FY2049,inferred_long_run,LIGHT_RUC,254.0005852652803,187.75773820547434,200.7879810504478,238.63469197494715,251.37255551712917,269.51468597994983,0.9395044965180498,32.18770054765341,19.915140909557522,True,conditional model forecast-error band (actual-driver rolling origin)
,balanced_structural,BEFU26,ar1,delayed_6m,c4fa05fe9cbe230d,current_light_ruc_conventional_modelled_km,2049,FY2049,inferred_long_run,LIGHT_RUC,6373.2890576886,4711.147957204647,5038.098007560482,5987.733727307725,6307.347503972578,6762.563154129817,0.9395044965180498,32.18770054765343,19.91514090955753,True,conditional model forecast-error band (actual-driver rolling origin)
,balanced_structural,BEFU26,ar1,delayed_6m,c4fa05fe9cbe230d,heavy_ruc_net_km,2049,FY2049,inferred_long_run,HEAVY_RUC,3548.5122267359834,3325.760730410022,3389.4919378938457,3455.5819194075466,3523.195461319517,3695.0402958621326,0.9738114732624392,10.406602594456432,3.767875517471599,True,conditional model forecast-error band (actual-driver rolling origin)
,balanced_structural,BEFU26,ar1,delayed_6m,c4fa05fe9cbe230d,heavy_ruc_net_revenue,2049,FY2049,inferred_long_run,HEAVY_RUC,2369.4303265972812,2220.6935837130286,2263.248504230165,2307.378437136401,2352.5256894095714,2467.270781554539,0.9738114732624392,10.406602594456446,3.7678755174716025,True,conditional model forecast-error band (actual-driver rolling origin)
,balanced_structural,BEFU26,ar1,delayed_6m,c4fa05fe9cbe230d,heavy_bev_ruc_net_km,2049,FY2049,inferred_long_run,HEAVY_RUC_PROXY,1021.87987712656,957.733198983448,976.0861408112974,995.1183486418558,1014.5893025195178,1064.0761767887288,0.9738114732624393,10.406602594456437,3.767875517471591,True,conditional model forecast-error band (actual-driver rolling origin)
,balanced_structural,BEFU26,ar1,delayed_6m,c4fa05fe9cbe230d,heavy_bev_ruc_net_revenue,2049,FY2049,inferred_long_run,HEAVY_RUC_PROXY,633.427291266431,593.6650281184517,605.0413693978926,616.8387637127994,628.908121226504,659.5832890453793,0.9738114732624392,10.406602594456444,3.7678755174716083,True,conditional model forecast-error band (actual-driver rolling origin)
,balanced_structural,BEFU26,ar1,delayed_6m,c4fa05fe9cbe230d,mr1_revenue,2049,FY2049,inferred_long_run,MVR_PROXY,468.633258020048,440.8622343196213,451.0780826536507,468.63325803371345,486.8716503362426,498.1536485338304,1.0000000000291602,12.225213049594998,7.637863312095676,True,conditional model forecast-error band (actual-driver rolling origin)
,balanced_structural,BEFU26,ar1,delayed_6m,c4fa05fe9cbe230d,mr2_revenue,2049,FY2049,inferred_long_run,MVR_PROXY,33.025076406474,31.06802328679687,31.78794481608329,33.02507640743701,34.31035501072494,35.10540923727985,1.00000000002916,12.225213049595009,7.637863312095702,True,conditional model forecast-error band (actual-driver rolling origin)
,balanced_structural,BEFU26,ar1,delayed_6m,c4fa05fe9cbe230d,ruc_admin_revenue,2049,FY2049,inferred_long_run,FIXED,88.8214065482608,88.8214065482608,88.8214065482608,88.8214065482608,88.8214065482608,88.8214065482608,1.0,0.0,0.0,True,conditional model forecast-error band (actual-driver rolling origin)
,balanced_structural,BEFU26,ar1,delayed_6m,c4fa05fe9cbe230d,ruc_refunds,2049,FY2049,inferred_long_run,FIXED,344.517513791995,344.517513791995,344.517513791995,344.517513791995,344.517513791995,344.517513791995,1.0,0.0,0.0,True,conditional model forecast-error band (actual-driver rolling origin)
,balanced_structural,BEFU26,ar1,delayed_6m,c4fa05fe9cbe230d,mvr_admin_revenue,2049,FY2049,inferred_long_run,FIXED,67.4385832091796,67.4385832091796,67.4385832091796,67.4385832091796,67.4385832091796,67.4385832091796,1.0,0.0,0.0,True,conditional model forecast-error band (actual-driver rolling origin)
,balanced_structural,BEFU26,ar1,delayed_6m,c4fa05fe9cbe230d,mvr_refunds,2049,FY2049,inferred_long_run,FIXED,2.25156983943842,2.25156983943842,2.25156983943842,2.25156983943842,2.25156983943842,2.25156983943842,1.0,0.0,0.0,True,conditional model forecast-error band (actual-driver rolling origin)
,balanced_structural,BEFU26,ar1,delayed_6m,c4fa05fe9cbe230d,coo_revenue,2049,FY2049,inferred_long_run,FIXED,0.0,0.0,0.0,0.0,0.0,0.0,,,,True,conditional model forecast-error band (actual-driver rolling origin)
,balanced_structural,BEFU26,ar1,delayed_6m,c4fa05fe9cbe230d,gross_lpg_revenue,2049,FY2049,inferred_long_run,FIXED,45.429243913464,45.429243913464,45.429243913464,45.429243913464,45.429243913464,45.429243913464,1.0,0.0,0.0,True,conditional model forecast-error band (actual-driver rolling origin)
,balanced_structural,BEFU26,ar1,delayed_6m,c4fa05fe9cbe230d,gross_cng_revenue,2049,FY2049,inferred_long_run,FIXED,0.0,0.0,0.0,0.0,0.0,0.0,,,,True,conditional model forecast-error band (actual-driver rolling origin)
,balanced_structural,BEFU26,ar1,delayed_6m,c4fa05fe9cbe230d,tuc_net_revenue,2049,FY2049,inferred_long_run,FIXED,17.5578996928248,17.5578996928248,17.5578996928248,17.5578996928248,17.5578996928248,17.5578996928248,1.0,0.0,0.0,True,conditional model forecast-error band (actual-driver rolling origin)
,balanced_structural,BEFU26,ar1,delayed_6m,c4fa05fe9cbe230d,gross_ruc_revenue,2049,FY2049,inferred_long_run,derived,11276.300214358615,9059.311088710909,9537.96361305577,10690.419386660895,11154.894073139909,11784.557235441718,0.9480431687202074,24.16791052849615,14.339193080592421,True,conditional model forecast-error band (actual-driver rolling origin)
,balanced_structural,BEFU26,ar1,delayed_6m,c4fa05fe9cbe230d,ruc_revenue_net_admin,2049,FY2049,inferred_long_run,derived,11187.478807810354,8970.489682162648,9449.14220650751,10601.597980112634,11066.072666591648,11695.735828893457,0.9476306648028064,24.359788237795133,14.453037077087517,True,conditional model forecast-error band (actual-driver rolling origin)
,balanced_structural,BEFU26,ar1,delayed_6m,c4fa05fe9cbe230d,total_ruc_net_revenue,2049,FY2049,inferred_long_run,derived,10842.96129401836,8625.972168370654,9104.624692715515,10257.08046632064,10721.555152799654,11351.218315101463,0.9459667140912025,25.133781010859295,14.912258895327207,True,conditional model forecast-error band (actual-driver rolling origin)
,balanced_structural,BEFU26,ar1,delayed_6m,c4fa05fe9cbe230d,gross_fed_revenue,2049,FY2049,inferred_long_run,derived,1329.5631213333777,1145.6374116195968,1177.2848450823367,1263.1085028440843,1347.2762650897776,1361.8895746377823,0.9500177032417626,16.26490382805691,12.785509561739477,True,conditional model forecast-error band (actual-driver rolling origin)
,balanced_structural,BEFU26,ar1,delayed_6m,c4fa05fe9cbe230d,net_fed_revenue,2049,FY2049,inferred_long_run,derived,1277.4271781191733,1100.968867658605,1131.331412666253,1213.6706227187854,1294.4211667522118,1308.4411747059175,0.9500898708807337,16.241419518941626,12.767049024750262,True,conditional model forecast-error band (actual-driver rolling origin)
,balanced_structural,BEFU26,ar1,delayed_6m,c4fa05fe9cbe230d,gross_mvr_revenue,2049,FY2049,inferred_long_run,derived,501.658334426522,471.93025760641814,482.866027469734,501.65833444115043,521.1820053469676,533.2590577711102,1.0000000000291602,12.22521304959499,7.637863312095683,True,conditional model forecast-error band (actual-driver rolling origin)
,balanced_structural,BEFU26,ar1,delayed_6m,c4fa05fe9cbe230d,mvr_revenue_net_admin_coo,2049,FY2049,inferred_long_run,derived,434.2197512173424,404.49167439723857,415.42744426055435,434.21975123197086,453.743422137788,465.82047456193067,1.000000000033689,14.12390845712471,8.824098344171162,True,conditional model forecast-error band (actual-driver rolling origin)
,balanced_structural,BEFU26,ar1,delayed_6m,c4fa05fe9cbe230d,net_mvr_revenue,2049,FY2049,inferred_long_run,derived,431.96818137790393,402.2401045578001,413.17587442111596,431.9681813925324,451.49185229834956,463.5689047224922,1.0000000000338647,14.19752722736749,8.870092643169281,True,conditional model forecast-error band (actual-driver rolling origin)
,balanced_structural,BEFU26,ar1,delayed_6m,c4fa05fe9cbe230d,total_gross_revenue,2049,FY2049,inferred_long_run,derived,13125.07956981134,10806.739750652388,11337.760258720094,12465.289532378132,12963.113400265382,13603.679527874765,0.9497305876186249,21.309888159882444,12.383567908294594,True,conditional model forecast-error band (actual-driver rolling origin)
,balanced_structural,BEFU26,ar1,delayed_6m,c4fa05fe9cbe230d,total_admin_fees,2049,FY2049,inferred_long_run,derived,156.2599897574404,156.2599897574404,156.2599897574404,156.2599897574404,156.2599897574404,156.2599897574404,1.0,0.0,0.0,True,conditional model forecast-error band (actual-driver rolling origin)
,balanced_structural,BEFU26,ar1,delayed_6m,c4fa05fe9cbe230d,total_revenue_net_admin,2049,FY2049,inferred_long_run,derived,12968.8195800539,10650.479760894948,11181.500268962654,12309.029542620692,12806.853410507942,13447.419538117325,0.9491248965751696,21.566648837678965,12.532776260108417,True,conditional model forecast-error band (actual-driver rolling origin)
,balanced_structural,BEFU26,ar1,delayed_6m,c4fa05fe9cbe230d,total_refunds,2049,FY2049,inferred_long_run,derived,398.90502684563774,391.4376275924256,392.72251604751705,396.20696375673253,399.6241819689993,400.2174835632981,0.9932363271773227,2.2009890525320492,1.730152657151894,True,conditional model forecast-error band (actual-driver rolling origin)
,balanced_structural,BEFU26,ar1,delayed_6m,c4fa05fe9cbe230d,total_nltf_net_revenue,2049,FY2049,inferred_long_run,derived,12569.91455320826,10256.230508994573,10782.212709862311,11912.700634101522,12411.24411945544,13048.198260061623,0.9477153232565932,22.211509388140165,12.959765181357934,True,conditional model forecast-error band (actual-driver rolling origin)
,balanced_structural,BEFU26,ar1,delayed_6m,c4fa05fe9cbe230d,total_fed_ruc_net_revenue,2049,FY2049,inferred_long_run,derived,11463.043439891091,9805.928255499744,10337.326123736299,11463.043439891091,11958.61306786822,12595.223026939462,1.0,24.33293379778223,14.143599408250392,True,conditional model forecast-error band (actual-driver rolling origin)
,balanced_structural,BEFU26,ar1,delayed_6m,c4fa05fe9cbe230d,ped_vkt_per_capita,2050,FY2050,inferred_long_run,PED,1521.479603481342,1303.5590106163663,1341.0558210056665,1442.7422160745532,1542.4666574114538,1559.7809365591397,0.9482494624136745,16.840312900449305,13.237826911707076,True,conditional model forecast-error band (actual-driver rolling origin)
,balanced_structural,BEFU26,ar1,delayed_6m,c4fa05fe9cbe230d,ped_volume,2050,FY2050,inferred_long_run,PED,675.5091382257311,578.7563775899456,595.4042761318208,640.5511771780741,684.8270066229071,692.5142301382873,0.9482494624136746,16.8403129004493,13.237826911707067,True,conditional model forecast-error band (actual-driver rolling origin)
,balanced_structural,BEFU26,ar1,delayed_6m,c4fa05fe9cbe230d,light_petrol_vkt,2050,FY2050,inferred_long_run,PED,9629.378316419868,8250.168350782566,8487.484034851846,9131.052811923033,9762.204469052962,9871.785789635687,0.9482494624136744,16.84031290044929,13.237826911707081,True,conditional model forecast-error band (actual-driver rolling origin)
,balanced_structural,BEFU26,ar1,delayed_6m,c4fa05fe9cbe230d,gross_ped_revenue,2050,FY2050,inferred_long_run,PED,1175.2327959122665,1006.9049214842707,1035.868491689732,1114.4138669347262,1191.4437750222137,1204.8178016245952,0.9482494624136744,16.8403129004493,13.237826911707083,True,conditional model forecast-error band (actual-driver rolling origin)
,balanced_structural,BEFU26,ar1,delayed_6m,c4fa05fe9cbe230d,fed_refunds,2050,FY2050,inferred_long_run,PED,47.9565731676092,41.08778252950575,42.269670559336646,45.47479472538747,48.61807870805091,49.16381950726405,0.9482494624136745,16.840312900449298,13.237826911707073,True,conditional model forecast-error band (actual-driver rolling origin)
,balanced_structural,BEFU26,ar1,delayed_6m,c4fa05fe9cbe230d,light_ruc_net_km,2050,FY2050,inferred_long_run,LIGHT_RUC,6207.828794250147,4588.839401129315,4907.301331619029,5832.283065812237,6143.599183418032,6586.996743933557,0.9395044965180498,32.18770054765343,19.915140909557532,True,conditional model forecast-error band (actual-driver rolling origin)
,balanced_structural,BEFU26,ar1,delayed_6m,c4fa05fe9cbe230d,light_ruc_net_revenue,2050,FY2050,inferred_long_run,LIGHT_RUC,1033.6655725305918,764.0876486820422,817.1147447278843,971.1334532883955,1022.9707000309363,1096.8008278323764,0.9395044965180499,32.18770054765342,19.915140909557536,True,conditional model forecast-error band (actual-driver rolling origin)
,balanced_structural,BEFU26,ar1,delayed_6m,c4fa05fe9cbe230d,light_bev_ruc_net_km,2050,FY2050,inferred_long_run,LIGHT_RUC,42570.73758968652,31468.37396154173,33652.25494868164,39995.39938560045,42130.277325905685,45170.915497837355,0.9395044965180499,32.187700547653414,19.915140909557525,True,conditional model forecast-error band (actual-driver rolling origin)
,balanced_structural,BEFU26,ar1,delayed_6m,c4fa05fe9cbe230d,light_bev_ruc_net_revenue,2050,FY2050,inferred_long_run,LIGHT_RUC,7088.453516058697,5239.798948336309,5603.436971504976,6659.633951696326,7015.112477536551,7521.409139544892,0.9395044965180499,32.18770054765342,19.91514090955753,True,conditional model forecast-error band (actual-driver rolling origin)
,balanced_structural,BEFU26,ar1,delayed_6m,c4fa05fe9cbe230d,phev_ruc_net_km,2050,FY2050,inferred_long_run,LIGHT_RUC,3042.299387722571,2248.8737629722677,2404.943875124714,2858.2539545194654,3010.82208508027,3228.1199796555024,0.9395044965180499,32.18770054765342,19.915140909557532,True,conditional model forecast-error band (actual-driver rolling origin)
,balanced_structural,BEFU26,ar1,delayed_6m,c4fa05fe9cbe230d,phev_ruc_net_revenue,2050,FY2050,inferred_long_run,LIGHT_RUC,249.80320272590004,184.6550246776527,197.46994158649002,234.69123220559305,247.21860140594072,265.060931529513,0.9395044965180499,32.18770054765343,19.915140909557547,True,conditional model forecast-error band (actual-driver rolling origin)
,balanced_structural,BEFU26,ar1,delayed_6m,c4fa05fe9cbe230d,current_light_ruc_conventional_modelled_km,2050,FY2050,inferred_long_run,LIGHT_RUC,6027.296699807985,4455.3897175762,4764.590342508543,5662.672351318004,5964.934973312414,6395.437930428992,0.9395044965180499,32.187700547653435,19.915140909557532,True,conditional model forecast-error band (actual-driver rolling origin)
,balanced_structural,BEFU26,ar1,delayed_6m,c4fa05fe9cbe230d,heavy_ruc_net_km,2050,FY2050,inferred_long_run,HEAVY_RUC,3483.2835913255512,3264.626705701929,3327.186408219275,3392.0615258596154,3458.432197860936,3627.118186289089,0.9738114732624392,10.406602594456428,3.767875517471597,True,conditional model forecast-error band (actual-driver rolling origin)
,balanced_structural,BEFU26,ar1,delayed_6m,c4fa05fe9cbe230d,heavy_ruc_net_revenue,2050,FY2050,inferred_long_run,HEAVY_RUC,2380.597921237581,2231.1601526114005,2273.915642901343,2318.2535689258693,2363.6136091450912,2478.899517646487,0.9738114732624393,10.406602594456448,3.767875517471589,True,conditional model forecast-error band (actual-driver rolling origin)
,balanced_structural,BEFU26,ar1,delayed_6m,c4fa05fe9cbe230d,heavy_bev_ruc_net_km,2050,FY2050,inferred_long_run,HEAVY_RUC_PROXY,1122.35014741051,1051.8966280866339,1072.0540139271538,1092.9574505661446,1114.342770351741,1168.6951476459415,0.9738114732624392,10.406602594456418,3.767875517471604,True,conditional model forecast-error band (actual-driver rolling origin)
,balanced_structural,BEFU26,ar1,delayed_6m,c4fa05fe9cbe230d,heavy_bev_ruc_net_revenue,2050,FY2050,inferred_long_run,HEAVY_RUC_PROXY,714.8212622435603,669.949638420292,682.7878137644974,696.1011465047179,709.7213890982539,744.3382464426564,0.9738114732624392,10.406602594456416,3.767875517471589,True,conditional model forecast-error band (actual-driver rolling origin)
,balanced_structural,BEFU26,ar1,delayed_6m,c4fa05fe9cbe230d,mr1_revenue,2050,FY2050,inferred_long_run,MVR_PROXY,467.246879160906,439.55801172979244,449.743638059907,467.24687917453105,485.43131602024994,496.6799381747969,1.0000000000291602,12.225213049595002,7.6378633120956865,True,conditional model forecast-error band (actual-driver rolling origin)
,balanced_structural,BEFU26,ar1,delayed_6m,c4fa05fe9cbe230d,mr2_revenue,2050,FY2050,inferred_long_run,MVR_PROXY,33.0537178609557,31.094967459880774,31.815513351075026,33.05371786191955,34.340111140860586,35.13585488919465,1.0000000000291602,12.22521304959501,7.637863312095702,True,conditional model forecast-error band (actual-driver rolling origin)
,balanced_structural,BEFU26,ar1,delayed_6m,c4fa05fe9cbe230d,ruc_admin_revenue,2050,FY2050,inferred_long_run,FIXED,91.1073995180068,91.1073995180068,91.1073995180068,91.1073995180068,91.1073995180068,91.1073995180068,1.0,0.0,0.0,True,conditional model forecast-error band (actual-driver rolling origin)
,balanced_structural,BEFU26,ar1,delayed_6m,c4fa05fe9cbe230d,ruc_refunds,2050,FY2050,inferred_long_run,FIXED,360.387981206507,360.387981206507,360.387981206507,360.387981206507,360.387981206507,360.387981206507,1.0,0.0,0.0,True,conditional model forecast-error band (actual-driver rolling origin)
,balanced_structural,BEFU26,ar1,delayed_6m,c4fa05fe9cbe230d,mvr_admin_revenue,2050,FY2050,inferred_long_run,FIXED,67.3387928064436,67.3387928064436,67.3387928064436,67.3387928064436,67.3387928064436,67.3387928064436,1.0,0.0,0.0,True,conditional model forecast-error band (actual-driver rolling origin)
,balanced_structural,BEFU26,ar1,delayed_6m,c4fa05fe9cbe230d,mvr_refunds,2050,FY2050,inferred_long_run,FIXED,2.27387109648037,2.27387109648037,2.27387109648037,2.27387109648037,2.27387109648037,2.27387109648037,1.0,0.0,0.0,True,conditional model forecast-error band (actual-driver rolling origin)
,balanced_structural,BEFU26,ar1,delayed_6m,c4fa05fe9cbe230d,coo_revenue,2050,FY2050,inferred_long_run,FIXED,0.0,0.0,0.0,0.0,0.0,0.0,,,,True,conditional model forecast-error band (actual-driver rolling origin)
,balanced_structural,BEFU26,ar1,delayed_6m,c4fa05fe9cbe230d,gross_lpg_revenue,2050,FY2050,inferred_long_run,FIXED,45.5054605024188,45.5054605024188,45.5054605024188,45.5054605024188,45.5054605024188,45.5054605024188,1.0,0.0,0.0,True,conditional model forecast-error band (actual-driver rolling origin)
,balanced_structural,BEFU26,ar1,delayed_6m,c4fa05fe9cbe230d,gross_cng_revenue,2050,FY2050,inferred_long_run,FIXED,0.0,0.0,0.0,0.0,0.0,0.0,,,,True,conditional model forecast-error band (actual-driver rolling origin)
,balanced_structural,BEFU26,ar1,delayed_6m,c4fa05fe9cbe230d,tuc_net_revenue,2050,FY2050,inferred_long_run,FIXED,17.5578996928248,17.5578996928248,17.5578996928248,17.5578996928248,17.5578996928248,17.5578996928248,1.0,0.0,0.0,True,conditional model forecast-error band (actual-driver rolling origin)
,balanced_structural,BEFU26,ar1,delayed_6m,c4fa05fe9cbe230d,gross_ruc_revenue,2050,FY2050,inferred_long_run,derived,11827.729456002837,9490.356418851437,9994.103482989434,11211.774005623476,11697.917384021792,12361.788773155607,0.9479227646632762,24.277122375730823,14.405249184725255,True,conditional model forecast-error band (actual-driver rolling origin)
,balanced_structural,BEFU26,ar1,delayed_6m,c4fa05fe9cbe230d,ruc_revenue_net_admin,2050,FY2050,inferred_long_run,derived,11736.62205648483,9399.24901933343,9902.996083471426,11120.66660610547,11606.809984503787,12270.6813736376,0.9475185068229213,24.465577407918822,14.517072227702466,True,conditional model forecast-error band (actual-driver rolling origin)
,balanced_structural,BEFU26,ar1,delayed_6m,c4fa05fe9cbe230d,total_ruc_net_revenue,2050,FY2050,inferred_long_run,derived,11376.234075278322,9038.861038126923,9542.60810226492,10760.278624898961,11246.422003297277,11910.293392431093,0.9458559443921876,25.24062299793985,14.976958893056825,True,conditional model forecast-error band (actual-driver rolling origin)
,balanced_structural,BEFU26,ar1,delayed_6m,c4fa05fe9cbe230d,gross_fed_revenue,2050,FY2050,inferred_long_run,derived,1220.7382564146853,1052.4103819866893,1081.373952192151,1159.919327437145,1236.9492355246325,1250.323262127014,0.9501785672252414,16.212556549312694,12.7443604323016,True,conditional model forecast-error band (actual-driver rolling origin)
,balanced_structural,BEFU26,ar1,delayed_6m,c4fa05fe9cbe230d,net_fed_revenue,2050,FY2050,inferred_long_run,derived,1172.7816832470762,1011.3225994571836,1039.1042816328143,1114.4445327117576,1188.3311568165814,1201.15944261975,0.950257450837908,16.186886773074924,12.724181944128189,True,conditional model forecast-error band (actual-driver rolling origin)
,balanced_structural,BEFU26,ar1,delayed_6m,c4fa05fe9cbe230d,gross_mvr_revenue,2050,FY2050,inferred_long_run,derived,500.30059702186173,470.6529791896732,481.55915141098205,500.30059703645054,519.7714271611105,531.8157930639916,1.00000000002916,12.225213049595007,7.637863312095688,True,conditional model forecast-error band (actual-driver rolling origin)
,balanced_structural,BEFU26,ar1,delayed_6m,c4fa05fe9cbe230d,mvr_revenue_net_admin_coo,2050,FY2050,inferred_long_run,derived,432.9618042154181,403.3141863832296,414.22035860453843,432.9618042300069,452.4326343546669,464.47700025754796,1.0000000000336953,14.126607307809328,8.8257844867803,True,conditional model forecast-error band (actual-driver rolling origin)
,balanced_structural,BEFU26,ar1,delayed_6m,c4fa05fe9cbe230d,net_mvr_revenue,2050,FY2050,inferred_long_run,derived,430.68793311893774,401.0403152867492,411.9464875080581,430.68793313352654,450.1587632581866,462.2031291610676,1.0000000000338733,14.201190507333717,8.87238132570941,True,conditional model forecast-error band (actual-driver rolling origin)
,balanced_structural,BEFU26,ar1,delayed_6m,c4fa05fe9cbe230d,total_gross_revenue,2050,FY2050,inferred_long_run,derived,13566.326209132209,11137.729948830533,11683.958606972348,12881.86840499665,13404.026740474224,14073.49421717824,0.9495472986876276,21.640083122662126,12.678953070905871,True,conditional model forecast-error band (actual-driver rolling origin)
,balanced_structural,BEFU26,ar1,delayed_6m,c4fa05fe9cbe230d,total_admin_fees,2050,FY2050,inferred_long_run,derived,158.4461923244504,158.4461923244504,158.4461923244504,158.4461923244504,158.4461923244504,158.4461923244504,1.0,0.0,0.0,True,conditional model forecast-error band (actual-driver rolling origin)
,balanced_structural,BEFU26,ar1,delayed_6m,c4fa05fe9cbe230d,total_revenue_net_admin,2050,FY2050,inferred_long_run,derived,13407.880016807758,10979.283756506082,11525.5124146479,12723.422212672202,13245.580548149774,13915.04802485379,0.9489510792699861,21.89581249733375,12.82878524677759,True,conditional model forecast-error band (actual-driver rolling origin)
,balanced_structural,BEFU26,ar1,delayed_6m,c4fa05fe9cbe230d,total_refunds,2050,FY2050,inferred_long_run,derived,410.61842547059655,403.7496348324931,404.931522862324,408.1366470283748,411.2799310110383,411.82567181025144,0.9939559983471822,1.966798486576111,1.5460602240239376,True,conditional model forecast-error band (actual-driver rolling origin)
,balanced_structural,BEFU26,ar1,delayed_6m,c4fa05fe9cbe230d,total_nltf_net_revenue,2050,FY2050,inferred_long_run,derived,12997.261591337161,10573.189034526355,11117.092510684408,12315.606006073063,12837.676589350494,13503.798282296964,0.9475539073770409,22.54789770272761,13.238050696870467,True,conditional model forecast-error band (actual-driver rolling origin)
,balanced_structural,BEFU26,ar1,delayed_6m,c4fa05fe9cbe230d,total_fed_ruc_net_revenue,2050,FY2050,inferred_long_run,derived,11870.765566843453,10125.468689774507,10672.390850486203,11870.765566843453,12382.171488161477,13055.407251284681,1.0,24.681968024824474,14.403288718386515,True,conditional model forecast-error band (actual-driver rolling origin)
