engine,series_id,FY,reference_policy_state,central_changes_under_policy,rate_changes_under_policy,activity_changes_under_policy,band_should_change,reason,central_published,central_delayed_6m,central_delayed_12m,central_delayed_18m,central_delayed_24m,central_delayed_30m,central_delayed_36m,central_off
ar1,coo_revenue,2025,published,False,False,False,False,not priced by the fuel rate and no activity response,-9.64521739130434e-05,-9.64521739130434e-05,-9.64521739130434e-05,-9.64521739130434e-05,-9.64521739130434e-05,-9.64521739130434e-05,-9.64521739130434e-05,-9.64521739130434e-05
ar1,coo_revenue,2026,published,False,False,False,False,not priced by the fuel rate and no activity response,0.0,0.0,0.0,0.0,0.0,0.0,0.0,0.0
ar1,coo_revenue,2027,published,False,False,False,False,not priced by the fuel rate and no activity response,0.0,0.0,0.0,0.0,0.0,0.0,0.0,0.0
ar1,coo_revenue,2028,published,False,False,False,False,not priced by the fuel rate and no activity response,0.0,0.0,0.0,0.0,0.0,0.0,0.0,0.0
ar1,coo_revenue,2029,published,False,False,False,False,not priced by the fuel rate and no activity response,0.0,0.0,0.0,0.0,0.0,0.0,0.0,0.0
ar1,coo_revenue,2030,published,False,False,False,False,not priced by the fuel rate and no activity response,0.0,0.0,0.0,0.0,0.0,0.0,0.0,0.0
ar1,coo_revenue,2031,published,False,False,False,False,not priced by the fuel rate and no activity response,0.0,0.0,0.0,0.0,0.0,0.0,0.0,0.0
ar1,coo_revenue,2032,published,False,False,False,False,not priced by the fuel rate and no activity response,0.0,0.0,0.0,0.0,0.0,0.0,0.0,0.0
ar1,coo_revenue,2033,published,False,False,False,False,not priced by the fuel rate and no activity response,0.0,0.0,0.0,0.0,0.0,0.0,0.0,0.0
ar1,coo_revenue,2034,published,False,False,False,False,not priced by the fuel rate and no activity response,0.0,0.0,0.0,0.0,0.0,0.0,0.0,0.0
ar1,coo_revenue,2035,published,False,False,False,False,not priced by the fuel rate and no activity response,0.0,0.0,0.0,0.0,0.0,0.0,0.0,0.0
ar1,coo_revenue,2036,published,False,False,False,False,not priced by the fuel rate and no activity response,0.0,0.0,0.0,0.0,0.0,0.0,0.0,0.0
ar1,coo_revenue,2037,published,False,False,False,False,not priced by the fuel rate and no activity response,0.0,0.0,0.0,0.0,0.0,0.0,0.0,0.0
ar1,coo_revenue,2038,published,False,False,False,False,not priced by the fuel rate and no activity response,0.0,0.0,0.0,0.0,0.0,0.0,0.0,0.0
ar1,coo_revenue,2039,published,False,False,False,False,not priced by the fuel rate and no activity response,0.0,0.0,0.0,0.0,0.0,0.0,0.0,0.0
ar1,coo_revenue,2040,published,False,False,False,False,not priced by the fuel rate and no activity response,0.0,0.0,0.0,0.0,0.0,0.0,0.0,0.0
ar1,coo_revenue,2041,published,False,False,False,False,not priced by the fuel rate and no activity response,0.0,0.0,0.0,0.0,0.0,0.0,0.0,0.0
ar1,coo_revenue,2042,published,False,False,False,False,not priced by the fuel rate and no activity response,0.0,0.0,0.0,0.0,0.0,0.0,0.0,0.0
ar1,coo_revenue,2043,published,False,False,False,False,not priced by the fuel rate and no activity response,0.0,0.0,0.0,0.0,0.0,0.0,0.0,0.0
ar1,coo_revenue,2044,published,False,False,False,False,not priced by the fuel rate and no activity response,0.0,0.0,0.0,0.0,0.0,0.0,0.0,0.0
ar1,coo_revenue,2045,published,False,False,False,False,not priced by the fuel rate and no activity response,0.0,0.0,0.0,0.0,0.0,0.0,0.0,0.0
ar1,coo_revenue,2046,published,False,False,False,False,not priced by the fuel rate and no activity response,0.0,0.0,0.0,0.0,0.0,0.0,0.0,0.0
ar1,coo_revenue,2047,published,False,False,False,False,not priced by the fuel rate and no activity response,0.0,0.0,0.0,0.0,0.0,0.0,0.0,0.0
ar1,coo_revenue,2048,published,False,False,False,False,not priced by the fuel rate and no activity response,0.0,0.0,0.0,0.0,0.0,0.0,0.0,0.0
ar1,coo_revenue,2049,published,False,False,False,False,not priced by the fuel rate and no activity response,0.0,0.0,0.0,0.0,0.0,0.0,0.0,0.0
ar1,coo_revenue,2050,published,False,False,False,False,not priced by the fuel rate and no activity response,0.0,0.0,0.0,0.0,0.0,0.0,0.0,0.0
ar1,current_light_ruc_conventional_modelled_km,2025,published,False,False,False,False,not priced by the fuel rate and no activity response,13529.742736,13529.742736,13529.742736,13529.742736,13529.742736,13529.742736,13529.742736,13529.742736
ar1,current_light_ruc_conventional_modelled_km,2026,published,False,False,False,False,not priced by the fuel rate and no activity response,12805.016492073193,12805.016492073193,12805.016492073193,12805.016492073193,12805.016492073193,12805.016492073193,12805.016492073193,12805.016492073193
ar1,current_light_ruc_conventional_modelled_km,2027,published,False,False,False,False,not priced by the fuel rate and no activity response,12884.412921103954,12884.412921103954,12884.412921103954,12884.412921103954,12884.412921103954,12884.412921103954,12884.412921103954,12884.412921103954
ar1,current_light_ruc_conventional_modelled_km,2028,published,False,False,False,False,not priced by the fuel rate and no activity response,13372.423680284688,13372.423680284688,13372.423680284688,13372.423680284688,13372.423680284688,13372.423680284688,13372.423680284688,13372.423680284688
ar1,current_light_ruc_conventional_modelled_km,2029,published,False,False,False,False,not priced by the fuel rate and no activity response,13833.483861200531,13833.483861200531,13833.483861200531,13833.483861200531,13833.483861200531,13833.483861200531,13833.483861200531,13833.483861200531
ar1,current_light_ruc_conventional_modelled_km,2030,published,False,False,False,False,not priced by the fuel rate and no activity response,14129.750867690173,14129.750867690173,14129.750867690173,14129.750867690173,14129.750867690173,14129.750867690173,14129.750867690173,14129.750867690173
ar1,current_light_ruc_conventional_modelled_km,2031,published,False,False,False,False,not priced by the fuel rate and no activity response,13975.040162956282,13975.040162956282,13975.040162956282,13975.040162956282,13975.040162956282,13975.040162956282,13975.040162956282,13975.040162956282
ar1,current_light_ruc_conventional_modelled_km,2032,published,False,False,False,False,not priced by the fuel rate and no activity response,13769.766914133534,13769.766914133534,13769.766914133534,13769.766914133534,13769.766914133534,13769.766914133534,13769.766914133534,13769.766914133534
ar1,current_light_ruc_conventional_modelled_km,2033,published,False,False,False,False,not priced by the fuel rate and no activity response,13508.019574065615,13508.019574065615,13508.019574065615,13508.019574065615,13508.019574065615,13508.019574065615,13508.019574065615,13508.019574065615
ar1,current_light_ruc_conventional_modelled_km,2034,published,False,False,False,False,not priced by the fuel rate and no activity response,13199.622187405255,13199.622187405255,13199.622187405255,13199.622187405255,13199.622187405255,13199.622187405255,13199.622187405255,13199.622187405255
ar1,current_light_ruc_conventional_modelled_km,2035,published,False,False,False,False,not priced by the fuel rate and no activity response,12844.602916997665,12844.602916997665,12844.602916997665,12844.602916997665,12844.602916997665,12844.602916997665,12844.602916997665,12844.602916997665
ar1,current_light_ruc_conventional_modelled_km,2036,published,False,False,False,False,not priced by the fuel rate and no activity response,12443.581128722195,12443.581128722195,12443.581128722195,12443.581128722195,12443.581128722195,12443.581128722195,12443.581128722195,12443.581128722195
ar1,current_light_ruc_conventional_modelled_km,2037,published,False,False,False,False,not priced by the fuel rate and no activity response,11990.381660963953,11990.381660963953,11990.381660963953,11990.381660963953,11990.381660963953,11990.381660963953,11990.381660963953,11990.381660963953
ar1,current_light_ruc_conventional_modelled_km,2038,published,False,False,False,False,not priced by the fuel rate and no activity response,11472.172586228144,11472.172586228144,11472.172586228144,11472.172586228144,11472.172586228144,11472.172586228144,11472.172586228144,11472.172586228144
ar1,current_light_ruc_conventional_modelled_km,2039,published,False,False,False,False,not priced by the fuel rate and no activity response,10911.428835346602,10911.428835346602,10911.428835346602,10911.428835346602,10911.428835346602,10911.428835346602,10911.428835346602,10911.428835346602
ar1,current_light_ruc_conventional_modelled_km,2040,published,False,False,False,False,not priced by the fuel rate and no activity response,10324.17350200051,10324.17350200051,10324.17350200051,10324.17350200051,10324.17350200051,10324.17350200051,10324.17350200051,10324.17350200051
ar1,current_light_ruc_conventional_modelled_km,2041,published,False,False,False,False,not priced by the fuel rate and no activity response,9748.6417303738,9748.6417303738,9748.6417303738,9748.6417303738,9748.6417303738,9748.6417303738,9748.6417303738,9748.6417303738
ar1,current_light_ruc_conventional_modelled_km,2042,published,False,False,False,False,not priced by the fuel rate and no activity response,9219.656159372384,9219.656159372384,9219.656159372384,9219.656159372384,9219.656159372384,9219.656159372384,9219.656159372384,9219.656159372384
ar1,current_light_ruc_conventional_modelled_km,2043,published,False,False,False,False,not priced by the fuel rate and no activity response,8729.582427324138,8729.582427324138,8729.582427324138,8729.582427324138,8729.582427324138,8729.582427324138,8729.582427324138,8729.582427324138
ar1,current_light_ruc_conventional_modelled_km,2044,published,False,False,False,False,not priced by the fuel rate and no activity response,8267.862352812681,8267.862352812681,8267.862352812681,8267.862352812681,8267.862352812681,8267.862352812681,8267.862352812681,8267.862352812681
ar1,current_light_ruc_conventional_modelled_km,2045,published,False,False,False,False,not priced by the fuel rate and no activity response,7845.878538213883,7845.878538213883,7845.878538213883,7845.878538213883,7845.878538213883,7845.878538213883,7845.878538213883,7845.878538213883
ar1,current_light_ruc_conventional_modelled_km,2046,published,False,False,False,False,not priced by the fuel rate and no activity response,7457.474598258262,7457.474598258262,7457.474598258262,7457.474598258262,7457.474598258262,7457.474598258262,7457.474598258262,7457.474598258262
ar1,current_light_ruc_conventional_modelled_km,2047,published,False,False,False,False,not priced by the fuel rate and no activity response,7080.815416016549,7080.815416016549,7080.815416016549,7080.815416016549,7080.815416016549,7080.815416016549,7080.815416016549,7080.815416016549
ar1,current_light_ruc_conventional_modelled_km,2048,published,False,False,False,False,not priced by the fuel rate and no activity response,6725.091690231553,6725.091690231553,6725.091690231553,6725.091690231553,6725.091690231553,6725.091690231553,6725.091690231553,6725.091690231553
ar1,current_light_ruc_conventional_modelled_km,2049,published,False,False,False,False,not priced by the fuel rate and no activity response,6373.2890576886,6373.2890576886,6373.2890576886,6373.2890576886,6373.2890576886,6373.2890576886,6373.2890576886,6373.2890576886
ar1,current_light_ruc_conventional_modelled_km,2050,published,False,False,False,False,not priced by the fuel rate and no activity response,6027.296699807985,6027.296699807985,6027.296699807985,6027.296699807985,6027.296699807985,6027.296699807985,6027.296699807985,6027.296699807985
ar1,fed_refunds,2025,published,False,False,False,False,not priced by the fuel rate and no activity response,69.90077731,69.90077731,69.90077731,69.90077731,69.90077731,69.90077731,69.90077731,69.90077731
ar1,fed_refunds,2026,published,False,False,False,False,not priced by the fuel rate and no activity response,72.3868062026043,72.3868062026043,72.3868062026043,72.3868062026043,72.3868062026043,72.3868062026043,72.3868062026043,72.3868062026043
ar1,fed_refunds,2027,published,False,False,False,False,not priced by the fuel rate and no activity response,80.6529606896518,80.6529606896518,80.6529606896518,80.6529606896518,80.6529606896518,80.6529606896518,80.6529606896518,80.6529606896518
ar1,fed_refunds,2028,published,False,False,False,False,not priced by the fuel rate and no activity response,91.4673022517422,91.4673022517422,91.4673022517422,91.4673022517422,91.4673022517422,91.4673022517422,91.4673022517422,91.4673022517422
ar1,fed_refunds,2029,published,False,False,False,False,not priced by the fuel rate and no activity response,97.6737041163894,97.6737041163894,97.6737041163894,97.6737041163894,97.6737041163894,97.6737041163894,97.6737041163894,97.6737041163894
ar1,fed_refunds,2030,published,False,False,False,False,not priced by the fuel rate and no activity response,102.477188461442,102.477188461442,102.477188461442,102.477188461442,102.477188461442,102.477188461442,102.477188461442,102.477188461442
ar1,fed_refunds,2031,published,False,False,False,False,not priced by the fuel rate and no activity response,105.428538617792,105.428538617792,105.428538617792,105.428538617792,105.428538617792,105.428538617792,105.428538617792,105.428538617792
ar1,fed_refunds,2032,published,False,False,False,False,not priced by the fuel rate and no activity response,107.880660403128,107.880660403128,107.880660403128,107.880660403128,107.880660403128,107.880660403128,107.880660403128,107.880660403128
ar1,fed_refunds,2033,published,False,False,False,False,not priced by the fuel rate and no activity response,109.618818619908,109.618818619908,109.618818619908,109.618818619908,109.618818619908,109.618818619908,109.618818619908,109.618818619908
ar1,fed_refunds,2034,published,False,False,False,False,not priced by the fuel rate and no activity response,110.874936585782,110.874936585782,110.874936585782,110.874936585782,110.874936585782,110.874936585782,110.874936585782,110.874936585782
ar1,fed_refunds,2035,published,False,False,False,False,not priced by the fuel rate and no activity response,111.445970529907,111.445970529907,111.445970529907,111.445970529907,111.445970529907,111.445970529907,111.445970529907,111.445970529907
ar1,fed_refunds,2036,published,False,False,False,False,not priced by the fuel rate and no activity response,111.176191918272,111.176191918272,111.176191918272,111.176191918272,111.176191918272,111.176191918272,111.176191918272,111.176191918272
ar1,fed_refunds,2037,published,False,False,False,False,not priced by the fuel rate and no activity response,110.042913972117,110.042913972117,110.042913972117,110.042913972117,110.042913972117,110.042913972117,110.042913972117,110.042913972117
ar1,fed_refunds,2038,published,False,False,False,False,not priced by the fuel rate and no activity response,107.913508675593,107.913508675593,107.913508675593,107.913508675593,107.913508675593,107.913508675593,107.913508675593,107.913508675593
ar1,fed_refunds,2039,published,False,False,False,False,not priced by the fuel rate and no activity response,104.840874026332,104.840874026332,104.840874026332,104.840874026332,104.840874026332,104.840874026332,104.840874026332,104.840874026332
ar1,fed_refunds,2040,published,False,False,False,False,not priced by the fuel rate and no activity response,100.944261351029,100.944261351029,100.944261351029,100.944261351029,100.944261351029,100.944261351029,100.944261351029,100.944261351029
ar1,fed_refunds,2041,published,False,False,False,False,not priced by the fuel rate and no activity response,96.3322291474112,96.3322291474112,96.3322291474112,96.3322291474112,96.3322291474112,96.3322291474112,96.3322291474112,96.3322291474112
ar1,fed_refunds,2042,published,False,False,False,False,not priced by the fuel rate and no activity response,90.5422688383918,90.5422688383918,90.5422688383918,90.5422688383918,90.5422688383918,90.5422688383918,90.5422688383918,90.5422688383918
ar1,fed_refunds,2043,published,False,False,False,False,not priced by the fuel rate and no activity response,84.3336057989786,84.3336057989786,84.3336057989786,84.3336057989786,84.3336057989786,84.3336057989786,84.3336057989786,84.3336057989786
ar1,fed_refunds,2044,published,False,False,False,False,not priced by the fuel rate and no activity response,78.1830347453577,78.1830347453577,78.1830347453577,78.1830347453577,78.1830347453577,78.1830347453577,78.1830347453577,78.1830347453577
ar1,fed_refunds,2045,published,False,False,False,False,not priced by the fuel rate and no activity response,72.2614752287827,72.2614752287827,72.2614752287827,72.2614752287827,72.2614752287827,72.2614752287827,72.2614752287827,72.2614752287827
ar1,fed_refunds,2046,published,False,False,False,False,not priced by the fuel rate and no activity response,66.6787339973973,66.6787339973973,66.6787339973973,66.6787339973973,66.6787339973973,66.6787339973973,66.6787339973973,66.6787339973973
ar1,fed_refunds,2047,published,False,False,False,False,not priced by the fuel rate and no activity response,61.4417326492604,61.4417326492604,61.4417326492604,61.4417326492604,61.4417326492604,61.4417326492604,61.4417326492604,61.4417326492604
ar1,fed_refunds,2048,published,False,False,False,False,not priced by the fuel rate and no activity response,56.625431852433,56.625431852433,56.625431852433,56.625431852433,56.625431852433,56.625431852433,56.625431852433,56.625431852433
ar1,fed_refunds,2049,published,False,False,False,False,not priced by the fuel rate and no activity response,52.1359432142043,52.1359432142043,52.1359432142043,52.1359432142043,52.1359432142043,52.1359432142043,52.1359432142043,52.1359432142043
ar1,fed_refunds,2050,published,False,False,False,False,not priced by the fuel rate and no activity response,47.9565731676092,47.9565731676092,47.9565731676092,47.9565731676092,47.9565731676092,47.9565731676092,47.9565731676092,47.9565731676092
ar1,gross_cng_revenue,2025,published,False,False,False,False,not priced by the fuel rate and no activity response,0.0,0.0,0.0,0.0,0.0,0.0,0.0,0.0
ar1,gross_cng_revenue,2026,published,False,False,False,False,not priced by the fuel rate and no activity response,0.0,0.0,0.0,0.0,0.0,0.0,0.0,0.0
ar1,gross_cng_revenue,2027,published,False,False,False,False,not priced by the fuel rate and no activity response,0.0,0.0,0.0,0.0,0.0,0.0,0.0,0.0
ar1,gross_cng_revenue,2028,published,False,False,False,False,not priced by the fuel rate and no activity response,0.0,0.0,0.0,0.0,0.0,0.0,0.0,0.0
ar1,gross_cng_revenue,2029,published,False,False,False,False,not priced by the fuel rate and no activity response,0.0,0.0,0.0,0.0,0.0,0.0,0.0,0.0
ar1,gross_cng_revenue,2030,published,False,False,False,False,not priced by the fuel rate and no activity response,0.0,0.0,0.0,0.0,0.0,0.0,0.0,0.0
ar1,gross_cng_revenue,2031,published,False,False,False,False,not priced by the fuel rate and no activity response,0.0,0.0,0.0,0.0,0.0,0.0,0.0,0.0
ar1,gross_cng_revenue,2032,published,False,False,False,False,not priced by the fuel rate and no activity response,0.0,0.0,0.0,0.0,0.0,0.0,0.0,0.0
ar1,gross_cng_revenue,2033,published,False,False,False,False,not priced by the fuel rate and no activity response,0.0,0.0,0.0,0.0,0.0,0.0,0.0,0.0
ar1,gross_cng_revenue,2034,published,False,False,False,False,not priced by the fuel rate and no activity response,0.0,0.0,0.0,0.0,0.0,0.0,0.0,0.0
ar1,gross_cng_revenue,2035,published,False,False,False,False,not priced by the fuel rate and no activity response,0.0,0.0,0.0,0.0,0.0,0.0,0.0,0.0
ar1,gross_cng_revenue,2036,published,False,False,False,False,not priced by the fuel rate and no activity response,0.0,0.0,0.0,0.0,0.0,0.0,0.0,0.0
ar1,gross_cng_revenue,2037,published,False,False,False,False,not priced by the fuel rate and no activity response,0.0,0.0,0.0,0.0,0.0,0.0,0.0,0.0
ar1,gross_cng_revenue,2038,published,False,False,False,False,not priced by the fuel rate and no activity response,0.0,0.0,0.0,0.0,0.0,0.0,0.0,0.0
ar1,gross_cng_revenue,2039,published,False,False,False,False,not priced by the fuel rate and no activity response,0.0,0.0,0.0,0.0,0.0,0.0,0.0,0.0
ar1,gross_cng_revenue,2040,published,False,False,False,False,not priced by the fuel rate and no activity response,0.0,0.0,0.0,0.0,0.0,0.0,0.0,0.0
ar1,gross_cng_revenue,2041,published,False,False,False,False,not priced by the fuel rate and no activity response,0.0,0.0,0.0,0.0,0.0,0.0,0.0,0.0
ar1,gross_cng_revenue,2042,published,False,False,False,False,not priced by the fuel rate and no activity response,0.0,0.0,0.0,0.0,0.0,0.0,0.0,0.0
ar1,gross_cng_revenue,2043,published,False,False,False,False,not priced by the fuel rate and no activity response,0.0,0.0,0.0,0.0,0.0,0.0,0.0,0.0
ar1,gross_cng_revenue,2044,published,False,False,False,False,not priced by the fuel rate and no activity response,0.0,0.0,0.0,0.0,0.0,0.0,0.0,0.0
ar1,gross_cng_revenue,2045,published,False,False,False,False,not priced by the fuel rate and no activity response,0.0,0.0,0.0,0.0,0.0,0.0,0.0,0.0
ar1,gross_cng_revenue,2046,published,False,False,False,False,not priced by the fuel rate and no activity response,0.0,0.0,0.0,0.0,0.0,0.0,0.0,0.0
ar1,gross_cng_revenue,2047,published,False,False,False,False,not priced by the fuel rate and no activity response,0.0,0.0,0.0,0.0,0.0,0.0,0.0,0.0
ar1,gross_cng_revenue,2048,published,False,False,False,False,not priced by the fuel rate and no activity response,0.0,0.0,0.0,0.0,0.0,0.0,0.0,0.0
ar1,gross_cng_revenue,2049,published,False,False,False,False,not priced by the fuel rate and no activity response,0.0,0.0,0.0,0.0,0.0,0.0,0.0,0.0
ar1,gross_cng_revenue,2050,published,False,False,False,False,not priced by the fuel rate and no activity response,0.0,0.0,0.0,0.0,0.0,0.0,0.0,0.0
ar1,gross_fed_revenue,2025,published,False,False,False,False,not priced by the fuel rate and no activity response,2067.62792391,2067.62792391,2067.62792391,2067.62792391,2067.62792391,2067.62792391,2067.62792391,2067.62792391
ar1,gross_fed_revenue,2026,published,False,False,False,False,not priced by the fuel rate and no activity response,2178.581790793814,2178.581790793814,2178.581790793814,2178.581790793814,2178.581790793814,2178.581790793814,2178.581790793814,2178.581790793814
ar1,gross_fed_revenue,2027,published,True,False,False,True,central moves through a governed identity term,2252.8793747089653,2084.988286100581,2084.988286100581,2084.988286100581,2084.988286100581,2084.988286100581,2084.988286100581,2084.988286100581
ar1,gross_fed_revenue,2028,published,True,False,False,True,central moves through a governed identity term,2501.229029100793,2501.229029100793,2251.1173362334994,2079.8878721789597,2079.8878721789597,2079.8878721789597,2079.8878721789597,2167.159428873098
ar1,gross_fed_revenue,2029,published,True,False,False,True,central moves through a governed identity term,2645.038787658003,2645.038787658003,2506.8021086605045,2423.368446422842,2255.9358026410387,2079.1851043538604,2079.1851043538604,2311.8057552961372
ar1,gross_fed_revenue,2030,published,True,False,False,True,central moves through a governed identity term,2759.591439455385,2759.591439455385,2649.376752395594,2593.9358133121,2510.61785043367,2427.061006346282,2259.3825103045247,2427.064721694571
ar1,gross_fed_revenue,2031,published,True,False,False,True,central moves through a governed identity term,2857.6920993712192,2857.6920993712192,2743.1659695252956,2685.7392305820463,2628.3124916387974,2570.885752695549,2484.7456442806756,2513.4590137523
ar1,gross_fed_revenue,2032,published,True,False,False,True,central moves through a governed identity term,2942.744560041224,2942.744560041224,2829.348508444462,2772.5100956716387,2715.6716828988156,2658.8332701259924,2601.994857353169,2602.038077825576
ar1,gross_fed_revenue,2033,published,True,False,False,True,central moves through a governed identity term,3017.2436577547455,3017.2436577547455,2905.312626870397,2849.2165282121646,2793.1204295539324,2737.0243308957,2680.9282322374675,2680.98682883417
ar1,gross_fed_revenue,2034,published,True,False,False,True,central moves through a governed identity term,3079.0572806660252,3079.0572806660252,2968.9720089843236,2913.7941604620783,2858.616311939833,2803.438463417588,2748.2606148953428,2748.3047182856967
ar1,gross_fed_revenue,2035,published,True,False,False,True,central moves through a governed identity term,3122.9036031627547,3122.9036031627547,3015.2722170675056,2961.2612618138346,2907.2503065601627,2853.2393513064912,2799.22839605282,2799.145748784669
ar1,gross_fed_revenue,2036,published,True,False,False,True,central moves through a governed identity term,3141.323389694423,3141.323389694423,3036.773664285953,2984.282583568995,2931.7915028520365,2879.3004221350784,2826.8093414181208,2826.676118838127
ar1,gross_fed_revenue,2037,published,True,False,False,True,central moves through a governed identity term,3126.9201990729316,3126.9201990729316,3026.36230516473,2975.828755223562,2925.2952052823944,2874.761655341226,2824.2281054000578,2824.0069544132148
ar1,gross_fed_revenue,2038,published,True,False,False,True,central moves through a governed identity term,3072.711478567923,3072.711478567923,2977.125583505546,2929.05748881493,2880.989394124314,2832.9212994336976,2784.853204743082,2784.5769116456213
ar1,gross_fed_revenue,2039,published,True,False,False,True,central moves through a governed identity term,2975.5916395402965,2975.5916395402965,2886.0027175191253,2840.908220668705,2795.813723818285,2750.719226967865,2705.624730117445,2705.281709342221
ar1,gross_fed_revenue,2040,published,True,False,False,True,central moves through a governed identity term,2837.5320756926694,2837.5320756926694,2754.837911161085,2713.149897629763,2671.4618840984417,2629.7738705671204,2588.0858570357987,2587.641627527197
ar1,gross_fed_revenue,2041,published,True,False,False,True,central moves through a governed identity term,2664.9535144019264,2664.9535144019264,2589.7320710423487,2551.7536312058687,2513.7751913693887,2475.796751532909,2437.818311696429,2437.299362825889
ar1,gross_fed_revenue,2042,published,True,False,False,True,central moves through a governed identity term,2454.4865082994606,2454.4865082994606,2387.333845060737,2353.3902850568693,2319.446725053002,2285.503165049134,2251.559605045267,2251.0186358059645
ar1,gross_fed_revenue,2043,published,True,False,False,True,central moves through a governed identity term,2234.657958943051,2234.657958943051,2175.280815925751,2145.28076423146,2115.280712537169,2085.280660842878,2055.2806091485872,2054.8286572364304
ar1,gross_fed_revenue,2044,published,True,False,False,True,central moves through a governed identity term,2030.220780566434,2030.220780566434,1977.8369469304048,1951.3642160763354,1924.8914852222663,1898.4187543681967,1871.9460235141275,1871.535297212399
ar1,gross_fed_revenue,2045,published,True,False,False,True,central moves through a governed identity term,1857.5498778491994,1857.5498778491994,1811.0025636813702,1787.4609555722895,1763.919347463209,1740.3777393541288,1716.8361312450484,1716.4344227677504
ar1,gross_fed_revenue,2046,published,True,False,False,True,central moves through a governed identity term,1710.451730532659,1710.451730532659,1668.8083882847482,1647.72566843483,1626.642948584912,1605.5602287349936,1584.4775088850756,1584.075588673924
ar1,gross_fed_revenue,2047,published,True,False,False,True,central moves through a governed identity term,1572.9245149185706,1572.9245149185706,1535.689606653359,1516.8263965803405,1497.9631865073225,1479.099976434304,1460.2367663612858,1459.8527799114702
ar1,gross_fed_revenue,2048,published,True,False,False,True,central moves through a governed identity term,1446.7917209108132,1446.7917209108132,1413.4431491968826,1396.555620698492,1379.6680922001015,1362.780563701711,1345.89303520332,1345.562813428825
ar1,gross_fed_revenue,2049,published,True,False,False,True,central moves through a governed identity term,1329.5631213333777,1329.5631213333777,1299.7233381843014,1284.6135456932057,1269.5037532021101,1254.3939607110144,1239.2841682199187,1238.990496316109
ar1,gross_fed_revenue,2050,published,True,False,False,True,central moves through a governed identity term,1220.7382564146853,1220.7382564146853,1194.0331176793363,1180.5229349148217,1167.012752150307,1153.5025693857924,1139.9923866212778,1139.7541715461305
ar1,gross_lpg_revenue,2025,published,False,False,False,False,not priced by the fuel rate and no activity response,40.94161913,40.94161913,40.94161913,40.94161913,40.94161913,40.94161913,40.94161913,40.94161913
ar1,gross_lpg_revenue,2026,published,False,False,False,False,not priced by the fuel rate and no activity response,42.0451626401906,42.0451626401906,42.0451626401906,42.0451626401906,42.0451626401906,42.0451626401906,42.0451626401906,42.0451626401906
ar1,gross_lpg_revenue,2027,published,False,False,False,False,not priced by the fuel rate and no activity response,42.6326898203412,42.6326898203412,42.6326898203412,42.6326898203412,42.6326898203412,42.6326898203412,42.6326898203412,42.6326898203412
ar1,gross_lpg_revenue,2028,published,False,False,False,False,not priced by the fuel rate and no activity response,42.8533768621873,42.8533768621873,42.8533768621873,42.8533768621873,42.8533768621873,42.8533768621873,42.8533768621873,42.8533768621873
ar1,gross_lpg_revenue,2029,published,False,False,False,False,not priced by the fuel rate and no activity response,43.0565466561107,43.0565466561107,43.0565466561107,43.0565466561107,43.0565466561107,43.0565466561107,43.0565466561107,43.0565466561107
ar1,gross_lpg_revenue,2030,published,False,False,False,False,not priced by the fuel rate and no activity response,43.2447778470936,43.2447778470936,43.2447778470936,43.2447778470936,43.2447778470936,43.2447778470936,43.2447778470936,43.2447778470936
ar1,gross_lpg_revenue,2031,published,False,False,False,False,not priced by the fuel rate and no activity response,43.4201183252799,43.4201183252799,43.4201183252799,43.4201183252799,43.4201183252799,43.4201183252799,43.4201183252799,43.4201183252799
ar1,gross_lpg_revenue,2032,published,False,False,False,False,not priced by the fuel rate and no activity response,43.5842216228547,43.5842216228547,43.5842216228547,43.5842216228547,43.5842216228547,43.5842216228547,43.5842216228547,43.5842216228547
ar1,gross_lpg_revenue,2033,published,False,False,False,False,not priced by the fuel rate and no activity response,43.7384421166535,43.7384421166535,43.7384421166535,43.7384421166535,43.7384421166535,43.7384421166535,43.7384421166535,43.7384421166535
ar1,gross_lpg_revenue,2034,published,False,False,False,False,not priced by the fuel rate and no activity response,43.8839031230627,43.8839031230627,43.8839031230627,43.8839031230627,43.8839031230627,43.8839031230627,43.8839031230627,43.8839031230627
ar1,gross_lpg_revenue,2035,published,False,False,False,False,not priced by the fuel rate and no activity response,44.0215466525324,44.0215466525324,44.0215466525324,44.0215466525324,44.0215466525324,44.0215466525324,44.0215466525324,44.0215466525324
ar1,gross_lpg_revenue,2036,published,False,False,False,False,not priced by the fuel rate and no activity response,44.1521704507391,44.1521704507391,44.1521704507391,44.1521704507391,44.1521704507391,44.1521704507391,44.1521704507391,44.1521704507391
ar1,gross_lpg_revenue,2037,published,False,False,False,False,not priced by the fuel rate and no activity response,44.2764560365186,44.2764560365186,44.2764560365186,44.2764560365186,44.2764560365186,44.2764560365186,44.2764560365186,44.2764560365186
ar1,gross_lpg_revenue,2038,published,False,False,False,False,not priced by the fuel rate and no activity response,44.3949902416884,44.3949902416884,44.3949902416884,44.3949902416884,44.3949902416884,44.3949902416884,44.3949902416884,44.3949902416884
ar1,gross_lpg_revenue,2039,published,False,False,False,False,not priced by the fuel rate and no activity response,44.5082819804597,44.5082819804597,44.5082819804597,44.5082819804597,44.5082819804597,44.5082819804597,44.5082819804597,44.5082819804597
ar1,gross_lpg_revenue,2040,published,False,False,False,False,not priced by the fuel rate and no activity response,44.6167754628172,44.6167754628172,44.6167754628172,44.6167754628172,44.6167754628172,44.6167754628172,44.6167754628172,44.6167754628172
ar1,gross_lpg_revenue,2041,published,False,False,False,False,not priced by the fuel rate and no activity response,44.7208607201694,44.7208607201694,44.7208607201694,44.7208607201694,44.7208607201694,44.7208607201694,44.7208607201694,44.7208607201694
ar1,gross_lpg_revenue,2042,published,False,False,False,False,not priced by the fuel rate and no activity response,44.8208820738309,44.8208820738309,44.8208820738309,44.8208820738309,44.8208820738309,44.8208820738309,44.8208820738309,44.8208820738309
ar1,gross_lpg_revenue,2043,published,False,False,False,False,not priced by the fuel rate and no activity response,44.9171450107643,44.9171450107643,44.9171450107643,44.9171450107643,44.9171450107643,44.9171450107643,44.9171450107643,44.9171450107643
ar1,gross_lpg_revenue,2044,published,False,False,False,False,not priced by the fuel rate and no activity response,45.0099218130958,45.0099218130958,45.0099218130958,45.0099218130958,45.0099218130958,45.0099218130958,45.0099218130958,45.0099218130958
ar1,gross_lpg_revenue,2045,published,False,False,False,False,not priced by the fuel rate and no activity response,45.0994562030281,45.0994562030281,45.0994562030281,45.0994562030281,45.0994562030281,45.0994562030281,45.0994562030281,45.0994562030281
ar1,gross_lpg_revenue,2046,published,False,False,False,False,not priced by the fuel rate and no activity response,45.1859672028516,45.1859672028516,45.1859672028516,45.1859672028516,45.1859672028516,45.1859672028516,45.1859672028516,45.1859672028516
ar1,gross_lpg_revenue,2047,published,False,False,False,False,not priced by the fuel rate and no activity response,45.2696523640375,45.2696523640375,45.2696523640375,45.2696523640375,45.2696523640375,45.2696523640375,45.2696523640375,45.2696523640375
ar1,gross_lpg_revenue,2048,published,False,False,False,False,not priced by the fuel rate and no activity response,45.350690485262,45.350690485262,45.350690485262,45.350690485262,45.350690485262,45.350690485262,45.350690485262,45.350690485262
ar1,gross_lpg_revenue,2049,published,False,False,False,False,not priced by the fuel rate and no activity response,45.429243913464,45.429243913464,45.429243913464,45.429243913464,45.429243913464,45.429243913464,45.429243913464,45.429243913464
ar1,gross_lpg_revenue,2050,published,False,False,False,False,not priced by the fuel rate and no activity response,45.5054605024188,45.5054605024188,45.5054605024188,45.5054605024188,45.5054605024188,45.5054605024188,45.5054605024188,45.5054605024188
ar1,gross_mvr_revenue,2025,published,False,False,False,False,not priced by the fuel rate and no activity response,359.5931046430431,359.5931046430431,359.5931046430431,359.5931046430431,359.5931046430431,359.5931046430431,359.5931046430431,359.5931046430431
ar1,gross_mvr_revenue,2026,published,False,False,False,False,not priced by the fuel rate and no activity response,468.1967134376274,468.1967134376274,468.1967134376274,468.1967134376274,468.1967134376274,468.1967134376274,468.1967134376274,468.1967134376274
ar1,gross_mvr_revenue,2027,published,False,False,False,False,not priced by the fuel rate and no activity response,558.2001771623538,558.2001771623538,558.2001771623538,558.2001771623538,558.2001771623538,558.2001771623538,558.2001771623538,558.2001771623538
ar1,gross_mvr_revenue,2028,published,False,False,False,False,not priced by the fuel rate and no activity response,564.0759078180181,564.0759078180181,564.0759078180181,564.0759078180181,564.0759078180181,564.0759078180181,564.0759078180181,564.0759078180181
ar1,gross_mvr_revenue,2029,published,False,False,False,False,not priced by the fuel rate and no activity response,558.3078428659381,558.3078428659381,558.3078428659381,558.3078428659381,558.3078428659381,558.3078428659381,558.3078428659381,558.3078428659381
ar1,gross_mvr_revenue,2030,published,False,False,False,False,not priced by the fuel rate and no activity response,553.0031767675906,553.0031767675906,553.0031767675906,553.0031767675906,553.0031767675906,553.0031767675906,553.0031767675906,553.0031767675906
ar1,gross_mvr_revenue,2031,published,False,False,False,False,not priced by the fuel rate and no activity response,548.1236653539303,548.1236653539303,548.1236653539303,548.1236653539303,548.1236653539303,548.1236653539303,548.1236653539303,548.1236653539303
ar1,gross_mvr_revenue,2032,published,False,False,False,False,not priced by the fuel rate and no activity response,543.6318608697579,543.6318608697579,543.6318608697579,543.6318608697579,543.6318608697579,543.6318608697579,543.6318608697579,543.6318608697579
ar1,gross_mvr_revenue,2033,published,False,False,False,False,not priced by the fuel rate and no activity response,539.4923403662387,539.4923403662387,539.4923403662387,539.4923403662387,539.4923403662387,539.4923403662387,539.4923403662387,539.4923403662387
ar1,gross_mvr_revenue,2034,published,False,False,False,False,not priced by the fuel rate and no activity response,535.6722565897716,535.6722565897716,535.6722565897716,535.6722565897716,535.6722565897716,535.6722565897716,535.6722565897716,535.6722565897716
ar1,gross_mvr_revenue,2035,published,False,False,False,False,not priced by the fuel rate and no activity response,532.1415118475148,532.1415118475148,532.1415118475148,532.1415118475148,532.1415118475148,532.1415118475148,532.1415118475148,532.1415118475148
ar1,gross_mvr_revenue,2036,published,False,False,False,False,not priced by the fuel rate and no activity response,528.8727287182977,528.8727287182977,528.8727287182977,528.8727287182977,528.8727287182977,528.8727287182977,528.8727287182977,528.8727287182977
ar1,gross_mvr_revenue,2037,published,False,False,False,False,not priced by the fuel rate and no activity response,525.84111683754,525.84111683754,525.84111683754,525.84111683754,525.84111683754,525.84111683754,525.84111683754,525.84111683754
ar1,gross_mvr_revenue,2038,published,False,False,False,False,not priced by the fuel rate and no activity response,523.0242916225482,523.0242916225482,523.0242916225482,523.0242916225482,523.0242916225482,523.0242916225482,523.0242916225482,523.0242916225482
ar1,gross_mvr_revenue,2039,published,False,False,False,False,not priced by the fuel rate and no activity response,520.4020758793362,520.4020758793362,520.4020758793362,520.4020758793362,520.4020758793362,520.4020758793362,520.4020758793362,520.4020758793362
ar1,gross_mvr_revenue,2040,published,False,False,False,False,not priced by the fuel rate and no activity response,517.9563010223371,517.9563010223371,517.9563010223371,517.9563010223371,517.9563010223371,517.9563010223371,517.9563010223371,517.9563010223371
ar1,gross_mvr_revenue,2041,published,False,False,False,False,not priced by the fuel rate and no activity response,515.6706165952565,515.6706165952565,515.6706165952565,515.6706165952565,515.6706165952565,515.6706165952565,515.6706165952565,515.6706165952565
ar1,gross_mvr_revenue,2042,published,False,False,False,False,not priced by the fuel rate and no activity response,513.5303122637637,513.5303122637637,513.5303122637637,513.5303122637637,513.5303122637637,513.5303122637637,513.5303122637637,513.5303122637637
ar1,gross_mvr_revenue,2043,published,False,False,False,False,not priced by the fuel rate and no activity response,511.52215393912184,511.52215393912184,511.52215393912184,511.52215393912184,511.52215393912184,511.52215393912184,511.52215393912184,511.52215393912184
ar1,gross_mvr_revenue,2044,published,False,False,False,False,not priced by the fuel rate and no activity response,509.63423431789107,509.63423431789107,509.63423431789107,509.63423431789107,509.63423431789107,509.63423431789107,509.63423431789107,509.63423431789107
ar1,gross_mvr_revenue,2045,published,False,False,False,False,not priced by the fuel rate and no activity response,507.8558373928368,507.8558373928368,507.8558373928368,507.8558373928368,507.8558373928368,507.8558373928368,507.8558373928368,507.8558373928368
ar1,gross_mvr_revenue,2046,published,False,False,False,False,not priced by the fuel rate and no activity response,506.17731612325764,506.17731612325764,506.17731612325764,506.17731612325764,506.17731612325764,506.17731612325764,506.17731612325764,506.17731612325764
ar1,gross_mvr_revenue,2047,published,False,False,False,False,not priced by the fuel rate and no activity response,504.5899822904554,504.5899822904554,504.5899822904554,504.5899822904554,504.5899822904554,504.5899822904554,504.5899822904554,504.5899822904554
ar1,gross_mvr_revenue,2048,published,False,False,False,False,not priced by the fuel rate and no activity response,503.0860075150547,503.0860075150547,503.0860075150547,503.0860075150547,503.0860075150547,503.0860075150547,503.0860075150547,503.0860075150547
ar1,gross_mvr_revenue,2049,published,False,False,False,False,not priced by the fuel rate and no activity response,501.658334426522,501.658334426522,501.658334426522,501.658334426522,501.658334426522,501.658334426522,501.658334426522,501.658334426522
ar1,gross_mvr_revenue,2050,published,False,False,False,False,not priced by the fuel rate and no activity response,500.30059702186173,500.30059702186173,500.30059702186173,500.30059702186173,500.30059702186173,500.30059702186173,500.30059702186173,500.30059702186173
ar1,gross_ped_revenue,2025,published,False,False,False,False,rate-priced but outside every affected year,2026.68630478,2026.68630478,2026.68630478,2026.68630478,2026.68630478,2026.68630478,2026.68630478,2026.68630478
ar1,gross_ped_revenue,2026,published,False,False,False,False,rate-priced but outside every affected year,2136.5366281536235,2136.5366281536235,2136.5366281536235,2136.5366281536235,2136.5366281536235,2136.5366281536235,2136.5366281536235,2136.5366281536235
ar1,gross_ped_revenue,2027,published,True,True,True,True,rate and the modelled activity response both changed,2210.2466848886243,2042.35559628024,2042.35559628024,2042.35559628024,2042.35559628024,2042.35559628024,2042.35559628024,2042.35559628024
ar1,gross_ped_revenue,2028,published,True,True,True,True,rate and the modelled activity response both changed,2458.3756522386057,2458.3756522386057,2208.263959371312,2037.0344953167723,2037.0344953167723,2037.0344953167723,2037.0344953167723,2124.3060520109107
ar1,gross_ped_revenue,2029,published,True,True,True,True,rate and the modelled activity response both changed,2601.9822410018924,2601.9822410018924,2463.745562004394,2380.3118997667316,2212.879255984928,2036.1285576977498,2036.1285576977498,2268.7492086400266
ar1,gross_ped_revenue,2030,published,True,True,True,True,rate and the modelled activity response both changed,2716.3466616082915,2716.3466616082915,2606.1319745485002,2550.6910354650063,2467.373072586576,2383.816228499188,2216.137732457431,2383.819943847477
ar1,gross_ped_revenue,2031,published,True,True,False,True,"rate-priced leaf: the collection rate changed, volume did not",2814.2719810459394,2814.2719810459394,2699.7458512000157,2642.3191122567664,2584.8923733135175,2527.465634370269,2441.3255259553957,2470.03889542702
ar1,gross_ped_revenue,2032,published,True,True,False,True,"rate-priced leaf: the collection rate changed, volume did not",2899.160338418369,2899.160338418369,2785.764286821607,2728.925874048784,2672.087461275961,2615.2490485031376,2558.4106357303144,2558.453856202721
ar1,gross_ped_revenue,2033,published,True,True,False,True,"rate-priced leaf: the collection rate changed, volume did not",2973.505215638092,2973.505215638092,2861.5741847537433,2805.478086095511,2749.381987437279,2693.2858887790467,2637.189790120814,2637.2483867175165
ar1,gross_ped_revenue,2034,published,True,True,False,True,"rate-priced leaf: the collection rate changed, volume did not",3035.1733775429625,3035.1733775429625,2925.088105861261,2869.9102573390155,2814.73240881677,2759.5545602945253,2704.37671177228,2704.420815162634
ar1,gross_ped_revenue,2035,published,True,True,False,True,"rate-priced leaf: the collection rate changed, volume did not",3078.8820565102224,3078.8820565102224,2971.2506704149732,2917.2397151613022,2863.2287599076303,2809.217804653959,2755.2068494002874,2755.124202132137
ar1,gross_ped_revenue,2036,published,True,True,False,True,"rate-priced leaf: the collection rate changed, volume did not",3097.171219243684,3097.171219243684,2992.621493835214,2940.130413118256,2887.6393324012975,2835.1482516843394,2782.6571709673817,2782.523948387388
ar1,gross_ped_revenue,2037,published,True,True,False,True,"rate-priced leaf: the collection rate changed, volume did not",3082.643743036413,3082.643743036413,2982.0858491282115,2931.5522991870434,2881.018749245876,2830.4851993047073,2779.951649363539,2779.7304983766962
ar1,gross_ped_revenue,2038,published,True,True,False,True,"rate-priced leaf: the collection rate changed, volume did not",3028.316488326235,3028.316488326235,2932.7305932638574,2884.6624985732415,2836.5944038826256,2788.526309192009,2740.4582145013937,2740.181921403933
ar1,gross_ped_revenue,2039,published,True,True,False,True,"rate-priced leaf: the collection rate changed, volume did not",2931.0833575598367,2931.0833575598367,2841.4944355386656,2796.399938688245,2751.305441837825,2706.210944987405,2661.116448136985,2660.773427361761
ar1,gross_ped_revenue,2040,published,True,True,False,True,"rate-priced leaf: the collection rate changed, volume did not",2792.915300229852,2792.915300229852,2710.2211356982675,2668.5331221669458,2626.8451086356245,2585.157095104303,2543.4690815729814,2543.02485206438
ar1,gross_ped_revenue,2041,published,True,True,False,True,"rate-priced leaf: the collection rate changed, volume did not",2620.2326536817573,2620.2326536817573,2545.0112103221795,2507.0327704856995,2469.0543306492195,2431.07589081274,2393.09745097626,2392.57850210572
ar1,gross_ped_revenue,2042,published,True,True,False,True,"rate-priced leaf: the collection rate changed, volume did not",2409.6656262256297,2409.6656262256297,2342.512962986906,2308.5694029830383,2274.625842979171,2240.682282975303,2206.738722971436,2206.1977537321336
ar1,gross_ped_revenue,2043,published,True,True,False,True,"rate-priced leaf: the collection rate changed, volume did not",2189.740813932287,2189.740813932287,2130.363670914987,2100.363619220696,2070.363567526405,2040.3635158321142,2010.3634641378233,2009.9115122256662
ar1,gross_ped_revenue,2044,published,True,True,False,True,"rate-priced leaf: the collection rate changed, volume did not",1985.2108587533382,1985.2108587533382,1932.827025117309,1906.3542942632396,1879.8815634091704,1853.4088325551008,1826.9361017010317,1826.5253753993031
ar1,gross_ped_revenue,2045,published,True,True,False,True,"rate-priced leaf: the collection rate changed, volume did not",1812.4504216461714,1812.4504216461714,1765.9031074783422,1742.3614993692615,1718.819891260181,1695.2782831511008,1671.7366750420204,1671.3349665647224
ar1,gross_ped_revenue,2046,published,True,True,False,True,"rate-priced leaf: the collection rate changed, volume did not",1665.2657633298074,1665.2657633298074,1623.6224210818966,1602.5397012319784,1581.4569813820603,1560.374261532142,1539.291541682224,1538.8896214710724
ar1,gross_ped_revenue,2047,published,True,True,False,True,"rate-priced leaf: the collection rate changed, volume did not",1527.654862554533,1527.654862554533,1490.4199542893216,1471.556744216303,1452.693534143285,1433.8303240702664,1414.9671139972484,1414.5831275474327
ar1,gross_ped_revenue,2048,published,True,True,False,True,"rate-priced leaf: the collection rate changed, volume did not",1401.4410304255512,1401.4410304255512,1368.0924587116206,1351.20493021323,1334.3174017148394,1317.4298732164489,1300.542344718058,1300.212122943563
ar1,gross_ped_revenue,2049,published,True,True,False,True,"rate-priced leaf: the collection rate changed, volume did not",1284.1338774199137,1284.1338774199137,1254.2940942708374,1239.1843017797416,1224.0745092886461,1208.9647167975504,1193.8549243064547,1193.561252402645
ar1,gross_ped_revenue,2050,published,True,True,False,True,"rate-priced leaf: the collection rate changed, volume did not",1175.2327959122665,1175.2327959122665,1148.5276571769175,1135.0174744124029,1121.5072916478882,1107.9971088833736,1094.486926118859,1094.2487110437116
ar1,gross_ruc_revenue,2025,published,False,False,False,False,not priced by the fuel rate and no activity response,2072.4662332403095,2072.4662332403095,2072.4662332403095,2072.4662332403095,2072.4662332403095,2072.4662332403095,2072.4662332403095,2072.4662332403095
ar1,gross_ruc_revenue,2026,published,False,False,False,False,not priced by the fuel rate and no activity response,2173.6716139131636,2173.6716139131636,2173.6716139131636,2173.6716139131636,2173.6716139131636,2173.6716139131636,2173.6716139131636,2173.6716139131636
ar1,gross_ruc_revenue,2027,published,True,False,False,True,central moves through a governed identity term,2395.9682244886653,2218.23712273619,2218.23712273619,2218.23712273619,2218.23712273619,2218.23712273619,2218.23712273619,2218.23712273619
ar1,gross_ruc_revenue,2028,published,True,False,False,True,central moves through a governed identity term,2812.260006508895,2812.260006508895,2532.3261029076743,2342.0643487521543,2342.0643487521543,2342.0643487521543,2342.0643487521543,2438.46595323317
ar1,gross_ruc_revenue,2029,published,True,False,False,True,central moves through a governed identity term,3123.061333242758,3123.061333242758,2960.294023851153,2862.1623572130193,2665.507442855381,2461.5275187407087,2461.5275187407087,2731.0966038315087
ar1,gross_ruc_revenue,2030,published,True,False,False,True,central moves through a governed identity term,3407.6463794833126,3407.6463794833126,3271.7744642609077,3203.4824223865216,3100.9549611671378,2998.2049730843487,2792.327411246499,2998.2192749360343
ar1,gross_ruc_revenue,2031,published,True,False,False,True,central moves through a governed identity term,3641.834650635044,3641.834650635044,3500.139593144557,3429.0895621428804,3358.0395311412044,3286.989500139529,3180.4144536370145,3215.939469137853
ar1,gross_ruc_revenue,2032,published,True,False,False,True,central moves through a governed identity term,3883.9219307273975,3883.9219307273975,3738.5830240924934,3665.733637796037,3592.88425149958,3520.0348652031225,3447.185478906666,3447.2408742763932
ar1,gross_ruc_revenue,2033,published,True,False,False,True,central moves through a governed identity term,4137.295705017747,4137.295705017747,3988.204924919885,3913.4855996056754,3838.766274291466,3764.0469489772563,3689.3276236630463,3689.4056736215284
ar1,gross_ruc_revenue,2034,published,True,False,False,True,central moves through a governed identity term,4409.574245199918,4409.574245199918,4256.378771593797,4179.592871828996,4102.806972064194,4026.0210722993934,3949.2351725345916,3949.2965471369307
ar1,gross_ruc_revenue,2035,published,True,False,False,True,central moves through a governed identity term,4701.470306686689,4701.470306686689,4543.96138738693,4464.921178940438,4385.880970493945,4306.840762047453,4227.80055360096,4227.679606706548
ar1,gross_ruc_revenue,2036,published,True,False,False,True,central moves through a governed identity term,5013.314633169833,5013.314633169833,4851.061741287109,4769.599742117803,4688.137742948496,4606.67574377919,4525.213744609885,4525.006993719018
ar1,gross_ruc_revenue,2037,published,True,False,False,True,central moves through a governed identity term,5347.887680665217,5347.887680665217,5180.573383913253,5096.492611711466,5012.411839509681,4928.331067307897,4844.25029510611,4843.882330738505
ar1,gross_ruc_revenue,2038,published,True,False,False,True,central moves through a governed identity term,5705.7459460499485,5705.7459460499485,5532.969892305176,5446.084523849346,5359.1991553935195,5272.3137869376915,5185.428418481863,5184.929005560898
ar1,gross_ruc_revenue,2039,published,True,False,False,True,central moves through a governed identity term,6096.866042931557,6096.866042931557,5918.0529775692685,5828.047594862596,5738.042212155925,5648.036829449253,5558.0314467425815,5557.34680186778
ar1,gross_ruc_revenue,2040,published,True,False,False,True,central moves through a governed identity term,6522.370238419945,6522.370238419945,6337.036835092646,6243.606041402683,6150.175247712721,6056.744454022759,5963.313660332797,5962.318057231249
ar1,gross_ruc_revenue,2041,published,True,False,False,True,central moves through a governed identity term,6975.505336432409,6975.505336432409,6783.301638220706,6686.2602061122025,6589.218774003701,6492.177341895199,6395.135909786694,6393.809906354086
ar1,gross_ruc_revenue,2042,published,True,False,False,True,central moves through a governed identity term,7461.131841934116,7461.131841934116,7261.537166571138,7160.6483333829265,7059.759500194716,6958.870667006505,6857.981833818294,6856.373936610762
ar1,gross_ruc_revenue,2043,published,True,False,False,True,central moves through a governed identity term,7963.131339928719,7963.131339928719,7755.826231476045,7651.086197617244,7546.346163758444,7441.606129899644,7336.866096040844,7335.288183473751
ar1,gross_ruc_revenue,2044,published,True,False,False,True,central moves through a governed identity term,8463.107261423038,8463.107261423038,8248.66808576563,8140.298953769863,8031.929821774097,7923.560689778331,7815.191557782566,7813.5102029933105
ar1,gross_ruc_revenue,2045,published,True,False,False,True,central moves through a governed identity term,8977.542312020854,8977.542312020854,8756.0887402667,8644.087150190087,8532.085560113477,8420.083970036867,8308.082379960257,8306.171211105684
ar1,gross_ruc_revenue,2046,published,True,False,False,True,central moves through a governed identity term,9528.27296169508,9528.27296169508,9299.344734685681,9183.445543716693,9067.546352747704,8951.647161778714,8835.747970809725,8833.53847281145
ar1,gross_ruc_revenue,2047,published,True,False,False,True,central moves through a governed identity term,10094.057624432113,10094.057624432113,9857.60885419754,9737.823871979428,9618.038889761312,9498.253907543196,9378.468925325082,9376.030538121362
ar1,gross_ruc_revenue,2048,published,True,False,False,True,central moves through a governed identity term,10691.311714571739,10691.311714571739,10446.744701197485,10322.897345947827,10199.049990698164,10075.202635448506,9951.355280198844,9948.933546703562
ar1,gross_ruc_revenue,2049,published,True,False,False,True,central moves through a governed identity term,11276.300214358615,11276.300214358615,11024.339247206643,10896.755279504787,10769.171311802933,10641.587344101077,10514.003376399221,10511.523671485165
ar1,gross_ruc_revenue,2050,published,True,False,False,True,central moves through a governed identity term,11827.729456002837,11827.729456002837,11569.224153629712,11438.445807362064,11307.66746109442,11176.88911482677,11046.110768559123,11043.804850561803
ar1,heavy_bev_ruc_net_km,2025,published,False,False,False,False,not priced by the fuel rate and no activity response,0.0,0.0,0.0,0.0,0.0,0.0,0.0,0.0
ar1,heavy_bev_ruc_net_km,2026,published,False,False,False,False,not priced by the fuel rate and no activity response,0.0,0.0,0.0,0.0,0.0,0.0,0.0,0.0
ar1,heavy_bev_ruc_net_km,2027,published,False,False,False,False,not priced by the fuel rate and no activity response,0.0,0.0,0.0,0.0,0.0,0.0,0.0,0.0
ar1,heavy_bev_ruc_net_km,2028,published,False,False,False,False,not priced by the fuel rate and no activity response,60.5044362657779,60.5044362657779,60.5044362657779,60.5044362657779,60.5044362657779,60.5044362657779,60.5044362657779,60.5044362657779
ar1,heavy_bev_ruc_net_km,2029,published,False,False,False,False,not priced by the fuel rate and no activity response,73.7781618539809,73.7781618539809,73.7781618539809,73.7781618539809,73.7781618539809,73.7781618539809,73.7781618539809,73.7781618539809
ar1,heavy_bev_ruc_net_km,2030,published,False,False,False,False,not priced by the fuel rate and no activity response,88.9568688458184,88.9568688458184,88.9568688458184,88.9568688458184,88.9568688458184,88.9568688458184,88.9568688458184,88.9568688458184
ar1,heavy_bev_ruc_net_km,2031,published,False,False,False,False,not priced by the fuel rate and no activity response,106.53370251036,106.53370251036,106.53370251036,106.53370251036,106.53370251036,106.53370251036,106.53370251036,106.53370251036
ar1,heavy_bev_ruc_net_km,2032,published,False,False,False,False,not priced by the fuel rate and no activity response,127.653005544349,127.653005544349,127.653005544349,127.653005544349,127.653005544349,127.653005544349,127.653005544349,127.653005544349
ar1,heavy_bev_ruc_net_km,2033,published,False,False,False,False,not priced by the fuel rate and no activity response,151.986120839442,151.986120839442,151.986120839442,151.986120839442,151.986120839442,151.986120839442,151.986120839442,151.986120839442
ar1,heavy_bev_ruc_net_km,2034,published,False,False,False,False,not priced by the fuel rate and no activity response,178.04024478685,178.04024478685,178.04024478685,178.04024478685,178.04024478685,178.04024478685,178.04024478685,178.04024478685
ar1,heavy_bev_ruc_net_km,2035,published,False,False,False,False,not priced by the fuel rate and no activity response,205.343859461655,205.343859461655,205.343859461655,205.343859461655,205.343859461655,205.343859461655,205.343859461655,205.343859461655
ar1,heavy_bev_ruc_net_km,2036,published,False,False,False,False,not priced by the fuel rate and no activity response,235.604382962282,235.604382962282,235.604382962282,235.604382962282,235.604382962282,235.604382962282,235.604382962282,235.604382962282
ar1,heavy_bev_ruc_net_km,2037,published,False,False,False,False,not priced by the fuel rate and no activity response,268.170316374363,268.170316374363,268.170316374363,268.170316374363,268.170316374363,268.170316374363,268.170316374363,268.170316374363
ar1,heavy_bev_ruc_net_km,2038,published,False,False,False,False,not priced by the fuel rate and no activity response,303.047625648449,303.047625648449,303.047625648449,303.047625648449,303.047625648449,303.047625648449,303.047625648449,303.047625648449
ar1,heavy_bev_ruc_net_km,2039,published,False,False,False,False,not priced by the fuel rate and no activity response,340.179175199459,340.179175199459,340.179175199459,340.179175199459,340.179175199459,340.179175199459,340.179175199459,340.179175199459
ar1,heavy_bev_ruc_net_km,2040,published,False,False,False,False,not priced by the fuel rate and no activity response,378.858667428341,378.858667428341,378.858667428341,378.858667428341,378.858667428341,378.858667428341,378.858667428341,378.858667428341
ar1,heavy_bev_ruc_net_km,2041,published,False,False,False,False,not priced by the fuel rate and no activity response,419.191239873399,419.191239873399,419.191239873399,419.191239873399,419.191239873399,419.191239873399,419.191239873399,419.191239873399
ar1,heavy_bev_ruc_net_km,2042,published,False,False,False,False,not priced by the fuel rate and no activity response,473.099677684064,473.099677684064,473.099677684064,473.099677684064,473.099677684064,473.099677684064,473.099677684064,473.099677684064
ar1,heavy_bev_ruc_net_km,2043,published,False,False,False,False,not priced by the fuel rate and no activity response,532.22886177439,532.22886177439,532.22886177439,532.22886177439,532.22886177439,532.22886177439,532.22886177439,532.22886177439
ar1,heavy_bev_ruc_net_km,2044,published,False,False,False,False,not priced by the fuel rate and no activity response,597.841435231306,597.841435231306,597.841435231306,597.841435231306,597.841435231306,597.841435231306,597.841435231306,597.841435231306
ar1,heavy_bev_ruc_net_km,2045,published,False,False,False,False,not priced by the fuel rate and no activity response,669.871523096138,669.871523096138,669.871523096138,669.871523096138,669.871523096138,669.871523096138,669.871523096138,669.871523096138
ar1,heavy_bev_ruc_net_km,2046,published,False,False,False,False,not priced by the fuel rate and no activity response,748.576862526381,748.576862526381,748.576862526381,748.576862526381,748.576862526381,748.576862526381,748.576862526381,748.576862526381
ar1,heavy_bev_ruc_net_km,2047,published,False,False,False,False,not priced by the fuel rate and no activity response,833.62655925199,833.62655925199,833.62655925199,833.62655925199,833.62655925199,833.62655925199,833.62655925199,833.62655925199
ar1,heavy_bev_ruc_net_km,2048,published,False,False,False,False,not priced by the fuel rate and no activity response,924.931722907332,924.931722907332,924.931722907332,924.931722907332,924.931722907332,924.931722907332,924.931722907332,924.931722907332
ar1,heavy_bev_ruc_net_km,2049,published,False,False,False,False,not priced by the fuel rate and no activity response,1021.87987712656,1021.87987712656,1021.87987712656,1021.87987712656,1021.87987712656,1021.87987712656,1021.87987712656,1021.87987712656
ar1,heavy_bev_ruc_net_km,2050,published,False,False,False,False,not priced by the fuel rate and no activity response,1122.35014741051,1122.35014741051,1122.35014741051,1122.35014741051,1122.35014741051,1122.35014741051,1122.35014741051,1122.35014741051
ar1,heavy_bev_ruc_net_revenue,2025,published,False,False,False,False,rate-priced but outside every affected year,7.73070496506989e-12,7.73070496506989e-12,7.73070496506989e-12,7.73070496506989e-12,7.73070496506989e-12,7.73070496506989e-12,7.73070496506989e-12,7.73070496506989e-12
ar1,heavy_bev_ruc_net_revenue,2026,published,False,False,False,False,rate-priced but outside every affected year,0.0,0.0,0.0,0.0,0.0,0.0,0.0,0.0
ar1,heavy_bev_ruc_net_revenue,2027,published,False,False,False,False,rate-priced but outside every affected year,4.547473508864641e-13,4.547473508864641e-13,4.547473508864641e-13,4.547473508864641e-13,4.547473508864641e-13,4.547473508864641e-13,4.547473508864641e-13,4.547473508864641e-13
ar1,heavy_bev_ruc_net_revenue,2028,published,True,True,False,True,"rate-priced leaf: the collection rate changed, volume did not",20.203036313505436,20.203036313505436,18.06658584870047,16.64072671089889,16.64072671089889,16.64072671089889,16.64072671089889,17.353656279799907
ar1,heavy_bev_ruc_net_revenue,2029,published,True,True,False,True,"rate-priced leaf: the collection rate changed, volume did not",26.0839002326652,26.0839002326652,24.638195041018662,23.768857146741084,22.030181358185928,20.291505569630317,20.291505569630317,22.60973995437098
ar1,heavy_bev_ruc_net_revenue,2030,published,True,True,False,True,"rate-priced leaf: the collection rate changed, volume did not",32.84776860566217,32.84776860566217,31.45478908125915,30.755980117399304,29.707766671609534,28.65955322582022,26.56312633424068,28.659553225819764
ar1,heavy_bev_ruc_net_revenue,2031,published,True,True,False,True,"rate-priced leaf: the collection rate changed, volume did not",40.62231738114042,40.62231738114042,40.67038083266516,40.69448124789005,40.7185816631154,40.74268207834075,40.77883270117809,40.76678249356564
ar1,heavy_bev_ruc_net_revenue,2032,published,True,True,False,True,"rate-priced leaf: the collection rate changed, volume did not",50.23774636001099,50.23774636001099,49.96086415067202,49.82208025932687,49.6832963679808,49.54451247663519,49.40572858528958,49.405834117887025
ar1,heavy_bev_ruc_net_revenue,2033,published,True,True,False,True,"rate-priced leaf: the collection rate changed, volume did not",61.72640330168633,61.72640330168633,61.08151377112108,60.75831665192709,60.43511953273355,60.11192241353956,59.78872529434557,59.789062898059456
ar1,heavy_bev_ruc_net_revenue,2034,published,True,True,False,True,"rate-priced leaf: the collection rate changed, volume did not",74.50506210254844,74.50506210254844,73.47939326665119,72.96529906679598,72.45120486693986,71.9371106670842,71.42301646722854,71.42342738026264
ar1,heavy_bev_ruc_net_revenue,2035,published,True,True,False,True,"rate-priced leaf: the collection rate changed, volume did not",88.35859639470527,88.35859639470527,86.95077280849637,86.24430697656408,85.53784114463087,84.83137531269858,84.12490948076629,84.1238284506162
ar1,heavy_bev_ruc_net_revenue,2036,published,True,True,False,True,"rate-priced leaf: the collection rate changed, volume did not",104.12999339197631,104.12999339197631,102.30733089446858,101.3922302196197,100.47712954477174,99.56202886992287,98.64692819507582,98.64460566577691
ar1,heavy_bev_ruc_net_revenue,2037,published,True,True,False,True,"rate-priced leaf: the collection rate changed, volume did not",121.59694248234337,121.59694248234337,119.33999468394995,118.20580640839944,117.07161813284893,115.93742985730023,114.80324158174881,114.79827801087959
ar1,heavy_bev_ruc_net_revenue,2038,published,True,True,False,True,"rate-priced leaf: the collection rate changed, volume did not",140.87231348847945,140.87231348847945,138.15829950566422,136.7934801352676,135.4286607648737,134.0638413944789,132.6990220240832,132.6911771079549
ar1,heavy_bev_ruc_net_revenue,2039,published,True,True,False,True,"rate-priced leaf: the collection rate changed, volume did not",161.90543068375973,161.90543068375973,158.72151386128644,157.11889242234156,155.5162709833976,153.91364954445362,152.31102810550874,152.29883742844686
ar1,heavy_bev_ruc_net_revenue,2040,published,True,True,False,True,"rate-priced leaf: the collection rate changed, volume did not",184.41987383988817,184.41987383988817,180.76249277081206,178.91872359604076,177.07495442126947,175.23118524649817,173.38741607172688,173.3677687773352
ar1,heavy_bev_ruc_net_revenue,2041,published,True,True,False,True,"rate-priced leaf: the collection rate changed, volume did not",208.6562631032648,208.6562631032648,204.50943613840445,202.41575099540023,200.32206585239783,198.22838070939451,196.13469556638938,196.10608682035127
ar1,heavy_bev_ruc_net_revenue,2042,published,True,True,False,True,"rate-priced leaf: the collection rate changed, volume did not",241.5277901094778,241.5277901094778,236.682207509798,234.2329178495911,231.78362818938513,229.33433852917824,226.88504886897226,226.84601376587307
ar1,heavy_bev_ruc_net_revenue,2043,published,True,True,False,True,"rate-priced leaf: the collection rate changed, volume did not",278.97024949525985,278.97024949525985,273.3323844063798,270.4838767901974,267.6353691740169,264.78686155783544,261.938353941654,261.89544106680205
ar1,heavy_bev_ruc_net_revenue,2044,published,True,True,False,True,"rate-priced leaf: the collection rate changed, volume did not",322.3014837564169,322.3014837564169,315.75296466868986,312.4436004761674,309.1342362836431,305.8248720911206,302.5155078985981,302.4641628778163
ar1,heavy_bev_ruc_net_revenue,2045,published,True,True,False,True,"rate-priced leaf: the collection rate changed, volume did not",371.7051799044966,371.7051799044966,364.1368791839277,360.309161671099,356.4814441582712,352.6537266454434,348.8260091326156,348.76069385905976
ar1,heavy_bev_ruc_net_revenue,2046,published,True,True,False,True,"rate-priced leaf: the collection rate changed, volume did not",427.32165167945277,427.32165167945277,418.6362276467644,414.2390694991609,409.8419113515574,405.44475320395213,401.04759505634865,400.96376779194634
ar1,heavy_bev_ruc_net_revenue,2047,published,True,True,False,True,"rate-priced leaf: the collection rate changed, volume did not",489.38807158215786,489.38807158215786,479.48172403283024,474.4631668888687,469.44460974490175,464.4260526009366,459.40749545697327,459.3053358598827
ar1,heavy_bev_ruc_net_revenue,2048,published,True,True,False,True,"rate-priced leaf: the collection rate changed, volume did not",557.9668173281243,557.9668173281243,546.7369760884958,541.0502478653689,535.3635196422383,529.6767914191114,523.9900631959827,523.8788638878596
ar1,heavy_bev_ruc_net_revenue,2049,published,True,True,False,True,"rate-priced leaf: the collection rate changed, volume did not",633.427291266431,633.427291266431,620.772129847941,614.3640114638565,607.9558930797702,601.5477746956858,595.1396563115995,595.0151089806695
ar1,heavy_bev_ruc_net_revenue,2050,published,True,True,False,True,"rate-priced leaf: the collection rate changed, volume did not",714.8212622435603,714.8212622435603,700.6484402348633,693.4783814112052,686.3083225875471,679.1382637638872,671.968204940229,671.8417805882236
ar1,heavy_ruc_net_km,2025,published,False,False,False,False,not priced by the fuel rate and no activity response,3981.873439,3981.873439,3981.873439,3981.873439,3981.873439,3981.873439,3981.873439,3981.873439
ar1,heavy_ruc_net_km,2026,published,False,False,False,False,not priced by the fuel rate and no activity response,4062.241798831312,4062.241798831312,4062.241798831312,4062.241798831312,4062.241798831312,4062.241798831312,4062.241798831312,4062.241798831312
ar1,heavy_ruc_net_km,2027,published,True,False,True,True,activity responded inside the fixed-finalist replay window,4106.886719292136,4114.0965086127335,4114.0965086127335,4114.0965086127335,4114.0965086127335,4114.0965086127335,4114.0965086127335,4114.0965086127335
ar1,heavy_ruc_net_km,2028,published,True,False,True,True,activity responded inside the fixed-finalist replay window,4153.274595045411,4153.274595045411,4164.144669874873,4167.6201774151195,4167.6201774151195,4167.6201774151195,4167.6201774151195,4167.6201774151195
ar1,heavy_ruc_net_km,2029,published,True,False,True,True,activity responded inside the fixed-finalist replay window,4192.720215451303,4192.720215451303,4198.488160365479,4201.884345423605,4209.159817249691,4206.633507928497,4206.633507928497,4206.633507928497
ar1,heavy_ruc_net_km,2030,published,True,False,True,True,activity responded inside the fixed-finalist replay window,4230.412228687553,4230.412228687553,4234.922617806198,4237.145840086655,4240.6674701729935,4244.051588583108,4251.291954630706,4244.105071651034
ar1,heavy_ruc_net_km,2031,published,False,False,False,False,not priced by the fuel rate and no activity response,4267.911566311923,4267.911566311923,4267.911566311923,4267.911566311923,4267.911566311923,4267.911566311923,4267.911566311923,4267.911566311923
ar1,heavy_ruc_net_km,2032,published,False,False,False,False,not priced by the fuel rate and no activity response,4296.722306807416,4296.722306807416,4296.722306807416,4296.722306807416,4296.722306807416,4296.722306807416,4296.722306807416,4296.722306807416
ar1,heavy_ruc_net_km,2033,published,False,False,False,False,not priced by the fuel rate and no activity response,4317.235634223176,4317.235634223176,4317.235634223176,4317.235634223176,4317.235634223176,4317.235634223176,4317.235634223176,4317.235634223176
ar1,heavy_ruc_net_km,2034,published,False,False,False,False,not priced by the fuel rate and no activity response,4331.432056405634,4331.432056405634,4331.432056405634,4331.432056405634,4331.432056405634,4331.432056405634,4331.432056405634,4331.432056405634
ar1,heavy_ruc_net_km,2035,published,False,False,False,False,not priced by the fuel rate and no activity response,4332.904593391855,4332.904593391855,4332.904593391855,4332.904593391855,4332.904593391855,4332.904593391855,4332.904593391855,4332.904593391855
ar1,heavy_ruc_net_km,2036,published,False,False,False,False,not priced by the fuel rate and no activity response,4320.191418294555,4320.191418294555,4320.191418294555,4320.191418294555,4320.191418294555,4320.191418294555,4320.191418294555,4320.191418294555
ar1,heavy_ruc_net_km,2037,published,False,False,False,False,not priced by the fuel rate and no activity response,4293.526166490142,4293.526166490142,4293.526166490142,4293.526166490142,4293.526166490142,4293.526166490142,4293.526166490142,4293.526166490142
ar1,heavy_ruc_net_km,2038,published,False,False,False,False,not priced by the fuel rate and no activity response,4254.573259218129,4254.573259218129,4254.573259218129,4254.573259218129,4254.573259218129,4254.573259218129,4254.573259218129,4254.573259218129
ar1,heavy_ruc_net_km,2039,published,False,False,False,False,not priced by the fuel rate and no activity response,4202.7917839877055,4202.7917839877055,4202.7917839877055,4202.7917839877055,4202.7917839877055,4202.7917839877055,4202.7917839877055,4202.7917839877055
ar1,heavy_ruc_net_km,2040,published,False,False,False,False,not priced by the fuel rate and no activity response,4139.988390396382,4139.988390396382,4139.988390396382,4139.988390396382,4139.988390396382,4139.988390396382,4139.988390396382,4139.988390396382
ar1,heavy_ruc_net_km,2041,published,False,False,False,False,not priced by the fuel rate and no activity response,4069.4353207978606,4069.4353207978606,4069.4353207978606,4069.4353207978606,4069.4353207978606,4069.4353207978606,4069.4353207978606,4069.4353207978606
ar1,heavy_ruc_net_km,2042,published,False,False,False,False,not priced by the fuel rate and no activity response,3994.8611783682823,3994.8611783682823,3994.8611783682823,3994.8611783682823,3994.8611783682823,3994.8611783682823,3994.8611783682823,3994.8611783682823
ar1,heavy_ruc_net_km,2043,published,False,False,False,False,not priced by the fuel rate and no activity response,3918.79447433283,3918.79447433283,3918.79447433283,3918.79447433283,3918.79447433283,3918.79447433283,3918.79447433283,3918.79447433283
ar1,heavy_ruc_net_km,2044,published,False,False,False,False,not priced by the fuel rate and no activity response,3847.6771858833663,3847.6771858833663,3847.6771858833663,3847.6771858833663,3847.6771858833663,3847.6771858833663,3847.6771858833663,3847.6771858833663
ar1,heavy_ruc_net_km,2045,published,False,False,False,False,not priced by the fuel rate and no activity response,3787.995002710367,3787.995002710367,3787.995002710367,3787.995002710367,3787.995002710367,3787.995002710367,3787.995002710367,3787.995002710367
ar1,heavy_ruc_net_km,2046,published,False,False,False,False,not priced by the fuel rate and no activity response,3732.733320245248,3732.733320245248,3732.733320245248,3732.733320245248,3732.733320245248,3732.733320245248,3732.733320245248,3732.733320245248
ar1,heavy_ruc_net_km,2047,published,False,False,False,False,not priced by the fuel rate and no activity response,3674.343470439415,3674.343470439415,3674.343470439415,3674.343470439415,3674.343470439415,3674.343470439415,3674.343470439415,3674.343470439415
ar1,heavy_ruc_net_km,2048,published,False,False,False,False,not priced by the fuel rate and no activity response,3612.9334701749162,3612.9334701749162,3612.9334701749162,3612.9334701749162,3612.9334701749162,3612.9334701749162,3612.9334701749162,3612.9334701749162
ar1,heavy_ruc_net_km,2049,published,False,False,False,False,not priced by the fuel rate and no activity response,3548.5122267359834,3548.5122267359834,3548.5122267359834,3548.5122267359834,3548.5122267359834,3548.5122267359834,3548.5122267359834,3548.5122267359834
ar1,heavy_ruc_net_km,2050,published,False,False,False,False,not priced by the fuel rate and no activity response,3483.2835913255512,3483.2835913255512,3483.2835913255512,3483.2835913255512,3483.2835913255512,3483.2835913255512,3483.2835913255512,3483.2835913255512
ar1,heavy_ruc_net_revenue,2025,published,False,False,False,False,rate-priced but outside every affected year,1109.95026251304,1109.95026251304,1109.95026251304,1109.95026251304,1109.95026251304,1109.95026251304,1109.95026251304,1109.95026251304
ar1,heavy_ruc_net_revenue,2026,published,False,False,False,False,rate-priced but outside every affected year,1134.1059888764494,1134.1059888764494,1134.1059888764494,1134.1059888764494,1134.1059888764494,1134.1059888764494,1134.1059888764494,1134.1059888764494
ar1,heavy_ruc_net_revenue,2027,published,True,True,True,True,rate and the modelled activity response both changed,1233.416405004086,1138.2992226348838,1138.2992226348838,1138.2992226348838,1138.2992226348838,1138.2992226348838,1138.2992226348838,1138.2992226348838
ar1,heavy_ruc_net_revenue,2028,published,True,True,True,True,rate and the modelled activity response both changed,1386.55564155929,1386.55564155929,1243.1739768400878,1146.0153440401575,1146.0153440401575,1146.0153440401575,1146.0153440401575,1195.1134537185603
ar1,heavy_ruc_net_revenue,2029,published,True,True,True,True,rate and the modelled activity response both changed,1482.1675915175717,1482.1675915175717,1401.9441790104554,1353.5717914875017,1256.7311741054627,1156.8521246295381,1156.8521246295381,1289.0184818361574
ar1,heavy_ruc_net_revenue,2030,published,True,True,True,True,rate and the modelled activity response both changed,1561.9346558206582,1561.9346558206582,1497.2921787594078,1464.7964655993394,1416.0497855033943,1367.1758228436981,1269.3296306664517,1367.19305184195
ar1,heavy_ruc_net_revenue,2031,published,True,True,False,True,"rate-priced leaf: the collection rate changed, volume did not",1642.9965761252706,1642.9965761252706,1576.13522069089,1542.6089886503282,1509.0827566097664,1475.5565245692046,1425.2671765083621,1442.030292528643
ar1,heavy_ruc_net_revenue,2032,published,True,True,False,True,"rate-priced leaf: the collection rate changed, volume did not",1721.5892102800665,1721.5892102800665,1654.25198290069,1620.5000041424128,1586.7480253841354,1552.9960466258578,1519.2440678675807,1519.269733194873
ar1,heavy_ruc_net_revenue,2033,published,True,True,False,True,"rate-priced leaf: the collection rate changed, volume did not",1797.6105733778486,1797.6105733778486,1729.9434969763668,1696.0310156587088,1662.1185343410507,1628.2060530233928,1594.2935717057348,1594.3289958446405
ar1,heavy_ruc_net_revenue,2034,published,True,True,False,True,"rate-priced leaf: the collection rate changed, volume did not",1871.5468200920322,1871.5468200920322,1803.6661047170044,1769.6423722655404,1735.6186398140762,1701.5949073626125,1667.5711749111485,1667.598369917728
ar1,heavy_ruc_net_revenue,2035,published,True,True,False,True,"rate-priced leaf: the collection rate changed, volume did not",1940.253012397905,1940.253012397905,1872.4257565086127,1838.3890780292154,1804.3523995498178,1770.3157210704205,1736.279042591023,1736.2269598518817
ar1,heavy_ruc_net_revenue,2036,published,True,True,False,True,"rate-priced leaf: the collection rate changed, volume did not",2002.4303233366143,2002.4303233366143,1934.8352420076717,1900.8979087794448,1866.9605755512177,1833.0232423229909,1799.085909094764,1798.999776002646
ar1,heavy_ruc_net_revenue,2037,published,True,True,False,True,"rate-priced leaf: the collection rate changed, volume did not",2057.522141874573,2057.522141874573,1990.4043979822475,1956.6755903163107,1922.9467826503744,1889.2179749844377,1855.4891673185011,1855.3415592618924
ar1,heavy_ruc_net_revenue,2038,published,True,True,False,True,"rate-priced leaf: the collection rate changed, volume did not",2105.694670318528,2105.694670318528,2039.2304448763189,2005.8070126846792,1972.3835804930395,1938.9601483013996,1905.5367161097602,1905.3445998283173
ar1,heavy_ruc_net_revenue,2039,published,True,True,False,True,"rate-priced leaf: the collection rate changed, volume did not",2146.0925826165585,2146.0925826165585,2080.496999830297,2047.4795269706783,2014.4620541110596,1981.4445812514407,1948.427108391822,1948.1759540397995
ar1,heavy_ruc_net_revenue,2040,published,True,True,False,True,"rate-priced leaf: the collection rate changed, volume did not",2179.062189343183,2179.062189343183,2114.5433236277527,2082.017892574597,2049.4924615214413,2016.9670304682857,1984.4415994151302,1984.0950068329976
ar1,heavy_ruc_net_revenue,2041,published,True,True,False,True,"rate-priced leaf: the collection rate changed, volume did not",2205.8577628150865,2205.8577628150865,2142.5321628796264,2110.559797290185,2078.5874317007438,2046.615066111303,2014.6427005218618,2014.205820463529
ar1,heavy_ruc_net_revenue,2042,published,True,True,False,True,"rate-priced leaf: the collection rate changed, volume did not",2228.173770846697,2228.173770846697,2166.0789302835296,2134.6919406254483,2103.3049509673665,2071.9179613092847,2040.5309716512031,2040.030747281179
ar1,heavy_ruc_net_revenue,2043,published,True,True,False,True,"rate-priced leaf: the collection rate changed, volume did not",2247.291473223277,2247.291473223277,2186.3537830829023,2155.5652715203087,2124.776759957715,2093.9882483951214,2063.199736832528,2062.7359067426673
ar1,heavy_ruc_net_revenue,2044,published,True,True,False,True,"rate-priced leaf: the collection rate changed, volume did not",2266.955205992829,2266.955205992829,2207.13697366378,2176.9071898794186,2146.6774060950574,2116.4476223106963,2086.217838526335,2085.7488212812214
ar1,heavy_ruc_net_revenue,2045,published,True,True,False,True,"rate-priced leaf: the collection rate changed, volume did not",2291.301357214467,2291.301357214467,2232.456203242991,2202.694882344428,2172.933561445865,2143.1722405473024,2113.4109196487398,2112.903079451709
ar1,heavy_ruc_net_revenue,2046,published,True,True,False,True,"rate-priced leaf: the collection rate changed, volume did not",2316.5156348776068,2316.5156348776068,2258.586470938662,2229.258749662255,2199.9310283858476,2170.6033071094407,2141.275585833034,2140.7164832119333
ar1,heavy_ruc_net_revenue,2047,published,True,True,False,True,"rate-priced leaf: the collection rate changed, volume did not",2338.0031219579523,2338.0031219579523,2281.0168655045086,2252.1476194975157,2223.2783734905233,2194.4091274835305,2165.5398814765376,2164.952208474956
ar1,heavy_ruc_net_revenue,2048,published,True,True,False,True,"rate-priced leaf: the collection rate changed, volume did not",2355.686816556099,2355.686816556099,2299.6310931742687,2271.2447912291955,2242.8584892841222,2214.4721873390495,2186.0858853939762,2185.530814532035
ar1,heavy_ruc_net_revenue,2049,published,True,True,False,True,"rate-priced leaf: the collection rate changed, volume did not",2369.4303265972812,2369.4303265972812,2314.3712020186467,2286.4912424704053,2258.6112829221634,2230.7313233739214,2202.85136382568,2202.309492664743
ar1,heavy_ruc_net_revenue,2050,published,True,True,False,True,"rate-priced leaf: the collection rate changed, volume did not",2380.597921237581,2380.597921237581,2326.502938540656,2299.1361792767793,2271.769420012903,2244.402660749027,2217.0359014851506,2216.553363629948
ar1,light_bev_ruc_net_km,2025,published,False,False,False,False,not priced by the fuel rate and no activity response,975.927403033152,975.927403033152,975.927403033152,975.927403033152,975.927403033152,975.927403033152,975.927403033152,975.927403033152
ar1,light_bev_ruc_net_km,2026,published,False,False,False,False,not priced by the fuel rate and no activity response,1237.1740107408814,1237.1740107408814,1237.1740107408814,1237.1740107408814,1237.1740107408814,1237.1740107408814,1237.1740107408814,1237.1740107408814
ar1,light_bev_ruc_net_km,2027,published,False,False,False,False,not priced by the fuel rate and no activity response,1541.0531756214164,1541.0531756214164,1541.0531756214164,1541.0531756214164,1541.0531756214164,1541.0531756214164,1541.0531756214164,1541.0531756214164
ar1,light_bev_ruc_net_km,2028,published,False,False,False,False,not priced by the fuel rate and no activity response,2047.1005382667586,2047.1005382667586,2047.1005382667586,2047.1005382667586,2047.1005382667586,2047.1005382667586,2047.1005382667586,2047.1005382667586
ar1,light_bev_ruc_net_km,2029,published,False,False,False,False,not priced by the fuel rate and no activity response,2695.8212982561504,2695.8212982561504,2695.8212982561504,2695.8212982561504,2695.8212982561504,2695.8212982561504,2695.8212982561504,2695.8212982561504
ar1,light_bev_ruc_net_km,2030,published,False,False,False,False,not priced by the fuel rate and no activity response,3437.1140934214673,3437.1140934214673,3437.1140934214673,3437.1140934214673,3437.1140934214673,3437.1140934214673,3437.1140934214673,3437.1140934214673
ar1,light_bev_ruc_net_km,2031,published,False,False,False,False,not priced by the fuel rate and no activity response,4136.464957208158,4136.464957208158,4136.464957208158,4136.464957208158,4136.464957208158,4136.464957208158,4136.464957208158,4136.464957208158
ar1,light_bev_ruc_net_km,2032,published,False,False,False,False,not priced by the fuel rate and no activity response,4916.332792766778,4916.332792766778,4916.332792766778,4916.332792766778,4916.332792766778,4916.332792766778,4916.332792766778,4916.332792766778
ar1,light_bev_ruc_net_km,2033,published,False,False,False,False,not priced by the fuel rate and no activity response,5810.656623517291,5810.656623517291,5810.656623517291,5810.656623517291,5810.656623517291,5810.656623517291,5810.656623517291,5810.656623517291
ar1,light_bev_ruc_net_km,2034,published,False,False,False,False,not priced by the fuel rate and no activity response,6881.453189098758,6881.453189098758,6881.453189098758,6881.453189098758,6881.453189098758,6881.453189098758,6881.453189098758,6881.453189098758
ar1,light_bev_ruc_net_km,2035,published,False,False,False,False,not priced by the fuel rate and no activity response,8161.8272756409115,8161.8272756409115,8161.8272756409115,8161.8272756409115,8161.8272756409115,8161.8272756409115,8161.8272756409115,8161.8272756409115
ar1,light_bev_ruc_net_km,2036,published,False,False,False,False,not priced by the fuel rate and no activity response,9659.59907412921,9659.59907412921,9659.59907412921,9659.59907412921,9659.59907412921,9659.59907412921,9659.59907412921,9659.59907412921
ar1,light_bev_ruc_net_km,2037,published,False,False,False,False,not priced by the fuel rate and no activity response,11399.789701220574,11399.789701220574,11399.789701220574,11399.789701220574,11399.789701220574,11399.789701220574,11399.789701220574,11399.789701220574
ar1,light_bev_ruc_net_km,2038,published,False,False,False,False,not priced by the fuel rate and no activity response,13377.545681265494,13377.545681265494,13377.545681265494,13377.545681265494,13377.545681265494,13377.545681265494,13377.545681265494,13377.545681265494
ar1,light_bev_ruc_net_km,2039,published,False,False,False,False,not priced by the fuel rate and no activity response,15629.699446091794,15629.699446091794,15629.699446091794,15629.699446091794,15629.699446091794,15629.699446091794,15629.699446091794,15629.699446091794
ar1,light_bev_ruc_net_km,2040,published,False,False,False,False,not priced by the fuel rate and no activity response,18145.70560302013,18145.70560302013,18145.70560302013,18145.70560302013,18145.70560302013,18145.70560302013,18145.70560302013,18145.70560302013
ar1,light_bev_ruc_net_km,2041,published,False,False,False,False,not priced by the fuel rate and no activity response,20816.414203603417,20816.414203603417,20816.414203603417,20816.414203603417,20816.414203603417,20816.414203603417,20816.414203603417,20816.414203603417
ar1,light_bev_ruc_net_km,2042,published,False,False,False,False,not priced by the fuel rate and no activity response,23544.7199664252,23544.7199664252,23544.7199664252,23544.7199664252,23544.7199664252,23544.7199664252,23544.7199664252,23544.7199664252
ar1,light_bev_ruc_net_km,2043,published,False,False,False,False,not priced by the fuel rate and no activity response,26226.749050876788,26226.749050876788,26226.749050876788,26226.749050876788,26226.749050876788,26226.749050876788,26226.749050876788,26226.749050876788
ar1,light_bev_ruc_net_km,2044,published,False,False,False,False,not priced by the fuel rate and no activity response,28712.36769831297,28712.36769831297,28712.36769831297,28712.36769831297,28712.36769831297,28712.36769831297,28712.36769831297,28712.36769831297
ar1,light_bev_ruc_net_km,2045,published,False,False,False,False,not priced by the fuel rate and no activity response,31081.76273200823,31081.76273200823,31081.76273200823,31081.76273200823,31081.76273200823,31081.76273200823,31081.76273200823,31081.76273200823
ar1,light_bev_ruc_net_km,2046,published,False,False,False,False,not priced by the fuel rate and no activity response,33509.46313744956,33509.46313744956,33509.46313744956,33509.46313744956,33509.46313744956,33509.46313744956,33509.46313744956,33509.46313744956
ar1,light_bev_ruc_net_km,2047,published,False,False,False,False,not priced by the fuel rate and no activity response,35904.76590433538,35904.76590433538,35904.76590433538,35904.76590433538,35904.76590433538,35904.76590433538,35904.76590433538,35904.76590433538
ar1,light_bev_ruc_net_km,2048,published,False,False,False,False,not priced by the fuel rate and no activity response,38352.97628394901,38352.97628394901,38352.97628394901,38352.97628394901,38352.97628394901,38352.97628394901,38352.97628394901,38352.97628394901
ar1,light_bev_ruc_net_km,2049,published,False,False,False,False,not priced by the fuel rate and no activity response,40612.41140075799,40612.41140075799,40612.41140075799,40612.41140075799,40612.41140075799,40612.41140075799,40612.41140075799,40612.41140075799
ar1,light_bev_ruc_net_km,2050,published,False,False,False,False,not priced by the fuel rate and no activity response,42570.73758968652,42570.73758968652,42570.73758968652,42570.73758968652,42570.73758968652,42570.73758968652,42570.73758968652,42570.73758968652
ar1,light_bev_ruc_net_revenue,2025,published,False,False,False,False,rate-priced but outside every affected year,65.88575453502638,65.88575453502638,65.88575453502638,65.88575453502638,65.88575453502638,65.88575453502638,65.88575453502638,65.88575453502638
ar1,light_bev_ruc_net_revenue,2026,published,False,False,False,False,rate-priced but outside every affected year,83.3370955480371,83.3370955480371,83.3370955480371,83.3370955480371,83.3370955480371,83.3370955480371,83.3370955480371,83.3370955480371
ar1,light_bev_ruc_net_revenue,2027,published,True,True,False,True,"rate-priced leaf: the collection rate changed, volume did not",112.36347424441837,103.51663034131343,103.51663034131343,103.51663034131343,103.51663034131343,103.51663034131343,103.51663034131343,103.51663034131343
ar1,light_bev_ruc_net_revenue,2028,published,True,True,False,True,"rate-priced leaf: the collection rate changed, volume did not",166.53162878800077,166.53162878800077,148.9210790563693,137.16786330426186,137.16786330426186,137.16786330426186,137.16786330426186,143.04447118031558
ar1,light_bev_ruc_net_revenue,2029,published,True,True,False,True,"rate-priced leaf: the collection rate changed, volume did not",232.20456752529267,232.20456752529267,219.3345846699329,211.59554917395766,196.1174781820072,180.63940719005672,180.63940719005672,201.27683517932402
ar1,light_bev_ruc_net_revenue,2030,published,True,True,False,True,"rate-priced leaf: the collection rate changed, volume did not",309.21996941466256,309.21996941466256,296.10683862328045,289.5284408932689,279.66084429825156,269.7932477032342,250.05805451319952,269.7932477032342
ar1,light_bev_ruc_net_revenue,2031,published,True,True,False,True,"rate-priced leaf: the collection rate changed, volume did not",387.95904833655317,387.95904833655317,372.1711470093403,364.25463320415565,356.338119398971,348.4216055937864,336.54683488600944,340.50509178860176
ar1,light_bev_ruc_net_revenue,2032,published,True,True,False,True,"rate-priced leaf: the collection rate changed, volume did not",479.90782556592876,479.90782556592876,461.13699325685667,451.72833837117855,442.3196834855004,432.9110285998222,423.5023737141441,423.5095281452591
ar1,light_bev_ruc_net_revenue,2033,published,True,True,False,True,"rate-priced leaf: the collection rate changed, volume did not",589.4620611727117,589.4620611727117,567.2730648907207,556.1526801794622,545.0322954682035,533.9119107569451,522.7915260456865,522.8031421244101
ar1,light_bev_ruc_net_revenue,2034,published,True,True,False,True,"rate-priced leaf: the collection rate changed, volume did not",724.4449844823712,724.4449844823712,698.1694762938578,684.9994492001081,671.8294221063584,658.6593950126088,645.4893679188591,645.4998946585099
ar1,light_bev_ruc_net_revenue,2035,published,True,True,False,True,"rate-priced leaf: the collection rate changed, volume did not",890.4553557724238,890.4553557724238,859.3268674319658,843.7061507259385,828.0854340199114,812.4647173138842,796.8440006078571,796.8200978726389
ar1,light_bev_ruc_net_revenue,2036,published,True,True,False,True,"rate-priced leaf: the collection rate changed, volume did not",1090.810225446041,1090.810225446041,1053.9882671266091,1035.5011369237288,1017.0140067208486,998.5268765179683,980.039746315088,979.9928259021596
ar1,light_bev_ruc_net_revenue,2037,published,True,True,False,True,"rate-priced leaf: the collection rate changed, volume did not",1330.9824465660054,1330.9824465660054,1287.5649118742965,1265.7462154756945,1243.9275190770927,1222.1088226784907,1200.2901262798887,1200.1946406817901
ar1,light_bev_ruc_net_revenue,2038,published,True,True,False,True,"rate-priced leaf: the collection rate changed, volume did not",1613.1313459753997,1613.1313459753997,1562.214407751595,1536.6093725494773,1511.0043373473598,1485.3993021452422,1459.7942669431247,1459.6470904317168
ar1,light_bev_ruc_net_revenue,2039,published,True,True,False,True,"rate-priced leaf: the collection rate changed, volume did not",1944.4909080882742,1944.4909080882742,1885.0573051897798,1855.1414589193903,1825.2256126490008,1795.3097663786111,1765.393920108222,1765.1663589312298
ar1,light_bev_ruc_net_revenue,2040,published,True,True,False,True,"rate-priced leaf: the collection rate changed, volume did not",2326.9145580032855,2326.9145580032855,2258.0179984496795,2223.2856721337735,2188.5533458178675,2153.8210195019615,2119.0886931860555,2118.7185838201985
ar1,light_bev_ruc_net_revenue,2041,published,True,True,False,True,"rate-priced leaf: the collection rate changed, volume did not",2749.119741798886,2749.119741798886,2670.19821753811,2630.351649497489,2590.505081456867,2550.658513416246,2510.811945375625,2510.2674698371716
ar1,light_bev_ruc_net_revenue,2042,published,True,True,False,True,"rate-priced leaf: the collection rate changed, volume did not",3199.4919962375207,3199.4919962375207,3110.328418428235,3065.259033126719,3020.1896478252024,2975.1202625236865,2930.05087722217,2929.332592190205
ar1,light_bev_ruc_net_revenue,2043,published,True,True,False,True,"rate-priced leaf: the collection rate changed, volume did not",3664.2702436432514,3664.2702436432514,3564.9096723251655,3514.708161702663,3464.50665108016,3414.305140457657,3364.1036298351546,3363.3473421810463
ar1,light_bev_ruc_net_revenue,2044,published,True,True,False,True,"rate-priced leaf: the collection rate changed, volume did not",4121.516821254343,4121.516821254343,4012.762201793787,3957.8018911353497,3902.8415804769134,3847.881269818476,3792.9209591600393,3792.0682460318385
ar1,light_bev_ruc_net_revenue,2045,published,True,True,False,True,"rate-priced leaf: the collection rate changed, volume did not",4580.674782629701,4580.674782629701,4463.033987791263,4403.536387570081,4344.0387873489,4284.541187127719,4225.043586906538,4224.0283338160525
ar1,light_bev_ruc_net_revenue,2046,published,True,True,False,True,"rate-priced leaf: the collection rate changed, volume did not",5066.63082638237,5066.63082638237,4939.929463637144,4875.784532150659,4811.639600664175,4747.49466917769,4683.349737691206,4682.126881029879
ar1,light_bev_ruc_net_revenue,2047,published,True,True,False,True,"rate-priced leaf: the collection rate changed, volume did not",5566.136334319584,5566.136334319584,5430.4678787801695,5361.738218997096,5293.008559214023,5224.278899430949,5155.549239647877,5154.150153386579
ar1,light_bev_ruc_net_revenue,2048,published,True,True,False,True,"rate-priced leaf: the collection rate changed, volume did not",6092.562047586725,6092.562047586725,5947.583958637936,5874.167872642801,5800.7517866476655,5727.335700652529,5653.919614657394,5652.484023286157
ar1,light_bev_ruc_net_revenue,2049,published,True,True,False,True,"rate-priced leaf: the collection rate changed, volume did not",6607.030148732312,6607.030148732312,6453.500715108382,6375.758934219975,6298.01715333157,6220.275372443163,6142.533591554757,6141.022612710243
ar1,light_bev_ruc_net_revenue,2050,published,True,True,False,True,"rate-priced leaf: the collection rate changed, volume did not",7088.453516058697,7088.453516058697,6927.38063311683,6845.893541493096,6764.406449869362,6682.919358245629,6601.432266621895,6599.995464915136
ar1,light_petrol_vkt,2025,published,False,False,False,False,not priced by the fuel rate and no activity response,31704.7370711529,31704.7370711529,31704.7370711529,31704.7370711529,31704.7370711529,31704.7370711529,31704.7370711529,31704.7370711529
ar1,light_petrol_vkt,2026,published,False,False,False,False,not priced by the fuel rate and no activity response,32946.371722443735,32946.371722443735,32946.371722443735,32946.371722443735,32946.371722443735,32946.371722443735,32946.371722443735,32946.371722443735
ar1,light_petrol_vkt,2027,published,True,False,True,True,activity responded inside the fixed-finalist replay window,32242.11048256905,32339.187638648003,32339.187638648003,32339.187638648003,32339.187638648003,32339.187638648003,32339.187638648003,32339.187638648003
ar1,light_petrol_vkt,2028,published,True,False,True,True,activity responded inside the fixed-finalist replay window,32375.58680046918,32375.58680046918,32520.77917899173,32569.578806319678,32569.578806319678,32569.578806319678,32569.578806319678,32569.578806319678
ar1,light_petrol_vkt,2029,published,True,False,True,True,activity responded inside the fixed-finalist replay window,32682.67332088302,32682.67332088302,32762.176180086524,32810.38621640062,32909.81345460347,32875.827941273055,32875.827941273055,32875.827941273055
ar1,light_petrol_vkt,2030,published,True,False,True,True,activity responded inside the fixed-finalist replay window,32993.321829443696,32993.321829443696,33056.460444668075,33088.34202676518,33136.8741595931,33185.630867104876,33286.20491059821,33185.68258928689
ar1,light_petrol_vkt,2031,published,False,False,False,False,not priced by the fuel rate and no activity response,33116.39984458074,33116.39984458074,33116.39984458074,33116.39984458074,33116.39984458074,33116.39984458074,33116.39984458074,33116.39984458074
ar1,light_petrol_vkt,2032,published,False,False,False,False,not priced by the fuel rate and no activity response,33109.89896657733,33109.89896657733,33109.89896657733,33109.89896657733,33109.89896657733,33109.89896657733,33109.89896657733,33109.89896657733
ar1,light_petrol_vkt,2033,published,False,False,False,False,not priced by the fuel rate and no activity response,33012.56894724652,33012.56894724652,33012.56894724652,33012.56894724652,33012.56894724652,33012.56894724652,33012.56894724652,33012.56894724652
ar1,light_petrol_vkt,2034,published,False,False,False,False,not priced by the fuel rate and no activity response,32808.65481914041,32808.65481914041,32808.65481914041,32808.65481914041,32808.65481914041,32808.65481914041,32808.65481914041,32808.65481914041
ar1,light_petrol_vkt,2035,published,False,False,False,False,not priced by the fuel rate and no activity response,32451.00902298186,32451.00902298186,32451.00902298186,32451.00902298186,32451.00902298186,32451.00902298186,32451.00902298186,32451.00902298186
ar1,light_petrol_vkt,2036,published,False,False,False,False,not priced by the fuel rate and no activity response,31871.460377687174,31871.460377687174,31871.460377687174,31871.460377687174,31871.460377687174,31871.460377687174,31871.460377687174,31871.460377687174
ar1,light_petrol_vkt,2037,published,False,False,False,False,not priced by the fuel rate and no activity response,31010.915411625287,31010.915411625287,31010.915411625287,31010.915411625287,31010.915411625287,31010.915411625287,31010.915411625287,31010.915411625287
ar1,light_petrol_vkt,2038,published,False,False,False,False,not priced by the fuel rate and no activity response,29816.67849491601,29816.67849491601,29816.67849491601,29816.67849491601,29816.67849491601,29816.67849491601,29816.67849491601,29816.67849491601
ar1,light_petrol_vkt,2039,published,False,False,False,False,not priced by the fuel rate and no activity response,28277.709462533072,28277.709462533072,28277.709462533072,28277.709462533072,28277.709462533072,28277.709462533072,28277.709462533072,28277.709462533072
ar1,light_petrol_vkt,2040,published,False,False,False,False,not priced by the fuel rate and no activity response,26430.32291487474,26430.32291487474,26430.32291487474,26430.32291487474,26430.32291487474,26430.32291487474,26430.32291487474,26430.32291487474
ar1,light_petrol_vkt,2041,published,False,False,False,False,not priced by the fuel rate and no activity response,24347.26777059283,24347.26777059283,24347.26777059283,24347.26777059283,24347.26777059283,24347.26777059283,24347.26777059283,24347.26777059283
ar1,light_petrol_vkt,2042,published,False,False,False,False,not priced by the fuel rate and no activity response,22006.24832353741,22006.24832353741,22006.24832353741,22006.24832353741,22006.24832353741,22006.24832353741,22006.24832353741,22006.24832353741
ar1,light_petrol_vkt,2043,published,False,False,False,False,not priced by the fuel rate and no activity response,19671.814585344364,19671.814585344364,19671.814585344364,19671.814585344364,19671.814585344364,19671.814585344364,19671.814585344364,19671.814585344364
ar1,light_petrol_vkt,2044,published,False,False,False,False,not priced by the fuel rate and no activity response,17559.517401902725,17559.517401902725,17559.517401902725,17559.517401902725,17559.517401902725,17559.517401902725,17559.517401902725,17559.517401902725
ar1,light_petrol_vkt,2045,published,False,False,False,False,not priced by the fuel rate and no activity response,15797.922645763405,15797.922645763405,15797.922645763405,15797.922645763405,15797.922645763405,15797.922645763405,15797.922645763405,15797.922645763405
ar1,light_petrol_vkt,2046,published,False,False,False,False,not priced by the fuel rate and no activity response,14315.290968613072,14315.290968613072,14315.290968613072,14315.290968613072,14315.290968613072,14315.290968613072,14315.290968613072,14315.290968613072
ar1,light_petrol_vkt,2047,published,False,False,False,False,not priced by the fuel rate and no activity response,12961.642700000251,12961.642700000251,12961.642700000251,12961.642700000251,12961.642700000251,12961.642700000251,12961.642700000251,12961.642700000251
ar1,light_petrol_vkt,2048,published,False,False,False,False,not priced by the fuel rate and no activity response,11744.753868676848,11744.753868676848,11744.753868676848,11744.753868676848,11744.753868676848,11744.753868676848,11744.753868676848,11744.753868676848
ar1,light_petrol_vkt,2049,published,False,False,False,False,not priced by the fuel rate and no activity response,10637.338942851455,10637.338942851455,10637.338942851455,10637.338942851455,10637.338942851455,10637.338942851455,10637.338942851455,10637.338942851455
ar1,light_petrol_vkt,2050,published,False,False,False,False,not priced by the fuel rate and no activity response,9629.378316419868,9629.378316419868,9629.378316419868,9629.378316419868,9629.378316419868,9629.378316419868,9629.378316419868,9629.378316419868
ar1,light_ruc_net_km,2025,published,False,False,False,False,not priced by the fuel rate and no activity response,12073.374168411488,12073.374168411488,12073.374168411488,12073.374168411488,12073.374168411488,12073.374168411488,12073.374168411488,12073.374168411488
ar1,light_ruc_net_km,2026,published,False,False,False,False,not priced by the fuel rate and no activity response,12790.779603597242,12790.779603597242,12790.779603597242,12790.779603597242,12790.779603597242,12790.779603597242,12790.779603597242,12790.779603597242
ar1,light_ruc_net_km,2027,published,True,False,True,True,activity responded inside the fixed-finalist replay window,12897.952366561178,12939.128473679877,12939.128473679877,12939.128473679877,12939.128473679877,12939.128473679877,12939.128473679877,12939.128473679877
ar1,light_ruc_net_km,2028,published,True,False,True,True,activity responded inside the fixed-finalist replay window,13542.195255933108,13542.195255933108,13603.989052164978,13624.668383084801,13624.668383084801,13624.668383084801,13624.668383084801,13624.668383084801
ar1,light_ruc_net_km,2029,published,True,False,True,True,activity responded inside the fixed-finalist replay window,14131.358557992657,14131.358557992657,14165.163809064576,14185.896584402133,14228.205398749456,14213.786938198622,14213.786938198622,14213.786938198622
ar1,light_ruc_net_km,2030,published,True,False,True,True,activity responded inside the fixed-finalist replay window,14552.971035061611,14552.971035061611,14579.997058270545,14593.728990327229,14614.477578499633,14635.53039945769,14678.78097638843,14635.493104537227
ar1,light_ruc_net_km,2031,published,False,False,False,False,not priced by the fuel rate and no activity response,14393.626371033974,14393.626371033974,14393.626371033974,14393.626371033974,14393.626371033974,14393.626371033974,14393.626371033974,14393.626371033974
ar1,light_ruc_net_km,2032,published,False,False,False,False,not priced by the fuel rate and no activity response,14182.204692593667,14182.204692593667,14182.204692593667,14182.204692593667,14182.204692593667,14182.204692593667,14182.204692593667,14182.204692593667
ar1,light_ruc_net_km,2033,published,False,False,False,False,not priced by the fuel rate and no activity response,13912.61738746834,13912.61738746834,13912.61738746834,13912.61738746834,13912.61738746834,13912.61738746834,13912.61738746834,13912.61738746834
ar1,light_ruc_net_km,2034,published,False,False,False,False,not priced by the fuel rate and no activity response,13594.982754176992,13594.982754176992,13594.982754176992,13594.982754176992,13594.982754176992,13594.982754176992,13594.982754176992,13594.982754176992
ar1,light_ruc_net_km,2035,published,False,False,False,False,not priced by the fuel rate and no activity response,13229.329799110064,13229.329799110064,13229.329799110064,13229.329799110064,13229.329799110064,13229.329799110064,13229.329799110064,13229.329799110064
ar1,light_ruc_net_km,2036,published,False,False,False,False,not priced by the fuel rate and no activity response,12816.296439651014,12816.296439651014,12816.296439651014,12816.296439651014,12816.296439651014,12816.296439651014,12816.296439651014,12816.296439651014
ar1,light_ruc_net_km,2037,published,False,False,False,False,not priced by the fuel rate and no activity response,12349.522553179142,12349.522553179142,12349.522553179142,12349.522553179142,12349.522553179142,12349.522553179142,12349.522553179142,12349.522553179142
ar1,light_ruc_net_km,2038,published,False,False,False,False,not priced by the fuel rate and no activity response,11815.791864977055,11815.791864977055,11815.791864977055,11815.791864977055,11815.791864977055,11815.791864977055,11815.791864977055,11815.791864977055
ar1,light_ruc_net_km,2039,published,False,False,False,False,not priced by the fuel rate and no activity response,11238.252484340763,11238.252484340763,11238.252484340763,11238.252484340763,11238.252484340763,11238.252484340763,11238.252484340763,11238.252484340763
ar1,light_ruc_net_km,2040,published,False,False,False,False,not priced by the fuel rate and no activity response,10633.407435309253,10633.407435309253,10633.407435309253,10633.407435309253,10633.407435309253,10633.407435309253,10633.407435309253,10633.407435309253
ar1,light_ruc_net_km,2041,published,False,False,False,False,not priced by the fuel rate and no activity response,10040.63709698761,10040.63709698761,10040.63709698761,10040.63709698761,10040.63709698761,10040.63709698761,10040.63709698761,10040.63709698761
ar1,light_ruc_net_km,2042,published,False,False,False,False,not priced by the fuel rate and no activity response,9495.8071304273,9495.8071304273,9495.8071304273,9495.8071304273,9495.8071304273,9495.8071304273,9495.8071304273,9495.8071304273
ar1,light_ruc_net_km,2043,published,False,False,False,False,not priced by the fuel rate and no activity response,8991.054506384144,8991.054506384144,8991.054506384144,8991.054506384144,8991.054506384144,8991.054506384144,8991.054506384144,8991.054506384144
ar1,light_ruc_net_km,2044,published,False,False,False,False,not priced by the fuel rate and no activity response,8515.504800406195,8515.504800406195,8515.504800406195,8515.504800406195,8515.504800406195,8515.504800406195,8515.504800406195,8515.504800406195
ar1,light_ruc_net_km,2045,published,False,False,False,False,not priced by the fuel rate and no activity response,8080.881551303927,8080.881551303927,8080.881551303927,8080.881551303927,8080.881551303927,8080.881551303927,8080.881551303927,8080.881551303927
ar1,light_ruc_net_km,2046,published,False,False,False,False,not priced by the fuel rate and no activity response,7680.843975198953,7680.843975198953,7680.843975198953,7680.843975198953,7680.843975198953,7680.843975198953,7680.843975198953,7680.843975198953
ar1,light_ruc_net_km,2047,published,False,False,False,False,not priced by the fuel rate and no activity response,7292.902940669605,7292.902940669605,7292.902940669605,7292.902940669605,7292.902940669605,7292.902940669605,7292.902940669605,7292.902940669605
ar1,light_ruc_net_km,2048,published,False,False,False,False,not priced by the fuel rate and no activity response,6926.524430085186,6926.524430085186,6926.524430085186,6926.524430085186,6926.524430085186,6926.524430085186,6926.524430085186,6926.524430085186
ar1,light_ruc_net_km,2049,published,False,False,False,False,not priced by the fuel rate and no activity response,6564.184458956384,6564.184458956384,6564.184458956384,6564.184458956384,6564.184458956384,6564.184458956384,6564.184458956384,6564.184458956384
ar1,light_ruc_net_km,2050,published,False,False,False,False,not priced by the fuel rate and no activity response,6207.828794250147,6207.828794250147,6207.828794250147,6207.828794250147,6207.828794250147,6207.828794250147,6207.828794250147,6207.828794250147
ar1,light_ruc_net_revenue,2025,published,False,False,False,False,rate-priced but outside every affected year,817.392755499028,817.392755499028,817.392755499028,817.392755499028,817.392755499028,817.392755499028,817.392755499028,817.392755499028
ar1,light_ruc_net_revenue,2026,published,False,False,False,False,rate-priced but outside every affected year,866.4745234882769,866.4745234882769,866.4745234882769,866.4745234882769,866.4745234882769,866.4745234882769,866.4745234882769,866.4745234882769
ar1,light_ruc_net_revenue,2027,published,True,True,True,True,rate and the modelled activity response both changed,941.1479793914806,869.8154909573449,869.8154909573449,869.8154909573449,869.8154909573449,869.8154909573449,869.8154909573449,869.8154909573449
ar1,light_ruc_net_revenue,2028,published,True,True,True,True,rate and the modelled activity response both changed,1101.293140132511,1101.293140132511,989.3263608599957,912.6314843098593,912.6314843098593,912.6314843098593,912.6314843098593,951.7308567097448
ar1,light_ruc_net_revenue,2029,published,True,True,True,True,rate and the modelled activity response both changed,1217.093810678792,1217.093810678792,1152.3863290308764,1113.3525226834633,1034.9891712433985,952.3392421401854,952.3392421401854,1061.1407093103198
ar1,light_ruc_net_revenue,2030,published,True,True,True,True,rate and the modelled activity response both changed,1309.1303913442225,1309.1303913442225,1255.9419920540336,1229.1962196899815,1188.9912730919414,1148.6910821942463,1067.8113815844404,1148.6881550476805
ar1,light_ruc_net_revenue,2031,published,True,True,False,True,"rate-priced leaf: the collection rate changed, volume did not",1349.97821733928,1349.97821733928,1295.041174420384,1267.4941401648666,1239.9471059093491,1212.400071653832,1171.0795202705558,1184.8530373983144
ar1,light_ruc_net_revenue,2032,published,True,True,False,True,"rate-priced leaf: the collection rate changed, volume did not",1384.3959110675319,1384.3959110675319,1330.247463987367,1303.1062033983812,1275.9649428093956,1248.8236822204096,1221.682421631424,1221.7030601054266
ar1,light_ruc_net_revenue,2033,published,True,True,False,True,"rate-priced leaf: the collection rate changed, volume did not",1411.3654708717315,1411.3654708717315,1358.237737556037,1331.611889960255,1304.9860423644727,1278.3601947686907,1251.7343471729084,1251.7621598745177
ar1,light_ruc_net_revenue,2034,published,True,True,False,True,"rate-priced leaf: the collection rate changed, volume did not",1431.2118094459836,1431.2118094459836,1379.3019771963131,1353.2833026094966,1327.2646280226802,1301.2459534358638,1275.2272788490473,1275.2480754511716
ar1,light_ruc_net_revenue,2035,published,True,True,False,True,"rate-priced leaf: the collection rate changed, volume did not",1443.3198810829158,1443.3198810829158,1392.8643857022766,1367.5451028966656,1342.2258200910544,1316.9065372854434,1291.5872544798322,1291.5485110518446
ar1,light_ruc_net_revenue,2036,published,True,True,False,True,"rate-priced leaf: the collection rate changed, volume did not",1447.2802754475974,1447.2802754475974,1398.4251283872773,1373.8965181229948,1349.3679078587122,1324.8392975944296,1300.310687330147,1300.2484336158316
ar1,light_ruc_net_revenue,2037,published,True,True,False,True,"rate-priced leaf: the collection rate changed, volume did not",1441.8685056964368,1441.8685056964368,1394.8337938349284,1371.1973505041665,1347.5609071734045,1323.9244638426424,1300.2880205118804,1300.1845798714712
ar1,light_ruc_net_revenue,2038,published,True,True,False,True,"rate-priced leaf: the collection rate changed, volume did not",1424.8072620382611,1424.8072620382611,1379.8345922534804,1357.2188020441201,1334.60301183476,1311.9872216253998,1289.3714314160397,1289.2414369411456
ar1,light_ruc_net_revenue,2039,published,True,True,False,True,"rate-priced leaf: the collection rate changed, volume did not",1398.150991576828,1398.150991576828,1355.4163351791744,1333.9058874044779,1312.3954396297815,1290.884991855085,1269.3745440803884,1269.2109203349996
ar1,light_ruc_net_revenue,2040,published,True,True,False,True,"rate-priced leaf: the collection rate changed, volume did not",1363.5750024668814,1363.5750024668814,1323.2015276264979,1302.8483385594564,1282.4951494924148,1262.1419604253733,1241.788771358332,1241.5718867814037
ar1,light_ruc_net_revenue,2041,published,True,True,False,True,"rate-priced leaf: the collection rate changed, volume did not",1326.0167382136708,1326.0167382136708,1287.9495487115335,1268.7298634505123,1249.5101781894914,1230.2904929284705,1211.0708076674496,1210.8081840841405
ar1,light_ruc_net_revenue,2042,published,True,True,False,True,"rate-priced leaf: the collection rate changed, volume did not",1290.3852309537617,1290.3852309537617,1254.4247209479859,1236.2478137297053,1218.0709065114247,1199.893999293144,1181.7170920748633,1181.427400962039
ar1,light_ruc_net_revenue,2043,published,True,True,False,True,"rate-priced leaf: the collection rate changed, volume did not",1256.1851803594616,1256.1851803594616,1222.1223877970524,1204.9123051659892,1187.702222534926,1170.492139903863,1153.2820572727999,1153.0227867277772
ar1,light_ruc_net_revenue,2044,published,True,True,False,True,"rate-priced leaf: the collection rate changed, volume did not",1222.358136574312,1222.358136574312,1190.1037264255756,1173.8036151229735,1157.5035038203716,1141.2033925177695,1124.9032812151677,1124.6503838291749
ar1,light_ruc_net_revenue,2045,published,True,True,False,True,"rate-priced leaf: the collection rate changed, volume did not",1190.9199186234198,1190.9199186234198,1160.3347379537374,1144.866083099131,1129.3974282445245,1113.9287733899182,1098.4601185353117,1098.1961650382227
ar1,light_ruc_net_revenue,2046,published,True,True,False,True,"rate-priced leaf: the collection rate changed, volume did not",1161.343609050086,1161.343609050086,1132.3018606132518,1117.5989330095895,1102.8960054059269,1088.1930778022645,1073.4901501986021,1073.209854116831
ar1,light_ruc_net_revenue,2047,published,True,True,False,True,"rate-priced leaf: the collection rate changed, volume did not",1130.582278377304,1130.582278377304,1103.0255779382674,1089.0653493914863,1075.1051208447052,1061.1448922979241,1047.184663751143,1046.9004841985886
ar1,light_ruc_net_revenue,2048,published,True,True,False,True,"rate-priced leaf: the collection rate changed, volume did not",1100.3130383411872,1100.3130383411872,1074.1300827474354,1060.8711818099516,1047.6122808724679,1034.353379934984,1021.0944789975003,1020.8352120600175
ar1,light_ruc_net_revenue,2049,published,True,True,False,True,"rate-priced leaf: the collection rate changed, volume did not",1067.894348705315,1067.894348705315,1043.0793848204626,1030.5139800016357,1017.9485751828088,1005.3831703639818,992.8177655451549,992.573546019476
ar1,light_ruc_net_revenue,2050,published,True,True,False,True,"rate-priced leaf: the collection rate changed, volume did not",1033.6655725305918,1033.6655725305918,1010.1773048304416,998.2945435163865,986.4117822023316,974.5290208882766,962.6462595742216,962.4367396196271
ar1,mr1_revenue,2025,published,False,False,False,False,not priced by the fuel rate and no activity response,329.940070075217,329.940070075217,329.940070075217,329.940070075217,329.940070075217,329.940070075217,329.940070075217,329.940070075217
ar1,mr1_revenue,2026,published,False,False,False,False,not priced by the fuel rate and no activity response,436.822707962969,436.822707962969,436.822707962969,436.822707962969,436.822707962969,436.822707962969,436.822707962969,436.822707962969
ar1,mr1_revenue,2027,published,False,False,False,False,not priced by the fuel rate and no activity response,526.840027334863,526.840027334863,526.840027334863,526.840027334863,526.840027334863,526.840027334863,526.840027334863,526.840027334863
ar1,mr1_revenue,2028,published,False,False,False,False,not priced by the fuel rate and no activity response,532.414039464172,532.414039464172,532.414039464172,532.414039464172,532.414039464172,532.414039464172,532.414039464172,532.414039464172
ar1,mr1_revenue,2029,published,False,False,False,False,not priced by the fuel rate and no activity response,526.427022508523,526.427022508523,526.427022508523,526.427022508523,526.427022508523,526.427022508523,526.427022508523,526.427022508523
ar1,mr1_revenue,2030,published,False,False,False,False,not priced by the fuel rate and no activity response,520.957974139895,520.957974139895,520.957974139895,520.957974139895,520.957974139895,520.957974139895,520.957974139895,520.957974139895
ar1,mr1_revenue,2031,published,False,False,False,False,not priced by the fuel rate and no activity response,515.950840486336,515.950840486336,515.950840486336,515.950840486336,515.950840486336,515.950840486336,515.950840486336,515.950840486336
ar1,mr1_revenue,2032,published,False,False,False,False,not priced by the fuel rate and no activity response,511.356724878703,511.356724878703,511.356724878703,511.356724878703,511.356724878703,511.356724878703,511.356724878703,511.356724878703
ar1,mr1_revenue,2033,published,False,False,False,False,not priced by the fuel rate and no activity response,507.132700736054,507.132700736054,507.132700736054,507.132700736054,507.132700736054,507.132700736054,507.132700736054,507.132700736054
ar1,mr1_revenue,2034,published,False,False,False,False,not priced by the fuel rate and no activity response,503.24090330059,503.24090330059,503.24090330059,503.24090330059,503.24090330059,503.24090330059,503.24090330059,503.24090330059
ar1,mr1_revenue,2035,published,False,False,False,False,not priced by the fuel rate and no activity response,499.647812671426,499.647812671426,499.647812671426,499.647812671426,499.647812671426,499.647812671426,499.647812671426,499.647812671426
ar1,mr1_revenue,2036,published,False,False,False,False,not priced by the fuel rate and no activity response,496.323673046758,496.323673046758,496.323673046758,496.323673046758,496.323673046758,496.323673046758,496.323673046758,496.323673046758
ar1,mr1_revenue,2037,published,False,False,False,False,not priced by the fuel rate and no activity response,493.242012398015,493.242012398015,493.242012398015,493.242012398015,493.242012398015,493.242012398015,493.242012398015,493.242012398015
ar1,mr1_revenue,2038,published,False,False,False,False,not priced by the fuel rate and no activity response,490.379238600523,490.379238600523,490.379238600523,490.379238600523,490.379238600523,490.379238600523,490.379238600523,490.379238600523
ar1,mr1_revenue,2039,published,False,False,False,False,not priced by the fuel rate and no activity response,487.714295442214,487.714295442214,487.714295442214,487.714295442214,487.714295442214,487.714295442214,487.714295442214,487.714295442214
ar1,mr1_revenue,2040,published,False,False,False,False,not priced by the fuel rate and no activity response,485.228366686763,485.228366686763,485.228366686763,485.228366686763,485.228366686763,485.228366686763,485.228366686763,485.228366686763
ar1,mr1_revenue,2041,published,False,False,False,False,not priced by the fuel rate and no activity response,482.904619501813,482.904619501813,482.904619501813,482.904619501813,482.904619501813,482.904619501813,482.904619501813,482.904619501813
ar1,mr1_revenue,2042,published,False,False,False,False,not priced by the fuel rate and no activity response,480.727980682862,480.727980682862,480.727980682862,480.727980682862,480.727980682862,480.727980682862,480.727980682862,480.727980682862
ar1,mr1_revenue,2043,published,False,False,False,False,not priced by the fuel rate and no activity response,478.684940574925,478.684940574925,478.684940574925,478.684940574925,478.684940574925,478.684940574925,478.684940574925,478.684940574925
ar1,mr1_revenue,2044,published,False,False,False,False,not priced by the fuel rate and no activity response,476.763380642536,476.763380642536,476.763380642536,476.763380642536,476.763380642536,476.763380642536,476.763380642536,476.763380642536
ar1,mr1_revenue,2045,published,False,False,False,False,not priced by the fuel rate and no activity response,474.952421405697,474.952421405697,474.952421405697,474.952421405697,474.952421405697,474.952421405697,474.952421405697,474.952421405697
ar1,mr1_revenue,2046,published,False,False,False,False,not priced by the fuel rate and no activity response,473.242288034574,473.242288034574,473.242288034574,473.242288034574,473.242288034574,473.242288034574,473.242288034574,473.242288034574
ar1,mr1_revenue,2047,published,False,False,False,False,not priced by the fuel rate and no activity response,471.624191337962,471.624191337962,471.624191337962,471.624191337962,471.624191337962,471.624191337962,471.624191337962,471.624191337962
ar1,mr1_revenue,2048,published,False,False,False,False,not priced by the fuel rate and no activity response,470.090222227746,470.090222227746,470.090222227746,470.090222227746,470.090222227746,470.090222227746,470.090222227746,470.090222227746
ar1,mr1_revenue,2049,published,False,False,False,False,not priced by the fuel rate and no activity response,468.633258020048,468.633258020048,468.633258020048,468.633258020048,468.633258020048,468.633258020048,468.633258020048,468.633258020048
ar1,mr1_revenue,2050,published,False,False,False,False,not priced by the fuel rate and no activity response,467.246879160906,467.246879160906,467.246879160906,467.246879160906,467.246879160906,467.246879160906,467.246879160906,467.246879160906
ar1,mr2_revenue,2025,published,False,False,False,False,not priced by the fuel rate and no activity response,29.65313102,29.65313102,29.65313102,29.65313102,29.65313102,29.65313102,29.65313102,29.65313102
ar1,mr2_revenue,2026,published,False,False,False,False,not priced by the fuel rate and no activity response,31.3740054746584,31.3740054746584,31.3740054746584,31.3740054746584,31.3740054746584,31.3740054746584,31.3740054746584,31.3740054746584
ar1,mr2_revenue,2027,published,False,False,False,False,not priced by the fuel rate and no activity response,31.3601498274909,31.3601498274909,31.3601498274909,31.3601498274909,31.3601498274909,31.3601498274909,31.3601498274909,31.3601498274909
ar1,mr2_revenue,2028,published,False,False,False,False,not priced by the fuel rate and no activity response,31.6618683538461,31.6618683538461,31.6618683538461,31.6618683538461,31.6618683538461,31.6618683538461,31.6618683538461,31.6618683538461
ar1,mr2_revenue,2029,published,False,False,False,False,not priced by the fuel rate and no activity response,31.8808203574151,31.8808203574151,31.8808203574151,31.8808203574151,31.8808203574151,31.8808203574151,31.8808203574151,31.8808203574151
ar1,mr2_revenue,2030,published,False,False,False,False,not priced by the fuel rate and no activity response,32.0452026276956,32.0452026276956,32.0452026276956,32.0452026276956,32.0452026276956,32.0452026276956,32.0452026276956,32.0452026276956
ar1,mr2_revenue,2031,published,False,False,False,False,not priced by the fuel rate and no activity response,32.1728248675943,32.1728248675943,32.1728248675943,32.1728248675943,32.1728248675943,32.1728248675943,32.1728248675943,32.1728248675943
ar1,mr2_revenue,2032,published,False,False,False,False,not priced by the fuel rate and no activity response,32.2751359910549,32.2751359910549,32.2751359910549,32.2751359910549,32.2751359910549,32.2751359910549,32.2751359910549,32.2751359910549
ar1,mr2_revenue,2033,published,False,False,False,False,not priced by the fuel rate and no activity response,32.3596396301847,32.3596396301847,32.3596396301847,32.3596396301847,32.3596396301847,32.3596396301847,32.3596396301847,32.3596396301847
ar1,mr2_revenue,2034,published,False,False,False,False,not priced by the fuel rate and no activity response,32.4313532891816,32.4313532891816,32.4313532891816,32.4313532891816,32.4313532891816,32.4313532891816,32.4313532891816,32.4313532891816
ar1,mr2_revenue,2035,published,False,False,False,False,not priced by the fuel rate and no activity response,32.4936991760889,32.4936991760889,32.4936991760889,32.4936991760889,32.4936991760889,32.4936991760889,32.4936991760889,32.4936991760889
ar1,mr2_revenue,2036,published,False,False,False,False,not priced by the fuel rate and no activity response,32.5490556715397,32.5490556715397,32.5490556715397,32.5490556715397,32.5490556715397,32.5490556715397,32.5490556715397,32.5490556715397
ar1,mr2_revenue,2037,published,False,False,False,False,not priced by the fuel rate and no activity response,32.599104439525,32.599104439525,32.599104439525,32.599104439525,32.599104439525,32.599104439525,32.599104439525,32.599104439525
ar1,mr2_revenue,2038,published,False,False,False,False,not priced by the fuel rate and no activity response,32.6450530220251,32.6450530220251,32.6450530220251,32.6450530220251,32.6450530220251,32.6450530220251,32.6450530220251,32.6450530220251
ar1,mr2_revenue,2039,published,False,False,False,False,not priced by the fuel rate and no activity response,32.6877804371222,32.6877804371222,32.6877804371222,32.6877804371222,32.6877804371222,32.6877804371222,32.6877804371222,32.6877804371222
ar1,mr2_revenue,2040,published,False,False,False,False,not priced by the fuel rate and no activity response,32.7279343355741,32.7279343355741,32.7279343355741,32.7279343355741,32.7279343355741,32.7279343355741,32.7279343355741,32.7279343355741
ar1,mr2_revenue,2041,published,False,False,False,False,not priced by the fuel rate and no activity response,32.7659970934436,32.7659970934436,32.7659970934436,32.7659970934436,32.7659970934436,32.7659970934436,32.7659970934436,32.7659970934436
ar1,mr2_revenue,2042,published,False,False,False,False,not priced by the fuel rate and no activity response,32.8023315809017,32.8023315809017,32.8023315809017,32.8023315809017,32.8023315809017,32.8023315809017,32.8023315809017,32.8023315809017
ar1,mr2_revenue,2043,published,False,False,False,False,not priced by the fuel rate and no activity response,32.8372133641968,32.8372133641968,32.8372133641968,32.8372133641968,32.8372133641968,32.8372133641968,32.8372133641968,32.8372133641968
ar1,mr2_revenue,2044,published,False,False,False,False,not priced by the fuel rate and no activity response,32.8708536753551,32.8708536753551,32.8708536753551,32.8708536753551,32.8708536753551,32.8708536753551,32.8708536753551,32.8708536753551
ar1,mr2_revenue,2045,published,False,False,False,False,not priced by the fuel rate and no activity response,32.9034159871398,32.9034159871398,32.9034159871398,32.9034159871398,32.9034159871398,32.9034159871398,32.9034159871398,32.9034159871398
ar1,mr2_revenue,2046,published,False,False,False,False,not priced by the fuel rate and no activity response,32.9350280886836,32.9350280886836,32.9350280886836,32.9350280886836,32.9350280886836,32.9350280886836,32.9350280886836,32.9350280886836
ar1,mr2_revenue,2047,published,False,False,False,False,not priced by the fuel rate and no activity response,32.9657909524934,32.9657909524934,32.9657909524934,32.9657909524934,32.9657909524934,32.9657909524934,32.9657909524934,32.9657909524934
ar1,mr2_revenue,2048,published,False,False,False,False,not priced by the fuel rate and no activity response,32.9957852873087,32.9957852873087,32.9957852873087,32.9957852873087,32.9957852873087,32.9957852873087,32.9957852873087,32.9957852873087
ar1,mr2_revenue,2049,published,False,False,False,False,not priced by the fuel rate and no activity response,33.025076406474,33.025076406474,33.025076406474,33.025076406474,33.025076406474,33.025076406474,33.025076406474,33.025076406474
ar1,mr2_revenue,2050,published,False,False,False,False,not priced by the fuel rate and no activity response,33.0537178609557,33.0537178609557,33.0537178609557,33.0537178609557,33.0537178609557,33.0537178609557,33.0537178609557,33.0537178609557
ar1,mvr_admin_revenue,2025,published,False,False,False,False,not priced by the fuel rate and no activity response,71.7641373652173,71.7641373652173,71.7641373652173,71.7641373652173,71.7641373652173,71.7641373652173,71.7641373652173,71.7641373652173
ar1,mvr_admin_revenue,2026,published,False,False,False,False,not priced by the fuel rate and no activity response,72.7105674192725,72.7105674192725,72.7105674192725,72.7105674192725,72.7105674192725,72.7105674192725,72.7105674192725,72.7105674192725
ar1,mvr_admin_revenue,2027,published,False,False,False,False,not priced by the fuel rate and no activity response,72.2584767411959,72.2584767411959,72.2584767411959,72.2584767411959,72.2584767411959,72.2584767411959,72.2584767411959,72.2584767411959
ar1,mvr_admin_revenue,2028,published,False,False,False,False,not priced by the fuel rate and no activity response,71.8861735118593,71.8861735118593,71.8861735118593,71.8861735118593,71.8861735118593,71.8861735118593,71.8861735118593,71.8861735118593
ar1,mvr_admin_revenue,2029,published,False,False,False,False,not priced by the fuel rate and no activity response,71.5205705630239,71.5205705630239,71.5205705630239,71.5205705630239,71.5205705630239,71.5205705630239,71.5205705630239,71.5205705630239
ar1,mvr_admin_revenue,2030,published,False,False,False,False,not priced by the fuel rate and no activity response,71.1689452067262,71.1689452067262,71.1689452067262,71.1689452067262,71.1689452067262,71.1689452067262,71.1689452067262,71.1689452067262
ar1,mvr_admin_revenue,2031,published,False,False,False,False,not priced by the fuel rate and no activity response,70.8351294511562,70.8351294511562,70.8351294511562,70.8351294511562,70.8351294511562,70.8351294511562,70.8351294511562,70.8351294511562
ar1,mvr_admin_revenue,2032,published,False,False,False,False,not priced by the fuel rate and no activity response,70.5207338808813,70.5207338808813,70.5207338808813,70.5207338808813,70.5207338808813,70.5207338808813,70.5207338808813,70.5207338808813
ar1,mvr_admin_revenue,2033,published,False,False,False,False,not priced by the fuel rate and no activity response,70.226068078118,70.226068078118,70.226068078118,70.226068078118,70.226068078118,70.226068078118,70.226068078118,70.226068078118
ar1,mvr_admin_revenue,2034,published,False,False,False,False,not priced by the fuel rate and no activity response,69.9506951716758,69.9506951716758,69.9506951716758,69.9506951716758,69.9506951716758,69.9506951716758,69.9506951716758,69.9506951716758
ar1,mvr_admin_revenue,2035,published,False,False,False,False,not priced by the fuel rate and no activity response,69.6937645219894,69.6937645219894,69.6937645219894,69.6937645219894,69.6937645219894,69.6937645219894,69.6937645219894,69.6937645219894
ar1,mvr_admin_revenue,2036,published,False,False,False,False,not priced by the fuel rate and no activity response,69.4542120353986,69.4542120353986,69.4542120353986,69.4542120353986,69.4542120353986,69.4542120353986,69.4542120353986,69.4542120353986
ar1,mvr_admin_revenue,2037,published,False,False,False,False,not priced by the fuel rate and no activity response,69.2308810457719,69.2308810457719,69.2308810457719,69.2308810457719,69.2308810457719,69.2308810457719,69.2308810457719,69.2308810457719
ar1,mvr_admin_revenue,2038,published,False,False,False,False,not priced by the fuel rate and no activity response,69.0225951048985,69.0225951048985,69.0225951048985,69.0225951048985,69.0225951048985,69.0225951048985,69.0225951048985,69.0225951048985
ar1,mvr_admin_revenue,2039,published,False,False,False,False,not priced by the fuel rate and no activity response,68.8282013511128,68.8282013511128,68.8282013511128,68.8282013511128,68.8282013511128,68.8282013511128,68.8282013511128,68.8282013511128
ar1,mvr_admin_revenue,2040,published,False,False,False,False,not priced by the fuel rate and no activity response,68.6465956810414,68.6465956810414,68.6465956810414,68.6465956810414,68.6465956810414,68.6465956810414,68.6465956810414,68.6465956810414
ar1,mvr_admin_revenue,2041,published,False,False,False,False,not priced by the fuel rate and no activity response,68.4767365547289,68.4767365547289,68.4767365547289,68.4767365547289,68.4767365547289,68.4767365547289,68.4767365547289,68.4767365547289
ar1,mvr_admin_revenue,2042,published,False,False,False,False,not priced by the fuel rate and no activity response,68.3176516493357,68.3176516493357,68.3176516493357,68.3176516493357,68.3176516493357,68.3176516493357,68.3176516493357,68.3176516493357
ar1,mvr_admin_revenue,2043,published,False,False,False,False,not priced by the fuel rate and no activity response,68.1684400031144,68.1684400031144,68.1684400031144,68.1684400031144,68.1684400031144,68.1684400031144,68.1684400031144,68.1684400031144
ar1,mvr_admin_revenue,2044,published,False,False,False,False,not priced by the fuel rate and no activity response,68.0282713313282,68.0282713313282,68.0282713313282,68.0282713313282,68.0282713313282,68.0282713313282,68.0282713313282,68.0282713313282
ar1,mvr_admin_revenue,2045,published,False,False,False,False,not priced by the fuel rate and no activity response,67.8963836003967,67.8963836003967,67.8963836003967,67.8963836003967,67.8963836003967,67.8963836003967,67.8963836003967,67.8963836003967
ar1,mvr_admin_revenue,2046,published,False,False,False,False,not priced by the fuel rate and no activity response,67.7720795706125,67.7720795706125,67.7720795706125,67.7720795706125,67.7720795706125,67.7720795706125,67.7720795706125,67.7720795706125
ar1,mvr_admin_revenue,2047,published,False,False,False,False,not priced by the fuel rate and no activity response,67.6547227759428,67.6547227759428,67.6547227759428,67.6547227759428,67.6547227759428,67.6547227759428,67.6547227759428,67.6547227759428
ar1,mvr_admin_revenue,2048,published,False,False,False,False,not priced by the fuel rate and no activity response,67.5437332509341,67.5437332509341,67.5437332509341,67.5437332509341,67.5437332509341,67.5437332509341,67.5437332509341,67.5437332509341
ar1,mvr_admin_revenue,2049,published,False,False,False,False,not priced by the fuel rate and no activity response,67.4385832091796,67.4385832091796,67.4385832091796,67.4385832091796,67.4385832091796,67.4385832091796,67.4385832091796,67.4385832091796
ar1,mvr_admin_revenue,2050,published,False,False,False,False,not priced by the fuel rate and no activity response,67.3387928064436,67.3387928064436,67.3387928064436,67.3387928064436,67.3387928064436,67.3387928064436,67.3387928064436,67.3387928064436
ar1,mvr_refunds,2025,published,False,False,False,False,not priced by the fuel rate and no activity response,1.03557262,1.03557262,1.03557262,1.03557262,1.03557262,1.03557262,1.03557262,1.03557262
ar1,mvr_refunds,2026,published,False,False,False,False,not priced by the fuel rate and no activity response,1.61137149711806,1.61137149711806,1.61137149711806,1.61137149711806,1.61137149711806,1.61137149711806,1.61137149711806,1.61137149711806
ar1,mvr_refunds,2027,published,False,False,False,False,not priced by the fuel rate and no activity response,1.8947102491513,1.8947102491513,1.8947102491513,1.8947102491513,1.8947102491513,1.8947102491513,1.8947102491513,1.8947102491513
ar1,mvr_refunds,2028,published,False,False,False,False,not priced by the fuel rate and no activity response,1.93922402957318,1.93922402957318,1.93922402957318,1.93922402957318,1.93922402957318,1.93922402957318,1.93922402957318,1.93922402957318
ar1,mvr_refunds,2029,published,False,False,False,False,not priced by the fuel rate and no activity response,1.94416230921848,1.94416230921848,1.94416230921848,1.94416230921848,1.94416230921848,1.94416230921848,1.94416230921848,1.94416230921848
ar1,mvr_refunds,2030,published,False,False,False,False,not priced by the fuel rate and no activity response,1.95051327200492,1.95051327200492,1.95051327200492,1.95051327200492,1.95051327200492,1.95051327200492,1.95051327200492,1.95051327200492
ar1,mvr_refunds,2031,published,False,False,False,False,not priced by the fuel rate and no activity response,1.95819772040296,1.95819772040296,1.95819772040296,1.95819772040296,1.95819772040296,1.95819772040296,1.95819772040296,1.95819772040296
ar1,mvr_refunds,2032,published,False,False,False,False,not priced by the fuel rate and no activity response,1.96713368876597,1.96713368876597,1.96713368876597,1.96713368876597,1.96713368876597,1.96713368876597,1.96713368876597,1.96713368876597
ar1,mvr_refunds,2033,published,False,False,False,False,not priced by the fuel rate and no activity response,1.9772409500257,1.9772409500257,1.9772409500257,1.9772409500257,1.9772409500257,1.9772409500257,1.9772409500257,1.9772409500257
ar1,mvr_refunds,2034,published,False,False,False,False,not priced by the fuel rate and no activity response,1.98844335681006,1.98844335681006,1.98844335681006,1.98844335681006,1.98844335681006,1.98844335681006,1.98844335681006,1.98844335681006
ar1,mvr_refunds,2035,published,False,False,False,False,not priced by the fuel rate and no activity response,2.00066993516834,2.00066993516834,2.00066993516834,2.00066993516834,2.00066993516834,2.00066993516834,2.00066993516834,2.00066993516834
ar1,mvr_refunds,2036,published,False,False,False,False,not priced by the fuel rate and no activity response,2.01385527260378,2.01385527260378,2.01385527260378,2.01385527260378,2.01385527260378,2.01385527260378,2.01385527260378,2.01385527260378
ar1,mvr_refunds,2037,published,False,False,False,False,not priced by the fuel rate and no activity response,2.02793951629894,2.02793951629894,2.02793951629894,2.02793951629894,2.02793951629894,2.02793951629894,2.02793951629894,2.02793951629894
ar1,mvr_refunds,2038,published,False,False,False,False,not priced by the fuel rate and no activity response,2.04286816403657,2.04286816403657,2.04286816403657,2.04286816403657,2.04286816403657,2.04286816403657,2.04286816403657,2.04286816403657
ar1,mvr_refunds,2039,published,False,False,False,False,not priced by the fuel rate and no activity response,2.05859175234344,2.05859175234344,2.05859175234344,2.05859175234344,2.05859175234344,2.05859175234344,2.05859175234344,2.05859175234344
ar1,mvr_refunds,2040,published,False,False,False,False,not priced by the fuel rate and no activity response,2.07506550113276,2.07506550113276,2.07506550113276,2.07506550113276,2.07506550113276,2.07506550113276,2.07506550113276,2.07506550113276
ar1,mvr_refunds,2041,published,False,False,False,False,not priced by the fuel rate and no activity response,2.09224894798797,2.09224894798797,2.09224894798797,2.09224894798797,2.09224894798797,2.09224894798797,2.09224894798797,2.09224894798797
ar1,mvr_refunds,2042,published,False,False,False,False,not priced by the fuel rate and no activity response,2.11010559019988,2.11010559019988,2.11010559019988,2.11010559019988,2.11010559019988,2.11010559019988,2.11010559019988,2.11010559019988
ar1,mvr_refunds,2043,published,False,False,False,False,not priced by the fuel rate and no activity response,2.12860254401761,2.12860254401761,2.12860254401761,2.12860254401761,2.12860254401761,2.12860254401761,2.12860254401761,2.12860254401761
ar1,mvr_refunds,2044,published,False,False,False,False,not priced by the fuel rate and no activity response,2.14771022566508,2.14771022566508,2.14771022566508,2.14771022566508,2.14771022566508,2.14771022566508,2.14771022566508,2.14771022566508
ar1,mvr_refunds,2045,published,False,False,False,False,not priced by the fuel rate and no activity response,2.1674020558414,2.1674020558414,2.1674020558414,2.1674020558414,2.1674020558414,2.1674020558414,2.1674020558414,2.1674020558414
ar1,mvr_refunds,2046,published,False,False,False,False,not priced by the fuel rate and no activity response,2.18765418784998,2.18765418784998,2.18765418784998,2.18765418784998,2.18765418784998,2.18765418784998,2.18765418784998,2.18765418784998
ar1,mvr_refunds,2047,published,False,False,False,False,not priced by the fuel rate and no activity response,2.20844525863813,2.20844525863813,2.20844525863813,2.20844525863813,2.20844525863813,2.20844525863813,2.20844525863813,2.20844525863813
ar1,mvr_refunds,2048,published,False,False,False,False,not priced by the fuel rate and no activity response,2.22975616155917,2.22975616155917,2.22975616155917,2.22975616155917,2.22975616155917,2.22975616155917,2.22975616155917,2.22975616155917
ar1,mvr_refunds,2049,published,False,False,False,False,not priced by the fuel rate and no activity response,2.25156983943842,2.25156983943842,2.25156983943842,2.25156983943842,2.25156983943842,2.25156983943842,2.25156983943842,2.25156983943842
ar1,mvr_refunds,2050,published,False,False,False,False,not priced by the fuel rate and no activity response,2.27387109648037,2.27387109648037,2.27387109648037,2.27387109648037,2.27387109648037,2.27387109648037,2.27387109648037,2.27387109648037
ar1,mvr_revenue_net_admin_coo,2025,published,False,False,False,False,not priced by the fuel rate and no activity response,287.82906372999975,287.82906372999975,287.82906372999975,287.82906372999975,287.82906372999975,287.82906372999975,287.82906372999975,287.82906372999975
ar1,mvr_revenue_net_admin_coo,2026,published,False,False,False,False,not priced by the fuel rate and no activity response,395.4861460183549,395.4861460183549,395.4861460183549,395.4861460183549,395.4861460183549,395.4861460183549,395.4861460183549,395.4861460183549
ar1,mvr_revenue_net_admin_coo,2027,published,False,False,False,False,not priced by the fuel rate and no activity response,485.941700421158,485.941700421158,485.941700421158,485.941700421158,485.941700421158,485.941700421158,485.941700421158,485.941700421158
ar1,mvr_revenue_net_admin_coo,2028,published,False,False,False,False,not priced by the fuel rate and no activity response,492.1897343061588,492.1897343061588,492.1897343061588,492.1897343061588,492.1897343061588,492.1897343061588,492.1897343061588,492.1897343061588
ar1,mvr_revenue_net_admin_coo,2029,published,False,False,False,False,not priced by the fuel rate and no activity response,486.78727230291423,486.78727230291423,486.78727230291423,486.78727230291423,486.78727230291423,486.78727230291423,486.78727230291423,486.78727230291423
ar1,mvr_revenue_net_admin_coo,2030,published,False,False,False,False,not priced by the fuel rate and no activity response,481.8342315608644,481.8342315608644,481.8342315608644,481.8342315608644,481.8342315608644,481.8342315608644,481.8342315608644,481.8342315608644
ar1,mvr_revenue_net_admin_coo,2031,published,False,False,False,False,not priced by the fuel rate and no activity response,477.28853590277413,477.28853590277413,477.28853590277413,477.28853590277413,477.28853590277413,477.28853590277413,477.28853590277413,477.28853590277413
ar1,mvr_revenue_net_admin_coo,2032,published,False,False,False,False,not priced by the fuel rate and no activity response,473.1111269888766,473.1111269888766,473.1111269888766,473.1111269888766,473.1111269888766,473.1111269888766,473.1111269888766,473.1111269888766
ar1,mvr_revenue_net_admin_coo,2033,published,False,False,False,False,not priced by the fuel rate and no activity response,469.2662722881207,469.2662722881207,469.2662722881207,469.2662722881207,469.2662722881207,469.2662722881207,469.2662722881207,469.2662722881207
ar1,mvr_revenue_net_admin_coo,2034,published,False,False,False,False,not priced by the fuel rate and no activity response,465.7215614180958,465.7215614180958,465.7215614180958,465.7215614180958,465.7215614180958,465.7215614180958,465.7215614180958,465.7215614180958
ar1,mvr_revenue_net_admin_coo,2035,published,False,False,False,False,not priced by the fuel rate and no activity response,462.4477473255255,462.4477473255255,462.4477473255255,462.4477473255255,462.4477473255255,462.4477473255255,462.4477473255255,462.4477473255255
ar1,mvr_revenue_net_admin_coo,2036,published,False,False,False,False,not priced by the fuel rate and no activity response,459.4185166828991,459.4185166828991,459.4185166828991,459.4185166828991,459.4185166828991,459.4185166828991,459.4185166828991,459.4185166828991
ar1,mvr_revenue_net_admin_coo,2037,published,False,False,False,False,not priced by the fuel rate and no activity response,456.6102357917681,456.6102357917681,456.6102357917681,456.6102357917681,456.6102357917681,456.6102357917681,456.6102357917681,456.6102357917681
ar1,mvr_revenue_net_admin_coo,2038,published,False,False,False,False,not priced by the fuel rate and no activity response,454.00169651764963,454.00169651764963,454.00169651764963,454.00169651764963,454.00169651764963,454.00169651764963,454.00169651764963,454.00169651764963
ar1,mvr_revenue_net_admin_coo,2039,published,False,False,False,False,not priced by the fuel rate and no activity response,451.5738745282234,451.5738745282234,451.5738745282234,451.5738745282234,451.5738745282234,451.5738745282234,451.5738745282234,451.5738745282234
ar1,mvr_revenue_net_admin_coo,2040,published,False,False,False,False,not priced by the fuel rate and no activity response,449.30970534129574,449.30970534129574,449.30970534129574,449.30970534129574,449.30970534129574,449.30970534129574,449.30970534129574,449.30970534129574
ar1,mvr_revenue_net_admin_coo,2041,published,False,False,False,False,not priced by the fuel rate and no activity response,447.1938800405277,447.1938800405277,447.1938800405277,447.1938800405277,447.1938800405277,447.1938800405277,447.1938800405277,447.1938800405277
ar1,mvr_revenue_net_admin_coo,2042,published,False,False,False,False,not priced by the fuel rate and no activity response,445.212660614428,445.212660614428,445.212660614428,445.212660614428,445.212660614428,445.212660614428,445.212660614428,445.212660614428
ar1,mvr_revenue_net_admin_coo,2043,published,False,False,False,False,not priced by the fuel rate and no activity response,443.3537139360074,443.3537139360074,443.3537139360074,443.3537139360074,443.3537139360074,443.3537139360074,443.3537139360074,443.3537139360074
ar1,mvr_revenue_net_admin_coo,2044,published,False,False,False,False,not priced by the fuel rate and no activity response,441.6059629865629,441.6059629865629,441.6059629865629,441.6059629865629,441.6059629865629,441.6059629865629,441.6059629865629,441.6059629865629
ar1,mvr_revenue_net_admin_coo,2045,published,False,False,False,False,not priced by the fuel rate and no activity response,439.9594537924401,439.9594537924401,439.9594537924401,439.9594537924401,439.9594537924401,439.9594537924401,439.9594537924401,439.9594537924401
ar1,mvr_revenue_net_admin_coo,2046,published,False,False,False,False,not priced by the fuel rate and no activity response,438.40523655264514,438.40523655264514,438.40523655264514,438.40523655264514,438.40523655264514,438.40523655264514,438.40523655264514,438.40523655264514
ar1,mvr_revenue_net_admin_coo,2047,published,False,False,False,False,not priced by the fuel rate and no activity response,436.93525951451255,436.93525951451255,436.93525951451255,436.93525951451255,436.93525951451255,436.93525951451255,436.93525951451255,436.93525951451255
ar1,mvr_revenue_net_admin_coo,2048,published,False,False,False,False,not priced by the fuel rate and no activity response,435.5422742641206,435.5422742641206,435.5422742641206,435.5422742641206,435.5422742641206,435.5422742641206,435.5422742641206,435.5422742641206
ar1,mvr_revenue_net_admin_coo,2049,published,False,False,False,False,not priced by the fuel rate and no activity response,434.2197512173424,434.2197512173424,434.2197512173424,434.2197512173424,434.2197512173424,434.2197512173424,434.2197512173424,434.2197512173424
ar1,mvr_revenue_net_admin_coo,2050,published,False,False,False,False,not priced by the fuel rate and no activity response,432.9618042154181,432.9618042154181,432.9618042154181,432.9618042154181,432.9618042154181,432.9618042154181,432.9618042154181,432.9618042154181
ar1,net_fed_revenue,2025,published,False,False,False,False,not priced by the fuel rate and no activity response,1997.7271466,1997.7271466,1997.7271466,1997.7271466,1997.7271466,1997.7271466,1997.7271466,1997.7271466
ar1,net_fed_revenue,2026,published,False,False,False,False,not priced by the fuel rate and no activity response,2106.1949845912095,2106.1949845912095,2106.1949845912095,2106.1949845912095,2106.1949845912095,2106.1949845912095,2106.1949845912095,2106.1949845912095
ar1,net_fed_revenue,2027,published,True,False,False,True,central moves through a governed identity term,2172.2264140193133,2004.335325410929,2004.335325410929,2004.335325410929,2004.335325410929,2004.335325410929,2004.335325410929,2004.335325410929
ar1,net_fed_revenue,2028,published,True,False,False,True,central moves through a governed identity term,2409.761726849051,2409.761726849051,2159.650033981757,1988.4205699272175,1988.4205699272175,1988.4205699272175,1988.4205699272175,2075.692126621356
ar1,net_fed_revenue,2029,published,True,False,False,True,central moves through a governed identity term,2547.365083541614,2547.365083541614,2409.1284045441153,2325.694742306453,2158.2620985246494,1981.5114002374712,1981.5114002374712,2214.132051179748
ar1,net_fed_revenue,2030,published,True,False,False,True,central moves through a governed identity term,2657.114250993943,2657.114250993943,2546.899563934152,2491.458624850658,2408.140661972228,2324.58381788484,2156.9053218430827,2324.587533233129
ar1,net_fed_revenue,2031,published,True,False,False,True,central moves through a governed identity term,2752.263560753427,2752.263560753427,2637.7374309075035,2580.310691964254,2522.8839530210053,2465.457214077757,2379.3171056628835,2408.030475134508
ar1,net_fed_revenue,2032,published,True,False,False,True,central moves through a governed identity term,2834.863899638096,2834.863899638096,2721.467848041334,2664.629435268511,2607.7910224956877,2550.9526097228645,2494.1141969500413,2494.157417422448
ar1,net_fed_revenue,2033,published,True,False,False,True,central moves through a governed identity term,2907.6248391348377,2907.6248391348377,2795.693808250489,2739.5977095922567,2683.5016109340245,2627.4055122757923,2571.3094136175596,2571.368010214262
ar1,net_fed_revenue,2034,published,True,False,False,True,central moves through a governed identity term,2968.182344080243,2968.182344080243,2858.0970723985415,2802.919223876296,2747.741375354051,2692.563526831806,2637.3856783095607,2637.4297816999147
ar1,net_fed_revenue,2035,published,True,False,False,True,central moves through a governed identity term,3011.457632632848,3011.457632632848,2903.8262465375988,2849.8152912839278,2795.804336030256,2741.7933807765844,2687.782425522913,2687.6997782547624
ar1,net_fed_revenue,2036,published,True,False,False,True,central moves through a governed identity term,3030.147197776151,3030.147197776151,2925.5974723676813,2873.1063916507233,2820.6153109337647,2768.1242302168066,2715.633149499849,2715.499926919855
ar1,net_fed_revenue,2037,published,True,False,False,True,central moves through a governed identity term,3016.877285100815,3016.877285100815,2916.3193911926132,2865.785841251445,2815.2522913102775,2764.718741369109,2714.185191427941,2713.964040441098
ar1,net_fed_revenue,2038,published,True,False,False,True,central moves through a governed identity term,2964.79796989233,2964.79796989233,2869.2120748299526,2821.1439801393367,2773.075885448721,2725.0077907581044,2676.939696067489,2676.663402970028
ar1,net_fed_revenue,2039,published,True,False,False,True,central moves through a governed identity term,2870.7507655139643,2870.7507655139643,2781.161843492793,2736.0673466423727,2690.9728497919527,2645.8783529415327,2600.7838560911127,2600.4408353158888
ar1,net_fed_revenue,2040,published,True,False,False,True,central moves through a governed identity term,2736.5878143416403,2736.5878143416403,2653.8936498100556,2612.205636278734,2570.5176227474126,2528.8296092160913,2487.1415956847695,2486.697366176168
ar1,net_fed_revenue,2041,published,True,False,False,True,central moves through a governed identity term,2568.6212852545154,2568.6212852545154,2493.3998418949377,2455.4214020584577,2417.4429622219777,2379.464522385498,2341.486082549018,2340.967133678478
ar1,net_fed_revenue,2042,published,True,False,False,True,central moves through a governed identity term,2363.9442394610687,2363.9442394610687,2296.791576222345,2262.8480162184774,2228.90445621461,2194.9608962107422,2161.017336206875,2160.4763669675726
ar1,net_fed_revenue,2043,published,True,False,False,True,central moves through a governed identity term,2150.3243531440726,2150.3243531440726,2090.9472101267725,2060.9471584324815,2030.9471067381905,2000.9470550438998,1970.9470033496088,1970.4950514374518
ar1,net_fed_revenue,2044,published,True,False,False,True,central moves through a governed identity term,1952.0377458210764,1952.0377458210764,1899.6539121850471,1873.1811813309778,1846.7084504769086,1820.235719622839,1793.76298876877,1793.3522624670413
ar1,net_fed_revenue,2045,published,True,False,False,True,central moves through a governed identity term,1785.2884026204167,1785.2884026204167,1738.7410884525875,1715.1994803435068,1691.6578722344263,1668.116264125346,1644.5746560162656,1644.1729475389677
ar1,net_fed_revenue,2046,published,True,False,False,True,central moves through a governed identity term,1643.7729965352617,1643.7729965352617,1602.1296542873508,1581.0469344374326,1559.9642145875146,1538.8814947375963,1517.7987748876783,1517.3968546765266
ar1,net_fed_revenue,2047,published,True,False,False,True,central moves through a governed identity term,1511.4827822693103,1511.4827822693103,1474.2478740040988,1455.3846639310802,1436.5214538580622,1417.6582437850436,1398.7950337120255,1398.4110472622099
ar1,net_fed_revenue,2048,published,True,False,False,True,central moves through a governed identity term,1390.1662890583802,1390.1662890583802,1356.8177173444496,1339.930188846059,1323.0426603476685,1306.155131849278,1289.2676033508872,1288.937381576392
ar1,net_fed_revenue,2049,published,True,False,False,True,central moves through a governed identity term,1277.4271781191733,1277.4271781191733,1247.587394970097,1232.4776024790012,1217.3678099879057,1202.25801749681,1187.1482250057143,1186.8545531019047
ar1,net_fed_revenue,2050,published,True,False,False,True,central moves through a governed identity term,1172.7816832470762,1172.7816832470762,1146.0765445117272,1132.5663617472126,1119.056178982698,1105.5459962181833,1092.0358134536687,1091.7975983785213
ar1,net_mvr_revenue,2025,published,False,False,False,False,not priced by the fuel rate and no activity response,286.79349111,286.79349111,286.79349111,286.79349111,286.79349111,286.79349111,286.79349111,286.79349111
ar1,net_mvr_revenue,2026,published,False,False,False,False,not priced by the fuel rate and no activity response,393.8747745212369,393.8747745212369,393.8747745212369,393.8747745212369,393.8747745212369,393.8747745212369,393.8747745212369,393.8747745212369
ar1,net_mvr_revenue,2027,published,False,False,False,False,not priced by the fuel rate and no activity response,484.04699017200664,484.04699017200664,484.04699017200664,484.04699017200664,484.04699017200664,484.04699017200664,484.04699017200664,484.04699017200664
ar1,net_mvr_revenue,2028,published,False,False,False,False,not priced by the fuel rate and no activity response,490.25051027658566,490.25051027658566,490.25051027658566,490.25051027658566,490.25051027658566,490.25051027658566,490.25051027658566,490.25051027658566
ar1,net_mvr_revenue,2029,published,False,False,False,False,not priced by the fuel rate and no activity response,484.84310999369575,484.84310999369575,484.84310999369575,484.84310999369575,484.84310999369575,484.84310999369575,484.84310999369575,484.84310999369575
ar1,net_mvr_revenue,2030,published,False,False,False,False,not priced by the fuel rate and no activity response,479.8837182888595,479.8837182888595,479.8837182888595,479.8837182888595,479.8837182888595,479.8837182888595,479.8837182888595,479.8837182888595
ar1,net_mvr_revenue,2031,published,False,False,False,False,not priced by the fuel rate and no activity response,475.3303381823711,475.3303381823711,475.3303381823711,475.3303381823711,475.3303381823711,475.3303381823711,475.3303381823711,475.3303381823711
ar1,net_mvr_revenue,2032,published,False,False,False,False,not priced by the fuel rate and no activity response,471.1439933001107,471.1439933001107,471.1439933001107,471.1439933001107,471.1439933001107,471.1439933001107,471.1439933001107,471.1439933001107
ar1,net_mvr_revenue,2033,published,False,False,False,False,not priced by the fuel rate and no activity response,467.289031338095,467.289031338095,467.289031338095,467.289031338095,467.289031338095,467.289031338095,467.289031338095,467.289031338095
ar1,net_mvr_revenue,2034,published,False,False,False,False,not priced by the fuel rate and no activity response,463.73311806128567,463.73311806128567,463.73311806128567,463.73311806128567,463.73311806128567,463.73311806128567,463.73311806128567,463.73311806128567
ar1,net_mvr_revenue,2035,published,False,False,False,False,not priced by the fuel rate and no activity response,460.4470773903571,460.4470773903571,460.4470773903571,460.4470773903571,460.4470773903571,460.4470773903571,460.4470773903571,460.4470773903571
ar1,net_mvr_revenue,2036,published,False,False,False,False,not priced by the fuel rate and no activity response,457.4046614102953,457.4046614102953,457.4046614102953,457.4046614102953,457.4046614102953,457.4046614102953,457.4046614102953,457.4046614102953
ar1,net_mvr_revenue,2037,published,False,False,False,False,not priced by the fuel rate and no activity response,454.58229627546916,454.58229627546916,454.58229627546916,454.58229627546916,454.58229627546916,454.58229627546916,454.58229627546916,454.58229627546916
ar1,net_mvr_revenue,2038,published,False,False,False,False,not priced by the fuel rate and no activity response,451.95882835361306,451.95882835361306,451.95882835361306,451.95882835361306,451.95882835361306,451.95882835361306,451.95882835361306,451.95882835361306
ar1,net_mvr_revenue,2039,published,False,False,False,False,not priced by the fuel rate and no activity response,449.51528277587994,449.51528277587994,449.51528277587994,449.51528277587994,449.51528277587994,449.51528277587994,449.51528277587994,449.51528277587994
ar1,net_mvr_revenue,2040,published,False,False,False,False,not priced by the fuel rate and no activity response,447.23463984016297,447.23463984016297,447.23463984016297,447.23463984016297,447.23463984016297,447.23463984016297,447.23463984016297,447.23463984016297
ar1,net_mvr_revenue,2041,published,False,False,False,False,not priced by the fuel rate and no activity response,445.10163109253966,445.10163109253966,445.10163109253966,445.10163109253966,445.10163109253966,445.10163109253966,445.10163109253966,445.10163109253966
ar1,net_mvr_revenue,2042,published,False,False,False,False,not priced by the fuel rate and no activity response,443.1025550242281,443.1025550242281,443.1025550242281,443.1025550242281,443.1025550242281,443.1025550242281,443.1025550242281,443.1025550242281
ar1,net_mvr_revenue,2043,published,False,False,False,False,not priced by the fuel rate and no activity response,441.22511139198986,441.22511139198986,441.22511139198986,441.22511139198986,441.22511139198986,441.22511139198986,441.22511139198986,441.22511139198986
ar1,net_mvr_revenue,2044,published,False,False,False,False,not priced by the fuel rate and no activity response,439.4582527608978,439.4582527608978,439.4582527608978,439.4582527608978,439.4582527608978,439.4582527608978,439.4582527608978,439.4582527608978
ar1,net_mvr_revenue,2045,published,False,False,False,False,not priced by the fuel rate and no activity response,437.7920517365987,437.7920517365987,437.7920517365987,437.7920517365987,437.7920517365987,437.7920517365987,437.7920517365987,437.7920517365987
ar1,net_mvr_revenue,2046,published,False,False,False,False,not priced by the fuel rate and no activity response,436.21758236479513,436.21758236479513,436.21758236479513,436.21758236479513,436.21758236479513,436.21758236479513,436.21758236479513,436.21758236479513
ar1,net_mvr_revenue,2047,published,False,False,False,False,not priced by the fuel rate and no activity response,434.7268142558745,434.7268142558745,434.7268142558745,434.7268142558745,434.7268142558745,434.7268142558745,434.7268142558745,434.7268142558745
ar1,net_mvr_revenue,2048,published,False,False,False,False,not priced by the fuel rate and no activity response,433.3125181025614,433.3125181025614,433.3125181025614,433.3125181025614,433.3125181025614,433.3125181025614,433.3125181025614,433.3125181025614
ar1,net_mvr_revenue,2049,published,False,False,False,False,not priced by the fuel rate and no activity response,431.96818137790393,431.96818137790393,431.96818137790393,431.96818137790393,431.96818137790393,431.96818137790393,431.96818137790393,431.96818137790393
ar1,net_mvr_revenue,2050,published,False,False,False,False,not priced by the fuel rate and no activity response,430.68793311893774,430.68793311893774,430.68793311893774,430.68793311893774,430.68793311893774,430.68793311893774,430.68793311893774,430.68793311893774
ar1,ped_vkt_per_capita,2025,published,False,False,False,False,not priced by the fuel rate and no activity response,5973.0514101063,5973.0514101063,5973.0514101063,5973.0514101063,5973.0514101063,5973.0514101063,5973.0514101063,5973.0514101063
ar1,ped_vkt_per_capita,2026,published,False,False,False,False,not priced by the fuel rate and no activity response,6142.76079767832,6142.76079767832,6142.76079767832,6142.76079767832,6142.76079767832,6142.76079767832,6142.76079767832,6142.76079767832
ar1,ped_vkt_per_capita,2027,published,True,False,True,True,activity responded inside the fixed-finalist replay window,5961.306920442689,5979.204054116386,5979.204054116386,5979.204054116386,5979.204054116386,5979.204054116386,5979.204054116386,5979.204054116386
ar1,ped_vkt_per_capita,2028,published,True,False,True,True,activity responded inside the fixed-finalist replay window,5916.055674224165,5916.055674224165,5942.613912530426,5951.5046760820915,5951.5046760820915,5951.5046760820915,5951.5046760820915,5951.5046760820915
ar1,ped_vkt_per_capita,2029,published,True,False,True,True,activity responded inside the fixed-finalist replay window,5902.064077713241,5902.064077713241,5916.429921494927,5925.110468923745,5943.118319461073,5936.945716563897,5936.945716563897,5936.945716563897
ar1,ped_vkt_per_capita,2030,published,True,False,True,True,activity responded inside the fixed-finalist replay window,5888.384227680278,5888.384227680278,5899.6528401893265,5905.326047853925,5914.013129368503,5922.68920257156,5940.691605147297,5922.715662904003
ar1,ped_vkt_per_capita,2031,published,False,False,False,False,not priced by the fuel rate and no activity response,5865.077484201897,5865.077484201897,5865.077484201897,5865.077484201897,5865.077484201897,5865.077484201897,5865.077484201897,5865.077484201897
ar1,ped_vkt_per_capita,2032,published,False,False,False,False,not priced by the fuel rate and no activity response,5825.52096871957,5825.52096871957,5825.52096871957,5825.52096871957,5825.52096871957,5825.52096871957,5825.52096871957,5825.52096871957
ar1,ped_vkt_per_capita,2033,published,False,False,False,False,not priced by the fuel rate and no activity response,5770.886073040316,5770.886073040316,5770.886073040316,5770.886073040316,5770.886073040316,5770.886073040316,5770.886073040316,5770.886073040316
ar1,ped_vkt_per_capita,2034,published,False,False,False,False,not priced by the fuel rate and no activity response,5698.201578261929,5698.201578261929,5698.201578261929,5698.201578261929,5698.201578261929,5698.201578261929,5698.201578261929,5698.201578261929
ar1,ped_vkt_per_capita,2035,published,False,False,False,False,not priced by the fuel rate and no activity response,5599.687448835718,5599.687448835718,5599.687448835718,5599.687448835718,5599.687448835718,5599.687448835718,5599.687448835718,5599.687448835718
ar1,ped_vkt_per_capita,2036,published,False,False,False,False,not priced by the fuel rate and no activity response,5464.164898051314,5464.164898051314,5464.164898051314,5464.164898051314,5464.164898051314,5464.164898051314,5464.164898051314,5464.164898051314
ar1,ped_vkt_per_capita,2037,published,False,False,False,False,not priced by the fuel rate and no activity response,5282.295459614382,5282.295459614382,5282.295459614382,5282.295459614382,5282.295459614382,5282.295459614382,5282.295459614382,5282.295459614382
ar1,ped_vkt_per_capita,2038,published,False,False,False,False,not priced by the fuel rate and no activity response,5046.073708935011,5046.073708935011,5046.073708935011,5046.073708935011,5046.073708935011,5046.073708935011,5046.073708935011,5046.073708935011
ar1,ped_vkt_per_capita,2039,published,False,False,False,False,not priced by the fuel rate and no activity response,4754.718135831377,4754.718135831377,4754.718135831377,4754.718135831377,4754.718135831377,4754.718135831377,4754.718135831377,4754.718135831377
ar1,ped_vkt_per_capita,2040,published,False,False,False,False,not priced by the fuel rate and no activity response,4415.39171672045,4415.39171672045,4415.39171672045,4415.39171672045,4415.39171672045,4415.39171672045,4415.39171672045,4415.39171672045
ar1,ped_vkt_per_capita,2041,published,False,False,False,False,not priced by the fuel rate and no activity response,4041.882896110227,4041.882896110227,4041.882896110227,4041.882896110227,4041.882896110227,4041.882896110227,4041.882896110227,4041.882896110227
ar1,ped_vkt_per_capita,2042,published,False,False,False,False,not priced by the fuel rate and no activity response,3633.042633209116,3633.042633209116,3633.042633209116,3633.042633209116,3633.042633209116,3633.042633209116,3633.042633209116,3633.042633209116
ar1,ped_vkt_per_capita,2043,published,False,False,False,False,not priced by the fuel rate and no activity response,3229.883309866362,3229.883309866362,3229.883309866362,3229.883309866362,3229.883309866362,3229.883309866362,3229.883309866362,3229.883309866362
ar1,ped_vkt_per_capita,2044,published,False,False,False,False,not priced by the fuel rate and no activity response,2867.2985214553355,2867.2985214553355,2867.2985214553355,2867.2985214553355,2867.2985214553355,2867.2985214553355,2867.2985214553355,2867.2985214553355
ar1,ped_vkt_per_capita,2045,published,False,False,False,False,not priced by the fuel rate and no activity response,2565.536767265806,2565.536767265806,2565.536767265806,2565.536767265806,2565.536767265806,2565.536767265806,2565.536767265806,2565.536767265806
ar1,ped_vkt_per_capita,2046,published,False,False,False,False,not priced by the fuel rate and no activity response,2312.0454377670126,2312.0454377670126,2312.0454377670126,2312.0454377670126,2312.0454377670126,2312.0454377670126,2312.0454377670126,2312.0454377670126
ar1,ped_vkt_per_capita,2047,published,False,False,False,False,not priced by the fuel rate and no activity response,2081.9685060319844,2081.9685060319844,2081.9685060319844,2081.9685060319844,2081.9685060319844,2081.9685060319844,2081.9685060319844,2081.9685060319844
ar1,ped_vkt_per_capita,2048,published,False,False,False,False,not priced by the fuel rate and no activity response,1876.1862765471712,1876.1862765471712,1876.1862765471712,1876.1862765471712,1876.1862765471712,1876.1862765471712,1876.1862765471712,1876.1862765471712
ar1,ped_vkt_per_capita,2049,published,False,False,False,False,not priced by the fuel rate and no activity response,1689.98541977273,1689.98541977273,1689.98541977273,1689.98541977273,1689.98541977273,1689.98541977273,1689.98541977273,1689.98541977273
ar1,ped_vkt_per_capita,2050,published,False,False,False,False,not priced by the fuel rate and no activity response,1521.479603481342,1521.479603481342,1521.479603481342,1521.479603481342,1521.479603481342,1521.479603481342,1521.479603481342,1521.479603481342
ar1,ped_volume,2025,published,False,False,False,False,not priced by the fuel rate and no activity response,2894.27382723066,2894.27382723066,2894.27382723066,2894.27382723066,2894.27382723066,2894.27382723066,2894.27382723066,2894.27382723066
ar1,ped_volume,2026,published,False,False,False,False,not priced by the fuel rate and no activity response,3051.1490748223814,3051.1490748223814,3051.1490748223814,3051.1490748223814,3051.1490748223814,3051.1490748223814,3051.1490748223814,3051.1490748223814
ar1,ped_volume,2027,published,True,False,True,True,activity responded inside the fixed-finalist replay window,2907.8955300078983,2916.6508572492858,2916.6508572492858,2916.6508572492858,2916.6508572492858,2916.6508572492858,2916.6508572492858,2916.6508572492858
ar1,ped_volume,2028,published,True,False,True,True,activity responded inside the fixed-finalist replay window,2891.724898424629,2891.724898424629,2904.69320131973,2909.0518898045993,2909.0518898045993,2909.0518898045993,2909.0518898045993,2909.0518898045993
ar1,ped_volume,2029,published,True,False,True,True,activity responded inside the fixed-finalist replay window,2890.6742500973783,2890.6742500973783,2897.7060147774678,2901.9700328766357,2910.7640429139847,2907.758136778461,2907.758136778461,2907.758136778461
ar1,ped_volume,2030,published,True,False,True,True,activity responded inside the fixed-finalist replay window,2889.4008279080367,2889.4008279080367,2894.9302125527643,2897.7222524141216,2901.9724696398384,2906.2423540661134,2915.0501584465846,2906.246883652928
ar1,ped_volume,2031,published,False,False,False,False,not priced by the fuel rate and no activity response,2871.3369471624433,2871.3369471624433,2871.3369471624433,2871.3369471624433,2871.3369471624433,2871.3369471624433,2871.3369471624433,2871.3369471624433
ar1,ped_volume,2032,published,False,False,False,False,not priced by the fuel rate and no activity response,2841.920638641156,2841.920638641156,2841.920638641156,2841.920638641156,2841.920638641156,2841.920638641156,2841.920638641156,2841.920638641156
ar1,ped_volume,2033,published,False,False,False,False,not priced by the fuel rate and no activity response,2804.8049329116125,2804.8049329116125,2804.8049329116125,2804.8049329116125,2804.8049329116125,2804.8049329116125,2804.8049329116125,2804.8049329116125
ar1,ped_volume,2034,published,False,False,False,False,not priced by the fuel rate and no activity response,2758.8924261122584,2758.8924261122584,2758.8924261122584,2758.8924261122584,2758.8924261122584,2758.8924261122584,2758.8924261122584,2758.8924261122584
ar1,ped_volume,2035,published,False,False,False,False,not priced by the fuel rate and no activity response,2700.5477626835714,2700.5477626835714,2700.5477626835714,2700.5477626835714,2700.5477626835714,2700.5477626835714,2700.5477626835714,2700.5477626835714
ar1,ped_volume,2036,published,False,False,False,False,not priced by the fuel rate and no activity response,2624.5540358479034,2624.5540358479034,2624.5540358479034,2624.5540358479034,2624.5540358479034,2624.5540358479034,2624.5540358479034,2624.5540358479034
ar1,ped_volume,2037,published,False,False,False,False,not priced by the fuel rate and no activity response,2526.6774970584042,2526.6774970584042,2526.6774970584042,2526.6774970584042,2526.6774970584042,2526.6774970584042,2526.6774970584042,2526.6774970584042
ar1,ped_volume,2038,published,False,False,False,False,not priced by the fuel rate and no activity response,2403.404734530795,2403.404734530795,2403.404734530795,2403.404734530795,2403.404734530795,2403.404734530795,2403.404734530795,2403.404734530795
ar1,ped_volume,2039,published,False,False,False,False,not priced by the fuel rate and no activity response,2254.7248425209996,2254.7248425209996,2254.7248425209996,2254.7248425209996,2254.7248425209996,2254.7248425209996,2254.7248425209996,2254.7248425209996
ar1,ped_volume,2040,published,False,False,False,False,not priced by the fuel rate and no activity response,2084.40067656607,2084.40067656607,2084.40067656607,2084.40067656607,2084.40067656607,2084.40067656607,2084.40067656607,2084.40067656607
ar1,ped_volume,2041,published,False,False,False,False,not priced by the fuel rate and no activity response,1898.9219918239855,1898.9219918239855,1898.9219918239855,1898.9219918239855,1898.9219918239855,1898.9219918239855,1898.9219918239855,1898.9219918239855
ar1,ped_volume,2042,published,False,False,False,False,not priced by the fuel rate and no activity response,1697.178000193376,1697.178000193376,1697.178000193376,1697.178000193376,1697.178000193376,1697.178000193376,1697.178000193376,1697.178000193376
ar1,ped_volume,2043,published,False,False,False,False,not priced by the fuel rate and no activity response,1500.0025847145455,1500.0025847145455,1500.0025847145455,1500.0025847145455,1500.0025847145455,1500.0025847145455,1500.0025847145455,1500.0025847145455
ar1,ped_volume,2044,published,False,False,False,False,not priced by the fuel rate and no activity response,1323.6365427034655,1323.6365427034655,1323.6365427034655,1323.6365427034655,1323.6365427034655,1323.6365427034655,1323.6365427034655,1323.6365427034655
ar1,ped_volume,2045,published,False,False,False,False,not priced by the fuel rate and no activity response,1177.0804054540217,1177.0804054540217,1177.0804054540217,1177.0804054540217,1177.0804054540217,1177.0804054540217,1177.0804054540217,1177.0804054540217
ar1,ped_volume,2046,published,False,False,False,False,not priced by the fuel rate and no activity response,1054.1359924959072,1054.1359924959072,1054.1359924959072,1054.1359924959072,1054.1359924959072,1054.1359924959072,1054.1359924959072,1054.1359924959072
ar1,ped_volume,2047,published,False,False,False,False,not priced by the fuel rate and no activity response,943.1605036509144,943.1605036509144,943.1605036509144,943.1605036509144,943.1605036509144,943.1605036509144,943.1605036509144,943.1605036509144
ar1,ped_volume,2048,published,False,False,False,False,not priced by the fuel rate and no activity response,844.3764249195306,844.3764249195306,844.3764249195306,844.3764249195306,844.3764249195306,844.3764249195306,844.3764249195306,844.3764249195306
ar1,ped_volume,2049,published,False,False,False,False,not priced by the fuel rate and no activity response,755.4896245547855,755.4896245547855,755.4896245547855,755.4896245547855,755.4896245547855,755.4896245547855,755.4896245547855,755.4896245547855
ar1,ped_volume,2050,published,False,False,False,False,not priced by the fuel rate and no activity response,675.5091382257311,675.5091382257311,675.5091382257311,675.5091382257311,675.5091382257311,675.5091382257311,675.5091382257311,675.5091382257311
ar1,phev_ruc_net_km,2025,published,False,False,False,False,not priced by the fuel rate and no activity response,480.44116455536,480.44116455536,480.44116455536,480.44116455536,480.44116455536,480.44116455536,480.44116455536,480.44116455536
ar1,phev_ruc_net_km,2026,published,False,False,False,False,not priced by the fuel rate and no activity response,647.879998554768,647.879998554768,647.879998554768,647.879998554768,647.879998554768,647.879998554768,647.879998554768,647.879998554768
ar1,phev_ruc_net_km,2027,published,False,False,False,False,not priced by the fuel rate and no activity response,844.9595723514738,844.9595723514738,844.9595723514738,844.9595723514738,844.9595723514738,844.9595723514738,844.9595723514738,844.9595723514738
ar1,phev_ruc_net_km,2028,published,False,False,False,False,not priced by the fuel rate and no activity response,1140.5757203778505,1140.5757203778505,1140.5757203778505,1140.5757203778505,1140.5757203778505,1140.5757203778505,1140.5757203778505,1140.5757203778505
ar1,phev_ruc_net_km,2029,published,False,False,False,False,not priced by the fuel rate and no activity response,1495.51845432587,1495.51845432587,1495.51845432587,1495.51845432587,1495.51845432587,1495.51845432587,1495.51845432587,1495.51845432587
ar1,phev_ruc_net_km,2030,published,False,False,False,False,not priced by the fuel rate and no activity response,1878.889739407174,1878.889739407174,1878.889739407174,1878.889739407174,1878.889739407174,1878.889739407174,1878.889739407174,1878.889739407174
ar1,phev_ruc_net_km,2031,published,False,False,False,False,not priced by the fuel rate and no activity response,2208.3308898987298,2208.3308898987298,2208.3308898987298,2208.3308898987298,2208.3308898987298,2208.3308898987298,2208.3308898987298,2208.3308898987298
ar1,phev_ruc_net_km,2032,published,False,False,False,False,not priced by the fuel rate and no activity response,2552.1629121592205,2552.1629121592205,2552.1629121592205,2552.1629121592205,2552.1629121592205,2552.1629121592205,2552.1629121592205,2552.1629121592205
ar1,phev_ruc_net_km,2033,published,False,False,False,False,not priced by the fuel rate and no activity response,2900.6112269694477,2900.6112269694477,2900.6112269694477,2900.6112269694477,2900.6112269694477,2900.6112269694477,2900.6112269694477,2900.6112269694477
ar1,phev_ruc_net_km,2034,published,False,False,False,False,not priced by the fuel rate and no activity response,3241.590048323908,3241.590048323908,3241.590048323908,3241.590048323908,3241.590048323908,3241.590048323908,3241.590048323908,3241.590048323908
ar1,phev_ruc_net_km,2035,published,False,False,False,False,not priced by the fuel rate and no activity response,3557.038943726457,3557.038943726457,3557.038943726457,3557.038943726457,3557.038943726457,3557.038943726457,3557.038943726457,3557.038943726457
ar1,phev_ruc_net_km,2036,published,False,False,False,False,not priced by the fuel rate and no activity response,3808.0126087993253,3808.0126087993253,3808.0126087993253,3808.0126087993253,3808.0126087993253,3808.0126087993253,3808.0126087993253,3808.0126087993253
ar1,phev_ruc_net_km,2037,published,False,False,False,False,not priced by the fuel rate and no activity response,3986.5925396709536,3986.5925396709536,3986.5925396709536,3986.5925396709536,3986.5925396709536,3986.5925396709536,3986.5925396709536,3986.5925396709536
ar1,phev_ruc_net_km,2038,published,False,False,False,False,not priced by the fuel rate and no activity response,4106.760316660171,4106.760316660171,4106.760316660171,4106.760316660171,4106.760316660171,4106.760316660171,4106.760316660171,4106.760316660171
ar1,phev_ruc_net_km,2039,published,False,False,False,False,not priced by the fuel rate and no activity response,4194.449213694972,4194.449213694972,4194.449213694972,4194.449213694972,4194.449213694972,4194.449213694972,4194.449213694972,4194.449213694972
ar1,phev_ruc_net_km,2040,published,False,False,False,False,not priced by the fuel rate and no activity response,4212.539103763076,4212.539103763076,4212.539103763076,4212.539103763076,4212.539103763076,4212.539103763076,4212.539103763076,4212.539103763076
ar1,phev_ruc_net_km,2041,published,False,False,False,False,not priced by the fuel rate and no activity response,4141.28288784983,4141.28288784983,4141.28288784983,4141.28288784983,4141.28288784983,4141.28288784983,4141.28288784983,4141.28288784983
ar1,phev_ruc_net_km,2042,published,False,False,False,False,not priced by the fuel rate and no activity response,4032.0506256804006,4032.0506256804006,4032.0506256804006,4032.0506256804006,4032.0506256804006,4032.0506256804006,4032.0506256804006,4032.0506256804006
ar1,phev_ruc_net_km,2043,published,False,False,False,False,not priced by the fuel rate and no activity response,3910.615496061722,3910.615496061722,3910.615496061722,3910.615496061722,3910.615496061722,3910.615496061722,3910.615496061722,3910.615496061722
ar1,phev_ruc_net_km,2044,published,False,False,False,False,not priced by the fuel rate and no activity response,3781.652321799289,3781.652321799289,3781.652321799289,3781.652321799289,3781.652321799289,3781.652321799289,3781.652321799289,3781.652321799289
ar1,phev_ruc_net_km,2045,published,False,False,False,False,not priced by the fuel rate and no activity response,3650.8805135255375,3650.8805135255375,3650.8805135255375,3650.8805135255375,3650.8805135255375,3650.8805135255375,3650.8805135255375,3650.8805135255375
ar1,phev_ruc_net_km,2046,published,False,False,False,False,not priced by the fuel rate and no activity response,3523.7347858533367,3523.7347858533367,3523.7347858533367,3523.7347858533367,3523.7347858533367,3523.7347858533367,3523.7347858533367,3523.7347858533367
ar1,phev_ruc_net_km,2047,published,False,False,False,False,not priced by the fuel rate and no activity response,3397.586213069626,3397.586213069626,3397.586213069626,3397.586213069626,3397.586213069626,3397.586213069626,3397.586213069626,3397.586213069626
ar1,phev_ruc_net_km,2048,published,False,False,False,False,not priced by the fuel rate and no activity response,3283.3852853010553,3283.3852853010553,3283.3852853010553,3283.3852853010553,3283.3852853010553,3283.3852853010553,3283.3852853010553,3283.3852853010553
ar1,phev_ruc_net_km,2049,published,False,False,False,False,not priced by the fuel rate and no activity response,3166.1026521069557,3166.1026521069557,3166.1026521069557,3166.1026521069557,3166.1026521069557,3166.1026521069557,3166.1026521069557,3166.1026521069557
ar1,phev_ruc_net_km,2050,published,False,False,False,False,not priced by the fuel rate and no activity response,3042.299387722571,3042.299387722571,3042.299387722571,3042.299387722571,3042.299387722571,3042.299387722571,3042.299387722571,3042.299387722571
ar1,phev_ruc_net_revenue,2025,published,False,False,False,False,rate-priced but outside every affected year,16.68123390320731,16.68123390320731,16.68123390320731,16.68123390320731,16.68123390320731,16.68123390320731,16.68123390320731,16.68123390320731
ar1,phev_ruc_net_revenue,2026,published,False,False,False,False,rate-priced but outside every affected year,22.33981533227866,22.33981533227866,22.33981533227866,22.33981533227866,22.33981533227866,22.33981533227866,22.33981533227866,22.33981533227866
ar1,phev_ruc_net_revenue,2027,published,True,True,False,True,"rate-priced leaf: the collection rate changed, volume did not",30.92161021928033,28.487023173248186,28.487023173248186,28.487023173248186,28.487023173248186,28.487023173248186,28.487023173248186,28.487023173248186
ar1,phev_ruc_net_revenue,2028,published,True,True,False,True,"rate-priced leaf: the collection rate changed, volume did not",45.75419502295762,45.75419502295762,40.91573560989135,37.68656569434693,37.68656569434693,37.68656569434693,37.68656569434693,39.30115065211914
ar1,phev_ruc_net_revenue,2029,published,True,True,False,True,"rate-priced leaf: the collection rate changed, volume did not",63.52214634749125,63.52214634749125,60.00141915792458,57.88431978041031,53.650121025381765,49.41592227035321,49.41592227035321,55.061520610391284
ar1,phev_ruc_net_revenue,2030,published,True,True,False,True,"rate-priced leaf: the collection rate changed, volume did not",83.356943288799,83.356943288799,79.82201473361879,78.04866507722454,75.38864059263312,72.72861610804172,67.40856713885891,72.72861610804172
ar1,phev_ruc_net_revenue,2031,published,True,True,False,True,"rate-priced leaf: the collection rate changed, volume did not",102.14634531226594,102.14634531226594,97.98952405074331,95.90517273510595,93.8208214194686,91.73647010383125,88.60994313037521,89.6521187881939
ar1,phev_ruc_net_revenue,2032,published,True,True,False,True,"rate-priced leaf: the collection rate changed, volume did not",122.86112259134451,122.86112259134451,118.05560493439258,115.64689676222265,113.23818859005273,110.82948041788278,108.42077224571285,108.42260385043248
ar1,phev_ruc_net_revenue,2033,published,True,True,False,True,"rate-priced leaf: the collection rate changed, volume did not",145.10307662914647,145.10307662914647,139.64099206101642,136.90357749069932,134.16616292038222,131.4287483500651,128.691333779748,128.69419321527772
ar1,phev_ruc_net_revenue,2034,published,True,True,False,True,"rate-priced leaf: the collection rate changed, volume did not",168.28714735873572,168.28714735873572,162.18339840172487,159.1240269688092,156.06465553589354,153.0052841029779,149.94591267006223,149.94835801101257
ar1,phev_ruc_net_revenue,2035,published,True,True,False,True,"rate-priced leaf: the collection rate changed, volume did not",191.36869517248255,191.36869517248255,184.67883906932295,181.32177444579858,177.9647098222742,174.60764519874982,171.25058057522543,171.2454436133103
ar1,phev_ruc_net_revenue,2036,published,True,True,False,True,"rate-priced leaf: the collection rate changed, volume did not",212.04918212098988,212.04918212098988,204.89113944446848,201.2973146454004,197.70348984633233,194.10966504726426,190.5158402481962,190.50671910599002
ar1,phev_ruc_net_revenue,2037,published,True,True,False,True,"rate-priced leaf: the collection rate changed, volume did not",229.5280654715555,229.5280654715555,222.04070696352736,218.2780704325925,214.51543390165767,210.75279737072282,206.99016083978796,206.9736943381684
ar1,phev_ruc_net_revenue,2038,published,True,True,False,True,"rate-priced leaf: the collection rate changed, volume did not",244.2085022301965,244.2085022301965,236.50029591903328,232.62400443671777,228.7477129544023,224.87142147208675,220.99512998977127,220.97284925267937
ar1,phev_ruc_net_revenue,2039,published,True,True,False,True,"rate-priced leaf: the collection rate changed, volume did not",257.32945926018675,257.32945926018675,249.4641528027806,245.505158439758,241.54616407673538,237.58716971371277,233.62817535069016,233.59806042735448
ar1,phev_ruc_net_revenue,2040,published,True,True,False,True,"rate-priced leaf: the collection rate changed, volume did not",266.37991022645804,266.37991022645804,258.4927880776544,254.5167099985666,250.5406319194788,246.56455384039103,242.58847576130324,242.54610647906563
ar1,phev_ruc_net_revenue,2041,published,True,True,False,True,"rate-priced leaf: the collection rate changed, volume did not",269.70104807122,269.70104807122,261.9584905227512,258.0493624483354,254.14023437391958,250.2311062995038,246.321978225088,246.2685627186125
ar1,phev_ruc_net_revenue,2042,published,True,True,False,True,"rate-priced leaf: the collection rate changed, volume did not",270.20787267997184,270.20787267997184,262.6777082949025,258.8714469447764,255.06518559465027,251.2589242445242,247.4526628943981,247.39200130477906
ar1,phev_ruc_net_revenue,2043,published,True,True,False,True,"rate-priced leaf: the collection rate changed, volume did not",269.4414076786529,269.4414076786529,262.13521833572884,258.4437969092695,254.75237548281018,251.06095405635088,247.36953262989155,247.31392122664246
ar1,phev_ruc_net_revenue,2044,published,True,True,False,True,"rate-priced leaf: the collection rate changed, volume did not",267.68425959856245,267.68425959856245,260.62086496722316,257.0513029093803,253.48174085153744,249.91217879369455,246.34261673585172,246.28723472668574
ar1,phev_ruc_net_revenue,2045,published,True,True,False,True,"rate-priced leaf: the collection rate changed, volume did not",265.32774132046853,265.32774132046853,258.51359976647933,255.06730317704725,251.62100658761517,248.1747099981831,244.728413408751,244.66960661234003
ar1,phev_ruc_net_revenue,2046,published,True,True,False,True,"rate-priced leaf: the collection rate changed, volume did not",262.7472843071541,262.7472843071541,256.1767564514481,252.85030399661707,249.52385154178603,246.197399086955,242.87094663212397,242.8075312624492
ar1,phev_ruc_net_revenue,2047,published,True,True,False,True,"rate-priced leaf: the collection rate changed, volume did not",259.7454659891725,259.7454659891725,253.4144557358233,250.2071649985198,246.99987426121632,243.7925835239128,240.58529278660933,240.52000399541336
ar1,phev_ruc_net_revenue,2048,published,True,True,False,True,"rate-priced leaf: the collection rate changed, volume did not",257.2039863240583,257.2039863240583,251.08358211380613,247.98424396496637,244.88490581612663,241.78556766728687,238.6862295184471,238.6256245019482
ar1,phev_ruc_net_revenue,2049,published,True,True,False,True,"rate-priced leaf: the collection rate changed, volume did not",254.0005852652803,254.0005852652803,248.09830161921468,245.10959755691988,242.1208934946251,239.1321894323303,236.14348537003553,236.08539731803782
ar1,phev_ruc_net_revenue,2050,published,True,True,False,True,"rate-priced leaf: the collection rate changed, volume did not",249.80320272590004,249.80320272590004,244.1268557004145,241.25518045809088,238.38350521576726,235.51182997344364,232.64015473112005,232.58952060236157
ar1,ruc_admin_revenue,2025,published,False,False,False,False,not priced by the fuel rate and no activity response,32.2658680521739,32.2658680521739,32.2658680521739,32.2658680521739,32.2658680521739,32.2658680521739,32.2658680521739,32.2658680521739
ar1,ruc_admin_revenue,2026,published,False,False,False,False,not priced by the fuel rate and no activity response,34.237617587825,34.237617587825,34.237617587825,34.237617587825,34.237617587825,34.237617587825,34.237617587825,34.237617587825
ar1,ruc_admin_revenue,2027,published,False,False,False,False,not priced by the fuel rate and no activity response,34.8931365028412,34.8931365028412,34.8931365028412,34.8931365028412,34.8931365028412,34.8931365028412,34.8931365028412,34.8931365028412
ar1,ruc_admin_revenue,2028,published,False,False,False,False,not priced by the fuel rate and no activity response,37.4493334490253,37.4493334490253,37.4493334490253,37.4493334490253,37.4493334490253,37.4493334490253,37.4493334490253,37.4493334490253
ar1,ruc_admin_revenue,2029,published,False,False,False,False,not priced by the fuel rate and no activity response,40.0168341509567,40.0168341509567,40.0168341509567,40.0168341509567,40.0168341509567,40.0168341509567,40.0168341509567,40.0168341509567
ar1,ruc_admin_revenue,2030,published,False,False,False,False,not priced by the fuel rate and no activity response,42.5523569088689,42.5523569088689,42.5523569088689,42.5523569088689,42.5523569088689,42.5523569088689,42.5523569088689,42.5523569088689
ar1,ruc_admin_revenue,2031,published,False,False,False,False,not priced by the fuel rate and no activity response,41.8033895532304,41.8033895532304,41.8033895532304,41.8033895532304,41.8033895532304,41.8033895532304,41.8033895532304,41.8033895532304
ar1,ruc_admin_revenue,2032,published,False,False,False,False,not priced by the fuel rate and no activity response,43.1587880680353,43.1587880680353,43.1587880680353,43.1587880680353,43.1587880680353,43.1587880680353,43.1587880680353,43.1587880680353
ar1,ruc_admin_revenue,2033,published,False,False,False,False,not priced by the fuel rate and no activity response,44.5945823267988,44.5945823267988,44.5945823267988,44.5945823267988,44.5945823267988,44.5945823267988,44.5945823267988,44.5945823267988
ar1,ruc_admin_revenue,2034,published,False,False,False,False,not priced by the fuel rate and no activity response,46.2262315438966,46.2262315438966,46.2262315438966,46.2262315438966,46.2262315438966,46.2262315438966,46.2262315438966,46.2262315438966
ar1,ruc_admin_revenue,2035,published,False,False,False,False,not priced by the fuel rate and no activity response,48.0866744622314,48.0866744622314,48.0866744622314,48.0866744622314,48.0866744622314,48.0866744622314,48.0866744622314,48.0866744622314
ar1,ruc_admin_revenue,2036,published,False,False,False,False,not priced by the fuel rate and no activity response,50.1356112200263,50.1356112200263,50.1356112200263,50.1356112200263,50.1356112200263,50.1356112200263,50.1356112200263,50.1356112200263
ar1,ruc_admin_revenue,2037,published,False,False,False,False,not priced by the fuel rate and no activity response,52.4092761671738,52.4092761671738,52.4092761671738,52.4092761671738,52.4092761671738,52.4092761671738,52.4092761671738,52.4092761671738
ar1,ruc_admin_revenue,2038,published,False,False,False,False,not priced by the fuel rate and no activity response,54.8879400791233,54.8879400791233,54.8879400791233,54.8879400791233,54.8879400791233,54.8879400791233,54.8879400791233,54.8879400791233
ar1,ruc_admin_revenue,2039,published,False,False,False,False,not priced by the fuel rate and no activity response,57.7371317505342,57.7371317505342,57.7371317505342,57.7371317505342,57.7371317505342,57.7371317505342,57.7371317505342,57.7371317505342
ar1,ruc_admin_revenue,2040,published,False,False,False,False,not priced by the fuel rate and no activity response,60.8953711805719,60.8953711805719,60.8953711805719,60.8953711805719,60.8953711805719,60.8953711805719,60.8953711805719,60.8953711805719
ar1,ruc_admin_revenue,2041,published,False,False,False,False,not priced by the fuel rate and no activity response,64.2074073354471,64.2074073354471,64.2074073354471,64.2074073354471,64.2074073354471,64.2074073354471,64.2074073354471,64.2074073354471
ar1,ruc_admin_revenue,2042,published,False,False,False,False,not priced by the fuel rate and no activity response,67.6518294796303,67.6518294796303,67.6518294796303,67.6518294796303,67.6518294796303,67.6518294796303,67.6518294796303,67.6518294796303
ar1,ruc_admin_revenue,2043,published,False,False,False,False,not priced by the fuel rate and no activity response,71.0541615661232,71.0541615661232,71.0541615661232,71.0541615661232,71.0541615661232,71.0541615661232,71.0541615661232,71.0541615661232
ar1,ruc_admin_revenue,2044,published,False,False,False,False,not priced by the fuel rate and no activity response,74.1296662442097,74.1296662442097,74.1296662442097,74.1296662442097,74.1296662442097,74.1296662442097,74.1296662442097,74.1296662442097
ar1,ruc_admin_revenue,2045,published,False,False,False,False,not priced by the fuel rate and no activity response,77.0121331116649,77.0121331116649,77.0121331116649,77.0121331116649,77.0121331116649,77.0121331116649,77.0121331116649,77.0121331116649
ar1,ruc_admin_revenue,2046,published,False,False,False,False,not priced by the fuel rate and no activity response,80.0022843834548,80.0022843834548,80.0022843834548,80.0022843834548,80.0022843834548,80.0022843834548,80.0022843834548,80.0022843834548
ar1,ruc_admin_revenue,2047,published,False,False,False,False,not priced by the fuel rate and no activity response,82.9554869738818,82.9554869738818,82.9554869738818,82.9554869738818,82.9554869738818,82.9554869738818,82.9554869738818,82.9554869738818
ar1,ruc_admin_revenue,2048,published,False,False,False,False,not priced by the fuel rate and no activity response,86.0437492764271,86.0437492764271,86.0437492764271,86.0437492764271,86.0437492764271,86.0437492764271,86.0437492764271,86.0437492764271
ar1,ruc_admin_revenue,2049,published,False,False,False,False,not priced by the fuel rate and no activity response,88.8214065482608,88.8214065482608,88.8214065482608,88.8214065482608,88.8214065482608,88.8214065482608,88.8214065482608,88.8214065482608
ar1,ruc_admin_revenue,2050,published,False,False,False,False,not priced by the fuel rate and no activity response,91.1073995180068,91.1073995180068,91.1073995180068,91.1073995180068,91.1073995180068,91.1073995180068,91.1073995180068,91.1073995180068
ar1,ruc_refunds,2025,published,False,False,False,False,not priced by the fuel rate and no activity response,62.55622679,62.55622679,62.55622679,62.55622679,62.55622679,62.55622679,62.55622679,62.55622679
ar1,ruc_refunds,2026,published,False,False,False,False,not priced by the fuel rate and no activity response,67.4141906681215,67.4141906681215,67.4141906681215,67.4141906681215,67.4141906681215,67.4141906681215,67.4141906681215,67.4141906681215
ar1,ruc_refunds,2027,published,False,False,False,False,not priced by the fuel rate and no activity response,78.1187556293993,78.1187556293993,78.1187556293993,78.1187556293993,78.1187556293993,78.1187556293993,78.1187556293993,78.1187556293993
ar1,ruc_refunds,2028,published,False,False,False,False,not priced by the fuel rate and no activity response,91.9223646926299,91.9223646926299,91.9223646926299,91.9223646926299,91.9223646926299,91.9223646926299,91.9223646926299,91.9223646926299
ar1,ruc_refunds,2029,published,False,False,False,False,not priced by the fuel rate and no activity response,101.989316940945,101.989316940945,101.989316940945,101.989316940945,101.989316940945,101.989316940945,101.989316940945,101.989316940945
ar1,ruc_refunds,2030,published,False,False,False,False,not priced by the fuel rate and no activity response,111.156651009308,111.156651009308,111.156651009308,111.156651009308,111.156651009308,111.156651009308,111.156651009308,111.156651009308
ar1,ruc_refunds,2031,published,False,False,False,False,not priced by the fuel rate and no activity response,118.132146140534,118.132146140534,118.132146140534,118.132146140534,118.132146140534,118.132146140534,118.132146140534,118.132146140534
ar1,ruc_refunds,2032,published,False,False,False,False,not priced by the fuel rate and no activity response,124.930114862515,124.930114862515,124.930114862515,124.930114862515,124.930114862515,124.930114862515,124.930114862515,124.930114862515
ar1,ruc_refunds,2033,published,False,False,False,False,not priced by the fuel rate and no activity response,132.028119664623,132.028119664623,132.028119664623,132.028119664623,132.028119664623,132.028119664623,132.028119664623,132.028119664623
ar1,ruc_refunds,2034,published,False,False,False,False,not priced by the fuel rate and no activity response,139.578421718246,139.578421718246,139.578421718246,139.578421718246,139.578421718246,139.578421718246,139.578421718246,139.578421718246
ar1,ruc_refunds,2035,published,False,False,False,False,not priced by the fuel rate and no activity response,147.714765866256,147.714765866256,147.714765866256,147.714765866256,147.714765866256,147.714765866256,147.714765866256,147.714765866256
ar1,ruc_refunds,2036,published,False,False,False,False,not priced by the fuel rate and no activity response,156.614633426614,156.614633426614,156.614633426614,156.614633426614,156.614633426614,156.614633426614,156.614633426614,156.614633426614
ar1,ruc_refunds,2037,published,False,False,False,False,not priced by the fuel rate and no activity response,166.389578574303,166.389578574303,166.389578574303,166.389578574303,166.389578574303,166.389578574303,166.389578574303,166.389578574303
ar1,ruc_refunds,2038,published,False,False,False,False,not priced by the fuel rate and no activity response,177.031851999084,177.031851999084,177.031851999084,177.031851999084,177.031851999084,177.031851999084,177.031851999084,177.031851999084
ar1,ruc_refunds,2039,published,False,False,False,False,not priced by the fuel rate and no activity response,188.89667070595,188.89667070595,188.89667070595,188.89667070595,188.89667070595,188.89667070595,188.89667070595,188.89667070595
ar1,ruc_refunds,2040,published,False,False,False,False,not priced by the fuel rate and no activity response,202.018704540249,202.018704540249,202.018704540249,202.018704540249,202.018704540249,202.018704540249,202.018704540249,202.018704540249
ar1,ruc_refunds,2041,published,False,False,False,False,not priced by the fuel rate and no activity response,216.153782430281,216.153782430281,216.153782430281,216.153782430281,216.153782430281,216.153782430281,216.153782430281,216.153782430281
ar1,ruc_refunds,2042,published,False,False,False,False,not priced by the fuel rate and no activity response,231.345181106687,231.345181106687,231.345181106687,231.345181106687,231.345181106687,231.345181106687,231.345181106687,231.345181106687
ar1,ruc_refunds,2043,published,False,False,False,False,not priced by the fuel rate and no activity response,246.972785528816,246.972785528816,246.972785528816,246.972785528816,246.972785528816,246.972785528816,246.972785528816,246.972785528816
ar1,ruc_refunds,2044,published,False,False,False,False,not priced by the fuel rate and no activity response,262.291354246574,262.291354246574,262.291354246574,262.291354246574,262.291354246574,262.291354246574,262.291354246574,262.291354246574
ar1,ruc_refunds,2045,published,False,False,False,False,not priced by the fuel rate and no activity response,277.613332328301,277.613332328301,277.613332328301,277.613332328301,277.613332328301,277.613332328301,277.613332328301,277.613332328301
ar1,ruc_refunds,2046,published,False,False,False,False,not priced by the fuel rate and no activity response,293.713955398411,293.713955398411,293.713955398411,293.713955398411,293.713955398411,293.713955398411,293.713955398411,293.713955398411
ar1,ruc_refunds,2047,published,False,False,False,False,not priced by the fuel rate and no activity response,310.202352205942,310.202352205942,310.202352205942,310.202352205942,310.202352205942,310.202352205942,310.202352205942,310.202352205942
ar1,ruc_refunds,2048,published,False,False,False,False,not priced by the fuel rate and no activity response,327.579008435544,327.579008435544,327.579008435544,327.579008435544,327.579008435544,327.579008435544,327.579008435544,327.579008435544
ar1,ruc_refunds,2049,published,False,False,False,False,not priced by the fuel rate and no activity response,344.517513791995,344.517513791995,344.517513791995,344.517513791995,344.517513791995,344.517513791995,344.517513791995,344.517513791995
ar1,ruc_refunds,2050,published,False,False,False,False,not priced by the fuel rate and no activity response,360.387981206507,360.387981206507,360.387981206507,360.387981206507,360.387981206507,360.387981206507,360.387981206507,360.387981206507
ar1,ruc_revenue_net_admin,2025,published,False,False,False,False,not priced by the fuel rate and no activity response,2040.2003651881357,2040.2003651881357,2040.2003651881357,2040.2003651881357,2040.2003651881357,2040.2003651881357,2040.2003651881357,2040.2003651881357
ar1,ruc_revenue_net_admin,2026,published,False,False,False,False,not priced by the fuel rate and no activity response,2139.4339963253387,2139.4339963253387,2139.4339963253387,2139.4339963253387,2139.4339963253387,2139.4339963253387,2139.4339963253387,2139.4339963253387
ar1,ruc_revenue_net_admin,2027,published,True,False,False,True,central moves through a governed identity term,2361.075087985824,2183.343986233349,2183.343986233349,2183.343986233349,2183.343986233349,2183.343986233349,2183.343986233349,2183.343986233349
ar1,ruc_revenue_net_admin,2028,published,True,False,False,True,central moves through a governed identity term,2774.8106730598697,2774.8106730598697,2494.876769458649,2304.615015303129,2304.615015303129,2304.615015303129,2304.615015303129,2401.0166197841445
ar1,ruc_revenue_net_admin,2029,published,True,False,False,True,central moves through a governed identity term,3083.0444990918013,3083.0444990918013,2920.2771897001962,2822.1455230620627,2625.4906087044246,2421.510684589752,2421.510684589752,2691.079769680552
ar1,ruc_revenue_net_admin,2030,published,True,False,False,True,central moves through a governed identity term,3365.0940225744434,3365.0940225744434,3229.2221073520386,3160.9300654776525,3058.4026042582686,2955.6526161754796,2749.77505433763,2955.666918027165
ar1,ruc_revenue_net_admin,2031,published,True,False,False,True,central moves through a governed identity term,3600.0312610818137,3600.0312610818137,3458.3362035913265,3387.28617258965,3316.236141587974,3245.1861105862986,3138.611064083784,3174.1360795846226
ar1,ruc_revenue_net_admin,2032,published,True,False,False,True,central moves through a governed identity term,3840.763142659362,3840.763142659362,3695.424236024458,3622.5748497280015,3549.7254634315445,3476.876077135087,3404.0266908386307,3404.082086208358
ar1,ruc_revenue_net_admin,2033,published,True,False,False,True,central moves through a governed identity term,4092.7011226909485,4092.7011226909485,3943.610342593086,3868.8910172788765,3794.171691964667,3719.4523666504574,3644.7330413362474,3644.8110912947295
ar1,ruc_revenue_net_admin,2034,published,True,False,False,True,central moves through a governed identity term,4363.348013656021,4363.348013656021,4210.1525400499,4133.3666402850995,4056.5807405202977,3979.794840755497,3903.008940990695,3903.070315593034
ar1,ruc_revenue_net_admin,2035,published,True,False,False,True,central moves through a governed identity term,4653.383632224457,4653.383632224457,4495.8747129246985,4416.834504478206,4337.794296031713,4258.754087585221,4179.713879138728,4179.592932244316
ar1,ruc_revenue_net_admin,2036,published,True,False,False,True,central moves through a governed identity term,4963.179021949806,4963.179021949806,4800.926130067082,4719.464130897776,4638.00213172847,4556.540132559164,4475.0781333898585,4474.871382498992
ar1,ruc_revenue_net_admin,2037,published,True,False,False,True,central moves through a governed identity term,5295.478404498043,5295.478404498043,5128.164107746079,5044.083335544293,4960.0025633425075,4875.921791140723,4791.841018938936,4791.473054571331
ar1,ruc_revenue_net_admin,2038,published,True,False,False,True,central moves through a governed identity term,5650.858005970826,5650.858005970826,5478.081952226053,5391.196583770223,5304.311215314397,5217.425846858569,5130.5404784027405,5130.041065481775
ar1,ruc_revenue_net_admin,2039,published,True,False,False,True,central moves through a governed identity term,6039.128911181023,6039.128911181023,5860.3158458187345,5770.310463112062,5680.305080405391,5590.299697698719,5500.2943149920475,5499.609670117246
ar1,ruc_revenue_net_admin,2040,published,True,False,False,True,central moves through a governed identity term,6461.474867239373,6461.474867239373,6276.141463912074,6182.710670222112,6089.2798765321495,5995.849082842187,5902.418289152225,5901.422686050678
ar1,ruc_revenue_net_admin,2041,published,True,False,False,True,central moves through a governed identity term,6911.297929096962,6911.297929096962,6719.094230885259,6622.0527987767555,6525.011366668254,6427.969934559752,6330.928502451247,6329.602499018639
ar1,ruc_revenue_net_admin,2042,published,True,False,False,True,central moves through a governed identity term,7393.480012454485,7393.480012454485,7193.885337091508,7092.996503903296,6992.107670715085,6891.218837526874,6790.3300043386635,6788.722107131131
ar1,ruc_revenue_net_admin,2043,published,True,False,False,True,central moves through a governed identity term,7892.077178362596,7892.077178362596,7684.772069909922,7580.0320360511205,7475.292002192321,7370.551968333521,7265.811934474721,7264.234021907628
ar1,ruc_revenue_net_admin,2044,published,True,False,False,True,central moves through a governed identity term,8388.977595178829,8388.977595178829,8174.53841952142,8066.169287525653,7957.800155529887,7849.431023534121,7741.061891538356,7739.3805367491
ar1,ruc_revenue_net_admin,2045,published,True,False,False,True,central moves through a governed identity term,8900.53017890919,8900.53017890919,8679.076607155035,8567.075017078423,8455.073427001813,8343.071836925203,8231.070246848592,8229.15907799402
ar1,ruc_revenue_net_admin,2046,published,True,False,False,True,central moves through a governed identity term,9448.270677311626,9448.270677311626,9219.342450302227,9103.443259333239,8987.54406836425,8871.64487739526,8755.745686426271,8753.536188427996
ar1,ruc_revenue_net_admin,2047,published,True,False,False,True,central moves through a governed identity term,10011.10213745823,10011.10213745823,9774.653367223658,9654.868385005546,9535.08340278743,9415.298420569314,9295.5134383512,9293.07505114748
ar1,ruc_revenue_net_admin,2048,published,True,False,False,True,central moves through a governed identity term,10605.267965295312,10605.267965295312,10360.700951921059,10236.8535966714,10113.006241421737,9989.15888617208,9865.311530922418,9862.889797427135
ar1,ruc_revenue_net_admin,2049,published,True,False,False,True,central moves through a governed identity term,11187.478807810354,11187.478807810354,10935.517840658382,10807.933872956526,10680.349905254672,10552.765937552816,10425.18196985096,10422.702264936905
ar1,ruc_revenue_net_admin,2050,published,True,False,False,True,central moves through a governed identity term,11736.62205648483,11736.62205648483,11478.116754111705,11347.338407844058,11216.560061576412,11085.781715308764,10955.003369041116,10952.697451043796
ar1,total_admin_fees,2025,published,False,False,False,False,not priced by the fuel rate and no activity response,104.02990896521729,104.02990896521729,104.02990896521729,104.02990896521729,104.02990896521729,104.02990896521729,104.02990896521729,104.02990896521729
ar1,total_admin_fees,2026,published,False,False,False,False,not priced by the fuel rate and no activity response,106.94818500709749,106.94818500709749,106.94818500709749,106.94818500709749,106.94818500709749,106.94818500709749,106.94818500709749,106.94818500709749
ar1,total_admin_fees,2027,published,False,False,False,False,not priced by the fuel rate and no activity response,107.15161324403711,107.15161324403711,107.15161324403711,107.15161324403711,107.15161324403711,107.15161324403711,107.15161324403711,107.15161324403711
ar1,total_admin_fees,2028,published,False,False,False,False,not priced by the fuel rate and no activity response,109.3355069608846,109.3355069608846,109.3355069608846,109.3355069608846,109.3355069608846,109.3355069608846,109.3355069608846,109.3355069608846
ar1,total_admin_fees,2029,published,False,False,False,False,not priced by the fuel rate and no activity response,111.53740471398059,111.53740471398059,111.53740471398059,111.53740471398059,111.53740471398059,111.53740471398059,111.53740471398059,111.53740471398059
ar1,total_admin_fees,2030,published,False,False,False,False,not priced by the fuel rate and no activity response,113.72130211559511,113.72130211559511,113.72130211559511,113.72130211559511,113.72130211559511,113.72130211559511,113.72130211559511,113.72130211559511
ar1,total_admin_fees,2031,published,False,False,False,False,not priced by the fuel rate and no activity response,112.63851900438661,112.63851900438661,112.63851900438661,112.63851900438661,112.63851900438661,112.63851900438661,112.63851900438661,112.63851900438661
ar1,total_admin_fees,2032,published,False,False,False,False,not priced by the fuel rate and no activity response,113.6795219489166,113.6795219489166,113.6795219489166,113.6795219489166,113.6795219489166,113.6795219489166,113.6795219489166,113.6795219489166
ar1,total_admin_fees,2033,published,False,False,False,False,not priced by the fuel rate and no activity response,114.8206504049168,114.8206504049168,114.8206504049168,114.8206504049168,114.8206504049168,114.8206504049168,114.8206504049168,114.8206504049168
ar1,total_admin_fees,2034,published,False,False,False,False,not priced by the fuel rate and no activity response,116.1769267155724,116.1769267155724,116.1769267155724,116.1769267155724,116.1769267155724,116.1769267155724,116.1769267155724,116.1769267155724
ar1,total_admin_fees,2035,published,False,False,False,False,not priced by the fuel rate and no activity response,117.7804389842208,117.7804389842208,117.7804389842208,117.7804389842208,117.7804389842208,117.7804389842208,117.7804389842208,117.7804389842208
ar1,total_admin_fees,2036,published,False,False,False,False,not priced by the fuel rate and no activity response,119.5898232554249,119.5898232554249,119.5898232554249,119.5898232554249,119.5898232554249,119.5898232554249,119.5898232554249,119.5898232554249
ar1,total_admin_fees,2037,published,False,False,False,False,not priced by the fuel rate and no activity response,121.6401572129457,121.6401572129457,121.6401572129457,121.6401572129457,121.6401572129457,121.6401572129457,121.6401572129457,121.6401572129457
ar1,total_admin_fees,2038,published,False,False,False,False,not priced by the fuel rate and no activity response,123.9105351840218,123.9105351840218,123.9105351840218,123.9105351840218,123.9105351840218,123.9105351840218,123.9105351840218,123.9105351840218
ar1,total_admin_fees,2039,published,False,False,False,False,not priced by the fuel rate and no activity response,126.565333101647,126.565333101647,126.565333101647,126.565333101647,126.565333101647,126.565333101647,126.565333101647,126.565333101647
ar1,total_admin_fees,2040,published,False,False,False,False,not priced by the fuel rate and no activity response,129.5419668616133,129.5419668616133,129.5419668616133,129.5419668616133,129.5419668616133,129.5419668616133,129.5419668616133,129.5419668616133
ar1,total_admin_fees,2041,published,False,False,False,False,not priced by the fuel rate and no activity response,132.68414389017602,132.68414389017602,132.68414389017602,132.68414389017602,132.68414389017602,132.68414389017602,132.68414389017602,132.68414389017602
ar1,total_admin_fees,2042,published,False,False,False,False,not priced by the fuel rate and no activity response,135.96948112896598,135.96948112896598,135.96948112896598,135.96948112896598,135.96948112896598,135.96948112896598,135.96948112896598,135.96948112896598
ar1,total_admin_fees,2043,published,False,False,False,False,not priced by the fuel rate and no activity response,139.2226015692376,139.2226015692376,139.2226015692376,139.2226015692376,139.2226015692376,139.2226015692376,139.2226015692376,139.2226015692376
ar1,total_admin_fees,2044,published,False,False,False,False,not priced by the fuel rate and no activity response,142.15793757553791,142.15793757553791,142.15793757553791,142.15793757553791,142.15793757553791,142.15793757553791,142.15793757553791,142.15793757553791
ar1,total_admin_fees,2045,published,False,False,False,False,not priced by the fuel rate and no activity response,144.9085167120616,144.9085167120616,144.9085167120616,144.9085167120616,144.9085167120616,144.9085167120616,144.9085167120616,144.9085167120616
ar1,total_admin_fees,2046,published,False,False,False,False,not priced by the fuel rate and no activity response,147.77436395406733,147.77436395406733,147.77436395406733,147.77436395406733,147.77436395406733,147.77436395406733,147.77436395406733,147.77436395406733
ar1,total_admin_fees,2047,published,False,False,False,False,not priced by the fuel rate and no activity response,150.6102097498246,150.6102097498246,150.6102097498246,150.6102097498246,150.6102097498246,150.6102097498246,150.6102097498246,150.6102097498246
ar1,total_admin_fees,2048,published,False,False,False,False,not priced by the fuel rate and no activity response,153.5874825273612,153.5874825273612,153.5874825273612,153.5874825273612,153.5874825273612,153.5874825273612,153.5874825273612,153.5874825273612
ar1,total_admin_fees,2049,published,False,False,False,False,not priced by the fuel rate and no activity response,156.2599897574404,156.2599897574404,156.2599897574404,156.2599897574404,156.2599897574404,156.2599897574404,156.2599897574404,156.2599897574404
ar1,total_admin_fees,2050,published,False,False,False,False,not priced by the fuel rate and no activity response,158.4461923244504,158.4461923244504,158.4461923244504,158.4461923244504,158.4461923244504,158.4461923244504,158.4461923244504,158.4461923244504
ar1,total_gross_revenue,2025,published,False,False,False,False,not priced by the fuel rate and no activity response,4516.782072173352,4516.782072173352,4516.782072173352,4516.782072173352,4516.782072173352,4516.782072173352,4516.782072173352,4516.782072173352
ar1,total_gross_revenue,2026,published,False,False,False,False,not priced by the fuel rate and no activity response,4837.856195631018,4837.856195631018,4837.856195631018,4837.856195631018,4837.856195631018,4837.856195631018,4837.856195631018,4837.856195631018
ar1,total_gross_revenue,2027,published,True,False,False,True,central moves through a governed identity term,5224.605676052809,4878.98348569195,4878.98348569195,4878.98348569195,4878.98348569195,4878.98348569195,4878.98348569195,4878.98348569195
ar1,total_gross_revenue,2028,published,True,False,False,True,central moves through a governed identity term,5895.122843120531,5895.122843120531,5365.077246652017,5003.586028441957,5003.586028441957,5003.586028441957,5003.586028441957,5187.259189617111
ar1,total_gross_revenue,2029,published,True,False,False,True,central moves through a governed identity term,6343.9658634595235,6343.9658634595235,6042.96187507042,5861.3965461946245,5497.308988055182,5116.578365653332,5116.578365653332,5618.768101686409
ar1,total_gross_revenue,2030,published,True,False,False,True,central moves through a governed identity term,6737.7988953991135,6737.7988953991135,6491.712293116917,6367.979312159037,6182.133888061223,5995.827055891046,5622.27099801144,5995.845073091021
ar1,total_gross_revenue,2031,published,True,False,False,True,central moves through a governed identity term,7065.208315053018,7065.208315053018,6808.987127716608,6680.510357771682,6552.033587826757,6423.556817881833,6230.841662964445,6295.080047936908
ar1,total_gross_revenue,2032,published,True,False,False,True,central moves through a governed identity term,7387.8562513312045,7387.8562513312045,7129.121293099538,6999.433494030259,6869.745694960979,6740.057895891698,6610.370096822418,6610.468712664552
ar1,total_gross_revenue,2033,published,True,False,False,True,central moves through a governed identity term,7711.5896028315565,7711.5896028315565,7450.567791849346,7319.752367876904,7188.936943904462,7058.12151993202,6927.306095959578,6927.442742514762
ar1,total_gross_revenue,2034,published,True,False,False,True,central moves through a governed identity term,8041.861682148539,8041.861682148539,7778.580936860717,7646.61718857367,7514.653440286624,7382.689691999578,7250.72594371253,7250.831421705224
ar1,total_gross_revenue,2035,published,True,False,False,True,central moves through a governed identity term,8374.073321389784,8374.073321389784,8108.933015994776,7975.881852294612,7842.830688594448,7709.779524894284,7576.728361194119,7576.524767031557
ar1,total_gross_revenue,2036,published,True,False,False,True,central moves through a governed identity term,8701.068651275378,8701.068651275378,8434.266033984184,8300.31295409792,8166.359874211656,8032.406794325391,7898.453714439128,7898.113740968268
ar1,total_gross_revenue,2037,published,True,False,False,True,central moves through a governed identity term,9018.206896268513,9018.206896268513,8750.334705608348,8615.720383465394,8481.10606132244,8346.491739179488,8211.877417036532,8211.288301682083
ar1,total_gross_revenue,2038,published,True,False,False,True,central moves through a governed identity term,9319.039615933245,9319.039615933245,9050.677667126094,8915.72420397965,8780.770740833206,8645.817277686761,8510.863814540318,8510.088108521892
ar1,total_gross_revenue,2039,published,True,False,False,True,central moves through a governed identity term,9610.417658044014,9610.417658044014,9342.015670660554,9206.915791103462,9071.815911546371,8936.71603198928,8801.616152432187,8800.588486782162
ar1,total_gross_revenue,2040,published,True,False,False,True,central moves through a governed identity term,9895.416514827777,9895.416514827777,9627.388946968893,9492.270139747608,9357.151332526324,9222.032525305041,9086.913718083757,9085.473885473608
ar1,total_gross_revenue,2041,published,True,False,False,True,central moves through a governed identity term,10173.687367122417,10173.687367122417,9906.262225551136,9771.242353606152,9636.22248166117,9501.202609716189,9366.182737771205,9364.337785468057
ar1,total_gross_revenue,2042,published,True,False,False,True,central moves through a governed identity term,10446.706562190166,10446.706562190166,10179.959223588463,10045.126830396384,9910.294437204306,9775.462044012227,9640.629650820149,9638.480784373314
ar1,total_gross_revenue,2043,published,True,False,False,True,central moves through a governed identity term,10726.869352503718,10726.869352503718,10460.187101033744,10325.447015480651,10190.70692992756,10055.966844374469,9921.226758821378,9919.196894342129
ar1,total_gross_revenue,2044,published,True,False,False,True,central moves through a governed identity term,11020.520176000187,11020.520176000187,10753.69716670675,10618.855303856915,10484.013441007079,10349.171578157244,10214.329715307409,10212.237634216426
ar1,total_gross_revenue,2045,published,True,False,False,True,central moves through a governed identity term,11360.505926955715,11360.505926955715,11092.505041033732,10956.961842848039,10821.418644662348,10685.875446476657,10550.332248290966,10548.019370959097
ar1,total_gross_revenue,2046,published,True,False,False,True,central moves through a governed identity term,11762.459908043822,11762.459908043822,11491.888338786512,11354.906427967604,11217.924517148698,11080.94260632979,10943.960695510883,10941.349277301455
ar1,total_gross_revenue,2047,published,True,False,False,True,central moves through a governed identity term,12189.130021333964,12189.130021333964,11915.44634283418,11776.798150543049,11638.149958251915,11499.50176596078,11360.853573669649,11358.031200016112
ar1,total_gross_revenue,2048,published,True,False,False,True,central moves through a governed identity term,12658.74734269043,12658.74734269043,12380.831757602247,12240.0968738542,12099.361990106145,11958.627106358097,11817.892222610044,11815.140267340266
ar1,total_gross_revenue,2049,published,True,False,False,True,central moves through a governed identity term,13125.07956981134,13125.07956981134,12843.278819510291,12700.58505931734,12557.89129912439,12415.197538931438,12272.503778738486,12269.73040192062
ar1,total_gross_revenue,2050,published,True,False,False,True,central moves through a governed identity term,13566.326209132209,13566.326209132209,13281.115768023734,13136.827238991573,12992.538709959414,12848.250180927249,12703.961651895088,12701.41751882262
ar1,total_nltf_net_revenue,2025,published,False,False,False,False,not priced by the fuel rate and no activity response,4279.259586488135,4279.259586488135,4279.259586488135,4279.259586488135,4279.259586488135,4279.259586488135,4279.259586488135,4279.259586488135
ar1,total_nltf_net_revenue,2026,published,False,False,False,False,not priced by the fuel rate and no activity response,4589.495642256075,4589.495642256075,4589.495642256075,4589.495642256075,4589.495642256075,4589.495642256075,4589.495642256075,4589.495642256075
ar1,total_nltf_net_revenue,2027,published,True,False,False,True,central moves through a governed identity term,4956.78763624057,4611.16544587971,4611.16544587971,4611.16544587971,4611.16544587971,4611.16544587971,4611.16544587971,4611.16544587971
ar1,total_nltf_net_revenue,2028,published,True,False,False,True,central moves through a governed identity term,5600.458445185703,5600.458445185703,5070.412848717188,4708.921630507129,4708.921630507129,4708.921630507129,4708.921630507129,4892.594791682282
ar1,total_nltf_net_revenue,2029,published,True,False,False,True,central moves through a governed identity term,6030.821275378992,6030.821275378992,5729.817286989889,5548.251958114093,5184.164399974651,4803.433777572801,4803.433777572801,5305.623513605877
ar1,total_nltf_net_revenue,2030,published,True,False,False,True,central moves through a governed identity term,6408.4932405407635,6408.4932405407635,6162.406638258568,6038.673657300687,5852.828233202874,5666.521401032696,5292.96534315309,5666.539418232671
ar1,total_nltf_net_revenue,2031,published,True,False,False,True,central moves through a governed identity term,6727.050913569903,6727.050913569903,6470.829726233493,6342.352956288567,6213.876186343641,6085.399416398717,5892.68426148133,5956.922646453792
ar1,total_nltf_net_revenue,2032,published,True,False,False,True,central moves through a governed identity term,7039.398820427879,7039.398820427879,6780.663862196214,6650.976063126934,6521.288264057654,6391.600464988373,6261.912665919093,6262.011281761227
ar1,total_nltf_net_revenue,2033,published,True,False,False,True,central moves through a governed identity term,7353.144773192084,7353.144773192084,7092.122962209873,6961.307538237432,6830.492114264989,6699.676690292547,6568.861266320106,6568.997912875289
ar1,total_nltf_net_revenue,2034,published,True,False,False,True,central moves through a governed identity term,7673.242953772129,7673.242953772129,7409.962208484308,7277.998460197261,7146.034711910213,7014.070963623168,6882.107215336121,6882.212693328815
ar1,total_nltf_net_revenue,2035,published,True,False,False,True,central moves through a governed identity term,7995.1314760742325,7995.1314760742325,7729.9911706792245,7596.940006979062,7463.888843278897,7330.8376795787335,7197.78651587857,7197.582921716006
ar1,total_nltf_net_revenue,2036,published,True,False,False,True,central moves through a governed identity term,8311.674147402464,8311.674147402464,8044.87153011127,7910.918450225006,7776.965370338741,7643.012290452477,7509.0592105662145,7508.7192370953535
ar1,total_nltf_net_revenue,2037,published,True,False,False,True,central moves through a governed identity term,8618.106306992851,8618.106306992851,8350.234116332686,8215.619794189732,8081.005472046778,7946.391149903824,7811.77682776087,7811.187712406422
ar1,total_nltf_net_revenue,2038,published,True,False,False,True,central moves through a governed identity term,8908.14085191051,8908.14085191051,8639.778903103359,8504.825439956914,8369.871976810471,8234.918513664026,8099.965050517583,8099.1893444991565
ar1,total_nltf_net_revenue,2039,published,True,False,False,True,central moves through a governed identity term,9188.05618845774,9188.05618845774,8919.654201074281,8784.554321517187,8649.454441960097,8514.354562403005,8379.254682845913,8378.227017195888
ar1,total_nltf_net_revenue,2040,published,True,False,False,True,central moves through a governed identity term,9460.836516573752,9460.836516573752,9192.808948714868,9057.690141493584,8922.571334272301,8787.452527051017,8652.333719829734,8650.893887219585
ar1,total_nltf_net_revenue,2041,published,True,False,False,True,central moves through a governed identity term,9726.424962706562,9726.424962706562,9458.999821135281,9323.979949190298,9188.960077245316,9053.940205300334,8918.92033335535,8917.075381052202
ar1,total_nltf_net_revenue,2042,published,True,False,False,True,central moves through a governed identity term,9986.73952552592,9986.73952552592,9719.992186924219,9585.159793732138,9450.32740054006,9315.495007347981,9180.662614155905,9178.51374770907
ar1,total_nltf_net_revenue,2043,published,True,False,False,True,central moves through a governed identity term,10254.211757062667,10254.211757062667,9987.529505592693,9852.7894200396,9718.04933448651,9583.30924893342,9448.569163380329,9446.53929890108
ar1,total_nltf_net_revenue,2044,published,True,False,False,True,central moves through a governed identity term,10535.740139207051,10535.740139207051,10268.917129913614,10134.075267063778,9999.233404213943,9864.391541364108,9729.549678514273,9727.457597423288
ar1,total_nltf_net_revenue,2045,published,True,False,False,True,central moves through a governed identity term,10863.555200630728,10863.555200630728,10595.554314708745,10460.011116523052,10324.467918337361,10188.92472015167,10053.38152196598,10051.06864463411
ar1,total_nltf_net_revenue,2046,published,True,False,False,True,central moves through a governed identity term,11252.105200506096,11252.105200506096,10981.533631248785,10844.55172042988,10707.569809610972,10570.587898792064,10433.605987973158,10430.99456976373
ar1,total_nltf_net_revenue,2047,published,True,False,False,True,central moves through a governed identity term,11664.6672814703,11664.6672814703,11390.983602970518,11252.335410679385,11113.687218388251,10975.039026097116,10836.390833805985,10833.568460152448
ar1,total_nltf_net_revenue,2048,published,True,False,False,True,central moves through a governed identity term,12118.725663713534,12118.725663713534,11840.810078625353,11700.075194877301,11559.34031112925,11418.605427381199,11277.870543633147,11275.11858836337
ar1,total_nltf_net_revenue,2049,published,True,False,False,True,central moves through a governed identity term,12569.91455320826,12569.91455320826,12288.11380290721,12145.42004271426,12002.72628252131,11860.03252232836,11717.338762135409,11714.56538531754
ar1,total_nltf_net_revenue,2050,published,True,False,False,True,central moves through a governed identity term,12997.261591337161,12997.261591337161,12712.051150228688,12567.762621196527,12423.474092164364,12279.185563132203,12134.897034100042,12132.352901027574
ar1,total_refunds,2025,published,False,False,False,False,not priced by the fuel rate and no activity response,133.49257672,133.49257672,133.49257672,133.49257672,133.49257672,133.49257672,133.49257672,133.49257672
ar1,total_refunds,2026,published,False,False,False,False,not priced by the fuel rate and no activity response,141.41236836784387,141.41236836784387,141.41236836784387,141.41236836784387,141.41236836784387,141.41236836784387,141.41236836784387,141.41236836784387
ar1,total_refunds,2027,published,False,False,False,False,not priced by the fuel rate and no activity response,160.6664265682024,160.6664265682024,160.6664265682024,160.6664265682024,160.6664265682024,160.6664265682024,160.6664265682024,160.6664265682024
ar1,total_refunds,2028,published,False,False,False,False,not priced by the fuel rate and no activity response,185.32889097394528,185.32889097394528,185.32889097394528,185.32889097394528,185.32889097394528,185.32889097394528,185.32889097394528,185.32889097394528
ar1,total_refunds,2029,published,False,False,False,False,not priced by the fuel rate and no activity response,201.60718336655287,201.60718336655287,201.60718336655287,201.60718336655287,201.60718336655287,201.60718336655287,201.60718336655287,201.60718336655287
ar1,total_refunds,2030,published,False,False,False,False,not priced by the fuel rate and no activity response,215.58435274275493,215.58435274275493,215.58435274275493,215.58435274275493,215.58435274275493,215.58435274275493,215.58435274275493,215.58435274275493
ar1,total_refunds,2031,published,False,False,False,False,not priced by the fuel rate and no activity response,225.51888247872895,225.51888247872895,225.51888247872895,225.51888247872895,225.51888247872895,225.51888247872895,225.51888247872895,225.51888247872895
ar1,total_refunds,2032,published,False,False,False,False,not priced by the fuel rate and no activity response,234.77790895440899,234.77790895440899,234.77790895440899,234.77790895440899,234.77790895440899,234.77790895440899,234.77790895440899,234.77790895440899
ar1,total_refunds,2033,published,False,False,False,False,not priced by the fuel rate and no activity response,243.6241792345567,243.6241792345567,243.6241792345567,243.6241792345567,243.6241792345567,243.6241792345567,243.6241792345567,243.6241792345567
ar1,total_refunds,2034,published,False,False,False,False,not priced by the fuel rate and no activity response,252.44180166083805,252.44180166083805,252.44180166083805,252.44180166083805,252.44180166083805,252.44180166083805,252.44180166083805,252.44180166083805
ar1,total_refunds,2035,published,False,False,False,False,not priced by the fuel rate and no activity response,261.1614063313313,261.1614063313313,261.1614063313313,261.1614063313313,261.1614063313313,261.1614063313313,261.1614063313313,261.1614063313313
ar1,total_refunds,2036,published,False,False,False,False,not priced by the fuel rate and no activity response,269.8046806174898,269.8046806174898,269.8046806174898,269.8046806174898,269.8046806174898,269.8046806174898,269.8046806174898,269.8046806174898
ar1,total_refunds,2037,published,False,False,False,False,not priced by the fuel rate and no activity response,278.46043206271895,278.46043206271895,278.46043206271895,278.46043206271895,278.46043206271895,278.46043206271895,278.46043206271895,278.46043206271895
ar1,total_refunds,2038,published,False,False,False,False,not priced by the fuel rate and no activity response,286.98822883871355,286.98822883871355,286.98822883871355,286.98822883871355,286.98822883871355,286.98822883871355,286.98822883871355,286.98822883871355
ar1,total_refunds,2039,published,False,False,False,False,not priced by the fuel rate and no activity response,295.79613648462544,295.79613648462544,295.79613648462544,295.79613648462544,295.79613648462544,295.79613648462544,295.79613648462544,295.79613648462544
ar1,total_refunds,2040,published,False,False,False,False,not priced by the fuel rate and no activity response,305.03803139241074,305.03803139241074,305.03803139241074,305.03803139241074,305.03803139241074,305.03803139241074,305.03803139241074,305.03803139241074
ar1,total_refunds,2041,published,False,False,False,False,not priced by the fuel rate and no activity response,314.5782605256802,314.5782605256802,314.5782605256802,314.5782605256802,314.5782605256802,314.5782605256802,314.5782605256802,314.5782605256802
ar1,total_refunds,2042,published,False,False,False,False,not priced by the fuel rate and no activity response,323.9975555352787,323.9975555352787,323.9975555352787,323.9975555352787,323.9975555352787,323.9975555352787,323.9975555352787,323.9975555352787
ar1,total_refunds,2043,published,False,False,False,False,not priced by the fuel rate and no activity response,333.4349938718122,333.4349938718122,333.4349938718122,333.4349938718122,333.4349938718122,333.4349938718122,333.4349938718122,333.4349938718122
ar1,total_refunds,2044,published,False,False,False,False,not priced by the fuel rate and no activity response,342.62209921759677,342.62209921759677,342.62209921759677,342.62209921759677,342.62209921759677,342.62209921759677,342.62209921759677,342.62209921759677
ar1,total_refunds,2045,published,False,False,False,False,not priced by the fuel rate and no activity response,352.0422096129251,352.0422096129251,352.0422096129251,352.0422096129251,352.0422096129251,352.0422096129251,352.0422096129251,352.0422096129251
ar1,total_refunds,2046,published,False,False,False,False,not priced by the fuel rate and no activity response,362.58034358365825,362.58034358365825,362.58034358365825,362.58034358365825,362.58034358365825,362.58034358365825,362.58034358365825,362.58034358365825
ar1,total_refunds,2047,published,False,False,False,False,not priced by the fuel rate and no activity response,373.85253011384054,373.85253011384054,373.85253011384054,373.85253011384054,373.85253011384054,373.85253011384054,373.85253011384054,373.85253011384054
ar1,total_refunds,2048,published,False,False,False,False,not priced by the fuel rate and no activity response,386.43419644953616,386.43419644953616,386.43419644953616,386.43419644953616,386.43419644953616,386.43419644953616,386.43419644953616,386.43419644953616
ar1,total_refunds,2049,published,False,False,False,False,not priced by the fuel rate and no activity response,398.90502684563774,398.90502684563774,398.90502684563774,398.90502684563774,398.90502684563774,398.90502684563774,398.90502684563774,398.90502684563774
ar1,total_refunds,2050,published,False,False,False,False,not priced by the fuel rate and no activity response,410.61842547059655,410.61842547059655,410.61842547059655,410.61842547059655,410.61842547059655,410.61842547059655,410.61842547059655,410.61842547059655
ar1,total_revenue_net_admin,2025,published,False,False,False,False,not priced by the fuel rate and no activity response,4412.752163208135,4412.752163208135,4412.752163208135,4412.752163208135,4412.752163208135,4412.752163208135,4412.752163208135,4412.752163208135
ar1,total_revenue_net_admin,2026,published,False,False,False,False,not priced by the fuel rate and no activity response,4730.90801062392,4730.90801062392,4730.90801062392,4730.90801062392,4730.90801062392,4730.90801062392,4730.90801062392,4730.90801062392
ar1,total_revenue_net_admin,2027,published,True,False,False,True,central moves through a governed identity term,5117.454062808772,4771.831872447912,4771.831872447912,4771.831872447912,4771.831872447912,4771.831872447912,4771.831872447912,4771.831872447912
ar1,total_revenue_net_admin,2028,published,True,False,False,True,central moves through a governed identity term,5785.787336159647,5785.787336159647,5255.741739691132,4894.250521481073,4894.250521481073,4894.250521481073,4894.250521481073,5077.923682656226
ar1,total_revenue_net_admin,2029,published,True,False,False,True,central moves through a governed identity term,6232.428458745543,6232.428458745543,5931.42447035644,5749.859141480644,5385.771583341202,5005.040960939352,5005.040960939352,5507.230696972429
ar1,total_revenue_net_admin,2030,published,True,False,False,True,central moves through a governed identity term,6624.077593283519,6624.077593283519,6377.990991001322,6254.2580100434425,6068.412585945628,5882.105753775451,5508.549695895845,5882.123770975426
ar1,total_revenue_net_admin,2031,published,True,False,False,True,central moves through a governed identity term,6952.569796048631,6952.569796048631,6696.348608712221,6567.871838767295,6439.39506882237,6310.918298877446,6118.203143960059,6182.441528932522
ar1,total_revenue_net_admin,2032,published,True,False,False,True,central moves through a governed identity term,7274.176729382288,7274.176729382288,7015.441771150621,6885.753972081342,6756.066173012062,6626.378373942781,6496.690574873502,6496.789190715635
ar1,total_revenue_net_admin,2033,published,True,False,False,True,central moves through a governed identity term,7596.76895242664,7596.76895242664,7335.747141444429,7204.931717471987,7074.1162934995455,6943.300869527104,6812.485445554661,6812.622092109846
ar1,total_revenue_net_admin,2034,published,True,False,False,True,central moves through a governed identity term,7925.684755432967,7925.684755432967,7662.404010145145,7530.440261858098,7398.476513571051,7266.512765284006,7134.549016996958,7134.6544949896515
ar1,total_revenue_net_admin,2035,published,True,False,False,True,central moves through a governed identity term,8256.292882405563,8256.292882405563,7991.152577010555,7858.101413310392,7725.050249610227,7591.9990859100635,7458.947922209899,7458.744328047336
ar1,total_revenue_net_admin,2036,published,True,False,False,True,central moves through a governed identity term,8581.478828019954,8581.478828019954,8314.67621072876,8180.723130842496,8046.770050956231,7912.816971069967,7778.863891183703,7778.523917712843
ar1,total_revenue_net_admin,2037,published,True,False,False,True,central moves through a governed identity term,8896.566739055568,8896.566739055568,8628.694548395402,8494.080226252448,8359.465904109495,8224.851581966543,8090.237259823587,8089.648144469138
ar1,total_revenue_net_admin,2038,published,True,False,False,True,central moves through a governed identity term,9195.129080749222,9195.129080749222,8926.767131942072,8791.813668795627,8656.860205649184,8521.906742502739,8386.953279356296,8386.177573337869
ar1,total_revenue_net_admin,2039,published,True,False,False,True,central moves through a governed identity term,9483.852324942367,9483.852324942367,9215.450337558907,9080.350458001814,8945.250578444724,8810.150698887632,8675.05081933054,8674.023153680515
ar1,total_revenue_net_admin,2040,published,True,False,False,True,central moves through a governed identity term,9765.874547966163,9765.874547966163,9497.846980107279,9362.728172885994,9227.60936566471,9092.490558443427,8957.371751222143,8955.931918611994
ar1,total_revenue_net_admin,2041,published,True,False,False,True,central moves through a governed identity term,10041.003223232241,10041.003223232241,9773.57808166096,9638.558209715977,9503.538337770995,9368.518465826013,9233.49859388103,9231.653641577881
ar1,total_revenue_net_admin,2042,published,True,False,False,True,central moves through a governed identity term,10310.7370810612,10310.7370810612,10043.989742459496,9909.157349267418,9774.32495607534,9639.49256288326,9504.660169691182,9502.511303244348
ar1,total_revenue_net_admin,2043,published,True,False,False,True,central moves through a governed identity term,10587.64675093448,10587.64675093448,10320.964499464506,10186.224413911414,10051.484328358323,9916.74424280523,9782.00415725214,9779.974292772891
ar1,total_revenue_net_admin,2044,published,True,False,False,True,central moves through a governed identity term,10878.36223842465,10878.36223842465,10611.539229131213,10476.697366281378,10341.855503431541,10207.013640581707,10072.171777731872,10070.079696640889
ar1,total_revenue_net_admin,2045,published,True,False,False,True,central moves through a governed identity term,11215.597410243654,11215.597410243654,10947.59652432167,10812.053326135978,10676.510127950287,10540.966929764596,10405.423731578905,10403.110854247036
ar1,total_revenue_net_admin,2046,published,True,False,False,True,central moves through a governed identity term,11614.685544089754,11614.685544089754,11344.113974832444,11207.132064013536,11070.15015319463,10933.168242375723,10796.186331556815,10793.574913347387
ar1,total_revenue_net_admin,2047,published,True,False,False,True,central moves through a governed identity term,12038.51981158414,12038.51981158414,11764.836133084356,11626.187940793225,11487.539748502091,11348.891556210956,11210.243363919824,11207.420990266288
ar1,total_revenue_net_admin,2048,published,True,False,False,True,central moves through a governed identity term,12505.15986016307,12505.15986016307,12227.244275074887,12086.50939132684,11945.774507578784,11805.039623830737,11664.304740082684,11661.552784812906
ar1,total_revenue_net_admin,2049,published,True,False,False,True,central moves through a governed identity term,12968.8195800539,12968.8195800539,12687.018829752851,12544.3250695599,12401.63130936695,12258.937549173997,12116.243788981046,12113.47041216318
ar1,total_revenue_net_admin,2050,published,True,False,False,True,central moves through a governed identity term,13407.880016807758,13407.880016807758,13122.669575699283,12978.381046667122,12834.092517634963,12689.803988602798,12545.515459570637,12542.97132649817
ar1,total_ruc_net_revenue,2025,published,False,False,False,False,not priced by the fuel rate and no activity response,1977.6441383981355,1977.6441383981355,1977.6441383981355,1977.6441383981355,1977.6441383981355,1977.6441383981355,1977.6441383981355,1977.6441383981355
ar1,total_ruc_net_revenue,2026,published,False,False,False,False,not priced by the fuel rate and no activity response,2072.019805657217,2072.019805657217,2072.019805657217,2072.019805657217,2072.019805657217,2072.019805657217,2072.019805657217,2072.019805657217
ar1,total_ruc_net_revenue,2027,published,True,False,False,True,central moves through a governed identity term,2282.956332356425,2105.2252306039495,2105.2252306039495,2105.2252306039495,2105.2252306039495,2105.2252306039495,2105.2252306039495,2105.2252306039495
ar1,total_ruc_net_revenue,2028,published,True,False,False,True,central moves through a governed identity term,2682.88830836724,2682.88830836724,2402.9544047660193,2212.692650610499,2212.692650610499,2212.692650610499,2212.692650610499,2309.0942550915142
ar1,total_ruc_net_revenue,2029,published,True,False,False,True,central moves through a governed identity term,2981.055182150856,2981.055182150856,2818.2878727592515,2720.1562061211175,2523.5012917634795,2319.5213676488074,2319.5213676488074,2589.090452739607
ar1,total_ruc_net_revenue,2030,published,True,False,False,True,central moves through a governed identity term,3253.9373715651354,3253.9373715651354,3118.0654563427306,3049.7734144683445,2947.2459532489606,2844.4959651661716,2638.618403328322,2844.510267017857
ar1,total_ruc_net_revenue,2031,published,True,False,False,True,central moves through a governed identity term,3481.89911494128,3481.89911494128,3340.204057450793,3269.1540264491164,3198.1039954474404,3127.0539644457644,3020.4789179432505,3056.0039334440885
ar1,total_ruc_net_revenue,2032,published,True,False,False,True,central moves through a governed identity term,3715.833027796847,3715.833027796847,3570.494121161943,3497.6447348654865,3424.7953485690296,3351.945962272572,3279.0965759761157,3279.151971345843
ar1,total_ruc_net_revenue,2033,published,True,False,False,True,central moves through a governed identity term,3960.6730030263257,3960.6730030263257,3811.582222928463,3736.8628976142536,3662.1435723000436,3587.424246985834,3512.7049216716246,3512.7829716301067
ar1,total_ruc_net_revenue,2034,published,True,False,False,True,central moves through a governed identity term,4223.769591937775,4223.769591937775,4070.574118331655,3993.7882185668536,3917.002318802052,3840.2164190372505,3763.430519272449,3763.4918938747883
ar1,total_ruc_net_revenue,2035,published,True,False,False,True,central moves through a governed identity term,4505.668866358201,4505.668866358201,4348.159947058442,4269.11973861195,4190.079530165457,4111.039321718965,4031.9991132724726,4031.8781663780605
ar1,total_ruc_net_revenue,2036,published,True,False,False,True,central moves through a governed identity term,4806.564388523192,4806.564388523192,4644.311496640468,4562.849497471162,4481.387498301856,4399.92549913255,4318.463499963244,4318.256749072378
ar1,total_ruc_net_revenue,2037,published,True,False,False,True,central moves through a governed identity term,5129.088825923741,5129.088825923741,4961.7745291717765,4877.69375696999,4793.612984768205,4709.53221256642,4625.4514403646335,4625.0834759970285
ar1,total_ruc_net_revenue,2038,published,True,False,False,True,central moves through a governed identity term,5473.826153971742,5473.826153971742,5301.050100226968,5214.1647317711395,5127.279363315312,5040.393994859484,4953.508626403656,4953.009213482691
ar1,total_ruc_net_revenue,2039,published,True,False,False,True,central moves through a governed identity term,5850.232240475073,5850.232240475073,5671.419175112785,5581.413792406112,5491.408409699441,5401.403026992769,5311.397644286098,5310.712999411297
ar1,total_ruc_net_revenue,2040,published,True,False,False,True,central moves through a governed identity term,6259.456162699124,6259.456162699124,6074.122759371825,5980.691965681863,5887.2611719919005,5793.830378301938,5700.399584611976,5699.403981510429
ar1,total_ruc_net_revenue,2041,published,True,False,False,True,central moves through a governed identity term,6695.144146666681,6695.144146666681,6502.940448454979,6405.899016346475,6308.857584237972,6211.8161521294705,6114.774720020967,6113.448716588358
ar1,total_ruc_net_revenue,2042,published,True,False,False,True,central moves through a governed identity term,7162.134831347798,7162.134831347798,6962.540155984821,6861.651322796609,6760.762489608398,6659.873656420187,6558.984823231976,6557.376926024444
ar1,total_ruc_net_revenue,2043,published,True,False,False,True,central moves through a governed identity term,7645.1043928337795,7645.1043928337795,7437.799284381105,7333.059250522305,7228.319216663504,7123.579182804705,7018.8391489459045,7017.261236378812
ar1,total_ruc_net_revenue,2044,published,True,False,False,True,central moves through a governed identity term,8126.686240932254,8126.686240932254,7912.247065274845,7803.877933279079,7695.508801283313,7587.139669287547,7478.770537291782,7477.0891825025265
ar1,total_ruc_net_revenue,2045,published,True,False,False,True,central moves through a governed identity term,8622.916846580889,8622.916846580889,8401.463274826734,8289.461684750122,8177.460094673512,8065.458504596902,7953.45691452029,7951.545745665719
ar1,total_ruc_net_revenue,2046,published,True,False,False,True,central moves through a governed identity term,9154.556721913215,9154.556721913215,8925.628494903816,8809.729303934828,8693.83011296584,8577.930921996849,8462.03173102786,8459.822233029585
ar1,total_ruc_net_revenue,2047,published,True,False,False,True,central moves through a governed identity term,9700.899785252288,9700.899785252288,9464.451015017718,9344.666032799603,9224.881050581487,9105.096068363371,8985.311086145257,8982.872698941537
ar1,total_ruc_net_revenue,2048,published,True,False,False,True,central moves through a governed identity term,10277.688956859767,10277.688956859767,10033.121943485516,9909.274588235856,9785.427232986194,9661.579877736534,9537.732522486873,9535.31078899159
ar1,total_ruc_net_revenue,2049,published,True,False,False,True,central moves through a governed identity term,10842.96129401836,10842.96129401836,10591.000326866386,10463.416359164532,10335.832391462676,10208.248423760822,10080.664456058967,10078.184751144909
ar1,total_ruc_net_revenue,2050,published,True,False,False,True,central moves through a governed identity term,11376.234075278322,11376.234075278322,11117.728772905199,10986.950426637552,10856.172080369905,10725.393734102257,10594.61538783461,10592.30946983729
ar1,tuc_gtk,2025,published,False,False,False,False,not priced by the fuel rate and no activity response,8016352797.0,8016352797.0,8016352797.0,8016352797.0,8016352797.0,8016352797.0,8016352797.0,8016352797.0
ar1,tuc_gtk,2026,published,False,False,False,False,not priced by the fuel rate and no activity response,8224343155.99,8224343155.99,8224343155.99,8224343155.99,8224343155.99,8224343155.99,8224343155.99,8224343155.99
ar1,tuc_gtk,2027,published,False,False,False,False,not priced by the fuel rate and no activity response,8179315222.66,8179315222.66,8179315222.66,8179315222.66,8179315222.66,8179315222.66,8179315222.66,8179315222.66
ar1,tuc_gtk,2028,published,False,False,False,False,not priced by the fuel rate and no activity response,8179315222.66,8179315222.66,8179315222.66,8179315222.66,8179315222.66,8179315222.66,8179315222.66,8179315222.66
ar1,tuc_gtk,2029,published,False,False,False,False,not priced by the fuel rate and no activity response,8179315222.66,8179315222.66,8179315222.66,8179315222.66,8179315222.66,8179315222.66,8179315222.66,8179315222.66
ar1,tuc_gtk,2030,published,False,False,False,False,not priced by the fuel rate and no activity response,8179315222.66,8179315222.66,8179315222.66,8179315222.66,8179315222.66,8179315222.66,8179315222.66,8179315222.66
ar1,tuc_gtk,2031,published,False,False,False,False,not priced by the fuel rate and no activity response,8179315222.66,8179315222.66,8179315222.66,8179315222.66,8179315222.66,8179315222.66,8179315222.66,8179315222.66
ar1,tuc_gtk,2032,published,False,False,False,False,not priced by the fuel rate and no activity response,8179315222.66,8179315222.66,8179315222.66,8179315222.66,8179315222.66,8179315222.66,8179315222.66,8179315222.66
ar1,tuc_gtk,2033,published,False,False,False,False,not priced by the fuel rate and no activity response,8179315222.66,8179315222.66,8179315222.66,8179315222.66,8179315222.66,8179315222.66,8179315222.66,8179315222.66
ar1,tuc_gtk,2034,published,False,False,False,False,not priced by the fuel rate and no activity response,8179315222.66,8179315222.66,8179315222.66,8179315222.66,8179315222.66,8179315222.66,8179315222.66,8179315222.66
ar1,tuc_gtk,2035,published,False,False,False,False,not priced by the fuel rate and no activity response,8179315222.66,8179315222.66,8179315222.66,8179315222.66,8179315222.66,8179315222.66,8179315222.66,8179315222.66
ar1,tuc_gtk,2036,published,False,False,False,False,not priced by the fuel rate and no activity response,8179315222.66,8179315222.66,8179315222.66,8179315222.66,8179315222.66,8179315222.66,8179315222.66,8179315222.66
ar1,tuc_gtk,2037,published,False,False,False,False,not priced by the fuel rate and no activity response,8179315222.66,8179315222.66,8179315222.66,8179315222.66,8179315222.66,8179315222.66,8179315222.66,8179315222.66
ar1,tuc_gtk,2038,published,False,False,False,False,not priced by the fuel rate and no activity response,8179315222.66,8179315222.66,8179315222.66,8179315222.66,8179315222.66,8179315222.66,8179315222.66,8179315222.66
ar1,tuc_gtk,2039,published,False,False,False,False,not priced by the fuel rate and no activity response,8179315222.66,8179315222.66,8179315222.66,8179315222.66,8179315222.66,8179315222.66,8179315222.66,8179315222.66
ar1,tuc_gtk,2040,published,False,False,False,False,not priced by the fuel rate and no activity response,8179315222.66,8179315222.66,8179315222.66,8179315222.66,8179315222.66,8179315222.66,8179315222.66,8179315222.66
ar1,tuc_gtk,2041,published,False,False,False,False,not priced by the fuel rate and no activity response,8179315222.66,8179315222.66,8179315222.66,8179315222.66,8179315222.66,8179315222.66,8179315222.66,8179315222.66
ar1,tuc_gtk,2042,published,False,False,False,False,not priced by the fuel rate and no activity response,8179315222.66,8179315222.66,8179315222.66,8179315222.66,8179315222.66,8179315222.66,8179315222.66,8179315222.66
ar1,tuc_gtk,2043,published,False,False,False,False,not priced by the fuel rate and no activity response,8179315222.66,8179315222.66,8179315222.66,8179315222.66,8179315222.66,8179315222.66,8179315222.66,8179315222.66
ar1,tuc_gtk,2044,published,False,False,False,False,not priced by the fuel rate and no activity response,8179315222.66,8179315222.66,8179315222.66,8179315222.66,8179315222.66,8179315222.66,8179315222.66,8179315222.66
ar1,tuc_gtk,2045,published,False,False,False,False,not priced by the fuel rate and no activity response,8179315222.66,8179315222.66,8179315222.66,8179315222.66,8179315222.66,8179315222.66,8179315222.66,8179315222.66
ar1,tuc_gtk,2046,published,False,False,False,False,not priced by the fuel rate and no activity response,8179315222.66,8179315222.66,8179315222.66,8179315222.66,8179315222.66,8179315222.66,8179315222.66,8179315222.66
ar1,tuc_gtk,2047,published,False,False,False,False,not priced by the fuel rate and no activity response,8179315222.66,8179315222.66,8179315222.66,8179315222.66,8179315222.66,8179315222.66,8179315222.66,8179315222.66
ar1,tuc_gtk,2048,published,False,False,False,False,not priced by the fuel rate and no activity response,8179315222.66,8179315222.66,8179315222.66,8179315222.66,8179315222.66,8179315222.66,8179315222.66,8179315222.66
ar1,tuc_gtk,2049,published,False,False,False,False,not priced by the fuel rate and no activity response,8179315222.66,8179315222.66,8179315222.66,8179315222.66,8179315222.66,8179315222.66,8179315222.66,8179315222.66
ar1,tuc_gtk,2050,published,False,False,False,False,not priced by the fuel rate and no activity response,8179315222.66,8179315222.66,8179315222.66,8179315222.66,8179315222.66,8179315222.66,8179315222.66,8179315222.66
ar1,tuc_net_revenue,2025,published,False,False,False,False,not priced by the fuel rate and no activity response,17.09481038,17.09481038,17.09481038,17.09481038,17.09481038,17.09481038,17.09481038,17.09481038
ar1,tuc_net_revenue,2026,published,False,False,False,False,not priced by the fuel rate and no activity response,17.4060774864124,17.4060774864124,17.4060774864124,17.4060774864124,17.4060774864124,17.4060774864124,17.4060774864124,17.4060774864124
ar1,tuc_net_revenue,2027,published,False,False,False,False,not priced by the fuel rate and no activity response,17.5578996928248,17.5578996928248,17.5578996928248,17.5578996928248,17.5578996928248,17.5578996928248,17.5578996928248,17.5578996928248
ar1,tuc_net_revenue,2028,published,False,False,False,False,not priced by the fuel rate and no activity response,17.5578996928248,17.5578996928248,17.5578996928248,17.5578996928248,17.5578996928248,17.5578996928248,17.5578996928248,17.5578996928248
ar1,tuc_net_revenue,2029,published,False,False,False,False,not priced by the fuel rate and no activity response,17.5578996928248,17.5578996928248,17.5578996928248,17.5578996928248,17.5578996928248,17.5578996928248,17.5578996928248,17.5578996928248
ar1,tuc_net_revenue,2030,published,False,False,False,False,not priced by the fuel rate and no activity response,17.5578996928248,17.5578996928248,17.5578996928248,17.5578996928248,17.5578996928248,17.5578996928248,17.5578996928248,17.5578996928248
ar1,tuc_net_revenue,2031,published,False,False,False,False,not priced by the fuel rate and no activity response,17.5578996928248,17.5578996928248,17.5578996928248,17.5578996928248,17.5578996928248,17.5578996928248,17.5578996928248,17.5578996928248
ar1,tuc_net_revenue,2032,published,False,False,False,False,not priced by the fuel rate and no activity response,17.5578996928248,17.5578996928248,17.5578996928248,17.5578996928248,17.5578996928248,17.5578996928248,17.5578996928248,17.5578996928248
ar1,tuc_net_revenue,2033,published,False,False,False,False,not priced by the fuel rate and no activity response,17.5578996928248,17.5578996928248,17.5578996928248,17.5578996928248,17.5578996928248,17.5578996928248,17.5578996928248,17.5578996928248
ar1,tuc_net_revenue,2034,published,False,False,False,False,not priced by the fuel rate and no activity response,17.5578996928248,17.5578996928248,17.5578996928248,17.5578996928248,17.5578996928248,17.5578996928248,17.5578996928248,17.5578996928248
ar1,tuc_net_revenue,2035,published,False,False,False,False,not priced by the fuel rate and no activity response,17.5578996928248,17.5578996928248,17.5578996928248,17.5578996928248,17.5578996928248,17.5578996928248,17.5578996928248,17.5578996928248
ar1,tuc_net_revenue,2036,published,False,False,False,False,not priced by the fuel rate and no activity response,17.5578996928248,17.5578996928248,17.5578996928248,17.5578996928248,17.5578996928248,17.5578996928248,17.5578996928248,17.5578996928248
ar1,tuc_net_revenue,2037,published,False,False,False,False,not priced by the fuel rate and no activity response,17.5578996928248,17.5578996928248,17.5578996928248,17.5578996928248,17.5578996928248,17.5578996928248,17.5578996928248,17.5578996928248
ar1,tuc_net_revenue,2038,published,False,False,False,False,not priced by the fuel rate and no activity response,17.5578996928248,17.5578996928248,17.5578996928248,17.5578996928248,17.5578996928248,17.5578996928248,17.5578996928248,17.5578996928248
ar1,tuc_net_revenue,2039,published,False,False,False,False,not priced by the fuel rate and no activity response,17.5578996928248,17.5578996928248,17.5578996928248,17.5578996928248,17.5578996928248,17.5578996928248,17.5578996928248,17.5578996928248
ar1,tuc_net_revenue,2040,published,False,False,False,False,not priced by the fuel rate and no activity response,17.5578996928248,17.5578996928248,17.5578996928248,17.5578996928248,17.5578996928248,17.5578996928248,17.5578996928248,17.5578996928248
ar1,tuc_net_revenue,2041,published,False,False,False,False,not priced by the fuel rate and no activity response,17.5578996928248,17.5578996928248,17.5578996928248,17.5578996928248,17.5578996928248,17.5578996928248,17.5578996928248,17.5578996928248
ar1,tuc_net_revenue,2042,published,False,False,False,False,not priced by the fuel rate and no activity response,17.5578996928248,17.5578996928248,17.5578996928248,17.5578996928248,17.5578996928248,17.5578996928248,17.5578996928248,17.5578996928248
ar1,tuc_net_revenue,2043,published,False,False,False,False,not priced by the fuel rate and no activity response,17.5578996928248,17.5578996928248,17.5578996928248,17.5578996928248,17.5578996928248,17.5578996928248,17.5578996928248,17.5578996928248
ar1,tuc_net_revenue,2044,published,False,False,False,False,not priced by the fuel rate and no activity response,17.5578996928248,17.5578996928248,17.5578996928248,17.5578996928248,17.5578996928248,17.5578996928248,17.5578996928248,17.5578996928248
ar1,tuc_net_revenue,2045,published,False,False,False,False,not priced by the fuel rate and no activity response,17.5578996928248,17.5578996928248,17.5578996928248,17.5578996928248,17.5578996928248,17.5578996928248,17.5578996928248,17.5578996928248
ar1,tuc_net_revenue,2046,published,False,False,False,False,not priced by the fuel rate and no activity response,17.5578996928248,17.5578996928248,17.5578996928248,17.5578996928248,17.5578996928248,17.5578996928248,17.5578996928248,17.5578996928248
ar1,tuc_net_revenue,2047,published,False,False,False,False,not priced by the fuel rate and no activity response,17.5578996928248,17.5578996928248,17.5578996928248,17.5578996928248,17.5578996928248,17.5578996928248,17.5578996928248,17.5578996928248
ar1,tuc_net_revenue,2048,published,False,False,False,False,not priced by the fuel rate and no activity response,17.5578996928248,17.5578996928248,17.5578996928248,17.5578996928248,17.5578996928248,17.5578996928248,17.5578996928248,17.5578996928248
ar1,tuc_net_revenue,2049,published,False,False,False,False,not priced by the fuel rate and no activity response,17.5578996928248,17.5578996928248,17.5578996928248,17.5578996928248,17.5578996928248,17.5578996928248,17.5578996928248,17.5578996928248
ar1,tuc_net_revenue,2050,published,False,False,False,False,not priced by the fuel rate and no activity response,17.5578996928248,17.5578996928248,17.5578996928248,17.5578996928248,17.5578996928248,17.5578996928248,17.5578996928248,17.5578996928248
