stream,model,h1_4_n,h1_4_mape,h1_4_bias,h5_8_n,h5_8_mape,h5_8_bias,h9_12_n,h9_12_mape,h9_12_bias,recent_2024_plus_n,recent_2024_plus_mape,recent_2024_plus_bias,stress_2022_23_n,stress_2022_23_mape,stress_2022_23_bias,annual_n,annual_mape,annual_bias
LIGHT_RUC,LIGHT_RUC__top10_median,166,7.614865980632462,-0.26463124450418485,150,9.480847942186776,2.460212883692172,134,10.56358995758314,4.858080963187464,108,7.210418522618239,-0.4886085364000126,96,18.997876641141374,6.841718768848137,78,6.024362129483837,1.8327378814105504
HEAVY_RUC,HEAVY_RUC__schiff_no_lead__SCHIFF_OLS__noylag__w40,166,5.890688800289067,4.6625282640284285,150,11.718581690856514,11.087737065154654,134,18.18610248752992,17.82606001151069,108,12.604933361440803,12.58061176891894,96,29.961840823164604,29.92950127435482,78,11.717803544852803,11.179954968160462
PED,PED__schiff__SCHIFF_OLS__noylag__w40,222,2.1997117738385388,0.181358960334442,206,3.444280793304191,0.5771188358441768,190,4.604404758659799,0.7995957840519612,108,2.76853842925685,-1.6939195602419233,96,3.2293676107681684,-0.567588591906433,109,3.329358273539804,0.6027545202335328
LIGHT_RUC,LIGHT_RUC__solver_static_convex_top18,166,7.735818760353388,-0.9564294154174939,150,9.486599810802037,0.9902208439687717,134,10.525989642599178,2.5666781572892856,108,6.253350126815425,-0.8612496189007014,96,18.785206368204133,6.226466866488708,78,5.999498868354417,0.3452396251702
LIGHT_RUC,LIGHT_RUC__schiff__SCHIFF_OLS__noylag__w40,166,12.12101896637336,1.7870129191691075,150,16.169098277076532,5.909400190870857,134,17.79058462347042,9.099443031000614,108,24.021319434174615,23.77091657841392,96,20.915660081470275,3.213419401276764,78,13.767670365851439,3.9604650492059488
HEAVY_RUC,HEAVY_RUC__solver_static_convex_top18,166,2.9449673529882188,-0.12752155756772462,150,3.6270326218291045,-0.12334543708788337,134,4.254251250779513,0.8562247814085748,108,2.162247360407197,-0.08908198621038649,96,2.9539797904801426,1.1608091003208671,78,3.171406050511395,0.07901808542890115
PED,PED__solver_static_convex_top18,222,1.5561657815766774,0.6393676274642512,206,2.5127844392582763,1.5377330377711547,190,3.5062463282364495,2.4837147572241736,108,0.9552981318919925,-0.139783464885737,96,2.1485546290124224,0.8496633019793349,109,2.3870893939736244,1.6112744155871186
