FY,period,source_path,scenario_name,scenario_role,lambda_mode,lambda_value,lambda_raw_unconstrained,lambda_lower_bound,lambda_upper_bound,lambda_binding_constraints,lambda_smoothness_penalty,current_P_t_light_petrol_km,current_L_t_total_light_ruc_km,current_U_t_light_mobility_km,mbu_light_petrol_vkt,mbu_conventional_light_km,mbu_light_bev_km,mbu_phev_km,mbu_total_light_mobility_km,p_PED,p_Lconv,p_BEV,p_PHEV,p_EV,target_PED_light_petrol_km,target_conventional_light_km,target_BEV_km,target_PHEV_km,target_EV_total_km,smoothed_target_PED_light_petrol_km,smoothed_target_conventional_light_km,smoothed_target_BEV_km,smoothed_target_PHEV_km,smoothed_target_EV_total_km,current_PED_light_petrol_km,current_conventional_light_km,current_BEV_km,current_PHEV_km,component_sum_km,component_sum_residual_km,current_PED_prop,current_Lconv_prop,current_BEV_prop,current_PHEV_prop,ped_prop_residual,lconv_prop_residual,bev_prop_residual,phev_prop_residual,weighted_sse,ped_litres_per_100km,ped_rate,conventional_light_rate,light_bev_rate,phev_rate,current_PED_volume,current_PED_revenue,current_light_ruc_net_revenue,current_light_bev_ruc_net_revenue,current_phev_ruc_net_revenue,old_light_only_PED_revenue,old_light_only_light_ruc_net_revenue,old_light_only_light_bev_ruc_net_revenue,old_light_only_phev_ruc_net_revenue,current_migration_revenue_total,old_light_only_migration_revenue_total,migration_revenue_delta,source_file,source_cells,source_formula,availability_status,assumption_status,extrapolated_model_extension,notes
2025,FY2025,Current finalist Base case,current_basecase,basecase,optimized,0.22551816679773581,0.28409078139720934,0.0,1.0,,25.0,31683.346112409774,12273.983872,43957.32998440978,31705.2291616288,12273.983872,820.641429,435.117435,45234.9718976288,0.7009008258782797,0.27133837730190785,0.01814174729360267,0.009619049526209802,0.027760796819812472,30809.728889476883,11927.310588494247,797.4627722786656,422.8277341599848,1220.2905064386505,30738.25328394385,11998.786194027276,797.4627722786656,422.8277341599848,1220.2905064386505,30738.25328394385,11998.786194027276,797.4627722786656,422.8277341599848,43957.32998440978,0.0,0.6992748034251784,0.272964399755009,0.01814174729360267,0.009619049526209802,-0.0016260224531012835,0.0016260224531011724,0.0,0.0,5.28789803597867e-06,9.128695498386273,0.7002400000000009,0.0677020975327375,0.06751091764638999,0.034720659123048926,2806.001543813953,1964.874521040285,812.3429931824987,53.837443545366845,14.680857625539982,2025.28747949686,830.9744532173911,53.837443545366845,14.680857625539982,2845.7358153936902,2924.780233885158,-79.0444184914677,forecast_scenario_comparison.parquet; mbu26_official_annual.csv,data/current_revenue_outlook/revenue_chart_rows.csv:historical_actual:2024Q3; data/current_revenue_outlook/revenue_chart_rows.csv:historical_actual:2024Q4; data/current_revenue_outlook/revenue_chart_rows.csv:historical_actual:2025Q1; data/current_revenue_outlook/revenue_chart_rows.csv:historical_actual:2025Q2; data/current_revenue_outlook/revenue_chart_rows.csv:historical_actual:2024Q3; data/current_revenue_outlook/revenue_chart_rows.csv:historical_actual:2024Q4; data/current_revenue_outlook/revenue_chart_rows.csv:historical_actual:2025Q1; data/current_revenue_outlook/revenue_chart_rows.csv:historical_actual:2025Q2; AA16; AA10; AA12; AA14; scenario_inputs/scenario_input_wide.parquet:PED:population (none); mbu26_official_annual.csv:population_proxy (2024Q3; 2024Q4; 2025Q1; 2025Q2),U_t=current PED-derived light petrol activity + current finalist total Light RUC; target components=U_t*MBU26 light-mobility proportions; lambda allocates EV/PHEV migration between PED and Light RUC. PED light-petrol activity uses population_source=scenario_input_population_with_mbu_population_proxy_for_missing_quarters.,available,available,False,EV/PHEV uptake is allocated between PED/light-petrol and total Light RUC to match MBU proportions; it is not a new model.
2025,FY2025,Current finalist Base case,current_basecase,basecase,fixed_light_only,1.0,0.28409078139720934,0.0,1.0,lambda_upper_bound,25.0,31683.346112409774,12273.983872,43957.32998440978,31705.2291616288,12273.983872,820.641429,435.117435,45234.9718976288,0.7009008258782797,0.27133837730190785,0.01814174729360267,0.009619049526209802,0.027760796819812472,30809.728889476883,11927.310588494247,797.4627722786656,422.8277341599848,1220.2905064386505,31683.346112409774,11053.69336556135,797.4627722786656,422.8277341599848,1220.2905064386505,31683.346112409774,11053.69336556135,797.4627722786656,422.8277341599848,43957.32998440977,7.275957614183426e-12,0.7207750362373424,0.25146416694284507,0.01814174729360267,0.009619049526209802,0.019874210359062672,-0.019874210359062783,0.0,0.0,0.0007899684747925524,9.128695498386273,0.7002400000000009,0.0677020975327375,0.06751091764638999,0.034720659123048926,2892.276190301693,2025.28747949686,748.3582263322079,53.837443545366845,14.680857625539982,2025.28747949686,830.9744532173911,53.837443545366845,14.680857625539982,2842.164006999975,2924.780233885158,-82.6162268851831,forecast_scenario_comparison.parquet; mbu26_official_annual.csv,data/current_revenue_outlook/revenue_chart_rows.csv:historical_actual:2024Q3; data/current_revenue_outlook/revenue_chart_rows.csv:historical_actual:2024Q4; data/current_revenue_outlook/revenue_chart_rows.csv:historical_actual:2025Q1; data/current_revenue_outlook/revenue_chart_rows.csv:historical_actual:2025Q2; data/current_revenue_outlook/revenue_chart_rows.csv:historical_actual:2024Q3; data/current_revenue_outlook/revenue_chart_rows.csv:historical_actual:2024Q4; data/current_revenue_outlook/revenue_chart_rows.csv:historical_actual:2025Q1; data/current_revenue_outlook/revenue_chart_rows.csv:historical_actual:2025Q2; AA16; AA10; AA12; AA14; scenario_inputs/scenario_input_wide.parquet:PED:population (none); mbu26_official_annual.csv:population_proxy (2024Q3; 2024Q4; 2025Q1; 2025Q2),U_t=current PED-derived light petrol activity + current finalist total Light RUC; target components=U_t*MBU26 light-mobility proportions; lambda allocates EV/PHEV migration between PED and Light RUC. PED light-petrol activity uses population_source=scenario_input_population_with_mbu_population_proxy_for_missing_quarters.,available,available,False,EV/PHEV uptake is allocated between PED/light-petrol and total Light RUC to match MBU proportions; it is not a new model.
2025,FY2025,Current finalist Base case,current_basecase,basecase,fixed_ped_only,0.0,0.28409078139720934,0.0,1.0,lambda_lower_bound,25.0,31683.346112409774,12273.983872,43957.32998440978,31705.2291616288,12273.983872,820.641429,435.117435,45234.9718976288,0.7009008258782797,0.27133837730190785,0.01814174729360267,0.009619049526209802,0.027760796819812472,30809.728889476883,11927.310588494247,797.4627722786656,422.8277341599848,1220.2905064386505,30463.055605971123,12273.983872,797.4627722786656,422.8277341599848,1220.2905064386505,30463.055605971123,12273.983872,797.4627722786656,422.8277341599848,43957.32998440977,7.275957614183426e-12,0.6930142394175299,0.27922496376265754,0.01814174729360267,0.009619049526209802,-0.0078865864607498,0.00788658646074969,0.0,0.0,0.0001243964920057624,9.128695498386273,0.7002400000000009,0.0677020975327375,0.06751091764638999,0.034720659123048926,2780.8795857731934,1947.2831211418234,830.9744532173911,53.837443545366845,14.680857625539982,2025.28747949686,830.9744532173911,53.837443545366845,14.680857625539982,2846.775875530121,2924.780233885158,-78.00435835503686,forecast_scenario_comparison.parquet; mbu26_official_annual.csv,data/current_revenue_outlook/revenue_chart_rows.csv:historical_actual:2024Q3; data/current_revenue_outlook/revenue_chart_rows.csv:historical_actual:2024Q4; data/current_revenue_outlook/revenue_chart_rows.csv:historical_actual:2025Q1; data/current_revenue_outlook/revenue_chart_rows.csv:historical_actual:2025Q2; data/current_revenue_outlook/revenue_chart_rows.csv:historical_actual:2024Q3; data/current_revenue_outlook/revenue_chart_rows.csv:historical_actual:2024Q4; data/current_revenue_outlook/revenue_chart_rows.csv:historical_actual:2025Q1; data/current_revenue_outlook/revenue_chart_rows.csv:historical_actual:2025Q2; AA16; AA10; AA12; AA14; scenario_inputs/scenario_input_wide.parquet:PED:population (none); mbu26_official_annual.csv:population_proxy (2024Q3; 2024Q4; 2025Q1; 2025Q2),U_t=current PED-derived light petrol activity + current finalist total Light RUC; target components=U_t*MBU26 light-mobility proportions; lambda allocates EV/PHEV migration between PED and Light RUC. PED light-petrol activity uses population_source=scenario_input_population_with_mbu_population_proxy_for_missing_quarters.,available,available,False,EV/PHEV uptake is allocated between PED/light-petrol and total Light RUC to match MBU proportions; it is not a new model.
2025,FY2025,Current finalist Base case,current_basecase,basecase,mbu_ratio,0.2790860278153379,0.28409078139720934,0.0,1.0,,25.0,31683.346112409774,12273.983872,43957.32998440978,31705.2291616288,12273.983872,820.641429,435.117435,45234.9718976288,0.7009008258782797,0.27133837730190785,0.01814174729360267,0.009619049526209802,0.027760796819812472,30809.728889476883,11927.310588494247,797.4627722786656,422.8277341599848,1220.2905064386505,30803.621636193853,11933.417841777271,797.4627722786656,422.8277341599848,1220.2905064386505,30803.621636193853,11933.417841777271,797.4627722786656,422.8277341599848,43957.32998440977,7.275957614183426e-12,0.70076188993096,0.2714773132492274,0.01814174729360267,0.009619049526209802,-0.00013893594731972936,0.00013893594731956282,0.0,0.0,3.860639491521495e-08,9.128695498386273,0.7002400000000009,0.0677020975327375,0.06751091764638999,0.034720659123048926,2811.968821643168,1969.0530476674146,807.9174186229146,53.837443545366845,14.680857625539982,2025.28747949686,830.9744532173911,53.837443545366845,14.680857625539982,2845.488767461236,2924.780233885158,-79.29146642392197,forecast_scenario_comparison.parquet; mbu26_official_annual.csv,data/current_revenue_outlook/revenue_chart_rows.csv:historical_actual:2024Q3; data/current_revenue_outlook/revenue_chart_rows.csv:historical_actual:2024Q4; data/current_revenue_outlook/revenue_chart_rows.csv:historical_actual:2025Q1; data/current_revenue_outlook/revenue_chart_rows.csv:historical_actual:2025Q2; data/current_revenue_outlook/revenue_chart_rows.csv:historical_actual:2024Q3; data/current_revenue_outlook/revenue_chart_rows.csv:historical_actual:2024Q4; data/current_revenue_outlook/revenue_chart_rows.csv:historical_actual:2025Q1; data/current_revenue_outlook/revenue_chart_rows.csv:historical_actual:2025Q2; AA16; AA10; AA12; AA14; scenario_inputs/scenario_input_wide.parquet:PED:population (none); mbu26_official_annual.csv:population_proxy (2024Q3; 2024Q4; 2025Q1; 2025Q2),U_t=current PED-derived light petrol activity + current finalist total Light RUC; target components=U_t*MBU26 light-mobility proportions; lambda allocates EV/PHEV migration between PED and Light RUC. PED light-petrol activity uses population_source=scenario_input_population_with_mbu_population_proxy_for_missing_quarters.,available,available,False,EV/PHEV uptake is allocated between PED/light-petrol and total Light RUC to match MBU proportions; it is not a new model.
2026,FY2026,Current finalist Base case,current_basecase,basecase,optimized,0.2390658082081383,0.11847828186828742,0.0,1.0,,25.0,33078.193798508066,12968.092013523903,46046.28581203197,31834.7306569029,12899.1247322853,1209.37911079624,633.39411052937,46576.628610513806,0.6834915193865448,0.27694414810808277,0.025965363893324926,0.013598968612047482,0.039564332505372404,31472.245851772837,12752.249397754493,1195.6085670454547,626.18199545919,1821.7905625046446,31691.931069214552,12532.564180312771,1195.6085670454547,626.18199545919,1821.7905625046446,31691.931069214552,12532.564180312771,1195.6085670454547,626.18199545919,46046.28581203197,0.0,0.688262484374655,0.2721731831199725,0.025965363893324923,0.01359896861204748,0.004770964988110138,-0.004770964988110249,-3.469446951953614e-18,-1.734723475976807e-18,4.5524213835546594e-05,9.253495188709412,0.7002400000000003,0.06774226875718223,0.06736085209075052,0.0344814091839728,2932.6113166988716,2053.531748405219,848.984330919383,80.53721184318304,21.59163760906493,2143.356963537042,878.4879744480047,80.53721184318304,21.59163760906493,3004.6449287768496,3123.973787437294,-119.32885866044444,forecast_scenario_comparison.parquet; mbu26_official_annual.csv,data/current_revenue_outlook/revenue_chart_rows.csv:historical_actual:2025Q3; data/current_revenue_outlook/revenue_chart_rows.csv:historical_actual:2025Q4; data/current_revenue_outlook/revenue_chart_rows.csv:current_basecase:2026Q1; data/current_revenue_outlook/revenue_chart_rows.csv:current_basecase:2026Q2; data/current_revenue_outlook/revenue_chart_rows.csv:historical_actual:2025Q3; data/current_revenue_outlook/revenue_chart_rows.csv:historical_actual:2025Q4; data/current_revenue_outlook/revenue_chart_rows.csv:current_basecase:2026Q1; data/current_revenue_outlook/revenue_chart_rows.csv:current_basecase:2026Q2; AB16; AB10; AB12; AB14; scenario_inputs/scenario_input_wide.parquet:PED:population (2026Q1; 2026Q2); mbu26_official_annual.csv:population_proxy (2025Q3; 2025Q4),U_t=current PED-derived light petrol activity + current finalist total Light RUC; target components=U_t*MBU26 light-mobility proportions; lambda allocates EV/PHEV migration between PED and Light RUC. PED light-petrol activity uses population_source=scenario_input_population_with_mbu_population_proxy_for_missing_quarters.,available,available,False,EV/PHEV uptake is allocated between PED/light-petrol and total Light RUC to match MBU proportions; it is not a new model.
2026,FY2026,Current finalist Base case,current_basecase,basecase,fixed_light_only,1.0,0.11847828186828742,0.0,1.0,lambda_upper_bound,25.0,33078.193798508066,12968.092013523903,46046.28581203197,31834.7306569029,12899.1247322853,1209.37911079624,633.39411052937,46576.628610513806,0.6834915193865448,0.27694414810808277,0.025965363893324926,0.013598968612047482,0.039564332505372404,31472.245851772837,12752.249397754493,1195.6085670454547,626.18199545919,1821.7905625046446,33078.193798508066,11146.301451019259,1195.6085670454547,626.18199545919,1821.7905625046446,33078.193798508066,11146.301451019259,1195.6085670454547,626.18199545919,46046.28581203197,0.0,0.718368337753415,0.2420673297412125,0.025965363893324923,0.01359896861204748,0.03487681836687018,-0.03487681836687026,-3.469446951953614e-18,-1.734723475976807e-18,0.0024327849187913116,9.253495188709412,0.7002400000000003,0.06774226875718223,0.06736085209075052,0.0344814091839728,3060.889071656919,2143.356963537042,755.0757485435169,80.53721184318304,21.59163760906493,2143.356963537042,878.4879744480047,80.53721184318304,21.59163760906493,3000.5615615328065,3123.973787437294,-123.41222590448751,forecast_scenario_comparison.parquet; mbu26_official_annual.csv,data/current_revenue_outlook/revenue_chart_rows.csv:historical_actual:2025Q3; data/current_revenue_outlook/revenue_chart_rows.csv:historical_actual:2025Q4; data/current_revenue_outlook/revenue_chart_rows.csv:current_basecase:2026Q1; data/current_revenue_outlook/revenue_chart_rows.csv:current_basecase:2026Q2; data/current_revenue_outlook/revenue_chart_rows.csv:historical_actual:2025Q3; data/current_revenue_outlook/revenue_chart_rows.csv:historical_actual:2025Q4; data/current_revenue_outlook/revenue_chart_rows.csv:current_basecase:2026Q1; data/current_revenue_outlook/revenue_chart_rows.csv:current_basecase:2026Q2; AB16; AB10; AB12; AB14; scenario_inputs/scenario_input_wide.parquet:PED:population (2026Q1; 2026Q2); mbu26_official_annual.csv:population_proxy (2025Q3; 2025Q4),U_t=current PED-derived light petrol activity + current finalist total Light RUC; target components=U_t*MBU26 light-mobility proportions; lambda allocates EV/PHEV migration between PED and Light RUC. PED light-petrol activity uses population_source=scenario_input_population_with_mbu_population_proxy_for_missing_quarters.,available,available,False,EV/PHEV uptake is allocated between PED/light-petrol and total Light RUC to match MBU proportions; it is not a new model.
2026,FY2026,Current finalist Base case,current_basecase,basecase,fixed_ped_only,0.0,0.11847828186828742,0.0,1.0,lambda_lower_bound,25.0,33078.193798508066,12968.092013523903,46046.28581203197,31834.7306569029,12899.1247322853,1209.37911079624,633.39411052937,46576.628610513806,0.6834915193865448,0.27694414810808277,0.025965363893324926,0.013598968612047482,0.039564332505372404,31472.245851772837,12752.249397754493,1195.6085670454547,626.18199545919,1821.7905625046446,31256.40323600342,12968.092013523903,1195.6085670454547,626.18199545919,1821.7905625046446,31256.40323600342,12968.092013523903,1195.6085670454547,626.18199545919,46046.28581203197,0.0,0.6788040052480426,0.2816316622465849,0.025965363893324923,0.01359896861204748,-0.0046875141385022134,0.004687514138502158,-3.469446951953614e-18,-1.734723475976807e-18,4.3945577597315775e-05,9.253495188709412,0.7002400000000003,0.06774226875718223,0.06736085209075052,0.0344814091839728,2892.309769607189,2025.310993069739,878.4879744480047,80.53721184318304,21.59163760906493,2143.356963537042,878.4879744480047,80.53721184318304,21.59163760906493,3005.9278169699915,3123.973787437294,-118.0459704673026,forecast_scenario_comparison.parquet; mbu26_official_annual.csv,data/current_revenue_outlook/revenue_chart_rows.csv:historical_actual:2025Q3; data/current_revenue_outlook/revenue_chart_rows.csv:historical_actual:2025Q4; data/current_revenue_outlook/revenue_chart_rows.csv:current_basecase:2026Q1; data/current_revenue_outlook/revenue_chart_rows.csv:current_basecase:2026Q2; data/current_revenue_outlook/revenue_chart_rows.csv:historical_actual:2025Q3; data/current_revenue_outlook/revenue_chart_rows.csv:historical_actual:2025Q4; data/current_revenue_outlook/revenue_chart_rows.csv:current_basecase:2026Q1; data/current_revenue_outlook/revenue_chart_rows.csv:current_basecase:2026Q2; AB16; AB10; AB12; AB14; scenario_inputs/scenario_input_wide.parquet:PED:population (2026Q1; 2026Q2); mbu26_official_annual.csv:population_proxy (2025Q3; 2025Q4),U_t=current PED-derived light petrol activity + current finalist total Light RUC; target components=U_t*MBU26 light-mobility proportions; lambda allocates EV/PHEV migration between PED and Light RUC. PED light-petrol activity uses population_source=scenario_input_population_with_mbu_population_proxy_for_missing_quarters.,available,available,False,EV/PHEV uptake is allocated between PED/light-petrol and total Light RUC to match MBU proportions; it is not a new model.
2026,FY2026,Current finalist Base case,current_basecase,basecase,mbu_ratio,0.28835262733475264,0.11847828186828742,0.0,1.0,,25.0,33078.193798508066,12968.092013523903,46046.28581203197,31834.7306569029,12899.1247322853,1209.37911079624,633.39411052937,46576.628610513806,0.6834915193865448,0.27694414810808277,0.025965363893324926,0.013598968612047482,0.039564332505372404,31472.245851772837,12752.249397754493,1195.6085670454547,626.18199545919,1821.7905625046446,31781.72133115529,12442.773918372031,1195.6085670454547,626.18199545919,1821.7905625046446,31781.72133115529,12442.773918372031,1195.6085670454547,626.18199545919,46046.28581203197,0.0,0.6902124844747125,0.270223183019915,0.025965363893324923,0.01359896861204748,0.006720965088167663,-0.006720965088167774,-3.469446951953614e-18,-1.734723475976807e-18,9.034274343273861e-05,9.253495188709412,0.7002400000000003,0.06774226875718223,0.06736085209075052,0.0344814091839728,2940.9200542674876,2059.3498588002662,842.9017348632156,80.53721184318304,21.59163760906493,2143.356963537042,878.4879744480047,80.53721184318304,21.59163760906493,3004.3804431157296,3123.973787437294,-119.59334432156447,forecast_scenario_comparison.parquet; mbu26_official_annual.csv,data/current_revenue_outlook/revenue_chart_rows.csv:historical_actual:2025Q3; data/current_revenue_outlook/revenue_chart_rows.csv:historical_actual:2025Q4; data/current_revenue_outlook/revenue_chart_rows.csv:current_basecase:2026Q1; data/current_revenue_outlook/revenue_chart_rows.csv:current_basecase:2026Q2; data/current_revenue_outlook/revenue_chart_rows.csv:historical_actual:2025Q3; data/current_revenue_outlook/revenue_chart_rows.csv:historical_actual:2025Q4; data/current_revenue_outlook/revenue_chart_rows.csv:current_basecase:2026Q1; data/current_revenue_outlook/revenue_chart_rows.csv:current_basecase:2026Q2; AB16; AB10; AB12; AB14; scenario_inputs/scenario_input_wide.parquet:PED:population (2026Q1; 2026Q2); mbu26_official_annual.csv:population_proxy (2025Q3; 2025Q4),U_t=current PED-derived light petrol activity + current finalist total Light RUC; target components=U_t*MBU26 light-mobility proportions; lambda allocates EV/PHEV migration between PED and Light RUC. PED light-petrol activity uses population_source=scenario_input_population_with_mbu_population_proxy_for_missing_quarters.,available,available,False,EV/PHEV uptake is allocated between PED/light-petrol and total Light RUC to match MBU proportions; it is not a new model.
2027,FY2027,Current finalist Base case,current_basecase,basecase,optimized,0.25261706078383533,0.08985528741850708,0.0,1.0,,25.0,33131.229351411515,12697.50796810656,45828.73731951808,32115.2433469839,12939.636710647,1572.19480045545,866.45343854562,47493.52829663197,0.6762025164018267,0.2724505248342356,0.03310334811589357,0.018243610648044126,0.051346958763937696,30989.50749897643,12486.06353519302,1517.08464519985,836.0816401487772,2353.1662853486273,31372.513016603276,12103.058017566174,1517.08464519985,836.0816401487772,2353.1662853486273,31372.513016603276,12103.058017566174,1517.08464519985,836.0816401487772,45828.73731951808,0.0,0.6845598384671616,0.2640932027689007,0.03310334811589357,0.018243610648044126,0.008357322065334905,-0.008357322065334905,0.0,0.0,0.00013968966420746734,9.019048682247908,0.7598432334330983,0.0729322630778464,0.07291343090682693,0.03659537240725881,2829.502221812011,2149.9781172277744,882.7034113835742,110.61584645758732,30.59671898411625,2270.5040576345127,926.0579915629984,110.61584645758732,30.59671898411625,3173.8940940530524,3337.7746146392146,-163.88052058616222,forecast_scenario_comparison.parquet; mbu26_official_annual.csv,data/current_revenue_outlook/revenue_chart_rows.csv:current_basecase:2026Q3; data/current_revenue_outlook/revenue_chart_rows.csv:current_basecase:2026Q4; data/current_revenue_outlook/revenue_chart_rows.csv:current_basecase:2027Q1; data/current_revenue_outlook/revenue_chart_rows.csv:current_basecase:2027Q2; data/current_revenue_outlook/revenue_chart_rows.csv:current_basecase:2026Q3; data/current_revenue_outlook/revenue_chart_rows.csv:current_basecase:2026Q4; data/current_revenue_outlook/revenue_chart_rows.csv:current_basecase:2027Q1; data/current_revenue_outlook/revenue_chart_rows.csv:current_basecase:2027Q2; AC16; AC10; AC12; AC14; scenario_inputs/scenario_input_wide.parquet:PED:population (2026Q3; 2026Q4; 2027Q1; 2027Q2),U_t=current PED-derived light petrol activity + current finalist total Light RUC; target components=U_t*MBU26 light-mobility proportions; lambda allocates EV/PHEV migration between PED and Light RUC. PED light-petrol activity uses population_source=scenario_input_population.,available,available,False,EV/PHEV uptake is allocated between PED/light-petrol and total Light RUC to match MBU proportions; it is not a new model.
2027,FY2027,Current finalist Base case,current_basecase,basecase,fixed_light_only,1.0,0.08985528741850708,0.0,1.0,lambda_upper_bound,25.0,33131.229351411515,12697.50796810656,45828.73731951808,32115.2433469839,12939.636710647,1572.19480045545,866.45343854562,47493.52829663197,0.6762025164018267,0.2724505248342356,0.03310334811589357,0.018243610648044126,0.051346958763937696,30989.50749897643,12486.06353519302,1517.08464519985,836.0816401487772,2353.1662853486273,33131.229351411515,10344.341682757933,1517.08464519985,836.0816401487772,2353.1662853486273,33131.229351411515,10344.341682757933,1517.08464519985,836.0816401487772,45828.73731951808,0.0,0.7229356794279646,0.22571736180809773,0.03310334811589357,0.018243610648044126,0.046733163026137836,-0.046733163026137864,0.0,0.0,0.0043679770528551555,9.019048682247908,0.7598432334330983,0.0729322630778464,0.07291343090682693,0.03659537240725881,2988.1217042310122,2270.5040576345127,754.4362489740338,110.61584645758732,30.59671898411625,2270.5040576345127,926.0579915629984,110.61584645758732,30.59671898411625,3166.15287205025,3337.7746146392146,-171.62174258896448,forecast_scenario_comparison.parquet; mbu26_official_annual.csv,data/current_revenue_outlook/revenue_chart_rows.csv:current_basecase:2026Q3; data/current_revenue_outlook/revenue_chart_rows.csv:current_basecase:2026Q4; data/current_revenue_outlook/revenue_chart_rows.csv:current_basecase:2027Q1; data/current_revenue_outlook/revenue_chart_rows.csv:current_basecase:2027Q2; data/current_revenue_outlook/revenue_chart_rows.csv:current_basecase:2026Q3; data/current_revenue_outlook/revenue_chart_rows.csv:current_basecase:2026Q4; data/current_revenue_outlook/revenue_chart_rows.csv:current_basecase:2027Q1; data/current_revenue_outlook/revenue_chart_rows.csv:current_basecase:2027Q2; AC16; AC10; AC12; AC14; scenario_inputs/scenario_input_wide.parquet:PED:population (2026Q3; 2026Q4; 2027Q1; 2027Q2),U_t=current PED-derived light petrol activity + current finalist total Light RUC; target components=U_t*MBU26 light-mobility proportions; lambda allocates EV/PHEV migration between PED and Light RUC. PED light-petrol activity uses population_source=scenario_input_population.,available,available,False,EV/PHEV uptake is allocated between PED/light-petrol and total Light RUC to match MBU proportions; it is not a new model.
2027,FY2027,Current finalist Base case,current_basecase,basecase,fixed_ped_only,0.0,0.08985528741850708,0.0,1.0,lambda_lower_bound,25.0,33131.229351411515,12697.50796810656,45828.73731951808,32115.2433469839,12939.636710647,1572.19480045545,866.45343854562,47493.52829663197,0.6762025164018267,0.2724505248342356,0.03310334811589357,0.018243610648044126,0.051346958763937696,30989.50749897643,12486.06353519302,1517.08464519985,836.0816401487772,2353.1662853486273,30778.06306606289,12697.50796810656,1517.08464519985,836.0816401487772,2353.1662853486273,30778.06306606289,12697.50796810656,1517.08464519985,836.0816401487772,45828.73731951808,0.0,0.6715887206640269,0.27706432057203545,0.03310334811589357,0.018243610648044126,-0.004613795737799853,0.004613795737799853,0.0,0.0,4.257422222028018e-05,9.019048682247908,0.7598432334330983,0.0729322630778464,0.07291343090682693,0.03659537240725881,2775.8884913811753,2109.2400869407975,926.0579915629984,110.61584645758732,30.59671898411625,2270.5040576345127,926.0579915629984,110.61584645758732,30.59671898411625,3176.5106439454994,3337.7746146392146,-161.26397069371524,forecast_scenario_comparison.parquet; mbu26_official_annual.csv,data/current_revenue_outlook/revenue_chart_rows.csv:current_basecase:2026Q3; data/current_revenue_outlook/revenue_chart_rows.csv:current_basecase:2026Q4; data/current_revenue_outlook/revenue_chart_rows.csv:current_basecase:2027Q1; data/current_revenue_outlook/revenue_chart_rows.csv:current_basecase:2027Q2; data/current_revenue_outlook/revenue_chart_rows.csv:current_basecase:2026Q3; data/current_revenue_outlook/revenue_chart_rows.csv:current_basecase:2026Q4; data/current_revenue_outlook/revenue_chart_rows.csv:current_basecase:2027Q1; data/current_revenue_outlook/revenue_chart_rows.csv:current_basecase:2027Q2; AC16; AC10; AC12; AC14; scenario_inputs/scenario_input_wide.parquet:PED:population (2026Q3; 2026Q4; 2027Q1; 2027Q2),U_t=current PED-derived light petrol activity + current finalist total Light RUC; target components=U_t*MBU26 light-mobility proportions; lambda allocates EV/PHEV migration between PED and Light RUC. PED light-petrol activity uses population_source=scenario_input_population.,available,available,False,EV/PHEV uptake is allocated between PED/light-petrol and total Light RUC to match MBU proportions; it is not a new model.
2027,FY2027,Current finalist Base case,current_basecase,basecase,mbu_ratio,0.2871972291147055,0.08985528741850708,0.0,1.0,,25.0,33131.229351411515,12697.50796810656,45828.73731951808,32115.2433469839,12939.636710647,1572.19480045545,866.45343854562,47493.52829663197,0.6762025164018267,0.2724505248342356,0.03310334811589357,0.018243610648044126,0.051346958763937696,30989.50749897643,12486.06353519302,1517.08464519985,836.0816401487772,2353.1662853486273,31453.88590286116,12021.68513130829,1517.08464519985,836.0816401487772,2353.1662853486273,31453.88590286116,12021.68513130829,1517.08464519985,836.0816401487772,45828.73731951808,0.0,0.6863354249444968,0.26231761629156547,0.03310334811589357,0.018243610648044126,0.010132908542670127,-0.010132908542670127,0.0,0.0,0.00020535167106823448,9.019048682247908,0.7598432334330983,0.0729322630778464,0.07291343090682693,0.03659537240725881,2836.84128203776,2155.5546524800675,876.7687026356106,110.61584645758732,30.59671898411625,2270.5040576345127,926.0579915629984,110.61584645758732,30.59671898411625,3173.535920557382,3337.7746146392146,-164.23869408183282,forecast_scenario_comparison.parquet; mbu26_official_annual.csv,data/current_revenue_outlook/revenue_chart_rows.csv:current_basecase:2026Q3; data/current_revenue_outlook/revenue_chart_rows.csv:current_basecase:2026Q4; data/current_revenue_outlook/revenue_chart_rows.csv:current_basecase:2027Q1; data/current_revenue_outlook/revenue_chart_rows.csv:current_basecase:2027Q2; data/current_revenue_outlook/revenue_chart_rows.csv:current_basecase:2026Q3; data/current_revenue_outlook/revenue_chart_rows.csv:current_basecase:2026Q4; data/current_revenue_outlook/revenue_chart_rows.csv:current_basecase:2027Q1; data/current_revenue_outlook/revenue_chart_rows.csv:current_basecase:2027Q2; AC16; AC10; AC12; AC14; scenario_inputs/scenario_input_wide.parquet:PED:population (2026Q3; 2026Q4; 2027Q1; 2027Q2),U_t=current PED-derived light petrol activity + current finalist total Light RUC; target components=U_t*MBU26 light-mobility proportions; lambda allocates EV/PHEV migration between PED and Light RUC. PED light-petrol activity uses population_source=scenario_input_population.,available,available,False,EV/PHEV uptake is allocated between PED/light-petrol and total Light RUC to match MBU proportions; it is not a new model.
2028,FY2028,Current finalist Base case,current_basecase,basecase,optimized,0.26616043487694585,0.17782090994367614,0.0,1.0,,25.0,33382.39935637932,13372.423680284688,46754.823036664005,32346.4528222451,13427.7171481819,1989.37597979678,1114.1399728797,48877.685923103476,0.6617836383075493,0.2747208034624834,0.04070110812787974,0.022794450102087773,0.06349555822996751,30941.576897629126,12844.522550378564,1902.9731079151443,1065.7504807411817,2968.723588656326,31203.832529109208,12582.266918898473,1902.9731079151443,1065.7504807411817,2968.723588656326,31203.832529109208,12582.266918898473,1902.9731079151443,1065.7504807411817,46754.823036664005,0.0,0.6673928057569571,0.2691116360130753,0.04070110812787974,0.022794450102087777,0.00560916744940787,-0.005609167449408092,0.0,3.469446951953614e-18,6.292551895099608e-05,8.931856817675813,0.8500894140750587,0.08131214805600769,0.08134999999999998,0.04011500000000012,2787.081643127384,2369.2686009855097,1023.0911505896803,154.80686232889695,42.75258053493263,2534.684498990492,1087.3404941589718,154.80686232889695,42.75258053493263,3589.9191944390195,3819.5844360132933,-229.66524157427375,forecast_scenario_comparison.parquet; mbu26_official_annual.csv,data/current_revenue_outlook/revenue_chart_rows.csv:current_basecase:2027Q3; data/current_revenue_outlook/revenue_chart_rows.csv:current_basecase:2027Q4; data/current_revenue_outlook/revenue_chart_rows.csv:current_basecase:2028Q1; data/current_revenue_outlook/revenue_chart_rows.csv:current_basecase:2028Q2; data/current_revenue_outlook/revenue_chart_rows.csv:current_basecase:2027Q3; data/current_revenue_outlook/revenue_chart_rows.csv:current_basecase:2027Q4; data/current_revenue_outlook/revenue_chart_rows.csv:current_basecase:2028Q1; data/current_revenue_outlook/revenue_chart_rows.csv:current_basecase:2028Q2; AD16; AD10; AD12; AD14; scenario_inputs/scenario_input_wide.parquet:PED:population (2027Q3; 2027Q4; 2028Q1; 2028Q2),U_t=current PED-derived light petrol activity + current finalist total Light RUC; target components=U_t*MBU26 light-mobility proportions; lambda allocates EV/PHEV migration between PED and Light RUC. PED light-petrol activity uses population_source=scenario_input_population.,available,available,False,EV/PHEV uptake is allocated between PED/light-petrol and total Light RUC to match MBU proportions; it is not a new model.
2028,FY2028,Current finalist Base case,current_basecase,basecase,fixed_light_only,1.0,0.17782090994367614,0.0,1.0,lambda_upper_bound,25.0,33382.39935637932,13372.423680284688,46754.823036664005,32346.4528222451,13427.7171481819,1989.37597979678,1114.1399728797,48877.685923103476,0.6617836383075493,0.2747208034624834,0.04070110812787974,0.022794450102087773,0.06349555822996751,30941.576897629126,12844.522550378564,1902.9731079151443,1065.7504807411817,2968.723588656326,33382.39935637932,10403.700091628361,1902.9731079151443,1065.7504807411817,2968.723588656326,33382.39935637932,10403.700091628361,1902.9731079151443,1065.7504807411817,46754.823036664005,0.0,0.7139883585956821,0.2225160831743504,0.04070110812787974,0.022794450102087777,0.05220472028813283,-0.052204720288133,0.0,3.469446951953614e-18,0.005450665640724393,8.931856817675813,0.8500894140750587,0.08131214805600769,0.08134999999999998,0.04011500000000012,2981.668112816533,2534.684498990492,845.947202180786,154.80686232889695,42.75258053493263,2534.684498990492,1087.3404941589718,154.80686232889695,42.75258053493263,3578.1911440351078,3819.5844360132933,-241.39329197818552,forecast_scenario_comparison.parquet; mbu26_official_annual.csv,data/current_revenue_outlook/revenue_chart_rows.csv:current_basecase:2027Q3; data/current_revenue_outlook/revenue_chart_rows.csv:current_basecase:2027Q4; data/current_revenue_outlook/revenue_chart_rows.csv:current_basecase:2028Q1; data/current_revenue_outlook/revenue_chart_rows.csv:current_basecase:2028Q2; data/current_revenue_outlook/revenue_chart_rows.csv:current_basecase:2027Q3; data/current_revenue_outlook/revenue_chart_rows.csv:current_basecase:2027Q4; data/current_revenue_outlook/revenue_chart_rows.csv:current_basecase:2028Q1; data/current_revenue_outlook/revenue_chart_rows.csv:current_basecase:2028Q2; AD16; AD10; AD12; AD14; scenario_inputs/scenario_input_wide.parquet:PED:population (2027Q3; 2027Q4; 2028Q1; 2028Q2),U_t=current PED-derived light petrol activity + current finalist total Light RUC; target components=U_t*MBU26 light-mobility proportions; lambda allocates EV/PHEV migration between PED and Light RUC. PED light-petrol activity uses population_source=scenario_input_population.,available,available,False,EV/PHEV uptake is allocated between PED/light-petrol and total Light RUC to match MBU proportions; it is not a new model.
2028,FY2028,Current finalist Base case,current_basecase,basecase,fixed_ped_only,0.0,0.17782090994367614,0.0,1.0,lambda_lower_bound,25.0,33382.39935637932,13372.423680284688,46754.823036664005,32346.4528222451,13427.7171481819,1989.37597979678,1114.1399728797,48877.685923103476,0.6617836383075493,0.2747208034624834,0.04070110812787974,0.022794450102087773,0.06349555822996751,30941.576897629126,12844.522550378564,1902.9731079151443,1065.7504807411817,2968.723588656326,30413.675767722994,13372.423680284688,1902.9731079151443,1065.7504807411817,2968.723588656326,30413.675767722994,13372.423680284688,1902.9731079151443,1065.7504807411817,46754.82303666401,-7.275957614183426e-12,0.6504928003657147,0.2860116414043179,0.04070110812787974,0.022794450102087777,-0.011290837941834608,0.011290837941834497,0.0,3.469446951953614e-18,0.00025496604285754143,8.931856817675813,0.8500894140750587,0.08131214805600769,0.08134999999999998,0.04011500000000012,2716.505972565183,2309.272970549334,1087.3404941589718,154.80686232889695,42.75258053493263,2534.684498990492,1087.3404941589718,154.80686232889695,42.75258053493263,3594.172907572135,3819.5844360132933,-225.41152844115823,forecast_scenario_comparison.parquet; mbu26_official_annual.csv,data/current_revenue_outlook/revenue_chart_rows.csv:current_basecase:2027Q3; data/current_revenue_outlook/revenue_chart_rows.csv:current_basecase:2027Q4; data/current_revenue_outlook/revenue_chart_rows.csv:current_basecase:2028Q1; data/current_revenue_outlook/revenue_chart_rows.csv:current_basecase:2028Q2; data/current_revenue_outlook/revenue_chart_rows.csv:current_basecase:2027Q3; data/current_revenue_outlook/revenue_chart_rows.csv:current_basecase:2027Q4; data/current_revenue_outlook/revenue_chart_rows.csv:current_basecase:2028Q1; data/current_revenue_outlook/revenue_chart_rows.csv:current_basecase:2028Q2; AD16; AD10; AD12; AD14; scenario_inputs/scenario_input_wide.parquet:PED:population (2027Q3; 2027Q4; 2028Q1; 2028Q2),U_t=current PED-derived light petrol activity + current finalist total Light RUC; target components=U_t*MBU26 light-mobility proportions; lambda allocates EV/PHEV migration between PED and Light RUC. PED light-petrol activity uses population_source=scenario_input_population.,available,available,False,EV/PHEV uptake is allocated between PED/light-petrol and total Light RUC to match MBU proportions; it is not a new model.
2028,FY2028,Current finalist Base case,current_basecase,basecase,mbu_ratio,0.29334703735440865,0.17782090994367614,0.0,1.0,,25.0,33382.39935637932,13372.423680284688,46754.823036664005,32346.4528222451,13427.7171481819,1989.37597979678,1114.1399728797,48877.685923103476,0.6617836383075493,0.2747208034624834,0.04070110812787974,0.022794450102087773,0.06349555822996751,30941.576897629126,12844.522550378564,1902.9731079151443,1065.7504807411817,2968.723588656326,31284.542037179475,12501.557410828207,1902.9731079151443,1065.7504807411817,2968.723588656326,31284.542037179475,12501.557410828207,1902.9731079151443,1065.7504807411817,46754.82303666401,-7.275957614183426e-12,0.66911903425764,0.2673854075123926,0.04070110812787974,0.022794450102087777,0.007335395950090695,-0.007335395950090806,0.0,3.469446951953614e-18,0.00010761606748921557,8.931856817675813,0.8500894140750587,0.08131214805600769,0.08134999999999998,0.04011500000000012,2794.2905008264706,2375.3967746030767,1016.5284871199433,154.80686232889695,42.75258053493263,2534.684498990492,1087.3404941589718,154.80686232889695,42.75258053493263,3589.4847045868496,3819.5844360132933,-230.09973142644367,forecast_scenario_comparison.parquet; mbu26_official_annual.csv,data/current_revenue_outlook/revenue_chart_rows.csv:current_basecase:2027Q3; data/current_revenue_outlook/revenue_chart_rows.csv:current_basecase:2027Q4; data/current_revenue_outlook/revenue_chart_rows.csv:current_basecase:2028Q1; data/current_revenue_outlook/revenue_chart_rows.csv:current_basecase:2028Q2; data/current_revenue_outlook/revenue_chart_rows.csv:current_basecase:2027Q3; data/current_revenue_outlook/revenue_chart_rows.csv:current_basecase:2027Q4; data/current_revenue_outlook/revenue_chart_rows.csv:current_basecase:2028Q1; data/current_revenue_outlook/revenue_chart_rows.csv:current_basecase:2028Q2; AD16; AD10; AD12; AD14; scenario_inputs/scenario_input_wide.parquet:PED:population (2027Q3; 2027Q4; 2028Q1; 2028Q2),U_t=current PED-derived light petrol activity + current finalist total Light RUC; target components=U_t*MBU26 light-mobility proportions; lambda allocates EV/PHEV migration between PED and Light RUC. PED light-petrol activity uses population_source=scenario_input_population.,available,available,False,EV/PHEV uptake is allocated between PED/light-petrol and total Light RUC to match MBU proportions; it is not a new model.
2029,FY2029,Current finalist Base case,current_basecase,basecase,optimized,0.2796501109837669,0.19855472111461425,0.0,1.0,,25.0,33624.47300570468,13833.483861200531,47457.95686690522,32608.4407560831,13926.5605658137,2502.17964433063,1394.20153006706,50431.382496294485,0.646590260706794,0.27614869703080164,0.04961552748458722,0.027645514777817185,0.0772610422624044,30685.85270318403,13105.452952539861,2354.6515632922906,1311.9996478890387,3666.6512111813295,30983.201212668977,12808.10444305491,2354.6515632922906,1311.9996478890387,3666.651211181329,30983.201212668977,12808.10444305491,2354.6515632922906,1311.9996478890387,47457.95686690522,0.0,0.6528557750507608,0.26988318268683487,0.04961552748458722,0.027645514777817185,0.006265514343966716,-0.0062655143439667715,0.0,0.0,7.851333998890603e-05,8.844689067937997,0.9001107027491552,0.08612386911319989,0.08613499999999968,0.04247499999999995,2740.367810554166,2466.6343957490744,1103.083510641855,202.8179124041807,55.72718504408685,2676.9113070502763,1191.3931534415976,202.8179124041807,55.72718504408685,3828.263003839197,4126.8495579401415,-298.58655410094434,forecast_scenario_comparison.parquet; mbu26_official_annual.csv,data/current_revenue_outlook/revenue_chart_rows.csv:current_basecase:2028Q3; data/current_revenue_outlook/revenue_chart_rows.csv:current_basecase:2028Q4; data/current_revenue_outlook/revenue_chart_rows.csv:current_basecase:2029Q1; data/current_revenue_outlook/revenue_chart_rows.csv:current_basecase:2029Q2; data/current_revenue_outlook/revenue_chart_rows.csv:current_basecase:2028Q3; data/current_revenue_outlook/revenue_chart_rows.csv:current_basecase:2028Q4; data/current_revenue_outlook/revenue_chart_rows.csv:current_basecase:2029Q1; data/current_revenue_outlook/revenue_chart_rows.csv:current_basecase:2029Q2; AE16; AE10; AE12; AE14; scenario_inputs/scenario_input_wide.parquet:PED:population (2028Q3; 2028Q4; 2029Q1; 2029Q2),U_t=current PED-derived light petrol activity + current finalist total Light RUC; target components=U_t*MBU26 light-mobility proportions; lambda allocates EV/PHEV migration between PED and Light RUC. PED light-petrol activity uses population_source=scenario_input_population.,available,available,False,EV/PHEV uptake is allocated between PED/light-petrol and total Light RUC to match MBU proportions; it is not a new model.
2029,FY2029,Current finalist Base case,current_basecase,basecase,fixed_light_only,1.0,0.19855472111461425,0.0,1.0,lambda_upper_bound,25.0,33624.47300570468,13833.483861200531,47457.95686690522,32608.4407560831,13926.5605658137,2502.17964433063,1394.20153006706,50431.382496294485,0.646590260706794,0.27614869703080164,0.04961552748458722,0.027645514777817185,0.0772610422624044,30685.85270318403,13105.452952539861,2354.6515632922906,1311.9996478890387,3666.6512111813295,33624.47300570468,10166.832650019202,2354.6515632922906,1311.9996478890387,3666.651211181329,33624.47300570468,10166.832650019202,2354.6515632922906,1311.9996478890387,47457.95686690522,0.0,0.7085107582697622,0.21422819946783334,0.04961552748458722,0.027645514777817185,0.061920497562968135,-0.0619204975629683,0.0,0.0,0.007668296036891106,8.844689067937997,0.9001107027491552,0.08612386911319989,0.08613499999999968,0.04247499999999995,2973.980088087325,2676.9113070502763,875.6069644460608,202.8179124041807,55.72718504408685,2676.9113070502763,1191.3931534415976,202.8179124041807,55.72718504408685,3811.063368944605,4126.8495579401415,-315.7861889955366,forecast_scenario_comparison.parquet; mbu26_official_annual.csv,data/current_revenue_outlook/revenue_chart_rows.csv:current_basecase:2028Q3; data/current_revenue_outlook/revenue_chart_rows.csv:current_basecase:2028Q4; data/current_revenue_outlook/revenue_chart_rows.csv:current_basecase:2029Q1; data/current_revenue_outlook/revenue_chart_rows.csv:current_basecase:2029Q2; data/current_revenue_outlook/revenue_chart_rows.csv:current_basecase:2028Q3; data/current_revenue_outlook/revenue_chart_rows.csv:current_basecase:2028Q4; data/current_revenue_outlook/revenue_chart_rows.csv:current_basecase:2029Q1; data/current_revenue_outlook/revenue_chart_rows.csv:current_basecase:2029Q2; AE16; AE10; AE12; AE14; scenario_inputs/scenario_input_wide.parquet:PED:population (2028Q3; 2028Q4; 2029Q1; 2029Q2),U_t=current PED-derived light petrol activity + current finalist total Light RUC; target components=U_t*MBU26 light-mobility proportions; lambda allocates EV/PHEV migration between PED and Light RUC. PED light-petrol activity uses population_source=scenario_input_population.,available,available,False,EV/PHEV uptake is allocated between PED/light-petrol and total Light RUC to match MBU proportions; it is not a new model.
2029,FY2029,Current finalist Base case,current_basecase,basecase,fixed_ped_only,0.0,0.19855472111461425,0.0,1.0,lambda_lower_bound,25.0,33624.47300570468,13833.483861200531,47457.95686690522,32608.4407560831,13926.5605658137,2502.17964433063,1394.20153006706,50431.382496294485,0.646590260706794,0.27614869703080164,0.04961552748458722,0.027645514777817185,0.0772610422624044,30685.85270318403,13105.452952539861,2354.6515632922906,1311.9996478890387,3666.6512111813295,29957.821794523355,13833.483861200531,2354.6515632922906,1311.9996478890387,3666.651211181329,29957.821794523355,13833.483861200531,2354.6515632922906,1311.9996478890387,47457.95686690522,0.0,0.6312497160073578,0.29148924173023777,0.04961552748458722,0.027645514777817185,-0.015340544699436243,0.015340544699436132,0.0,0.0,0.0004706646233507994,8.844689067937997,0.9001107027491552,0.08612386911319989,0.08613499999999968,0.04247499999999995,2649.6761892525537,2385.0018967658198,1191.3931534415976,202.8179124041807,55.72718504408685,2676.9113070502763,1191.3931534415976,202.8179124041807,55.72718504408685,3834.9401476556855,4126.8495579401415,-291.90941028445604,forecast_scenario_comparison.parquet; mbu26_official_annual.csv,data/current_revenue_outlook/revenue_chart_rows.csv:current_basecase:2028Q3; data/current_revenue_outlook/revenue_chart_rows.csv:current_basecase:2028Q4; data/current_revenue_outlook/revenue_chart_rows.csv:current_basecase:2029Q1; data/current_revenue_outlook/revenue_chart_rows.csv:current_basecase:2029Q2; data/current_revenue_outlook/revenue_chart_rows.csv:current_basecase:2028Q3; data/current_revenue_outlook/revenue_chart_rows.csv:current_basecase:2028Q4; data/current_revenue_outlook/revenue_chart_rows.csv:current_basecase:2029Q1; data/current_revenue_outlook/revenue_chart_rows.csv:current_basecase:2029Q2; AE16; AE10; AE12; AE14; scenario_inputs/scenario_input_wide.parquet:PED:population (2028Q3; 2028Q4; 2029Q1; 2029Q2),U_t=current PED-derived light petrol activity + current finalist total Light RUC; target components=U_t*MBU26 light-mobility proportions; lambda allocates EV/PHEV migration between PED and Light RUC. PED light-petrol activity uses population_source=scenario_input_population.,available,available,False,EV/PHEV uptake is allocated between PED/light-petrol and total Light RUC to match MBU proportions; it is not a new model.
2029,FY2029,Current finalist Base case,current_basecase,basecase,mbu_ratio,0.29927066015276177,0.19855472111461425,0.0,1.0,,25.0,33624.47300570468,13833.483861200531,47457.95686690522,32608.4407560831,13926.5605658137,2502.17964433063,1394.20153006706,50431.382496294485,0.646590260706794,0.27614869703080164,0.04961552748458722,0.027645514777817185,0.0772610422624044,30685.85270318403,13105.452952539861,2354.6515632922906,1311.9996478890387,3666.6512111813295,31055.142923043513,12736.162732680372,2354.6515632922906,1311.9996478890387,3666.651211181329,31055.142923043513,12736.162732680372,2354.6515632922906,1311.9996478890387,47457.95686690522,0.0,0.6543716791293179,0.2683672786082776,0.04961552748458722,0.027645514777817185,0.007781418422523889,-0.007781418422524056,0.0,0.0,0.00012110094533279093,8.844689067937997,0.9001107027491552,0.08612386911319989,0.08613499999999968,0.04247499999999995,2746.7308311469505,2472.361818686453,1096.8876121937785,202.8179124041807,55.72718504408685,2676.9113070502763,1191.3931534415976,202.8179124041807,55.72718504408685,3827.7945283284994,4126.8495579401415,-299.0550296116421,forecast_scenario_comparison.parquet; mbu26_official_annual.csv,data/current_revenue_outlook/revenue_chart_rows.csv:current_basecase:2028Q3; data/current_revenue_outlook/revenue_chart_rows.csv:current_basecase:2028Q4; data/current_revenue_outlook/revenue_chart_rows.csv:current_basecase:2029Q1; data/current_revenue_outlook/revenue_chart_rows.csv:current_basecase:2029Q2; data/current_revenue_outlook/revenue_chart_rows.csv:current_basecase:2028Q3; data/current_revenue_outlook/revenue_chart_rows.csv:current_basecase:2028Q4; data/current_revenue_outlook/revenue_chart_rows.csv:current_basecase:2029Q1; data/current_revenue_outlook/revenue_chart_rows.csv:current_basecase:2029Q2; AE16; AE10; AE12; AE14; scenario_inputs/scenario_input_wide.parquet:PED:population (2028Q3; 2028Q4; 2029Q1; 2029Q2),U_t=current PED-derived light petrol activity + current finalist total Light RUC; target components=U_t*MBU26 light-mobility proportions; lambda allocates EV/PHEV migration between PED and Light RUC. PED light-petrol activity uses population_source=scenario_input_population.,available,available,False,EV/PHEV uptake is allocated between PED/light-petrol and total Light RUC to match MBU proportions; it is not a new model.
2030,FY2030,Current finalist Base case,current_basecase,basecase,optimized,0.29301177701247677,0.19774229694180107,0.0,1.0,,25.0,33786.86651454969,14129.750867690173,47916.61738223986,32869.8724784727,14402.4384228319,3074.13637597232,1688.91801832143,52035.36529559835,0.631683323288847,0.276781729906491,0.05907782829060604,0.03245711851405596,0.091534946804662,30268.12810877341,13262.444250323786,2830.809693974635,1555.2353291680329,4386.0450231426685,30685.984337694787,12844.58802140241,2830.809693974635,1555.2353291680329,4386.045023142668,30685.984337694787,12844.58802140241,2830.809693974635,1555.2353291680329,47916.61738223986,0.0,0.6404038100792241,0.2680612431161139,0.05907782829060604,0.03245711851405596,0.008720486790377069,-0.008720486790377124,0.0,0.0,0.00015209377972228287,8.757543274926979,0.9400992657432979,0.08995414577228922,0.08996500000000007,0.044364999999999856,2687.338357710936,2526.3648168878512,1155.4239432622323,254.67379411842825,68.99801537853955,2781.659206232161,1271.0296692783318,254.67379411842825,68.99801537853955,4005.460569647051,4376.360685007461,-370.9001153604099,forecast_scenario_comparison.parquet; mbu26_official_annual.csv,data/current_revenue_outlook/revenue_chart_rows.csv:current_basecase:2029Q3; data/current_revenue_outlook/revenue_chart_rows.csv:current_basecase:2029Q4; data/current_revenue_outlook/revenue_chart_rows.csv:current_basecase:2030Q1; data/current_revenue_outlook/revenue_chart_rows.csv:current_basecase:2030Q2; data/current_revenue_outlook/revenue_chart_rows.csv:current_basecase:2029Q3; data/current_revenue_outlook/revenue_chart_rows.csv:current_basecase:2029Q4; data/current_revenue_outlook/revenue_chart_rows.csv:current_basecase:2030Q1; data/current_revenue_outlook/revenue_chart_rows.csv:current_basecase:2030Q2; AF16; AF10; AF12; AF14; scenario_inputs/scenario_input_wide.parquet:PED:population (2029Q3; 2029Q4; 2030Q1; 2030Q2),U_t=current PED-derived light petrol activity + current finalist total Light RUC; target components=U_t*MBU26 light-mobility proportions; lambda allocates EV/PHEV migration between PED and Light RUC. PED light-petrol activity uses population_source=scenario_input_population.,available,available,False,EV/PHEV uptake is allocated between PED/light-petrol and total Light RUC to match MBU proportions; it is not a new model.
2030,FY2030,Current finalist Base case,current_basecase,basecase,fixed_light_only,1.0,0.19774229694180107,0.0,1.0,lambda_upper_bound,25.0,33786.86651454969,14129.750867690173,47916.61738223986,32869.8724784727,14402.4384228319,3074.13637597232,1688.91801832143,52035.36529559835,0.631683323288847,0.276781729906491,0.05907782829060604,0.03245711851405596,0.091534946804662,30268.12810877341,13262.444250323786,2830.809693974635,1555.2353291680329,4386.0450231426685,33786.86651454969,9743.705844547505,2830.809693974635,1555.2353291680329,4386.045023142668,33786.86651454969,9743.705844547505,2830.809693974635,1555.2353291680329,47916.61738223986,0.0,0.7051179394619096,0.20334711373342848,0.05907782829060604,0.03245711851405596,0.07343461617306257,-0.07343461617306254,0.0,0.0,0.010785285704970043,8.757543274926979,0.9400992657432979,0.08995414577228922,0.08996500000000007,0.044364999999999856,2958.899456253502,2781.659206232161,876.4867359027327,254.67379411842825,68.99801537853955,2781.659206232161,1271.0296692783318,254.67379411842825,68.99801537853955,3981.8177516318615,4376.360685007461,-394.54293337559966,forecast_scenario_comparison.parquet; mbu26_official_annual.csv,data/current_revenue_outlook/revenue_chart_rows.csv:current_basecase:2029Q3; data/current_revenue_outlook/revenue_chart_rows.csv:current_basecase:2029Q4; data/current_revenue_outlook/revenue_chart_rows.csv:current_basecase:2030Q1; data/current_revenue_outlook/revenue_chart_rows.csv:current_basecase:2030Q2; data/current_revenue_outlook/revenue_chart_rows.csv:current_basecase:2029Q3; data/current_revenue_outlook/revenue_chart_rows.csv:current_basecase:2029Q4; data/current_revenue_outlook/revenue_chart_rows.csv:current_basecase:2030Q1; data/current_revenue_outlook/revenue_chart_rows.csv:current_basecase:2030Q2; AF16; AF10; AF12; AF14; scenario_inputs/scenario_input_wide.parquet:PED:population (2029Q3; 2029Q4; 2030Q1; 2030Q2),U_t=current PED-derived light petrol activity + current finalist total Light RUC; target components=U_t*MBU26 light-mobility proportions; lambda allocates EV/PHEV migration between PED and Light RUC. PED light-petrol activity uses population_source=scenario_input_population.,available,available,False,EV/PHEV uptake is allocated between PED/light-petrol and total Light RUC to match MBU proportions; it is not a new model.
2030,FY2030,Current finalist Base case,current_basecase,basecase,fixed_ped_only,0.0,0.19774229694180107,0.0,1.0,lambda_lower_bound,25.0,33786.86651454969,14129.750867690173,47916.61738223986,32869.8724784727,14402.4384228319,3074.13637597232,1688.91801832143,52035.36529559835,0.631683323288847,0.276781729906491,0.05907782829060604,0.03245711851405596,0.091534946804662,30268.12810877341,13262.444250323786,2830.809693974635,1555.2353291680329,4386.0450231426685,29400.821491407023,14129.750867690173,2830.809693974635,1555.2353291680329,4386.045023142668,29400.821491407023,14129.750867690173,2830.809693974635,1555.2353291680329,47916.61738223986,0.0,0.6135829926572476,0.29488206053809046,0.05907782829060604,0.03245711851405596,-0.018100330631599437,0.018100330631599437,0.0,0.0,0.0006552439379464338,8.757543274926979,0.9400992657432979,0.08995414577228922,0.08996500000000007,0.044364999999999856,2574.7896652940017,2420.557873786323,1271.0296692783318,254.67379411842825,68.99801537853955,2781.659206232161,1271.0296692783318,254.67379411842825,68.99801537853955,4015.2593525616226,4376.360685007461,-361.1013324458386,forecast_scenario_comparison.parquet; mbu26_official_annual.csv,data/current_revenue_outlook/revenue_chart_rows.csv:current_basecase:2029Q3; data/current_revenue_outlook/revenue_chart_rows.csv:current_basecase:2029Q4; data/current_revenue_outlook/revenue_chart_rows.csv:current_basecase:2030Q1; data/current_revenue_outlook/revenue_chart_rows.csv:current_basecase:2030Q2; data/current_revenue_outlook/revenue_chart_rows.csv:current_basecase:2029Q3; data/current_revenue_outlook/revenue_chart_rows.csv:current_basecase:2029Q4; data/current_revenue_outlook/revenue_chart_rows.csv:current_basecase:2030Q1; data/current_revenue_outlook/revenue_chart_rows.csv:current_basecase:2030Q2; AF16; AF10; AF12; AF14; scenario_inputs/scenario_input_wide.parquet:PED:population (2029Q3; 2029Q4; 2030Q1; 2030Q2),U_t=current PED-derived light petrol activity + current finalist total Light RUC; target components=U_t*MBU26 light-mobility proportions; lambda allocates EV/PHEV migration between PED and Light RUC. PED light-petrol activity uses population_source=scenario_input_population.,available,available,False,EV/PHEV uptake is allocated between PED/light-petrol and total Light RUC to match MBU proportions; it is not a new model.
2030,FY2030,Current finalist Base case,current_basecase,basecase,mbu_ratio,0.3046696501235447,0.19774229694180107,0.0,1.0,,25.0,33786.86651454969,14129.750867690173,47916.61738223986,32869.8724784727,14402.4384228319,3074.13637597232,1688.91801832143,52035.36529559835,0.631683323288847,0.276781729906491,0.05907782829060604,0.03245711851405596,0.091534946804662,30268.12810877341,13262.444250323786,2830.809693974635,1555.2353291680329,4386.0450231426685,30737.116294034015,12793.456065063181,2830.809693974635,1555.2353291680329,4386.045023142668,30737.116294034015,12793.456065063181,2830.809693974635,1555.2353291680329,47916.61738223986,0.0,0.6414709128743012,0.2669941403210368,0.05907782829060604,0.03245711851405596,0.009787589585454226,-0.009787589585454226,0.0,0.0,0.00019159381978658407,8.757543274926979,0.9400992657432979,0.08995414577228922,0.08996500000000007,0.044364999999999856,2691.8162609146607,2530.5744904017424,1150.824411808071,254.67379411842825,68.99801537853955,2781.659206232161,1271.0296692783318,254.67379411842825,68.99801537853955,4005.0707117067814,4376.360685007461,-371.2899733006798,forecast_scenario_comparison.parquet; mbu26_official_annual.csv,data/current_revenue_outlook/revenue_chart_rows.csv:current_basecase:2029Q3; data/current_revenue_outlook/revenue_chart_rows.csv:current_basecase:2029Q4; data/current_revenue_outlook/revenue_chart_rows.csv:current_basecase:2030Q1; data/current_revenue_outlook/revenue_chart_rows.csv:current_basecase:2030Q2; data/current_revenue_outlook/revenue_chart_rows.csv:current_basecase:2029Q3; data/current_revenue_outlook/revenue_chart_rows.csv:current_basecase:2029Q4; data/current_revenue_outlook/revenue_chart_rows.csv:current_basecase:2030Q1; data/current_revenue_outlook/revenue_chart_rows.csv:current_basecase:2030Q2; AF16; AF10; AF12; AF14; scenario_inputs/scenario_input_wide.parquet:PED:population (2029Q3; 2029Q4; 2030Q1; 2030Q2),U_t=current PED-derived light petrol activity + current finalist total Light RUC; target components=U_t*MBU26 light-mobility proportions; lambda allocates EV/PHEV migration between PED and Light RUC. PED light-petrol activity uses population_source=scenario_input_population.,available,available,False,EV/PHEV uptake is allocated between PED/light-petrol and total Light RUC to match MBU proportions; it is not a new model.
2031,FY2031,Current finalist Base case,current_basecase,basecase,optimized,0.3061323944465855,0.25072081698209625,0.0,1.0,,25.0,34043.2191814063,14471.155567043552,48514.374748449845,32608.0056469469,14246.1931200422,3699.27203826942,1982.30123651121,52535.77204176972,0.6206819540221316,0.2711712908437979,0.07041434615880837,0.03773240897526237,0.10814675513407074,30111.996917029806,13155.705625016897,3416.1079772154994,1830.564229187651,5246.67220640315,30402.723300425692,12864.979241621006,3416.1079772154994,1830.564229187651,5246.672206403151,30402.723300425692,12864.979241621006,3416.1079772154994,1830.564229187651,48514.374748449845,0.0,0.6266745363217762,0.26517870854415315,0.07041434615880837,0.03773240897526237,0.005992582299644611,-0.005992582299644722,0.0,0.0,7.182208523602912e-05,8.6704364524934,0.9801272010486018,0.09379000000000014,0.09379000000000001,0.046255000000000095,2636.048803590814,2583.6631356909797,1206.606403071636,320.39676718304173,84.67274842107497,2893.0372305830897,1357.2496806330166,320.39676718304173,84.67274842107497,4195.339054366732,4655.356426820223,-460.0173724534907,forecast_scenario_comparison.parquet; mbu26_official_annual.csv,data/current_revenue_outlook/revenue_chart_rows.csv:current_basecase:2030Q3; data/current_revenue_outlook/revenue_chart_rows.csv:current_basecase:2030Q4; data/current_revenue_outlook/revenue_chart_rows.csv:current_basecase:2031Q1; data/current_revenue_outlook/revenue_chart_rows.csv:current_basecase:2031Q2; data/current_revenue_outlook/revenue_chart_rows.csv:current_basecase:2030Q3; data/current_revenue_outlook/revenue_chart_rows.csv:current_basecase:2030Q4; data/current_revenue_outlook/revenue_chart_rows.csv:current_basecase:2031Q1; data/current_revenue_outlook/revenue_chart_rows.csv:current_basecase:2031Q2; AG16; AG10; AG12; AG14; scenario_inputs/scenario_input_wide.parquet:PED:population (2030Q3; 2030Q4; 2031Q1; 2031Q2),U_t=current PED-derived light petrol activity + current finalist total Light RUC; target components=U_t*MBU26 light-mobility proportions; lambda allocates EV/PHEV migration between PED and Light RUC. PED light-petrol activity uses population_source=scenario_input_population.,available,available,False,EV/PHEV uptake is allocated between PED/light-petrol and total Light RUC to match MBU proportions; it is not a new model.
2031,FY2031,Current finalist Base case,current_basecase,basecase,fixed_light_only,1.0,0.25072081698209625,0.0,1.0,lambda_upper_bound,25.0,34043.2191814063,14471.155567043552,48514.374748449845,32608.0056469469,14246.1931200422,3699.27203826942,1982.30123651121,52535.77204176972,0.6206819540221316,0.2711712908437979,0.07041434615880837,0.03773240897526237,0.10814675513407074,30111.996917029806,13155.705625016897,3416.1079772154994,1830.564229187651,5246.67220640315,34043.2191814063,9224.483360640403,3416.1079772154994,1830.564229187651,5246.672206403151,34043.2191814063,9224.483360640403,3416.1079772154994,1830.564229187651,48514.374748449845,0.0,0.7017140663550253,0.1901391785109041,0.07041434615880837,0.03773240897526237,0.08103211233289376,-0.08103211233289379,0.0,0.0,0.01313240645826143,8.6704364524934,0.9801272010486018,0.09379000000000014,0.09379000000000001,0.046255000000000095,2951.695685506877,2893.0372305830897,865.1642943944646,320.39676718304173,84.67274842107497,2893.0372305830897,1357.2496806330166,320.39676718304173,84.67274842107497,4163.271040581671,4655.356426820223,-492.085386238552,forecast_scenario_comparison.parquet; mbu26_official_annual.csv,data/current_revenue_outlook/revenue_chart_rows.csv:current_basecase:2030Q3; data/current_revenue_outlook/revenue_chart_rows.csv:current_basecase:2030Q4; data/current_revenue_outlook/revenue_chart_rows.csv:current_basecase:2031Q1; data/current_revenue_outlook/revenue_chart_rows.csv:current_basecase:2031Q2; data/current_revenue_outlook/revenue_chart_rows.csv:current_basecase:2030Q3; data/current_revenue_outlook/revenue_chart_rows.csv:current_basecase:2030Q4; data/current_revenue_outlook/revenue_chart_rows.csv:current_basecase:2031Q1; data/current_revenue_outlook/revenue_chart_rows.csv:current_basecase:2031Q2; AG16; AG10; AG12; AG14; scenario_inputs/scenario_input_wide.parquet:PED:population (2030Q3; 2030Q4; 2031Q1; 2031Q2),U_t=current PED-derived light petrol activity + current finalist total Light RUC; target components=U_t*MBU26 light-mobility proportions; lambda allocates EV/PHEV migration between PED and Light RUC. PED light-petrol activity uses population_source=scenario_input_population.,available,available,False,EV/PHEV uptake is allocated between PED/light-petrol and total Light RUC to match MBU proportions; it is not a new model.
2031,FY2031,Current finalist Base case,current_basecase,basecase,fixed_ped_only,0.0,0.25072081698209625,0.0,1.0,lambda_lower_bound,25.0,34043.2191814063,14471.155567043552,48514.374748449845,32608.0056469469,14246.1931200422,3699.27203826942,1982.30123651121,52535.77204176972,0.6206819540221316,0.2711712908437979,0.07041434615880837,0.03773240897526237,0.10814675513407074,30111.996917029806,13155.705625016897,3416.1079772154994,1830.564229187651,5246.67220640315,28796.546975003148,14471.155567043552,3416.1079772154994,1830.564229187651,5246.672206403151,28796.546975003148,14471.155567043552,3416.1079772154994,1830.564229187651,48514.374748449845,0.0,0.5935673112209545,0.2982859336449748,0.07041434615880837,0.03773240897526237,-0.027114642801177036,0.027114642801176925,0.0,0.0,0.0014704077084708373,8.6704364524934,0.9801272010486018,0.09379000000000014,0.09379000000000001,0.046255000000000095,2496.7863059800584,2447.1681736967125,1357.2496806330166,320.39676718304173,84.67274842107497,2893.0372305830897,1357.2496806330166,320.39676718304173,84.67274842107497,4209.487369933846,4655.356426820223,-445.8690568863767,forecast_scenario_comparison.parquet; mbu26_official_annual.csv,data/current_revenue_outlook/revenue_chart_rows.csv:current_basecase:2030Q3; data/current_revenue_outlook/revenue_chart_rows.csv:current_basecase:2030Q4; data/current_revenue_outlook/revenue_chart_rows.csv:current_basecase:2031Q1; data/current_revenue_outlook/revenue_chart_rows.csv:current_basecase:2031Q2; data/current_revenue_outlook/revenue_chart_rows.csv:current_basecase:2030Q3; data/current_revenue_outlook/revenue_chart_rows.csv:current_basecase:2030Q4; data/current_revenue_outlook/revenue_chart_rows.csv:current_basecase:2031Q1; data/current_revenue_outlook/revenue_chart_rows.csv:current_basecase:2031Q2; AG16; AG10; AG12; AG14; scenario_inputs/scenario_input_wide.parquet:PED:population (2030Q3; 2030Q4; 2031Q1; 2031Q2),U_t=current PED-derived light petrol activity + current finalist total Light RUC; target components=U_t*MBU26 light-mobility proportions; lambda allocates EV/PHEV migration between PED and Light RUC. PED light-petrol activity uses population_source=scenario_input_population.,available,available,False,EV/PHEV uptake is allocated between PED/light-petrol and total Light RUC to match MBU proportions; it is not a new model.
2031,FY2031,Current finalist Base case,current_basecase,basecase,mbu_ratio,0.30405371332652664,0.25072081698209625,0.0,1.0,,25.0,34043.2191814063,14471.155567043552,48514.374748449845,32608.0056469469,14246.1931200422,3699.27203826942,1982.30123651121,52535.77204176972,0.6206819540221316,0.2711712908437979,0.07041434615880837,0.03773240897526237,0.10814675513407074,30111.996917029806,13155.705625016897,3416.1079772154994,1830.564229187651,5246.67220640315,30391.817141967105,12875.885400079593,3416.1079772154994,1830.564229187651,5246.672206403151,30391.817141967105,12875.885400079593,3416.1079772154994,1830.564229187651,48514.374748449845,0.0,0.6264497337036834,0.265403511162246,0.07041434615880837,0.03773240897526237,0.005767779681551843,-0.005767779681551899,0.0,0.0,6.65345649098452e-05,8.6704364524934,0.9801272010486018,0.09379000000000014,0.09379000000000001,0.046255000000000095,2635.1031920522537,2582.736316100412,1207.6292916734667,320.39676718304173,84.67274842107497,2893.0372305830897,1357.2496806330166,320.39676718304173,84.67274842107497,4195.435123377995,4655.356426820223,-459.9213034422273,forecast_scenario_comparison.parquet; mbu26_official_annual.csv,data/current_revenue_outlook/revenue_chart_rows.csv:current_basecase:2030Q3; data/current_revenue_outlook/revenue_chart_rows.csv:current_basecase:2030Q4; data/current_revenue_outlook/revenue_chart_rows.csv:current_basecase:2031Q1; data/current_revenue_outlook/revenue_chart_rows.csv:current_basecase:2031Q2; data/current_revenue_outlook/revenue_chart_rows.csv:current_basecase:2030Q3; data/current_revenue_outlook/revenue_chart_rows.csv:current_basecase:2030Q4; data/current_revenue_outlook/revenue_chart_rows.csv:current_basecase:2031Q1; data/current_revenue_outlook/revenue_chart_rows.csv:current_basecase:2031Q2; AG16; AG10; AG12; AG14; scenario_inputs/scenario_input_wide.parquet:PED:population (2030Q3; 2030Q4; 2031Q1; 2031Q2),U_t=current PED-derived light petrol activity + current finalist total Light RUC; target components=U_t*MBU26 light-mobility proportions; lambda allocates EV/PHEV migration between PED and Light RUC. PED light-petrol activity uses population_source=scenario_input_population.,available,available,False,EV/PHEV uptake is allocated between PED/light-petrol and total Light RUC to match MBU proportions; it is not a new model.
2032,FY2032,Current finalist Base case,current_basecase,basecase,optimized,0.3188350664143256,0.29511383718612466,0.0,1.0,,25.0,34222.375581011845,14823.798543897537,49046.17412490938,32257.3015633196,14040.9690145148,4398.02707007662,2294.23844446945,52990.53609238047,0.608737030081828,0.2649712580759068,0.08299646303651971,0.04329524880574551,0.12629171184226523,29856.222373673536,12995.826461687227,4070.658977840751,2123.4663117078694,6194.1252895486205,30003.154639535114,12848.89419582565,4070.658977840751,2123.4663117078694,6194.1252895486205,30003.154639535114,12848.89419582565,4070.658977840751,2123.4663117078694,49046.17412490938,0.0,0.6117328247280602,0.2619754634296746,0.08299646303651971,0.04329524880574551,0.0029957946462322305,-0.0029957946462322305,0.0,0.0,1.794957112478739e-05,8.583296413903813,1.0201409097685845,0.09761499999999984,0.09761499999999995,0.04813999999999986,2575.259696233233,2627.127769405739,1254.2448069255188,397.35737612192474,102.22366824561654,2996.5700041901373,1447.0250948625558,397.35737612192474,102.22366824561654,4380.9536206988,4943.176143420234,-562.2225227214349,forecast_scenario_comparison.parquet; mbu26_official_annual.csv,data/current_revenue_outlook/revenue_chart_rows.csv:current_basecase:2031Q3; data/current_revenue_outlook/revenue_chart_rows.csv:current_basecase:2031Q4; data/current_revenue_outlook/revenue_chart_rows.csv:current_basecase:2032Q1; data/current_revenue_outlook/revenue_chart_rows.csv:current_basecase:2032Q2; data/current_revenue_outlook/revenue_chart_rows.csv:current_basecase:2031Q3; data/current_revenue_outlook/revenue_chart_rows.csv:current_basecase:2031Q4; data/current_revenue_outlook/revenue_chart_rows.csv:current_basecase:2032Q1; data/current_revenue_outlook/revenue_chart_rows.csv:current_basecase:2032Q2; AH16; AH10; AH12; AH14; scenario_inputs/scenario_input_wide.parquet:PED:population (2031Q3; 2031Q4; 2032Q1; 2032Q2),U_t=current PED-derived light petrol activity + current finalist total Light RUC; target components=U_t*MBU26 light-mobility proportions; lambda allocates EV/PHEV migration between PED and Light RUC. PED light-petrol activity uses population_source=scenario_input_population.,available,available,False,EV/PHEV uptake is allocated between PED/light-petrol and total Light RUC to match MBU proportions; it is not a new model.
2032,FY2032,Current finalist Base case,current_basecase,basecase,fixed_light_only,1.0,0.29511383718612466,0.0,1.0,lambda_upper_bound,25.0,34222.375581011845,14823.798543897537,49046.17412490938,32257.3015633196,14040.9690145148,4398.02707007662,2294.23844446945,52990.53609238047,0.608737030081828,0.2649712580759068,0.08299646303651971,0.04329524880574551,0.12629171184226523,29856.222373673536,12995.826461687227,4070.658977840751,2123.4663117078694,6194.1252895486205,34222.375581011845,8629.673254348916,4070.658977840751,2123.4663117078694,6194.1252895486205,34222.375581011845,8629.673254348916,4070.658977840751,2123.4663117078694,49046.17412490938,0.0,0.6977583102375179,0.17594997792021683,0.08299646303651971,0.04329524880574551,0.08902128015568989,-0.08902128015569,0.0,0.0,0.01584957664111567,8.583296413903813,1.0201409097685845,0.09761499999999984,0.09761499999999995,0.04813999999999986,2937.407935997684,2996.5700041901373,842.3855547232681,397.35737612192474,102.22366824561654,2996.5700041901373,1447.0250948625558,397.35737612192474,102.22366824561654,4338.536603280947,4943.176143420234,-604.6395401392874,forecast_scenario_comparison.parquet; mbu26_official_annual.csv,data/current_revenue_outlook/revenue_chart_rows.csv:current_basecase:2031Q3; data/current_revenue_outlook/revenue_chart_rows.csv:current_basecase:2031Q4; data/current_revenue_outlook/revenue_chart_rows.csv:current_basecase:2032Q1; data/current_revenue_outlook/revenue_chart_rows.csv:current_basecase:2032Q2; data/current_revenue_outlook/revenue_chart_rows.csv:current_basecase:2031Q3; data/current_revenue_outlook/revenue_chart_rows.csv:current_basecase:2031Q4; data/current_revenue_outlook/revenue_chart_rows.csv:current_basecase:2032Q1; data/current_revenue_outlook/revenue_chart_rows.csv:current_basecase:2032Q2; AH16; AH10; AH12; AH14; scenario_inputs/scenario_input_wide.parquet:PED:population (2031Q3; 2031Q4; 2032Q1; 2032Q2),U_t=current PED-derived light petrol activity + current finalist total Light RUC; target components=U_t*MBU26 light-mobility proportions; lambda allocates EV/PHEV migration between PED and Light RUC. PED light-petrol activity uses population_source=scenario_input_population.,available,available,False,EV/PHEV uptake is allocated between PED/light-petrol and total Light RUC to match MBU proportions; it is not a new model.
2032,FY2032,Current finalist Base case,current_basecase,basecase,fixed_ped_only,0.0,0.29511383718612466,0.0,1.0,lambda_lower_bound,25.0,34222.375581011845,14823.798543897537,49046.17412490938,32257.3015633196,14040.9690145148,4398.02707007662,2294.23844446945,52990.53609238047,0.608737030081828,0.2649712580759068,0.08299646303651971,0.04329524880574551,0.12629171184226523,29856.222373673536,12995.826461687227,4070.658977840751,2123.4663117078694,6194.1252895486205,28028.250291463224,14823.798543897537,4070.658977840751,2123.4663117078694,6194.1252895486205,28028.250291463224,14823.798543897537,4070.658977840751,2123.4663117078694,49046.17412490938,0.0,0.5714665983952527,0.30224168976248206,0.08299646303651971,0.04329524880574551,-0.03727043168657529,0.037270431686575234,0.0,0.0,0.0027781701562073465,8.583296413903813,1.0201409097685845,0.09761499999999984,0.09761499999999995,0.04813999999999986,2405.747802147148,2454.2017515561643,1447.0250948625558,397.35737612192474,102.22366824561654,2996.5700041901373,1447.0250948625558,397.35737612192474,102.22366824561654,4400.807890786262,4943.176143420234,-542.3682526339726,forecast_scenario_comparison.parquet; mbu26_official_annual.csv,data/current_revenue_outlook/revenue_chart_rows.csv:current_basecase:2031Q3; data/current_revenue_outlook/revenue_chart_rows.csv:current_basecase:2031Q4; data/current_revenue_outlook/revenue_chart_rows.csv:current_basecase:2032Q1; data/current_revenue_outlook/revenue_chart_rows.csv:current_basecase:2032Q2; data/current_revenue_outlook/revenue_chart_rows.csv:current_basecase:2031Q3; data/current_revenue_outlook/revenue_chart_rows.csv:current_basecase:2031Q4; data/current_revenue_outlook/revenue_chart_rows.csv:current_basecase:2032Q1; data/current_revenue_outlook/revenue_chart_rows.csv:current_basecase:2032Q2; AH16; AH10; AH12; AH14; scenario_inputs/scenario_input_wide.parquet:PED:population (2031Q3; 2031Q4; 2032Q1; 2032Q2),U_t=current PED-derived light petrol activity + current finalist total Light RUC; target components=U_t*MBU26 light-mobility proportions; lambda allocates EV/PHEV migration between PED and Light RUC. PED light-petrol activity uses population_source=scenario_input_population.,available,available,False,EV/PHEV uptake is allocated between PED/light-petrol and total Light RUC to match MBU proportions; it is not a new model.
2032,FY2032,Current finalist Base case,current_basecase,basecase,mbu_ratio,0.30327199783650244,0.29511383718612466,0.0,1.0,,25.0,34222.375581011845,14823.798543897537,49046.17412490938,32257.3015633196,14040.9690145148,4398.02707007662,2294.23844446945,52990.53609238047,0.608737030081828,0.2649712580759068,0.08299646303651971,0.04329524880574551,0.12629171184226523,29856.222373673536,12995.826461687227,4070.658977840751,2123.4663117078694,6194.1252895486205,29906.75504287424,12945.293792486524,4070.658977840751,2123.4663117078694,6194.1252895486205,29906.75504287424,12945.293792486524,4070.658977840751,2123.4663117078694,49046.17412490938,0.0,0.6097673381558484,0.26394095000188644,0.08299646303651971,0.04329524880574551,0.0010303080740203807,-0.0010303080740203807,0.0,0.0,2.1230694547831726e-06,8.583296413903813,1.0201409097685845,0.09761499999999984,0.09761499999999995,0.04813999999999986,2566.9854331100228,2618.6868550955624,1263.6548535535699,397.35737612192474,102.22366824561654,2996.5700041901373,1447.0250948625558,397.35737612192474,102.22366824561654,4381.922753016674,4943.176143420234,-561.2533904035608,forecast_scenario_comparison.parquet; mbu26_official_annual.csv,data/current_revenue_outlook/revenue_chart_rows.csv:current_basecase:2031Q3; data/current_revenue_outlook/revenue_chart_rows.csv:current_basecase:2031Q4; data/current_revenue_outlook/revenue_chart_rows.csv:current_basecase:2032Q1; data/current_revenue_outlook/revenue_chart_rows.csv:current_basecase:2032Q2; data/current_revenue_outlook/revenue_chart_rows.csv:current_basecase:2031Q3; data/current_revenue_outlook/revenue_chart_rows.csv:current_basecase:2031Q4; data/current_revenue_outlook/revenue_chart_rows.csv:current_basecase:2032Q1; data/current_revenue_outlook/revenue_chart_rows.csv:current_basecase:2032Q2; AH16; AH10; AH12; AH14; scenario_inputs/scenario_input_wide.parquet:PED:population (2031Q3; 2031Q4; 2032Q1; 2032Q2),U_t=current PED-derived light petrol activity + current finalist total Light RUC; target components=U_t*MBU26 light-mobility proportions; lambda allocates EV/PHEV migration between PED and Light RUC. PED light-petrol activity uses population_source=scenario_input_population.,available,available,False,EV/PHEV uptake is allocated between PED/light-petrol and total Light RUC to match MBU proportions; it is not a new model.
2033,FY2033,Current finalist Base case,current_basecase,basecase,optimized,0.33089104976523775,0.3290827435066867,0.0,1.0,,25.0,34351.769842427224,15188.614939612584,49540.38478203981,31744.9327751708,13782.7022644857,5198.25079890367,2610.75237942357,53336.63821798374,0.5951806082233962,0.25840965469470717,0.09746116314377973,0.04894857393811693,0.14640973708189664,29485.476346195537,12801.713724969833,4828.263523448004,2424.931187426438,7253.194710874442,29498.592343585697,12788.597727579669,4828.263523448004,2424.931187426438,7253.1947108744425,29498.592343585697,12788.597727579669,4828.263523448004,2424.931187426438,49540.38478203981,0.0,0.5954453618672741,0.25814490105082916,0.09746116314377973,0.04894857393811693,0.0002647536438779019,-0.0002647536438780129,0.0,0.0,1.401889838933126e-07,8.496172791765561,1.0601469577062015,0.10144499999999985,0.10144500000000004,0.050024999999999965,2506.251376649567,2656.994772202018,1297.3392964743175,489.8031931361829,121.30718265100748,3094.1297748759443,1540.8090425489963,489.8031931361829,121.30718265100748,4565.444444463526,5246.049193212131,-680.6047487486048,forecast_scenario_comparison.parquet; mbu26_official_annual.csv,data/current_revenue_outlook/revenue_chart_rows.csv:current_basecase:2032Q3; data/current_revenue_outlook/revenue_chart_rows.csv:current_basecase:2032Q4; data/current_revenue_outlook/revenue_chart_rows.csv:current_basecase:2033Q1; data/current_revenue_outlook/revenue_chart_rows.csv:current_basecase:2033Q2; data/current_revenue_outlook/revenue_chart_rows.csv:current_basecase:2032Q3; data/current_revenue_outlook/revenue_chart_rows.csv:current_basecase:2032Q4; data/current_revenue_outlook/revenue_chart_rows.csv:current_basecase:2033Q1; data/current_revenue_outlook/revenue_chart_rows.csv:current_basecase:2033Q2; AI16; AI10; AI12; AI14; scenario_inputs/scenario_input_wide.parquet:PED:population (2032Q3; 2032Q4; 2033Q1; 2033Q2),U_t=current PED-derived light petrol activity + current finalist total Light RUC; target components=U_t*MBU26 light-mobility proportions; lambda allocates EV/PHEV migration between PED and Light RUC. PED light-petrol activity uses population_source=scenario_input_population.,available,available,False,EV/PHEV uptake is allocated between PED/light-petrol and total Light RUC to match MBU proportions; it is not a new model.
2033,FY2033,Current finalist Base case,current_basecase,basecase,fixed_light_only,1.0,0.3290827435066867,0.0,1.0,lambda_upper_bound,25.0,34351.769842427224,15188.614939612584,49540.38478203981,31744.9327751708,13782.7022644857,5198.25079890367,2610.75237942357,53336.63821798374,0.5951806082233962,0.25840965469470717,0.09746116314377973,0.04894857393811693,0.14640973708189664,29485.476346195537,12801.713724969833,4828.263523448004,2424.931187426438,7253.194710874442,34351.769842427224,7935.420228738142,4828.263523448004,2424.931187426438,7253.1947108744425,34351.769842427224,7935.420228738142,4828.263523448004,2424.931187426438,49540.38478203981,0.0,0.6934094273502895,0.16018083556781376,0.09746116314377973,0.04894857393811693,0.0982288191268933,-0.09822881912689341,0.0,0.0,0.01929780181412786,8.496172791765561,1.0601469577062015,0.10144499999999985,0.10144500000000004,0.050024999999999965,2918.585722842229,3094.1297748759443,805.0087051043397,489.8031931361829,121.30718265100748,3094.1297748759443,1540.8090425489963,489.8031931361829,121.30718265100748,4510.248855767475,5246.049193212131,-735.8003374446562,forecast_scenario_comparison.parquet; mbu26_official_annual.csv,data/current_revenue_outlook/revenue_chart_rows.csv:current_basecase:2032Q3; data/current_revenue_outlook/revenue_chart_rows.csv:current_basecase:2032Q4; data/current_revenue_outlook/revenue_chart_rows.csv:current_basecase:2033Q1; data/current_revenue_outlook/revenue_chart_rows.csv:current_basecase:2033Q2; data/current_revenue_outlook/revenue_chart_rows.csv:current_basecase:2032Q3; data/current_revenue_outlook/revenue_chart_rows.csv:current_basecase:2032Q4; data/current_revenue_outlook/revenue_chart_rows.csv:current_basecase:2033Q1; data/current_revenue_outlook/revenue_chart_rows.csv:current_basecase:2033Q2; AI16; AI10; AI12; AI14; scenario_inputs/scenario_input_wide.parquet:PED:population (2032Q3; 2032Q4; 2033Q1; 2033Q2),U_t=current PED-derived light petrol activity + current finalist total Light RUC; target components=U_t*MBU26 light-mobility proportions; lambda allocates EV/PHEV migration between PED and Light RUC. PED light-petrol activity uses population_source=scenario_input_population.,available,available,False,EV/PHEV uptake is allocated between PED/light-petrol and total Light RUC to match MBU proportions; it is not a new model.
2033,FY2033,Current finalist Base case,current_basecase,basecase,fixed_ped_only,0.0,0.3290827435066867,0.0,1.0,lambda_lower_bound,25.0,34351.769842427224,15188.614939612584,49540.38478203981,31744.9327751708,13782.7022644857,5198.25079890367,2610.75237942357,53336.63821798374,0.5951806082233962,0.25840965469470717,0.09746116314377973,0.04894857393811693,0.14640973708189664,29485.476346195537,12801.713724969833,4828.263523448004,2424.931187426438,7253.194710874442,27098.57513155278,15188.614939612584,4828.263523448004,2424.931187426438,7253.1947108744425,27098.57513155278,15188.614939612584,4828.263523448004,2424.931187426438,49540.38478203981,0.0,0.5469996902683929,0.3065905726497104,0.09746116314377973,0.04894857393811693,-0.048180917955003344,0.04818091795500323,0.0,0.0,0.004642801709973516,8.496172791765561,1.0601469577062015,0.10144499999999985,0.10144500000000004,0.050024999999999965,2302.341767283136,2440.820620185136,1540.8090425489963,489.8031931361829,121.30718265100748,3094.1297748759443,1540.8090425489963,489.8031931361829,121.30718265100748,4592.740038521322,5246.049193212131,-653.309154690809,forecast_scenario_comparison.parquet; mbu26_official_annual.csv,data/current_revenue_outlook/revenue_chart_rows.csv:current_basecase:2032Q3; data/current_revenue_outlook/revenue_chart_rows.csv:current_basecase:2032Q4; data/current_revenue_outlook/revenue_chart_rows.csv:current_basecase:2033Q1; data/current_revenue_outlook/revenue_chart_rows.csv:current_basecase:2033Q2; data/current_revenue_outlook/revenue_chart_rows.csv:current_basecase:2032Q3; data/current_revenue_outlook/revenue_chart_rows.csv:current_basecase:2032Q4; data/current_revenue_outlook/revenue_chart_rows.csv:current_basecase:2033Q1; data/current_revenue_outlook/revenue_chart_rows.csv:current_basecase:2033Q2; AI16; AI10; AI12; AI14; scenario_inputs/scenario_input_wide.parquet:PED:population (2032Q3; 2032Q4; 2033Q1; 2033Q2),U_t=current PED-derived light petrol activity + current finalist total Light RUC; target components=U_t*MBU26 light-mobility proportions; lambda allocates EV/PHEV migration between PED and Light RUC. PED light-petrol activity uses population_source=scenario_input_population.,available,available,False,EV/PHEV uptake is allocated between PED/light-petrol and total Light RUC to match MBU proportions; it is not a new model.
2033,FY2033,Current finalist Base case,current_basecase,basecase,mbu_ratio,0.302732664512013,0.3290827435066867,0.0,1.0,,25.0,34351.769842427224,15188.614939612584,49540.38478203981,31744.9327751708,13782.7022644857,5198.25079890367,2610.75237942357,53336.63821798374,0.5951806082233962,0.25840965469470717,0.09746116314377973,0.04894857393811693,0.14640973708189664,29485.476346195537,12801.713724969833,4828.263523448004,2424.931187426438,7253.194710874442,29294.354092600242,12992.835978565125,4828.263523448004,2424.931187426438,7253.1947108744425,29294.354092600242,12992.835978565125,4828.263523448004,2424.931187426438,49540.38478203981,0.0,0.5913227000856988,0.2622675628324046,0.09746116314377973,0.04894857393811693,-0.0038579081376974855,0.00385790813769743,0.0,0.0,2.9766910397824536e-05,8.496172791765561,1.0601469577062015,0.10144499999999985,0.10144500000000004,0.050024999999999965,2488.898941938963,2638.5986413347755,1318.0582458455372,489.8031931361829,121.30718265100748,3094.1297748759443,1540.8090425489963,489.8031931361829,121.30718265100748,4567.7672629675035,5246.049193212131,-678.2819302446278,forecast_scenario_comparison.parquet; mbu26_official_annual.csv,data/current_revenue_outlook/revenue_chart_rows.csv:current_basecase:2032Q3; data/current_revenue_outlook/revenue_chart_rows.csv:current_basecase:2032Q4; data/current_revenue_outlook/revenue_chart_rows.csv:current_basecase:2033Q1; data/current_revenue_outlook/revenue_chart_rows.csv:current_basecase:2033Q2; data/current_revenue_outlook/revenue_chart_rows.csv:current_basecase:2032Q3; data/current_revenue_outlook/revenue_chart_rows.csv:current_basecase:2032Q4; data/current_revenue_outlook/revenue_chart_rows.csv:current_basecase:2033Q1; data/current_revenue_outlook/revenue_chart_rows.csv:current_basecase:2033Q2; AI16; AI10; AI12; AI14; scenario_inputs/scenario_input_wide.parquet:PED:population (2032Q3; 2032Q4; 2033Q1; 2033Q2),U_t=current PED-derived light petrol activity + current finalist total Light RUC; target components=U_t*MBU26 light-mobility proportions; lambda allocates EV/PHEV migration between PED and Light RUC. PED light-petrol activity uses population_source=scenario_input_population.,available,available,False,EV/PHEV uptake is allocated between PED/light-petrol and total Light RUC to match MBU proportions; it is not a new model.
2034,FY2034,Current finalist Base case,current_basecase,basecase,optimized,0.34204133381337326,0.3542446403775867,0.0,1.0,,25.0,34484.82936216152,15562.415329297388,50047.24469145891,31150.8714407203,13486.5281007032,6169.96962436653,2923.8213822621,53731.19054805214,0.5797539775870383,0.2509999864723287,0.11483031664538845,0.05441571929524451,0.16924603594063298,29015.089177145088,12561.857740533509,5746.940955149463,2723.356818630844,8470.297773780307,28911.723536721478,12665.223380957126,5746.940955149463,2723.356818630844,8470.297773780307,28911.723536721478,12665.223380957126,5746.940955149463,2723.356818630844,50047.24469145891,0.0,0.5776886163256769,0.2530653477336901,0.11483031664538845,0.05441571929524451,-0.0020653612613613648,0.0020653612613614203,0.0,0.0,8.531434279864645e-06,8.409038557513078,1.1001419629388474,0.10527500000000004,0.10527499999999991,0.051915000000000024,2431.1979798444927,2674.6629178390804,1333.3313914302619,605.0092090533592,141.38306923922033,3190.2385274897733,1638.333273791783,605.0092090533592,141.38306923922033,4754.386587561921,5574.964079574135,-820.577492012214,forecast_scenario_comparison.parquet; mbu26_official_annual.csv,data/current_revenue_outlook/revenue_chart_rows.csv:current_basecase:2033Q3; data/current_revenue_outlook/revenue_chart_rows.csv:current_basecase:2033Q4; data/current_revenue_outlook/revenue_chart_rows.csv:current_basecase:2034Q1; data/current_revenue_outlook/revenue_chart_rows.csv:current_basecase:2034Q2; data/current_revenue_outlook/revenue_chart_rows.csv:current_basecase:2033Q3; data/current_revenue_outlook/revenue_chart_rows.csv:current_basecase:2033Q4; data/current_revenue_outlook/revenue_chart_rows.csv:current_basecase:2034Q1; data/current_revenue_outlook/revenue_chart_rows.csv:current_basecase:2034Q2; AJ16; AJ10; AJ12; AJ14; scenario_inputs/scenario_input_wide.parquet:PED:population (2033Q3; 2033Q4; 2034Q1; 2034Q2),U_t=current PED-derived light petrol activity + current finalist total Light RUC; target components=U_t*MBU26 light-mobility proportions; lambda allocates EV/PHEV migration between PED and Light RUC. PED light-petrol activity uses population_source=scenario_input_population.,available,available,False,EV/PHEV uptake is allocated between PED/light-petrol and total Light RUC to match MBU proportions; it is not a new model.
2034,FY2034,Current finalist Base case,current_basecase,basecase,fixed_light_only,1.0,0.3542446403775867,0.0,1.0,lambda_upper_bound,25.0,34484.82936216152,15562.415329297388,50047.24469145891,31150.8714407203,13486.5281007032,6169.96962436653,2923.8213822621,53731.19054805214,0.5797539775870383,0.2509999864723287,0.11483031664538845,0.05441571929524451,0.16924603594063298,29015.089177145088,12561.857740533509,5746.940955149463,2723.356818630844,8470.297773780307,34484.82936216152,7092.117555517081,5746.940955149463,2723.356818630844,8470.297773780307,34484.82936216152,7092.117555517081,5746.940955149463,2723.356818630844,50047.24469145891,0.0,0.6890455123905497,0.14170845166881738,0.11483031664538845,0.05441571929524451,0.10929153480351139,-0.10929153480351131,0.0,0.0,0.023889279159414266,8.409038557513078,1.1001419629388474,0.10527500000000004,0.10527499999999991,0.051915000000000024,2899.842597556754,3190.2385274897733,746.622675657061,605.0092090533592,141.38306923922033,3190.2385274897733,1638.333273791783,605.0092090533592,141.38306923922033,4683.253481439414,5574.964079574135,-891.7105981347213,forecast_scenario_comparison.parquet; mbu26_official_annual.csv,data/current_revenue_outlook/revenue_chart_rows.csv:current_basecase:2033Q3; data/current_revenue_outlook/revenue_chart_rows.csv:current_basecase:2033Q4; data/current_revenue_outlook/revenue_chart_rows.csv:current_basecase:2034Q1; data/current_revenue_outlook/revenue_chart_rows.csv:current_basecase:2034Q2; data/current_revenue_outlook/revenue_chart_rows.csv:current_basecase:2033Q3; data/current_revenue_outlook/revenue_chart_rows.csv:current_basecase:2033Q4; data/current_revenue_outlook/revenue_chart_rows.csv:current_basecase:2034Q1; data/current_revenue_outlook/revenue_chart_rows.csv:current_basecase:2034Q2; AJ16; AJ10; AJ12; AJ14; scenario_inputs/scenario_input_wide.parquet:PED:population (2033Q3; 2033Q4; 2034Q1; 2034Q2),U_t=current PED-derived light petrol activity + current finalist total Light RUC; target components=U_t*MBU26 light-mobility proportions; lambda allocates EV/PHEV migration between PED and Light RUC. PED light-petrol activity uses population_source=scenario_input_population.,available,available,False,EV/PHEV uptake is allocated between PED/light-petrol and total Light RUC to match MBU proportions; it is not a new model.
2034,FY2034,Current finalist Base case,current_basecase,basecase,fixed_ped_only,0.0,0.3542446403775867,0.0,1.0,lambda_lower_bound,25.0,34484.82936216152,15562.415329297388,50047.24469145891,31150.8714407203,13486.5281007032,6169.96962436653,2923.8213822621,53731.19054805214,0.5797539775870383,0.2509999864723287,0.11483031664538845,0.05441571929524451,0.16924603594063298,29015.089177145088,12561.857740533509,5746.940955149463,2723.356818630844,8470.297773780307,26014.531588381215,15562.415329297388,5746.940955149463,2723.356818630844,8470.297773780307,26014.531588381215,15562.415329297388,5746.940955149463,2723.356818630844,50047.24469145891,0.0,0.5197994764499168,0.3109544876094503,0.11483031664538845,0.05441571929524451,-0.05995450113712153,0.05995450113712164,0.0,0.0,0.007189084413202227,8.409038557513078,1.1001419629388474,0.10527500000000004,0.10527499999999991,0.051915000000000024,2187.571991823396,2406.639745154635,1638.333273791783,605.0092090533592,141.38306923922033,3190.2385274897733,1638.333273791783,605.0092090533592,141.38306923922033,4791.365297238997,5574.964079574135,-783.5987823351379,forecast_scenario_comparison.parquet; mbu26_official_annual.csv,data/current_revenue_outlook/revenue_chart_rows.csv:current_basecase:2033Q3; data/current_revenue_outlook/revenue_chart_rows.csv:current_basecase:2033Q4; data/current_revenue_outlook/revenue_chart_rows.csv:current_basecase:2034Q1; data/current_revenue_outlook/revenue_chart_rows.csv:current_basecase:2034Q2; data/current_revenue_outlook/revenue_chart_rows.csv:current_basecase:2033Q3; data/current_revenue_outlook/revenue_chart_rows.csv:current_basecase:2033Q4; data/current_revenue_outlook/revenue_chart_rows.csv:current_basecase:2034Q1; data/current_revenue_outlook/revenue_chart_rows.csv:current_basecase:2034Q2; AJ16; AJ10; AJ12; AJ14; scenario_inputs/scenario_input_wide.parquet:PED:population (2033Q3; 2033Q4; 2034Q1; 2034Q2),U_t=current PED-derived light petrol activity + current finalist total Light RUC; target components=U_t*MBU26 light-mobility proportions; lambda allocates EV/PHEV migration between PED and Light RUC. PED light-petrol activity uses population_source=scenario_input_population.,available,available,False,EV/PHEV uptake is allocated between PED/light-petrol and total Light RUC to match MBU proportions; it is not a new model.
2034,FY2034,Current finalist Base case,current_basecase,basecase,mbu_ratio,0.30213516556195674,0.3542446403775867,0.0,1.0,,25.0,34484.82936216152,15562.415329297388,50047.24469145891,31150.8714407203,13486.5281007032,6169.96962436653,2923.8213822621,53731.19054805214,0.5797539775870383,0.2509999864723287,0.11483031664538845,0.05441571929524451,0.16924603594063298,29015.089177145088,12561.857740533509,5746.940955149463,2723.356818630844,8470.297773780307,28573.7064086214,13003.240509057201,5746.940955149463,2723.356818630844,8470.297773780307,28573.7064086214,13003.240509057201,5746.940955149463,2723.356818630844,50047.24469145891,0.0,0.5709346555395447,0.2598193085198223,0.11483031664538845,0.05441571929524451,-0.008819322047493583,0.008819322047493638,0.0,0.0,0.00015556088275481378,8.409038557513078,1.1001419629388474,0.10527500000000004,0.10527499999999991,0.051915000000000024,2402.7739892115587,2643.392492989609,1368.9161445909972,605.0092090533592,141.38306923922033,3190.2385274897733,1638.333273791783,605.0092090533592,141.38306923922033,4758.700915873185,5574.964079574135,-816.2631637009499,forecast_scenario_comparison.parquet; mbu26_official_annual.csv,data/current_revenue_outlook/revenue_chart_rows.csv:current_basecase:2033Q3; data/current_revenue_outlook/revenue_chart_rows.csv:current_basecase:2033Q4; data/current_revenue_outlook/revenue_chart_rows.csv:current_basecase:2034Q1; data/current_revenue_outlook/revenue_chart_rows.csv:current_basecase:2034Q2; data/current_revenue_outlook/revenue_chart_rows.csv:current_basecase:2033Q3; data/current_revenue_outlook/revenue_chart_rows.csv:current_basecase:2033Q4; data/current_revenue_outlook/revenue_chart_rows.csv:current_basecase:2034Q1; data/current_revenue_outlook/revenue_chart_rows.csv:current_basecase:2034Q2; AJ16; AJ10; AJ12; AJ14; scenario_inputs/scenario_input_wide.parquet:PED:population (2033Q3; 2033Q4; 2034Q1; 2034Q2),U_t=current PED-derived light petrol activity + current finalist total Light RUC; target components=U_t*MBU26 light-mobility proportions; lambda allocates EV/PHEV migration between PED and Light RUC. PED light-petrol activity uses population_source=scenario_input_population.,available,available,False,EV/PHEV uptake is allocated between PED/light-petrol and total Light RUC to match MBU proportions; it is not a new model.
2035,FY2035,Current finalist Base case,current_basecase,basecase,optimized,0.35202380685863643,0.37141546662286223,0.0,1.0,,25.0,34610.852700775715,15945.421111663063,50556.273812438776,30425.364325564,13152.7808038663,7342.70646637953,3221.10020837769,54141.95180418753,0.5619554395748769,0.24293141206721364,0.13561953756184347,0.05949361079606588,0.19511314835790936,28410.37307353687,12281.706986112446,6856.418475292884,3007.77527749657,9864.193752789455,28219.089984434384,12472.99007521494,6856.418475292884,3007.77527749657,9864.193752789455,28219.089984434384,12472.99007521494,6856.418475292884,3007.77527749657,50556.273812438776,0.0,0.5581718717863936,0.24671497985569713,0.13561953756184347,0.059493610796065875,-0.003783567788483322,0.0037835677884834884,0.0,-6.938893903907228e-18,2.863077042009841e-05,8.32192231328104,1.1400953950017312,0.10909999999999974,0.10910000000000004,0.05379999999999978,2348.3707460194996,2677.3666732936117,1360.8032172059468,748.035255654454,161.8183099293148,3283.8033971487216,1739.645443282436,748.035255654454,161.8183099293148,4948.023456083327,5933.302406014926,-985.2789499315995,forecast_scenario_comparison.parquet; mbu26_official_annual.csv,data/current_revenue_outlook/revenue_chart_rows.csv:current_basecase:2034Q3; data/current_revenue_outlook/revenue_chart_rows.csv:current_basecase:2034Q4; data/current_revenue_outlook/revenue_chart_rows.csv:current_basecase:2035Q1; data/current_revenue_outlook/revenue_chart_rows.csv:current_basecase:2035Q2; data/current_revenue_outlook/revenue_chart_rows.csv:current_basecase:2034Q3; data/current_revenue_outlook/revenue_chart_rows.csv:current_basecase:2034Q4; data/current_revenue_outlook/revenue_chart_rows.csv:current_basecase:2035Q1; data/current_revenue_outlook/revenue_chart_rows.csv:current_basecase:2035Q2; AK16; AK10; AK12; AK14; scenario_inputs/scenario_input_wide.parquet:PED:population (2034Q3; 2034Q4; 2035Q1; 2035Q2),U_t=current PED-derived light petrol activity + current finalist total Light RUC; target components=U_t*MBU26 light-mobility proportions; lambda allocates EV/PHEV migration between PED and Light RUC. PED light-petrol activity uses population_source=scenario_input_population.,available,available,False,EV/PHEV uptake is allocated between PED/light-petrol and total Light RUC to match MBU proportions; it is not a new model.
2035,FY2035,Current finalist Base case,current_basecase,basecase,fixed_light_only,1.0,0.37141546662286223,0.0,1.0,lambda_upper_bound,25.0,34610.852700775715,15945.421111663063,50556.273812438776,30425.364325564,13152.7808038663,7342.70646637953,3221.10020837769,54141.95180418753,0.5619554395748769,0.24293141206721364,0.13561953756184347,0.05949361079606588,0.19511314835790936,28410.37307353687,12281.706986112446,6856.418475292884,3007.77527749657,9864.193752789455,34610.852700775715,6081.227358873608,6856.418475292884,3007.77527749657,9864.193752789455,34610.852700775715,6081.227358873608,6856.418475292884,3007.77527749657,50556.273812438776,0.0,0.6846005468911778,0.1202863047509129,0.13561953756184347,0.059493610796065875,0.12264510731630085,-0.12264510731630074,0.0,-6.938893903907228e-18,0.03008364469725388,8.32192231328104,1.1400953950017312,0.10909999999999974,0.10910000000000004,0.05379999999999978,2880.2882737226873,3283.8033971487216,663.461904853109,748.035255654454,161.8183099293148,3283.8033971487216,1739.645443282436,748.035255654454,161.8183099293148,4857.118867585599,5933.302406014926,-1076.1835384293272,forecast_scenario_comparison.parquet; mbu26_official_annual.csv,data/current_revenue_outlook/revenue_chart_rows.csv:current_basecase:2034Q3; data/current_revenue_outlook/revenue_chart_rows.csv:current_basecase:2034Q4; data/current_revenue_outlook/revenue_chart_rows.csv:current_basecase:2035Q1; data/current_revenue_outlook/revenue_chart_rows.csv:current_basecase:2035Q2; data/current_revenue_outlook/revenue_chart_rows.csv:current_basecase:2034Q3; data/current_revenue_outlook/revenue_chart_rows.csv:current_basecase:2034Q4; data/current_revenue_outlook/revenue_chart_rows.csv:current_basecase:2035Q1; data/current_revenue_outlook/revenue_chart_rows.csv:current_basecase:2035Q2; AK16; AK10; AK12; AK14; scenario_inputs/scenario_input_wide.parquet:PED:population (2034Q3; 2034Q4; 2035Q1; 2035Q2),U_t=current PED-derived light petrol activity + current finalist total Light RUC; target components=U_t*MBU26 light-mobility proportions; lambda allocates EV/PHEV migration between PED and Light RUC. PED light-petrol activity uses population_source=scenario_input_population.,available,available,False,EV/PHEV uptake is allocated between PED/light-petrol and total Light RUC to match MBU proportions; it is not a new model.
2035,FY2035,Current finalist Base case,current_basecase,basecase,fixed_ped_only,0.0,0.37141546662286223,0.0,1.0,lambda_lower_bound,25.0,34610.852700775715,15945.421111663063,50556.273812438776,30425.364325564,13152.7808038663,7342.70646637953,3221.10020837769,54141.95180418753,0.5619554395748769,0.24293141206721364,0.13561953756184347,0.05949361079606588,0.19511314835790936,28410.37307353687,12281.706986112446,6856.418475292884,3007.77527749657,9864.193752789455,24746.65894798626,15945.421111663063,6856.418475292884,3007.77527749657,9864.193752789455,24746.65894798626,15945.421111663063,6856.418475292884,3007.77527749657,50556.273812438776,0.0,0.4894873985332684,0.3153994531088223,0.13561953756184347,0.059493610796065875,-0.07246804104160853,0.07246804104160864,0.0,-6.938893903907228e-18,0.010503233944816535,8.32192231328104,1.1400953950017312,0.10909999999999974,0.10910000000000004,0.05379999999999978,2059.3977327840275,2347.9098716240755,1739.645443282436,748.035255654454,161.8183099293148,3283.8033971487216,1739.645443282436,748.035255654454,161.8183099293148,4997.40888049028,5933.302406014926,-935.8935255246461,forecast_scenario_comparison.parquet; mbu26_official_annual.csv,data/current_revenue_outlook/revenue_chart_rows.csv:current_basecase:2034Q3; data/current_revenue_outlook/revenue_chart_rows.csv:current_basecase:2034Q4; data/current_revenue_outlook/revenue_chart_rows.csv:current_basecase:2035Q1; data/current_revenue_outlook/revenue_chart_rows.csv:current_basecase:2035Q2; data/current_revenue_outlook/revenue_chart_rows.csv:current_basecase:2034Q3; data/current_revenue_outlook/revenue_chart_rows.csv:current_basecase:2034Q4; data/current_revenue_outlook/revenue_chart_rows.csv:current_basecase:2035Q1; data/current_revenue_outlook/revenue_chart_rows.csv:current_basecase:2035Q2; AK16; AK10; AK12; AK14; scenario_inputs/scenario_input_wide.parquet:PED:population (2034Q3; 2034Q4; 2035Q1; 2035Q2),U_t=current PED-derived light petrol activity + current finalist total Light RUC; target components=U_t*MBU26 light-mobility proportions; lambda allocates EV/PHEV migration between PED and Light RUC. PED light-petrol activity uses population_source=scenario_input_population.,available,available,False,EV/PHEV uptake is allocated between PED/light-petrol and total Light RUC to match MBU proportions; it is not a new model.
2035,FY2035,Current finalist Base case,current_basecase,basecase,mbu_ratio,0.30182057462064005,0.37141546662286223,0.0,1.0,,25.0,34610.852700775715,15945.421111663063,50556.273812438776,30425.364325564,13152.7808038663,7342.70646637953,3221.10020837769,54141.95180418753,0.5619554395748769,0.24293141206721364,0.13561953756184347,0.05949361079606588,0.19511314835790936,28410.37307353687,12281.706986112446,6856.418475292884,3007.77527749657,9864.193752789455,27723.8755746225,12968.204485026821,6856.418475292884,3007.77527749657,9864.193752789455,27723.8755746225,12968.204485026821,6856.418475292884,3007.77527749657,50556.273812438776,0.0,0.5483765610866947,0.25651029055539587,0.13561953756184347,0.059493610796065875,-0.013578878488182178,0.013578878488182233,0.0,-6.938893903907228e-18,0.0003687718819936349,8.32192231328104,1.1400953950017312,0.10909999999999974,0.10910000000000004,0.05379999999999978,2307.159387550782,2630.381793281661,1414.8311093164227,748.035255654454,161.8183099293148,3283.8033971487216,1739.645443282436,748.035255654454,161.8183099293148,4955.0664681818525,5933.302406014926,-978.2359378330739,forecast_scenario_comparison.parquet; mbu26_official_annual.csv,data/current_revenue_outlook/revenue_chart_rows.csv:current_basecase:2034Q3; data/current_revenue_outlook/revenue_chart_rows.csv:current_basecase:2034Q4; data/current_revenue_outlook/revenue_chart_rows.csv:current_basecase:2035Q1; data/current_revenue_outlook/revenue_chart_rows.csv:current_basecase:2035Q2; data/current_revenue_outlook/revenue_chart_rows.csv:current_basecase:2034Q3; data/current_revenue_outlook/revenue_chart_rows.csv:current_basecase:2034Q4; data/current_revenue_outlook/revenue_chart_rows.csv:current_basecase:2035Q1; data/current_revenue_outlook/revenue_chart_rows.csv:current_basecase:2035Q2; AK16; AK10; AK12; AK14; scenario_inputs/scenario_input_wide.parquet:PED:population (2034Q3; 2034Q4; 2035Q1; 2035Q2),U_t=current PED-derived light petrol activity + current finalist total Light RUC; target components=U_t*MBU26 light-mobility proportions; lambda allocates EV/PHEV migration between PED and Light RUC. PED light-petrol activity uses population_source=scenario_input_population.,available,available,False,EV/PHEV uptake is allocated between PED/light-petrol and total Light RUC to match MBU proportions; it is not a new model.
2036,FY2036,Current finalist Base case,current_basecase,basecase,optimized,0.3606043215237517,0.38143980775436753,0.0,1.0,,25.0,34734.55060513065,16333.699531806276,51068.25013693693,29533.9616504272,12784.9358761227,8722.42544877532,3458.9885477007,54500.31152302592,0.5419044556827781,0.23458463848818867,0.1600435888350871,0.06346731699394612,0.2235109058290332,27674.112293128765,11979.82699659774,8173.146027443314,3241.164819767108,11414.310847210421,27436.289576639745,12217.649713086763,8173.146027443314,3241.164819767108,11414.310847210421,27436.289576639745,12217.649713086763,8173.146027443314,3241.164819767108,51068.25013693693,0.0,0.5372474972819848,0.23924159688898197,0.1600435888350871,0.06346731699394612,-0.004656958400793276,0.004656958400793304,0.0,0.0,4.33745230934384e-05,8.234809466679051,1.1800752333146345,0.11292499999999954,0.112925,0.05568499999999986,2259.3261713626075,2666.174858804589,1379.678093850317,922.9525151490362,180.48426298873096,3375.397584158946,1844.4830196292162,922.9525151490362,180.48426298873096,5149.289730792673,6323.317381925929,-1174.0276511332559,forecast_scenario_comparison.parquet; mbu26_official_annual.csv,data/current_revenue_outlook/revenue_chart_rows.csv:current_basecase:2035Q3; data/current_revenue_outlook/revenue_chart_rows.csv:current_basecase:2035Q4; data/current_revenue_outlook/revenue_chart_rows.csv:current_basecase:2036Q1; data/current_revenue_outlook/revenue_chart_rows.csv:current_basecase:2036Q2; data/current_revenue_outlook/revenue_chart_rows.csv:current_basecase:2035Q3; data/current_revenue_outlook/revenue_chart_rows.csv:current_basecase:2035Q4; data/current_revenue_outlook/revenue_chart_rows.csv:current_basecase:2036Q1; data/current_revenue_outlook/revenue_chart_rows.csv:current_basecase:2036Q2; AL16; AL10; AL12; AL14; scenario_inputs/scenario_input_wide.parquet:PED:population (2035Q3; 2035Q4; 2036Q1; 2036Q2),U_t=current PED-derived light petrol activity + current finalist total Light RUC; target components=U_t*MBU26 light-mobility proportions; lambda allocates EV/PHEV migration between PED and Light RUC. PED light-petrol activity uses population_source=scenario_input_population.,available,available,False,EV/PHEV uptake is allocated between PED/light-petrol and total Light RUC to match MBU proportions; it is not a new model.
2036,FY2036,Current finalist Base case,current_basecase,basecase,fixed_light_only,1.0,0.38143980775436753,0.0,1.0,lambda_upper_bound,25.0,34734.55060513065,16333.699531806276,51068.25013693693,29533.9616504272,12784.9358761227,8722.42544877532,3458.9885477007,54500.31152302592,0.5419044556827781,0.23458463848818867,0.1600435888350871,0.06346731699394612,0.2235109058290332,27674.112293128765,11979.82699659774,8173.146027443314,3241.164819767108,11414.310847210421,34734.55060513065,4919.388684595855,8173.146027443314,3241.164819767108,11414.310847210421,34734.55060513065,4919.388684595855,8173.146027443314,3241.164819767108,51068.25013693693,0.0,0.6801594045613804,0.09632968960958645,0.1600435888350871,0.06346731699394612,0.13825494887860224,-0.13825494887860224,0.0,0.0,0.038228861778849835,8.234809466679051,1.1800752333146345,0.11292499999999954,0.112925,0.05568499999999986,2860.3240614397246,3375.397584158946,555.5219672079846,922.9525151490362,180.48426298873096,3375.397584158946,1844.4830196292162,922.9525151490362,180.48426298873096,5034.356329504698,6323.317381925929,-1288.9610524212312,forecast_scenario_comparison.parquet; mbu26_official_annual.csv,data/current_revenue_outlook/revenue_chart_rows.csv:current_basecase:2035Q3; data/current_revenue_outlook/revenue_chart_rows.csv:current_basecase:2035Q4; data/current_revenue_outlook/revenue_chart_rows.csv:current_basecase:2036Q1; data/current_revenue_outlook/revenue_chart_rows.csv:current_basecase:2036Q2; data/current_revenue_outlook/revenue_chart_rows.csv:current_basecase:2035Q3; data/current_revenue_outlook/revenue_chart_rows.csv:current_basecase:2035Q4; data/current_revenue_outlook/revenue_chart_rows.csv:current_basecase:2036Q1; data/current_revenue_outlook/revenue_chart_rows.csv:current_basecase:2036Q2; AL16; AL10; AL12; AL14; scenario_inputs/scenario_input_wide.parquet:PED:population (2035Q3; 2035Q4; 2036Q1; 2036Q2),U_t=current PED-derived light petrol activity + current finalist total Light RUC; target components=U_t*MBU26 light-mobility proportions; lambda allocates EV/PHEV migration between PED and Light RUC. PED light-petrol activity uses population_source=scenario_input_population.,available,available,False,EV/PHEV uptake is allocated between PED/light-petrol and total Light RUC to match MBU proportions; it is not a new model.
2036,FY2036,Current finalist Base case,current_basecase,basecase,fixed_ped_only,0.0,0.38143980775436753,0.0,1.0,lambda_lower_bound,25.0,34734.55060513065,16333.699531806276,51068.25013693693,29533.9616504272,12784.9358761227,8722.42544877532,3458.9885477007,54500.31152302592,0.5419044556827781,0.23458463848818867,0.1600435888350871,0.06346731699394612,0.2235109058290332,27674.112293128765,11979.82699659774,8173.146027443314,3241.164819767108,11414.310847210421,23320.23975792023,16333.699531806276,8173.146027443314,3241.164819767108,11414.310847210421,23320.23975792023,16333.699531806276,8173.146027443314,3241.164819767108,51068.25013693693,0.0,0.45664849873234714,0.31984059543861965,0.1600435888350871,0.06346731699394612,-0.08525595695043098,0.08525595695043098,0.0,0.0,0.01453715639106748,8.234809466679051,1.1800752333146345,0.11292499999999954,0.112925,0.05568499999999986,1920.377311237467,2266.1897036106843,1844.4830196292162,922.9525151490362,180.48426298873096,3375.397584158946,1844.4830196292162,922.9525151490362,180.48426298873096,5214.109501377668,6323.317381925929,-1109.2078805482615,forecast_scenario_comparison.parquet; mbu26_official_annual.csv,data/current_revenue_outlook/revenue_chart_rows.csv:current_basecase:2035Q3; data/current_revenue_outlook/revenue_chart_rows.csv:current_basecase:2035Q4; data/current_revenue_outlook/revenue_chart_rows.csv:current_basecase:2036Q1; data/current_revenue_outlook/revenue_chart_rows.csv:current_basecase:2036Q2; data/current_revenue_outlook/revenue_chart_rows.csv:current_basecase:2035Q3; data/current_revenue_outlook/revenue_chart_rows.csv:current_basecase:2035Q4; data/current_revenue_outlook/revenue_chart_rows.csv:current_basecase:2036Q1; data/current_revenue_outlook/revenue_chart_rows.csv:current_basecase:2036Q2; AL16; AL10; AL12; AL14; scenario_inputs/scenario_input_wide.parquet:PED:population (2035Q3; 2035Q4; 2036Q1; 2036Q2),U_t=current PED-derived light petrol activity + current finalist total Light RUC; target components=U_t*MBU26 light-mobility proportions; lambda allocates EV/PHEV migration between PED and Light RUC. PED light-petrol activity uses population_source=scenario_input_population.,available,available,False,EV/PHEV uptake is allocated between PED/light-petrol and total Light RUC to match MBU proportions; it is not a new model.
2036,FY2036,Current finalist Base case,current_basecase,basecase,mbu_ratio,0.30210937957685985,0.38143980775436753,0.0,1.0,,25.0,34734.55060513065,16333.699531806276,51068.25013693693,29533.9616504272,12784.9358761227,8722.42544877532,3458.9885477007,54500.31152302592,0.5419044556827781,0.23458463848818867,0.1600435888350871,0.06346731699394612,0.2235109058290332,27674.112293128765,11979.82699659774,8173.146027443314,3241.164819767108,11414.310847210421,26768.61012626839,12885.329163458115,8173.146027443314,3241.164819767108,11414.310847210421,26768.61012626839,12885.329163458115,8173.146027443314,3241.164819767108,51068.25013693693,0.0,0.5241732398210183,0.25231585434994847,0.1600435888350871,0.06346731699394612,-0.017731215861759853,0.017731215861759797,0.0,0.0,0.0006287920318726464,8.234809466679051,1.1800752333146345,0.11292499999999954,0.112925,0.05568499999999986,2204.344040776357,2601.2918082248834,1455.0757957835017,922.9525151490362,180.48426298873096,3375.397584158946,1844.4830196292162,922.9525151490362,180.48426298873096,5159.804382146152,6323.317381925929,-1163.5129997797767,forecast_scenario_comparison.parquet; mbu26_official_annual.csv,data/current_revenue_outlook/revenue_chart_rows.csv:current_basecase:2035Q3; data/current_revenue_outlook/revenue_chart_rows.csv:current_basecase:2035Q4; data/current_revenue_outlook/revenue_chart_rows.csv:current_basecase:2036Q1; data/current_revenue_outlook/revenue_chart_rows.csv:current_basecase:2036Q2; data/current_revenue_outlook/revenue_chart_rows.csv:current_basecase:2035Q3; data/current_revenue_outlook/revenue_chart_rows.csv:current_basecase:2035Q4; data/current_revenue_outlook/revenue_chart_rows.csv:current_basecase:2036Q1; data/current_revenue_outlook/revenue_chart_rows.csv:current_basecase:2036Q2; AL16; AL10; AL12; AL14; scenario_inputs/scenario_input_wide.parquet:PED:population (2035Q3; 2035Q4; 2036Q1; 2036Q2),U_t=current PED-derived light petrol activity + current finalist total Light RUC; target components=U_t*MBU26 light-mobility proportions; lambda allocates EV/PHEV migration between PED and Light RUC. PED light-petrol activity uses population_source=scenario_input_population.,available,available,False,EV/PHEV uptake is allocated between PED/light-petrol and total Light RUC to match MBU proportions; it is not a new model.
2037,FY2037,Current finalist Base case,current_basecase,basecase,optimized,0.36760778832322133,0.3863426426318224,0.0,1.0,,25.0,34855.720562131064,16714.699074429645,51570.419636560706,28482.9245882982,12371.4019487283,10347.7667235734,3633.92319725474,54836.01645785464,0.5194200167729058,0.2256072331263632,0.18870383722213652,0.06626891287859445,0.25497275010073095,26786.708232608155,11634.659685369928,9731.536072574823,3417.515646007798,13149.051718582621,26540.362664364253,11881.005253613836,9731.536072574823,3417.515646007798,13149.051718582621,26540.362664364253,11881.005253613836,9731.536072574823,3417.515646007798,51570.41963656071,-7.275957614183426e-12,0.5146431394471054,0.23038411045216375,0.1887038372221365,0.06626891287859445,-0.004776877325800455,0.004776877325800566,-2.7755575615628914e-17,0.0,4.563711397149408e-05,8.147703681892619,1.2200384688112886,0.11675500000000058,0.11675499999999976,0.0575750000000001,2162.4301059920604,2638.247915425986,1387.1667683856904,1136.2054941534711,196.76346331889928,3464.837058808733,1951.5246904350429,1136.2054941534711,196.76346331889928,5358.3836412840465,6749.330706716146,-1390.9470654320994,forecast_scenario_comparison.parquet; mbu26_official_annual.csv,data/current_revenue_outlook/revenue_chart_rows.csv:current_basecase:2036Q3; data/current_revenue_outlook/revenue_chart_rows.csv:current_basecase:2036Q4; data/current_revenue_outlook/revenue_chart_rows.csv:current_basecase:2037Q1; data/current_revenue_outlook/revenue_chart_rows.csv:current_basecase:2037Q2; data/current_revenue_outlook/revenue_chart_rows.csv:current_basecase:2036Q3; data/current_revenue_outlook/revenue_chart_rows.csv:current_basecase:2036Q4; data/current_revenue_outlook/revenue_chart_rows.csv:current_basecase:2037Q1; data/current_revenue_outlook/revenue_chart_rows.csv:current_basecase:2037Q2; AM16; AM10; AM12; AM14; scenario_inputs/scenario_input_wide.parquet:PED:population (2036Q3; 2036Q4; 2037Q1; 2037Q2),U_t=current PED-derived light petrol activity + current finalist total Light RUC; target components=U_t*MBU26 light-mobility proportions; lambda allocates EV/PHEV migration between PED and Light RUC. PED light-petrol activity uses population_source=scenario_input_population.,available,available,False,EV/PHEV uptake is allocated between PED/light-petrol and total Light RUC to match MBU proportions; it is not a new model.
2037,FY2037,Current finalist Base case,current_basecase,basecase,fixed_light_only,1.0,0.3863426426318224,0.0,1.0,lambda_upper_bound,25.0,34855.720562131064,16714.699074429645,51570.419636560706,28482.9245882982,12371.4019487283,10347.7667235734,3633.92319725474,54836.01645785464,0.5194200167729058,0.2256072331263632,0.18870383722213652,0.06626891287859445,0.25497275010073095,26786.708232608155,11634.659685369928,9731.536072574823,3417.515646007798,13149.051718582621,34855.720562131064,3565.6473558470243,9731.536072574823,3417.515646007798,13149.051718582621,34855.720562131064,3565.6473558470243,9731.536072574823,3417.515646007798,51570.41963656071,-7.275957614183426e-12,0.6758859208006173,0.06914132909865191,0.1887038372221365,0.06626891287859445,0.15646590402771143,-0.15646590402771127,-2.7755575615628914e-17,0.0,0.04896315824641796,8.147703681892619,1.2200384688112886,0.11675500000000058,0.11675499999999976,0.0575750000000001,2839.9408275909555,3464.837058808733,416.3071570319214,1136.2054941534711,196.76346331889928,3464.837058808733,1951.5246904350429,1136.2054941534711,196.76346331889928,5214.113173313024,6749.330706716146,-1535.2175334031217,forecast_scenario_comparison.parquet; mbu26_official_annual.csv,data/current_revenue_outlook/revenue_chart_rows.csv:current_basecase:2036Q3; data/current_revenue_outlook/revenue_chart_rows.csv:current_basecase:2036Q4; data/current_revenue_outlook/revenue_chart_rows.csv:current_basecase:2037Q1; data/current_revenue_outlook/revenue_chart_rows.csv:current_basecase:2037Q2; data/current_revenue_outlook/revenue_chart_rows.csv:current_basecase:2036Q3; data/current_revenue_outlook/revenue_chart_rows.csv:current_basecase:2036Q4; data/current_revenue_outlook/revenue_chart_rows.csv:current_basecase:2037Q1; data/current_revenue_outlook/revenue_chart_rows.csv:current_basecase:2037Q2; AM16; AM10; AM12; AM14; scenario_inputs/scenario_input_wide.parquet:PED:population (2036Q3; 2036Q4; 2037Q1; 2037Q2),U_t=current PED-derived light petrol activity + current finalist total Light RUC; target components=U_t*MBU26 light-mobility proportions; lambda allocates EV/PHEV migration between PED and Light RUC. PED light-petrol activity uses population_source=scenario_input_population.,available,available,False,EV/PHEV uptake is allocated between PED/light-petrol and total Light RUC to match MBU proportions; it is not a new model.
2037,FY2037,Current finalist Base case,current_basecase,basecase,fixed_ped_only,0.0,0.3863426426318224,0.0,1.0,lambda_lower_bound,25.0,34855.720562131064,16714.699074429645,51570.419636560706,28482.9245882982,12371.4019487283,10347.7667235734,3633.92319725474,54836.01645785464,0.5194200167729058,0.2256072331263632,0.18870383722213652,0.06626891287859445,0.25497275010073095,26786.708232608155,11634.659685369928,9731.536072574823,3417.515646007798,13149.051718582621,21706.668843548443,16714.699074429645,9731.536072574823,3417.515646007798,13149.051718582621,21706.668843548443,16714.699074429645,9731.536072574823,3417.515646007798,51570.41963656071,-7.275957614183426e-12,0.42091317069988626,0.32411407919938284,0.1887038372221365,0.06626891287859445,-0.09850684607301957,0.09850684607301965,-2.7755575615628914e-17,0.0,0.01940719744650716,8.147703681892619,1.2200384688112886,0.11675500000000058,0.11675499999999976,0.0575750000000001,1768.5950565820344,2157.7540047795596,1951.5246904350429,1136.2054941534711,196.76346331889928,3464.837058808733,1951.5246904350429,1136.2054941534711,196.76346331889928,5442.247652686972,6749.330706716146,-1307.0830540291736,forecast_scenario_comparison.parquet; mbu26_official_annual.csv,data/current_revenue_outlook/revenue_chart_rows.csv:current_basecase:2036Q3; data/current_revenue_outlook/revenue_chart_rows.csv:current_basecase:2036Q4; data/current_revenue_outlook/revenue_chart_rows.csv:current_basecase:2037Q1; data/current_revenue_outlook/revenue_chart_rows.csv:current_basecase:2037Q2; data/current_revenue_outlook/revenue_chart_rows.csv:current_basecase:2036Q3; data/current_revenue_outlook/revenue_chart_rows.csv:current_basecase:2036Q4; data/current_revenue_outlook/revenue_chart_rows.csv:current_basecase:2037Q1; data/current_revenue_outlook/revenue_chart_rows.csv:current_basecase:2037Q2; AM16; AM10; AM12; AM14; scenario_inputs/scenario_input_wide.parquet:PED:population (2036Q3; 2036Q4; 2037Q1; 2037Q2),U_t=current PED-derived light petrol activity + current finalist total Light RUC; target components=U_t*MBU26 light-mobility proportions; lambda allocates EV/PHEV migration between PED and Light RUC. PED light-petrol activity uses population_source=scenario_input_population.,available,available,False,EV/PHEV uptake is allocated between PED/light-petrol and total Light RUC to match MBU proportions; it is not a new model.
2037,FY2037,Current finalist Base case,current_basecase,basecase,mbu_ratio,0.30281742467388445,0.3863426426318224,0.0,1.0,,25.0,34855.720562131064,16714.699074429645,51570.419636560706,28482.9245882982,12371.4019487283,10347.7667235734,3633.92319725474,54836.01645785464,0.5194200167729058,0.2256072331263632,0.18870383722213652,0.06626891287859445,0.25497275010073095,26786.708232608155,11634.659685369928,9731.536072574823,3417.515646007798,13149.051718582621,25688.430821873346,12732.937096104743,9731.536072574823,3417.515646007798,13149.051718582621,25688.430821873346,12732.937096104743,9731.536072574823,3417.515646007798,51570.41963656071,-7.275957614183426e-12,0.4981233622474075,0.2469038876518616,0.1887038372221365,0.06626891287859445,-0.021296654525498337,0.02129665452549842,-2.7755575615628914e-17,0.0,0.0009070949879568612,8.147703681892619,1.2200384688112886,0.11675500000000058,0.11675499999999976,0.0575750000000001,2093.0172238942127,2553.5615290355495,1486.6340706557166,1136.2054941534711,196.76346331889928,3464.837058808733,1951.5246904350429,1136.2054941534711,196.76346331889928,5373.164557163636,6749.330706716146,-1376.1661495525095,forecast_scenario_comparison.parquet; mbu26_official_annual.csv,data/current_revenue_outlook/revenue_chart_rows.csv:current_basecase:2036Q3; data/current_revenue_outlook/revenue_chart_rows.csv:current_basecase:2036Q4; data/current_revenue_outlook/revenue_chart_rows.csv:current_basecase:2037Q1; data/current_revenue_outlook/revenue_chart_rows.csv:current_basecase:2037Q2; data/current_revenue_outlook/revenue_chart_rows.csv:current_basecase:2036Q3; data/current_revenue_outlook/revenue_chart_rows.csv:current_basecase:2036Q4; data/current_revenue_outlook/revenue_chart_rows.csv:current_basecase:2037Q1; data/current_revenue_outlook/revenue_chart_rows.csv:current_basecase:2037Q2; AM16; AM10; AM12; AM14; scenario_inputs/scenario_input_wide.parquet:PED:population (2036Q3; 2036Q4; 2037Q1; 2037Q2),U_t=current PED-derived light petrol activity + current finalist total Light RUC; target components=U_t*MBU26 light-mobility proportions; lambda allocates EV/PHEV migration between PED and Light RUC. PED light-petrol activity uses population_source=scenario_input_population.,available,available,False,EV/PHEV uptake is allocated between PED/light-petrol and total Light RUC to match MBU proportions; it is not a new model.
2038,FY2038,Current finalist Base case,current_basecase,basecase,optimized,0.3729423882363689,0.38841457189596446,0.0,1.0,,25.0,34977.26685985149,17103.23257862444,52080.49943847593,27247.3604877293,11896.5686763478,12209.6897667792,3757.99931032245,55111.618241178745,0.49440320130847465,0.21586317107013972,0.2215447514777613,0.06818887614362443,0.2897336276213857,25748.765648126715,11242.261759706045,11538.161304934836,3551.3107257083366,15089.472030643172,25515.29856554227,11475.728842290486,11538.161304934836,3551.3107257083366,15089.472030643174,25515.29856554227,11475.728842290486,11538.161304934836,3551.3107257083366,52080.499438475934,-7.275957614183426e-12,0.4899203894095557,0.22034598296905866,0.22154475147776131,0.06818887614362443,-0.00448281189891897,0.0044828118989189425,2.7755575615628914e-17,0.0,4.019120504217876e-05,8.060605193348296,1.26001103375754,0.12058500000000004,0.12058500000000001,0.05946499999999987,2056.6874812724236,2591.4489193942577,1383.8007624475986,1391.3291809555674,211.17869230424577,3552.449138484158,2062.393300493429,1391.3291809555674,211.17869230424577,5577.757555101669,7217.3503122373995,-1639.5927571357306,forecast_scenario_comparison.parquet; mbu26_official_annual.csv,data/current_revenue_outlook/revenue_chart_rows.csv:current_basecase:2037Q3; data/current_revenue_outlook/revenue_chart_rows.csv:current_basecase:2037Q4; data/current_revenue_outlook/revenue_chart_rows.csv:current_basecase:2038Q1; data/current_revenue_outlook/revenue_chart_rows.csv:current_basecase:2038Q2; data/current_revenue_outlook/revenue_chart_rows.csv:current_basecase:2037Q3; data/current_revenue_outlook/revenue_chart_rows.csv:current_basecase:2037Q4; data/current_revenue_outlook/revenue_chart_rows.csv:current_basecase:2038Q1; data/current_revenue_outlook/revenue_chart_rows.csv:current_basecase:2038Q2; AN16; AN10; AN12; AN14; scenario_inputs/scenario_input_wide.parquet:PED:population (2037Q3; 2037Q4; 2038Q1; 2038Q2),U_t=current PED-derived light petrol activity + current finalist total Light RUC; target components=U_t*MBU26 light-mobility proportions; lambda allocates EV/PHEV migration between PED and Light RUC. PED light-petrol activity uses population_source=scenario_input_population.,available,available,False,EV/PHEV uptake is allocated between PED/light-petrol and total Light RUC to match MBU proportions; it is not a new model.
2038,FY2038,Current finalist Base case,current_basecase,basecase,fixed_light_only,1.0,0.38841457189596446,0.0,1.0,lambda_upper_bound,25.0,34977.26685985149,17103.23257862444,52080.49943847593,27247.3604877293,11896.5686763478,12209.6897667792,3757.99931032245,55111.618241178745,0.49440320130847465,0.21586317107013972,0.2215447514777613,0.06818887614362443,0.2897336276213857,25748.765648126715,11242.261759706045,11538.161304934836,3551.3107257083366,15089.472030643172,34977.26685985149,2013.7605479812682,11538.161304934836,3551.3107257083366,15089.472030643174,34977.26685985149,2013.7605479812682,11538.161304934836,3551.3107257083366,52080.499438475934,-7.275957614183426e-12,0.671600065993435,0.03866630638517929,0.22154475147776131,0.06818887614362443,0.17719686468496038,-0.17719686468496043,2.7755575615628914e-17,0.0,0.06279745770836034,8.060605193348296,1.26001103375754,0.12058500000000004,0.12058500000000001,0.05946499999999987,2819.3793889964813,3552.449138484158,242.8293156783213,1391.3291809555674,211.17869230424577,3552.449138484158,2062.393300493429,1391.3291809555674,211.17869230424577,5397.786327422292,7217.3503122373995,-1819.5639848151077,forecast_scenario_comparison.parquet; mbu26_official_annual.csv,data/current_revenue_outlook/revenue_chart_rows.csv:current_basecase:2037Q3; data/current_revenue_outlook/revenue_chart_rows.csv:current_basecase:2037Q4; data/current_revenue_outlook/revenue_chart_rows.csv:current_basecase:2038Q1; data/current_revenue_outlook/revenue_chart_rows.csv:current_basecase:2038Q2; data/current_revenue_outlook/revenue_chart_rows.csv:current_basecase:2037Q3; data/current_revenue_outlook/revenue_chart_rows.csv:current_basecase:2037Q4; data/current_revenue_outlook/revenue_chart_rows.csv:current_basecase:2038Q1; data/current_revenue_outlook/revenue_chart_rows.csv:current_basecase:2038Q2; AN16; AN10; AN12; AN14; scenario_inputs/scenario_input_wide.parquet:PED:population (2037Q3; 2037Q4; 2038Q1; 2038Q2),U_t=current PED-derived light petrol activity + current finalist total Light RUC; target components=U_t*MBU26 light-mobility proportions; lambda allocates EV/PHEV migration between PED and Light RUC. PED light-petrol activity uses population_source=scenario_input_population.,available,available,False,EV/PHEV uptake is allocated between PED/light-petrol and total Light RUC to match MBU proportions; it is not a new model.
2038,FY2038,Current finalist Base case,current_basecase,basecase,fixed_ped_only,0.0,0.38841457189596446,0.0,1.0,lambda_lower_bound,25.0,34977.26685985149,17103.23257862444,52080.49943847593,27247.3604877293,11896.5686763478,12209.6897667792,3757.99931032245,55111.618241178745,0.49440320130847465,0.21586317107013972,0.2215447514777613,0.06818887614362443,0.2897336276213857,25748.765648126715,11242.261759706045,11538.161304934836,3551.3107257083366,15089.472030643172,19887.794829208317,17103.23257862444,11538.161304934836,3551.3107257083366,15089.472030643174,19887.794829208317,17103.23257862444,11538.161304934836,3551.3107257083366,52080.499438475934,-7.275957614183426e-12,0.3818664383720493,0.32839993400656503,0.22154475147776131,0.06818887614362443,-0.11253676293642534,0.11253676293642531,2.7755575615628914e-17,0.0,0.025329046024418385,8.060605193348296,1.26001103375754,0.12058500000000004,0.12058500000000001,0.05946499999999987,1603.0766228456196,2019.8942327442553,2062.393300493429,1391.3291809555674,211.17869230424577,3552.449138484158,2062.393300493429,1391.3291809555674,211.17869230424577,5684.795406497497,7217.3503122373995,-1532.554905739902,forecast_scenario_comparison.parquet; mbu26_official_annual.csv,data/current_revenue_outlook/revenue_chart_rows.csv:current_basecase:2037Q3; data/current_revenue_outlook/revenue_chart_rows.csv:current_basecase:2037Q4; data/current_revenue_outlook/revenue_chart_rows.csv:current_basecase:2038Q1; data/current_revenue_outlook/revenue_chart_rows.csv:current_basecase:2038Q2; data/current_revenue_outlook/revenue_chart_rows.csv:current_basecase:2037Q3; data/current_revenue_outlook/revenue_chart_rows.csv:current_basecase:2037Q4; data/current_revenue_outlook/revenue_chart_rows.csv:current_basecase:2038Q1; data/current_revenue_outlook/revenue_chart_rows.csv:current_basecase:2038Q2; AN16; AN10; AN12; AN14; scenario_inputs/scenario_input_wide.parquet:PED:population (2037Q3; 2037Q4; 2038Q1; 2038Q2),U_t=current PED-derived light petrol activity + current finalist total Light RUC; target components=U_t*MBU26 light-mobility proportions; lambda allocates EV/PHEV migration between PED and Light RUC. PED light-petrol activity uses population_source=scenario_input_population.,available,available,False,EV/PHEV uptake is allocated between PED/light-petrol and total Light RUC to match MBU proportions; it is not a new model.
2038,FY2038,Current finalist Base case,current_basecase,basecase,mbu_ratio,0.30391861344531146,0.38841457189596446,0.0,1.0,,25.0,34977.26685985149,17103.23257862444,52080.49943847593,27247.3604877293,11896.5686763478,12209.6897667792,3757.99931032245,55111.618241178745,0.49440320130847465,0.21586317107013972,0.2215447514777613,0.06818887614362443,0.2897336276213857,25748.765648126715,11242.261759706045,11538.161304934836,3551.3107257083366,15089.472030643172,24473.766246383195,12517.261161449558,11538.161304934836,3551.3107257083366,15089.472030643174,24473.766246383195,12517.261161449558,11538.161304934836,3551.3107257083366,52080.49943847593,0.0,0.469921880747221,0.24034449163139324,0.22154475147776131,0.06818887614362443,-0.024481320561253628,0.024481320561253517,2.7755575615628914e-17,0.0,0.0011986701128457139,8.060605193348296,1.26001103375754,0.12058500000000004,0.12058500000000001,0.05946499999999987,1972.7336730638863,2485.6661947255366,1509.3939371533954,1391.3291809555674,211.17869230424577,3552.449138484158,2062.393300493429,1391.3291809555674,211.17869230424577,5597.568005138745,7217.3503122373995,-1619.7823070986542,forecast_scenario_comparison.parquet; mbu26_official_annual.csv,data/current_revenue_outlook/revenue_chart_rows.csv:current_basecase:2037Q3; data/current_revenue_outlook/revenue_chart_rows.csv:current_basecase:2037Q4; data/current_revenue_outlook/revenue_chart_rows.csv:current_basecase:2038Q1; data/current_revenue_outlook/revenue_chart_rows.csv:current_basecase:2038Q2; data/current_revenue_outlook/revenue_chart_rows.csv:current_basecase:2037Q3; data/current_revenue_outlook/revenue_chart_rows.csv:current_basecase:2037Q4; data/current_revenue_outlook/revenue_chart_rows.csv:current_basecase:2038Q1; data/current_revenue_outlook/revenue_chart_rows.csv:current_basecase:2038Q2; AN16; AN10; AN12; AN14; scenario_inputs/scenario_input_wide.parquet:PED:population (2037Q3; 2037Q4; 2038Q1; 2038Q2),U_t=current PED-derived light petrol activity + current finalist total Light RUC; target components=U_t*MBU26 light-mobility proportions; lambda allocates EV/PHEV migration between PED and Light RUC. PED light-petrol activity uses population_source=scenario_input_population.,available,available,False,EV/PHEV uptake is allocated between PED/light-petrol and total Light RUC to match MBU proportions; it is not a new model.
2039,FY2039,Current finalist Base case,current_basecase,basecase,optimized,0.3766137401117058,0.38817725596791497,0.0,1.0,,25.0,35099.47281712303,17500.804156093232,52600.27697321626,25851.5482263694,11374.9392472356,14357.6989741182,3866.75405461716,55450.94050234036,0.46620576661415347,0.2051351905700411,0.2589261578622318,0.06973288495357369,0.3286590428158055,24522.552450415093,10790.167840937662,13619.58761916411,3667.9690626994006,17287.556681863512,24322.647514609245,10990.072776743506,13619.58761916411,3667.9690626994006,17287.55668186351,24322.647514609245,10990.072776743506,13619.58761916411,3667.9690626994006,52600.276973216256,7.275957614183426e-12,0.4624053125612663,0.20893564462292818,0.2589261578622318,0.06973288495357369,-0.0038004540528871478,0.0038004540528870923,0.0,0.0,2.8886902016212273e-05,7.973505925734825,1.2999738677723927,0.12440999999999992,0.12440999999999962,0.061350000000000064,1939.3677408729625,2521.1273831356325,1367.2749541546586,1694.4128957002017,225.02990199660846,3638.1829732853935,2177.2750450595577,1694.4128957002017,225.02990199660846,5807.845134987102,7734.900816041761,-1927.0556810546586,forecast_scenario_comparison.parquet; mbu26_official_annual.csv,data/current_revenue_outlook/revenue_chart_rows.csv:current_basecase:2038Q3; data/current_revenue_outlook/revenue_chart_rows.csv:current_basecase:2038Q4; data/current_revenue_outlook/revenue_chart_rows.csv:current_basecase:2039Q1; data/current_revenue_outlook/revenue_chart_rows.csv:current_basecase:2039Q2; data/current_revenue_outlook/revenue_chart_rows.csv:current_basecase:2038Q3; data/current_revenue_outlook/revenue_chart_rows.csv:current_basecase:2038Q4; data/current_revenue_outlook/revenue_chart_rows.csv:current_basecase:2039Q1; data/current_revenue_outlook/revenue_chart_rows.csv:current_basecase:2039Q2; AO16; AO10; AO12; AO14; scenario_inputs/scenario_input_wide.parquet:PED:population (2038Q3; 2038Q4; 2039Q1; 2039Q2),U_t=current PED-derived light petrol activity + current finalist total Light RUC; target components=U_t*MBU26 light-mobility proportions; lambda allocates EV/PHEV migration between PED and Light RUC. PED light-petrol activity uses population_source=scenario_input_population.,available,available,False,EV/PHEV uptake is allocated between PED/light-petrol and total Light RUC to match MBU proportions; it is not a new model.
2039,FY2039,Current finalist Base case,current_basecase,basecase,fixed_light_only,1.0,0.38817725596791497,0.0,1.0,lambda_upper_bound,25.0,35099.47281712303,17500.804156093232,52600.27697321626,25851.5482263694,11374.9392472356,14357.6989741182,3866.75405461716,55450.94050234036,0.46620576661415347,0.2051351905700411,0.2589261578622318,0.06973288495357369,0.3286590428158055,24522.552450415093,10790.167840937662,13619.58761916411,3667.9690626994006,17287.556681863512,35099.47281712303,213.24747422971996,13619.58761916411,3667.9690626994006,17287.55668186351,35099.47281712303,213.24747422971996,13619.58761916411,3667.9690626994006,52600.276973216256,7.275957614183426e-12,0.6672868440406781,0.0040541131435164164,0.2589261578622318,0.06973288495357369,0.2010810774265246,-0.20108107742652467,0.0,0.0,0.08086719939802398,7.973505925734825,1.2999738677723927,0.12440999999999992,0.12440999999999962,0.061350000000000064,2798.658544974989,3638.1829732853935,26.530118268919445,1694.4128957002017,225.02990199660846,3638.1829732853935,2177.2750450595577,1694.4128957002017,225.02990199660846,5584.155889251123,7734.900816041761,-2150.7449267906377,forecast_scenario_comparison.parquet; mbu26_official_annual.csv,data/current_revenue_outlook/revenue_chart_rows.csv:current_basecase:2038Q3; data/current_revenue_outlook/revenue_chart_rows.csv:current_basecase:2038Q4; data/current_revenue_outlook/revenue_chart_rows.csv:current_basecase:2039Q1; data/current_revenue_outlook/revenue_chart_rows.csv:current_basecase:2039Q2; data/current_revenue_outlook/revenue_chart_rows.csv:current_basecase:2038Q3; data/current_revenue_outlook/revenue_chart_rows.csv:current_basecase:2038Q4; data/current_revenue_outlook/revenue_chart_rows.csv:current_basecase:2039Q1; data/current_revenue_outlook/revenue_chart_rows.csv:current_basecase:2039Q2; AO16; AO10; AO12; AO14; scenario_inputs/scenario_input_wide.parquet:PED:population (2038Q3; 2038Q4; 2039Q1; 2039Q2),U_t=current PED-derived light petrol activity + current finalist total Light RUC; target components=U_t*MBU26 light-mobility proportions; lambda allocates EV/PHEV migration between PED and Light RUC. PED light-petrol activity uses population_source=scenario_input_population.,available,available,False,EV/PHEV uptake is allocated between PED/light-petrol and total Light RUC to match MBU proportions; it is not a new model.
2039,FY2039,Current finalist Base case,current_basecase,basecase,fixed_ped_only,0.0,0.38817725596791497,0.0,1.0,lambda_lower_bound,25.0,35099.47281712303,17500.804156093232,52600.27697321626,25851.5482263694,11374.9392472356,14357.6989741182,3866.75405461716,55450.94050234036,0.46620576661415347,0.2051351905700411,0.2589261578622318,0.06973288495357369,0.3286590428158055,24522.552450415093,10790.167840937662,13619.58761916411,3667.9690626994006,17287.556681863512,17811.91613525952,17500.804156093232,13619.58761916411,3667.9690626994006,17287.55668186351,17811.91613525952,17500.804156093232,13619.58761916411,3667.9690626994006,52600.276973216256,7.275957614183426e-12,0.33862780122487257,0.33271315595932194,0.2589261578622318,0.06973288495357369,-0.1275779653892809,0.12757796538928085,0.0,0.0,0.0325522745057371,7.973505925734825,1.2999738677723927,0.12440999999999992,0.12440999999999962,0.061350000000000064,1420.2341885318351,1846.2673312083152,2177.2750450595577,1694.4128957002017,225.02990199660846,3638.1829732853935,2177.2750450595577,1694.4128957002017,225.02990199660846,5942.985173964683,7734.900816041761,-1791.9156420770778,forecast_scenario_comparison.parquet; mbu26_official_annual.csv,data/current_revenue_outlook/revenue_chart_rows.csv:current_basecase:2038Q3; data/current_revenue_outlook/revenue_chart_rows.csv:current_basecase:2038Q4; data/current_revenue_outlook/revenue_chart_rows.csv:current_basecase:2039Q1; data/current_revenue_outlook/revenue_chart_rows.csv:current_basecase:2039Q2; data/current_revenue_outlook/revenue_chart_rows.csv:current_basecase:2038Q3; data/current_revenue_outlook/revenue_chart_rows.csv:current_basecase:2038Q4; data/current_revenue_outlook/revenue_chart_rows.csv:current_basecase:2039Q1; data/current_revenue_outlook/revenue_chart_rows.csv:current_basecase:2039Q2; AO16; AO10; AO12; AO14; scenario_inputs/scenario_input_wide.parquet:PED:population (2038Q3; 2038Q4; 2039Q1; 2039Q2),U_t=current PED-derived light petrol activity + current finalist total Light RUC; target components=U_t*MBU26 light-mobility proportions; lambda allocates EV/PHEV migration between PED and Light RUC. PED light-petrol activity uses population_source=scenario_input_population.,available,available,False,EV/PHEV uptake is allocated between PED/light-petrol and total Light RUC to match MBU proportions; it is not a new model.
2039,FY2039,Current finalist Base case,current_basecase,basecase,mbu_ratio,0.30556036895237204,0.38817725596791497,0.0,1.0,,25.0,35099.47281712303,17500.804156093232,52600.27697321626,25851.5482263694,11374.9392472356,14357.6989741182,3866.75405461716,55450.94050234036,0.46620576661415347,0.2051351905700411,0.2589261578622318,0.06973288495357369,0.3286590428158055,24522.552450415093,10790.167840937662,13619.58761916411,3667.9690626994006,17287.556681863512,23094.308333254776,12218.411958097973,13619.58761916411,3667.9690626994006,17287.55668186351,23094.308333254776,12218.411958097973,13619.58761916411,3667.9690626994006,52600.276973216256,7.275957614183426e-12,0.4390529796072035,0.23228797757699096,0.2589261578622318,0.06973288495357369,-0.027152787006949952,0.02715278700694987,0.0,0.0,0.0014745476844895758,7.973505925734825,1.2999738677723927,0.12440999999999992,0.12440999999999962,0.061350000000000064,1841.426043459541,2393.8057359329136,1520.092631706968,1694.4128957002017,225.02990199660846,3638.1829732853935,2177.2750450595577,1694.4128957002017,225.02990199660846,5833.341165336692,7734.900816041761,-1901.5596507050686,forecast_scenario_comparison.parquet; mbu26_official_annual.csv,data/current_revenue_outlook/revenue_chart_rows.csv:current_basecase:2038Q3; data/current_revenue_outlook/revenue_chart_rows.csv:current_basecase:2038Q4; data/current_revenue_outlook/revenue_chart_rows.csv:current_basecase:2039Q1; data/current_revenue_outlook/revenue_chart_rows.csv:current_basecase:2039Q2; data/current_revenue_outlook/revenue_chart_rows.csv:current_basecase:2038Q3; data/current_revenue_outlook/revenue_chart_rows.csv:current_basecase:2038Q4; data/current_revenue_outlook/revenue_chart_rows.csv:current_basecase:2039Q1; data/current_revenue_outlook/revenue_chart_rows.csv:current_basecase:2039Q2; AO16; AO10; AO12; AO14; scenario_inputs/scenario_input_wide.parquet:PED:population (2038Q3; 2038Q4; 2039Q1; 2039Q2),U_t=current PED-derived light petrol activity + current finalist total Light RUC; target components=U_t*MBU26 light-mobility proportions; lambda allocates EV/PHEV migration between PED and Light RUC. PED light-petrol activity uses population_source=scenario_input_population.,available,available,False,EV/PHEV uptake is allocated between PED/light-petrol and total Light RUC to match MBU proportions; it is not a new model.
2040,FY2040,Current finalist Base case,current_basecase,basecase,optimized,0.37873136849109906,0.3866596769954355,0.0,0.9095197647606328,,25.0,35222.348422918076,17907.624222060906,53129.97264497898,24332.99593682,10822.4760796405,16789.7058132265,3908.902347702,55854.080177389005,0.4356529703745895,0.19376339284917066,0.3005994505666097,0.06998418620963007,0.37058363677623973,23146.23039870578,10294.643761674753,15970.840585699685,3718.2578988987607,19689.098484598442,22990.129151747627,10450.745008632912,15970.840585699685,3718.2578988987607,19689.098484598446,22990.129151747627,10450.745008632912,15970.840585699685,3718.2578988987607,53129.97264497898,0.0,0.43271486897556866,0.19670149424819164,0.3005994505666097,0.06998418620963007,-0.0029381013990208427,0.0029381013990209814,0.0,0.0,1.726487966185728e-05,7.886398872548973,1.3399128408042527,0.12823500000000004,0.12823499999999996,0.063235,1813.0932862209777,2429.386975783468,1340.151286182042,2048.0207425071985,235.12403823686313,3721.9762425144936,2296.384192115981,2048.0207425071985,235.12403823686313,6052.683042709572,8301.505215374536,-2248.8221726649645,forecast_scenario_comparison.parquet; mbu26_official_annual.csv,data/current_revenue_outlook/revenue_chart_rows.csv:current_basecase:2039Q3; data/current_revenue_outlook/revenue_chart_rows.csv:current_basecase:2039Q4; data/current_revenue_outlook/revenue_chart_rows.csv:current_basecase:2040Q1; data/current_revenue_outlook/revenue_chart_rows.csv:current_basecase:2040Q2; data/current_revenue_outlook/revenue_chart_rows.csv:current_basecase:2039Q3; data/current_revenue_outlook/revenue_chart_rows.csv:current_basecase:2039Q4; data/current_revenue_outlook/revenue_chart_rows.csv:current_basecase:2040Q1; data/current_revenue_outlook/revenue_chart_rows.csv:current_basecase:2040Q2; AP16; AP10; AP12; AP14; scenario_inputs/scenario_input_wide.parquet:PED:population (2039Q3; 2039Q4; 2040Q1; 2040Q2),U_t=current PED-derived light petrol activity + current finalist total Light RUC; target components=U_t*MBU26 light-mobility proportions; lambda allocates EV/PHEV migration between PED and Light RUC. PED light-petrol activity uses population_source=scenario_input_population.,available,available,False,EV/PHEV uptake is allocated between PED/light-petrol and total Light RUC to match MBU proportions; it is not a new model.
2040,FY2040,Current finalist Base case,current_basecase,basecase,fixed_light_only,0.9095197647606328,0.3866596769954355,0.0,0.9095197647606328,lambda_upper_bound,25.0,35222.348422918076,17907.624222060906,53129.97264497898,24332.99593682,10822.4760796405,16789.7058132265,3908.902347702,55854.080177389005,0.4356529703745895,0.19376339284917066,0.3005994505666097,0.06998418620963007,0.37058363677623973,23146.23039870578,10294.643761674753,15970.840585699685,3718.2578988987607,19689.098484598442,33440.87416038054,0.0,15970.840585699685,3718.2578988987607,19689.098484598446,33440.87416038054,0.0,15970.840585699685,3718.2578988987607,53129.97264497898,0.0,0.6294163632237603,0.0,0.3005994505666097,0.06998418620963007,0.19376339284917077,-0.19376339284917066,0.0,0.0,0.07508850481684412,7.886398872548973,1.3399128408042527,0.12823500000000004,0.12823499999999996,0.063235,2637.280722754772,3533.726305224639,0.0,2048.0207425071985,235.12403823686313,3721.9762425144936,2296.384192115981,2048.0207425071985,235.12403823686313,5816.871085968701,8301.505215374536,-2484.6341294058357,forecast_scenario_comparison.parquet; mbu26_official_annual.csv,data/current_revenue_outlook/revenue_chart_rows.csv:current_basecase:2039Q3; data/current_revenue_outlook/revenue_chart_rows.csv:current_basecase:2039Q4; data/current_revenue_outlook/revenue_chart_rows.csv:current_basecase:2040Q1; data/current_revenue_outlook/revenue_chart_rows.csv:current_basecase:2040Q2; data/current_revenue_outlook/revenue_chart_rows.csv:current_basecase:2039Q3; data/current_revenue_outlook/revenue_chart_rows.csv:current_basecase:2039Q4; data/current_revenue_outlook/revenue_chart_rows.csv:current_basecase:2040Q1; data/current_revenue_outlook/revenue_chart_rows.csv:current_basecase:2040Q2; AP16; AP10; AP12; AP14; scenario_inputs/scenario_input_wide.parquet:PED:population (2039Q3; 2039Q4; 2040Q1; 2040Q2),U_t=current PED-derived light petrol activity + current finalist total Light RUC; target components=U_t*MBU26 light-mobility proportions; lambda allocates EV/PHEV migration between PED and Light RUC. PED light-petrol activity uses population_source=scenario_input_population.,available,available,False,EV/PHEV uptake is allocated between PED/light-petrol and total Light RUC to match MBU proportions; it is not a new model.
2040,FY2040,Current finalist Base case,current_basecase,basecase,fixed_ped_only,0.0,0.3866596769954355,0.0,0.9095197647606328,lambda_lower_bound,25.0,35222.348422918076,17907.624222060906,53129.97264497898,24332.99593682,10822.4760796405,16789.7058132265,3908.902347702,55854.080177389005,0.4356529703745895,0.19376339284917066,0.3005994505666097,0.06998418620963007,0.37058363677623973,23146.23039870578,10294.643761674753,15970.840585699685,3718.2578988987607,19689.098484598442,15533.249938319634,17907.624222060906,15970.840585699685,3718.2578988987607,19689.098484598446,15533.249938319634,17907.624222060906,15970.840585699685,3718.2578988987607,53129.97264497898,0.0,0.292363221078895,0.3370531421448653,0.3005994505666097,0.06998418620963007,-0.1432897492956945,0.14328974929569466,0.0,0.0,0.04106390450644601,7.886398872548973,1.3399128408042527,0.12823500000000004,0.12823499999999996,0.063235,1225.0140480058537,1641.4120530886407,2296.384192115981,2048.0207425071985,235.12403823686313,3721.9762425144936,2296.384192115981,2048.0207425071985,235.12403823686313,6220.941025948683,8301.505215374536,-2080.5641894258533,forecast_scenario_comparison.parquet; mbu26_official_annual.csv,data/current_revenue_outlook/revenue_chart_rows.csv:current_basecase:2039Q3; data/current_revenue_outlook/revenue_chart_rows.csv:current_basecase:2039Q4; data/current_revenue_outlook/revenue_chart_rows.csv:current_basecase:2040Q1; data/current_revenue_outlook/revenue_chart_rows.csv:current_basecase:2040Q2; data/current_revenue_outlook/revenue_chart_rows.csv:current_basecase:2039Q3; data/current_revenue_outlook/revenue_chart_rows.csv:current_basecase:2039Q4; data/current_revenue_outlook/revenue_chart_rows.csv:current_basecase:2040Q1; data/current_revenue_outlook/revenue_chart_rows.csv:current_basecase:2040Q2; AP16; AP10; AP12; AP14; scenario_inputs/scenario_input_wide.parquet:PED:population (2039Q3; 2039Q4; 2040Q1; 2040Q2),U_t=current PED-derived light petrol activity + current finalist total Light RUC; target components=U_t*MBU26 light-mobility proportions; lambda allocates EV/PHEV migration between PED and Light RUC. PED light-petrol activity uses population_source=scenario_input_population.,available,available,False,EV/PHEV uptake is allocated between PED/light-petrol and total Light RUC to match MBU proportions; it is not a new model.
2040,FY2040,Current finalist Base case,current_basecase,basecase,mbu_ratio,0.30784613202101796,0.3866596769954355,0.0,0.9095197647606328,,25.0,35222.348422918076,17907.624222060906,53129.97264497898,24332.99593682,10822.4760796405,16789.7058132265,3908.902347702,55854.080177389005,0.4356529703745895,0.19376339284917066,0.3005994505666097,0.06998418620963007,0.37058363677623973,23146.23039870578,10294.643761674753,15970.840585699685,3718.2578988987607,19689.098484598442,21594.46274978415,11846.411410596389,15970.840585699685,3718.2578988987607,19689.098484598446,21594.46274978415,11846.411410596389,15970.840585699685,3718.2578988987607,53129.97264497898,0.0,0.40644596025074226,0.22297040297301804,0.3005994505666097,0.06998418620963007,-0.029207010123847243,0.029207010123847382,0.0,0.0,0.0017060988807490389,7.886398872548973,1.3399128408042527,0.12823500000000004,0.12823499999999996,0.063235,1703.025466831985,2281.905691224834,1519.1245672378284,2048.0207425071985,235.12403823686313,3721.9762425144936,2296.384192115981,2048.0207425071985,235.12403823686313,6084.175039206724,8301.505215374536,-2217.330176167812,forecast_scenario_comparison.parquet; mbu26_official_annual.csv,data/current_revenue_outlook/revenue_chart_rows.csv:current_basecase:2039Q3; data/current_revenue_outlook/revenue_chart_rows.csv:current_basecase:2039Q4; data/current_revenue_outlook/revenue_chart_rows.csv:current_basecase:2040Q1; data/current_revenue_outlook/revenue_chart_rows.csv:current_basecase:2040Q2; data/current_revenue_outlook/revenue_chart_rows.csv:current_basecase:2039Q3; data/current_revenue_outlook/revenue_chart_rows.csv:current_basecase:2039Q4; data/current_revenue_outlook/revenue_chart_rows.csv:current_basecase:2040Q1; data/current_revenue_outlook/revenue_chart_rows.csv:current_basecase:2040Q2; AP16; AP10; AP12; AP14; scenario_inputs/scenario_input_wide.parquet:PED:population (2039Q3; 2039Q4; 2040Q1; 2040Q2),U_t=current PED-derived light petrol activity + current finalist total Light RUC; target components=U_t*MBU26 light-mobility proportions; lambda allocates EV/PHEV migration between PED and Light RUC. PED light-petrol activity uses population_source=scenario_input_population.,available,available,False,EV/PHEV uptake is allocated between PED/light-petrol and total Light RUC to match MBU proportions; it is not a new model.
2041,FY2041,Current finalist Base case,current_basecase,basecase,optimized,0.37950472218865394,0.3838678902972931,0.0,0.825856670333771,,25.0,35339.338408491414,18319.24002168824,53658.57843017965,22722.0600487019,10279.1712987887,19398.2307000633,3858.403321145,56257.8653686989,0.40389125857846964,0.1827152742362651,0.34480922041624795,0.06858424676901734,0.41339346718526526,21672.230775696782,9804.241872998415,18501.972597154345,3680.1331843301123,22182.105781484453,21575.446519168552,9901.02612952665,18501.972597154345,3680.1331843301123,22182.105781484457,21575.446519168552,9901.02612952665,18501.972597154345,3680.1331843301123,53658.57843017967,-1.4551915228366852e-11,0.40208755338612717,0.18451897942860765,0.34480922041624795,0.06858424676901734,-0.001803705192342464,0.0018037051923425473,0.0,0.0,6.506704841766631e-06,7.799322541185269,1.3798528544506345,0.13206500000000002,0.13206500000000002,0.06512499999999996,1682.7386637308853,2321.9317484435087,1307.5790157959373,2443.463011043189,239.66867362949841,3803.1904344025356,2419.330433464258,2443.463011043189,239.66867362949841,6312.642448912134,8905.652552539479,-2593.0101036273454,forecast_scenario_comparison.parquet; mbu26_official_annual.csv,data/current_revenue_outlook/revenue_chart_rows.csv:current_basecase:2040Q3; data/current_revenue_outlook/revenue_chart_rows.csv:current_basecase:2040Q4; data/current_revenue_outlook/revenue_chart_rows.csv:current_basecase:2041Q1; data/current_revenue_outlook/revenue_chart_rows.csv:current_basecase:2041Q2; data/current_revenue_outlook/revenue_chart_rows.csv:current_basecase:2040Q3; data/current_revenue_outlook/revenue_chart_rows.csv:current_basecase:2040Q4; data/current_revenue_outlook/revenue_chart_rows.csv:current_basecase:2041Q1; data/current_revenue_outlook/revenue_chart_rows.csv:current_basecase:2041Q2; AQ16; AQ10; AQ12; AQ14; scenario_inputs/scenario_input_wide.parquet:PED:population (2040Q3; 2040Q4; 2041Q1; 2041Q2),U_t=current PED-derived light petrol activity + current finalist total Light RUC; target components=U_t*MBU26 light-mobility proportions; lambda allocates EV/PHEV migration between PED and Light RUC. PED light-petrol activity uses population_source=scenario_input_population.,available,available,False,EV/PHEV uptake is allocated between PED/light-petrol and total Light RUC to match MBU proportions; it is not a new model.
2041,FY2041,Current finalist Base case,current_basecase,basecase,fixed_light_only,0.825856670333771,0.3838678902972931,0.0,0.825856670333771,lambda_upper_bound,25.0,35339.338408491414,18319.24002168824,53658.57843017965,22722.0600487019,10279.1712987887,19398.2307000633,3858.403321145,56257.8653686989,0.40389125857846964,0.1827152742362651,0.34480922041624795,0.06858424676901734,0.41339346718526526,21672.230775696782,9804.241872998415,18501.972597154345,3680.1331843301123,22182.105781484453,31476.472648695202,0.0,18501.972597154345,3680.1331843301123,22182.105781484457,31476.472648695202,0.0,18501.972597154345,3680.1331843301123,53658.57843017967,-1.4551915228366852e-11,0.5866065328147348,0.0,0.34480922041624795,0.06858424676901734,0.1827152742362652,-0.1827152742362651,0.0,0.0,0.06676974287846717,7.799322541185269,1.3798528544506345,0.13206500000000002,0.13206500000000002,0.06512499999999996,2454.951626459701,3387.472009308646,0.0,2443.463011043189,239.66867362949841,3803.1904344025356,2419.330433464258,2443.463011043189,239.66867362949841,6070.603693981334,8905.652552539479,-2835.048858558145,forecast_scenario_comparison.parquet; mbu26_official_annual.csv,data/current_revenue_outlook/revenue_chart_rows.csv:current_basecase:2040Q3; data/current_revenue_outlook/revenue_chart_rows.csv:current_basecase:2040Q4; data/current_revenue_outlook/revenue_chart_rows.csv:current_basecase:2041Q1; data/current_revenue_outlook/revenue_chart_rows.csv:current_basecase:2041Q2; data/current_revenue_outlook/revenue_chart_rows.csv:current_basecase:2040Q3; data/current_revenue_outlook/revenue_chart_rows.csv:current_basecase:2040Q4; data/current_revenue_outlook/revenue_chart_rows.csv:current_basecase:2041Q1; data/current_revenue_outlook/revenue_chart_rows.csv:current_basecase:2041Q2; AQ16; AQ10; AQ12; AQ14; scenario_inputs/scenario_input_wide.parquet:PED:population (2040Q3; 2040Q4; 2041Q1; 2041Q2),U_t=current PED-derived light petrol activity + current finalist total Light RUC; target components=U_t*MBU26 light-mobility proportions; lambda allocates EV/PHEV migration between PED and Light RUC. PED light-petrol activity uses population_source=scenario_input_population.,available,available,False,EV/PHEV uptake is allocated between PED/light-petrol and total Light RUC to match MBU proportions; it is not a new model.
2041,FY2041,Current finalist Base case,current_basecase,basecase,fixed_ped_only,0.0,0.3838678902972931,0.0,0.825856670333771,lambda_lower_bound,25.0,35339.338408491414,18319.24002168824,53658.57843017965,22722.0600487019,10279.1712987887,19398.2307000633,3858.403321145,56257.8653686989,0.40389125857846964,0.1827152742362651,0.34480922041624795,0.06858424676901734,0.41339346718526526,21672.230775696782,9804.241872998415,18501.972597154345,3680.1331843301123,22182.105781484453,13157.23262700696,18319.24002168824,18501.972597154345,3680.1331843301123,22182.105781484457,13157.23262700696,18319.24002168824,18501.972597154345,3680.1331843301123,53658.57843017967,-1.4551915228366852e-11,0.24520278046737864,0.34140375234735615,0.34480922041624795,0.06858424676901734,-0.158688478111091,0.15868847811109105,0.0,0.0,0.05036406617042842,7.799322541185269,1.3798528544506345,0.13206500000000002,0.13206500000000002,0.06512499999999996,1026.1750100743366,1415.970516816982,2419.330433464258,2443.463011043189,239.66867362949841,3803.1904344025356,2419.330433464258,2443.463011043189,239.66867362949841,6518.432634953928,8905.652552539479,-2387.2199175855512,forecast_scenario_comparison.parquet; mbu26_official_annual.csv,data/current_revenue_outlook/revenue_chart_rows.csv:current_basecase:2040Q3; data/current_revenue_outlook/revenue_chart_rows.csv:current_basecase:2040Q4; data/current_revenue_outlook/revenue_chart_rows.csv:current_basecase:2041Q1; data/current_revenue_outlook/revenue_chart_rows.csv:current_basecase:2041Q2; data/current_revenue_outlook/revenue_chart_rows.csv:current_basecase:2040Q3; data/current_revenue_outlook/revenue_chart_rows.csv:current_basecase:2040Q4; data/current_revenue_outlook/revenue_chart_rows.csv:current_basecase:2041Q1; data/current_revenue_outlook/revenue_chart_rows.csv:current_basecase:2041Q2; AQ16; AQ10; AQ12; AQ14; scenario_inputs/scenario_input_wide.parquet:PED:population (2040Q3; 2040Q4; 2041Q1; 2041Q2),U_t=current PED-derived light petrol activity + current finalist total Light RUC; target components=U_t*MBU26 light-mobility proportions; lambda allocates EV/PHEV migration between PED and Light RUC. PED light-petrol activity uses population_source=scenario_input_population.,available,available,False,EV/PHEV uptake is allocated between PED/light-petrol and total Light RUC to match MBU proportions; it is not a new model.
2041,FY2041,Current finalist Base case,current_basecase,basecase,mbu_ratio,0.3114784169885323,0.3838678902972931,0.0,0.825856670333771,,25.0,35339.338408491414,18319.24002168824,53658.57843017965,22722.0600487019,10279.1712987887,19398.2307000633,3858.403321145,56257.8653686989,0.40389125857846964,0.1827152742362651,0.34480922041624795,0.06858424676901734,0.41339346718526526,21672.230775696782,9804.241872998415,18501.972597154345,3680.1331843301123,22182.105781484453,20066.479821295907,11409.992827399294,18501.972597154345,3680.1331843301123,22182.105781484457,20066.479821295907,11409.992827399294,18501.972597154345,3680.1331843301123,53658.57843017965,0.0,0.37396592321964583,0.212640609595089,0.34480922041624795,0.06858424676901734,-0.0299253353588238,0.029925335358823885,0.0,0.0,0.0017910513926761452,7.799322541185269,1.3798528544506345,0.13206500000000002,0.13206500000000002,0.06512499999999996,1565.049483924725,2159.5379977500243,1506.860702750488,2443.463011043189,239.66867362949841,3803.1904344025356,2419.330433464258,2443.463011043189,239.66867362949841,6349.5303851732,8905.652552539479,-2556.1221673662794,forecast_scenario_comparison.parquet; mbu26_official_annual.csv,data/current_revenue_outlook/revenue_chart_rows.csv:current_basecase:2040Q3; data/current_revenue_outlook/revenue_chart_rows.csv:current_basecase:2040Q4; data/current_revenue_outlook/revenue_chart_rows.csv:current_basecase:2041Q1; data/current_revenue_outlook/revenue_chart_rows.csv:current_basecase:2041Q2; data/current_revenue_outlook/revenue_chart_rows.csv:current_basecase:2040Q3; data/current_revenue_outlook/revenue_chart_rows.csv:current_basecase:2040Q4; data/current_revenue_outlook/revenue_chart_rows.csv:current_basecase:2041Q1; data/current_revenue_outlook/revenue_chart_rows.csv:current_basecase:2041Q2; AQ16; AQ10; AQ12; AQ14; scenario_inputs/scenario_input_wide.parquet:PED:population (2040Q3; 2040Q4; 2041Q1; 2041Q2),U_t=current PED-derived light petrol activity + current finalist total Light RUC; target components=U_t*MBU26 light-mobility proportions; lambda allocates EV/PHEV migration between PED and Light RUC. PED light-petrol activity uses population_source=scenario_input_population.,available,available,False,EV/PHEV uptake is allocated between PED/light-petrol and total Light RUC to match MBU proportions; it is not a new model.
2042,FY2042,Current finalist Base case,current_basecase,basecase,optimized,0.37923035498745944,0.37959285175305685,0.0,0.7540896366450118,,25.0,35430.5439697788,18721.554819755744,54152.098789534546,20913.5164043378,9708.65423194621,22141.1732104773,3783.3597190837,56546.70356584501,0.3698450145725179,0.1716926649957783,0.39155550746995044,0.06690681296175328,0.4584623204317037,20027.883765947834,9297.518156289845,21203.55252209909,3623.1443451977743,24826.69686729686,20018.884168632976,9306.517753604709,21203.55252209909,3623.1443451977743,24826.696867296865,20018.884168632976,9306.517753604709,21203.55252209909,3623.1443451977743,54152.09878953455,-7.275957614183426e-12,0.3696788234642132,0.17185885610408308,0.39155550746995044,0.06690681296175328,-0.00016619110830468076,0.00016619110830479178,0.0,0.0,5.5238968959113166e-08,7.712254584034743,1.4198075992979604,0.13588999999999996,0.13588999999999998,0.06701499999999996,1543.9073119680022,2192.0513341438564,1264.6626975373433,2881.3507522280447,242.8050182934287,3879.6153933538503,2544.072084456607,2881.3507522280447,242.8050182934287,6580.869802202673,9547.843248331932,-2966.973446129259,forecast_scenario_comparison.parquet; mbu26_official_annual.csv,data/current_revenue_outlook/revenue_chart_rows.csv:current_basecase:2041Q3; data/current_revenue_outlook/revenue_chart_rows.csv:current_basecase:2041Q4; data/current_revenue_outlook/revenue_chart_rows.csv:current_basecase:2042Q1; data/current_revenue_outlook/revenue_chart_rows.csv:current_basecase:2042Q2; data/current_revenue_outlook/revenue_chart_rows.csv:current_basecase:2041Q3; data/current_revenue_outlook/revenue_chart_rows.csv:current_basecase:2041Q4; data/current_revenue_outlook/revenue_chart_rows.csv:current_basecase:2042Q1; data/current_revenue_outlook/revenue_chart_rows.csv:current_basecase:2042Q2; AR16; AR10; AR12; AR14; scenario_inputs/scenario_input_wide.parquet:PED:population (2041Q3; 2041Q4; 2042Q1; 2042Q2),U_t=current PED-derived light petrol activity + current finalist total Light RUC; target components=U_t*MBU26 light-mobility proportions; lambda allocates EV/PHEV migration between PED and Light RUC. PED light-petrol activity uses population_source=scenario_input_population.,available,available,False,EV/PHEV uptake is allocated between PED/light-petrol and total Light RUC to match MBU proportions; it is not a new model.
2042,FY2042,Current finalist Base case,current_basecase,basecase,fixed_light_only,0.7540896366450118,0.37959285175305685,0.0,0.7540896366450118,lambda_upper_bound,25.0,35430.5439697788,18721.554819755744,54152.098789534546,20913.5164043378,9708.65423194621,22141.1732104773,3783.3597190837,56546.70356584501,0.3698450145725179,0.1716926649957783,0.39155550746995044,0.06690681296175328,0.4584623204317037,20027.883765947834,9297.518156289845,21203.55252209909,3623.1443451977743,24826.69686729686,29325.401922237685,0.0,21203.55252209909,3623.1443451977743,24826.696867296865,29325.401922237685,0.0,21203.55252209909,3623.1443451977743,54152.09878953455,-7.275957614183426e-12,0.5415376795682963,0.0,0.39155550746995044,0.06690681296175328,0.17169266499577845,-0.1716926649957783,0.0,0.0,0.058956742426705164,7.712254584034743,1.4198075992979604,0.13588999999999996,0.13588999999999998,0.06701499999999996,2261.6496540343883,3211.1073657476277,0.0,2881.3507522280447,242.8050182934287,3879.6153933538503,2544.072084456607,2881.3507522280447,242.8050182934287,6335.263136269101,9547.843248331932,-3212.580112062831,forecast_scenario_comparison.parquet; mbu26_official_annual.csv,data/current_revenue_outlook/revenue_chart_rows.csv:current_basecase:2041Q3; data/current_revenue_outlook/revenue_chart_rows.csv:current_basecase:2041Q4; data/current_revenue_outlook/revenue_chart_rows.csv:current_basecase:2042Q1; data/current_revenue_outlook/revenue_chart_rows.csv:current_basecase:2042Q2; data/current_revenue_outlook/revenue_chart_rows.csv:current_basecase:2041Q3; data/current_revenue_outlook/revenue_chart_rows.csv:current_basecase:2041Q4; data/current_revenue_outlook/revenue_chart_rows.csv:current_basecase:2042Q1; data/current_revenue_outlook/revenue_chart_rows.csv:current_basecase:2042Q2; AR16; AR10; AR12; AR14; scenario_inputs/scenario_input_wide.parquet:PED:population (2041Q3; 2041Q4; 2042Q1; 2042Q2),U_t=current PED-derived light petrol activity + current finalist total Light RUC; target components=U_t*MBU26 light-mobility proportions; lambda allocates EV/PHEV migration between PED and Light RUC. PED light-petrol activity uses population_source=scenario_input_population.,available,available,False,EV/PHEV uptake is allocated between PED/light-petrol and total Light RUC to match MBU proportions; it is not a new model.
2042,FY2042,Current finalist Base case,current_basecase,basecase,fixed_ped_only,0.0,0.37959285175305685,0.0,0.7540896366450118,lambda_lower_bound,25.0,35430.5439697788,18721.554819755744,54152.098789534546,20913.5164043378,9708.65423194621,22141.1732104773,3783.3597190837,56546.70356584501,0.3698450145725179,0.1716926649957783,0.39155550746995044,0.06690681296175328,0.4584623204317037,20027.883765947834,9297.518156289845,21203.55252209909,3623.1443451977743,24826.69686729686,10603.847102481941,18721.554819755744,21203.55252209909,3623.1443451977743,24826.696867296865,10603.847102481941,18721.554819755744,21203.55252209909,3623.1443451977743,54152.09878953455,-7.275957614183426e-12,0.19581599493852386,0.34572168462977243,0.39155550746995044,0.06690681296175328,-0.17402901963399403,0.17402901963399414,0.0,0.0,0.0605721993495382,7.712254584034743,1.4198075992979604,0.13588999999999996,0.13588999999999998,0.06701499999999996,817.7956842451988,1161.1125271644087,2544.072084456607,2881.3507522280447,242.8050182934287,3879.6153933538503,2544.072084456607,2881.3507522280447,242.8050182934287,6829.340382142489,9547.843248331932,-2718.502866189443,forecast_scenario_comparison.parquet; mbu26_official_annual.csv,data/current_revenue_outlook/revenue_chart_rows.csv:current_basecase:2041Q3; data/current_revenue_outlook/revenue_chart_rows.csv:current_basecase:2041Q4; data/current_revenue_outlook/revenue_chart_rows.csv:current_basecase:2042Q1; data/current_revenue_outlook/revenue_chart_rows.csv:current_basecase:2042Q2; data/current_revenue_outlook/revenue_chart_rows.csv:current_basecase:2041Q3; data/current_revenue_outlook/revenue_chart_rows.csv:current_basecase:2041Q4; data/current_revenue_outlook/revenue_chart_rows.csv:current_basecase:2042Q1; data/current_revenue_outlook/revenue_chart_rows.csv:current_basecase:2042Q2; AR16; AR10; AR12; AR14; scenario_inputs/scenario_input_wide.parquet:PED:population (2041Q3; 2041Q4; 2042Q1; 2042Q2),U_t=current PED-derived light petrol activity + current finalist total Light RUC; target components=U_t*MBU26 light-mobility proportions; lambda allocates EV/PHEV migration between PED and Light RUC. PED light-petrol activity uses population_source=scenario_input_population.,available,available,False,EV/PHEV uptake is allocated between PED/light-petrol and total Light RUC to match MBU proportions; it is not a new model.
2042,FY2042,Current finalist Base case,current_basecase,basecase,mbu_ratio,0.31704657214738685,0.37959285175305685,0.0,0.7540896366450118,,25.0,35430.5439697788,18721.554819755744,54152.098789534546,20913.5164043378,9708.65423194621,22141.1732104773,3783.3597190837,56546.70356584501,0.3698450145725179,0.1716926649957783,0.39155550746995044,0.06690681296175328,0.4584623204317037,20027.883765947834,9297.518156289845,21203.55252209909,3623.1443451977743,24826.69686729686,18475.066242000677,10850.335680237007,21203.55252209909,3623.1443451977743,24826.696867296865,18475.066242000677,10850.335680237007,21203.55252209909,3623.1443451977743,54152.09878953455,-7.275957614183426e-12,0.34116990209013237,0.20036777747816392,0.39155550746995044,0.06690681296175328,-0.028675112482385523,0.028675112482385634,0.0,0.0,0.0016445241517549303,7.712254584034743,1.4198075992979604,0.13588999999999996,0.13588999999999998,0.06701499999999996,1424.8441431521526,2023.0045422626172,1474.4521155874065,2881.3507522280447,242.8050182934287,3879.6153933538503,2544.072084456607,2881.3507522280447,242.8050182934287,6621.612428371497,9547.843248331932,-2926.230819960435,forecast_scenario_comparison.parquet; mbu26_official_annual.csv,data/current_revenue_outlook/revenue_chart_rows.csv:current_basecase:2041Q3; data/current_revenue_outlook/revenue_chart_rows.csv:current_basecase:2041Q4; data/current_revenue_outlook/revenue_chart_rows.csv:current_basecase:2042Q1; data/current_revenue_outlook/revenue_chart_rows.csv:current_basecase:2042Q2; data/current_revenue_outlook/revenue_chart_rows.csv:current_basecase:2041Q3; data/current_revenue_outlook/revenue_chart_rows.csv:current_basecase:2041Q4; data/current_revenue_outlook/revenue_chart_rows.csv:current_basecase:2042Q1; data/current_revenue_outlook/revenue_chart_rows.csv:current_basecase:2042Q2; AR16; AR10; AR12; AR14; scenario_inputs/scenario_input_wide.parquet:PED:population (2041Q3; 2041Q4; 2042Q1; 2042Q2),U_t=current PED-derived light petrol activity + current finalist total Light RUC; target components=U_t*MBU26 light-mobility proportions; lambda allocates EV/PHEV migration between PED and Light RUC. PED light-petrol activity uses population_source=scenario_input_population.,available,available,False,EV/PHEV uptake is allocated between PED/light-petrol and total Light RUC to match MBU proportions; it is not a new model.
2043,FY2043,Current finalist Base case,current_basecase,basecase,optimized,0.3782644718508837,0.375541951688087,0.0,0.6964890646884897,,25.0,35520.03175142598,19131.18912927694,54651.220880702924,19088.9730193169,9162.12414366238,24856.2856440604,3690.86051347766,56798.243320517344,0.3360838628687193,0.16130999143687827,0.43762419735051056,0.06498194834389187,0.5026061456944024,18367.393424078247,8815.787972281132,23916.69667214308,3551.342812200462,27468.039484343542,18442.175715406865,8741.00568095251,23916.69667214308,3551.342812200462,27468.039484343542,18442.175715406865,8741.00568095251,23916.69667214308,3551.342812200462,54651.22088070292,7.275957614183426e-12,0.33745221823431776,0.15994163607127973,0.43762419735051056,0.06498194834389187,0.0013683553655984837,-0.0013683553655985392,0.0,0.0,3.7447928131244717e-06,7.625135432509178,1.4598249947423272,0.13971500000000006,0.13971500000000003,0.06890000000000007,1406.2408750010918,2052.8655779549144,1221.2496087142806,3341.5212755484713,244.6875197606121,3953.863775923757,2672.9140891969287,3341.5212755484713,244.6875197606121,6860.323981978278,10212.98666042977,-3352.662678451491,forecast_scenario_comparison.parquet; mbu26_official_annual.csv,data/current_revenue_outlook/revenue_chart_rows.csv:current_basecase:2042Q3; data/current_revenue_outlook/revenue_chart_rows.csv:current_basecase:2042Q4; data/current_revenue_outlook/revenue_chart_rows.csv:current_basecase:2043Q1; data/current_revenue_outlook/revenue_chart_rows.csv:current_basecase:2043Q2; data/current_revenue_outlook/revenue_chart_rows.csv:current_basecase:2042Q3; data/current_revenue_outlook/revenue_chart_rows.csv:current_basecase:2042Q4; data/current_revenue_outlook/revenue_chart_rows.csv:current_basecase:2043Q1; data/current_revenue_outlook/revenue_chart_rows.csv:current_basecase:2043Q2; AS16; AS10; AS12; AS14; scenario_inputs/scenario_input_wide.parquet:PED:population (2042Q3; 2042Q4; 2043Q1; 2043Q2),U_t=current PED-derived light petrol activity + current finalist total Light RUC; target components=U_t*MBU26 light-mobility proportions; lambda allocates EV/PHEV migration between PED and Light RUC. PED light-petrol activity uses population_source=scenario_input_population.,available,available,False,EV/PHEV uptake is allocated between PED/light-petrol and total Light RUC to match MBU proportions; it is not a new model.
2043,FY2043,Current finalist Base case,current_basecase,basecase,fixed_light_only,0.6964890646884897,0.375541951688087,0.0,0.6964890646884897,lambda_upper_bound,25.0,35520.03175142598,19131.18912927694,54651.220880702924,19088.9730193169,9162.12414366238,24856.2856440604,3690.86051347766,56798.243320517344,0.3360838628687193,0.16130999143687827,0.43762419735051056,0.06498194834389187,0.5026061456944024,18367.393424078247,8815.787972281132,23916.69667214308,3551.342812200462,27468.039484343542,27183.181396359378,0.0,23916.69667214308,3551.342812200462,27468.039484343542,27183.181396359378,0.0,23916.69667214308,3551.342812200462,54651.22088070292,7.275957614183426e-12,0.4973938543055975,0.0,0.43762419735051056,0.06498194834389187,0.16130999143687824,-0.16130999143687827,0.0,0.0,0.05204182667473147,7.625135432509178,1.4598249947423272,0.13971500000000006,0.13971500000000003,0.06890000000000007,2072.754396337042,3025.858675734858,0.0,3341.5212755484713,244.6875197606121,3953.863775923757,2672.9140891969287,3341.5212755484713,244.6875197606121,6612.067471043942,10212.98666042977,-3600.919189385828,forecast_scenario_comparison.parquet; mbu26_official_annual.csv,data/current_revenue_outlook/revenue_chart_rows.csv:current_basecase:2042Q3; data/current_revenue_outlook/revenue_chart_rows.csv:current_basecase:2042Q4; data/current_revenue_outlook/revenue_chart_rows.csv:current_basecase:2043Q1; data/current_revenue_outlook/revenue_chart_rows.csv:current_basecase:2043Q2; data/current_revenue_outlook/revenue_chart_rows.csv:current_basecase:2042Q3; data/current_revenue_outlook/revenue_chart_rows.csv:current_basecase:2042Q4; data/current_revenue_outlook/revenue_chart_rows.csv:current_basecase:2043Q1; data/current_revenue_outlook/revenue_chart_rows.csv:current_basecase:2043Q2; AS16; AS10; AS12; AS14; scenario_inputs/scenario_input_wide.parquet:PED:population (2042Q3; 2042Q4; 2043Q1; 2043Q2),U_t=current PED-derived light petrol activity + current finalist total Light RUC; target components=U_t*MBU26 light-mobility proportions; lambda allocates EV/PHEV migration between PED and Light RUC. PED light-petrol activity uses population_source=scenario_input_population.,available,available,False,EV/PHEV uptake is allocated between PED/light-petrol and total Light RUC to match MBU proportions; it is not a new model.
2043,FY2043,Current finalist Base case,current_basecase,basecase,fixed_ped_only,0.0,0.375541951688087,0.0,0.6964890646884897,lambda_lower_bound,25.0,35520.03175142598,19131.18912927694,54651.220880702924,19088.9730193169,9162.12414366238,24856.2856440604,3690.86051347766,56798.243320517344,0.3360838628687193,0.16130999143687827,0.43762419735051056,0.06498194834389187,0.5026061456944024,18367.393424078247,8815.787972281132,23916.69667214308,3551.342812200462,27468.039484343542,8051.992267082438,19131.18912927694,23916.69667214308,3551.342812200462,27468.039484343542,8051.992267082438,19131.18912927694,23916.69667214308,3551.342812200462,54651.22088070292,7.275957614183426e-12,0.14733416998421633,0.3500596843213812,0.43762419735051056,0.06498194834389187,-0.18874969288450294,0.1887496928845029,0.0,0.0,0.07125289312798835,7.625135432509178,1.4598249947423272,0.13971500000000006,0.13971500000000003,0.06890000000000007,613.975315380202,896.2965115468221,2672.9140891969287,3341.5212755484713,244.6875197606121,3953.863775923757,2672.9140891969287,3341.5212755484713,244.6875197606121,7155.419396052835,10212.98666042977,-3057.567264376935,forecast_scenario_comparison.parquet; mbu26_official_annual.csv,data/current_revenue_outlook/revenue_chart_rows.csv:current_basecase:2042Q3; data/current_revenue_outlook/revenue_chart_rows.csv:current_basecase:2042Q4; data/current_revenue_outlook/revenue_chart_rows.csv:current_basecase:2043Q1; data/current_revenue_outlook/revenue_chart_rows.csv:current_basecase:2043Q2; data/current_revenue_outlook/revenue_chart_rows.csv:current_basecase:2042Q3; data/current_revenue_outlook/revenue_chart_rows.csv:current_basecase:2042Q4; data/current_revenue_outlook/revenue_chart_rows.csv:current_basecase:2043Q1; data/current_revenue_outlook/revenue_chart_rows.csv:current_basecase:2043Q2; AS16; AS10; AS12; AS14; scenario_inputs/scenario_input_wide.parquet:PED:population (2042Q3; 2042Q4; 2043Q1; 2043Q2),U_t=current PED-derived light petrol activity + current finalist total Light RUC; target components=U_t*MBU26 light-mobility proportions; lambda allocates EV/PHEV migration between PED and Light RUC. PED light-petrol activity uses population_source=scenario_input_population.,available,available,False,EV/PHEV uptake is allocated between PED/light-petrol and total Light RUC to match MBU proportions; it is not a new model.
2043,FY2043,Current finalist Base case,current_basecase,basecase,mbu_ratio,0.3243103830908409,0.375541951688087,0.0,0.6964890646884897,,25.0,35520.03175142598,19131.18912927694,54651.220880702924,19088.9730193169,9162.12414366238,24856.2856440604,3690.86051347766,56798.243320517344,0.3360838628687193,0.16130999143687827,0.43762419735051056,0.06498194834389187,0.5026061456944024,18367.393424078247,8815.787972281132,23916.69667214308,3551.342812200462,27468.039484343542,16960.162675004238,10223.01872135514,23916.69667214308,3551.342812200462,27468.039484343542,16960.162675004238,10223.01872135514,23916.69667214308,3551.342812200462,54651.22088070292,7.275957614183426e-12,0.310334561638179,0.18705929266741847,0.43762419735051056,0.06498194834389187,-0.025749301230540256,0.0257493012305402,0.0,0.0,0.001326053027722201,7.625135432509178,1.4598249947423272,0.13971500000000006,0.13971500000000003,0.06890000000000007,1293.2353735429447,1887.8973223829207,1428.309060654134,3341.5212755484713,244.6875197606121,3953.863775923757,2672.9140891969287,3341.5212755484713,244.6875197606121,6902.415178346138,10212.98666042977,-3310.571482083631,forecast_scenario_comparison.parquet; mbu26_official_annual.csv,data/current_revenue_outlook/revenue_chart_rows.csv:current_basecase:2042Q3; data/current_revenue_outlook/revenue_chart_rows.csv:current_basecase:2042Q4; data/current_revenue_outlook/revenue_chart_rows.csv:current_basecase:2043Q1; data/current_revenue_outlook/revenue_chart_rows.csv:current_basecase:2043Q2; data/current_revenue_outlook/revenue_chart_rows.csv:current_basecase:2042Q3; data/current_revenue_outlook/revenue_chart_rows.csv:current_basecase:2042Q4; data/current_revenue_outlook/revenue_chart_rows.csv:current_basecase:2043Q1; data/current_revenue_outlook/revenue_chart_rows.csv:current_basecase:2043Q2; AS16; AS10; AS12; AS14; scenario_inputs/scenario_input_wide.parquet:PED:population (2042Q3; 2042Q4; 2043Q1; 2043Q2),U_t=current PED-derived light petrol activity + current finalist total Light RUC; target components=U_t*MBU26 light-mobility proportions; lambda allocates EV/PHEV migration between PED and Light RUC. PED light-petrol activity uses population_source=scenario_input_population.,available,available,False,EV/PHEV uptake is allocated between PED/light-petrol and total Light RUC to match MBU proportions; it is not a new model.
2044,FY2044,Current finalist Base case,current_basecase,basecase,optimized,0.3769693731160172,0.37291898974532217,0.0,0.6520996077195208,,25.0,35609.99260404987,19549.79386052667,55159.78646457654,17355.3467715605,8641.17139705809,27364.0603386263,3587.84262570015,56948.42113294504,0.3047555388944807,0.1517368036751262,0.4805060402771379,0.06300161715325518,0.5435076574303931,16810.250449316503,8369.769689537334,26504.61057662614,3475.1557490965583,29979.7663257227,16931.679996299536,8248.340142554303,26504.61057662614,3475.1557490965583,29979.766325722696,16931.679996299536,8248.340142554303,26504.61057662614,3475.1557490965583,55159.78646457654,0.0,0.3069569532719822,0.14953538929762472,0.4805060402771379,0.06300161715325518,0.002201414377501487,-0.002201414377501487,0.0,0.0,9.69245052294052e-06,7.538000256491559,1.4998160102952343,0.1435449999999996,0.14354500000000028,0.07078499999999996,1276.310081549389,1914.2302944089897,1184.0079857629541,3804.6043252218064,245.98889969979973,4025.928120614737,2806.275159709293,3804.6043252218064,245.98889969979973,7148.831505093551,10882.796505245637,-3733.965000152086,forecast_scenario_comparison.parquet; mbu26_official_annual.csv,data/current_revenue_outlook/revenue_chart_rows.csv:current_basecase:2043Q3; data/current_revenue_outlook/revenue_chart_rows.csv:current_basecase:2043Q4; data/current_revenue_outlook/revenue_chart_rows.csv:current_basecase:2044Q1; data/current_revenue_outlook/revenue_chart_rows.csv:current_basecase:2044Q2; data/current_revenue_outlook/revenue_chart_rows.csv:current_basecase:2043Q3; data/current_revenue_outlook/revenue_chart_rows.csv:current_basecase:2043Q4; data/current_revenue_outlook/revenue_chart_rows.csv:current_basecase:2044Q1; data/current_revenue_outlook/revenue_chart_rows.csv:current_basecase:2044Q2; AT16; AT10; AT12; AT14; scenario_inputs/scenario_input_wide.parquet:PED:population (2043Q3; 2043Q4; 2044Q1; 2044Q2),U_t=current PED-derived light petrol activity + current finalist total Light RUC; target components=U_t*MBU26 light-mobility proportions; lambda allocates EV/PHEV migration between PED and Light RUC. PED light-petrol activity uses population_source=scenario_input_population.,available,available,False,EV/PHEV uptake is allocated between PED/light-petrol and total Light RUC to match MBU proportions; it is not a new model.
2044,FY2044,Current finalist Base case,current_basecase,basecase,fixed_light_only,0.6520996077195208,0.37291898974532217,0.0,0.6520996077195208,lambda_upper_bound,25.0,35609.99260404987,19549.79386052667,55159.78646457654,17355.3467715605,8641.17139705809,27364.0603386263,3587.84262570015,56948.42113294504,0.3047555388944807,0.1517368036751262,0.4805060402771379,0.06300161715325518,0.5435076574303931,16810.250449316503,8369.769689537334,26504.61057662614,3475.1557490965583,29979.7663257227,25180.02013885384,0.0,26504.61057662614,3475.1557490965583,29979.766325722696,25180.02013885384,0.0,26504.61057662614,3475.1557490965583,55159.78646457654,0.0,0.45649234256960697,0.0,0.4805060402771379,0.06300161715325518,0.15173680367512626,-0.1517368036751262,0.0,0.0,0.046048115179087606,7.538000256491559,1.4998160102952343,0.1435449999999996,0.14354500000000028,0.07078499999999996,1898.0699826514287,2846.7557486414103,0.0,3804.6043252218064,245.98889969979973,4025.928120614737,2806.275159709293,3804.6043252218064,245.98889969979973,6897.348973563016,10882.796505245637,-3985.44753168262,forecast_scenario_comparison.parquet; mbu26_official_annual.csv,data/current_revenue_outlook/revenue_chart_rows.csv:current_basecase:2043Q3; data/current_revenue_outlook/revenue_chart_rows.csv:current_basecase:2043Q4; data/current_revenue_outlook/revenue_chart_rows.csv:current_basecase:2044Q1; data/current_revenue_outlook/revenue_chart_rows.csv:current_basecase:2044Q2; data/current_revenue_outlook/revenue_chart_rows.csv:current_basecase:2043Q3; data/current_revenue_outlook/revenue_chart_rows.csv:current_basecase:2043Q4; data/current_revenue_outlook/revenue_chart_rows.csv:current_basecase:2044Q1; data/current_revenue_outlook/revenue_chart_rows.csv:current_basecase:2044Q2; AT16; AT10; AT12; AT14; scenario_inputs/scenario_input_wide.parquet:PED:population (2043Q3; 2043Q4; 2044Q1; 2044Q2),U_t=current PED-derived light petrol activity + current finalist total Light RUC; target components=U_t*MBU26 light-mobility proportions; lambda allocates EV/PHEV migration between PED and Light RUC. PED light-petrol activity uses population_source=scenario_input_population.,available,available,False,EV/PHEV uptake is allocated between PED/light-petrol and total Light RUC to match MBU proportions; it is not a new model.
2044,FY2044,Current finalist Base case,current_basecase,basecase,fixed_ped_only,0.0,0.37291898974532217,0.0,0.6520996077195208,lambda_lower_bound,25.0,35609.99260404987,19549.79386052667,55159.78646457654,17355.3467715605,8641.17139705809,27364.0603386263,3587.84262570015,56948.42113294504,0.3047555388944807,0.1517368036751262,0.4805060402771379,0.06300161715325518,0.5435076574303931,16810.250449316503,8369.769689537334,26504.61057662614,3475.1557490965583,29979.7663257227,5630.226278327169,19549.79386052667,26504.61057662614,3475.1557490965583,29979.766325722696,5630.226278327169,19549.79386052667,26504.61057662614,3475.1557490965583,55159.78646457654,0.0,0.1020712123666919,0.35442113020291505,0.4805060402771379,0.06300161715325518,-0.2026843265277888,0.20268432652778884,0.0,0.0,0.08216187244004663,7.538000256491559,1.4998160102952343,0.1435449999999996,0.14354500000000028,0.07078499999999996,424.40647130135716,636.5316205306804,2806.275159709293,3804.6043252218064,245.98889969979973,4025.928120614737,2806.275159709293,3804.6043252218064,245.98889969979973,7493.400005161579,10882.796505245637,-3389.396500084057,forecast_scenario_comparison.parquet; mbu26_official_annual.csv,data/current_revenue_outlook/revenue_chart_rows.csv:current_basecase:2043Q3; data/current_revenue_outlook/revenue_chart_rows.csv:current_basecase:2043Q4; data/current_revenue_outlook/revenue_chart_rows.csv:current_basecase:2044Q1; data/current_revenue_outlook/revenue_chart_rows.csv:current_basecase:2044Q2; data/current_revenue_outlook/revenue_chart_rows.csv:current_basecase:2043Q3; data/current_revenue_outlook/revenue_chart_rows.csv:current_basecase:2043Q4; data/current_revenue_outlook/revenue_chart_rows.csv:current_basecase:2044Q1; data/current_revenue_outlook/revenue_chart_rows.csv:current_basecase:2044Q2; AT16; AT10; AT12; AT14; scenario_inputs/scenario_input_wide.parquet:PED:population (2043Q3; 2043Q4; 2044Q1; 2044Q2),U_t=current PED-derived light petrol activity + current finalist total Light RUC; target components=U_t*MBU26 light-mobility proportions; lambda allocates EV/PHEV migration between PED and Light RUC. PED light-petrol activity uses population_source=scenario_input_population.,available,available,False,EV/PHEV uptake is allocated between PED/light-petrol and total Light RUC to match MBU proportions; it is not a new model.
2044,FY2044,Current finalist Base case,current_basecase,basecase,mbu_ratio,0.3323972595487493,0.37291898974532217,0.0,0.6520996077195208,,25.0,35609.99260404987,19549.79386052667,55159.78646457654,17355.3467715605,8641.17139705809,27364.0603386263,3587.84262570015,56948.42113294504,0.3047555388944807,0.1517368036751262,0.4805060402771379,0.06300161715325518,0.5435076574303931,16810.250449316503,8369.769689537334,26504.61057662614,3475.1557490965583,29979.7663257227,15595.418446909272,9584.601691944568,26504.61057662614,3475.1557490965583,29979.766325722696,15595.418446909272,9584.601691944568,26504.61057662614,3475.1557490965583,55159.78646457654,0.0,0.28273166824031504,0.17376067432929193,0.4805060402771379,0.06300161715325518,-0.022023870654165667,0.022023870654165723,0.0,0.0,0.0009701017571828417,7.538000256491559,1.4998160102952343,0.1435449999999996,0.14354500000000028,0.07078499999999996,1175.5826825289528,1763.157728682743,1375.821649870179,3804.6043252218064,245.98889969979973,4025.928120614737,2806.275159709293,3804.6043252218064,245.98889969979973,7189.572603474528,10882.796505245637,-3693.223901771109,forecast_scenario_comparison.parquet; mbu26_official_annual.csv,data/current_revenue_outlook/revenue_chart_rows.csv:current_basecase:2043Q3; data/current_revenue_outlook/revenue_chart_rows.csv:current_basecase:2043Q4; data/current_revenue_outlook/revenue_chart_rows.csv:current_basecase:2044Q1; data/current_revenue_outlook/revenue_chart_rows.csv:current_basecase:2044Q2; data/current_revenue_outlook/revenue_chart_rows.csv:current_basecase:2043Q3; data/current_revenue_outlook/revenue_chart_rows.csv:current_basecase:2043Q4; data/current_revenue_outlook/revenue_chart_rows.csv:current_basecase:2044Q1; data/current_revenue_outlook/revenue_chart_rows.csv:current_basecase:2044Q2; AT16; AT10; AT12; AT14; scenario_inputs/scenario_input_wide.parquet:PED:population (2043Q3; 2043Q4; 2044Q1; 2044Q2),U_t=current PED-derived light petrol activity + current finalist total Light RUC; target components=U_t*MBU26 light-mobility proportions; lambda allocates EV/PHEV migration between PED and Light RUC. PED light-petrol activity uses population_source=scenario_input_population.,available,available,False,EV/PHEV uptake is allocated between PED/light-petrol and total Light RUC to match MBU proportions; it is not a new model.
2045,FY2045,Current finalist Base case,current_basecase,basecase,optimized,0.3756523395995205,0.3712315969790873,0.0,0.6167222172370499,,25.0,35722.88617820048,19977.56563720358,55700.45181540406,15742.7368402457,8152.95919858563,29735.4698936684,3475.40875423459,57106.57468673432,0.27567293129739556,0.14276743515628046,0.5207013388000639,0.06085829474626005,0.5815596335463239,15355.106826541776,7952.210642731224,29003.299832049343,3389.834514081716,32393.134346131057,15498.308536155142,7809.008933117866,29003.299832049343,3389.834514081716,32393.134346131057,15498.308536155142,7809.008933117866,29003.299832049343,3389.834514081716,55700.45181540407,-7.275957614183426e-12,0.27824385675573743,0.14019650969793876,0.5207013388000639,0.06085829474626005,0.002570925458341866,-0.0025709254583416996,0.0,0.0,1.3219315424699814e-05,7.450855176983784,1.5397850358388132,0.14737500000000034,0.14737499999999965,0.07267500000000005,1154.756523911035,1778.0768155554563,1150.852691518248,4274.361312748261,246.35622331088885,4098.385030211978,2944.1937357828847,4274.361312748261,246.35622331088885,7449.647043132854,11563.296302054014,-4113.649258921159,forecast_scenario_comparison.parquet; mbu26_official_annual.csv,data/current_revenue_outlook/revenue_chart_rows.csv:current_basecase:2044Q3; data/current_revenue_outlook/revenue_chart_rows.csv:current_basecase:2044Q4; data/current_revenue_outlook/revenue_chart_rows.csv:current_basecase:2045Q1; data/current_revenue_outlook/revenue_chart_rows.csv:current_basecase:2045Q2; data/current_revenue_outlook/revenue_chart_rows.csv:current_basecase:2044Q3; data/current_revenue_outlook/revenue_chart_rows.csv:current_basecase:2044Q4; data/current_revenue_outlook/revenue_chart_rows.csv:current_basecase:2045Q1; data/current_revenue_outlook/revenue_chart_rows.csv:current_basecase:2045Q2; AU16; AU10; AU12; AU14; scenario_inputs/scenario_input_wide.parquet:PED:population (2044Q3; 2044Q4; 2045Q1; 2045Q2),U_t=current PED-derived light petrol activity + current finalist total Light RUC; target components=U_t*MBU26 light-mobility proportions; lambda allocates EV/PHEV migration between PED and Light RUC. PED light-petrol activity uses population_source=scenario_input_population.,available,available,False,EV/PHEV uptake is allocated between PED/light-petrol and total Light RUC to match MBU proportions; it is not a new model.
2045,FY2045,Current finalist Base case,current_basecase,basecase,fixed_light_only,0.6167222172370499,0.3712315969790873,0.0,0.6167222172370499,lambda_upper_bound,25.0,35722.88617820048,19977.56563720358,55700.45181540406,15742.7368402457,8152.95919858563,29735.4698936684,3475.40875423459,57106.57468673432,0.27567293129739556,0.14276743515628046,0.5207013388000639,0.06085829474626005,0.5815596335463239,15355.106826541776,7952.210642731224,29003.299832049343,3389.834514081716,32393.134346131057,23307.317469273003,0.0,29003.299832049343,3389.834514081716,32393.134346131057,23307.317469273003,0.0,29003.299832049343,3389.834514081716,55700.45181540406,0.0,0.41844036645367605,0.0,0.5207013388000639,0.06085829474626005,0.1427674351562805,-0.14276743515628046,0.0,0.0,0.0407650810822055,7.450855176983784,1.5397850358388132,0.14737500000000034,0.14737499999999965,0.07267500000000005,1736.5944702753734,2673.982178650451,0.0,4274.361312748261,246.35622331088885,4098.385030211978,2944.1937357828847,4274.361312748261,246.35622331088885,7194.699714709601,11563.296302054014,-4368.596587344413,forecast_scenario_comparison.parquet; mbu26_official_annual.csv,data/current_revenue_outlook/revenue_chart_rows.csv:current_basecase:2044Q3; data/current_revenue_outlook/revenue_chart_rows.csv:current_basecase:2044Q4; data/current_revenue_outlook/revenue_chart_rows.csv:current_basecase:2045Q1; data/current_revenue_outlook/revenue_chart_rows.csv:current_basecase:2045Q2; data/current_revenue_outlook/revenue_chart_rows.csv:current_basecase:2044Q3; data/current_revenue_outlook/revenue_chart_rows.csv:current_basecase:2044Q4; data/current_revenue_outlook/revenue_chart_rows.csv:current_basecase:2045Q1; data/current_revenue_outlook/revenue_chart_rows.csv:current_basecase:2045Q2; AU16; AU10; AU12; AU14; scenario_inputs/scenario_input_wide.parquet:PED:population (2044Q3; 2044Q4; 2045Q1; 2045Q2),U_t=current PED-derived light petrol activity + current finalist total Light RUC; target components=U_t*MBU26 light-mobility proportions; lambda allocates EV/PHEV migration between PED and Light RUC. PED light-petrol activity uses population_source=scenario_input_population.,available,available,False,EV/PHEV uptake is allocated between PED/light-petrol and total Light RUC to match MBU proportions; it is not a new model.
2045,FY2045,Current finalist Base case,current_basecase,basecase,fixed_ped_only,0.0,0.3712315969790873,0.0,0.6167222172370499,lambda_lower_bound,25.0,35722.88617820048,19977.56563720358,55700.45181540406,15742.7368402457,8152.95919858563,29735.4698936684,3475.40875423459,57106.57468673432,0.27567293129739556,0.14276743515628046,0.5207013388000639,0.06085829474626005,0.5815596335463239,15355.106826541776,7952.210642731224,29003.299832049343,3389.834514081716,32393.134346131057,3329.7518320694253,19977.56563720358,29003.299832049343,3389.834514081716,32393.134346131057,3329.7518320694253,19977.56563720358,29003.299832049343,3389.834514081716,55700.45181540406,0.0,0.05977961979742104,0.3586607466562551,0.5207013388000639,0.06085829474626005,-0.21589331149997454,0.21589331149997462,0.0,0.0,0.09321984390085011,7.450855176983784,1.5397850358388132,0.14737500000000034,0.14737499999999965,0.07267500000000005,248.09498676045718,382.01294808038045,2944.1937357828847,4274.361312748261,246.35622331088885,4098.385030211978,2944.1937357828847,4274.361312748261,246.35622331088885,7846.9242199224145,11563.296302054014,-3716.372082131599,forecast_scenario_comparison.parquet; mbu26_official_annual.csv,data/current_revenue_outlook/revenue_chart_rows.csv:current_basecase:2044Q3; data/current_revenue_outlook/revenue_chart_rows.csv:current_basecase:2044Q4; data/current_revenue_outlook/revenue_chart_rows.csv:current_basecase:2045Q1; data/current_revenue_outlook/revenue_chart_rows.csv:current_basecase:2045Q2; data/current_revenue_outlook/revenue_chart_rows.csv:current_basecase:2044Q3; data/current_revenue_outlook/revenue_chart_rows.csv:current_basecase:2044Q4; data/current_revenue_outlook/revenue_chart_rows.csv:current_basecase:2045Q1; data/current_revenue_outlook/revenue_chart_rows.csv:current_basecase:2045Q2; AU16; AU10; AU12; AU14; scenario_inputs/scenario_input_wide.parquet:PED:population (2044Q3; 2044Q4; 2045Q1; 2045Q2),U_t=current PED-derived light petrol activity + current finalist total Light RUC; target components=U_t*MBU26 light-mobility proportions; lambda allocates EV/PHEV migration between PED and Light RUC. PED light-petrol activity uses population_source=scenario_input_population.,available,available,False,EV/PHEV uptake is allocated between PED/light-petrol and total Light RUC to match MBU proportions; it is not a new model.
2045,FY2045,Current finalist Base case,current_basecase,basecase,mbu_ratio,0.3411894420374611,0.3712315969790873,0.0,0.6167222172370499,,25.0,35722.88617820048,19977.56563720358,55700.45181540406,15742.7368402457,8152.95919858563,29735.4698936684,3475.40875423459,57106.57468673432,0.27567293129739556,0.14276743515628046,0.5207013388000639,0.06085829474626005,0.5815596335463239,15355.106826541776,7952.210642731224,29003.299832049343,3389.834514081716,32393.134346131057,14381.947265470397,8925.370203802608,29003.299832049343,3389.834514081716,32393.134346131057,14381.947265470397,8925.370203802608,29003.299832049343,3389.834514081716,55700.45181540406,0.0,0.2582016266786016,0.1602387397750745,0.5207013388000639,0.06085829474626005,-0.01747130461879398,0.017471304618794037,0.0,0.0,0.0006104929701653858,7.450855176983784,1.5397850358388132,0.14737500000000034,0.14737499999999965,0.07267500000000005,1071.578062380379,1649.9998651864578,1315.3764337854122,4274.361312748261,246.35622331088885,4098.385030211978,2944.1937357828847,4274.361312748261,246.35622331088885,7486.09383503102,11563.296302054014,-4077.202467022994,forecast_scenario_comparison.parquet; mbu26_official_annual.csv,data/current_revenue_outlook/revenue_chart_rows.csv:current_basecase:2044Q3; data/current_revenue_outlook/revenue_chart_rows.csv:current_basecase:2044Q4; data/current_revenue_outlook/revenue_chart_rows.csv:current_basecase:2045Q1; data/current_revenue_outlook/revenue_chart_rows.csv:current_basecase:2045Q2; data/current_revenue_outlook/revenue_chart_rows.csv:current_basecase:2044Q3; data/current_revenue_outlook/revenue_chart_rows.csv:current_basecase:2044Q4; data/current_revenue_outlook/revenue_chart_rows.csv:current_basecase:2045Q1; data/current_revenue_outlook/revenue_chart_rows.csv:current_basecase:2045Q2; AU16; AU10; AU12; AU14; scenario_inputs/scenario_input_wide.parquet:PED:population (2044Q3; 2044Q4; 2045Q1; 2045Q2),U_t=current PED-derived light petrol activity + current finalist total Light RUC; target components=U_t*MBU26 light-mobility proportions; lambda allocates EV/PHEV migration between PED and Light RUC. PED light-petrol activity uses population_source=scenario_input_population.,available,available,False,EV/PHEV uptake is allocated between PED/light-petrol and total Light RUC to match MBU proportions; it is not a new model.
2046,FY2046,Current finalist Base case,current_basecase,basecase,optimized,0.37452493325726754,0.3707908564325116,0.0,0.5872638104560324,,25.0,35836.64314021808,20414.705397379148,56251.34853759723,14266.1941407652,7688.0731540928,32156.3592151348,3358.80797409963,57469.43448409243,0.24823968199502797,0.13377673232926734,0.5595384660351181,0.058445119640586504,0.6179835856757047,13963.816872764617,7525.121596474469,31474.79327313394,3287.616795224201,34762.41006835814,14093.62238257354,7395.316086665549,31474.79327313394,3287.616795224201,34762.41006835814,14093.62238257354,7395.316086665549,31474.79327313394,3287.616795224201,56251.34853759723,0.0,0.25054728018037925,0.1314691341439161,0.5595384660351181,0.058445119640586504,0.002307598185351284,-0.002307598185351256,0.0,0.0,1.0650018770072949e-05,7.3637059302644055,1.579745035410907,0.15119999999999983,0.15119999999999995,0.07456500000000002,1037.8129071746393,1639.479787794497,1118.1717923038298,4758.98874289785,245.1411463358926,4168.79709814272,3086.7034560837237,4758.98874289785,245.1411463358926,7761.78146933207,12259.630443460186,-4497.848974128116,forecast_scenario_comparison.parquet; mbu26_official_annual.csv,data/current_revenue_outlook/revenue_chart_rows.csv:current_basecase:2045Q3; data/current_revenue_outlook/revenue_chart_rows.csv:current_basecase:2045Q4; data/current_revenue_outlook/revenue_chart_rows.csv:current_basecase:2046Q1; data/current_revenue_outlook/revenue_chart_rows.csv:current_basecase:2046Q2; data/current_revenue_outlook/revenue_chart_rows.csv:current_basecase:2045Q3; data/current_revenue_outlook/revenue_chart_rows.csv:current_basecase:2045Q4; data/current_revenue_outlook/revenue_chart_rows.csv:current_basecase:2046Q1; data/current_revenue_outlook/revenue_chart_rows.csv:current_basecase:2046Q2; AV16; AV10; AV12; AV14; scenario_inputs/scenario_input_wide.parquet:PED:population (2045Q3; 2045Q4; 2046Q1; 2046Q2),U_t=current PED-derived light petrol activity + current finalist total Light RUC; target components=U_t*MBU26 light-mobility proportions; lambda allocates EV/PHEV migration between PED and Light RUC. PED light-petrol activity uses population_source=scenario_input_population.,available,available,False,EV/PHEV uptake is allocated between PED/light-petrol and total Light RUC to match MBU proportions; it is not a new model.
2046,FY2046,Current finalist Base case,current_basecase,basecase,fixed_light_only,0.5872638104560324,0.3707908564325116,0.0,0.5872638104560324,lambda_upper_bound,25.0,35836.64314021808,20414.705397379148,56251.34853759723,14266.1941407652,7688.0731540928,32156.3592151348,3358.80797409963,57469.43448409243,0.24823968199502797,0.13377673232926734,0.5595384660351181,0.058445119640586504,0.6179835856757047,13963.816872764617,7525.121596474469,31474.79327313394,3287.616795224201,34762.41006835814,21488.93846923909,0.0,31474.79327313394,3287.616795224201,34762.41006835814,21488.93846923909,0.0,31474.79327313394,3287.616795224201,56251.34853759723,0.0,0.38201641432429534,0.0,0.5595384660351181,0.058445119640586504,0.13377673232926737,-0.13377673232926734,0.0,0.0,0.03579242822539289,7.3637059302644055,1.579745035410907,0.15119999999999983,0.15119999999999995,0.07456500000000002,1582.3822364102277,2499.7604820914653,0.0,4758.98874289785,245.1411463358926,4168.79709814272,3086.7034560837237,4758.98874289785,245.1411463358926,7503.8903713252075,12259.630443460186,-4755.740072134979,forecast_scenario_comparison.parquet; mbu26_official_annual.csv,data/current_revenue_outlook/revenue_chart_rows.csv:current_basecase:2045Q3; data/current_revenue_outlook/revenue_chart_rows.csv:current_basecase:2045Q4; data/current_revenue_outlook/revenue_chart_rows.csv:current_basecase:2046Q1; data/current_revenue_outlook/revenue_chart_rows.csv:current_basecase:2046Q2; data/current_revenue_outlook/revenue_chart_rows.csv:current_basecase:2045Q3; data/current_revenue_outlook/revenue_chart_rows.csv:current_basecase:2045Q4; data/current_revenue_outlook/revenue_chart_rows.csv:current_basecase:2046Q1; data/current_revenue_outlook/revenue_chart_rows.csv:current_basecase:2046Q2; AV16; AV10; AV12; AV14; scenario_inputs/scenario_input_wide.parquet:PED:population (2045Q3; 2045Q4; 2046Q1; 2046Q2),U_t=current PED-derived light petrol activity + current finalist total Light RUC; target components=U_t*MBU26 light-mobility proportions; lambda allocates EV/PHEV migration between PED and Light RUC. PED light-petrol activity uses population_source=scenario_input_population.,available,available,False,EV/PHEV uptake is allocated between PED/light-petrol and total Light RUC to match MBU proportions; it is not a new model.
2046,FY2046,Current finalist Base case,current_basecase,basecase,fixed_ped_only,0.0,0.3707908564325116,0.0,0.5872638104560324,lambda_lower_bound,25.0,35836.64314021808,20414.705397379148,56251.34853759723,14266.1941407652,7688.0731540928,32156.3592151348,3358.80797409963,57469.43448409243,0.24823968199502797,0.13377673232926734,0.5595384660351181,0.058445119640586504,0.6179835856757047,13963.816872764617,7525.121596474469,31474.79327313394,3287.616795224201,34762.41006835814,1074.2330718599405,20414.705397379148,31474.79327313394,3287.616795224201,34762.41006835814,1074.2330718599405,20414.705397379148,31474.79327313394,3287.616795224201,56251.34853759723,0.0,0.01909701900109907,0.3629193953231963,0.5595384660351181,0.058445119640586504,-0.2291426629939289,0.22914266299392894,0.0,0.0,0.10501272000789856,7.3637059302644055,1.579745035410907,0.15119999999999983,0.15119999999999995,0.07456500000000002,79.10336441741192,124.96314722270628,3086.7034560837237,4758.98874289785,245.1411463358926,4168.79709814272,3086.7034560837237,4758.98874289785,245.1411463358926,8215.796492540172,12259.630443460186,-4043.833950920014,forecast_scenario_comparison.parquet; mbu26_official_annual.csv,data/current_revenue_outlook/revenue_chart_rows.csv:current_basecase:2045Q3; data/current_revenue_outlook/revenue_chart_rows.csv:current_basecase:2045Q4; data/current_revenue_outlook/revenue_chart_rows.csv:current_basecase:2046Q1; data/current_revenue_outlook/revenue_chart_rows.csv:current_basecase:2046Q2; data/current_revenue_outlook/revenue_chart_rows.csv:current_basecase:2045Q3; data/current_revenue_outlook/revenue_chart_rows.csv:current_basecase:2045Q4; data/current_revenue_outlook/revenue_chart_rows.csv:current_basecase:2046Q1; data/current_revenue_outlook/revenue_chart_rows.csv:current_basecase:2046Q2; AV16; AV10; AV12; AV14; scenario_inputs/scenario_input_wide.parquet:PED:population (2045Q3; 2045Q4; 2046Q1; 2046Q2),U_t=current PED-derived light petrol activity + current finalist total Light RUC; target components=U_t*MBU26 light-mobility proportions; lambda allocates EV/PHEV migration between PED and Light RUC. PED light-petrol activity uses population_source=scenario_input_population.,available,available,False,EV/PHEV uptake is allocated between PED/light-petrol and total Light RUC to match MBU proportions; it is not a new model.
2046,FY2046,Current finalist Base case,current_basecase,basecase,mbu_ratio,0.3501858226848434,0.3707908564325116,0.0,0.5872638104560324,,25.0,35836.64314021808,20414.705397379148,56251.34853759723,14266.1941407652,7688.0731540928,32156.3592151348,3358.80797409963,57469.43448409243,0.24823968199502797,0.13377673232926734,0.5595384660351181,0.058445119640586504,0.6179835856757047,13963.816872764617,7525.121596474469,31474.79327313394,3287.616795224201,34762.41006835814,13247.536240155816,8241.402229083269,31474.79327313394,3287.616795224201,34762.41006835814,13247.536240155816,8241.402229083269,31474.79327313394,3287.616795224201,56251.34853759723,0.0,0.23550610935667504,0.14651030496762024,0.5595384660351181,0.058445119640586504,-0.012733572638352925,0.012733572638352897,0.0,0.0,0.0003242877442724198,7.3637059302644055,1.579745035410907,0.15119999999999983,0.15119999999999995,0.07456500000000002,975.50961173028,1541.0564661265314,1246.1000170373889,4758.98874289785,245.1411463358926,4168.79709814272,3086.7034560837237,4758.98874289785,245.1411463358926,7791.2863723976625,12259.630443460186,-4468.344071062524,forecast_scenario_comparison.parquet; mbu26_official_annual.csv,data/current_revenue_outlook/revenue_chart_rows.csv:current_basecase:2045Q3; data/current_revenue_outlook/revenue_chart_rows.csv:current_basecase:2045Q4; data/current_revenue_outlook/revenue_chart_rows.csv:current_basecase:2046Q1; data/current_revenue_outlook/revenue_chart_rows.csv:current_basecase:2046Q2; data/current_revenue_outlook/revenue_chart_rows.csv:current_basecase:2045Q3; data/current_revenue_outlook/revenue_chart_rows.csv:current_basecase:2045Q4; data/current_revenue_outlook/revenue_chart_rows.csv:current_basecase:2046Q1; data/current_revenue_outlook/revenue_chart_rows.csv:current_basecase:2046Q2; AV16; AV10; AV12; AV14; scenario_inputs/scenario_input_wide.parquet:PED:population (2045Q3; 2045Q4; 2046Q1; 2046Q2),U_t=current PED-derived light petrol activity + current finalist total Light RUC; target components=U_t*MBU26 light-mobility proportions; lambda allocates EV/PHEV migration between PED and Light RUC. PED light-petrol activity uses population_source=scenario_input_population.,available,available,False,EV/PHEV uptake is allocated between PED/light-petrol and total Light RUC to match MBU proportions; it is not a new model.
2047,FY2047,Current finalist Base case,current_basecase,basecase,optimized,0.37367910431271206,0.3717359752492032,0.029811227861635925,0.5634616924892161,,25.0,35919.94674703626,20861.418488278578,56781.365235314835,12918.0199537912,7243.45535058358,34537.073453697,3243.22777483264,57941.77653290441,0.22294828924437995,0.1250126555313697,0.5960651453978776,0.05597390982637288,0.6520390552242504,12659.308240173752,7098.389252763304,33845.39272487793,3178.2750174998564,37023.66774237778,12731.25000500166,7026.447487935398,33845.39272487793,3178.2750174998564,37023.66774237779,12731.25000500166,7026.447487935398,33845.39272487793,3178.2750174998564,56781.36523531484,-7.275957614183426e-12,0.22421528528312903,0.12374565949262066,0.5960651453978776,0.055973909826372875,0.0012669960387490797,-0.001266996038749038,0.0,-6.938893903907228e-18,3.2105579244116136e-06,7.276550267891755,1.619719190351213,0.15502500000000005,0.1550249999999998,0.0764499999999999,926.3958063449176,1500.501065397749,1089.2750218171855,5246.882007174194,242.97912508786374,4233.513468181342,3234.0414011453877,5246.882007174194,242.97912508786374,8079.637219476992,12957.416001588788,-4877.778782111796,forecast_scenario_comparison.parquet; mbu26_official_annual.csv,data/current_revenue_outlook/revenue_chart_rows.csv:current_basecase:2046Q3; data/current_revenue_outlook/revenue_chart_rows.csv:current_basecase:2046Q4; data/current_revenue_outlook/revenue_chart_rows.csv:current_basecase:2047Q1; data/current_revenue_outlook/revenue_chart_rows.csv:current_basecase:2047Q2; data/current_revenue_outlook/revenue_chart_rows.csv:current_basecase:2046Q3; data/current_revenue_outlook/revenue_chart_rows.csv:current_basecase:2046Q4; data/current_revenue_outlook/revenue_chart_rows.csv:current_basecase:2047Q1; data/current_revenue_outlook/revenue_chart_rows.csv:current_basecase:2047Q2; AW16; AW10; AW12; AW14; scenario_inputs/scenario_input_wide.parquet:PED:population (2046Q3; 2046Q4; 2047Q1; 2047Q2),U_t=current PED-derived light petrol activity + current finalist total Light RUC; target components=U_t*MBU26 light-mobility proportions; lambda allocates EV/PHEV migration between PED and Light RUC. PED light-petrol activity uses population_source=scenario_input_population.,available,available,False,EV/PHEV uptake is allocated between PED/light-petrol and total Light RUC to match MBU proportions; it is not a new model.
2047,FY2047,Current finalist Base case,current_basecase,basecase,fixed_light_only,0.5634616924892161,0.3717359752492032,0.029811227861635925,0.5634616924892161,lambda_upper_bound,25.0,35919.94674703626,20861.418488278578,56781.365235314835,12918.0199537912,7243.45535058358,34537.073453697,3243.22777483264,57941.77653290441,0.22294828924437995,0.1250126555313697,0.5960651453978776,0.05597390982637288,0.6520390552242504,12659.308240173752,7098.389252763304,33845.39272487793,3178.2750174998564,37023.66774237778,19757.697492937055,0.0,33845.39272487793,3178.2750174998564,37023.66774237779,19757.697492937055,0.0,33845.39272487793,3178.2750174998564,56781.36523531484,-7.275957614183426e-12,0.3479609447757496,0.0,0.5960651453978776,0.055973909826372875,0.12501265553136967,-0.1250126555313697,0.0,-6.938893903907228e-18,0.03125632808600979,7.276550267891755,1.619719190351213,0.15502500000000005,0.1550249999999998,0.0764499999999999,1437.678789851554,2328.6359254834706,0.0,5246.882007174194,242.97912508786374,4233.513468181342,3234.0414011453877,5246.882007174194,242.97912508786374,7818.497057745528,12957.416001588788,-5138.91894384326,forecast_scenario_comparison.parquet; mbu26_official_annual.csv,data/current_revenue_outlook/revenue_chart_rows.csv:current_basecase:2046Q3; data/current_revenue_outlook/revenue_chart_rows.csv:current_basecase:2046Q4; data/current_revenue_outlook/revenue_chart_rows.csv:current_basecase:2047Q1; data/current_revenue_outlook/revenue_chart_rows.csv:current_basecase:2047Q2; data/current_revenue_outlook/revenue_chart_rows.csv:current_basecase:2046Q3; data/current_revenue_outlook/revenue_chart_rows.csv:current_basecase:2046Q4; data/current_revenue_outlook/revenue_chart_rows.csv:current_basecase:2047Q1; data/current_revenue_outlook/revenue_chart_rows.csv:current_basecase:2047Q2; AW16; AW10; AW12; AW14; scenario_inputs/scenario_input_wide.parquet:PED:population (2046Q3; 2046Q4; 2047Q1; 2047Q2),U_t=current PED-derived light petrol activity + current finalist total Light RUC; target components=U_t*MBU26 light-mobility proportions; lambda allocates EV/PHEV migration between PED and Light RUC. PED light-petrol activity uses population_source=scenario_input_population.,available,available,False,EV/PHEV uptake is allocated between PED/light-petrol and total Light RUC to match MBU proportions; it is not a new model.
2047,FY2047,Current finalist Base case,current_basecase,basecase,fixed_ped_only,0.029811227861635925,0.3717359752492032,0.029811227861635925,0.5634616924892161,lambda_lower_bound,25.0,35919.94674703626,20861.418488278578,56781.365235314835,12918.0199537912,7243.45535058358,34537.073453697,3243.22777483264,57941.77653290441,0.22294828924437995,0.1250126555313697,0.5960651453978776,0.05597390982637288,0.6520390552242504,12659.308240173752,7098.389252763304,33845.39272487793,3178.2750174998564,37023.66774237778,0.0,19757.697492937055,33845.39272487793,3178.2750174998564,37023.66774237779,0.0,19757.697492937055,33845.39272487793,3178.2750174998564,56781.36523531484,-7.275957614183426e-12,0.0,0.3479609447757496,0.5960651453978776,0.055973909826372875,-0.22294828924437995,0.22294828924437993,0.0,-6.938893903907228e-18,0.0994118793539914,7.276550267891755,1.619719190351213,0.15502500000000005,0.1550249999999998,0.0764499999999999,0.0,0.0,3062.937053842568,5246.882007174194,242.97912508786374,4233.513468181342,3234.0414011453877,5246.882007174194,242.97912508786374,8552.798186104626,12957.416001588788,-4404.617815484162,forecast_scenario_comparison.parquet; mbu26_official_annual.csv,data/current_revenue_outlook/revenue_chart_rows.csv:current_basecase:2046Q3; data/current_revenue_outlook/revenue_chart_rows.csv:current_basecase:2046Q4; data/current_revenue_outlook/revenue_chart_rows.csv:current_basecase:2047Q1; data/current_revenue_outlook/revenue_chart_rows.csv:current_basecase:2047Q2; data/current_revenue_outlook/revenue_chart_rows.csv:current_basecase:2046Q3; data/current_revenue_outlook/revenue_chart_rows.csv:current_basecase:2046Q4; data/current_revenue_outlook/revenue_chart_rows.csv:current_basecase:2047Q1; data/current_revenue_outlook/revenue_chart_rows.csv:current_basecase:2047Q2; AW16; AW10; AW12; AW14; scenario_inputs/scenario_input_wide.parquet:PED:population (2046Q3; 2046Q4; 2047Q1; 2047Q2),U_t=current PED-derived light petrol activity + current finalist total Light RUC; target components=U_t*MBU26 light-mobility proportions; lambda allocates EV/PHEV migration between PED and Light RUC. PED light-petrol activity uses population_source=scenario_input_population.,available,available,False,EV/PHEV uptake is allocated between PED/light-petrol and total Light RUC to match MBU proportions; it is not a new model.
2047,FY2047,Current finalist Base case,current_basecase,basecase,mbu_ratio,0.3592720890326832,0.3717359752492032,0.029811227861635925,0.5634616924892161,,25.0,35919.94674703626,20861.418488278578,56781.365235314835,12918.0199537912,7243.45535058358,34537.073453697,3243.22777483264,57941.77653290441,0.22294828924437995,0.1250126555313697,0.5960651453978776,0.05597390982637288,0.6520390552242504,12659.308240173752,7098.389252763304,33845.39272487793,3178.2750174998564,37023.66774237778,12197.84945811451,7559.848034822546,33845.39272487793,3178.2750174998564,37023.66774237779,12197.84945811451,7559.848034822546,33845.39272487793,3178.2750174998564,56781.36523531484,-7.275957614183426e-12,0.21482134865133762,0.133139596124412,0.5960651453978776,0.055973909826372875,-0.008126940593042337,0.008126940593042309,0.0,-6.938893903907228e-18,0.0001320943268056782,7.276550267891755,1.619719190351213,0.15502500000000005,0.1550249999999998,0.0764499999999999,887.5826474214643,1437.6346470512804,1171.9654415983655,5246.882007174194,242.97912508786374,4233.513468181342,3234.0414011453877,5246.882007174194,242.97912508786374,8099.461220911703,12957.416001588788,-4857.954780677085,forecast_scenario_comparison.parquet; mbu26_official_annual.csv,data/current_revenue_outlook/revenue_chart_rows.csv:current_basecase:2046Q3; data/current_revenue_outlook/revenue_chart_rows.csv:current_basecase:2046Q4; data/current_revenue_outlook/revenue_chart_rows.csv:current_basecase:2047Q1; data/current_revenue_outlook/revenue_chart_rows.csv:current_basecase:2047Q2; data/current_revenue_outlook/revenue_chart_rows.csv:current_basecase:2046Q3; data/current_revenue_outlook/revenue_chart_rows.csv:current_basecase:2046Q4; data/current_revenue_outlook/revenue_chart_rows.csv:current_basecase:2047Q1; data/current_revenue_outlook/revenue_chart_rows.csv:current_basecase:2047Q2; AW16; AW10; AW12; AW14; scenario_inputs/scenario_input_wide.parquet:PED:population (2046Q3; 2046Q4; 2047Q1; 2047Q2),U_t=current PED-derived light petrol activity + current finalist total Light RUC; target components=U_t*MBU26 light-mobility proportions; lambda allocates EV/PHEV migration between PED and Light RUC. PED light-petrol activity uses population_source=scenario_input_population.,available,available,False,EV/PHEV uptake is allocated between PED/light-petrol and total Light RUC to match MBU proportions; it is not a new model.
2048,FY2048,Current finalist Base case,current_basecase,basecase,optimized,0.3730927183502562,0.3736252081958164,0.08178997913274144,0.5435495486439904,,25.0,36012.03056528694,21317.91476314663,57329.945328433576,11705.987140547,6815.94251159561,36975.108256259,3136.52315345323,58633.561061854845,0.19964653226840332,0.11624643613928215,0.6306133822786665,0.05349364931364801,0.6841070315923145,11445.724779958911,6664.40182849029,36153.03072941453,3066.7879905698387,39219.81871998437,11424.840624745808,6685.285983703396,36153.03072941453,3066.7879905698387,39219.81871998437,11424.840624745808,6685.285983703396,36153.03072941453,3066.7879905698387,57329.94532843357,7.275957614183426e-12,0.19928225222080406,0.11661071618688142,0.6306133822786665,0.05349364931364801,-0.0003642800475992525,0.00036428004759926635,0.0,0.0,2.653999061578374e-07,7.189391807545562,1.6597352391364104,0.1588549999999999,0.15885500000000016,0.07833500000000007,821.3765559006123,1363.2676144287439,1061.9911049412024,5743.089696521151,240.23683724128853,4297.130840769697,3386.457349699656,5743.089696521151,240.23683724128853,8408.585253132387,13666.914724231792,-5258.329471099405,forecast_scenario_comparison.parquet; mbu26_official_annual.csv,data/current_revenue_outlook/revenue_chart_rows.csv:current_basecase:2047Q3; data/current_revenue_outlook/revenue_chart_rows.csv:current_basecase:2047Q4; data/current_revenue_outlook/revenue_chart_rows.csv:current_basecase:2048Q1; data/current_revenue_outlook/revenue_chart_rows.csv:current_basecase:2048Q2; data/current_revenue_outlook/revenue_chart_rows.csv:current_basecase:2047Q3; data/current_revenue_outlook/revenue_chart_rows.csv:current_basecase:2047Q4; data/current_revenue_outlook/revenue_chart_rows.csv:current_basecase:2048Q1; data/current_revenue_outlook/revenue_chart_rows.csv:current_basecase:2048Q2; AX16; AX10; AX12; AX14; scenario_inputs/scenario_input_wide.parquet:PED:population (2047Q3; 2047Q4; 2048Q1; 2048Q2),U_t=current PED-derived light petrol activity + current finalist total Light RUC; target components=U_t*MBU26 light-mobility proportions; lambda allocates EV/PHEV migration between PED and Light RUC. PED light-petrol activity uses population_source=scenario_input_population.,available,available,False,EV/PHEV uptake is allocated between PED/light-petrol and total Light RUC to match MBU proportions; it is not a new model.
2048,FY2048,Current finalist Base case,current_basecase,basecase,fixed_light_only,0.5435495486439904,0.3736252081958164,0.08178997913274144,0.5435495486439904,lambda_upper_bound,25.0,36012.03056528694,21317.91476314663,57329.945328433576,11705.987140547,6815.94251159561,36975.108256259,3136.52315345323,58633.561061854845,0.19964653226840332,0.11624643613928215,0.6306133822786665,0.05349364931364801,0.6841070315923145,11445.724779958911,6664.40182849029,36153.03072941453,3066.7879905698387,39219.81871998437,18110.126608449205,0.0,36153.03072941453,3066.7879905698387,39219.81871998437,18110.126608449205,0.0,36153.03072941453,3066.7879905698387,57329.945328433576,0.0,0.3158929684076855,0.0,0.6306133822786665,0.05349364931364801,0.11624643613928218,-0.11624643613928215,0.0,0.0,0.02702646783016841,7.189391807545562,1.6597352391364104,0.1588549999999999,0.15885500000000016,0.07833500000000007,1302.0079587239761,2160.988490730248,0.0,5743.089696521151,240.23683724128853,4297.130840769697,3386.457349699656,5743.089696521151,240.23683724128853,8144.315024492688,13666.914724231792,-5522.599699739104,forecast_scenario_comparison.parquet; mbu26_official_annual.csv,data/current_revenue_outlook/revenue_chart_rows.csv:current_basecase:2047Q3; data/current_revenue_outlook/revenue_chart_rows.csv:current_basecase:2047Q4; data/current_revenue_outlook/revenue_chart_rows.csv:current_basecase:2048Q1; data/current_revenue_outlook/revenue_chart_rows.csv:current_basecase:2048Q2; data/current_revenue_outlook/revenue_chart_rows.csv:current_basecase:2047Q3; data/current_revenue_outlook/revenue_chart_rows.csv:current_basecase:2047Q4; data/current_revenue_outlook/revenue_chart_rows.csv:current_basecase:2048Q1; data/current_revenue_outlook/revenue_chart_rows.csv:current_basecase:2048Q2; AX16; AX10; AX12; AX14; scenario_inputs/scenario_input_wide.parquet:PED:population (2047Q3; 2047Q4; 2048Q1; 2048Q2),U_t=current PED-derived light petrol activity + current finalist total Light RUC; target components=U_t*MBU26 light-mobility proportions; lambda allocates EV/PHEV migration between PED and Light RUC. PED light-petrol activity uses population_source=scenario_input_population.,available,available,False,EV/PHEV uptake is allocated between PED/light-petrol and total Light RUC to match MBU proportions; it is not a new model.
2048,FY2048,Current finalist Base case,current_basecase,basecase,fixed_ped_only,0.08178997913274144,0.3736252081958164,0.08178997913274144,0.5435495486439904,lambda_lower_bound,25.0,36012.03056528694,21317.91476314663,57329.945328433576,11705.987140547,6815.94251159561,36975.108256259,3136.52315345323,58633.561061854845,0.19964653226840332,0.11624643613928215,0.6306133822786665,0.05349364931364801,0.6841070315923145,11445.724779958911,6664.40182849029,36153.03072941453,3066.7879905698387,39219.81871998437,0.0,18110.126608449205,36153.03072941453,3066.7879905698387,39219.81871998437,0.0,18110.126608449205,36153.03072941453,3066.7879905698387,57329.945328433576,0.0,0.0,0.3158929684076855,0.6306133822786665,0.05349364931364801,-0.19964653226840332,0.19964653226840334,0.0,0.0,0.07971747569359722,7.189391807545562,1.6597352391364104,0.1588549999999999,0.15885500000000016,0.07833500000000007,0.0,0.0,2876.8841623851968,5743.089696521151,240.23683724128853,4297.130840769697,3386.457349699656,5743.089696521151,240.23683724128853,8860.210696147638,13666.914724231792,-4806.704028084154,forecast_scenario_comparison.parquet; mbu26_official_annual.csv,data/current_revenue_outlook/revenue_chart_rows.csv:current_basecase:2047Q3; data/current_revenue_outlook/revenue_chart_rows.csv:current_basecase:2047Q4; data/current_revenue_outlook/revenue_chart_rows.csv:current_basecase:2048Q1; data/current_revenue_outlook/revenue_chart_rows.csv:current_basecase:2048Q2; data/current_revenue_outlook/revenue_chart_rows.csv:current_basecase:2047Q3; data/current_revenue_outlook/revenue_chart_rows.csv:current_basecase:2047Q4; data/current_revenue_outlook/revenue_chart_rows.csv:current_basecase:2048Q1; data/current_revenue_outlook/revenue_chart_rows.csv:current_basecase:2048Q2; AX16; AX10; AX12; AX14; scenario_inputs/scenario_input_wide.parquet:PED:population (2047Q3; 2047Q4; 2048Q1; 2048Q2),U_t=current PED-derived light petrol activity + current finalist total Light RUC; target components=U_t*MBU26 light-mobility proportions; lambda allocates EV/PHEV migration between PED and Light RUC. PED light-petrol activity uses population_source=scenario_input_population.,available,available,False,EV/PHEV uptake is allocated between PED/light-petrol and total Light RUC to match MBU proportions; it is not a new model.
2048,FY2048,Current finalist Base case,current_basecase,basecase,mbu_ratio,0.36799311084777525,0.3736252081958164,0.08178997913274144,0.5435495486439904,,25.0,36012.03056528694,21317.91476314663,57329.945328433576,11705.987140547,6815.94251159561,36975.108256259,3136.52315345323,58633.561061854845,0.19964653226840332,0.11624643613928215,0.6306133822786665,0.05349364931364801,0.6841070315923145,11445.724779958911,6664.40182849029,36153.03072941453,3066.7879905698387,39219.81871998437,11224.834942955433,6885.291665493771,36153.03072941453,3066.7879905698387,39219.81871998437,11224.834942955433,6885.291665493771,36153.03072941453,3066.7879905698387,57329.94532843357,7.275957614183426e-12,0.19579357486999593,0.12009939353768956,0.6306133822786665,0.05349364931364801,-0.0038529573984073806,0.0038529573984074084,0.0,0.0,2.9690561427884555e-05,7.189391807545562,1.6597352391364104,0.1588549999999999,0.15885500000000016,0.07833500000000007,806.9973637993494,1339.401962587966,1093.7630075220125,5743.089696521151,240.23683724128853,4297.130840769697,3386.457349699656,5743.089696521151,240.23683724128853,8416.49150387242,13666.914724231792,-5250.423220359373,forecast_scenario_comparison.parquet; mbu26_official_annual.csv,data/current_revenue_outlook/revenue_chart_rows.csv:current_basecase:2047Q3; data/current_revenue_outlook/revenue_chart_rows.csv:current_basecase:2047Q4; data/current_revenue_outlook/revenue_chart_rows.csv:current_basecase:2048Q1; data/current_revenue_outlook/revenue_chart_rows.csv:current_basecase:2048Q2; data/current_revenue_outlook/revenue_chart_rows.csv:current_basecase:2047Q3; data/current_revenue_outlook/revenue_chart_rows.csv:current_basecase:2047Q4; data/current_revenue_outlook/revenue_chart_rows.csv:current_basecase:2048Q1; data/current_revenue_outlook/revenue_chart_rows.csv:current_basecase:2048Q2; AX16; AX10; AX12; AX14; scenario_inputs/scenario_input_wide.parquet:PED:population (2047Q3; 2047Q4; 2048Q1; 2048Q2),U_t=current PED-derived light petrol activity + current finalist total Light RUC; target components=U_t*MBU26 light-mobility proportions; lambda allocates EV/PHEV migration between PED and Light RUC. PED light-petrol activity uses population_source=scenario_input_population.,available,available,False,EV/PHEV uptake is allocated between PED/light-petrol and total Light RUC to match MBU proportions; it is not a new model.
2049,FY2049,Current finalist Base case,current_basecase,basecase,optimized,0.3726775504673487,0.3762567210286046,0.12529019791145457,0.527773051717504,,25.0,36104.60167168996,21784.408680244556,57889.010351934514,10602.9228996206,6401.3158104673,39221.4923959718,3026.86315331079,59252.59425937049,0.1789444501485908,0.10803435512791856,0.6619371334913176,0.05108406123217309,0.7130211947234907,10358.917127073004,6254.001902364647,38318.88557300874,2957.2057494881246,41276.09132249687,10211.182956127814,6401.736073309836,38318.88557300874,2957.2057494881246,41276.09132249686,10211.182956127814,6401.736073309836,38318.88557300874,2957.2057494881246,57889.01035193451,7.275957614183426e-12,0.176392425678885,0.11058637959762435,0.6619371334913176,0.05108406123217309,-0.002552024469705816,0.002552024469705788,0.0,0.0,1.302565778795436e-05,7.102242223984312,1.6997375991319723,0.16268499999999955,0.16268499999999994,0.08022499999999995,725.2229474783992,1232.6887115823467,1041.4664330864077,6233.907899444925,237.24183125268465,4358.528792216094,3543.996526145576,6233.907899444925,237.24183125268465,8745.304875366362,14373.675049059279,-5628.370173692916,forecast_scenario_comparison.parquet; mbu26_official_annual.csv,data/current_revenue_outlook/revenue_chart_rows.csv:current_basecase:2048Q3; data/current_revenue_outlook/revenue_chart_rows.csv:current_basecase:2048Q4; data/current_revenue_outlook/revenue_chart_rows.csv:current_basecase:2049Q1; data/current_revenue_outlook/revenue_chart_rows.csv:current_basecase:2049Q2; data/current_revenue_outlook/revenue_chart_rows.csv:current_basecase:2048Q3; data/current_revenue_outlook/revenue_chart_rows.csv:current_basecase:2048Q4; data/current_revenue_outlook/revenue_chart_rows.csv:current_basecase:2049Q1; data/current_revenue_outlook/revenue_chart_rows.csv:current_basecase:2049Q2; AY16; AY10; AY12; AY14; scenario_inputs/scenario_input_wide.parquet:PED:population (2048Q3; 2048Q4; 2049Q1; 2049Q2),U_t=current PED-derived light petrol activity + current finalist total Light RUC; target components=U_t*MBU26 light-mobility proportions; lambda allocates EV/PHEV migration between PED and Light RUC. PED light-petrol activity uses population_source=scenario_input_population.,available,available,False,EV/PHEV uptake is allocated between PED/light-petrol and total Light RUC to match MBU proportions; it is not a new model.
2049,FY2049,Current finalist Base case,current_basecase,basecase,fixed_light_only,0.527773051717504,0.3762567210286046,0.12529019791145457,0.527773051717504,lambda_upper_bound,25.0,36104.60167168996,21784.408680244556,57889.010351934514,10602.9228996206,6401.3158104673,39221.4923959718,3026.86315331079,59252.59425937049,0.1789444501485908,0.10803435512791856,0.6619371334913176,0.05108406123217309,0.7130211947234907,10358.917127073004,6254.001902364647,38318.88557300874,2957.2057494881246,41276.09132249687,16612.91902943765,0.0,38318.88557300874,2957.2057494881246,41276.09132249686,16612.91902943765,0.0,38318.88557300874,2957.2057494881246,57889.01035193451,7.275957614183426e-12,0.2869788052765094,0.0,0.6619371334913176,0.05108406123217309,0.10803435512791856,-0.10803435512791856,0.0,0.0,0.02334284377581045,7.102242223984312,1.6997375991319723,0.16268499999999955,0.16268499999999994,0.08022499999999995,1179.8897499450457,2005.502970812015,0.0,6233.907899444925,237.24183125268465,4358.528792216094,3543.996526145576,6233.907899444925,237.24183125268465,8476.652701509624,14373.675049059279,-5897.022347549655,forecast_scenario_comparison.parquet; mbu26_official_annual.csv,data/current_revenue_outlook/revenue_chart_rows.csv:current_basecase:2048Q3; data/current_revenue_outlook/revenue_chart_rows.csv:current_basecase:2048Q4; data/current_revenue_outlook/revenue_chart_rows.csv:current_basecase:2049Q1; data/current_revenue_outlook/revenue_chart_rows.csv:current_basecase:2049Q2; data/current_revenue_outlook/revenue_chart_rows.csv:current_basecase:2048Q3; data/current_revenue_outlook/revenue_chart_rows.csv:current_basecase:2048Q4; data/current_revenue_outlook/revenue_chart_rows.csv:current_basecase:2049Q1; data/current_revenue_outlook/revenue_chart_rows.csv:current_basecase:2049Q2; AY16; AY10; AY12; AY14; scenario_inputs/scenario_input_wide.parquet:PED:population (2048Q3; 2048Q4; 2049Q1; 2049Q2),U_t=current PED-derived light petrol activity + current finalist total Light RUC; target components=U_t*MBU26 light-mobility proportions; lambda allocates EV/PHEV migration between PED and Light RUC. PED light-petrol activity uses population_source=scenario_input_population.,available,available,False,EV/PHEV uptake is allocated between PED/light-petrol and total Light RUC to match MBU proportions; it is not a new model.
2049,FY2049,Current finalist Base case,current_basecase,basecase,fixed_ped_only,0.12529019791145457,0.3762567210286046,0.12529019791145457,0.527773051717504,lambda_lower_bound,25.0,36104.60167168996,21784.408680244556,57889.010351934514,10602.9228996206,6401.3158104673,39221.4923959718,3026.86315331079,59252.59425937049,0.1789444501485908,0.10803435512791856,0.6619371334913176,0.05108406123217309,0.7130211947234907,10358.917127073004,6254.001902364647,38318.88557300874,2957.2057494881246,41276.09132249687,0.0,16612.919029437653,38318.88557300874,2957.2057494881246,41276.09132249686,0.0,16612.919029437653,38318.88557300874,2957.2057494881246,57889.010351934514,0.0,0.0,0.28697880527650943,0.6619371334913176,0.05108406123217309,-0.1789444501485908,0.17894445014859087,0.0,0.0,0.06404223247796303,7.102242223984312,1.6997375991319723,0.16268499999999955,0.16268499999999994,0.08022499999999995,0.0,0.0,2702.6727323040573,6233.907899444925,237.24183125268465,4358.528792216094,3543.996526145576,6233.907899444925,237.24183125268465,9173.822463001667,14373.675049059279,-5199.852586057612,forecast_scenario_comparison.parquet; mbu26_official_annual.csv,data/current_revenue_outlook/revenue_chart_rows.csv:current_basecase:2048Q3; data/current_revenue_outlook/revenue_chart_rows.csv:current_basecase:2048Q4; data/current_revenue_outlook/revenue_chart_rows.csv:current_basecase:2049Q1; data/current_revenue_outlook/revenue_chart_rows.csv:current_basecase:2049Q2; data/current_revenue_outlook/revenue_chart_rows.csv:current_basecase:2048Q3; data/current_revenue_outlook/revenue_chart_rows.csv:current_basecase:2048Q4; data/current_revenue_outlook/revenue_chart_rows.csv:current_basecase:2049Q1; data/current_revenue_outlook/revenue_chart_rows.csv:current_basecase:2049Q2; AY16; AY10; AY12; AY14; scenario_inputs/scenario_input_wide.parquet:PED:population (2048Q3; 2048Q4; 2049Q1; 2049Q2),U_t=current PED-derived light petrol activity + current finalist total Light RUC; target components=U_t*MBU26 light-mobility proportions; lambda allocates EV/PHEV migration between PED and Light RUC. PED light-petrol activity uses population_source=scenario_input_population.,available,available,False,EV/PHEV uptake is allocated between PED/light-petrol and total Light RUC to match MBU proportions; it is not a new model.
2049,FY2049,Current finalist Base case,current_basecase,basecase,mbu_ratio,0.3764541253275672,0.3762567210286046,0.12529019791145457,0.527773051717504,,25.0,36104.60167168996,21784.408680244556,57889.010351934514,10602.9228996206,6401.3158104673,39221.4923959718,3026.86315331079,59252.59425937049,0.1789444501485908,0.10803435512791856,0.6619371334913176,0.05108406123217309,0.7130211947234907,10358.917127073004,6254.001902364647,38318.88557300874,2957.2057494881246,41276.09132249687,10367.06520494444,6245.85382449321,38318.88557300874,2957.2057494881246,41276.09132249686,10367.06520494444,6245.85382449321,38318.88557300874,2957.2057494881246,57889.01035193451,7.275957614183426e-12,0.17908520359768074,0.10789360167882864,0.6619371334913176,0.05108406123217309,0.00014075344908992538,-0.00014075344908992538,0.0,0.0,3.962306686142043e-08,7.102242223984312,1.6997375991319723,0.16268499999999955,0.16268499999999994,0.08022499999999995,736.2940823735497,1251.506735828696,1016.106729437675,6233.907899444925,237.24183125268465,4358.528792216094,3543.996526145576,6233.907899444925,237.24183125268465,8738.76319596398,14373.675049059279,-5634.911853095298,forecast_scenario_comparison.parquet; mbu26_official_annual.csv,data/current_revenue_outlook/revenue_chart_rows.csv:current_basecase:2048Q3; data/current_revenue_outlook/revenue_chart_rows.csv:current_basecase:2048Q4; data/current_revenue_outlook/revenue_chart_rows.csv:current_basecase:2049Q1; data/current_revenue_outlook/revenue_chart_rows.csv:current_basecase:2049Q2; data/current_revenue_outlook/revenue_chart_rows.csv:current_basecase:2048Q3; data/current_revenue_outlook/revenue_chart_rows.csv:current_basecase:2048Q4; data/current_revenue_outlook/revenue_chart_rows.csv:current_basecase:2049Q1; data/current_revenue_outlook/revenue_chart_rows.csv:current_basecase:2049Q2; AY16; AY10; AY12; AY14; scenario_inputs/scenario_input_wide.parquet:PED:population (2048Q3; 2048Q4; 2049Q1; 2049Q2),U_t=current PED-derived light petrol activity + current finalist total Light RUC; target components=U_t*MBU26 light-mobility proportions; lambda allocates EV/PHEV migration between PED and Light RUC. PED light-petrol activity uses population_source=scenario_input_population.,available,available,False,EV/PHEV uptake is allocated between PED/light-petrol and total Light RUC to match MBU proportions; it is not a new model.
2050,FY2050,Current finalist Base case,current_basecase,basecase,optimized,0.3723653122698772,0.3794232738504133,0.16165760593933376,0.5155703083063465,,25.0,36197.66273381228,22261.119404025092,58458.78213783737,9598.85889563765,6001.20388736231,41168.8006989255,2910.04326079893,59678.906742724386,0.16084173486988135,0.10055820749588266,0.6898383858873973,0.04876167174683878,0.7386000576342361,9402.611937430194,5878.51034417325,40327.111910908745,2850.547945325188,43177.659856233935,9097.86567302743,6183.256608576003,40327.111910908745,2850.547945325188,43177.659856233935,9097.86567302743,6183.256608576003,40327.111910908745,2850.547945325188,58458.78213783737,0.0,0.15562872403971703,0.10577121832604683,0.6898383858873973,0.04876167174683878,-0.005213010830164316,0.005213010830164164,0.0,0.0,5.435096383081932e-05,7.015085168223659,1.7397737172505494,0.16651000000000013,0.16650999999999988,0.08210999999999995,638.2230254534588,1110.363645428056,1029.574057893991,6714.86740428541,234.05849179065103,4417.801954171578,3706.698991964221,6714.86740428541,234.05849179065103,9088.863599398108,15073.42684221186,-5984.563242813752,forecast_scenario_comparison.parquet; mbu26_official_annual.csv,data/current_revenue_outlook/revenue_chart_rows.csv:current_basecase:2049Q3; data/current_revenue_outlook/revenue_chart_rows.csv:current_basecase:2049Q4; data/current_revenue_outlook/revenue_chart_rows.csv:current_basecase:2050Q1; data/current_revenue_outlook/revenue_chart_rows.csv:current_basecase:2050Q2; data/current_revenue_outlook/revenue_chart_rows.csv:current_basecase:2049Q3; data/current_revenue_outlook/revenue_chart_rows.csv:current_basecase:2049Q4; data/current_revenue_outlook/revenue_chart_rows.csv:current_basecase:2050Q1; data/current_revenue_outlook/revenue_chart_rows.csv:current_basecase:2050Q2; AZ16; AZ10; AZ12; AZ14; scenario_inputs/scenario_input_wide.parquet:PED:population (2049Q3; 2049Q4; 2050Q1; 2050Q2),U_t=current PED-derived light petrol activity + current finalist total Light RUC; target components=U_t*MBU26 light-mobility proportions; lambda allocates EV/PHEV migration between PED and Light RUC. PED light-petrol activity uses population_source=scenario_input_population.,available,available,False,EV/PHEV uptake is allocated between PED/light-petrol and total Light RUC to match MBU proportions; it is not a new model.
2050,FY2050,Current finalist Base case,current_basecase,basecase,fixed_light_only,0.5155703083063465,0.3794232738504133,0.16165760593933376,0.5155703083063465,lambda_upper_bound,25.0,36197.66273381228,22261.119404025092,58458.78213783737,9598.85889563765,6001.20388736231,41168.8006989255,2910.04326079893,59678.906742724386,0.16084173486988135,0.10055820749588266,0.6898383858873973,0.04876167174683878,0.7386000576342361,9402.611937430194,5878.51034417325,40327.111910908745,2850.547945325188,43177.659856233935,15281.122281603435,0.0,40327.111910908745,2850.547945325188,43177.659856233935,15281.122281603435,0.0,40327.111910908745,2850.547945325188,58458.78213783737,0.0,0.26139994236576386,0.0,0.6898383858873973,0.04876167174683878,0.10055820749588251,-0.10055820749588266,0.0,0.0,0.020223906189569953,7.015085168223659,1.7397737172505494,0.16651000000000013,0.16650999999999988,0.08210999999999995,1071.9837427148834,1865.0091408952294,0.0,6714.86740428541,234.05849179065103,4417.801954171578,3706.698991964221,6714.86740428541,234.05849179065103,8813.93503697129,15073.42684221186,-6259.49180524057,forecast_scenario_comparison.parquet; mbu26_official_annual.csv,data/current_revenue_outlook/revenue_chart_rows.csv:current_basecase:2049Q3; data/current_revenue_outlook/revenue_chart_rows.csv:current_basecase:2049Q4; data/current_revenue_outlook/revenue_chart_rows.csv:current_basecase:2050Q1; data/current_revenue_outlook/revenue_chart_rows.csv:current_basecase:2050Q2; data/current_revenue_outlook/revenue_chart_rows.csv:current_basecase:2049Q3; data/current_revenue_outlook/revenue_chart_rows.csv:current_basecase:2049Q4; data/current_revenue_outlook/revenue_chart_rows.csv:current_basecase:2050Q1; data/current_revenue_outlook/revenue_chart_rows.csv:current_basecase:2050Q2; AZ16; AZ10; AZ12; AZ14; scenario_inputs/scenario_input_wide.parquet:PED:population (2049Q3; 2049Q4; 2050Q1; 2050Q2),U_t=current PED-derived light petrol activity + current finalist total Light RUC; target components=U_t*MBU26 light-mobility proportions; lambda allocates EV/PHEV migration between PED and Light RUC. PED light-petrol activity uses population_source=scenario_input_population.,available,available,False,EV/PHEV uptake is allocated between PED/light-petrol and total Light RUC to match MBU proportions; it is not a new model.
2050,FY2050,Current finalist Base case,current_basecase,basecase,fixed_ped_only,0.16165760593933376,0.3794232738504133,0.16165760593933376,0.5155703083063465,lambda_lower_bound,25.0,36197.66273381228,22261.119404025092,58458.78213783737,9598.85889563765,6001.20388736231,41168.8006989255,2910.04326079893,59678.906742724386,0.16084173486988135,0.10055820749588266,0.6898383858873973,0.04876167174683878,0.7386000576342361,9402.611937430194,5878.51034417325,40327.111910908745,2850.547945325188,43177.659856233935,0.0,15281.122281603435,40327.111910908745,2850.547945325188,43177.659856233935,0.0,15281.122281603435,40327.111910908745,2850.547945325188,58458.78213783737,0.0,0.0,0.26139994236576386,0.6898383858873973,0.04876167174683878,-0.16084173486988135,0.16084173486988118,0.0,0.0,0.05174012735190636,7.015085168223659,1.7397737172505494,0.16651000000000013,0.16650999999999988,0.08210999999999995,0.0,0.0,2544.45967110979,6714.86740428541,234.05849179065103,4417.801954171578,3706.698991964221,6714.86740428541,234.05849179065103,9493.385567185851,15073.42684221186,-5580.041275026009,forecast_scenario_comparison.parquet; mbu26_official_annual.csv,data/current_revenue_outlook/revenue_chart_rows.csv:current_basecase:2049Q3; data/current_revenue_outlook/revenue_chart_rows.csv:current_basecase:2049Q4; data/current_revenue_outlook/revenue_chart_rows.csv:current_basecase:2050Q1; data/current_revenue_outlook/revenue_chart_rows.csv:current_basecase:2050Q2; data/current_revenue_outlook/revenue_chart_rows.csv:current_basecase:2049Q3; data/current_revenue_outlook/revenue_chart_rows.csv:current_basecase:2049Q4; data/current_revenue_outlook/revenue_chart_rows.csv:current_basecase:2050Q1; data/current_revenue_outlook/revenue_chart_rows.csv:current_basecase:2050Q2; AZ16; AZ10; AZ12; AZ14; scenario_inputs/scenario_input_wide.parquet:PED:population (2049Q3; 2049Q4; 2050Q1; 2050Q2),U_t=current PED-derived light petrol activity + current finalist total Light RUC; target components=U_t*MBU26 light-mobility proportions; lambda allocates EV/PHEV migration between PED and Light RUC. PED light-petrol activity uses population_source=scenario_input_population.,available,available,False,EV/PHEV uptake is allocated between PED/light-petrol and total Light RUC to match MBU proportions; it is not a new model.
2050,FY2050,Current finalist Base case,current_basecase,basecase,mbu_ratio,0.3846910086735082,0.3794232738504133,0.16165760593933376,0.5155703083063465,,25.0,36197.66273381228,22261.119404025092,58458.78213783737,9598.85889563765,6001.20388736231,41168.8006989255,2910.04326079893,59678.906742724386,0.16084173486988135,0.10055820749588266,0.6898383858873973,0.04876167174683878,0.7386000576342361,9402.611937430194,5878.51034417325,40327.111910908745,2850.547945325188,43177.659856233935,9630.06039983462,5651.0618817688155,40327.111910908745,2850.547945325188,43177.659856233935,9630.06039983462,5651.0618817688155,40327.111910908745,2850.547945325188,58458.78213783737,0.0,0.16473248411382105,0.09666745825194284,0.6898383858873973,0.04876167174683878,0.0038907492439397007,-0.0038907492439398256,0.0,0.0,3.0275859358435677e-05,7.015085168223659,1.7397737172505494,0.16651000000000013,0.16650999999999988,0.08210999999999995,675.5569387997784,1175.3162066300924,940.9583139333262,6714.86740428541,234.05849179065103,4417.801954171578,3706.698991964221,6714.86740428541,234.05849179065103,9065.20041663948,15073.42684221186,-6008.22642557238,forecast_scenario_comparison.parquet; mbu26_official_annual.csv,data/current_revenue_outlook/revenue_chart_rows.csv:current_basecase:2049Q3; data/current_revenue_outlook/revenue_chart_rows.csv:current_basecase:2049Q4; data/current_revenue_outlook/revenue_chart_rows.csv:current_basecase:2050Q1; data/current_revenue_outlook/revenue_chart_rows.csv:current_basecase:2050Q2; data/current_revenue_outlook/revenue_chart_rows.csv:current_basecase:2049Q3; data/current_revenue_outlook/revenue_chart_rows.csv:current_basecase:2049Q4; data/current_revenue_outlook/revenue_chart_rows.csv:current_basecase:2050Q1; data/current_revenue_outlook/revenue_chart_rows.csv:current_basecase:2050Q2; AZ16; AZ10; AZ12; AZ14; scenario_inputs/scenario_input_wide.parquet:PED:population (2049Q3; 2049Q4; 2050Q1; 2050Q2),U_t=current PED-derived light petrol activity + current finalist total Light RUC; target components=U_t*MBU26 light-mobility proportions; lambda allocates EV/PHEV migration between PED and Light RUC. PED light-petrol activity uses population_source=scenario_input_population.,available,available,False,EV/PHEV uptake is allocated between PED/light-petrol and total Light RUC to match MBU proportions; it is not a new model.
2025,FY2025,Current finalist High population/comparison,current_comparison_1,comparison,optimized,0.22256231085911865,0.28409078139720934,0.0,1.0,,25.0,31683.346112409774,12273.983872,43957.32998440978,31705.2291616288,12273.983872,820.641429,435.117435,45234.9718976288,0.7009008258782797,0.27133837730190785,0.01814174729360267,0.009619049526209802,0.027760796819812472,30809.728889476883,11927.310588494247,797.4627722786656,422.8277341599848,1220.2905064386505,30734.646281003552,12002.39319696757,797.4627722786656,422.8277341599848,1220.2905064386505,30734.646281003552,12002.39319696757,797.4627722786656,422.8277341599848,43957.32998440977,7.275957614183426e-12,0.6991927465090377,0.27304645667114963,0.01814174729360267,0.009619049526209802,-0.0017080793692419993,0.0017080793692417773,0.0,0.0,5.835070263259535e-06,9.128695498386273,0.7002400000000009,0.0677020975327375,0.06751091764638999,0.034720659123048926,2805.6722714989155,1964.643951394403,812.5871948473634,53.837443545366845,14.680857625539982,2025.28747949686,830.9744532173911,53.837443545366845,14.680857625539982,2845.7494474126734,2924.780233885158,-79.03078647248458,forecast_scenario_comparison.parquet; mbu26_official_annual.csv,data/current_revenue_outlook/revenue_chart_rows.csv:historical_actual:2024Q3; data/current_revenue_outlook/revenue_chart_rows.csv:historical_actual:2024Q4; data/current_revenue_outlook/revenue_chart_rows.csv:historical_actual:2025Q1; data/current_revenue_outlook/revenue_chart_rows.csv:historical_actual:2025Q2; data/current_revenue_outlook/revenue_chart_rows.csv:historical_actual:2024Q3; data/current_revenue_outlook/revenue_chart_rows.csv:historical_actual:2024Q4; data/current_revenue_outlook/revenue_chart_rows.csv:historical_actual:2025Q1; data/current_revenue_outlook/revenue_chart_rows.csv:historical_actual:2025Q2; AA16; AA10; AA12; AA14; scenario_inputs/scenario_input_wide.parquet:PED:population (none); mbu26_official_annual.csv:population_proxy (2024Q3; 2024Q4; 2025Q1; 2025Q2),U_t=current PED-derived light petrol activity + current finalist total Light RUC; target components=U_t*MBU26 light-mobility proportions; lambda allocates EV/PHEV migration between PED and Light RUC. PED light-petrol activity uses population_source=scenario_input_population_with_mbu_population_proxy_for_missing_quarters.,available,available,False,EV/PHEV uptake is allocated between PED/light-petrol and total Light RUC to match MBU proportions; it is not a new model.
2025,FY2025,Current finalist High population/comparison,current_comparison_1,comparison,fixed_light_only,1.0,0.28409078139720934,0.0,1.0,lambda_upper_bound,25.0,31683.346112409774,12273.983872,43957.32998440978,31705.2291616288,12273.983872,820.641429,435.117435,45234.9718976288,0.7009008258782797,0.27133837730190785,0.01814174729360267,0.009619049526209802,0.027760796819812472,30809.728889476883,11927.310588494247,797.4627722786656,422.8277341599848,1220.2905064386505,31683.346112409774,11053.69336556135,797.4627722786656,422.8277341599848,1220.2905064386505,31683.346112409774,11053.69336556135,797.4627722786656,422.8277341599848,43957.32998440977,7.275957614183426e-12,0.7207750362373424,0.25146416694284507,0.01814174729360267,0.009619049526209802,0.019874210359062672,-0.019874210359062783,0.0,0.0,0.0007899684747925524,9.128695498386273,0.7002400000000009,0.0677020975327375,0.06751091764638999,0.034720659123048926,2892.276190301693,2025.28747949686,748.3582263322079,53.837443545366845,14.680857625539982,2025.28747949686,830.9744532173911,53.837443545366845,14.680857625539982,2842.164006999975,2924.780233885158,-82.6162268851831,forecast_scenario_comparison.parquet; mbu26_official_annual.csv,data/current_revenue_outlook/revenue_chart_rows.csv:historical_actual:2024Q3; data/current_revenue_outlook/revenue_chart_rows.csv:historical_actual:2024Q4; data/current_revenue_outlook/revenue_chart_rows.csv:historical_actual:2025Q1; data/current_revenue_outlook/revenue_chart_rows.csv:historical_actual:2025Q2; data/current_revenue_outlook/revenue_chart_rows.csv:historical_actual:2024Q3; data/current_revenue_outlook/revenue_chart_rows.csv:historical_actual:2024Q4; data/current_revenue_outlook/revenue_chart_rows.csv:historical_actual:2025Q1; data/current_revenue_outlook/revenue_chart_rows.csv:historical_actual:2025Q2; AA16; AA10; AA12; AA14; scenario_inputs/scenario_input_wide.parquet:PED:population (none); mbu26_official_annual.csv:population_proxy (2024Q3; 2024Q4; 2025Q1; 2025Q2),U_t=current PED-derived light petrol activity + current finalist total Light RUC; target components=U_t*MBU26 light-mobility proportions; lambda allocates EV/PHEV migration between PED and Light RUC. PED light-petrol activity uses population_source=scenario_input_population_with_mbu_population_proxy_for_missing_quarters.,available,available,False,EV/PHEV uptake is allocated between PED/light-petrol and total Light RUC to match MBU proportions; it is not a new model.
2025,FY2025,Current finalist High population/comparison,current_comparison_1,comparison,fixed_ped_only,0.0,0.28409078139720934,0.0,1.0,lambda_lower_bound,25.0,31683.346112409774,12273.983872,43957.32998440978,31705.2291616288,12273.983872,820.641429,435.117435,45234.9718976288,0.7009008258782797,0.27133837730190785,0.01814174729360267,0.009619049526209802,0.027760796819812472,30809.728889476883,11927.310588494247,797.4627722786656,422.8277341599848,1220.2905064386505,30463.055605971123,12273.983872,797.4627722786656,422.8277341599848,1220.2905064386505,30463.055605971123,12273.983872,797.4627722786656,422.8277341599848,43957.32998440977,7.275957614183426e-12,0.6930142394175299,0.27922496376265754,0.01814174729360267,0.009619049526209802,-0.0078865864607498,0.00788658646074969,0.0,0.0,0.0001243964920057624,9.128695498386273,0.7002400000000009,0.0677020975327375,0.06751091764638999,0.034720659123048926,2780.8795857731934,1947.2831211418234,830.9744532173911,53.837443545366845,14.680857625539982,2025.28747949686,830.9744532173911,53.837443545366845,14.680857625539982,2846.775875530121,2924.780233885158,-78.00435835503686,forecast_scenario_comparison.parquet; mbu26_official_annual.csv,data/current_revenue_outlook/revenue_chart_rows.csv:historical_actual:2024Q3; data/current_revenue_outlook/revenue_chart_rows.csv:historical_actual:2024Q4; data/current_revenue_outlook/revenue_chart_rows.csv:historical_actual:2025Q1; data/current_revenue_outlook/revenue_chart_rows.csv:historical_actual:2025Q2; data/current_revenue_outlook/revenue_chart_rows.csv:historical_actual:2024Q3; data/current_revenue_outlook/revenue_chart_rows.csv:historical_actual:2024Q4; data/current_revenue_outlook/revenue_chart_rows.csv:historical_actual:2025Q1; data/current_revenue_outlook/revenue_chart_rows.csv:historical_actual:2025Q2; AA16; AA10; AA12; AA14; scenario_inputs/scenario_input_wide.parquet:PED:population (none); mbu26_official_annual.csv:population_proxy (2024Q3; 2024Q4; 2025Q1; 2025Q2),U_t=current PED-derived light petrol activity + current finalist total Light RUC; target components=U_t*MBU26 light-mobility proportions; lambda allocates EV/PHEV migration between PED and Light RUC. PED light-petrol activity uses population_source=scenario_input_population_with_mbu_population_proxy_for_missing_quarters.,available,available,False,EV/PHEV uptake is allocated between PED/light-petrol and total Light RUC to match MBU proportions; it is not a new model.
2025,FY2025,Current finalist High population/comparison,current_comparison_1,comparison,mbu_ratio,0.2790860278153379,0.28409078139720934,0.0,1.0,,25.0,31683.346112409774,12273.983872,43957.32998440978,31705.2291616288,12273.983872,820.641429,435.117435,45234.9718976288,0.7009008258782797,0.27133837730190785,0.01814174729360267,0.009619049526209802,0.027760796819812472,30809.728889476883,11927.310588494247,797.4627722786656,422.8277341599848,1220.2905064386505,30803.621636193853,11933.417841777271,797.4627722786656,422.8277341599848,1220.2905064386505,30803.621636193853,11933.417841777271,797.4627722786656,422.8277341599848,43957.32998440977,7.275957614183426e-12,0.70076188993096,0.2714773132492274,0.01814174729360267,0.009619049526209802,-0.00013893594731972936,0.00013893594731956282,0.0,0.0,3.860639491521495e-08,9.128695498386273,0.7002400000000009,0.0677020975327375,0.06751091764638999,0.034720659123048926,2811.968821643168,1969.0530476674146,807.9174186229146,53.837443545366845,14.680857625539982,2025.28747949686,830.9744532173911,53.837443545366845,14.680857625539982,2845.488767461236,2924.780233885158,-79.29146642392197,forecast_scenario_comparison.parquet; mbu26_official_annual.csv,data/current_revenue_outlook/revenue_chart_rows.csv:historical_actual:2024Q3; data/current_revenue_outlook/revenue_chart_rows.csv:historical_actual:2024Q4; data/current_revenue_outlook/revenue_chart_rows.csv:historical_actual:2025Q1; data/current_revenue_outlook/revenue_chart_rows.csv:historical_actual:2025Q2; data/current_revenue_outlook/revenue_chart_rows.csv:historical_actual:2024Q3; data/current_revenue_outlook/revenue_chart_rows.csv:historical_actual:2024Q4; data/current_revenue_outlook/revenue_chart_rows.csv:historical_actual:2025Q1; data/current_revenue_outlook/revenue_chart_rows.csv:historical_actual:2025Q2; AA16; AA10; AA12; AA14; scenario_inputs/scenario_input_wide.parquet:PED:population (none); mbu26_official_annual.csv:population_proxy (2024Q3; 2024Q4; 2025Q1; 2025Q2),U_t=current PED-derived light petrol activity + current finalist total Light RUC; target components=U_t*MBU26 light-mobility proportions; lambda allocates EV/PHEV migration between PED and Light RUC. PED light-petrol activity uses population_source=scenario_input_population_with_mbu_population_proxy_for_missing_quarters.,available,available,False,EV/PHEV uptake is allocated between PED/light-petrol and total Light RUC to match MBU proportions; it is not a new model.
2026,FY2026,Current finalist High population/comparison,current_comparison_1,comparison,optimized,0.23465930600678792,0.11814211417247954,0.0,1.0,,25.0,33113.234442142806,12980.976058770078,46094.210500912886,31834.7306569029,12899.1247322853,1209.37911079624,633.39411052937,46576.628610513806,0.6834915193865448,0.27694414810808277,0.025965363893324926,0.013598968612047482,0.039564332505372404,31505.001970192177,12765.521859889963,1196.8529490317221,626.8337217990238,1823.6866708307457,31717.492819863033,12553.031010219107,1196.8529490317221,626.8337217990238,1823.686670830746,31717.492819863033,12553.031010219107,1196.8529490317221,626.8337217990238,46094.210500912886,0.0,0.6881014443068696,0.27233422318775796,0.025965363893324926,0.013598968612047482,0.004609924920324748,-0.004609924920324804,0.0,0.0,4.250281554206279e-05,9.253495188709412,0.7002400000000003,0.06774226875718223,0.06736085209075052,0.0344814091839728,2934.9766720652788,2055.188064846992,850.3708004115055,80.6210344741044,21.61411005166471,2145.6274807242507,879.3607689037508,80.6210344741044,21.61411005166471,3007.7940097842666,3127.2233941537706,-119.42938436950408,forecast_scenario_comparison.parquet; mbu26_official_annual.csv,data/current_revenue_outlook/revenue_chart_rows.csv:historical_actual:2025Q3; data/current_revenue_outlook/revenue_chart_rows.csv:historical_actual:2025Q4; data/current_revenue_outlook/revenue_chart_rows.csv:current_comparison_1:2026Q1; data/current_revenue_outlook/revenue_chart_rows.csv:current_comparison_1:2026Q2; data/current_revenue_outlook/revenue_chart_rows.csv:historical_actual:2025Q3; data/current_revenue_outlook/revenue_chart_rows.csv:historical_actual:2025Q4; data/current_revenue_outlook/revenue_chart_rows.csv:current_comparison_1:2026Q1; data/current_revenue_outlook/revenue_chart_rows.csv:current_comparison_1:2026Q2; AB16; AB10; AB12; AB14; scenario_inputs/scenario_input_wide.parquet:PED:population (2026Q1; 2026Q2); mbu26_official_annual.csv:population_proxy (2025Q3; 2025Q4),U_t=current PED-derived light petrol activity + current finalist total Light RUC; target components=U_t*MBU26 light-mobility proportions; lambda allocates EV/PHEV migration between PED and Light RUC. PED light-petrol activity uses population_source=scenario_input_population_with_mbu_population_proxy_for_missing_quarters.,available,available,False,EV/PHEV uptake is allocated between PED/light-petrol and total Light RUC to match MBU proportions; it is not a new model.
2026,FY2026,Current finalist High population/comparison,current_comparison_1,comparison,fixed_light_only,1.0,0.11814211417247954,0.0,1.0,lambda_upper_bound,25.0,33113.234442142806,12980.976058770078,46094.210500912886,31834.7306569029,12899.1247322853,1209.37911079624,633.39411052937,46576.628610513806,0.6834915193865448,0.27694414810808277,0.025965363893324926,0.013598968612047482,0.039564332505372404,31505.001970192177,12765.521859889963,1196.8529490317221,626.8337217990238,1823.6866708307457,33113.234442142806,11157.289387939332,1196.8529490317221,626.8337217990238,1823.686670830746,33113.234442142806,11157.289387939332,1196.8529490317221,626.8337217990238,46094.210500912886,0.0,0.7183816380039095,0.24205402949071803,0.025965363893324926,0.013598968612047482,0.034890118617364685,-0.03489011861736474,0.0,0.0,0.0024346407542675595,9.253495188709412,0.7002400000000003,0.06774226875718223,0.06736085209075052,0.0344814091839728,3064.1315559297523,2145.6274807242507,755.8200963194435,80.6210344741044,21.61411005166471,2145.6274807242507,879.3607689037508,80.6210344741044,21.61411005166471,3003.6827215694634,3127.2233941537706,-123.54067258430723,forecast_scenario_comparison.parquet; mbu26_official_annual.csv,data/current_revenue_outlook/revenue_chart_rows.csv:historical_actual:2025Q3; data/current_revenue_outlook/revenue_chart_rows.csv:historical_actual:2025Q4; data/current_revenue_outlook/revenue_chart_rows.csv:current_comparison_1:2026Q1; data/current_revenue_outlook/revenue_chart_rows.csv:current_comparison_1:2026Q2; data/current_revenue_outlook/revenue_chart_rows.csv:historical_actual:2025Q3; data/current_revenue_outlook/revenue_chart_rows.csv:historical_actual:2025Q4; data/current_revenue_outlook/revenue_chart_rows.csv:current_comparison_1:2026Q1; data/current_revenue_outlook/revenue_chart_rows.csv:current_comparison_1:2026Q2; AB16; AB10; AB12; AB14; scenario_inputs/scenario_input_wide.parquet:PED:population (2026Q1; 2026Q2); mbu26_official_annual.csv:population_proxy (2025Q3; 2025Q4),U_t=current PED-derived light petrol activity + current finalist total Light RUC; target components=U_t*MBU26 light-mobility proportions; lambda allocates EV/PHEV migration between PED and Light RUC. PED light-petrol activity uses population_source=scenario_input_population_with_mbu_population_proxy_for_missing_quarters.,available,available,False,EV/PHEV uptake is allocated between PED/light-petrol and total Light RUC to match MBU proportions; it is not a new model.
2026,FY2026,Current finalist High population/comparison,current_comparison_1,comparison,fixed_ped_only,0.0,0.11814211417247954,0.0,1.0,lambda_lower_bound,25.0,33113.234442142806,12980.976058770078,46094.210500912886,31834.7306569029,12899.1247322853,1209.37911079624,633.39411052937,46576.628610513806,0.6834915193865448,0.27694414810808277,0.025965363893324926,0.013598968612047482,0.039564332505372404,31505.001970192177,12765.521859889963,1196.8529490317221,626.8337217990238,1823.6866708307457,31289.54777131206,12980.976058770078,1196.8529490317221,626.8337217990238,1823.686670830746,31289.54777131206,12980.976058770078,1196.8529490317221,626.8337217990238,46094.210500912886,0.0,0.6788173054985371,0.2816183619960904,0.025965363893324926,0.013598968612047482,-0.0046742138880077055,0.00467421388800765,0.0,0.0,4.369655094168771e-05,9.253495188709412,0.7002400000000003,0.06774226875718223,0.06736085209075052,0.0344814091839728,2895.3767975872943,2027.4586487425279,879.3607689037508,80.6210344741044,21.61411005166471,2145.6274807242507,879.3607689037508,80.6210344741044,21.61411005166471,3009.0545621720476,3127.2233941537706,-118.16883198172309,forecast_scenario_comparison.parquet; mbu26_official_annual.csv,data/current_revenue_outlook/revenue_chart_rows.csv:historical_actual:2025Q3; data/current_revenue_outlook/revenue_chart_rows.csv:historical_actual:2025Q4; data/current_revenue_outlook/revenue_chart_rows.csv:current_comparison_1:2026Q1; data/current_revenue_outlook/revenue_chart_rows.csv:current_comparison_1:2026Q2; data/current_revenue_outlook/revenue_chart_rows.csv:historical_actual:2025Q3; data/current_revenue_outlook/revenue_chart_rows.csv:historical_actual:2025Q4; data/current_revenue_outlook/revenue_chart_rows.csv:current_comparison_1:2026Q1; data/current_revenue_outlook/revenue_chart_rows.csv:current_comparison_1:2026Q2; AB16; AB10; AB12; AB14; scenario_inputs/scenario_input_wide.parquet:PED:population (2026Q1; 2026Q2); mbu26_official_annual.csv:population_proxy (2025Q3; 2025Q4),U_t=current PED-derived light petrol activity + current finalist total Light RUC; target components=U_t*MBU26 light-mobility proportions; lambda allocates EV/PHEV migration between PED and Light RUC. PED light-petrol activity uses population_source=scenario_input_population_with_mbu_population_proxy_for_missing_quarters.,available,available,False,EV/PHEV uptake is allocated between PED/light-petrol and total Light RUC to match MBU proportions; it is not a new model.
2026,FY2026,Current finalist High population/comparison,current_comparison_1,comparison,mbu_ratio,0.28835262733475264,0.11814211417247954,0.0,1.0,,25.0,33113.234442142806,12980.976058770078,46094.210500912886,31834.7306569029,12899.1247322853,1209.37911079624,633.39411052937,46576.628610513806,0.6834915193865448,0.27694414810808277,0.025965363893324926,0.013598968612047482,0.039564332505372404,31505.001970192177,12765.521859889963,1196.8529490317221,626.8337217990238,1823.6866708307457,31815.412614281475,12455.111215800665,1196.8529490317221,626.8337217990238,1823.686670830746,31815.412614281475,12455.111215800665,1196.8529490317221,626.8337217990238,46094.210500912886,0.0,0.690225784725207,0.27020988276942054,0.025965363893324926,0.013598968612047482,0.006734265338662171,-0.006734265338662226,0.0,0.0,9.07006593030142e-05,9.253495188709412,0.7002400000000003,0.06774226875718223,0.06736085209075052,0.0344814091839728,2944.0376755305833,2061.5329419135364,843.7374913813634,80.6210344741044,21.61411005166471,2145.6274807242507,879.3607689037508,80.6210344741044,21.61411005166471,3007.505577820669,3127.2233941537706,-119.71781633310184,forecast_scenario_comparison.parquet; mbu26_official_annual.csv,data/current_revenue_outlook/revenue_chart_rows.csv:historical_actual:2025Q3; data/current_revenue_outlook/revenue_chart_rows.csv:historical_actual:2025Q4; data/current_revenue_outlook/revenue_chart_rows.csv:current_comparison_1:2026Q1; data/current_revenue_outlook/revenue_chart_rows.csv:current_comparison_1:2026Q2; data/current_revenue_outlook/revenue_chart_rows.csv:historical_actual:2025Q3; data/current_revenue_outlook/revenue_chart_rows.csv:historical_actual:2025Q4; data/current_revenue_outlook/revenue_chart_rows.csv:current_comparison_1:2026Q1; data/current_revenue_outlook/revenue_chart_rows.csv:current_comparison_1:2026Q2; AB16; AB10; AB12; AB14; scenario_inputs/scenario_input_wide.parquet:PED:population (2026Q1; 2026Q2); mbu26_official_annual.csv:population_proxy (2025Q3; 2025Q4),U_t=current PED-derived light petrol activity + current finalist total Light RUC; target components=U_t*MBU26 light-mobility proportions; lambda allocates EV/PHEV migration between PED and Light RUC. PED light-petrol activity uses population_source=scenario_input_population_with_mbu_population_proxy_for_missing_quarters.,available,available,False,EV/PHEV uptake is allocated between PED/light-petrol and total Light RUC to match MBU proportions; it is not a new model.
2027,FY2027,Current finalist High population/comparison,current_comparison_1,comparison,optimized,0.24676009455710032,0.087966476790431,0.0,1.0,,25.0,33347.093425239014,12774.050308031503,46121.14373327052,32115.2433469839,12939.636710647,1572.19480045545,866.45343854562,47493.52829663197,0.6762025164018267,0.2724505248342356,0.03310334811589357,0.018243610648044126,0.051346958763937696,31187.233451767865,12565.729816084768,1526.764276505617,841.4161889122676,2368.1804654178845,31563.285395395924,12189.677872456708,1526.764276505617,841.4161889122676,2368.1804654178845,31563.285395395924,12189.677872456708,1526.764276505617,841.4161889122676,46121.14373327052,0.0,0.6843560857452683,0.26429695549079396,0.03310334811589357,0.018243610648044126,0.00815356934344158,-0.008153569343441636,0.0,0.0,0.00013296138607662164,9.019048682247908,0.7598432334330983,0.0729322630778464,0.07291343090682693,0.03659537240725881,2846.7080755276024,2163.051868749006,889.0207934282156,111.32162158600393,30.791938782740864,2285.2973588526575,931.6403976349983,111.32162158600393,30.791938782740864,3194.1862225459668,3359.0513168564007,-164.86509431043396,forecast_scenario_comparison.parquet; mbu26_official_annual.csv,data/current_revenue_outlook/revenue_chart_rows.csv:current_comparison_1:2026Q3; data/current_revenue_outlook/revenue_chart_rows.csv:current_comparison_1:2026Q4; data/current_revenue_outlook/revenue_chart_rows.csv:current_comparison_1:2027Q1; data/current_revenue_outlook/revenue_chart_rows.csv:current_comparison_1:2027Q2; data/current_revenue_outlook/revenue_chart_rows.csv:current_comparison_1:2026Q3; data/current_revenue_outlook/revenue_chart_rows.csv:current_comparison_1:2026Q4; data/current_revenue_outlook/revenue_chart_rows.csv:current_comparison_1:2027Q1; data/current_revenue_outlook/revenue_chart_rows.csv:current_comparison_1:2027Q2; AC16; AC10; AC12; AC14; scenario_inputs/scenario_input_wide.parquet:PED:population (2026Q3; 2026Q4; 2027Q1; 2027Q2),U_t=current PED-derived light petrol activity + current finalist total Light RUC; target components=U_t*MBU26 light-mobility proportions; lambda allocates EV/PHEV migration between PED and Light RUC. PED light-petrol activity uses population_source=scenario_input_population.,available,available,False,EV/PHEV uptake is allocated between PED/light-petrol and total Light RUC to match MBU proportions; it is not a new model.
2027,FY2027,Current finalist High population/comparison,current_comparison_1,comparison,fixed_light_only,1.0,0.087966476790431,0.0,1.0,lambda_upper_bound,25.0,33347.093425239014,12774.050308031503,46121.14373327052,32115.2433469839,12939.636710647,1572.19480045545,866.45343854562,47493.52829663197,0.6762025164018267,0.2724505248342356,0.03310334811589357,0.018243610648044126,0.051346958763937696,31187.233451767865,12565.729816084768,1526.764276505617,841.4161889122676,2368.1804654178845,33347.093425239014,10405.869842613618,1526.764276505617,841.4161889122676,2368.1804654178845,33347.093425239014,10405.869842613618,1526.764276505617,841.4161889122676,46121.14373327052,0.0,0.7230326641093973,0.22562037712666505,0.03310334811589357,0.018243610648044126,0.046830147707570546,-0.046830147707570546,0.0,0.0,0.00438612546862575,9.019048682247908,0.7598432334330983,0.0729322630778464,0.07291343090682693,0.03659537240725881,3007.5905901369983,2285.2973588526575,758.9236369153244,111.32162158600393,30.791938782740864,2285.2973588526575,931.6403976349983,111.32162158600393,30.791938782740864,3186.334556136727,3359.0513168564007,-172.71676071967386,forecast_scenario_comparison.parquet; mbu26_official_annual.csv,data/current_revenue_outlook/revenue_chart_rows.csv:current_comparison_1:2026Q3; data/current_revenue_outlook/revenue_chart_rows.csv:current_comparison_1:2026Q4; data/current_revenue_outlook/revenue_chart_rows.csv:current_comparison_1:2027Q1; data/current_revenue_outlook/revenue_chart_rows.csv:current_comparison_1:2027Q2; data/current_revenue_outlook/revenue_chart_rows.csv:current_comparison_1:2026Q3; data/current_revenue_outlook/revenue_chart_rows.csv:current_comparison_1:2026Q4; data/current_revenue_outlook/revenue_chart_rows.csv:current_comparison_1:2027Q1; data/current_revenue_outlook/revenue_chart_rows.csv:current_comparison_1:2027Q2; AC16; AC10; AC12; AC14; scenario_inputs/scenario_input_wide.parquet:PED:population (2026Q3; 2026Q4; 2027Q1; 2027Q2),U_t=current PED-derived light petrol activity + current finalist total Light RUC; target components=U_t*MBU26 light-mobility proportions; lambda allocates EV/PHEV migration between PED and Light RUC. PED light-petrol activity uses population_source=scenario_input_population.,available,available,False,EV/PHEV uptake is allocated between PED/light-petrol and total Light RUC to match MBU proportions; it is not a new model.
2027,FY2027,Current finalist High population/comparison,current_comparison_1,comparison,fixed_ped_only,0.0,0.087966476790431,0.0,1.0,lambda_lower_bound,25.0,33347.093425239014,12774.050308031503,46121.14373327052,32115.2433469839,12939.636710647,1572.19480045545,866.45343854562,47493.52829663197,0.6762025164018267,0.2724505248342356,0.03310334811589357,0.018243610648044126,0.051346958763937696,31187.233451767865,12565.729816084768,1526.764276505617,841.4161889122676,2368.1804654178845,30978.91295982113,12774.050308031503,1526.764276505617,841.4161889122676,2368.1804654178845,30978.91295982113,12774.050308031503,1526.764276505617,841.4161889122676,46121.14373327052,0.0,0.6716857053454596,0.27696733589060274,0.03310334811589357,0.018243610648044126,-0.004516811056367143,0.004516811056367143,0.0,0.0,4.0803164237840927e-05,9.019048682247908,0.7598432334330983,0.0729322630778464,0.07291343090682693,0.03659537240725881,2794.0032410774743,2123.004456922865,931.6403976349983,111.32162158600393,30.791938782740864,2285.2973588526575,931.6403976349983,111.32162158600393,30.791938782740864,3196.758414926608,3359.0513168564007,-162.2929019297926,forecast_scenario_comparison.parquet; mbu26_official_annual.csv,data/current_revenue_outlook/revenue_chart_rows.csv:current_comparison_1:2026Q3; data/current_revenue_outlook/revenue_chart_rows.csv:current_comparison_1:2026Q4; data/current_revenue_outlook/revenue_chart_rows.csv:current_comparison_1:2027Q1; data/current_revenue_outlook/revenue_chart_rows.csv:current_comparison_1:2027Q2; data/current_revenue_outlook/revenue_chart_rows.csv:current_comparison_1:2026Q3; data/current_revenue_outlook/revenue_chart_rows.csv:current_comparison_1:2026Q4; data/current_revenue_outlook/revenue_chart_rows.csv:current_comparison_1:2027Q1; data/current_revenue_outlook/revenue_chart_rows.csv:current_comparison_1:2027Q2; AC16; AC10; AC12; AC14; scenario_inputs/scenario_input_wide.parquet:PED:population (2026Q3; 2026Q4; 2027Q1; 2027Q2),U_t=current PED-derived light petrol activity + current finalist total Light RUC; target components=U_t*MBU26 light-mobility proportions; lambda allocates EV/PHEV migration between PED and Light RUC. PED light-petrol activity uses population_source=scenario_input_population.,available,available,False,EV/PHEV uptake is allocated between PED/light-petrol and total Light RUC to match MBU proportions; it is not a new model.
2027,FY2027,Current finalist High population/comparison,current_comparison_1,comparison,mbu_ratio,0.2871972291147055,0.087966476790431,0.0,1.0,,25.0,33347.093425239014,12774.050308031503,46121.14373327052,32115.2433469839,12939.636710647,1572.19480045545,866.45343854562,47493.52829663197,0.6762025164018267,0.2724505248342356,0.03310334811589357,0.018243610648044126,0.051346958763937696,31187.233451767865,12565.729816084768,1526.764276505617,841.4161889122676,2368.1804654178845,31659.04782753272,12093.915440319914,1526.764276505617,841.4161889122676,2368.1804654178845,31659.04782753272,12093.915440319914,1526.764276505617,841.4161889122676,46121.14373327052,0.0,0.6864324096259294,0.2622206316101328,0.03310334811589357,0.018243610648044126,0.010229893224102726,-0.010229893224102782,0.0,0.0,0.00020930143075308688,9.019048682247908,0.7598432334330983,0.0729322630778464,0.07291343090682693,0.03659537240725881,2855.3449359013243,2169.6145286620854,882.0366225346404,111.32162158600393,30.791938782740864,2285.2973588526575,931.6403976349983,111.32162158600393,30.791938782740864,3193.7647115654704,3359.0513168564007,-165.2866052909303,forecast_scenario_comparison.parquet; mbu26_official_annual.csv,data/current_revenue_outlook/revenue_chart_rows.csv:current_comparison_1:2026Q3; data/current_revenue_outlook/revenue_chart_rows.csv:current_comparison_1:2026Q4; data/current_revenue_outlook/revenue_chart_rows.csv:current_comparison_1:2027Q1; data/current_revenue_outlook/revenue_chart_rows.csv:current_comparison_1:2027Q2; data/current_revenue_outlook/revenue_chart_rows.csv:current_comparison_1:2026Q3; data/current_revenue_outlook/revenue_chart_rows.csv:current_comparison_1:2026Q4; data/current_revenue_outlook/revenue_chart_rows.csv:current_comparison_1:2027Q1; data/current_revenue_outlook/revenue_chart_rows.csv:current_comparison_1:2027Q2; AC16; AC10; AC12; AC14; scenario_inputs/scenario_input_wide.parquet:PED:population (2026Q3; 2026Q4; 2027Q1; 2027Q2),U_t=current PED-derived light petrol activity + current finalist total Light RUC; target components=U_t*MBU26 light-mobility proportions; lambda allocates EV/PHEV migration between PED and Light RUC. PED light-petrol activity uses population_source=scenario_input_population.,available,available,False,EV/PHEV uptake is allocated between PED/light-petrol and total Light RUC to match MBU proportions; it is not a new model.
2028,FY2028,Current finalist High population/comparison,current_comparison_1,comparison,optimized,0.25885387881512295,0.17311440488216873,0.0,1.0,,25.0,33811.07580826983,13524.331815170966,47335.4076234408,32346.4528222451,13427.7171481819,1989.37597979678,1114.1399728797,48877.685923103476,0.6617836383075493,0.2747208034624834,0.04070110812787974,0.022794450102087773,0.06349555822996751,31325.798277811555,13004.021214535818,1926.603543958927,1078.9845871345065,3005.5881310934333,31583.49582303063,12746.323669316735,1926.603543958927,1078.9845871345065,3005.5881310934337,31583.49582303063,12746.323669316735,1926.603543958927,1078.9845871345065,47335.4076234408,0.0,0.6672277140672658,0.26927672770276667,0.04070110812787974,0.022794450102087773,0.005444075759716505,-0.005444075759716727,0.0,0.0,5.927592175506809e-05,8.931856817675813,0.8500894140750587,0.08131214805600769,0.08134999999999998,0.04011500000000012,2820.992624929717,2398.0959676365646,1036.4309573692774,156.72919830105866,43.28346671290086,2567.2333744050297,1099.6924709137568,156.72919830105866,43.28346671290086,3634.5395900198014,3866.9385103327463,-232.39892031294494,forecast_scenario_comparison.parquet; mbu26_official_annual.csv,data/current_revenue_outlook/revenue_chart_rows.csv:current_comparison_1:2027Q3; data/current_revenue_outlook/revenue_chart_rows.csv:current_comparison_1:2027Q4; data/current_revenue_outlook/revenue_chart_rows.csv:current_comparison_1:2028Q1; data/current_revenue_outlook/revenue_chart_rows.csv:current_comparison_1:2028Q2; data/current_revenue_outlook/revenue_chart_rows.csv:current_comparison_1:2027Q3; data/current_revenue_outlook/revenue_chart_rows.csv:current_comparison_1:2027Q4; data/current_revenue_outlook/revenue_chart_rows.csv:current_comparison_1:2028Q1; data/current_revenue_outlook/revenue_chart_rows.csv:current_comparison_1:2028Q2; AD16; AD10; AD12; AD14; scenario_inputs/scenario_input_wide.parquet:PED:population (2027Q3; 2027Q4; 2028Q1; 2028Q2),U_t=current PED-derived light petrol activity + current finalist total Light RUC; target components=U_t*MBU26 light-mobility proportions; lambda allocates EV/PHEV migration between PED and Light RUC. PED light-petrol activity uses population_source=scenario_input_population.,available,available,False,EV/PHEV uptake is allocated between PED/light-petrol and total Light RUC to match MBU proportions; it is not a new model.
2028,FY2028,Current finalist High population/comparison,current_comparison_1,comparison,fixed_light_only,1.0,0.17311440488216873,0.0,1.0,lambda_upper_bound,25.0,33811.07580826983,13524.331815170966,47335.4076234408,32346.4528222451,13427.7171481819,1989.37597979678,1114.1399728797,48877.685923103476,0.6617836383075493,0.2747208034624834,0.04070110812787974,0.022794450102087773,0.06349555822996751,31325.798277811555,13004.021214535818,1926.603543958927,1078.9845871345065,3005.5881310934333,33811.07580826983,10518.743684077534,1926.603543958927,1078.9845871345065,3005.5881310934337,33811.07580826983,10518.743684077534,1926.603543958927,1078.9845871345065,47335.4076234408,0.0,0.7142872007618747,0.2222172410081578,0.04070110812787974,0.022794450102087773,0.052503562454325414,-0.05250356245432561,0.0,0.0,0.005513248140790518,8.931856817675813,0.8500894140750587,0.08131214805600769,0.08134999999999998,0.04011500000000012,3019.956879710486,2567.2333744050297,855.3016438029082,156.72919830105866,43.28346671290086,2567.2333744050297,1099.6924709137568,156.72919830105866,43.28346671290086,3622.5476832218974,3866.9385103327463,-244.39082711084893,forecast_scenario_comparison.parquet; mbu26_official_annual.csv,data/current_revenue_outlook/revenue_chart_rows.csv:current_comparison_1:2027Q3; data/current_revenue_outlook/revenue_chart_rows.csv:current_comparison_1:2027Q4; data/current_revenue_outlook/revenue_chart_rows.csv:current_comparison_1:2028Q1; data/current_revenue_outlook/revenue_chart_rows.csv:current_comparison_1:2028Q2; data/current_revenue_outlook/revenue_chart_rows.csv:current_comparison_1:2027Q3; data/current_revenue_outlook/revenue_chart_rows.csv:current_comparison_1:2027Q4; data/current_revenue_outlook/revenue_chart_rows.csv:current_comparison_1:2028Q1; data/current_revenue_outlook/revenue_chart_rows.csv:current_comparison_1:2028Q2; AD16; AD10; AD12; AD14; scenario_inputs/scenario_input_wide.parquet:PED:population (2027Q3; 2027Q4; 2028Q1; 2028Q2),U_t=current PED-derived light petrol activity + current finalist total Light RUC; target components=U_t*MBU26 light-mobility proportions; lambda allocates EV/PHEV migration between PED and Light RUC. PED light-petrol activity uses population_source=scenario_input_population.,available,available,False,EV/PHEV uptake is allocated between PED/light-petrol and total Light RUC to match MBU proportions; it is not a new model.
2028,FY2028,Current finalist High population/comparison,current_comparison_1,comparison,fixed_ped_only,0.0,0.17311440488216873,0.0,1.0,lambda_lower_bound,25.0,33811.07580826983,13524.331815170966,47335.4076234408,32346.4528222451,13427.7171481819,1989.37597979678,1114.1399728797,48877.685923103476,0.6617836383075493,0.2747208034624834,0.04070110812787974,0.022794450102087773,0.06349555822996751,31325.798277811555,13004.021214535818,1926.603543958927,1078.9845871345065,3005.5881310934333,30805.487677176396,13524.331815170966,1926.603543958927,1078.9845871345065,3005.5881310934337,30805.487677176396,13524.331815170966,1926.603543958927,1078.9845871345065,47335.4076234408,0.0,0.6507916425319071,0.2857127992381253,0.04070110812787974,0.022794450102087773,-0.010991995775642138,0.010991995775641916,0.0,0.0,0.00024164794226346436,8.931856817675813,0.8500894140750587,0.08131214805600769,0.08134999999999998,0.04011500000000012,2751.502051312162,2339.022766626278,1099.6924709137568,156.72919830105866,43.28346671290086,2567.2333744050297,1099.6924709137568,156.72919830105866,43.28346671290086,3638.727902553994,3866.9385103327463,-228.2106077787521,forecast_scenario_comparison.parquet; mbu26_official_annual.csv,data/current_revenue_outlook/revenue_chart_rows.csv:current_comparison_1:2027Q3; data/current_revenue_outlook/revenue_chart_rows.csv:current_comparison_1:2027Q4; data/current_revenue_outlook/revenue_chart_rows.csv:current_comparison_1:2028Q1; data/current_revenue_outlook/revenue_chart_rows.csv:current_comparison_1:2028Q2; data/current_revenue_outlook/revenue_chart_rows.csv:current_comparison_1:2027Q3; data/current_revenue_outlook/revenue_chart_rows.csv:current_comparison_1:2027Q4; data/current_revenue_outlook/revenue_chart_rows.csv:current_comparison_1:2028Q1; data/current_revenue_outlook/revenue_chart_rows.csv:current_comparison_1:2028Q2; AD16; AD10; AD12; AD14; scenario_inputs/scenario_input_wide.parquet:PED:population (2027Q3; 2027Q4; 2028Q1; 2028Q2),U_t=current PED-derived light petrol activity + current finalist total Light RUC; target components=U_t*MBU26 light-mobility proportions; lambda allocates EV/PHEV migration between PED and Light RUC. PED light-petrol activity uses population_source=scenario_input_population.,available,available,False,EV/PHEV uptake is allocated between PED/light-petrol and total Light RUC to match MBU proportions; it is not a new model.
2028,FY2028,Current finalist High population/comparison,current_comparison_1,comparison,mbu_ratio,0.29334703735440865,0.17311440488216873,0.0,1.0,,25.0,33811.07580826983,13524.331815170966,47335.4076234408,32346.4528222451,13427.7171481819,1989.37597979678,1114.1399728797,48877.685923103476,0.6617836383075493,0.2747208034624834,0.04070110812787974,0.022794450102087773,0.06349555822996751,31325.798277811555,13004.021214535818,1926.603543958927,1078.9845871345065,3005.5881310934333,31687.16805094023,12642.651441407133,1926.603543958927,1078.9845871345065,3005.5881310934337,31687.16805094023,12642.651441407133,1926.603543958927,1078.9845871345065,47335.4076234408,0.0,0.6694178764238324,0.26708656534619996,0.04070110812787974,0.022794450102087773,0.007634238116283165,-0.007634238116283443,0.0,0.0,0.0001165631832322257,8.931856817675813,0.8500894140750587,0.08131214805600769,0.08134999999999998,0.04011500000000012,2830.252479886297,2405.9676723110238,1028.0011458241959,156.72919830105866,43.28346671290086,2567.2333744050297,1099.6924709137568,156.72919830105866,43.28346671290086,3633.981483149179,3866.9385103327463,-232.95702718356733,forecast_scenario_comparison.parquet; mbu26_official_annual.csv,data/current_revenue_outlook/revenue_chart_rows.csv:current_comparison_1:2027Q3; data/current_revenue_outlook/revenue_chart_rows.csv:current_comparison_1:2027Q4; data/current_revenue_outlook/revenue_chart_rows.csv:current_comparison_1:2028Q1; data/current_revenue_outlook/revenue_chart_rows.csv:current_comparison_1:2028Q2; data/current_revenue_outlook/revenue_chart_rows.csv:current_comparison_1:2027Q3; data/current_revenue_outlook/revenue_chart_rows.csv:current_comparison_1:2027Q4; data/current_revenue_outlook/revenue_chart_rows.csv:current_comparison_1:2028Q1; data/current_revenue_outlook/revenue_chart_rows.csv:current_comparison_1:2028Q2; AD16; AD10; AD12; AD14; scenario_inputs/scenario_input_wide.parquet:PED:population (2027Q3; 2027Q4; 2028Q1; 2028Q2),U_t=current PED-derived light petrol activity + current finalist total Light RUC; target components=U_t*MBU26 light-mobility proportions; lambda allocates EV/PHEV migration between PED and Light RUC. PED light-petrol activity uses population_source=scenario_input_population.,available,available,False,EV/PHEV uptake is allocated between PED/light-petrol and total Light RUC to match MBU proportions; it is not a new model.
2029,FY2029,Current finalist High population/comparison,current_comparison_1,comparison,optimized,0.27089636819694385,0.19181008396464838,0.0,1.0,,25.0,34273.88021320962,14065.10473483769,48338.984948047306,32608.4407560831,13926.5605658137,2502.17964433063,1394.20153006706,50431.382496294485,0.646590260706794,0.27614869703080164,0.04961552748458722,0.027645514777817185,0.0772610422624044,31255.5168798597,13348.747709194797,2398.364236266889,1336.3561227259243,3734.7203589928135,31550.882035699142,13053.382553355352,2398.364236266889,1336.3561227259243,3734.720358992813,31550.882035699142,13053.382553355352,2398.364236266889,1336.3561227259243,48338.98494804731,-7.275957614183426e-12,0.6527005494552418,0.27003840828235376,0.04961552748458722,0.027645514777817185,0.0061102887484477675,-0.0061102887484478785,0.0,0.0,7.467125717881613e-05,8.844689067937997,0.9001107027491552,0.08612386911319989,0.08613499999999968,0.04247499999999995,2790.5774142494956,2511.828597416034,1124.2078105097032,206.58310349084772,56.761726312783566,2728.6119090598595,1211.3412392466093,206.58310349084772,56.761726312783566,3899.3812377293684,4203.297978110099,-303.91674038073097,forecast_scenario_comparison.parquet; mbu26_official_annual.csv,data/current_revenue_outlook/revenue_chart_rows.csv:current_comparison_1:2028Q3; data/current_revenue_outlook/revenue_chart_rows.csv:current_comparison_1:2028Q4; data/current_revenue_outlook/revenue_chart_rows.csv:current_comparison_1:2029Q1; data/current_revenue_outlook/revenue_chart_rows.csv:current_comparison_1:2029Q2; data/current_revenue_outlook/revenue_chart_rows.csv:current_comparison_1:2028Q3; data/current_revenue_outlook/revenue_chart_rows.csv:current_comparison_1:2028Q4; data/current_revenue_outlook/revenue_chart_rows.csv:current_comparison_1:2029Q1; data/current_revenue_outlook/revenue_chart_rows.csv:current_comparison_1:2029Q2; AE16; AE10; AE12; AE14; scenario_inputs/scenario_input_wide.parquet:PED:population (2028Q3; 2028Q4; 2029Q1; 2029Q2),U_t=current PED-derived light petrol activity + current finalist total Light RUC; target components=U_t*MBU26 light-mobility proportions; lambda allocates EV/PHEV migration between PED and Light RUC. PED light-petrol activity uses population_source=scenario_input_population.,available,available,False,EV/PHEV uptake is allocated between PED/light-petrol and total Light RUC to match MBU proportions; it is not a new model.
2029,FY2029,Current finalist High population/comparison,current_comparison_1,comparison,fixed_light_only,1.0,0.19181008396464838,0.0,1.0,lambda_upper_bound,25.0,34273.88021320962,14065.10473483769,48338.984948047306,32608.4407560831,13926.5605658137,2502.17964433063,1394.20153006706,50431.382496294485,0.646590260706794,0.27614869703080164,0.04961552748458722,0.027645514777817185,0.0772610422624044,31255.5168798597,13348.747709194797,2398.364236266889,1336.3561227259243,3734.7203589928135,34273.88021320962,10330.384375844877,2398.364236266889,1336.3561227259243,3734.720358992813,34273.88021320962,10330.384375844877,2398.364236266889,1336.3561227259243,48338.98494804731,-7.275957614183426e-12,0.7090318559656503,0.21370710177194527,0.04961552748458722,0.027645514777817185,0.062441595258856286,-0.06244159525885637,0.0,0.0,0.007797905636941658,8.844689067937997,0.9001107027491552,0.08612386911319989,0.08613499999999968,0.04247499999999995,3031.4181363759153,2728.6119090598595,889.6926718743092,206.58310349084772,56.761726312783566,2728.6119090598595,1211.3412392466093,206.58310349084772,56.761726312783566,3881.6494107378003,4203.297978110099,-321.6485673722991,forecast_scenario_comparison.parquet; mbu26_official_annual.csv,data/current_revenue_outlook/revenue_chart_rows.csv:current_comparison_1:2028Q3; data/current_revenue_outlook/revenue_chart_rows.csv:current_comparison_1:2028Q4; data/current_revenue_outlook/revenue_chart_rows.csv:current_comparison_1:2029Q1; data/current_revenue_outlook/revenue_chart_rows.csv:current_comparison_1:2029Q2; data/current_revenue_outlook/revenue_chart_rows.csv:current_comparison_1:2028Q3; data/current_revenue_outlook/revenue_chart_rows.csv:current_comparison_1:2028Q4; data/current_revenue_outlook/revenue_chart_rows.csv:current_comparison_1:2029Q1; data/current_revenue_outlook/revenue_chart_rows.csv:current_comparison_1:2029Q2; AE16; AE10; AE12; AE14; scenario_inputs/scenario_input_wide.parquet:PED:population (2028Q3; 2028Q4; 2029Q1; 2029Q2),U_t=current PED-derived light petrol activity + current finalist total Light RUC; target components=U_t*MBU26 light-mobility proportions; lambda allocates EV/PHEV migration between PED and Light RUC. PED light-petrol activity uses population_source=scenario_input_population.,available,available,False,EV/PHEV uptake is allocated between PED/light-petrol and total Light RUC to match MBU proportions; it is not a new model.
2029,FY2029,Current finalist High population/comparison,current_comparison_1,comparison,fixed_ped_only,0.0,0.19181008396464838,0.0,1.0,lambda_lower_bound,25.0,34273.88021320962,14065.10473483769,48338.984948047306,32608.4407560831,13926.5605658137,2502.17964433063,1394.20153006706,50431.382496294485,0.646590260706794,0.27614869703080164,0.04961552748458722,0.027645514777817185,0.0772610422624044,31255.5168798597,13348.747709194797,2398.364236266889,1336.3561227259243,3734.7203589928135,30539.159854216803,14065.10473483769,2398.364236266889,1336.3561227259243,3734.720358992813,30539.159854216803,14065.10473483769,2398.364236266889,1336.3561227259243,48338.98494804731,-7.275957614183426e-12,0.631770813703246,0.2909681440343497,0.04961552748458722,0.027645514777817185,-0.014819447003548092,0.014819447003548036,0.0,0.0,0.0004392320189819394,8.844689067937997,0.9001107027491552,0.08612386911319989,0.08613499999999968,0.04247499999999995,2701.093733066023,2431.283378261397,1211.3412392466093,206.58310349084772,56.761726312783566,2728.6119090598595,1211.3412392466093,206.58310349084772,56.761726312783566,3905.969447311638,4203.297978110099,-297.32853079846154,forecast_scenario_comparison.parquet; mbu26_official_annual.csv,data/current_revenue_outlook/revenue_chart_rows.csv:current_comparison_1:2028Q3; data/current_revenue_outlook/revenue_chart_rows.csv:current_comparison_1:2028Q4; data/current_revenue_outlook/revenue_chart_rows.csv:current_comparison_1:2029Q1; data/current_revenue_outlook/revenue_chart_rows.csv:current_comparison_1:2029Q2; data/current_revenue_outlook/revenue_chart_rows.csv:current_comparison_1:2028Q3; data/current_revenue_outlook/revenue_chart_rows.csv:current_comparison_1:2028Q4; data/current_revenue_outlook/revenue_chart_rows.csv:current_comparison_1:2029Q1; data/current_revenue_outlook/revenue_chart_rows.csv:current_comparison_1:2029Q2; AE16; AE10; AE12; AE14; scenario_inputs/scenario_input_wide.parquet:PED:population (2028Q3; 2028Q4; 2029Q1; 2029Q2),U_t=current PED-derived light petrol activity + current finalist total Light RUC; target components=U_t*MBU26 light-mobility proportions; lambda allocates EV/PHEV migration between PED and Light RUC. PED light-petrol activity uses population_source=scenario_input_population.,available,available,False,EV/PHEV uptake is allocated between PED/light-petrol and total Light RUC to match MBU proportions; it is not a new model.
2029,FY2029,Current finalist High population/comparison,current_comparison_1,comparison,mbu_ratio,0.29927066015276177,0.19181008396464838,0.0,1.0,,25.0,34273.88021320962,14065.10473483769,48338.984948047306,32608.4407560831,13926.5605658137,2502.17964433063,1394.20153006706,50431.382496294485,0.646590260706794,0.27614869703080164,0.04961552748458722,0.027645514777817185,0.0772610422624044,31255.5168798597,13348.747709194797,2398.364236266889,1336.3561227259243,3734.7203589928135,31656.852081538542,12947.412507515952,2398.364236266889,1336.3561227259243,3734.720358992813,31656.852081538542,12947.412507515952,2398.364236266889,1336.3561227259243,48338.98494804731,-7.275957614183426e-12,0.6548927768252061,0.2678461809123895,0.04961552748458722,0.027645514777817185,0.00830251611841204,-0.008302516118412151,0.0,0.0,0.0001378635477929853,8.844689067937997,0.9001107027491552,0.08612386911319989,0.08613499999999968,0.04247499999999995,2799.9501353091414,2520.265083955703,1115.081260151911,206.58310349084772,56.761726312783566,2728.6119090598595,1211.3412392466093,206.58310349084772,56.761726312783566,3898.6911739112456,4203.297978110099,-304.60680419885375,forecast_scenario_comparison.parquet; mbu26_official_annual.csv,data/current_revenue_outlook/revenue_chart_rows.csv:current_comparison_1:2028Q3; data/current_revenue_outlook/revenue_chart_rows.csv:current_comparison_1:2028Q4; data/current_revenue_outlook/revenue_chart_rows.csv:current_comparison_1:2029Q1; data/current_revenue_outlook/revenue_chart_rows.csv:current_comparison_1:2029Q2; data/current_revenue_outlook/revenue_chart_rows.csv:current_comparison_1:2028Q3; data/current_revenue_outlook/revenue_chart_rows.csv:current_comparison_1:2028Q4; data/current_revenue_outlook/revenue_chart_rows.csv:current_comparison_1:2029Q1; data/current_revenue_outlook/revenue_chart_rows.csv:current_comparison_1:2029Q2; AE16; AE10; AE12; AE14; scenario_inputs/scenario_input_wide.parquet:PED:population (2028Q3; 2028Q4; 2029Q1; 2029Q2),U_t=current PED-derived light petrol activity + current finalist total Light RUC; target components=U_t*MBU26 light-mobility proportions; lambda allocates EV/PHEV migration between PED and Light RUC. PED light-petrol activity uses population_source=scenario_input_population.,available,available,False,EV/PHEV uptake is allocated between PED/light-petrol and total Light RUC to match MBU proportions; it is not a new model.
2030,FY2030,Current finalist High population/comparison,current_comparison_1,comparison,optimized,0.28281561813794426,0.18907601963860554,0.0,1.0,,25.0,34667.67227539205,14442.85599877819,49110.52827417024,32869.8724784727,14402.4384228319,3074.13637597232,1688.91801832143,52035.36529559835,0.631683323288847,0.276781729906491,0.05907782829060604,0.03245711851405596,0.091534946804662,31022.301708698742,13592.896972346478,2901.3433566423823,1593.9862364826395,4495.329593125021,31443.69209988047,13171.506581164744,2901.3433566423823,1593.9862364826395,4495.329593125021,31443.69209988047,13171.506581164744,2901.3433566423823,1593.9862364826395,49110.52827417024,0.0,0.6402637724509742,0.2682012807443637,0.05907782829060604,0.03245711851405596,0.00858044916212719,-0.008580449162127302,0.0,0.0,0.00014724821564770032,8.757543274926979,0.9400992657432979,0.08995414577228922,0.08996500000000007,0.044364999999999856,2753.694942881828,2588.7465938842392,1184.8316230427602,261.01935508033216,70.71719938155206,2854.1755922217985,1299.194773882275,261.01935508033216,70.71719938155206,4105.314771388884,4485.106920565958,-379.79214917707395,forecast_scenario_comparison.parquet; mbu26_official_annual.csv,data/current_revenue_outlook/revenue_chart_rows.csv:current_comparison_1:2029Q3; data/current_revenue_outlook/revenue_chart_rows.csv:current_comparison_1:2029Q4; data/current_revenue_outlook/revenue_chart_rows.csv:current_comparison_1:2030Q1; data/current_revenue_outlook/revenue_chart_rows.csv:current_comparison_1:2030Q2; data/current_revenue_outlook/revenue_chart_rows.csv:current_comparison_1:2029Q3; data/current_revenue_outlook/revenue_chart_rows.csv:current_comparison_1:2029Q4; data/current_revenue_outlook/revenue_chart_rows.csv:current_comparison_1:2030Q1; data/current_revenue_outlook/revenue_chart_rows.csv:current_comparison_1:2030Q2; AF16; AF10; AF12; AF14; scenario_inputs/scenario_input_wide.parquet:PED:population (2029Q3; 2029Q4; 2030Q1; 2030Q2),U_t=current PED-derived light petrol activity + current finalist total Light RUC; target components=U_t*MBU26 light-mobility proportions; lambda allocates EV/PHEV migration between PED and Light RUC. PED light-petrol activity uses population_source=scenario_input_population.,available,available,False,EV/PHEV uptake is allocated between PED/light-petrol and total Light RUC to match MBU proportions; it is not a new model.
2030,FY2030,Current finalist High population/comparison,current_comparison_1,comparison,fixed_light_only,1.0,0.18907601963860554,0.0,1.0,lambda_upper_bound,25.0,34667.67227539205,14442.85599877819,49110.52827417024,32869.8724784727,14402.4384228319,3074.13637597232,1688.91801832143,52035.36529559835,0.631683323288847,0.276781729906491,0.05907782829060604,0.03245711851405596,0.091534946804662,31022.301708698742,13592.896972346478,2901.3433566423823,1593.9862364826395,4495.329593125021,34667.67227539205,9947.526405653169,2901.3433566423823,1593.9862364826395,4495.329593125021,34667.67227539205,9947.526405653169,2901.3433566423823,1593.9862364826395,49110.52827417024,0.0,0.705911206693852,0.20255384650148603,0.05907782829060604,0.03245711851405596,0.07422788340500497,-0.074227883405005,0.0,0.0,0.011019557349574029,8.757543274926979,0.9400992657432979,0.08995414577228922,0.08996500000000007,0.044364999999999856,3036.036401927321,2854.1755922217985,894.8212403678214,261.01935508033216,70.71719938155206,2854.1755922217985,1299.194773882275,261.01935508033216,70.71719938155206,4080.733387051504,4485.106920565958,-404.3735335144538,forecast_scenario_comparison.parquet; mbu26_official_annual.csv,data/current_revenue_outlook/revenue_chart_rows.csv:current_comparison_1:2029Q3; data/current_revenue_outlook/revenue_chart_rows.csv:current_comparison_1:2029Q4; data/current_revenue_outlook/revenue_chart_rows.csv:current_comparison_1:2030Q1; data/current_revenue_outlook/revenue_chart_rows.csv:current_comparison_1:2030Q2; data/current_revenue_outlook/revenue_chart_rows.csv:current_comparison_1:2029Q3; data/current_revenue_outlook/revenue_chart_rows.csv:current_comparison_1:2029Q4; data/current_revenue_outlook/revenue_chart_rows.csv:current_comparison_1:2030Q1; data/current_revenue_outlook/revenue_chart_rows.csv:current_comparison_1:2030Q2; AF16; AF10; AF12; AF14; scenario_inputs/scenario_input_wide.parquet:PED:population (2029Q3; 2029Q4; 2030Q1; 2030Q2),U_t=current PED-derived light petrol activity + current finalist total Light RUC; target components=U_t*MBU26 light-mobility proportions; lambda allocates EV/PHEV migration between PED and Light RUC. PED light-petrol activity uses population_source=scenario_input_population.,available,available,False,EV/PHEV uptake is allocated between PED/light-petrol and total Light RUC to match MBU proportions; it is not a new model.
2030,FY2030,Current finalist High population/comparison,current_comparison_1,comparison,fixed_ped_only,0.0,0.18907601963860554,0.0,1.0,lambda_lower_bound,25.0,34667.67227539205,14442.85599877819,49110.52827417024,32869.8724784727,14402.4384228319,3074.13637597232,1688.91801832143,52035.36529559835,0.631683323288847,0.276781729906491,0.05907782829060604,0.03245711851405596,0.091534946804662,31022.301708698742,13592.896972346478,2901.3433566423823,1593.9862364826395,4495.329593125021,30172.342682267026,14442.85599877819,2901.3433566423823,1593.9862364826395,4495.329593125021,30172.342682267026,14442.85599877819,2901.3433566423823,1593.9862364826395,49110.52827417024,0.0,0.61437625988919,0.294088793306148,0.05907782829060604,0.03245711851405596,-0.01730706339965704,0.017307063399656986,0.0,0.0,0.0005990688870394947,8.757543274926979,0.9400992657432979,0.08995414577228922,0.08996500000000007,0.044364999999999856,2642.3559674587987,2484.076904840438,1299.194773882275,261.01935508033216,70.71719938155206,2854.1755922217985,1299.194773882275,261.01935508033216,70.71719938155206,4115.008233184597,4485.106920565958,-370.09868738136083,forecast_scenario_comparison.parquet; mbu26_official_annual.csv,data/current_revenue_outlook/revenue_chart_rows.csv:current_comparison_1:2029Q3; data/current_revenue_outlook/revenue_chart_rows.csv:current_comparison_1:2029Q4; data/current_revenue_outlook/revenue_chart_rows.csv:current_comparison_1:2030Q1; data/current_revenue_outlook/revenue_chart_rows.csv:current_comparison_1:2030Q2; data/current_revenue_outlook/revenue_chart_rows.csv:current_comparison_1:2029Q3; data/current_revenue_outlook/revenue_chart_rows.csv:current_comparison_1:2029Q4; data/current_revenue_outlook/revenue_chart_rows.csv:current_comparison_1:2030Q1; data/current_revenue_outlook/revenue_chart_rows.csv:current_comparison_1:2030Q2; AF16; AF10; AF12; AF14; scenario_inputs/scenario_input_wide.parquet:PED:population (2029Q3; 2029Q4; 2030Q1; 2030Q2),U_t=current PED-derived light petrol activity + current finalist total Light RUC; target components=U_t*MBU26 light-mobility proportions; lambda allocates EV/PHEV migration between PED and Light RUC. PED light-petrol activity uses population_source=scenario_input_population.,available,available,False,EV/PHEV uptake is allocated between PED/light-petrol and total Light RUC to match MBU proportions; it is not a new model.
2030,FY2030,Current finalist High population/comparison,current_comparison_1,comparison,mbu_ratio,0.3046696501235447,0.18907601963860554,0.0,1.0,,25.0,34667.67227539205,14442.85599877819,49110.52827417024,32869.8724784727,14402.4384228319,3074.13637597232,1688.91801832143,52035.36529559835,0.631683323288847,0.276781729906491,0.05907782829060604,0.03245711851405596,0.091534946804662,31022.301708698742,13592.896972346478,2901.3433566423823,1593.9862364826395,4495.329593125021,31541.933176594444,13073.265504450774,2901.3433566423823,1593.9862364826395,4495.329593125021,31541.933176594444,13073.265504450774,2901.3433566423823,1593.9862364826395,49110.52827417025,-7.275957614183426e-12,0.6422641801062436,0.2662008730890944,0.05907782829060604,0.03245711851405596,0.010580856817396622,-0.010580856817396622,0.0,0.0,0.00022390906198049715,8.757543274926979,0.9400992657432979,0.08995414577228922,0.08996500000000007,0.044364999999999856,2762.2984476888087,2596.834742436101,1175.994430907205,261.01935508033216,70.71719938155206,2854.1755922217985,1299.194773882275,261.01935508033216,70.71719938155206,4104.56572780519,4485.106920565958,-380.54119276076744,forecast_scenario_comparison.parquet; mbu26_official_annual.csv,data/current_revenue_outlook/revenue_chart_rows.csv:current_comparison_1:2029Q3; data/current_revenue_outlook/revenue_chart_rows.csv:current_comparison_1:2029Q4; data/current_revenue_outlook/revenue_chart_rows.csv:current_comparison_1:2030Q1; data/current_revenue_outlook/revenue_chart_rows.csv:current_comparison_1:2030Q2; data/current_revenue_outlook/revenue_chart_rows.csv:current_comparison_1:2029Q3; data/current_revenue_outlook/revenue_chart_rows.csv:current_comparison_1:2029Q4; data/current_revenue_outlook/revenue_chart_rows.csv:current_comparison_1:2030Q1; data/current_revenue_outlook/revenue_chart_rows.csv:current_comparison_1:2030Q2; AF16; AF10; AF12; AF14; scenario_inputs/scenario_input_wide.parquet:PED:population (2029Q3; 2029Q4; 2030Q1; 2030Q2),U_t=current PED-derived light petrol activity + current finalist total Light RUC; target components=U_t*MBU26 light-mobility proportions; lambda allocates EV/PHEV migration between PED and Light RUC. PED light-petrol activity uses population_source=scenario_input_population.,available,available,False,EV/PHEV uptake is allocated between PED/light-petrol and total Light RUC to match MBU proportions; it is not a new model.
2031,FY2031,Current finalist High population/comparison,current_comparison_1,comparison,optimized,0.29450191708049106,0.240418367829848,0.0,1.0,,25.0,35170.433447554395,14870.858728468605,50041.292176023,32608.0056469469,14246.1931200422,3699.27203826942,1982.30123651121,52535.77204176972,0.6206819540221316,0.2711712908437979,0.07041434615880837,0.03773240897526237,0.10814675513407074,31059.727009606362,13569.7617948638,3523.6248695165527,1888.178502036297,5411.803371552849,31352.416543786523,13277.072260683626,3523.6248695165527,1888.178502036297,5411.80337155285,31352.416543786523,13277.072260683626,3523.6248695165527,1888.178502036297,50041.292176023,0.0,0.6265309143797221,0.2653223304862071,0.07041434615880837,0.03773240897526237,0.005848960357590527,-0.005848960357590749,0.0,0.0,6.84206745293336e-05,8.6704364524934,0.9801272010486018,0.09379000000000014,0.09379000000000001,0.046255000000000095,2718.391352750038,2664.3693079256172,1245.256607329519,330.4807765119575,87.3376966116891,2988.829371198039,1394.7378401430726,330.4807765119575,87.3376966116891,4327.4443883787835,4801.385684464759,-473.9412960859754,forecast_scenario_comparison.parquet; mbu26_official_annual.csv,data/current_revenue_outlook/revenue_chart_rows.csv:current_comparison_1:2030Q3; data/current_revenue_outlook/revenue_chart_rows.csv:current_comparison_1:2030Q4; data/current_revenue_outlook/revenue_chart_rows.csv:current_comparison_1:2031Q1; data/current_revenue_outlook/revenue_chart_rows.csv:current_comparison_1:2031Q2; data/current_revenue_outlook/revenue_chart_rows.csv:current_comparison_1:2030Q3; data/current_revenue_outlook/revenue_chart_rows.csv:current_comparison_1:2030Q4; data/current_revenue_outlook/revenue_chart_rows.csv:current_comparison_1:2031Q1; data/current_revenue_outlook/revenue_chart_rows.csv:current_comparison_1:2031Q2; AG16; AG10; AG12; AG14; scenario_inputs/scenario_input_wide.parquet:PED:population (2030Q3; 2030Q4; 2031Q1; 2031Q2),U_t=current PED-derived light petrol activity + current finalist total Light RUC; target components=U_t*MBU26 light-mobility proportions; lambda allocates EV/PHEV migration between PED and Light RUC. PED light-petrol activity uses population_source=scenario_input_population.,available,available,False,EV/PHEV uptake is allocated between PED/light-petrol and total Light RUC to match MBU proportions; it is not a new model.
2031,FY2031,Current finalist High population/comparison,current_comparison_1,comparison,fixed_light_only,1.0,0.240418367829848,0.0,1.0,lambda_upper_bound,25.0,35170.433447554395,14870.858728468605,50041.292176023,32608.0056469469,14246.1931200422,3699.27203826942,1982.30123651121,52535.77204176972,0.6206819540221316,0.2711712908437979,0.07041434615880837,0.03773240897526237,0.10814675513407074,31059.727009606362,13569.7617948638,3523.6248695165527,1888.178502036297,5411.803371552849,35170.433447554395,9459.055356915756,3523.6248695165527,1888.178502036297,5411.80337155285,35170.433447554395,9459.055356915756,3523.6248695165527,1888.178502036297,50041.292176023,0.0,0.7028282428007746,0.18902500206515468,0.07041434615880837,0.03773240897526237,0.08214628877864305,-0.08214628877864319,0.0,0.0,0.013496025520208458,8.6704364524934,0.9801272010486018,0.09379000000000014,0.09379000000000001,0.046255000000000095,3049.430082136687,2988.829371198039,887.1648019251301,330.4807765119575,87.3376966116891,2988.829371198039,1394.7378401430726,330.4807765119575,87.3376966116891,4293.812646246816,4801.385684464759,-507.57303821794267,forecast_scenario_comparison.parquet; mbu26_official_annual.csv,data/current_revenue_outlook/revenue_chart_rows.csv:current_comparison_1:2030Q3; data/current_revenue_outlook/revenue_chart_rows.csv:current_comparison_1:2030Q4; data/current_revenue_outlook/revenue_chart_rows.csv:current_comparison_1:2031Q1; data/current_revenue_outlook/revenue_chart_rows.csv:current_comparison_1:2031Q2; data/current_revenue_outlook/revenue_chart_rows.csv:current_comparison_1:2030Q3; data/current_revenue_outlook/revenue_chart_rows.csv:current_comparison_1:2030Q4; data/current_revenue_outlook/revenue_chart_rows.csv:current_comparison_1:2031Q1; data/current_revenue_outlook/revenue_chart_rows.csv:current_comparison_1:2031Q2; AG16; AG10; AG12; AG14; scenario_inputs/scenario_input_wide.parquet:PED:population (2030Q3; 2030Q4; 2031Q1; 2031Q2),U_t=current PED-derived light petrol activity + current finalist total Light RUC; target components=U_t*MBU26 light-mobility proportions; lambda allocates EV/PHEV migration between PED and Light RUC. PED light-petrol activity uses population_source=scenario_input_population.,available,available,False,EV/PHEV uptake is allocated between PED/light-petrol and total Light RUC to match MBU proportions; it is not a new model.
2031,FY2031,Current finalist High population/comparison,current_comparison_1,comparison,fixed_ped_only,0.0,0.240418367829848,0.0,1.0,lambda_lower_bound,25.0,35170.433447554395,14870.858728468605,50041.292176023,32608.0056469469,14246.1931200422,3699.27203826942,1982.30123651121,52535.77204176972,0.6206819540221316,0.2711712908437979,0.07041434615880837,0.03773240897526237,0.10814675513407074,31059.727009606362,13569.7617948638,3523.6248695165527,1888.178502036297,5411.803371552849,29758.630076001544,14870.858728468605,3523.6248695165527,1888.178502036297,5411.80337155285,29758.630076001544,14870.858728468605,3523.6248695165527,1888.178502036297,50041.292176023,0.0,0.5946814876667038,0.2971717571992254,0.07041434615880837,0.03773240897526237,-0.026000466355427743,0.02600046635542752,0.0,0.0,0.0013520485013994484,8.6704364524934,0.9801272010486018,0.09379000000000014,0.09379000000000001,0.046255000000000095,2580.2031098723023,2528.9272522160377,1394.7378401430726,330.4807765119575,87.3376966116891,2988.829371198039,1394.7378401430726,330.4807765119575,87.3376966116891,4341.4835654827575,4801.385684464759,-459.9021189820014,forecast_scenario_comparison.parquet; mbu26_official_annual.csv,data/current_revenue_outlook/revenue_chart_rows.csv:current_comparison_1:2030Q3; data/current_revenue_outlook/revenue_chart_rows.csv:current_comparison_1:2030Q4; data/current_revenue_outlook/revenue_chart_rows.csv:current_comparison_1:2031Q1; data/current_revenue_outlook/revenue_chart_rows.csv:current_comparison_1:2031Q2; data/current_revenue_outlook/revenue_chart_rows.csv:current_comparison_1:2030Q3; data/current_revenue_outlook/revenue_chart_rows.csv:current_comparison_1:2030Q4; data/current_revenue_outlook/revenue_chart_rows.csv:current_comparison_1:2031Q1; data/current_revenue_outlook/revenue_chart_rows.csv:current_comparison_1:2031Q2; AG16; AG10; AG12; AG14; scenario_inputs/scenario_input_wide.parquet:PED:population (2030Q3; 2030Q4; 2031Q1; 2031Q2),U_t=current PED-derived light petrol activity + current finalist total Light RUC; target components=U_t*MBU26 light-mobility proportions; lambda allocates EV/PHEV migration between PED and Light RUC. PED light-petrol activity uses population_source=scenario_input_population.,available,available,False,EV/PHEV uptake is allocated between PED/light-petrol and total Light RUC to match MBU proportions; it is not a new model.
2031,FY2031,Current finalist High population/comparison,current_comparison_1,comparison,mbu_ratio,0.30405371332652664,0.240418367829848,0.0,1.0,,25.0,35170.433447554395,14870.858728468605,50041.292176023,32608.0056469469,14246.1931200422,3699.27203826942,1982.30123651121,52535.77204176972,0.6206819540221316,0.2711712908437979,0.07041434615880837,0.03773240897526237,0.10814675513407074,31059.727009606362,13569.7617948638,3523.6248695165527,1888.178502036297,5411.803371552849,31404.108986915206,13225.379817554945,3523.6248695165527,1888.178502036297,5411.80337155285,31404.108986915206,13225.379817554945,3523.6248695165527,1888.178502036297,50041.292176023,0.0,0.6275639101494327,0.26428933471649657,0.07041434615880837,0.03773240897526237,0.0068819561273011365,-0.006881956127301303,0.0,0.0,9.472264027619761e-05,8.6704364524934,0.9801272010486018,0.09379000000000014,0.09379000000000001,0.046255000000000095,2722.873313182252,2668.7621992592535,1240.4083730884802,330.4807765119575,87.3376966116891,2988.829371198039,1394.7378401430726,330.4807765119575,87.3376966116891,4326.98904547138,4801.385684464759,-474.3966389933785,forecast_scenario_comparison.parquet; mbu26_official_annual.csv,data/current_revenue_outlook/revenue_chart_rows.csv:current_comparison_1:2030Q3; data/current_revenue_outlook/revenue_chart_rows.csv:current_comparison_1:2030Q4; data/current_revenue_outlook/revenue_chart_rows.csv:current_comparison_1:2031Q1; data/current_revenue_outlook/revenue_chart_rows.csv:current_comparison_1:2031Q2; data/current_revenue_outlook/revenue_chart_rows.csv:current_comparison_1:2030Q3; data/current_revenue_outlook/revenue_chart_rows.csv:current_comparison_1:2030Q4; data/current_revenue_outlook/revenue_chart_rows.csv:current_comparison_1:2031Q1; data/current_revenue_outlook/revenue_chart_rows.csv:current_comparison_1:2031Q2; AG16; AG10; AG12; AG14; scenario_inputs/scenario_input_wide.parquet:PED:population (2030Q3; 2030Q4; 2031Q1; 2031Q2),U_t=current PED-derived light petrol activity + current finalist total Light RUC; target components=U_t*MBU26 light-mobility proportions; lambda allocates EV/PHEV migration between PED and Light RUC. PED light-petrol activity uses population_source=scenario_input_population.,available,available,False,EV/PHEV uptake is allocated between PED/light-petrol and total Light RUC to match MBU proportions; it is not a new model.
2032,FY2032,Current finalist High population/comparison,current_comparison_1,comparison,optimized,0.3057827205790294,0.28232093057736235,0.0,1.0,,25.0,35627.79940247796,15314.617724209955,50942.41712668791,32257.3015633196,14040.9690145148,4398.02707007662,2294.23844446945,52990.53609238047,0.608737030081828,0.2649712580759068,0.08299646303651971,0.04329524880574551,0.12629171184226523,31010.53570688965,13498.27635548612,4228.040440046122,2205.5646242660246,6433.605064312147,31161.479597862206,13347.332464513565,4228.040440046122,2205.5646242660246,6433.605064312147,31161.479597862206,13347.332464513565,4228.040440046122,2205.5646242660246,50942.41712668791,0.0,0.6117000597040223,0.2620082284537125,0.08299646303651971,0.04329524880574551,0.002963029622194302,-0.002963029622194302,0.0,0.0,1.7559089084001815e-05,8.583296413903813,1.0201409097685845,0.09761499999999984,0.09761499999999995,0.04813999999999986,2674.6821608426753,2728.55269290385,1302.8998585234895,412.720167555102,106.17588101216612,3119.631328691419,1494.9364091487523,412.720167555102,106.17588101216612,4550.348599994608,5133.46378640744,-583.1151864128324,forecast_scenario_comparison.parquet; mbu26_official_annual.csv,data/current_revenue_outlook/revenue_chart_rows.csv:current_comparison_1:2031Q3; data/current_revenue_outlook/revenue_chart_rows.csv:current_comparison_1:2031Q4; data/current_revenue_outlook/revenue_chart_rows.csv:current_comparison_1:2032Q1; data/current_revenue_outlook/revenue_chart_rows.csv:current_comparison_1:2032Q2; data/current_revenue_outlook/revenue_chart_rows.csv:current_comparison_1:2031Q3; data/current_revenue_outlook/revenue_chart_rows.csv:current_comparison_1:2031Q4; data/current_revenue_outlook/revenue_chart_rows.csv:current_comparison_1:2032Q1; data/current_revenue_outlook/revenue_chart_rows.csv:current_comparison_1:2032Q2; AH16; AH10; AH12; AH14; scenario_inputs/scenario_input_wide.parquet:PED:population (2031Q3; 2031Q4; 2032Q1; 2032Q2),U_t=current PED-derived light petrol activity + current finalist total Light RUC; target components=U_t*MBU26 light-mobility proportions; lambda allocates EV/PHEV migration between PED and Light RUC. PED light-petrol activity uses population_source=scenario_input_population.,available,available,False,EV/PHEV uptake is allocated between PED/light-petrol and total Light RUC to match MBU proportions; it is not a new model.
2032,FY2032,Current finalist High population/comparison,current_comparison_1,comparison,fixed_light_only,1.0,0.28232093057736235,0.0,1.0,lambda_upper_bound,25.0,35627.79940247796,15314.617724209955,50942.41712668791,32257.3015633196,14040.9690145148,4398.02707007662,2294.23844446945,52990.53609238047,0.608737030081828,0.2649712580759068,0.08299646303651971,0.04329524880574551,0.12629171184226523,31010.53570688965,13498.27635548612,4228.040440046122,2205.5646242660246,6433.605064312147,35627.79940247796,8881.012659897808,4228.040440046122,2205.5646242660246,6433.605064312147,35627.79940247796,8881.012659897808,4228.040440046122,2205.5646242660246,50942.41712668791,0.0,0.6993739483125768,0.174334339845158,0.08299646303651971,0.04329524880574551,0.09063691823074882,-0.09063691823074882,0.0,0.0,0.016430101892734895,8.583296413903813,1.0201409097685845,0.09761499999999984,0.09761499999999995,0.04813999999999986,3058.039628465735,3119.631328691419,866.9200507959231,412.720167555102,106.17588101216612,3119.631328691419,1494.9364091487523,412.720167555102,106.17588101216612,4505.447428054611,5133.46378640744,-628.0163583528292,forecast_scenario_comparison.parquet; mbu26_official_annual.csv,data/current_revenue_outlook/revenue_chart_rows.csv:current_comparison_1:2031Q3; data/current_revenue_outlook/revenue_chart_rows.csv:current_comparison_1:2031Q4; data/current_revenue_outlook/revenue_chart_rows.csv:current_comparison_1:2032Q1; data/current_revenue_outlook/revenue_chart_rows.csv:current_comparison_1:2032Q2; data/current_revenue_outlook/revenue_chart_rows.csv:current_comparison_1:2031Q3; data/current_revenue_outlook/revenue_chart_rows.csv:current_comparison_1:2031Q4; data/current_revenue_outlook/revenue_chart_rows.csv:current_comparison_1:2032Q1; data/current_revenue_outlook/revenue_chart_rows.csv:current_comparison_1:2032Q2; AH16; AH10; AH12; AH14; scenario_inputs/scenario_input_wide.parquet:PED:population (2031Q3; 2031Q4; 2032Q1; 2032Q2),U_t=current PED-derived light petrol activity + current finalist total Light RUC; target components=U_t*MBU26 light-mobility proportions; lambda allocates EV/PHEV migration between PED and Light RUC. PED light-petrol activity uses population_source=scenario_input_population.,available,available,False,EV/PHEV uptake is allocated between PED/light-petrol and total Light RUC to match MBU proportions; it is not a new model.
2032,FY2032,Current finalist High population/comparison,current_comparison_1,comparison,fixed_ped_only,0.0,0.28232093057736235,0.0,1.0,lambda_lower_bound,25.0,35627.79940247796,15314.617724209955,50942.41712668791,32257.3015633196,14040.9690145148,4398.02707007662,2294.23844446945,52990.53609238047,0.608737030081828,0.2649712580759068,0.08299646303651971,0.04329524880574551,0.12629171184226523,31010.53570688965,13498.27635548612,4228.040440046122,2205.5646242660246,6433.605064312147,29194.194338165813,15314.617724209955,4228.040440046122,2205.5646242660246,6433.605064312147,29194.194338165813,15314.617724209955,4228.040440046122,2205.5646242660246,50942.41712668791,0.0,0.5730822364703115,0.30062605168742323,0.08299646303651971,0.04329524880574551,-0.03565479361151647,0.03565479361151641,0.0,0.0,0.002542528614959667,8.583296413903813,1.0201409097685845,0.09761499999999984,0.09761499999999995,0.04813999999999986,2505.8242356958963,2556.2938155229795,1494.9364091487523,412.720167555102,106.17588101216612,3119.631328691419,1494.9364091487523,412.720167555102,106.17588101216612,4570.1262732390005,5133.46378640744,-563.3375131684397,forecast_scenario_comparison.parquet; mbu26_official_annual.csv,data/current_revenue_outlook/revenue_chart_rows.csv:current_comparison_1:2031Q3; data/current_revenue_outlook/revenue_chart_rows.csv:current_comparison_1:2031Q4; data/current_revenue_outlook/revenue_chart_rows.csv:current_comparison_1:2032Q1; data/current_revenue_outlook/revenue_chart_rows.csv:current_comparison_1:2032Q2; data/current_revenue_outlook/revenue_chart_rows.csv:current_comparison_1:2031Q3; data/current_revenue_outlook/revenue_chart_rows.csv:current_comparison_1:2031Q4; data/current_revenue_outlook/revenue_chart_rows.csv:current_comparison_1:2032Q1; data/current_revenue_outlook/revenue_chart_rows.csv:current_comparison_1:2032Q2; AH16; AH10; AH12; AH14; scenario_inputs/scenario_input_wide.parquet:PED:population (2031Q3; 2031Q4; 2032Q1; 2032Q2),U_t=current PED-derived light petrol activity + current finalist total Light RUC; target components=U_t*MBU26 light-mobility proportions; lambda allocates EV/PHEV migration between PED and Light RUC. PED light-petrol activity uses population_source=scenario_input_population.,available,available,False,EV/PHEV uptake is allocated between PED/light-petrol and total Light RUC to match MBU proportions; it is not a new model.
2032,FY2032,Current finalist High population/comparison,current_comparison_1,comparison,mbu_ratio,0.30327199783650244,0.28232093057736235,0.0,1.0,,25.0,35627.79940247796,15314.617724209955,50942.41712668791,32257.3015633196,14040.9690145148,4398.02707007662,2294.23844446945,52990.53609238047,0.608737030081828,0.2649712580759068,0.08299646303651971,0.04329524880574551,0.12629171184226523,31010.53570688965,13498.27635548612,4228.040440046122,2205.5646242660246,6433.605064312147,31145.3265993108,13363.48546306497,4228.040440046122,2205.5646242660246,6433.605064312147,31145.3265993108,13363.48546306497,4228.040440046122,2205.5646242660246,50942.41712668791,0.0,0.6113829762309073,0.26232531192682756,0.08299646303651971,0.04329524880574551,0.0026459461490793146,-0.002645946149079259,0.0,0.0,1.4002062047655014e-05,8.583296413903813,1.0201409097685845,0.09761499999999984,0.09761499999999995,0.04813999999999986,2673.2957010972746,2727.1383085978196,1304.476633477085,412.720167555102,106.17588101216612,3119.631328691419,1494.9364091487523,412.720167555102,106.17588101216612,4550.510990642173,5133.46378640744,-582.9527957652672,forecast_scenario_comparison.parquet; mbu26_official_annual.csv,data/current_revenue_outlook/revenue_chart_rows.csv:current_comparison_1:2031Q3; data/current_revenue_outlook/revenue_chart_rows.csv:current_comparison_1:2031Q4; data/current_revenue_outlook/revenue_chart_rows.csv:current_comparison_1:2032Q1; data/current_revenue_outlook/revenue_chart_rows.csv:current_comparison_1:2032Q2; data/current_revenue_outlook/revenue_chart_rows.csv:current_comparison_1:2031Q3; data/current_revenue_outlook/revenue_chart_rows.csv:current_comparison_1:2031Q4; data/current_revenue_outlook/revenue_chart_rows.csv:current_comparison_1:2032Q1; data/current_revenue_outlook/revenue_chart_rows.csv:current_comparison_1:2032Q2; AH16; AH10; AH12; AH14; scenario_inputs/scenario_input_wide.parquet:PED:population (2031Q3; 2031Q4; 2032Q1; 2032Q2),U_t=current PED-derived light petrol activity + current finalist total Light RUC; target components=U_t*MBU26 light-mobility proportions; lambda allocates EV/PHEV migration between PED and Light RUC. PED light-petrol activity uses population_source=scenario_input_population.,available,available,False,EV/PHEV uptake is allocated between PED/light-petrol and total Light RUC to match MBU proportions; it is not a new model.
2033,FY2033,Current finalist High population/comparison,current_comparison_1,comparison,optimized,0.31643488048953794,0.3143302233496919,0.0,1.0,,25.0,36043.79826240115,15775.332041858139,51819.13030425929,31744.9327751708,13782.7022644857,5198.25079890367,2610.75237942357,53336.63821798374,0.5951806082233962,0.25840965469470717,0.09746116314377973,0.04894857393811693,0.14640973708189664,30841.74149209647,13390.56356850368,5050.352712552195,2536.4725311069515,7586.825243659146,30857.709158014295,13374.595902585846,5050.352712552195,2536.4725311069515,7586.8252436591465,30857.709158014295,13374.595902585846,5050.352712552195,2536.4725311069515,51819.130304259284,7.275957614183426e-12,0.5954887505218885,0.25810151239621476,0.09746116314377973,0.04894857393811693,0.0003081422984922977,-0.0003081422984924087,0.0,0.0,1.8990335224030098e-07,8.496172791765561,1.0601469577062015,0.10144499999999985,0.10144500000000004,0.050024999999999965,2621.7242896453604,2779.413029611981,1356.7858813378193,512.3330309248576,126.88703836862516,3246.5340189132203,1600.3285589862967,512.3330309248576,126.88703836862516,4775.418980243284,5486.082647193,-710.6636669497166,forecast_scenario_comparison.parquet; mbu26_official_annual.csv,data/current_revenue_outlook/revenue_chart_rows.csv:current_comparison_1:2032Q3; data/current_revenue_outlook/revenue_chart_rows.csv:current_comparison_1:2032Q4; data/current_revenue_outlook/revenue_chart_rows.csv:current_comparison_1:2033Q1; data/current_revenue_outlook/revenue_chart_rows.csv:current_comparison_1:2033Q2; data/current_revenue_outlook/revenue_chart_rows.csv:current_comparison_1:2032Q3; data/current_revenue_outlook/revenue_chart_rows.csv:current_comparison_1:2032Q4; data/current_revenue_outlook/revenue_chart_rows.csv:current_comparison_1:2033Q1; data/current_revenue_outlook/revenue_chart_rows.csv:current_comparison_1:2033Q2; AI16; AI10; AI12; AI14; scenario_inputs/scenario_input_wide.parquet:PED:population (2032Q3; 2032Q4; 2033Q1; 2033Q2),U_t=current PED-derived light petrol activity + current finalist total Light RUC; target components=U_t*MBU26 light-mobility proportions; lambda allocates EV/PHEV migration between PED and Light RUC. PED light-petrol activity uses population_source=scenario_input_population.,available,available,False,EV/PHEV uptake is allocated between PED/light-petrol and total Light RUC to match MBU proportions; it is not a new model.
2033,FY2033,Current finalist High population/comparison,current_comparison_1,comparison,fixed_light_only,1.0,0.3143302233496919,0.0,1.0,lambda_upper_bound,25.0,36043.79826240115,15775.332041858139,51819.13030425929,31744.9327751708,13782.7022644857,5198.25079890367,2610.75237942357,53336.63821798374,0.5951806082233962,0.25840965469470717,0.09746116314377973,0.04894857393811693,0.14640973708189664,30841.74149209647,13390.56356850368,5050.352712552195,2536.4725311069515,7586.825243659146,36043.79826240115,8188.506798198993,5050.352712552195,2536.4725311069515,7586.8252436591465,36043.79826240115,8188.506798198993,5050.352712552195,2536.4725311069515,51819.130304259284,7.275957614183426e-12,0.6955693399477705,0.15802092297033277,0.09746116314377973,0.04894857393811693,0.10038873172437424,-0.1003887317243744,0.0,0.0,0.0201557949144568,8.496172791765561,1.0601469577062015,0.10144499999999985,0.10144500000000004,0.050024999999999965,3062.3433810889946,3246.5340189132203,830.6830721432957,512.3330309248576,126.88703836862516,3246.5340189132203,1600.3285589862967,512.3330309248576,126.88703836862516,4716.4371603499985,5486.082647193,-769.6454868430019,forecast_scenario_comparison.parquet; mbu26_official_annual.csv,data/current_revenue_outlook/revenue_chart_rows.csv:current_comparison_1:2032Q3; data/current_revenue_outlook/revenue_chart_rows.csv:current_comparison_1:2032Q4; data/current_revenue_outlook/revenue_chart_rows.csv:current_comparison_1:2033Q1; data/current_revenue_outlook/revenue_chart_rows.csv:current_comparison_1:2033Q2; data/current_revenue_outlook/revenue_chart_rows.csv:current_comparison_1:2032Q3; data/current_revenue_outlook/revenue_chart_rows.csv:current_comparison_1:2032Q4; data/current_revenue_outlook/revenue_chart_rows.csv:current_comparison_1:2033Q1; data/current_revenue_outlook/revenue_chart_rows.csv:current_comparison_1:2033Q2; AI16; AI10; AI12; AI14; scenario_inputs/scenario_input_wide.parquet:PED:population (2032Q3; 2032Q4; 2033Q1; 2033Q2),U_t=current PED-derived light petrol activity + current finalist total Light RUC; target components=U_t*MBU26 light-mobility proportions; lambda allocates EV/PHEV migration between PED and Light RUC. PED light-petrol activity uses population_source=scenario_input_population.,available,available,False,EV/PHEV uptake is allocated between PED/light-petrol and total Light RUC to match MBU proportions; it is not a new model.
2033,FY2033,Current finalist High population/comparison,current_comparison_1,comparison,fixed_ped_only,0.0,0.3143302233496919,0.0,1.0,lambda_lower_bound,25.0,36043.79826240115,15775.332041858139,51819.13030425929,31744.9327751708,13782.7022644857,5198.25079890367,2610.75237942357,53336.63821798374,0.5951806082233962,0.25840965469470717,0.09746116314377973,0.04894857393811693,0.14640973708189664,30841.74149209647,13390.56356850368,5050.352712552195,2536.4725311069515,7586.825243659146,28456.973018742003,15775.332041858139,5050.352712552195,2536.4725311069515,7586.8252436591465,28456.973018742003,15775.332041858139,5050.352712552195,2536.4725311069515,51819.130304259284,7.275957614183426e-12,0.5491596028658738,0.3044306600522294,0.09746116314377973,0.04894857393811693,-0.046021005357522404,0.04602100535752224,0.0,0.0,0.0042358658682341965,8.496172791765561,1.0601469577062015,0.10144499999999985,0.10144500000000004,0.050024999999999965,2417.7535989784246,2563.1741224401962,1600.3285589862967,512.3330309248576,126.88703836862516,3246.5340189132203,1600.3285589862967,512.3330309248576,126.88703836862516,4802.722750719976,5486.082647193,-683.3598964730245,forecast_scenario_comparison.parquet; mbu26_official_annual.csv,data/current_revenue_outlook/revenue_chart_rows.csv:current_comparison_1:2032Q3; data/current_revenue_outlook/revenue_chart_rows.csv:current_comparison_1:2032Q4; data/current_revenue_outlook/revenue_chart_rows.csv:current_comparison_1:2033Q1; data/current_revenue_outlook/revenue_chart_rows.csv:current_comparison_1:2033Q2; data/current_revenue_outlook/revenue_chart_rows.csv:current_comparison_1:2032Q3; data/current_revenue_outlook/revenue_chart_rows.csv:current_comparison_1:2032Q4; data/current_revenue_outlook/revenue_chart_rows.csv:current_comparison_1:2033Q1; data/current_revenue_outlook/revenue_chart_rows.csv:current_comparison_1:2033Q2; AI16; AI10; AI12; AI14; scenario_inputs/scenario_input_wide.parquet:PED:population (2032Q3; 2032Q4; 2033Q1; 2033Q2),U_t=current PED-derived light petrol activity + current finalist total Light RUC; target components=U_t*MBU26 light-mobility proportions; lambda allocates EV/PHEV migration between PED and Light RUC. PED light-petrol activity uses population_source=scenario_input_population.,available,available,False,EV/PHEV uptake is allocated between PED/light-petrol and total Light RUC to match MBU proportions; it is not a new model.
2033,FY2033,Current finalist High population/comparison,current_comparison_1,comparison,mbu_ratio,0.302732664512013,0.3143302233496919,0.0,1.0,,25.0,36043.79826240115,15775.332041858139,51819.13030425929,31744.9327751708,13782.7022644857,5198.25079890367,2610.75237942357,53336.63821798374,0.5951806082233962,0.25840965469470717,0.09746116314377973,0.04894857393811693,0.14640973708189664,30841.74149209647,13390.56356850368,5050.352712552195,2536.4725311069515,7586.825243659146,30753.75283994194,13478.552220658203,5050.352712552195,2536.4725311069515,7586.8252436591465,30753.75283994194,13478.552220658203,5050.352712552195,2536.4725311069515,51819.130304259284,7.275957614183426e-12,0.5934826126831797,0.26010765023492355,0.09746116314377973,0.04894857393811693,-0.0016979955402165459,0.0016979955402163793,0.0,0.0,5.766377709189994e-06,8.496172791765561,1.0601469577062015,0.10144499999999985,0.10144500000000004,0.050024999999999965,2612.8919812339755,2770.0494847201285,1367.3317300246695,512.3330309248576,126.88703836862516,3246.5340189132203,1600.3285589862967,512.3330309248576,126.88703836862516,4776.601284038281,5486.082647193,-709.4813631547195,forecast_scenario_comparison.parquet; mbu26_official_annual.csv,data/current_revenue_outlook/revenue_chart_rows.csv:current_comparison_1:2032Q3; data/current_revenue_outlook/revenue_chart_rows.csv:current_comparison_1:2032Q4; data/current_revenue_outlook/revenue_chart_rows.csv:current_comparison_1:2033Q1; data/current_revenue_outlook/revenue_chart_rows.csv:current_comparison_1:2033Q2; data/current_revenue_outlook/revenue_chart_rows.csv:current_comparison_1:2032Q3; data/current_revenue_outlook/revenue_chart_rows.csv:current_comparison_1:2032Q4; data/current_revenue_outlook/revenue_chart_rows.csv:current_comparison_1:2033Q1; data/current_revenue_outlook/revenue_chart_rows.csv:current_comparison_1:2033Q2; AI16; AI10; AI12; AI14; scenario_inputs/scenario_input_wide.parquet:PED:population (2032Q3; 2032Q4; 2033Q1; 2033Q2),U_t=current PED-derived light petrol activity + current finalist total Light RUC; target components=U_t*MBU26 light-mobility proportions; lambda allocates EV/PHEV migration between PED and Light RUC. PED light-petrol activity uses population_source=scenario_input_population.,available,available,False,EV/PHEV uptake is allocated between PED/light-petrol and total Light RUC to match MBU proportions; it is not a new model.
2034,FY2034,Current finalist High population/comparison,current_comparison_1,comparison,optimized,0.326205312169106,0.3381659332859659,0.0,1.0,,25.0,36469.62165832143,16249.91222062451,52719.533878945935,31150.8714407203,13486.5281007032,6169.96962436653,2923.8213822621,53731.19054805214,0.5797539775870383,0.2509999864723287,0.11483031664538845,0.05441571929524451,0.16924603594063298,30564.35946285353,13232.602290442903,6053.8007687166455,2868.771356932855,8922.572125649502,30457.63995827078,13339.321795025651,6053.8007687166455,2868.771356932855,8922.5721256495,30457.63995827078,13339.321795025651,6053.8007687166455,2868.771356932855,52719.533878945935,0.0,0.577729689875622,0.253024274183745,0.11483031664538845,0.05441571929524451,-0.0020242877114162727,0.0020242877114163282,0.0,0.0,8.195481477182087e-06,8.409038557513078,1.1001419629388474,0.10527500000000004,0.10527499999999991,0.051915000000000024,2561.1946877995,2817.6777513042903,1404.297101971326,637.3138759266443,148.93226499516922,3373.8543657987184,1710.7095090262458,637.3138759266443,148.93226499516922,5008.22099419743,5870.810015746777,-862.5890215493473,forecast_scenario_comparison.parquet; mbu26_official_annual.csv,data/current_revenue_outlook/revenue_chart_rows.csv:current_comparison_1:2033Q3; data/current_revenue_outlook/revenue_chart_rows.csv:current_comparison_1:2033Q4; data/current_revenue_outlook/revenue_chart_rows.csv:current_comparison_1:2034Q1; data/current_revenue_outlook/revenue_chart_rows.csv:current_comparison_1:2034Q2; data/current_revenue_outlook/revenue_chart_rows.csv:current_comparison_1:2033Q3; data/current_revenue_outlook/revenue_chart_rows.csv:current_comparison_1:2033Q4; data/current_revenue_outlook/revenue_chart_rows.csv:current_comparison_1:2034Q1; data/current_revenue_outlook/revenue_chart_rows.csv:current_comparison_1:2034Q2; AJ16; AJ10; AJ12; AJ14; scenario_inputs/scenario_input_wide.parquet:PED:population (2033Q3; 2033Q4; 2034Q1; 2034Q2),U_t=current PED-derived light petrol activity + current finalist total Light RUC; target components=U_t*MBU26 light-mobility proportions; lambda allocates EV/PHEV migration between PED and Light RUC. PED light-petrol activity uses population_source=scenario_input_population.,available,available,False,EV/PHEV uptake is allocated between PED/light-petrol and total Light RUC to match MBU proportions; it is not a new model.
2034,FY2034,Current finalist High population/comparison,current_comparison_1,comparison,fixed_light_only,1.0,0.3381659332859659,0.0,1.0,lambda_upper_bound,25.0,36469.62165832143,16249.91222062451,52719.533878945935,31150.8714407203,13486.5281007032,6169.96962436653,2923.8213822621,53731.19054805214,0.5797539775870383,0.2509999864723287,0.11483031664538845,0.05441571929524451,0.16924603594063298,30564.35946285353,13232.602290442903,6053.8007687166455,2868.771356932855,8922.572125649502,36469.62165832143,7327.3400949750085,6053.8007687166455,2868.771356932855,8922.5721256495,36469.62165832143,7327.3400949750085,6053.8007687166455,2868.771356932855,52719.533878945935,0.0,0.6917667698288571,0.13898719423050995,0.11483031664538845,0.05441571929524451,0.11201279224181881,-0.11201279224181873,0.0,0.0,0.025093731251617714,8.409038557513078,1.1001419629388474,0.10527500000000004,0.10527499999999991,0.051915000000000024,3066.744547027389,3373.8543657987184,771.3857284984942,637.3138759266443,148.93226499516922,3373.8543657987184,1710.7095090262458,637.3138759266443,148.93226499516922,4931.486235219026,5870.810015746777,-939.3237805277513,forecast_scenario_comparison.parquet; mbu26_official_annual.csv,data/current_revenue_outlook/revenue_chart_rows.csv:current_comparison_1:2033Q3; data/current_revenue_outlook/revenue_chart_rows.csv:current_comparison_1:2033Q4; data/current_revenue_outlook/revenue_chart_rows.csv:current_comparison_1:2034Q1; data/current_revenue_outlook/revenue_chart_rows.csv:current_comparison_1:2034Q2; data/current_revenue_outlook/revenue_chart_rows.csv:current_comparison_1:2033Q3; data/current_revenue_outlook/revenue_chart_rows.csv:current_comparison_1:2033Q4; data/current_revenue_outlook/revenue_chart_rows.csv:current_comparison_1:2034Q1; data/current_revenue_outlook/revenue_chart_rows.csv:current_comparison_1:2034Q2; AJ16; AJ10; AJ12; AJ14; scenario_inputs/scenario_input_wide.parquet:PED:population (2033Q3; 2033Q4; 2034Q1; 2034Q2),U_t=current PED-derived light petrol activity + current finalist total Light RUC; target components=U_t*MBU26 light-mobility proportions; lambda allocates EV/PHEV migration between PED and Light RUC. PED light-petrol activity uses population_source=scenario_input_population.,available,available,False,EV/PHEV uptake is allocated between PED/light-petrol and total Light RUC to match MBU proportions; it is not a new model.
2034,FY2034,Current finalist High population/comparison,current_comparison_1,comparison,fixed_ped_only,0.0,0.3381659332859659,0.0,1.0,lambda_lower_bound,25.0,36469.62165832143,16249.91222062451,52719.533878945935,31150.8714407203,13486.5281007032,6169.96962436653,2923.8213822621,53731.19054805214,0.5797539775870383,0.2509999864723287,0.11483031664538845,0.05441571929524451,0.16924603594063298,30564.35946285353,13232.602290442903,6053.8007687166455,2868.771356932855,8922.572125649502,27547.049532671925,16249.91222062451,6053.8007687166455,2868.771356932855,8922.5721256495,27547.049532671925,16249.91222062451,6053.8007687166455,2868.771356932855,52719.533878945935,0.0,0.5225207338882242,0.30823323017114296,0.11483031664538845,0.05441571929524451,-0.05723324369881411,0.05723324369881427,0.0,0.0,0.006551288368575709,8.409038557513078,1.1001419629388474,0.10527500000000004,0.10527499999999991,0.051915000000000024,2316.4420166596083,2548.4150672419237,1710.7095090262458,637.3138759266443,148.93226499516922,3373.8543657987184,1710.7095090262458,637.3138759266443,148.93226499516922,5045.370717189982,5870.810015746777,-825.4392985567947,forecast_scenario_comparison.parquet; mbu26_official_annual.csv,data/current_revenue_outlook/revenue_chart_rows.csv:current_comparison_1:2033Q3; data/current_revenue_outlook/revenue_chart_rows.csv:current_comparison_1:2033Q4; data/current_revenue_outlook/revenue_chart_rows.csv:current_comparison_1:2034Q1; data/current_revenue_outlook/revenue_chart_rows.csv:current_comparison_1:2034Q2; data/current_revenue_outlook/revenue_chart_rows.csv:current_comparison_1:2033Q3; data/current_revenue_outlook/revenue_chart_rows.csv:current_comparison_1:2033Q4; data/current_revenue_outlook/revenue_chart_rows.csv:current_comparison_1:2034Q1; data/current_revenue_outlook/revenue_chart_rows.csv:current_comparison_1:2034Q2; AJ16; AJ10; AJ12; AJ14; scenario_inputs/scenario_input_wide.parquet:PED:population (2033Q3; 2033Q4; 2034Q1; 2034Q2),U_t=current PED-derived light petrol activity + current finalist total Light RUC; target components=U_t*MBU26 light-mobility proportions; lambda allocates EV/PHEV migration between PED and Light RUC. PED light-petrol activity uses population_source=scenario_input_population.,available,available,False,EV/PHEV uptake is allocated between PED/light-petrol and total Light RUC to match MBU proportions; it is not a new model.
2034,FY2034,Current finalist High population/comparison,current_comparison_1,comparison,mbu_ratio,0.30213516556195674,0.3381659332859659,0.0,1.0,,25.0,36469.62165832143,16249.91222062451,52719.533878945935,31150.8714407203,13486.5281007032,6169.96962436653,2923.8213822621,53731.19054805214,0.5797539775870383,0.2509999864723287,0.11483031664538845,0.05441571929524451,0.16924603594063298,30564.35946285353,13232.602290442903,6053.8007687166455,2868.771356932855,8922.572125649502,30242.872339093537,13554.089414202897,6053.8007687166455,2868.771356932855,8922.5721256495,30242.872339093537,13554.089414202897,6053.8007687166455,2868.771356932855,52719.533878945935,0.0,0.5736559129778521,0.2570980510815149,0.11483031664538845,0.05441571929524451,-0.00609806460918616,0.006098064609186216,0.0,0.0,7.43727839556182e-05,8.409038557513078,1.1001419629388474,0.10527500000000004,0.10527499999999991,0.051915000000000024,2543.134795893833,2797.8093063727265,1426.9067630802106,637.3138759266443,148.93226499516922,3373.8543657987184,1710.7095090262458,637.3138759266443,148.93226499516922,5010.962210374751,5870.810015746777,-859.8478053720264,forecast_scenario_comparison.parquet; mbu26_official_annual.csv,data/current_revenue_outlook/revenue_chart_rows.csv:current_comparison_1:2033Q3; data/current_revenue_outlook/revenue_chart_rows.csv:current_comparison_1:2033Q4; data/current_revenue_outlook/revenue_chart_rows.csv:current_comparison_1:2034Q1; data/current_revenue_outlook/revenue_chart_rows.csv:current_comparison_1:2034Q2; data/current_revenue_outlook/revenue_chart_rows.csv:current_comparison_1:2033Q3; data/current_revenue_outlook/revenue_chart_rows.csv:current_comparison_1:2033Q4; data/current_revenue_outlook/revenue_chart_rows.csv:current_comparison_1:2034Q1; data/current_revenue_outlook/revenue_chart_rows.csv:current_comparison_1:2034Q2; AJ16; AJ10; AJ12; AJ14; scenario_inputs/scenario_input_wide.parquet:PED:population (2033Q3; 2033Q4; 2034Q1; 2034Q2),U_t=current PED-derived light petrol activity + current finalist total Light RUC; target components=U_t*MBU26 light-mobility proportions; lambda allocates EV/PHEV migration between PED and Light RUC. PED light-petrol activity uses population_source=scenario_input_population.,available,available,False,EV/PHEV uptake is allocated between PED/light-petrol and total Light RUC to match MBU proportions; it is not a new model.
2035,FY2035,Current finalist High population/comparison,current_comparison_1,comparison,optimized,0.334837321759533,0.35442088253152976,0.0,1.0,,25.0,36896.77735140502,16738.775772042376,53635.5531234474,30425.364325564,13152.7808038663,7342.70646637953,3221.10020837769,54141.95180418753,0.5619554395748769,0.24293141206721364,0.13561953756184347,0.05949361079606588,0.19511314835790936,30140.790832328545,13029.760657285127,7274.028911475625,3190.9727223580953,10465.001633833721,29935.84883685332,13234.702652760356,7274.028911475625,3190.9727223580953,10465.001633833721,29935.84883685332,13234.702652760356,7274.028911475625,3190.9727223580953,53635.55312344739,7.275957614183426e-12,0.5581344293765943,0.2467524222654964,0.13561953756184347,0.05949361079606588,-0.003821010198282626,0.003821010198282765,0.0,0.0,2.920023787076073e-05,8.32192231328104,1.1400953950017312,0.10909999999999974,0.10910000000000004,0.05379999999999978,2491.238084024179,2840.249067448902,1443.9060594161513,793.596554241991,171.6743324628648,3500.687020278708,1826.2004367298189,793.596554241991,171.6743324628648,5249.42601356991,6292.158343713383,-1042.7323301434735,forecast_scenario_comparison.parquet; mbu26_official_annual.csv,data/current_revenue_outlook/revenue_chart_rows.csv:current_comparison_1:2034Q3; data/current_revenue_outlook/revenue_chart_rows.csv:current_comparison_1:2034Q4; data/current_revenue_outlook/revenue_chart_rows.csv:current_comparison_1:2035Q1; data/current_revenue_outlook/revenue_chart_rows.csv:current_comparison_1:2035Q2; data/current_revenue_outlook/revenue_chart_rows.csv:current_comparison_1:2034Q3; data/current_revenue_outlook/revenue_chart_rows.csv:current_comparison_1:2034Q4; data/current_revenue_outlook/revenue_chart_rows.csv:current_comparison_1:2035Q1; data/current_revenue_outlook/revenue_chart_rows.csv:current_comparison_1:2035Q2; AK16; AK10; AK12; AK14; scenario_inputs/scenario_input_wide.parquet:PED:population (2034Q3; 2034Q4; 2035Q1; 2035Q2),U_t=current PED-derived light petrol activity + current finalist total Light RUC; target components=U_t*MBU26 light-mobility proportions; lambda allocates EV/PHEV migration between PED and Light RUC. PED light-petrol activity uses population_source=scenario_input_population.,available,available,False,EV/PHEV uptake is allocated between PED/light-petrol and total Light RUC to match MBU proportions; it is not a new model.
2035,FY2035,Current finalist High population/comparison,current_comparison_1,comparison,fixed_light_only,1.0,0.35442088253152976,0.0,1.0,lambda_upper_bound,25.0,36896.77735140502,16738.775772042376,53635.5531234474,30425.364325564,13152.7808038663,7342.70646637953,3221.10020837769,54141.95180418753,0.5619554395748769,0.24293141206721364,0.13561953756184347,0.05949361079606588,0.19511314835790936,30140.790832328545,13029.760657285127,7274.028911475625,3190.9727223580953,10465.001633833721,36896.77735140502,6273.774138208655,7274.028911475625,3190.9727223580953,10465.001633833721,36896.77735140502,6273.774138208655,7274.028911475625,3190.9727223580953,53635.55312344739,7.275957614183426e-12,0.6879164136982708,0.11697043794381982,0.13561953756184347,0.05949361079606588,0.1259609741233939,-0.1259609741233938,0.0,0.0,0.03173233400422859,8.32192231328104,1.1400953950017312,0.10909999999999974,0.10910000000000004,0.05379999999999978,3070.5211472881992,3500.687020278708,684.4687584785627,793.596554241991,171.6743324628648,3500.687020278708,1826.2004367298189,793.596554241991,171.6743324628648,5150.426665462127,6292.158343713383,-1141.7316782512562,forecast_scenario_comparison.parquet; mbu26_official_annual.csv,data/current_revenue_outlook/revenue_chart_rows.csv:current_comparison_1:2034Q3; data/current_revenue_outlook/revenue_chart_rows.csv:current_comparison_1:2034Q4; data/current_revenue_outlook/revenue_chart_rows.csv:current_comparison_1:2035Q1; data/current_revenue_outlook/revenue_chart_rows.csv:current_comparison_1:2035Q2; data/current_revenue_outlook/revenue_chart_rows.csv:current_comparison_1:2034Q3; data/current_revenue_outlook/revenue_chart_rows.csv:current_comparison_1:2034Q4; data/current_revenue_outlook/revenue_chart_rows.csv:current_comparison_1:2035Q1; data/current_revenue_outlook/revenue_chart_rows.csv:current_comparison_1:2035Q2; AK16; AK10; AK12; AK14; scenario_inputs/scenario_input_wide.parquet:PED:population (2034Q3; 2034Q4; 2035Q1; 2035Q2),U_t=current PED-derived light petrol activity + current finalist total Light RUC; target components=U_t*MBU26 light-mobility proportions; lambda allocates EV/PHEV migration between PED and Light RUC. PED light-petrol activity uses population_source=scenario_input_population.,available,available,False,EV/PHEV uptake is allocated between PED/light-petrol and total Light RUC to match MBU proportions; it is not a new model.
2035,FY2035,Current finalist High population/comparison,current_comparison_1,comparison,fixed_ped_only,0.0,0.35442088253152976,0.0,1.0,lambda_lower_bound,25.0,36896.77735140502,16738.775772042376,53635.5531234474,30425.364325564,13152.7808038663,7342.70646637953,3221.10020837769,54141.95180418753,0.5619554395748769,0.24293141206721364,0.13561953756184347,0.05949361079606588,0.19511314835790936,30140.790832328545,13029.760657285127,7274.028911475625,3190.9727223580953,10465.001633833721,26431.775717571298,16738.775772042376,7274.028911475625,3190.9727223580953,10465.001633833721,26431.775717571298,16738.775772042376,7274.028911475625,3190.9727223580953,53635.55312344739,7.275957614183426e-12,0.4928032653403614,0.31208358630172917,0.13561953756184347,0.05949361079606588,-0.06915217423451553,0.06915217423451553,0.0,0.0,0.009564046402721587,8.32192231328104,1.1400953950017312,0.10909999999999974,0.10910000000000004,0.05379999999999978,2199.631841236965,2507.790132893443,1826.2004367298189,793.596554241991,171.6743324628648,3500.687020278708,1826.2004367298189,793.596554241991,171.6743324628648,5299.261456328118,6292.158343713383,-992.8968873852655,forecast_scenario_comparison.parquet; mbu26_official_annual.csv,data/current_revenue_outlook/revenue_chart_rows.csv:current_comparison_1:2034Q3; data/current_revenue_outlook/revenue_chart_rows.csv:current_comparison_1:2034Q4; data/current_revenue_outlook/revenue_chart_rows.csv:current_comparison_1:2035Q1; data/current_revenue_outlook/revenue_chart_rows.csv:current_comparison_1:2035Q2; data/current_revenue_outlook/revenue_chart_rows.csv:current_comparison_1:2034Q3; data/current_revenue_outlook/revenue_chart_rows.csv:current_comparison_1:2034Q4; data/current_revenue_outlook/revenue_chart_rows.csv:current_comparison_1:2035Q1; data/current_revenue_outlook/revenue_chart_rows.csv:current_comparison_1:2035Q2; AK16; AK10; AK12; AK14; scenario_inputs/scenario_input_wide.parquet:PED:population (2034Q3; 2034Q4; 2035Q1; 2035Q2),U_t=current PED-derived light petrol activity + current finalist total Light RUC; target components=U_t*MBU26 light-mobility proportions; lambda allocates EV/PHEV migration between PED and Light RUC. PED light-petrol activity uses population_source=scenario_input_population.,available,available,False,EV/PHEV uptake is allocated between PED/light-petrol and total Light RUC to match MBU proportions; it is not a new model.
2035,FY2035,Current finalist High population/comparison,current_comparison_1,comparison,mbu_ratio,0.30182057462064005,0.35442088253152976,0.0,1.0,,25.0,36896.77735140502,16738.775772042376,53635.5531234474,30425.364325564,13152.7808038663,7342.70646637953,3221.10020837769,54141.95180418753,0.5619554395748769,0.24293141206721364,0.13561953756184347,0.05949361079606588,0.19511314835790936,30140.790832328545,13029.760657285127,7274.028911475625,3190.9727223580953,10465.001633833721,29590.32852410093,13580.222965512745,7274.028911475625,3190.9727223580953,10465.001633833721,29590.32852410093,13580.222965512745,7274.028911475625,3190.9727223580953,53635.55312344739,7.275957614183426e-12,0.5516924278937878,0.25319442374830275,0.13561953756184347,0.05949361079606588,-0.010263011681089118,0.010263011681089118,0.0,0.0,0.00021065881753234338,8.32192231328104,1.1400953950017312,0.10909999999999974,0.10910000000000004,0.05379999999999978,2462.4841520203195,2807.466841983109,1481.6023255374369,793.596554241991,171.6743324628648,3500.687020278708,1826.2004367298189,793.596554241991,171.6743324628648,5254.340054225402,6292.158343713383,-1037.818289487981,forecast_scenario_comparison.parquet; mbu26_official_annual.csv,data/current_revenue_outlook/revenue_chart_rows.csv:current_comparison_1:2034Q3; data/current_revenue_outlook/revenue_chart_rows.csv:current_comparison_1:2034Q4; data/current_revenue_outlook/revenue_chart_rows.csv:current_comparison_1:2035Q1; data/current_revenue_outlook/revenue_chart_rows.csv:current_comparison_1:2035Q2; data/current_revenue_outlook/revenue_chart_rows.csv:current_comparison_1:2034Q3; data/current_revenue_outlook/revenue_chart_rows.csv:current_comparison_1:2034Q4; data/current_revenue_outlook/revenue_chart_rows.csv:current_comparison_1:2035Q1; data/current_revenue_outlook/revenue_chart_rows.csv:current_comparison_1:2035Q2; AK16; AK10; AK12; AK14; scenario_inputs/scenario_input_wide.parquet:PED:population (2034Q3; 2034Q4; 2035Q1; 2035Q2),U_t=current PED-derived light petrol activity + current finalist total Light RUC; target components=U_t*MBU26 light-mobility proportions; lambda allocates EV/PHEV migration between PED and Light RUC. PED light-petrol activity uses population_source=scenario_input_population.,available,available,False,EV/PHEV uptake is allocated between PED/light-petrol and total Light RUC to match MBU proportions; it is not a new model.
2036,FY2036,Current finalist High population/comparison,current_comparison_1,comparison,optimized,0.3421016236032312,0.3638258948693027,0.0,1.0,,25.0,37314.97266638385,17231.400890944915,54546.37355732877,29533.9616504272,12784.9358761227,8722.42544877532,3458.9885477007,54500.31152302592,0.5419044556827781,0.23458463848818867,0.1600435888350871,0.06346731699394612,0.2235109058290332,29558.92287205373,12795.741321787664,8729.797382054192,3461.9119814331852,12191.709363487378,29294.066870644223,13060.597323197166,8729.797382054192,3461.9119814331852,12191.709363487378,29294.066870644223,13060.597323197166,8729.797382054192,3461.9119814331852,54546.37355732876,7.275957614183426e-12,0.5370488441336227,0.23944025003734393,0.16004358883508707,0.06346731699394612,-0.00485561154915537,0.004855611549155259,-2.7755575615628914e-17,0.0,4.715392703258094e-05,8.234809466679051,1.1800752333146345,0.11292499999999954,0.112925,0.05568499999999986,2412.3105918391025,2846.707984491893,1474.867952722034,985.8123693684696,192.77656868610643,3626.1551221124655,1945.8559456099465,985.8123693684696,192.77656868610643,5500.164875268503,6750.600005776988,-1250.4351305084847,forecast_scenario_comparison.parquet; mbu26_official_annual.csv,data/current_revenue_outlook/revenue_chart_rows.csv:current_comparison_1:2035Q3; data/current_revenue_outlook/revenue_chart_rows.csv:current_comparison_1:2035Q4; data/current_revenue_outlook/revenue_chart_rows.csv:current_comparison_1:2036Q1; data/current_revenue_outlook/revenue_chart_rows.csv:current_comparison_1:2036Q2; data/current_revenue_outlook/revenue_chart_rows.csv:current_comparison_1:2035Q3; data/current_revenue_outlook/revenue_chart_rows.csv:current_comparison_1:2035Q4; data/current_revenue_outlook/revenue_chart_rows.csv:current_comparison_1:2036Q1; data/current_revenue_outlook/revenue_chart_rows.csv:current_comparison_1:2036Q2; AL16; AL10; AL12; AL14; scenario_inputs/scenario_input_wide.parquet:PED:population (2035Q3; 2035Q4; 2036Q1; 2036Q2),U_t=current PED-derived light petrol activity + current finalist total Light RUC; target components=U_t*MBU26 light-mobility proportions; lambda allocates EV/PHEV migration between PED and Light RUC. PED light-petrol activity uses population_source=scenario_input_population.,available,available,False,EV/PHEV uptake is allocated between PED/light-petrol and total Light RUC to match MBU proportions; it is not a new model.
2036,FY2036,Current finalist High population/comparison,current_comparison_1,comparison,fixed_light_only,1.0,0.3638258948693027,0.0,1.0,lambda_upper_bound,25.0,37314.97266638385,17231.400890944915,54546.37355732877,29533.9616504272,12784.9358761227,8722.42544877532,3458.9885477007,54500.31152302592,0.5419044556827781,0.23458463848818867,0.1600435888350871,0.06346731699394612,0.2235109058290332,29558.92287205373,12795.741321787664,8729.797382054192,3461.9119814331852,12191.709363487378,37314.97266638385,5039.691527457537,8729.797382054192,3461.9119814331852,12191.709363487378,37314.97266638385,5039.691527457537,8729.797382054192,3461.9119814331852,54546.37355732876,7.275957614183426e-12,0.6840963061855149,0.0923927879854519,0.16004358883508707,0.06346731699394612,0.14219185050273675,-0.14219185050273675,-2.7755575615628914e-17,0.0,0.04043704469878527,8.234809466679051,1.1800752333146345,0.11292499999999954,0.112925,0.05568499999999986,3072.8169016200777,3626.1551221124655,569.10716573814,985.8123693684696,192.77656868610643,3626.1551221124655,1945.8559456099465,985.8123693684696,192.77656868610643,5373.851225905181,6750.600005776988,-1376.7487798718066,forecast_scenario_comparison.parquet; mbu26_official_annual.csv,data/current_revenue_outlook/revenue_chart_rows.csv:current_comparison_1:2035Q3; data/current_revenue_outlook/revenue_chart_rows.csv:current_comparison_1:2035Q4; data/current_revenue_outlook/revenue_chart_rows.csv:current_comparison_1:2036Q1; data/current_revenue_outlook/revenue_chart_rows.csv:current_comparison_1:2036Q2; data/current_revenue_outlook/revenue_chart_rows.csv:current_comparison_1:2035Q3; data/current_revenue_outlook/revenue_chart_rows.csv:current_comparison_1:2035Q4; data/current_revenue_outlook/revenue_chart_rows.csv:current_comparison_1:2036Q1; data/current_revenue_outlook/revenue_chart_rows.csv:current_comparison_1:2036Q2; AL16; AL10; AL12; AL14; scenario_inputs/scenario_input_wide.parquet:PED:population (2035Q3; 2035Q4; 2036Q1; 2036Q2),U_t=current PED-derived light petrol activity + current finalist total Light RUC; target components=U_t*MBU26 light-mobility proportions; lambda allocates EV/PHEV migration between PED and Light RUC. PED light-petrol activity uses population_source=scenario_input_population.,available,available,False,EV/PHEV uptake is allocated between PED/light-petrol and total Light RUC to match MBU proportions; it is not a new model.
2036,FY2036,Current finalist High population/comparison,current_comparison_1,comparison,fixed_ped_only,0.0,0.3638258948693027,0.0,1.0,lambda_lower_bound,25.0,37314.97266638385,17231.400890944915,54546.37355732877,29533.9616504272,12784.9358761227,8722.42544877532,3458.9885477007,54500.31152302592,0.5419044556827781,0.23458463848818867,0.1600435888350871,0.06346731699394612,0.2235109058290332,29558.92287205373,12795.741321787664,8729.797382054192,3461.9119814331852,12191.709363487378,25123.263302896474,17231.400890944915,8729.797382054192,3461.9119814331852,12191.709363487378,25123.263302896474,17231.400890944915,8729.797382054192,3461.9119814331852,54546.37355732876,7.275957614183426e-12,0.4605854003564816,0.31590369381448513,0.16004358883508707,0.06346731699394612,-0.08131905532629652,0.08131905532629646,-2.7755575615628914e-17,0.0,0.01322557751832254,8.234809466679051,1.1800752333146345,0.11292499999999954,0.112925,0.05568499999999986,2068.852864805623,2441.4020271291456,1945.8559456099465,985.8123693684696,192.77656868610643,3626.1551221124655,1945.8559456099465,985.8123693684696,192.77656868610643,5565.846910793668,6750.600005776988,-1184.75309498332,forecast_scenario_comparison.parquet; mbu26_official_annual.csv,data/current_revenue_outlook/revenue_chart_rows.csv:current_comparison_1:2035Q3; data/current_revenue_outlook/revenue_chart_rows.csv:current_comparison_1:2035Q4; data/current_revenue_outlook/revenue_chart_rows.csv:current_comparison_1:2036Q1; data/current_revenue_outlook/revenue_chart_rows.csv:current_comparison_1:2036Q2; data/current_revenue_outlook/revenue_chart_rows.csv:current_comparison_1:2035Q3; data/current_revenue_outlook/revenue_chart_rows.csv:current_comparison_1:2035Q4; data/current_revenue_outlook/revenue_chart_rows.csv:current_comparison_1:2036Q1; data/current_revenue_outlook/revenue_chart_rows.csv:current_comparison_1:2036Q2; AL16; AL10; AL12; AL14; scenario_inputs/scenario_input_wide.parquet:PED:population (2035Q3; 2035Q4; 2036Q1; 2036Q2),U_t=current PED-derived light petrol activity + current finalist total Light RUC; target components=U_t*MBU26 light-mobility proportions; lambda allocates EV/PHEV migration between PED and Light RUC. PED light-petrol activity uses population_source=scenario_input_population.,available,available,False,EV/PHEV uptake is allocated between PED/light-petrol and total Light RUC to match MBU proportions; it is not a new model.
2036,FY2036,Current finalist High population/comparison,current_comparison_1,comparison,mbu_ratio,0.30210937957685985,0.3638258948693027,0.0,1.0,,25.0,37314.97266638385,17231.400890944915,54546.37355732877,29533.9616504272,12784.9358761227,8722.42544877532,3458.9885477007,54500.31152302592,0.5419044556827781,0.23458463848818867,0.1600435888350871,0.06346731699394612,0.2235109058290332,29558.92287205373,12795.741321787664,8729.797382054192,3461.9119814331852,12191.709363487378,28806.49305468104,13548.17113916035,8729.797382054192,3461.9119814331852,12191.709363487378,28806.49305468104,13548.17113916035,8729.797382054192,3461.9119814331852,54546.37355732876,7.275957614183426e-12,0.5281101414451528,0.24837895272581392,0.16004358883508707,0.06346731699394612,-0.013794314237625338,0.013794314237625255,-2.7755575615628914e-17,0.0,0.00038056621057270396,8.234809466679051,1.1800752333146345,0.11292499999999954,0.112925,0.05568499999999986,2372.1598170851175,2799.3270496063205,1529.9272258896763,985.8123693684696,192.77656868610643,3626.1551221124655,1945.8559456099465,985.8123693684696,192.77656868610643,5507.843213550573,6750.600005776988,-1242.7567922264152,forecast_scenario_comparison.parquet; mbu26_official_annual.csv,data/current_revenue_outlook/revenue_chart_rows.csv:current_comparison_1:2035Q3; data/current_revenue_outlook/revenue_chart_rows.csv:current_comparison_1:2035Q4; data/current_revenue_outlook/revenue_chart_rows.csv:current_comparison_1:2036Q1; data/current_revenue_outlook/revenue_chart_rows.csv:current_comparison_1:2036Q2; data/current_revenue_outlook/revenue_chart_rows.csv:current_comparison_1:2035Q3; data/current_revenue_outlook/revenue_chart_rows.csv:current_comparison_1:2035Q4; data/current_revenue_outlook/revenue_chart_rows.csv:current_comparison_1:2036Q1; data/current_revenue_outlook/revenue_chart_rows.csv:current_comparison_1:2036Q2; AL16; AL10; AL12; AL14; scenario_inputs/scenario_input_wide.parquet:PED:population (2035Q3; 2035Q4; 2036Q1; 2036Q2),U_t=current PED-derived light petrol activity + current finalist total Light RUC; target components=U_t*MBU26 light-mobility proportions; lambda allocates EV/PHEV migration between PED and Light RUC. PED light-petrol activity uses population_source=scenario_input_population.,available,available,False,EV/PHEV uptake is allocated between PED/light-petrol and total Light RUC to match MBU proportions; it is not a new model.
2037,FY2037,Current finalist High population/comparison,current_comparison_1,comparison,optimized,0.3478285743755947,0.3671323569727344,0.0,1.0,,25.0,37736.293129576574,17694.345680676237,55430.638810252814,28482.9245882982,12371.4019487283,10347.7667235734,3633.92319725474,54836.01645785464,0.5194200167729058,0.2256072331263632,0.18870383722213652,0.06626891287859445,0.25497275010073095,28791.7833405544,12505.553052407942,10459.97424316899,3673.32817412148,14133.30241729047,28518.957143311396,12778.379249650945,10459.97424316899,3673.32817412148,14133.30241729047,28518.957143311396,12778.379249650945,10459.97424316899,3673.32817412148,55430.638810252814,0.0,0.5144980782367664,0.2305291716625025,0.18870383722213652,0.06626891287859445,-0.004921938536139425,0.004921938536139314,0.0,0.0,4.845095790706752e-05,8.147703681892619,1.2200384688112886,0.11675500000000058,0.11675499999999976,0.0575750000000001,2323.640121202961,2834.9303355409374,1491.9396692930036,1221.254292761193,211.4918696250446,3751.1807183661986,2065.9033299473645,1221.254292761193,211.4918696250446,5759.616167220179,7249.830210699801,-1490.214043479622,forecast_scenario_comparison.parquet; mbu26_official_annual.csv,data/current_revenue_outlook/revenue_chart_rows.csv:current_comparison_1:2036Q3; data/current_revenue_outlook/revenue_chart_rows.csv:current_comparison_1:2036Q4; data/current_revenue_outlook/revenue_chart_rows.csv:current_comparison_1:2037Q1; data/current_revenue_outlook/revenue_chart_rows.csv:current_comparison_1:2037Q2; data/current_revenue_outlook/revenue_chart_rows.csv:current_comparison_1:2036Q3; data/current_revenue_outlook/revenue_chart_rows.csv:current_comparison_1:2036Q4; data/current_revenue_outlook/revenue_chart_rows.csv:current_comparison_1:2037Q1; data/current_revenue_outlook/revenue_chart_rows.csv:current_comparison_1:2037Q2; AM16; AM10; AM12; AM14; scenario_inputs/scenario_input_wide.parquet:PED:population (2036Q3; 2036Q4; 2037Q1; 2037Q2),U_t=current PED-derived light petrol activity + current finalist total Light RUC; target components=U_t*MBU26 light-mobility proportions; lambda allocates EV/PHEV migration between PED and Light RUC. PED light-petrol activity uses population_source=scenario_input_population.,available,available,False,EV/PHEV uptake is allocated between PED/light-petrol and total Light RUC to match MBU proportions; it is not a new model.
2037,FY2037,Current finalist High population/comparison,current_comparison_1,comparison,fixed_light_only,1.0,0.3671323569727344,0.0,1.0,lambda_upper_bound,25.0,37736.293129576574,17694.345680676237,55430.638810252814,28482.9245882982,12371.4019487283,10347.7667235734,3633.92319725474,54836.01645785464,0.5194200167729058,0.2256072331263632,0.18870383722213652,0.06626891287859445,0.25497275010073095,28791.7833405544,12505.553052407942,10459.97424316899,3673.32817412148,14133.30241729047,37736.293129576574,3561.043263385767,10459.97424316899,3673.32817412148,14133.30241729047,37736.293129576574,3561.043263385767,10459.97424316899,3673.32817412148,55430.638810252814,0.0,0.6807840201653353,0.0642432297339336,0.18870383722213652,0.06626891287859445,0.1613640033924295,-0.1613640033924296,0.0,0.0,0.05207668318166403,8.147703681892619,1.2200384688112886,0.11675500000000058,0.11675499999999976,0.0575750000000001,3074.6413447283016,3751.1807183661986,415.7696062166073,1221.254292761193,211.4918696250446,3751.1807183661986,2065.9033299473645,1221.254292761193,211.4918696250446,5599.696486969043,7249.830210699801,-1650.133723730758,forecast_scenario_comparison.parquet; mbu26_official_annual.csv,data/current_revenue_outlook/revenue_chart_rows.csv:current_comparison_1:2036Q3; data/current_revenue_outlook/revenue_chart_rows.csv:current_comparison_1:2036Q4; data/current_revenue_outlook/revenue_chart_rows.csv:current_comparison_1:2037Q1; data/current_revenue_outlook/revenue_chart_rows.csv:current_comparison_1:2037Q2; data/current_revenue_outlook/revenue_chart_rows.csv:current_comparison_1:2036Q3; data/current_revenue_outlook/revenue_chart_rows.csv:current_comparison_1:2036Q4; data/current_revenue_outlook/revenue_chart_rows.csv:current_comparison_1:2037Q1; data/current_revenue_outlook/revenue_chart_rows.csv:current_comparison_1:2037Q2; AM16; AM10; AM12; AM14; scenario_inputs/scenario_input_wide.parquet:PED:population (2036Q3; 2036Q4; 2037Q1; 2037Q2),U_t=current PED-derived light petrol activity + current finalist total Light RUC; target components=U_t*MBU26 light-mobility proportions; lambda allocates EV/PHEV migration between PED and Light RUC. PED light-petrol activity uses population_source=scenario_input_population.,available,available,False,EV/PHEV uptake is allocated between PED/light-petrol and total Light RUC to match MBU proportions; it is not a new model.
2037,FY2037,Current finalist High population/comparison,current_comparison_1,comparison,fixed_ped_only,0.0,0.3671323569727344,0.0,1.0,lambda_lower_bound,25.0,37736.293129576574,17694.345680676237,55430.638810252814,28482.9245882982,12371.4019487283,10347.7667235734,3633.92319725474,54836.01645785464,0.5194200167729058,0.2256072331263632,0.18870383722213652,0.06626891287859445,0.25497275010073095,28791.7833405544,12505.553052407942,10459.97424316899,3673.32817412148,14133.30241729047,23602.990712286104,17694.345680676237,10459.97424316899,3673.32817412148,14133.30241729047,23602.990712286104,17694.345680676237,10459.97424316899,3673.32817412148,55430.638810252814,0.0,0.4258112700646044,0.31921597983466454,0.18870383722213652,0.06626891287859445,-0.09360874670830144,0.09360874670830135,0.0,0.0,0.017525194920597856,8.147703681892619,1.2200384688112886,0.11675500000000058,0.11675499999999976,0.0575750000000001,1923.1017433017075,2346.258106266135,2065.9033299473645,1221.254292761193,211.4918696250446,3751.1807183661986,2065.9033299473645,1221.254292761193,211.4918696250446,5844.907598599737,7249.830210699801,-1404.9226121000638,forecast_scenario_comparison.parquet; mbu26_official_annual.csv,data/current_revenue_outlook/revenue_chart_rows.csv:current_comparison_1:2036Q3; data/current_revenue_outlook/revenue_chart_rows.csv:current_comparison_1:2036Q4; data/current_revenue_outlook/revenue_chart_rows.csv:current_comparison_1:2037Q1; data/current_revenue_outlook/revenue_chart_rows.csv:current_comparison_1:2037Q2; data/current_revenue_outlook/revenue_chart_rows.csv:current_comparison_1:2036Q3; data/current_revenue_outlook/revenue_chart_rows.csv:current_comparison_1:2036Q4; data/current_revenue_outlook/revenue_chart_rows.csv:current_comparison_1:2037Q1; data/current_revenue_outlook/revenue_chart_rows.csv:current_comparison_1:2037Q2; AM16; AM10; AM12; AM14; scenario_inputs/scenario_input_wide.parquet:PED:population (2036Q3; 2036Q4; 2037Q1; 2037Q2),U_t=current PED-derived light petrol activity + current finalist total Light RUC; target components=U_t*MBU26 light-mobility proportions; lambda allocates EV/PHEV migration between PED and Light RUC. PED light-petrol activity uses population_source=scenario_input_population.,available,available,False,EV/PHEV uptake is allocated between PED/light-petrol and total Light RUC to match MBU proportions; it is not a new model.
2037,FY2037,Current finalist High population/comparison,current_comparison_1,comparison,mbu_ratio,0.30281742467388445,0.3671323569727344,0.0,1.0,,25.0,37736.293129576574,17694.345680676237,55430.638810252814,28482.9245882982,12371.4019487283,10347.7667235734,3633.92319725474,54836.01645785464,0.5194200167729058,0.2256072331263632,0.18870383722213652,0.06626891287859445,0.25497275010073095,28791.7833405544,12505.553052407942,10459.97424316899,3673.32817412148,14133.30241729047,27882.80095242719,13414.53544053515,10459.97424316899,3673.32817412148,14133.30241729047,27882.80095242719,13414.53544053515,10459.97424316899,3673.32817412148,55430.638810252814,0.0,0.5030214616121257,0.24200578828714328,0.18870383722213652,0.06626891287859445,-0.01639855516078015,0.016398555160780093,0.0,0.0,0.0005378252227222966,8.147703681892619,1.2200384688112886,0.11675500000000058,0.11675499999999976,0.0575750000000001,2271.8079998157004,2771.6931535283834,1566.2140853596893,1221.254292761193,211.4918696250446,3751.1807183661986,2065.9033299473645,1221.254292761193,211.4918696250446,5770.6534012743095,7249.830210699801,-1479.1768094254912,forecast_scenario_comparison.parquet; mbu26_official_annual.csv,data/current_revenue_outlook/revenue_chart_rows.csv:current_comparison_1:2036Q3; data/current_revenue_outlook/revenue_chart_rows.csv:current_comparison_1:2036Q4; data/current_revenue_outlook/revenue_chart_rows.csv:current_comparison_1:2037Q1; data/current_revenue_outlook/revenue_chart_rows.csv:current_comparison_1:2037Q2; data/current_revenue_outlook/revenue_chart_rows.csv:current_comparison_1:2036Q3; data/current_revenue_outlook/revenue_chart_rows.csv:current_comparison_1:2036Q4; data/current_revenue_outlook/revenue_chart_rows.csv:current_comparison_1:2037Q1; data/current_revenue_outlook/revenue_chart_rows.csv:current_comparison_1:2037Q2; AM16; AM10; AM12; AM14; scenario_inputs/scenario_input_wide.parquet:PED:population (2036Q3; 2036Q4; 2037Q1; 2037Q2),U_t=current PED-derived light petrol activity + current finalist total Light RUC; target components=U_t*MBU26 light-mobility proportions; lambda allocates EV/PHEV migration between PED and Light RUC. PED light-petrol activity uses population_source=scenario_input_population.,available,available,False,EV/PHEV uptake is allocated between PED/light-petrol and total Light RUC to match MBU proportions; it is not a new model.
2038,FY2038,Current finalist High population/comparison,current_comparison_1,comparison,optimized,0.3519353533091899,0.3680692462474783,0.0,1.0,,25.0,38162.06874012946,18166.141081047106,56328.20982117657,27247.3604877293,11896.5686763478,12209.6897667792,3757.99931032245,55111.618241178745,0.49440320130847465,0.21586317107013972,0.2215447514777613,0.06818887614362443,0.2897336276213857,27848.84725956516,12159.185992703362,12479.219246019755,3840.957322888298,16320.176568908053,27585.539278068427,12422.493974200088,12479.219246019755,3840.957322888298,16320.176568908053,27585.539278068427,12422.493974200088,12479.219246019755,3840.957322888298,56328.20982117657,0.0,0.4897286699798092,0.22053770239880507,0.22154475147776126,0.06818887614362443,-0.0046745313286654655,0.0046745313286653545,-2.7755575615628914e-17,0.0,4.3702486285348804e-05,8.060605193348296,1.26001103375754,0.12058500000000004,0.12058500000000001,0.05946499999999987,2223.5614116611177,2801.7119129305,1497.966435878918,1504.8066527812923,228.40252720555216,3875.9119962645864,2190.564122258066,1504.8066527812923,228.40252720555216,6032.887528796263,7799.685298509497,-1766.7977697132346,forecast_scenario_comparison.parquet; mbu26_official_annual.csv,data/current_revenue_outlook/revenue_chart_rows.csv:current_comparison_1:2037Q3; data/current_revenue_outlook/revenue_chart_rows.csv:current_comparison_1:2037Q4; data/current_revenue_outlook/revenue_chart_rows.csv:current_comparison_1:2038Q1; data/current_revenue_outlook/revenue_chart_rows.csv:current_comparison_1:2038Q2; data/current_revenue_outlook/revenue_chart_rows.csv:current_comparison_1:2037Q3; data/current_revenue_outlook/revenue_chart_rows.csv:current_comparison_1:2037Q4; data/current_revenue_outlook/revenue_chart_rows.csv:current_comparison_1:2038Q1; data/current_revenue_outlook/revenue_chart_rows.csv:current_comparison_1:2038Q2; AN16; AN10; AN12; AN14; scenario_inputs/scenario_input_wide.parquet:PED:population (2037Q3; 2037Q4; 2038Q1; 2038Q2),U_t=current PED-derived light petrol activity + current finalist total Light RUC; target components=U_t*MBU26 light-mobility proportions; lambda allocates EV/PHEV migration between PED and Light RUC. PED light-petrol activity uses population_source=scenario_input_population.,available,available,False,EV/PHEV uptake is allocated between PED/light-petrol and total Light RUC to match MBU proportions; it is not a new model.
2038,FY2038,Current finalist High population/comparison,current_comparison_1,comparison,fixed_light_only,1.0,0.3680692462474783,0.0,1.0,lambda_upper_bound,25.0,38162.06874012946,18166.141081047106,56328.20982117657,27247.3604877293,11896.5686763478,12209.6897667792,3757.99931032245,55111.618241178745,0.49440320130847465,0.21586317107013972,0.2215447514777613,0.06818887614362443,0.2897336276213857,27848.84725956516,12159.185992703362,12479.219246019755,3840.957322888298,16320.176568908053,38162.06874012946,1845.964512139053,12479.219246019755,3840.957322888298,16320.176568908053,38162.06874012946,1845.964512139053,12479.219246019755,3840.957322888298,56328.20982117657,0.0,0.6774947909987092,0.03277158137990502,0.22154475147776126,0.06818887614362443,0.1830915896902346,-0.1830915896902347,-2.7755575615628914e-17,0.0,0.06704506043059448,8.060605193348296,1.26001103375754,0.12058500000000004,0.12058500000000001,0.05946499999999987,3076.093694756022,3875.9119962645864,222.5956306962878,1504.8066527812923,228.40252720555216,3875.9119962645864,2190.564122258066,1504.8066527812923,228.40252720555216,5831.716806947719,7799.685298509497,-1967.9684915617781,forecast_scenario_comparison.parquet; mbu26_official_annual.csv,data/current_revenue_outlook/revenue_chart_rows.csv:current_comparison_1:2037Q3; data/current_revenue_outlook/revenue_chart_rows.csv:current_comparison_1:2037Q4; data/current_revenue_outlook/revenue_chart_rows.csv:current_comparison_1:2038Q1; data/current_revenue_outlook/revenue_chart_rows.csv:current_comparison_1:2038Q2; data/current_revenue_outlook/revenue_chart_rows.csv:current_comparison_1:2037Q3; data/current_revenue_outlook/revenue_chart_rows.csv:current_comparison_1:2037Q4; data/current_revenue_outlook/revenue_chart_rows.csv:current_comparison_1:2038Q1; data/current_revenue_outlook/revenue_chart_rows.csv:current_comparison_1:2038Q2; AN16; AN10; AN12; AN14; scenario_inputs/scenario_input_wide.parquet:PED:population (2037Q3; 2037Q4; 2038Q1; 2038Q2),U_t=current PED-derived light petrol activity + current finalist total Light RUC; target components=U_t*MBU26 light-mobility proportions; lambda allocates EV/PHEV migration between PED and Light RUC. PED light-petrol activity uses population_source=scenario_input_population.,available,available,False,EV/PHEV uptake is allocated between PED/light-petrol and total Light RUC to match MBU proportions; it is not a new model.
2038,FY2038,Current finalist High population/comparison,current_comparison_1,comparison,fixed_ped_only,0.0,0.3680692462474783,0.0,1.0,lambda_lower_bound,25.0,38162.06874012946,18166.141081047106,56328.20982117657,27247.3604877293,11896.5686763478,12209.6897667792,3757.99931032245,55111.618241178745,0.49440320130847465,0.21586317107013972,0.2215447514777613,0.06818887614362443,0.2897336276213857,27848.84725956516,12159.185992703362,12479.219246019755,3840.957322888298,16320.176568908053,21841.89217122141,18166.141081047106,12479.219246019755,3840.957322888298,16320.176568908053,21841.89217122141,18166.141081047106,12479.219246019755,3840.957322888298,56328.20982117657,0.0,0.3877611633773236,0.3225052090012907,0.22154475147776126,0.06818887614362443,-0.10664203793115107,0.10664203793115098,-2.7755575615628914e-17,0.0,0.02274504850821811,8.060605193348296,1.26001103375754,0.12058500000000004,0.12058500000000001,0.05946499999999987,1760.588694679008,2218.361181204335,2190.564122258066,1504.8066527812923,228.40252720555216,3875.9119962645864,2190.564122258066,1504.8066527812923,228.40252720555216,6142.1344834492465,7799.685298509497,-1657.550815060251,forecast_scenario_comparison.parquet; mbu26_official_annual.csv,data/current_revenue_outlook/revenue_chart_rows.csv:current_comparison_1:2037Q3; data/current_revenue_outlook/revenue_chart_rows.csv:current_comparison_1:2037Q4; data/current_revenue_outlook/revenue_chart_rows.csv:current_comparison_1:2038Q1; data/current_revenue_outlook/revenue_chart_rows.csv:current_comparison_1:2038Q2; data/current_revenue_outlook/revenue_chart_rows.csv:current_comparison_1:2037Q3; data/current_revenue_outlook/revenue_chart_rows.csv:current_comparison_1:2037Q4; data/current_revenue_outlook/revenue_chart_rows.csv:current_comparison_1:2038Q1; data/current_revenue_outlook/revenue_chart_rows.csv:current_comparison_1:2038Q2; AN16; AN10; AN12; AN14; scenario_inputs/scenario_input_wide.parquet:PED:population (2037Q3; 2037Q4; 2038Q1; 2038Q2),U_t=current PED-derived light petrol activity + current finalist total Light RUC; target components=U_t*MBU26 light-mobility proportions; lambda allocates EV/PHEV migration between PED and Light RUC. PED light-petrol activity uses population_source=scenario_input_population.,available,available,False,EV/PHEV uptake is allocated between PED/light-petrol and total Light RUC to match MBU proportions; it is not a new model.
2038,FY2038,Current finalist High population/comparison,current_comparison_1,comparison,mbu_ratio,0.30391861344531146,0.3680692462474783,0.0,1.0,,25.0,38162.06874012946,18166.141081047106,56328.20982117657,27247.3604877293,11896.5686763478,12209.6897667792,3757.99931032245,55111.618241178745,0.49440320130847465,0.21586317107013972,0.2215447514777613,0.06818887614362443,0.2897336276213857,27848.84725956516,12159.185992703362,12479.219246019755,3840.957322888298,16320.176568908053,26801.897605226608,13206.13564704191,12479.219246019755,3840.957322888298,16320.176568908053,26801.897605226608,13206.13564704191,12479.219246019755,3840.957322888298,56328.20982117657,0.0,0.47581660575249535,0.234449766626119,0.22154475147776126,0.06818887614362443,-0.0185865955559793,0.018586595555979274,-2.7755575615628914e-17,0.0,0.0006909230687230979,8.060605193348296,1.26001103375754,0.12058500000000004,0.12058500000000001,0.05946499999999987,2160.3951502827886,2722.1217266325925,1592.4618669985493,1504.8066527812923,228.40252720555216,3875.9119962645864,2190.564122258066,1504.8066527812923,228.40252720555216,6047.792773617986,7799.685298509497,-1751.8925248915111,forecast_scenario_comparison.parquet; mbu26_official_annual.csv,data/current_revenue_outlook/revenue_chart_rows.csv:current_comparison_1:2037Q3; data/current_revenue_outlook/revenue_chart_rows.csv:current_comparison_1:2037Q4; data/current_revenue_outlook/revenue_chart_rows.csv:current_comparison_1:2038Q1; data/current_revenue_outlook/revenue_chart_rows.csv:current_comparison_1:2038Q2; data/current_revenue_outlook/revenue_chart_rows.csv:current_comparison_1:2037Q3; data/current_revenue_outlook/revenue_chart_rows.csv:current_comparison_1:2037Q4; data/current_revenue_outlook/revenue_chart_rows.csv:current_comparison_1:2038Q1; data/current_revenue_outlook/revenue_chart_rows.csv:current_comparison_1:2038Q2; AN16; AN10; AN12; AN14; scenario_inputs/scenario_input_wide.parquet:PED:population (2037Q3; 2037Q4; 2038Q1; 2038Q2),U_t=current PED-derived light petrol activity + current finalist total Light RUC; target components=U_t*MBU26 light-mobility proportions; lambda allocates EV/PHEV migration between PED and Light RUC. PED light-petrol activity uses population_source=scenario_input_population.,available,available,False,EV/PHEV uptake is allocated between PED/light-petrol and total Light RUC to match MBU proportions; it is not a new model.
2039,FY2039,Current finalist High population/comparison,current_comparison_1,comparison,optimized,0.35443953643902076,0.36717304275243595,0.0,0.9913311027666482,,25.0,38593.0457333642,18650.523295434563,57243.56902879876,25851.5482263694,11374.9392472356,14357.6989741182,3866.75405461716,55450.94050234036,0.46620576661415347,0.2051351905700411,0.2589261578622318,0.06973288495357369,0.3286590428158055,26687.281982801338,11742.670441631935,14821.85739094831,3991.7592134171778,18813.61660436549,26447.718676991477,11982.233747441795,14821.85739094831,3991.7592134171778,18813.61660436549,26447.718676991477,11982.233747441795,14821.85739094831,3991.7592134171778,57243.56902879876,0.0,0.4620207846174974,0.2093201725666971,0.2589261578622318,0.06973288495357369,-0.0041849819966560675,0.004184981996656012,0.0,0.0,3.502814862467034e-05,7.973505925734825,1.2999738677723927,0.12440999999999992,0.12440999999999962,0.061350000000000064,2108.8104159315913,2741.398432797299,1490.7097005192327,1843.9872780078736,244.89442774314412,4000.304010430971,2320.3116031850127,1843.9872780078736,244.89442774314412,6320.989839067548,8409.497319367001,-2088.507480299453,forecast_scenario_comparison.parquet; mbu26_official_annual.csv,data/current_revenue_outlook/revenue_chart_rows.csv:current_comparison_1:2038Q3; data/current_revenue_outlook/revenue_chart_rows.csv:current_comparison_1:2038Q4; data/current_revenue_outlook/revenue_chart_rows.csv:current_comparison_1:2039Q1; data/current_revenue_outlook/revenue_chart_rows.csv:current_comparison_1:2039Q2; data/current_revenue_outlook/revenue_chart_rows.csv:current_comparison_1:2038Q3; data/current_revenue_outlook/revenue_chart_rows.csv:current_comparison_1:2038Q4; data/current_revenue_outlook/revenue_chart_rows.csv:current_comparison_1:2039Q1; data/current_revenue_outlook/revenue_chart_rows.csv:current_comparison_1:2039Q2; AO16; AO10; AO12; AO14; scenario_inputs/scenario_input_wide.parquet:PED:population (2038Q3; 2038Q4; 2039Q1; 2039Q2),U_t=current PED-derived light petrol activity + current finalist total Light RUC; target components=U_t*MBU26 light-mobility proportions; lambda allocates EV/PHEV migration between PED and Light RUC. PED light-petrol activity uses population_source=scenario_input_population.,available,available,False,EV/PHEV uptake is allocated between PED/light-petrol and total Light RUC to match MBU proportions; it is not a new model.
2039,FY2039,Current finalist High population/comparison,current_comparison_1,comparison,fixed_light_only,0.9913311027666482,0.36717304275243595,0.0,0.9913311027666482,lambda_upper_bound,25.0,38593.0457333642,18650.523295434563,57243.56902879876,25851.5482263694,11374.9392472356,14357.6989741182,3866.75405461716,55450.94050234036,0.46620576661415347,0.2051351905700411,0.2589261578622318,0.06973288495357369,0.3286590428158055,26687.281982801338,11742.670441631935,14821.85739094831,3991.7592134171778,18813.61660436549,38429.95242443327,0.0,14821.85739094831,3991.7592134171778,18813.61660436549,38429.95242443327,0.0,14821.85739094831,3991.7592134171778,57243.56902879876,0.0,0.6713409571841945,0.0,0.2589261578622318,0.06973288495357369,0.20513519057004104,-0.2051351905700411,0.0,0.0,0.08416089282041414,7.973505925734825,1.2999738677723927,0.12440999999999992,0.12440999999999962,0.061350000000000064,3064.2145338192613,3983.3988192134043,0.0,1843.9872780078736,244.89442774314412,4000.304010430971,2320.3116031850127,1843.9872780078736,244.89442774314412,6072.280524964422,8409.497319367001,-2337.2167944025796,forecast_scenario_comparison.parquet; mbu26_official_annual.csv,data/current_revenue_outlook/revenue_chart_rows.csv:current_comparison_1:2038Q3; data/current_revenue_outlook/revenue_chart_rows.csv:current_comparison_1:2038Q4; data/current_revenue_outlook/revenue_chart_rows.csv:current_comparison_1:2039Q1; data/current_revenue_outlook/revenue_chart_rows.csv:current_comparison_1:2039Q2; data/current_revenue_outlook/revenue_chart_rows.csv:current_comparison_1:2038Q3; data/current_revenue_outlook/revenue_chart_rows.csv:current_comparison_1:2038Q4; data/current_revenue_outlook/revenue_chart_rows.csv:current_comparison_1:2039Q1; data/current_revenue_outlook/revenue_chart_rows.csv:current_comparison_1:2039Q2; AO16; AO10; AO12; AO14; scenario_inputs/scenario_input_wide.parquet:PED:population (2038Q3; 2038Q4; 2039Q1; 2039Q2),U_t=current PED-derived light petrol activity + current finalist total Light RUC; target components=U_t*MBU26 light-mobility proportions; lambda allocates EV/PHEV migration between PED and Light RUC. PED light-petrol activity uses population_source=scenario_input_population.,available,available,False,EV/PHEV uptake is allocated between PED/light-petrol and total Light RUC to match MBU proportions; it is not a new model.
2039,FY2039,Current finalist High population/comparison,current_comparison_1,comparison,fixed_ped_only,0.0,0.36717304275243595,0.0,0.9913311027666482,lambda_lower_bound,25.0,38593.0457333642,18650.523295434563,57243.56902879876,25851.5482263694,11374.9392472356,14357.6989741182,3866.75405461716,55450.94050234036,0.46620576661415347,0.2051351905700411,0.2589261578622318,0.06973288495357369,0.3286590428158055,26687.281982801338,11742.670441631935,14821.85739094831,3991.7592134171778,18813.61660436549,19779.42912899871,18650.523295434563,14821.85739094831,3991.7592134171778,18813.61660436549,19779.42912899871,18650.523295434563,14821.85739094831,3991.7592134171778,57243.56902879876,0.0,0.34553102583537104,0.3258099313488235,0.2589261578622318,0.06973288495357369,-0.12067474077878243,0.12067474077878243,0.0,0.0,0.02912478612405267,7.973505925734825,1.2999738677723927,0.12440999999999992,0.12440999999999962,0.061350000000000064,1577.1139536772323,2050.2069262796017,2320.3116031850127,1843.9872780078736,244.89442774314412,4000.304010430971,2320.3116031850127,1843.9872780078736,244.89442774314412,6459.400235215631,8409.497319367001,-1950.09708415137,forecast_scenario_comparison.parquet; mbu26_official_annual.csv,data/current_revenue_outlook/revenue_chart_rows.csv:current_comparison_1:2038Q3; data/current_revenue_outlook/revenue_chart_rows.csv:current_comparison_1:2038Q4; data/current_revenue_outlook/revenue_chart_rows.csv:current_comparison_1:2039Q1; data/current_revenue_outlook/revenue_chart_rows.csv:current_comparison_1:2039Q2; data/current_revenue_outlook/revenue_chart_rows.csv:current_comparison_1:2038Q3; data/current_revenue_outlook/revenue_chart_rows.csv:current_comparison_1:2038Q4; data/current_revenue_outlook/revenue_chart_rows.csv:current_comparison_1:2039Q1; data/current_revenue_outlook/revenue_chart_rows.csv:current_comparison_1:2039Q2; AO16; AO10; AO12; AO14; scenario_inputs/scenario_input_wide.parquet:PED:population (2038Q3; 2038Q4; 2039Q1; 2039Q2),U_t=current PED-derived light petrol activity + current finalist total Light RUC; target components=U_t*MBU26 light-mobility proportions; lambda allocates EV/PHEV migration between PED and Light RUC. PED light-petrol activity uses population_source=scenario_input_population.,available,available,False,EV/PHEV uptake is allocated between PED/light-petrol and total Light RUC to match MBU proportions; it is not a new model.
2039,FY2039,Current finalist High population/comparison,current_comparison_1,comparison,mbu_ratio,0.30556036895237204,0.36717304275243595,0.0,0.9913311027666482,,25.0,38593.0457333642,18650.523295434563,57243.56902879876,25851.5482263694,11374.9392472356,14357.6989741182,3866.75405461716,55450.94050234036,0.46620576661415347,0.2051351905700411,0.2589261578622318,0.06973288495357369,0.3286590428158055,26687.281982801338,11742.670441631935,14821.85739094831,3991.7592134171778,18813.61660436549,25528.1247599571,12901.827664476172,14821.85739094831,3991.7592134171778,18813.61660436549,25528.1247599571,12901.827664476172,14821.85739094831,3991.7592134171778,57243.56902879876,0.0,0.445956204217702,0.22538475296649255,0.2589261578622318,0.06973288495357369,-0.02024956239645148,0.020249562396451454,0.0,0.0,0.0008200895544955626,7.973505925734825,1.2999738677723927,0.12440999999999992,0.12440999999999962,0.061350000000000064,2035.4865404641585,2646.0793108058388,1605.1163797374795,1843.9872780078736,244.89442774314412,4000.304010430971,2320.3116031850127,1843.9872780078736,244.89442774314412,6340.077396294335,8409.497319367001,-2069.4199230726663,forecast_scenario_comparison.parquet; mbu26_official_annual.csv,data/current_revenue_outlook/revenue_chart_rows.csv:current_comparison_1:2038Q3; data/current_revenue_outlook/revenue_chart_rows.csv:current_comparison_1:2038Q4; data/current_revenue_outlook/revenue_chart_rows.csv:current_comparison_1:2039Q1; data/current_revenue_outlook/revenue_chart_rows.csv:current_comparison_1:2039Q2; data/current_revenue_outlook/revenue_chart_rows.csv:current_comparison_1:2038Q3; data/current_revenue_outlook/revenue_chart_rows.csv:current_comparison_1:2038Q4; data/current_revenue_outlook/revenue_chart_rows.csv:current_comparison_1:2039Q1; data/current_revenue_outlook/revenue_chart_rows.csv:current_comparison_1:2039Q2; AO16; AO10; AO12; AO14; scenario_inputs/scenario_input_wide.parquet:PED:population (2038Q3; 2038Q4; 2039Q1; 2039Q2),U_t=current PED-derived light petrol activity + current finalist total Light RUC; target components=U_t*MBU26 light-mobility proportions; lambda allocates EV/PHEV migration between PED and Light RUC. PED light-petrol activity uses population_source=scenario_input_population.,available,available,False,EV/PHEV uptake is allocated between PED/light-petrol and total Light RUC to match MBU proportions; it is not a new model.
2040,FY2040,Current finalist High population/comparison,current_comparison_1,comparison,optimized,0.35546704929955636,0.3652790997739259,0.0,0.888139187539123,,25.0,39029.296364833885,19147.828328505744,58177.12469333963,24332.99593682,10822.4760796405,16789.7058132265,3908.902347702,55854.080177389005,0.4356529703745895,0.19376339284917066,0.3005994505666097,0.06998418620963007,0.37058363677623973,25345.03718050629,11272.597066790755,17488.011718363035,4071.4787276795482,21559.490446042582,25133.494372048037,11484.139875249011,17488.011718363035,4071.4787276795482,21559.490446042582,25133.494372048037,11484.139875249011,17488.011718363035,4071.4787276795482,58177.12469333963,0.0,0.4320167850255657,0.19739957819819454,0.3005994505666097,0.06998418620963007,-0.003636185349023824,0.0036361853490238794,0.0,0.0,2.644368778491142e-05,7.886398872548973,1.3399128408042527,0.12823500000000004,0.12823499999999996,0.063235,1982.1276167893561,2655.8782458487894,1472.6686769025575,2242.575182704283,257.45995734481625,4124.259748036815,2455.421765705935,2242.575182704283,257.45995734481625,6628.582062800446,9079.716653791847,-2451.1345909914016,forecast_scenario_comparison.parquet; mbu26_official_annual.csv,data/current_revenue_outlook/revenue_chart_rows.csv:current_comparison_1:2039Q3; data/current_revenue_outlook/revenue_chart_rows.csv:current_comparison_1:2039Q4; data/current_revenue_outlook/revenue_chart_rows.csv:current_comparison_1:2040Q1; data/current_revenue_outlook/revenue_chart_rows.csv:current_comparison_1:2040Q2; data/current_revenue_outlook/revenue_chart_rows.csv:current_comparison_1:2039Q3; data/current_revenue_outlook/revenue_chart_rows.csv:current_comparison_1:2039Q4; data/current_revenue_outlook/revenue_chart_rows.csv:current_comparison_1:2040Q1; data/current_revenue_outlook/revenue_chart_rows.csv:current_comparison_1:2040Q2; AP16; AP10; AP12; AP14; scenario_inputs/scenario_input_wide.parquet:PED:population (2039Q3; 2039Q4; 2040Q1; 2040Q2),U_t=current PED-derived light petrol activity + current finalist total Light RUC; target components=U_t*MBU26 light-mobility proportions; lambda allocates EV/PHEV migration between PED and Light RUC. PED light-petrol activity uses population_source=scenario_input_population.,available,available,False,EV/PHEV uptake is allocated between PED/light-petrol and total Light RUC to match MBU proportions; it is not a new model.
2040,FY2040,Current finalist High population/comparison,current_comparison_1,comparison,fixed_light_only,0.888139187539123,0.3652790997739259,0.0,0.888139187539123,lambda_upper_bound,25.0,39029.296364833885,19147.828328505744,58177.12469333963,24332.99593682,10822.4760796405,16789.7058132265,3908.902347702,55854.080177389005,0.4356529703745895,0.19376339284917066,0.3005994505666097,0.06998418620963007,0.37058363677623973,25345.03718050629,11272.597066790755,17488.011718363035,4071.4787276795482,21559.490446042582,36617.63424729704,0.0,17488.011718363035,4071.4787276795482,21559.490446042582,36617.63424729704,0.0,17488.011718363035,4071.4787276795482,58177.124693339625,7.275957614183426e-12,0.6294163632237602,0.0,0.3005994505666097,0.06998418620963007,0.19376339284917066,-0.19376339284917066,0.0,0.0,0.07508850481684408,7.886398872548973,1.3399128408042527,0.12823500000000004,0.12823499999999996,0.063235,2887.812694432941,3869.4173111082255,0.0,2242.575182704283,257.45995734481625,4124.259748036815,2455.421765705935,2242.575182704283,257.45995734481625,6369.4524511573245,9079.716653791847,-2710.264202634523,forecast_scenario_comparison.parquet; mbu26_official_annual.csv,data/current_revenue_outlook/revenue_chart_rows.csv:current_comparison_1:2039Q3; data/current_revenue_outlook/revenue_chart_rows.csv:current_comparison_1:2039Q4; data/current_revenue_outlook/revenue_chart_rows.csv:current_comparison_1:2040Q1; data/current_revenue_outlook/revenue_chart_rows.csv:current_comparison_1:2040Q2; data/current_revenue_outlook/revenue_chart_rows.csv:current_comparison_1:2039Q3; data/current_revenue_outlook/revenue_chart_rows.csv:current_comparison_1:2039Q4; data/current_revenue_outlook/revenue_chart_rows.csv:current_comparison_1:2040Q1; data/current_revenue_outlook/revenue_chart_rows.csv:current_comparison_1:2040Q2; AP16; AP10; AP12; AP14; scenario_inputs/scenario_input_wide.parquet:PED:population (2039Q3; 2039Q4; 2040Q1; 2040Q2),U_t=current PED-derived light petrol activity + current finalist total Light RUC; target components=U_t*MBU26 light-mobility proportions; lambda allocates EV/PHEV migration between PED and Light RUC. PED light-petrol activity uses population_source=scenario_input_population.,available,available,False,EV/PHEV uptake is allocated between PED/light-petrol and total Light RUC to match MBU proportions; it is not a new model.
2040,FY2040,Current finalist High population/comparison,current_comparison_1,comparison,fixed_ped_only,0.0,0.3652790997739259,0.0,0.888139187539123,lambda_lower_bound,25.0,39029.296364833885,19147.828328505744,58177.12469333963,24332.99593682,10822.4760796405,16789.7058132265,3908.902347702,55854.080177389005,0.4356529703745895,0.19376339284917066,0.3005994505666097,0.06998418620963007,0.37058363677623973,25345.03718050629,11272.597066790755,17488.011718363035,4071.4787276795482,21559.490446042582,17469.805918791302,19147.828328505744,17488.011718363035,4071.4787276795482,21559.490446042582,17469.805918791302,19147.828328505744,17488.011718363035,4071.4787276795482,58177.124693339625,7.275957614183426e-12,0.30028651314201715,0.32912985008174306,0.3005994505666097,0.06998418620963007,-0.13536645723257235,0.1353664572325724,0.0,0.0,0.036648155487395695,7.886398872548973,1.3399128408042527,0.12823500000000004,0.12823499999999996,0.063235,1377.738577016051,1846.0496106151857,2455.421765705935,2242.575182704283,257.45995734481625,4124.259748036815,2455.421765705935,2242.575182704283,257.45995734481625,6801.506516370219,9079.716653791847,-2278.210137421628,forecast_scenario_comparison.parquet; mbu26_official_annual.csv,data/current_revenue_outlook/revenue_chart_rows.csv:current_comparison_1:2039Q3; data/current_revenue_outlook/revenue_chart_rows.csv:current_comparison_1:2039Q4; data/current_revenue_outlook/revenue_chart_rows.csv:current_comparison_1:2040Q1; data/current_revenue_outlook/revenue_chart_rows.csv:current_comparison_1:2040Q2; data/current_revenue_outlook/revenue_chart_rows.csv:current_comparison_1:2039Q3; data/current_revenue_outlook/revenue_chart_rows.csv:current_comparison_1:2039Q4; data/current_revenue_outlook/revenue_chart_rows.csv:current_comparison_1:2040Q1; data/current_revenue_outlook/revenue_chart_rows.csv:current_comparison_1:2040Q2; AP16; AP10; AP12; AP14; scenario_inputs/scenario_input_wide.parquet:PED:population (2039Q3; 2039Q4; 2040Q1; 2040Q2),U_t=current PED-derived light petrol activity + current finalist total Light RUC; target components=U_t*MBU26 light-mobility proportions; lambda allocates EV/PHEV migration between PED and Light RUC. PED light-petrol activity uses population_source=scenario_input_population.,available,available,False,EV/PHEV uptake is allocated between PED/light-petrol and total Light RUC to match MBU proportions; it is not a new model.
2040,FY2040,Current finalist High population/comparison,current_comparison_1,comparison,mbu_ratio,0.30784613202101796,0.3652790997739259,0.0,0.888139187539123,,25.0,39029.296364833885,19147.828328505744,58177.12469333963,24332.99593682,10822.4760796405,16789.7058132265,3908.902347702,55854.080177389005,0.4356529703745895,0.19376339284917066,0.3005994505666097,0.06998418620963007,0.37058363677623973,25345.03718050629,11272.597066790755,17488.011718363035,4071.4787276795482,21559.490446042582,24106.811660949603,12510.822586347444,17488.011718363035,4071.4787276795482,21559.490446042582,24106.811660949603,12510.822586347444,17488.011718363035,4071.4787276795482,58177.124693339625,7.275957614183426e-12,0.41436925231386446,0.21504711090989576,0.3005994505666097,0.06998418620963007,-0.021283718060725043,0.0212837180607251,0.0,0.0,0.0009059933089768692,7.886398872548973,1.3399128408042527,0.12823500000000004,0.12823499999999996,0.063235,1901.159323036634,2547.3877893515064,1604.325334360265,2242.575182704283,257.45995734481625,4124.259748036815,2455.421765705935,2242.575182704283,257.45995734481625,6651.748263760871,9079.716653791847,-2427.9683900309765,forecast_scenario_comparison.parquet; mbu26_official_annual.csv,data/current_revenue_outlook/revenue_chart_rows.csv:current_comparison_1:2039Q3; data/current_revenue_outlook/revenue_chart_rows.csv:current_comparison_1:2039Q4; data/current_revenue_outlook/revenue_chart_rows.csv:current_comparison_1:2040Q1; data/current_revenue_outlook/revenue_chart_rows.csv:current_comparison_1:2040Q2; data/current_revenue_outlook/revenue_chart_rows.csv:current_comparison_1:2039Q3; data/current_revenue_outlook/revenue_chart_rows.csv:current_comparison_1:2039Q4; data/current_revenue_outlook/revenue_chart_rows.csv:current_comparison_1:2040Q1; data/current_revenue_outlook/revenue_chart_rows.csv:current_comparison_1:2040Q2; AP16; AP10; AP12; AP14; scenario_inputs/scenario_input_wide.parquet:PED:population (2039Q3; 2039Q4; 2040Q1; 2040Q2),U_t=current PED-derived light petrol activity + current finalist total Light RUC; target components=U_t*MBU26 light-mobility proportions; lambda allocates EV/PHEV migration between PED and Light RUC. PED light-petrol activity uses population_source=scenario_input_population.,available,available,False,EV/PHEV uptake is allocated between PED/light-petrol and total Light RUC to match MBU proportions; it is not a new model.
2041,FY2041,Current finalist High population/comparison,current_comparison_1,comparison,optimized,0.35525385198526593,0.3625217186582029,0.0,0.8045104986946807,,25.0,39440.46255328118,19653.400647703325,59093.8632009845,22722.0600487019,10279.1712987887,19398.2307000633,3858.403321145,56257.8653686989,0.40389125857846964,0.1827152742362651,0.34480922041624795,0.06858424676901734,0.41339346718526526,23867.494782509544,10797.351420448218,20376.10890171587,4052.908096310874,24429.016998026742,23689.947944016974,10974.898258940788,20376.10890171587,4052.908096310874,24429.016998026746,23689.947944016974,10974.898258940788,20376.10890171587,4052.908096310874,59093.8632009845,0.0,0.400886769975504,0.18571976283923075,0.34480922041624795,0.06858424676901734,-0.0030044886029656492,0.0030044886029656492,0.0,0.0,1.8053903530700956e-05,7.799322541185269,1.3798528544506345,0.13206500000000002,0.13206500000000002,0.06512499999999996,1847.6554499927722,2549.4926467137984,1449.3999385670154,2690.970822105107,263.9456397722455,4244.550030257729,2595.52635653894,2690.970822105107,263.9456397722455,6953.809047158166,9794.992848674021,-2841.1838015158546,forecast_scenario_comparison.parquet; mbu26_official_annual.csv,data/current_revenue_outlook/revenue_chart_rows.csv:current_comparison_1:2040Q3; data/current_revenue_outlook/revenue_chart_rows.csv:current_comparison_1:2040Q4; data/current_revenue_outlook/revenue_chart_rows.csv:current_comparison_1:2041Q1; data/current_revenue_outlook/revenue_chart_rows.csv:current_comparison_1:2041Q2; data/current_revenue_outlook/revenue_chart_rows.csv:current_comparison_1:2040Q3; data/current_revenue_outlook/revenue_chart_rows.csv:current_comparison_1:2040Q4; data/current_revenue_outlook/revenue_chart_rows.csv:current_comparison_1:2041Q1; data/current_revenue_outlook/revenue_chart_rows.csv:current_comparison_1:2041Q2; AQ16; AQ10; AQ12; AQ14; scenario_inputs/scenario_input_wide.parquet:PED:population (2040Q3; 2040Q4; 2041Q1; 2041Q2),U_t=current PED-derived light petrol activity + current finalist total Light RUC; target components=U_t*MBU26 light-mobility proportions; lambda allocates EV/PHEV migration between PED and Light RUC. PED light-petrol activity uses population_source=scenario_input_population.,available,available,False,EV/PHEV uptake is allocated between PED/light-petrol and total Light RUC to match MBU proportions; it is not a new model.
2041,FY2041,Current finalist High population/comparison,current_comparison_1,comparison,fixed_light_only,0.8045104986946807,0.3625217186582029,0.0,0.8045104986946807,lambda_upper_bound,25.0,39440.46255328118,19653.400647703325,59093.8632009845,22722.0600487019,10279.1712987887,19398.2307000633,3858.403321145,56257.8653686989,0.40389125857846964,0.1827152742362651,0.34480922041624795,0.06858424676901734,0.41339346718526526,23867.494782509544,10797.351420448218,20376.10890171587,4052.908096310874,24429.016998026742,34664.846202957764,0.0,20376.10890171587,4052.908096310874,24429.016998026746,34664.846202957764,0.0,20376.10890171587,4052.908096310874,59093.8632009845,0.0,0.5866065328147347,0.0,0.34480922041624795,0.06858424676901734,0.1827152742362651,-0.1827152742362651,0.0,0.0,0.06676974287846713,7.799322541185269,1.3798528544506345,0.13206500000000002,0.13206500000000002,0.06512499999999996,2703.623163774491,3730.6021398930866,0.0,2690.970822105107,263.9456397722455,4244.550030257729,2595.52635653894,2690.970822105107,263.9456397722455,6685.518601770439,9794.992848674021,-3109.474246903582,forecast_scenario_comparison.parquet; mbu26_official_annual.csv,data/current_revenue_outlook/revenue_chart_rows.csv:current_comparison_1:2040Q3; data/current_revenue_outlook/revenue_chart_rows.csv:current_comparison_1:2040Q4; data/current_revenue_outlook/revenue_chart_rows.csv:current_comparison_1:2041Q1; data/current_revenue_outlook/revenue_chart_rows.csv:current_comparison_1:2041Q2; data/current_revenue_outlook/revenue_chart_rows.csv:current_comparison_1:2040Q3; data/current_revenue_outlook/revenue_chart_rows.csv:current_comparison_1:2040Q4; data/current_revenue_outlook/revenue_chart_rows.csv:current_comparison_1:2041Q1; data/current_revenue_outlook/revenue_chart_rows.csv:current_comparison_1:2041Q2; AQ16; AQ10; AQ12; AQ14; scenario_inputs/scenario_input_wide.parquet:PED:population (2040Q3; 2040Q4; 2041Q1; 2041Q2),U_t=current PED-derived light petrol activity + current finalist total Light RUC; target components=U_t*MBU26 light-mobility proportions; lambda allocates EV/PHEV migration between PED and Light RUC. PED light-petrol activity uses population_source=scenario_input_population.,available,available,False,EV/PHEV uptake is allocated between PED/light-petrol and total Light RUC to match MBU proportions; it is not a new model.
2041,FY2041,Current finalist High population/comparison,current_comparison_1,comparison,fixed_ped_only,0.0,0.3625217186582029,0.0,0.8045104986946807,lambda_lower_bound,25.0,39440.46255328118,19653.400647703325,59093.8632009845,22722.0600487019,10279.1712987887,19398.2307000633,3858.403321145,56257.8653686989,0.40389125857846964,0.1827152742362651,0.34480922041624795,0.06858424676901734,0.41339346718526526,23867.494782509544,10797.351420448218,20376.10890171587,4052.908096310874,24429.016998026742,15011.445555254435,19653.400647703325,20376.10890171587,4052.908096310874,24429.016998026746,15011.445555254435,19653.400647703325,20376.10890171587,4052.908096310874,59093.8632009845,0.0,0.2540271483723939,0.33257938444234086,0.34480922041624795,0.06858424676901734,-0.14986411020607576,0.14986411020607576,0.0,0.0,0.044918503055717644,7.799322541185269,1.3798528544506345,0.13206500000000002,0.13206500000000002,0.06512499999999996,1170.7910569487133,1615.5193818959574,2595.52635653894,2690.970822105107,263.9456397722455,4244.550030257729,2595.52635653894,2690.970822105107,263.9456397722455,7165.9622003122495,9794.992848674021,-2629.0306483617715,forecast_scenario_comparison.parquet; mbu26_official_annual.csv,data/current_revenue_outlook/revenue_chart_rows.csv:current_comparison_1:2040Q3; data/current_revenue_outlook/revenue_chart_rows.csv:current_comparison_1:2040Q4; data/current_revenue_outlook/revenue_chart_rows.csv:current_comparison_1:2041Q1; data/current_revenue_outlook/revenue_chart_rows.csv:current_comparison_1:2041Q2; data/current_revenue_outlook/revenue_chart_rows.csv:current_comparison_1:2040Q3; data/current_revenue_outlook/revenue_chart_rows.csv:current_comparison_1:2040Q4; data/current_revenue_outlook/revenue_chart_rows.csv:current_comparison_1:2041Q1; data/current_revenue_outlook/revenue_chart_rows.csv:current_comparison_1:2041Q2; AQ16; AQ10; AQ12; AQ14; scenario_inputs/scenario_input_wide.parquet:PED:population (2040Q3; 2040Q4; 2041Q1; 2041Q2),U_t=current PED-derived light petrol activity + current finalist total Light RUC; target components=U_t*MBU26 light-mobility proportions; lambda allocates EV/PHEV migration between PED and Light RUC. PED light-petrol activity uses population_source=scenario_input_population.,available,available,False,EV/PHEV uptake is allocated between PED/light-petrol and total Light RUC to match MBU proportions; it is not a new model.
2041,FY2041,Current finalist High population/comparison,current_comparison_1,comparison,mbu_ratio,0.3114784169885323,0.3625217186582029,0.0,0.8045104986946807,,25.0,39440.46255328118,19653.400647703325,59093.8632009845,22722.0600487019,10279.1712987887,19398.2307000633,3858.403321145,56257.8653686989,0.40389125857846964,0.1827152742362651,0.34480922041624795,0.06858424676901734,0.41339346718526526,23867.494782509544,10797.351420448218,20376.10890171587,4052.908096310874,24429.016998026742,22620.55709838575,12044.28910457201,20376.10890171587,4052.908096310874,24429.016998026746,22620.55709838575,12044.28910457201,20376.10890171587,4052.908096310874,59093.8632009845,0.0,0.382790291124661,0.2038162416900737,0.34480922041624795,0.06858424676901734,-0.021100967453808628,0.0211009674538086,0.0,0.0,0.0008905016549733808,7.799322541185269,1.3798528544506345,0.13206500000000002,0.13206500000000002,0.06512499999999996,1764.2502087160842,2434.4056864620165,1590.6290405953027,2690.970822105107,263.9456397722455,4244.550030257729,2595.52635653894,2690.970822105107,263.9456397722455,6979.951188934671,9794.992848674021,-2815.0416597393496,forecast_scenario_comparison.parquet; mbu26_official_annual.csv,data/current_revenue_outlook/revenue_chart_rows.csv:current_comparison_1:2040Q3; data/current_revenue_outlook/revenue_chart_rows.csv:current_comparison_1:2040Q4; data/current_revenue_outlook/revenue_chart_rows.csv:current_comparison_1:2041Q1; data/current_revenue_outlook/revenue_chart_rows.csv:current_comparison_1:2041Q2; data/current_revenue_outlook/revenue_chart_rows.csv:current_comparison_1:2040Q3; data/current_revenue_outlook/revenue_chart_rows.csv:current_comparison_1:2040Q4; data/current_revenue_outlook/revenue_chart_rows.csv:current_comparison_1:2041Q1; data/current_revenue_outlook/revenue_chart_rows.csv:current_comparison_1:2041Q2; AQ16; AQ10; AQ12; AQ14; scenario_inputs/scenario_input_wide.parquet:PED:population (2040Q3; 2040Q4; 2041Q1; 2041Q2),U_t=current PED-derived light petrol activity + current finalist total Light RUC; target components=U_t*MBU26 light-mobility proportions; lambda allocates EV/PHEV migration between PED and Light RUC. PED light-petrol activity uses population_source=scenario_input_population.,available,available,False,EV/PHEV uptake is allocated between PED/light-petrol and total Light RUC to match MBU proportions; it is not a new model.
2042,FY2042,Current finalist High population/comparison,current_comparison_1,comparison,optimized,0.35414370543965074,0.3595468902835417,0.0,0.7340436751754967,,25.0,39729.84282136569,20152.178456588317,59882.021277954,20913.5164043378,9708.65423194621,22141.1732104773,3783.3597190837,56546.70356584501,0.3698450145725179,0.1716926649957783,0.39155550746995044,0.06690681296175328,0.4584623204317037,22147.067032176725,10281.303818545824,23447.13522981565,4006.515197415799,27453.65042723145,21998.729884278837,10429.640966443721,23447.13522981565,4006.515197415799,27453.65042723145,21998.729884278837,10429.640966443721,23447.13522981565,4006.515197415799,59882.02127795401,-7.275957614183426e-12,0.3673678579112664,0.17416982165702996,0.39155550746995044,0.06690681296175328,-0.0024771566612514784,0.0024771566612516727,0.0,0.0,1.2272610248766105e-05,7.712254584034743,1.4198075992979604,0.13588999999999996,0.13588999999999998,0.06701499999999996,1696.5980539297154,2408.8428099235407,1417.2839109300369,3186.231206379648,268.4966159548196,4350.385077823618,2738.4795304657855,3186.231206379648,268.4966159548196,7280.854543188045,10543.592430623872,-3262.7378874358274,forecast_scenario_comparison.parquet; mbu26_official_annual.csv,data/current_revenue_outlook/revenue_chart_rows.csv:current_comparison_1:2041Q3; data/current_revenue_outlook/revenue_chart_rows.csv:current_comparison_1:2041Q4; data/current_revenue_outlook/revenue_chart_rows.csv:current_comparison_1:2042Q1; data/current_revenue_outlook/revenue_chart_rows.csv:current_comparison_1:2042Q2; data/current_revenue_outlook/revenue_chart_rows.csv:current_comparison_1:2041Q3; data/current_revenue_outlook/revenue_chart_rows.csv:current_comparison_1:2041Q4; data/current_revenue_outlook/revenue_chart_rows.csv:current_comparison_1:2042Q1; data/current_revenue_outlook/revenue_chart_rows.csv:current_comparison_1:2042Q2; AR16; AR10; AR12; AR14; scenario_inputs/scenario_input_wide.parquet:PED:population (2041Q3; 2041Q4; 2042Q1; 2042Q2),U_t=current PED-derived light petrol activity + current finalist total Light RUC; target components=U_t*MBU26 light-mobility proportions; lambda allocates EV/PHEV migration between PED and Light RUC. PED light-petrol activity uses population_source=scenario_input_population.,available,available,False,EV/PHEV uptake is allocated between PED/light-petrol and total Light RUC to match MBU proportions; it is not a new model.
2042,FY2042,Current finalist High population/comparison,current_comparison_1,comparison,fixed_light_only,0.7340436751754967,0.3595468902835417,0.0,0.7340436751754967,lambda_upper_bound,25.0,39729.84282136569,20152.178456588317,59882.021277954,20913.5164043378,9708.65423194621,22141.1732104773,3783.3597190837,56546.70356584501,0.3698450145725179,0.1716926649957783,0.39155550746995044,0.06690681296175328,0.4584623204317037,22147.067032176725,10281.303818545824,23447.13522981565,4006.515197415799,27453.65042723145,32428.37085072256,0.0,23447.13522981565,4006.515197415799,27453.65042723145,32428.37085072256,0.0,23447.13522981565,4006.515197415799,59882.02127795401,-7.275957614183426e-12,0.5415376795682963,0.0,0.39155550746995044,0.06690681296175328,0.17169266499577845,-0.1716926649957783,0.0,0.0,0.058956742426705164,7.712254584034743,1.4198075992979604,0.13588999999999996,0.13588999999999998,0.06701499999999996,2500.9585174626372,3550.879908622413,0.0,3186.231206379648,268.4966159548196,4350.385077823618,2738.4795304657855,3186.231206379648,268.4966159548196,7005.60773095688,10543.592430623872,-3537.984699666992,forecast_scenario_comparison.parquet; mbu26_official_annual.csv,data/current_revenue_outlook/revenue_chart_rows.csv:current_comparison_1:2041Q3; data/current_revenue_outlook/revenue_chart_rows.csv:current_comparison_1:2041Q4; data/current_revenue_outlook/revenue_chart_rows.csv:current_comparison_1:2042Q1; data/current_revenue_outlook/revenue_chart_rows.csv:current_comparison_1:2042Q2; data/current_revenue_outlook/revenue_chart_rows.csv:current_comparison_1:2041Q3; data/current_revenue_outlook/revenue_chart_rows.csv:current_comparison_1:2041Q4; data/current_revenue_outlook/revenue_chart_rows.csv:current_comparison_1:2042Q1; data/current_revenue_outlook/revenue_chart_rows.csv:current_comparison_1:2042Q2; AR16; AR10; AR12; AR14; scenario_inputs/scenario_input_wide.parquet:PED:population (2041Q3; 2041Q4; 2042Q1; 2042Q2),U_t=current PED-derived light petrol activity + current finalist total Light RUC; target components=U_t*MBU26 light-mobility proportions; lambda allocates EV/PHEV migration between PED and Light RUC. PED light-petrol activity uses population_source=scenario_input_population.,available,available,False,EV/PHEV uptake is allocated between PED/light-petrol and total Light RUC to match MBU proportions; it is not a new model.
2042,FY2042,Current finalist High population/comparison,current_comparison_1,comparison,fixed_ped_only,0.0,0.3595468902835417,0.0,0.7340436751754967,lambda_lower_bound,25.0,39729.84282136569,20152.178456588317,59882.021277954,20913.5164043378,9708.65423194621,22141.1732104773,3783.3597190837,56546.70356584501,0.3698450145725179,0.1716926649957783,0.39155550746995044,0.06690681296175328,0.4584623204317037,22147.067032176725,10281.303818545824,23447.13522981565,4006.515197415799,27453.65042723145,12276.19239413424,20152.178456588317,23447.13522981565,4006.515197415799,27453.65042723145,12276.19239413424,20152.178456588317,23447.13522981565,4006.515197415799,59882.02127795401,-7.275957614183426e-12,0.2050063129491223,0.336531366619174,0.39155550746995044,0.06690681296175328,-0.1648387016233956,0.1648387016233957,0.0,0.0,0.05434359510577372,7.712254584034743,1.4198075992979604,0.13588999999999996,0.13588999999999998,0.06701499999999996,946.7712106615422,1344.2329596937877,2738.4795304657855,3186.231206379648,268.4966159548196,4350.385077823618,2738.4795304657855,3186.231206379648,268.4966159548196,7537.440312494041,10543.592430623872,-3006.1521181298313,forecast_scenario_comparison.parquet; mbu26_official_annual.csv,data/current_revenue_outlook/revenue_chart_rows.csv:current_comparison_1:2041Q3; data/current_revenue_outlook/revenue_chart_rows.csv:current_comparison_1:2041Q4; data/current_revenue_outlook/revenue_chart_rows.csv:current_comparison_1:2042Q1; data/current_revenue_outlook/revenue_chart_rows.csv:current_comparison_1:2042Q2; data/current_revenue_outlook/revenue_chart_rows.csv:current_comparison_1:2041Q3; data/current_revenue_outlook/revenue_chart_rows.csv:current_comparison_1:2041Q4; data/current_revenue_outlook/revenue_chart_rows.csv:current_comparison_1:2042Q1; data/current_revenue_outlook/revenue_chart_rows.csv:current_comparison_1:2042Q2; AR16; AR10; AR12; AR14; scenario_inputs/scenario_input_wide.parquet:PED:population (2041Q3; 2041Q4; 2042Q1; 2042Q2),U_t=current PED-derived light petrol activity + current finalist total Light RUC; target components=U_t*MBU26 light-mobility proportions; lambda allocates EV/PHEV migration between PED and Light RUC. PED light-petrol activity uses population_source=scenario_input_population.,available,available,False,EV/PHEV uptake is allocated between PED/light-petrol and total Light RUC to match MBU proportions; it is not a new model.
2042,FY2042,Current finalist High population/comparison,current_comparison_1,comparison,mbu_ratio,0.31704657214738685,0.3595468902835417,0.0,0.7340436751754967,,25.0,39729.84282136569,20152.178456588317,59882.021277954,20913.5164043378,9708.65423194621,22141.1732104773,3783.3597190837,56546.70356584501,0.3698450145725179,0.1716926649957783,0.39155550746995044,0.06690681296175328,0.4584623204317037,22147.067032176725,10281.303818545824,23447.13522981565,4006.515197415799,27453.65042723145,20980.278155020613,11448.092695701944,23447.13522981565,4006.515197415799,27453.65042723145,20980.278155020613,11448.092695701944,23447.13522981565,4006.515197415799,59882.02127795401,-7.275957614183426e-12,0.35036022010073087,0.19117745946756545,0.39155550746995044,0.06690681296175328,-0.019484794471787026,0.019484794471787165,0.0,0.0,0.0007593144312155698,7.712254584034743,1.4198075992979604,0.13588999999999996,0.13588999999999998,0.06701499999999996,1618.0524637538172,2297.323184100457,1555.6813164189366,3186.231206379648,268.4966159548196,4350.385077823618,2738.4795304657855,3186.231206379648,268.4966159548196,7307.732322853862,10543.592430623872,-3235.8601077700105,forecast_scenario_comparison.parquet; mbu26_official_annual.csv,data/current_revenue_outlook/revenue_chart_rows.csv:current_comparison_1:2041Q3; data/current_revenue_outlook/revenue_chart_rows.csv:current_comparison_1:2041Q4; data/current_revenue_outlook/revenue_chart_rows.csv:current_comparison_1:2042Q1; data/current_revenue_outlook/revenue_chart_rows.csv:current_comparison_1:2042Q2; data/current_revenue_outlook/revenue_chart_rows.csv:current_comparison_1:2041Q3; data/current_revenue_outlook/revenue_chart_rows.csv:current_comparison_1:2041Q4; data/current_revenue_outlook/revenue_chart_rows.csv:current_comparison_1:2042Q1; data/current_revenue_outlook/revenue_chart_rows.csv:current_comparison_1:2042Q2; AR16; AR10; AR12; AR14; scenario_inputs/scenario_input_wide.parquet:PED:population (2041Q3; 2041Q4; 2042Q1; 2042Q2),U_t=current PED-derived light petrol activity + current finalist total Light RUC; target components=U_t*MBU26 light-mobility proportions; lambda allocates EV/PHEV migration between PED and Light RUC. PED light-petrol activity uses population_source=scenario_input_population.,available,available,False,EV/PHEV uptake is allocated between PED/light-petrol and total Light RUC to match MBU proportions; it is not a new model.
2043,FY2043,Current finalist High population/comparison,current_comparison_1,comparison,optimized,0.35257973346885774,0.35476858365545616,0.0,0.6757156966558588,,25.0,40176.75624543785,20661.983576690352,60838.739822128206,19088.9730193169,9162.12414366238,24856.2856440604,3690.86051347766,56798.243320517344,0.3360838628687193,0.16130999143687827,0.43762419735051056,0.06498194834389187,0.5026061456944024,20446.918691485826,9813.896599737966,26624.5046824754,3953.4198484290123,30577.924530904413,20379.98819567056,9880.827095553228,26624.5046824754,3953.4198484290123,30577.924530904413,20379.98819567056,9880.827095553228,26624.5046824754,3953.4198484290123,60838.7398221282,7.275957614183426e-12,0.3349837333129305,0.16241012099266697,0.43762419735051056,0.06498194834389187,-0.0011001295557887536,0.001100129555788698,0.0,0.0,2.4205700790397984e-06,7.625135432509178,1.4598249947423272,0.13971500000000006,0.13971500000000003,0.06890000000000007,1554.0017010492638,2268.570525063809,1380.4997576552198,3719.8426717120515,272.3906275567592,4472.220696891072,2886.7890354172937,3719.8426717120515,272.3906275567592,7641.303581987839,11351.243031577176,-3709.9394495893375,forecast_scenario_comparison.parquet; mbu26_official_annual.csv,data/current_revenue_outlook/revenue_chart_rows.csv:current_comparison_1:2042Q3; data/current_revenue_outlook/revenue_chart_rows.csv:current_comparison_1:2042Q4; data/current_revenue_outlook/revenue_chart_rows.csv:current_comparison_1:2043Q1; data/current_revenue_outlook/revenue_chart_rows.csv:current_comparison_1:2043Q2; data/current_revenue_outlook/revenue_chart_rows.csv:current_comparison_1:2042Q3; data/current_revenue_outlook/revenue_chart_rows.csv:current_comparison_1:2042Q4; data/current_revenue_outlook/revenue_chart_rows.csv:current_comparison_1:2043Q1; data/current_revenue_outlook/revenue_chart_rows.csv:current_comparison_1:2043Q2; AS16; AS10; AS12; AS14; scenario_inputs/scenario_input_wide.parquet:PED:population (2042Q3; 2042Q4; 2043Q1; 2043Q2),U_t=current PED-derived light petrol activity + current finalist total Light RUC; target components=U_t*MBU26 light-mobility proportions; lambda allocates EV/PHEV migration between PED and Light RUC. PED light-petrol activity uses population_source=scenario_input_population.,available,available,False,EV/PHEV uptake is allocated between PED/light-petrol and total Light RUC to match MBU proportions; it is not a new model.
2043,FY2043,Current finalist High population/comparison,current_comparison_1,comparison,fixed_light_only,0.6757156966558588,0.35476858365545616,0.0,0.6757156966558588,lambda_upper_bound,25.0,40176.75624543785,20661.983576690352,60838.739822128206,19088.9730193169,9162.12414366238,24856.2856440604,3690.86051347766,56798.243320517344,0.3360838628687193,0.16130999143687827,0.43762419735051056,0.06498194834389187,0.5026061456944024,20446.918691485826,9813.896599737966,26624.5046824754,3953.4198484290123,30577.924530904413,30260.815291223786,0.0,26624.5046824754,3953.4198484290123,30577.924530904413,30260.815291223786,0.0,26624.5046824754,3953.4198484290123,60838.73982212819,1.4551915228366852e-11,0.49739385430559746,0.0,0.43762419735051056,0.06498194834389187,0.1613099914368782,-0.16130999143687827,0.0,0.0,0.05204182667473145,7.625135432509178,1.4598249947423272,0.13971500000000006,0.13971500000000003,0.06890000000000007,2307.42814893726,3368.4412853906338,0.0,3719.8426717120515,272.3906275567592,4472.220696891072,2886.7890354172937,3719.8426717120515,272.3906275567592,7360.674584659444,11351.243031577176,-3990.568446917732,forecast_scenario_comparison.parquet; mbu26_official_annual.csv,data/current_revenue_outlook/revenue_chart_rows.csv:current_comparison_1:2042Q3; data/current_revenue_outlook/revenue_chart_rows.csv:current_comparison_1:2042Q4; data/current_revenue_outlook/revenue_chart_rows.csv:current_comparison_1:2043Q1; data/current_revenue_outlook/revenue_chart_rows.csv:current_comparison_1:2043Q2; data/current_revenue_outlook/revenue_chart_rows.csv:current_comparison_1:2042Q3; data/current_revenue_outlook/revenue_chart_rows.csv:current_comparison_1:2042Q4; data/current_revenue_outlook/revenue_chart_rows.csv:current_comparison_1:2043Q1; data/current_revenue_outlook/revenue_chart_rows.csv:current_comparison_1:2043Q2; AS16; AS10; AS12; AS14; scenario_inputs/scenario_input_wide.parquet:PED:population (2042Q3; 2042Q4; 2043Q1; 2043Q2),U_t=current PED-derived light petrol activity + current finalist total Light RUC; target components=U_t*MBU26 light-mobility proportions; lambda allocates EV/PHEV migration between PED and Light RUC. PED light-petrol activity uses population_source=scenario_input_population.,available,available,False,EV/PHEV uptake is allocated between PED/light-petrol and total Light RUC to match MBU proportions; it is not a new model.
2043,FY2043,Current finalist High population/comparison,current_comparison_1,comparison,fixed_ped_only,0.0,0.35476858365545616,0.0,0.6757156966558588,lambda_lower_bound,25.0,40176.75624543785,20661.983576690352,60838.739822128206,19088.9730193169,9162.12414366238,24856.2856440604,3690.86051347766,56798.243320517344,0.3360838628687193,0.16130999143687827,0.43762419735051056,0.06498194834389187,0.5026061456944024,20446.918691485826,9813.896599737966,26624.5046824754,3953.4198484290123,30577.924530904413,9598.831714533437,20661.983576690352,26624.5046824754,3953.4198484290123,30577.924530904413,9598.831714533437,20661.983576690352,26624.5046824754,3953.4198484290123,60838.7398221282,7.275957614183426e-12,0.15777499242418824,0.3396188618814093,0.43762419735051056,0.06498194834389187,-0.17830887044453103,0.178308870444531,0.0,0.0,0.0635881065584091,7.625135432509178,1.4598249947423272,0.13971500000000006,0.13971500000000003,0.06890000000000007,731.9239181718174,1068.4808299969568,2886.7890354172937,3719.8426717120515,272.3906275567592,4472.220696891072,2886.7890354172937,3719.8426717120515,272.3906275567592,7947.503164683061,11351.243031577176,-3403.739866894115,forecast_scenario_comparison.parquet; mbu26_official_annual.csv,data/current_revenue_outlook/revenue_chart_rows.csv:current_comparison_1:2042Q3; data/current_revenue_outlook/revenue_chart_rows.csv:current_comparison_1:2042Q4; data/current_revenue_outlook/revenue_chart_rows.csv:current_comparison_1:2043Q1; data/current_revenue_outlook/revenue_chart_rows.csv:current_comparison_1:2043Q2; data/current_revenue_outlook/revenue_chart_rows.csv:current_comparison_1:2042Q3; data/current_revenue_outlook/revenue_chart_rows.csv:current_comparison_1:2042Q4; data/current_revenue_outlook/revenue_chart_rows.csv:current_comparison_1:2043Q1; data/current_revenue_outlook/revenue_chart_rows.csv:current_comparison_1:2043Q2; AS16; AS10; AS12; AS14; scenario_inputs/scenario_input_wide.parquet:PED:population (2042Q3; 2042Q4; 2043Q1; 2043Q2),U_t=current PED-derived light petrol activity + current finalist total Light RUC; target components=U_t*MBU26 light-mobility proportions; lambda allocates EV/PHEV migration between PED and Light RUC. PED light-petrol activity uses population_source=scenario_input_population.,available,available,False,EV/PHEV uptake is allocated between PED/light-petrol and total Light RUC to match MBU proportions; it is not a new model.
2043,FY2043,Current finalist High population/comparison,current_comparison_1,comparison,mbu_ratio,0.3243103830908409,0.35476858365545616,0.0,0.6757156966558588,,25.0,40176.75624543785,20661.983576690352,60838.739822128206,19088.9730193169,9162.12414366238,24856.2856440604,3690.86051347766,56798.243320517344,0.3360838628687193,0.16130999143687827,0.43762419735051056,0.06498194834389187,0.5026061456944024,20446.918691485826,9813.896599737966,26624.5046824754,3953.4198484290123,30577.924530904413,19515.570133273868,10745.24515794992,26624.5046824754,3953.4198484290123,30577.924530904413,19515.570133273868,10745.24515794992,26624.5046824754,3953.4198484290123,60838.73982212819,1.4551915228366852e-11,0.32077538407815087,0.1766184702274466,0.43762419735051056,0.06498194834389187,-0.015308478790568403,0.01530847879056832,0.0,0.0,0.00046869904576256273,7.625135432509178,1.4598249947423272,0.13971500000000006,0.13971500000000003,0.06890000000000007,1488.0886530884443,2172.349010170955,1501.2719272429736,3719.8426717120515,272.3906275567592,4472.220696891072,2886.7890354172937,3719.8426717120515,272.3906275567592,7665.854236682739,11351.243031577176,-3685.3887948944375,forecast_scenario_comparison.parquet; mbu26_official_annual.csv,data/current_revenue_outlook/revenue_chart_rows.csv:current_comparison_1:2042Q3; data/current_revenue_outlook/revenue_chart_rows.csv:current_comparison_1:2042Q4; data/current_revenue_outlook/revenue_chart_rows.csv:current_comparison_1:2043Q1; data/current_revenue_outlook/revenue_chart_rows.csv:current_comparison_1:2043Q2; data/current_revenue_outlook/revenue_chart_rows.csv:current_comparison_1:2042Q3; data/current_revenue_outlook/revenue_chart_rows.csv:current_comparison_1:2042Q4; data/current_revenue_outlook/revenue_chart_rows.csv:current_comparison_1:2043Q1; data/current_revenue_outlook/revenue_chart_rows.csv:current_comparison_1:2043Q2; AS16; AS10; AS12; AS14; scenario_inputs/scenario_input_wide.parquet:PED:population (2042Q3; 2042Q4; 2043Q1; 2043Q2),U_t=current PED-derived light petrol activity + current finalist total Light RUC; target components=U_t*MBU26 light-mobility proportions; lambda allocates EV/PHEV migration between PED and Light RUC. PED light-petrol activity uses population_source=scenario_input_population.,available,available,False,EV/PHEV uptake is allocated between PED/light-petrol and total Light RUC to match MBU proportions; it is not a new model.
2044,FY2044,Current finalist High population/comparison,current_comparison_1,comparison,optimized,0.35109591450414723,0.3505753878590571,0.0,0.6297560058332557,,25.0,40708.686896150975,21184.693729976305,61893.380626127284,17355.3467715605,8641.17139705809,27364.0603386263,3587.84262570015,56948.42113294504,0.3047555388944807,0.1517368036751262,0.4805060402771379,0.06300161715325518,0.5435076574303931,18862.350566716632,9391.503744856536,29740.14324402614,3899.3830705279724,33639.52631455412,18879.86083649156,9373.993475081601,29740.14324402614,3899.3830705279724,33639.52631455411,18879.86083649156,9373.993475081601,29740.14324402614,3899.3830705279724,61893.38062612727,1.4551915228366852e-11,0.30503844911198363,0.1514538934576232,0.4805060402771379,0.06300161715325518,0.00028291021750292966,-0.00028291021750301293,0.0,0.0,1.6007638233515706e-07,7.538000256491559,1.4998160102952343,0.1435449999999996,0.14354500000000028,0.07078499999999996,1423.1639582799833,2134.4840899034575,1345.5898933805845,4269.048861963741,276.0178306473224,4602.366789311714,3040.95686146944,4269.048861963741,276.0178306473224,8025.140675895105,12188.390343392217,-4163.249667497112,forecast_scenario_comparison.parquet; mbu26_official_annual.csv,data/current_revenue_outlook/revenue_chart_rows.csv:current_comparison_1:2043Q3; data/current_revenue_outlook/revenue_chart_rows.csv:current_comparison_1:2043Q4; data/current_revenue_outlook/revenue_chart_rows.csv:current_comparison_1:2044Q1; data/current_revenue_outlook/revenue_chart_rows.csv:current_comparison_1:2044Q2; data/current_revenue_outlook/revenue_chart_rows.csv:current_comparison_1:2043Q3; data/current_revenue_outlook/revenue_chart_rows.csv:current_comparison_1:2043Q4; data/current_revenue_outlook/revenue_chart_rows.csv:current_comparison_1:2044Q1; data/current_revenue_outlook/revenue_chart_rows.csv:current_comparison_1:2044Q2; AT16; AT10; AT12; AT14; scenario_inputs/scenario_input_wide.parquet:PED:population (2043Q3; 2043Q4; 2044Q1; 2044Q2),U_t=current PED-derived light petrol activity + current finalist total Light RUC; target components=U_t*MBU26 light-mobility proportions; lambda allocates EV/PHEV migration between PED and Light RUC. PED light-petrol activity uses population_source=scenario_input_population.,available,available,False,EV/PHEV uptake is allocated between PED/light-petrol and total Light RUC to match MBU proportions; it is not a new model.
2044,FY2044,Current finalist High population/comparison,current_comparison_1,comparison,fixed_light_only,0.6297560058332557,0.3505753878590571,0.0,0.6297560058332557,lambda_upper_bound,25.0,40708.686896150975,21184.693729976305,61893.380626127284,17355.3467715605,8641.17139705809,27364.0603386263,3587.84262570015,56948.42113294504,0.3047555388944807,0.1517368036751262,0.4805060402771379,0.06300161715325518,0.5435076574303931,18862.350566716632,9391.503744856536,29740.14324402614,3899.3830705279724,33639.52631455412,28253.85431157316,0.0,29740.14324402614,3899.3830705279724,33639.52631455411,28253.85431157316,0.0,29740.14324402614,3899.3830705279724,61893.38062612727,1.4551915228366852e-11,0.45649234256960675,0.0,0.4805060402771379,0.06300161715325518,0.15173680367512604,-0.1517368036751262,0.0,0.0,0.04604811517908754,7.538000256491559,1.4998160102952343,0.1435449999999996,0.14354500000000028,0.07078499999999996,2129.775610475136,3194.2715589269155,0.0,4269.048861963741,276.0178306473224,4602.366789311714,3040.95686146944,4269.048861963741,276.0178306473224,7739.338251537979,12188.390343392217,-4449.052091854238,forecast_scenario_comparison.parquet; mbu26_official_annual.csv,data/current_revenue_outlook/revenue_chart_rows.csv:current_comparison_1:2043Q3; data/current_revenue_outlook/revenue_chart_rows.csv:current_comparison_1:2043Q4; data/current_revenue_outlook/revenue_chart_rows.csv:current_comparison_1:2044Q1; data/current_revenue_outlook/revenue_chart_rows.csv:current_comparison_1:2044Q2; data/current_revenue_outlook/revenue_chart_rows.csv:current_comparison_1:2043Q3; data/current_revenue_outlook/revenue_chart_rows.csv:current_comparison_1:2043Q4; data/current_revenue_outlook/revenue_chart_rows.csv:current_comparison_1:2044Q1; data/current_revenue_outlook/revenue_chart_rows.csv:current_comparison_1:2044Q2; AT16; AT10; AT12; AT14; scenario_inputs/scenario_input_wide.parquet:PED:population (2043Q3; 2043Q4; 2044Q1; 2044Q2),U_t=current PED-derived light petrol activity + current finalist total Light RUC; target components=U_t*MBU26 light-mobility proportions; lambda allocates EV/PHEV migration between PED and Light RUC. PED light-petrol activity uses population_source=scenario_input_population.,available,available,False,EV/PHEV uptake is allocated between PED/light-petrol and total Light RUC to match MBU proportions; it is not a new model.
2044,FY2044,Current finalist High population/comparison,current_comparison_1,comparison,fixed_ped_only,0.0,0.3505753878590571,0.0,0.6297560058332557,lambda_lower_bound,25.0,40708.686896150975,21184.693729976305,61893.380626127284,17355.3467715605,8641.17139705809,27364.0603386263,3587.84262570015,56948.42113294504,0.3047555388944807,0.1517368036751262,0.4805060402771379,0.06300161715325518,0.5435076574303931,18862.350566716632,9391.503744856536,29740.14324402614,3899.3830705279724,33639.52631455412,7069.160581596858,21184.693729976305,29740.14324402614,3899.3830705279724,33639.52631455411,7069.160581596858,21184.693729976305,29740.14324402614,3899.3830705279724,61893.38062612727,1.4551915228366852e-11,0.114215131086453,0.3422772114831538,0.4805060402771379,0.06300161715325518,-0.19054040780802772,0.1905404078080276,0.0,0.0,0.07261129401529898,7.538000256491559,1.4998160102952343,0.1435449999999996,0.14354500000000028,0.07078499999999996,532.8733427725714,799.2119709498428,3040.95686146944,4269.048861963741,276.0178306473224,4602.366789311714,3040.95686146944,4269.048861963741,276.0178306473224,8385.235525030346,12188.390343392217,-3803.1548183618706,forecast_scenario_comparison.parquet; mbu26_official_annual.csv,data/current_revenue_outlook/revenue_chart_rows.csv:current_comparison_1:2043Q3; data/current_revenue_outlook/revenue_chart_rows.csv:current_comparison_1:2043Q4; data/current_revenue_outlook/revenue_chart_rows.csv:current_comparison_1:2044Q1; data/current_revenue_outlook/revenue_chart_rows.csv:current_comparison_1:2044Q2; data/current_revenue_outlook/revenue_chart_rows.csv:current_comparison_1:2043Q3; data/current_revenue_outlook/revenue_chart_rows.csv:current_comparison_1:2043Q4; data/current_revenue_outlook/revenue_chart_rows.csv:current_comparison_1:2044Q1; data/current_revenue_outlook/revenue_chart_rows.csv:current_comparison_1:2044Q2; AT16; AT10; AT12; AT14; scenario_inputs/scenario_input_wide.parquet:PED:population (2043Q3; 2043Q4; 2044Q1; 2044Q2),U_t=current PED-derived light petrol activity + current finalist total Light RUC; target components=U_t*MBU26 light-mobility proportions; lambda allocates EV/PHEV migration between PED and Light RUC. PED light-petrol activity uses population_source=scenario_input_population.,available,available,False,EV/PHEV uptake is allocated between PED/light-petrol and total Light RUC to match MBU proportions; it is not a new model.
2044,FY2044,Current finalist High population/comparison,current_comparison_1,comparison,mbu_ratio,0.3323972595487493,0.3505753878590571,0.0,0.6297560058332557,,25.0,40708.686896150975,21184.693729976305,61893.380626127284,17355.3467715605,8641.17139705809,27364.0603386263,3587.84262570015,56948.42113294504,0.3047555388944807,0.1517368036751262,0.4805060402771379,0.06300161715325518,0.5435076574303931,18862.350566716632,9391.503744856536,29740.14324402614,3899.3830705279724,33639.52631455412,18250.846941072687,10003.007370500478,29740.14324402614,3899.3830705279724,33639.52631455411,18250.846941072687,10003.007370500478,29740.14324402614,3899.3830705279724,61893.380626127284,0.0,0.2948755869600761,0.16161675560953073,0.4805060402771379,0.06300161715325518,-0.009879951934404607,0.009879951934404524,0.0,0.0,0.00019522690045228902,7.538000256491559,1.4998160102952343,0.1435449999999996,0.14354500000000028,0.07078499999999996,1375.748889229941,2063.37021021295,1435.881692998487,4269.048861963741,276.0178306473224,4602.366789311714,3040.95686146944,4269.048861963741,276.0178306473224,8044.3185958225,12188.390343392217,-4144.0717475697165,forecast_scenario_comparison.parquet; mbu26_official_annual.csv,data/current_revenue_outlook/revenue_chart_rows.csv:current_comparison_1:2043Q3; data/current_revenue_outlook/revenue_chart_rows.csv:current_comparison_1:2043Q4; data/current_revenue_outlook/revenue_chart_rows.csv:current_comparison_1:2044Q1; data/current_revenue_outlook/revenue_chart_rows.csv:current_comparison_1:2044Q2; data/current_revenue_outlook/revenue_chart_rows.csv:current_comparison_1:2043Q3; data/current_revenue_outlook/revenue_chart_rows.csv:current_comparison_1:2043Q4; data/current_revenue_outlook/revenue_chart_rows.csv:current_comparison_1:2044Q1; data/current_revenue_outlook/revenue_chart_rows.csv:current_comparison_1:2044Q2; AT16; AT10; AT12; AT14; scenario_inputs/scenario_input_wide.parquet:PED:population (2043Q3; 2043Q4; 2044Q1; 2044Q2),U_t=current PED-derived light petrol activity + current finalist total Light RUC; target components=U_t*MBU26 light-mobility proportions; lambda allocates EV/PHEV migration between PED and Light RUC. PED light-petrol activity uses population_source=scenario_input_population.,available,available,False,EV/PHEV uptake is allocated between PED/light-petrol and total Light RUC to match MBU proportions; it is not a new model.
2045,FY2045,Current finalist High population/comparison,current_comparison_1,comparison,optimized,0.35027046151274016,0.3487781196669249,0.0,0.5942687399248874,,25.0,41127.93321828907,21720.635817161587,62848.56903545066,15742.7368402457,8152.95919858563,29735.4698936684,3475.40875423459,57106.57468673432,0.27567293129739556,0.14276743515628046,0.5207013388000639,0.06085829474626005,0.5815596335463239,17325.649253849413,8972.729004433719,32725.334038427398,3824.8567387401285,36550.190777167525,17380.194633018713,8918.183625264419,32725.334038427398,3824.8567387401285,36550.190777167525,17380.194633018713,8918.183625264419,32725.334038427398,3824.8567387401285,62848.56903545066,0.0,0.2765408170743738,0.14189954937930227,0.5207013388000639,0.06085829474626005,0.0008678857769782167,-0.0008678857769781889,0.0,0.0,1.5064514437621175e-06,7.450855176983784,1.5397850358388132,0.14737500000000034,0.14737499999999965,0.07267500000000005,1294.9731315841325,1993.9802498265735,1314.3173117733468,4822.896103913226,277.971463487939,4718.490689261684,3201.078703554196,4822.896103913226,277.971463487939,8409.165129001085,13020.436960217045,-4611.2718312159595,forecast_scenario_comparison.parquet; mbu26_official_annual.csv,data/current_revenue_outlook/revenue_chart_rows.csv:current_comparison_1:2044Q3; data/current_revenue_outlook/revenue_chart_rows.csv:current_comparison_1:2044Q4; data/current_revenue_outlook/revenue_chart_rows.csv:current_comparison_1:2045Q1; data/current_revenue_outlook/revenue_chart_rows.csv:current_comparison_1:2045Q2; data/current_revenue_outlook/revenue_chart_rows.csv:current_comparison_1:2044Q3; data/current_revenue_outlook/revenue_chart_rows.csv:current_comparison_1:2044Q4; data/current_revenue_outlook/revenue_chart_rows.csv:current_comparison_1:2045Q1; data/current_revenue_outlook/revenue_chart_rows.csv:current_comparison_1:2045Q2; AU16; AU10; AU12; AU14; scenario_inputs/scenario_input_wide.parquet:PED:population (2044Q3; 2044Q4; 2045Q1; 2045Q2),U_t=current PED-derived light petrol activity + current finalist total Light RUC; target components=U_t*MBU26 light-mobility proportions; lambda allocates EV/PHEV migration between PED and Light RUC. PED light-petrol activity uses population_source=scenario_input_population.,available,available,False,EV/PHEV uptake is allocated between PED/light-petrol and total Light RUC to match MBU proportions; it is not a new model.
2045,FY2045,Current finalist High population/comparison,current_comparison_1,comparison,fixed_light_only,0.5942687399248874,0.3487781196669249,0.0,0.5942687399248874,lambda_upper_bound,25.0,41127.93321828907,21720.635817161587,62848.56903545066,15742.7368402457,8152.95919858563,29735.4698936684,3475.40875423459,57106.57468673432,0.27567293129739556,0.14276743515628046,0.5207013388000639,0.06085829474626005,0.5815596335463239,17325.649253849413,8972.729004433719,32725.334038427398,3824.8567387401285,36550.190777167525,26298.378258283134,0.0,32725.334038427398,3824.8567387401285,36550.190777167525,26298.378258283134,0.0,32725.334038427398,3824.8567387401285,62848.56903545066,0.0,0.4184403664536761,0.0,0.5207013388000639,0.06085829474626005,0.14276743515628054,-0.14276743515628046,0.0,0.0,0.040765081082205515,7.450855176983784,1.5397850358388132,0.14737500000000034,0.14737499999999965,0.07267500000000005,1959.4540779200668,3017.138067594659,0.0,4822.896103913226,277.971463487939,4718.490689261684,3201.078703554196,4822.896103913226,277.971463487939,8118.005634995824,13020.436960217045,-4902.4313252212205,forecast_scenario_comparison.parquet; mbu26_official_annual.csv,data/current_revenue_outlook/revenue_chart_rows.csv:current_comparison_1:2044Q3; data/current_revenue_outlook/revenue_chart_rows.csv:current_comparison_1:2044Q4; data/current_revenue_outlook/revenue_chart_rows.csv:current_comparison_1:2045Q1; data/current_revenue_outlook/revenue_chart_rows.csv:current_comparison_1:2045Q2; data/current_revenue_outlook/revenue_chart_rows.csv:current_comparison_1:2044Q3; data/current_revenue_outlook/revenue_chart_rows.csv:current_comparison_1:2044Q4; data/current_revenue_outlook/revenue_chart_rows.csv:current_comparison_1:2045Q1; data/current_revenue_outlook/revenue_chart_rows.csv:current_comparison_1:2045Q2; AU16; AU10; AU12; AU14; scenario_inputs/scenario_input_wide.parquet:PED:population (2044Q3; 2044Q4; 2045Q1; 2045Q2),U_t=current PED-derived light petrol activity + current finalist total Light RUC; target components=U_t*MBU26 light-mobility proportions; lambda allocates EV/PHEV migration between PED and Light RUC. PED light-petrol activity uses population_source=scenario_input_population.,available,available,False,EV/PHEV uptake is allocated between PED/light-petrol and total Light RUC to match MBU proportions; it is not a new model.
2045,FY2045,Current finalist High population/comparison,current_comparison_1,comparison,fixed_ped_only,0.0,0.3487781196669249,0.0,0.5942687399248874,lambda_lower_bound,25.0,41127.93321828907,21720.635817161587,62848.56903545066,15742.7368402457,8152.95919858563,29735.4698936684,3475.40875423459,57106.57468673432,0.27567293129739556,0.14276743515628046,0.5207013388000639,0.06085829474626005,0.5815596335463239,17325.649253849413,8972.729004433719,32725.334038427398,3824.8567387401285,36550.190777167525,4577.742441121547,21720.635817161587,32725.334038427398,3824.8567387401285,36550.190777167525,4577.742441121547,21720.635817161587,32725.334038427398,3824.8567387401285,62848.56903545066,0.0,0.0728376558349229,0.3456027106187532,0.5207013388000639,0.06085829474626005,-0.20283527546247265,0.20283527546247274,0.0,0.0,0.08228429794387435,7.450855176983784,1.5397850358388132,0.14737500000000034,0.14737499999999965,0.07267500000000005,341.0809596632886,525.1913576990736,3201.078703554196,4822.896103913226,277.971463487939,4718.490689261684,3201.078703554196,4822.896103913226,277.971463487939,8827.137628654435,13020.436960217045,-4193.29933156261,forecast_scenario_comparison.parquet; mbu26_official_annual.csv,data/current_revenue_outlook/revenue_chart_rows.csv:current_comparison_1:2044Q3; data/current_revenue_outlook/revenue_chart_rows.csv:current_comparison_1:2044Q4; data/current_revenue_outlook/revenue_chart_rows.csv:current_comparison_1:2045Q1; data/current_revenue_outlook/revenue_chart_rows.csv:current_comparison_1:2045Q2; data/current_revenue_outlook/revenue_chart_rows.csv:current_comparison_1:2044Q3; data/current_revenue_outlook/revenue_chart_rows.csv:current_comparison_1:2044Q4; data/current_revenue_outlook/revenue_chart_rows.csv:current_comparison_1:2045Q1; data/current_revenue_outlook/revenue_chart_rows.csv:current_comparison_1:2045Q2; AU16; AU10; AU12; AU14; scenario_inputs/scenario_input_wide.parquet:PED:population (2044Q3; 2044Q4; 2045Q1; 2045Q2),U_t=current PED-derived light petrol activity + current finalist total Light RUC; target components=U_t*MBU26 light-mobility proportions; lambda allocates EV/PHEV migration between PED and Light RUC. PED light-petrol activity uses population_source=scenario_input_population.,available,available,False,EV/PHEV uptake is allocated between PED/light-petrol and total Light RUC to match MBU proportions; it is not a new model.
2045,FY2045,Current finalist High population/comparison,current_comparison_1,comparison,mbu_ratio,0.3411894420374611,0.3487781196669249,0.0,0.5942687399248874,,25.0,41127.93321828907,21720.635817161587,62848.56903545066,15742.7368402457,8152.95919858563,29735.4698936684,3475.40875423459,57106.57468673432,0.27567293129739556,0.14276743515628046,0.5207013388000639,0.06085829474626005,0.5815596335463239,17325.649253849413,8972.729004433719,32725.334038427398,3824.8567387401285,36550.190777167525,17048.281638746088,9250.096619537042,32725.334038427398,3824.8567387401285,36550.190777167525,17048.281638746088,9250.096619537042,32725.334038427398,3824.8567387401285,62848.56903545065,7.275957614183426e-12,0.2712596627161034,0.14718070373757258,0.5207013388000639,0.06085829474626005,-0.004413268581292151,0.0044132685812921235,0.0,0.0,3.895387914124063e-05,7.450855176983784,1.5397850358388132,0.14737500000000034,0.14737499999999965,0.07267500000000005,1270.2427750672887,1955.9008169309786,1363.2329893042747,4822.896103913226,277.971463487939,4718.490689261684,3201.078703554196,4822.896103913226,277.971463487939,8420.001373636418,13020.436960217045,-4600.4355865806265,forecast_scenario_comparison.parquet; mbu26_official_annual.csv,data/current_revenue_outlook/revenue_chart_rows.csv:current_comparison_1:2044Q3; data/current_revenue_outlook/revenue_chart_rows.csv:current_comparison_1:2044Q4; data/current_revenue_outlook/revenue_chart_rows.csv:current_comparison_1:2045Q1; data/current_revenue_outlook/revenue_chart_rows.csv:current_comparison_1:2045Q2; data/current_revenue_outlook/revenue_chart_rows.csv:current_comparison_1:2044Q3; data/current_revenue_outlook/revenue_chart_rows.csv:current_comparison_1:2044Q4; data/current_revenue_outlook/revenue_chart_rows.csv:current_comparison_1:2045Q1; data/current_revenue_outlook/revenue_chart_rows.csv:current_comparison_1:2045Q2; AU16; AU10; AU12; AU14; scenario_inputs/scenario_input_wide.parquet:PED:population (2044Q3; 2044Q4; 2045Q1; 2045Q2),U_t=current PED-derived light petrol activity + current finalist total Light RUC; target components=U_t*MBU26 light-mobility proportions; lambda allocates EV/PHEV migration between PED and Light RUC. PED light-petrol activity uses population_source=scenario_input_population.,available,available,False,EV/PHEV uptake is allocated between PED/light-petrol and total Light RUC to match MBU proportions; it is not a new model.
2046,FY2046,Current finalist High population/comparison,current_comparison_1,comparison,optimized,0.35066928633824734,0.3473329217967619,0.0,0.5638058758202826,,25.0,41646.87335298053,22270.14502616689,63917.01837914743,14266.1941407652,7688.0731540928,32156.3592151348,3358.80797409963,57469.43448409243,0.24823968199502797,0.13377673232926734,0.5595384660351181,0.058445119640586504,0.6179835856757047,15866.740316509915,8550.609858992066,35764.030417406604,3735.6377862388376,39499.668203645444,15998.525608904998,8418.824566596983,35764.030417406604,3735.6377862388376,39499.668203645444,15998.525608904998,8418.824566596983,35764.030417406604,3735.6377862388376,63917.01837914743,0.0,0.25030150051749644,0.13171491380679887,0.5595384660351181,0.058445119640586504,0.002061818522468478,-0.002061818522468478,0.0,0.0,8.502191239188198e-06,7.3637059302644055,1.579745035410907,0.15119999999999983,0.15119999999999995,0.07456500000000002,1178.084379017807,1861.0729490485219,1272.9262744694624,5407.521399111876,278.54783153089903,4844.688273433137,3367.24592795643,5407.521399111876,278.54783153089903,8820.06845416076,13898.003432032341,-5077.9349778715805,forecast_scenario_comparison.parquet; mbu26_official_annual.csv,data/current_revenue_outlook/revenue_chart_rows.csv:current_comparison_1:2045Q3; data/current_revenue_outlook/revenue_chart_rows.csv:current_comparison_1:2045Q4; data/current_revenue_outlook/revenue_chart_rows.csv:current_comparison_1:2046Q1; data/current_revenue_outlook/revenue_chart_rows.csv:current_comparison_1:2046Q2; data/current_revenue_outlook/revenue_chart_rows.csv:current_comparison_1:2045Q3; data/current_revenue_outlook/revenue_chart_rows.csv:current_comparison_1:2045Q4; data/current_revenue_outlook/revenue_chart_rows.csv:current_comparison_1:2046Q1; data/current_revenue_outlook/revenue_chart_rows.csv:current_comparison_1:2046Q2; AV16; AV10; AV12; AV14; scenario_inputs/scenario_input_wide.parquet:PED:population (2045Q3; 2045Q4; 2046Q1; 2046Q2),U_t=current PED-derived light petrol activity + current finalist total Light RUC; target components=U_t*MBU26 light-mobility proportions; lambda allocates EV/PHEV migration between PED and Light RUC. PED light-petrol activity uses population_source=scenario_input_population.,available,available,False,EV/PHEV uptake is allocated between PED/light-petrol and total Light RUC to match MBU proportions; it is not a new model.
2046,FY2046,Current finalist High population/comparison,current_comparison_1,comparison,fixed_light_only,0.5638058758202826,0.3473329217967619,0.0,0.5638058758202826,lambda_upper_bound,25.0,41646.87335298053,22270.14502616689,63917.01837914743,14266.1941407652,7688.0731540928,32156.3592151348,3358.80797409963,57469.43448409243,0.24823968199502797,0.13377673232926734,0.5595384660351181,0.058445119640586504,0.6179835856757047,15866.740316509915,8550.609858992066,35764.030417406604,3735.6377862388376,39499.668203645444,24417.35017550198,0.0,35764.030417406604,3735.6377862388376,39499.668203645444,24417.35017550198,0.0,35764.030417406604,3735.6377862388376,63917.01837914742,7.275957614183426e-12,0.3820164143242953,0.0,0.5595384660351181,0.058445119640586504,0.13377673232926732,-0.13377673232926734,0.0,0.0,0.03579242822539288,7.3637059302644055,1.579745035410907,0.15119999999999983,0.15119999999999995,0.07456500000000002,1798.0218628868656,2840.4161114557965,0.0,5407.521399111876,278.54783153089903,4844.688273433137,3367.24592795643,5407.521399111876,278.54783153089903,8526.485342098573,13898.003432032341,-5371.518089933768,forecast_scenario_comparison.parquet; mbu26_official_annual.csv,data/current_revenue_outlook/revenue_chart_rows.csv:current_comparison_1:2045Q3; data/current_revenue_outlook/revenue_chart_rows.csv:current_comparison_1:2045Q4; data/current_revenue_outlook/revenue_chart_rows.csv:current_comparison_1:2046Q1; data/current_revenue_outlook/revenue_chart_rows.csv:current_comparison_1:2046Q2; data/current_revenue_outlook/revenue_chart_rows.csv:current_comparison_1:2045Q3; data/current_revenue_outlook/revenue_chart_rows.csv:current_comparison_1:2045Q4; data/current_revenue_outlook/revenue_chart_rows.csv:current_comparison_1:2046Q1; data/current_revenue_outlook/revenue_chart_rows.csv:current_comparison_1:2046Q2; AV16; AV10; AV12; AV14; scenario_inputs/scenario_input_wide.parquet:PED:population (2045Q3; 2045Q4; 2046Q1; 2046Q2),U_t=current PED-derived light petrol activity + current finalist total Light RUC; target components=U_t*MBU26 light-mobility proportions; lambda allocates EV/PHEV migration between PED and Light RUC. PED light-petrol activity uses population_source=scenario_input_population.,available,available,False,EV/PHEV uptake is allocated between PED/light-petrol and total Light RUC to match MBU proportions; it is not a new model.
2046,FY2046,Current finalist High population/comparison,current_comparison_1,comparison,fixed_ped_only,0.0,0.3473329217967619,0.0,0.5638058758202826,lambda_lower_bound,25.0,41646.87335298053,22270.14502616689,63917.01837914743,14266.1941407652,7688.0731540928,32156.3592151348,3358.80797409963,57469.43448409243,0.24823968199502797,0.13377673232926734,0.5595384660351181,0.058445119640586504,0.6179835856757047,15866.740316509915,8550.609858992066,35764.030417406604,3735.6377862388376,39499.668203645444,2147.205149335088,22270.14502616689,35764.030417406604,3735.6377862388376,39499.668203645444,2147.205149335088,22270.14502616689,35764.030417406604,3735.6377862388376,63917.01837914742,7.275957614183426e-12,0.03359363755984591,0.3484227767644494,0.5595384660351181,0.058445119640586504,-0.21464604443518207,0.21464604443518204,0.0,0.0,0.0921458487833403,7.3637059302644055,1.579745035410907,0.15119999999999983,0.15119999999999995,0.07456500000000002,158.11387291653057,249.77960576948024,3367.24592795643,5407.521399111876,278.54783153089903,4844.688273433137,3367.24592795643,5407.521399111876,278.54783153089903,9303.094764368687,13898.003432032341,-4594.908667663654,forecast_scenario_comparison.parquet; mbu26_official_annual.csv,data/current_revenue_outlook/revenue_chart_rows.csv:current_comparison_1:2045Q3; data/current_revenue_outlook/revenue_chart_rows.csv:current_comparison_1:2045Q4; data/current_revenue_outlook/revenue_chart_rows.csv:current_comparison_1:2046Q1; data/current_revenue_outlook/revenue_chart_rows.csv:current_comparison_1:2046Q2; data/current_revenue_outlook/revenue_chart_rows.csv:current_comparison_1:2045Q3; data/current_revenue_outlook/revenue_chart_rows.csv:current_comparison_1:2045Q4; data/current_revenue_outlook/revenue_chart_rows.csv:current_comparison_1:2046Q1; data/current_revenue_outlook/revenue_chart_rows.csv:current_comparison_1:2046Q2; AV16; AV10; AV12; AV14; scenario_inputs/scenario_input_wide.parquet:PED:population (2045Q3; 2045Q4; 2046Q1; 2046Q2),U_t=current PED-derived light petrol activity + current finalist total Light RUC; target components=U_t*MBU26 light-mobility proportions; lambda allocates EV/PHEV migration between PED and Light RUC. PED light-petrol activity uses population_source=scenario_input_population.,available,available,False,EV/PHEV uptake is allocated between PED/light-petrol and total Light RUC to match MBU proportions; it is not a new model.
2046,FY2046,Current finalist High population/comparison,current_comparison_1,comparison,mbu_ratio,0.3501858226848434,0.3473329217967619,0.0,0.5638058758202826,,25.0,41646.87335298053,22270.14502616689,63917.01837914743,14266.1941407652,7688.0731540928,32156.3592151348,3358.80797409963,57469.43448409243,0.24823968199502797,0.13377673232926734,0.5595384660351181,0.058445119640586504,0.6179835856757047,15866.740316509915,8550.609858992066,35764.030417406604,3735.6377862388376,39499.668203645444,15979.428955007017,8437.921220494962,35764.030417406604,3735.6377862388376,39499.668203645444,15979.428955007017,8437.921220494962,35764.030417406604,3735.6377862388376,63917.01837914742,7.275957614183426e-12,0.25000272791542194,0.13201368640887334,0.5595384660351181,0.058445119640586504,0.0017630459203939741,-0.0017630459203940019,0.0,0.0,6.216661834835769e-06,7.3637059302644055,1.579745035410907,0.15119999999999983,0.15119999999999995,0.07456500000000002,1176.6781575822392,1858.8514777169953,1275.813688538837,5407.521399111876,278.54783153089903,4844.688273433137,3367.24592795643,5407.521399111876,278.54783153089903,8820.734396898608,13898.003432032341,-5077.269035133733,forecast_scenario_comparison.parquet; mbu26_official_annual.csv,data/current_revenue_outlook/revenue_chart_rows.csv:current_comparison_1:2045Q3; data/current_revenue_outlook/revenue_chart_rows.csv:current_comparison_1:2045Q4; data/current_revenue_outlook/revenue_chart_rows.csv:current_comparison_1:2046Q1; data/current_revenue_outlook/revenue_chart_rows.csv:current_comparison_1:2046Q2; data/current_revenue_outlook/revenue_chart_rows.csv:current_comparison_1:2045Q3; data/current_revenue_outlook/revenue_chart_rows.csv:current_comparison_1:2045Q4; data/current_revenue_outlook/revenue_chart_rows.csv:current_comparison_1:2046Q1; data/current_revenue_outlook/revenue_chart_rows.csv:current_comparison_1:2046Q2; AV16; AV10; AV12; AV14; scenario_inputs/scenario_input_wide.parquet:PED:population (2045Q3; 2045Q4; 2046Q1; 2046Q2),U_t=current PED-derived light petrol activity + current finalist total Light RUC; target components=U_t*MBU26 light-mobility proportions; lambda allocates EV/PHEV migration between PED and Light RUC. PED light-petrol activity uses population_source=scenario_input_population.,available,available,False,EV/PHEV uptake is allocated between PED/light-petrol and total Light RUC to match MBU proportions; it is not a new model.
2047,FY2047,Current finalist High population/comparison,current_comparison_1,comparison,optimized,0.3528179226235155,0.34732426673669387,0.005399519349126525,0.5390499839767067,,25.0,42130.183547343186,22833.565042386963,64963.74858973015,12918.0199537912,7243.45535058358,34537.073453697,3243.22777483264,57941.77653290441,0.22294828924437995,0.1250126555313697,0.5960651453978776,0.05597390982637288,0.6520390552242504,14483.556610982338,8121.290724474439,38722.626248728666,3636.275005544714,42358.901254273376,14716.261838217168,7888.585497239605,38722.626248728666,3636.275005544714,42358.90125427338,14716.261838217168,7888.585497239605,38722.626248728666,3636.275005544714,64963.74858973015,0.0,0.22653036743855018,0.12143057733719938,0.5960651453978776,0.05597390982637288,0.003582078194170224,-0.003582078194170321,0.0,0.0,2.5662568378300323e-05,7.276550267891755,1.619719190351213,0.15502500000000005,0.1550249999999998,0.0764499999999999,1070.8361902124434,1734.4539270096764,1222.92796670957,6002.975134209154,277.99322417389305,4965.449996925335,3539.77342069604,6002.975134209154,277.99322417389305,9238.350252102293,14786.191776004423,-5547.841523902131,forecast_scenario_comparison.parquet; mbu26_official_annual.csv,data/current_revenue_outlook/revenue_chart_rows.csv:current_comparison_1:2046Q3; data/current_revenue_outlook/revenue_chart_rows.csv:current_comparison_1:2046Q4; data/current_revenue_outlook/revenue_chart_rows.csv:current_comparison_1:2047Q1; data/current_revenue_outlook/revenue_chart_rows.csv:current_comparison_1:2047Q2; data/current_revenue_outlook/revenue_chart_rows.csv:current_comparison_1:2046Q3; data/current_revenue_outlook/revenue_chart_rows.csv:current_comparison_1:2046Q4; data/current_revenue_outlook/revenue_chart_rows.csv:current_comparison_1:2047Q1; data/current_revenue_outlook/revenue_chart_rows.csv:current_comparison_1:2047Q2; AW16; AW10; AW12; AW14; scenario_inputs/scenario_input_wide.parquet:PED:population (2046Q3; 2046Q4; 2047Q1; 2047Q2),U_t=current PED-derived light petrol activity + current finalist total Light RUC; target components=U_t*MBU26 light-mobility proportions; lambda allocates EV/PHEV migration between PED and Light RUC. PED light-petrol activity uses population_source=scenario_input_population.,available,available,False,EV/PHEV uptake is allocated between PED/light-petrol and total Light RUC to match MBU proportions; it is not a new model.
2047,FY2047,Current finalist High population/comparison,current_comparison_1,comparison,fixed_light_only,0.5390499839767067,0.34732426673669387,0.005399519349126525,0.5390499839767067,lambda_upper_bound,25.0,42130.183547343186,22833.565042386963,64963.74858973015,12918.0199537912,7243.45535058358,34537.073453697,3243.22777483264,57941.77653290441,0.22294828924437995,0.1250126555313697,0.5960651453978776,0.05597390982637288,0.6520390552242504,14483.556610982338,8121.290724474439,38722.626248728666,3636.275005544714,42358.901254273376,22604.847335456772,0.0,38722.626248728666,3636.275005544714,42358.90125427338,22604.847335456772,0.0,38722.626248728666,3636.275005544714,64963.74858973015,0.0,0.34796094477574957,0.0,0.5960651453978776,0.05597390982637288,0.12501265553136962,-0.1250126555313697,0.0,0.0,0.031256328086009776,7.276550267891755,1.619719190351213,0.15502500000000005,0.1550249999999998,0.0764499999999999,1644.853079344702,2664.2000979229,0.0,6002.975134209154,277.99322417389305,4965.449996925335,3539.77342069604,6002.975134209154,277.99322417389305,8945.168456305948,14786.191776004423,-5841.0233196984755,forecast_scenario_comparison.parquet; mbu26_official_annual.csv,data/current_revenue_outlook/revenue_chart_rows.csv:current_comparison_1:2046Q3; data/current_revenue_outlook/revenue_chart_rows.csv:current_comparison_1:2046Q4; data/current_revenue_outlook/revenue_chart_rows.csv:current_comparison_1:2047Q1; data/current_revenue_outlook/revenue_chart_rows.csv:current_comparison_1:2047Q2; data/current_revenue_outlook/revenue_chart_rows.csv:current_comparison_1:2046Q3; data/current_revenue_outlook/revenue_chart_rows.csv:current_comparison_1:2046Q4; data/current_revenue_outlook/revenue_chart_rows.csv:current_comparison_1:2047Q1; data/current_revenue_outlook/revenue_chart_rows.csv:current_comparison_1:2047Q2; AW16; AW10; AW12; AW14; scenario_inputs/scenario_input_wide.parquet:PED:population (2046Q3; 2046Q4; 2047Q1; 2047Q2),U_t=current PED-derived light petrol activity + current finalist total Light RUC; target components=U_t*MBU26 light-mobility proportions; lambda allocates EV/PHEV migration between PED and Light RUC. PED light-petrol activity uses population_source=scenario_input_population.,available,available,False,EV/PHEV uptake is allocated between PED/light-petrol and total Light RUC to match MBU proportions; it is not a new model.
2047,FY2047,Current finalist High population/comparison,current_comparison_1,comparison,fixed_ped_only,0.005399519349126525,0.34732426673669387,0.005399519349126525,0.5390499839767067,lambda_lower_bound,25.0,42130.183547343186,22833.565042386963,64963.74858973015,12918.0199537912,7243.45535058358,34537.073453697,3243.22777483264,57941.77653290441,0.22294828924437995,0.1250126555313697,0.5960651453978776,0.05597390982637288,0.6520390552242504,14483.556610982338,8121.290724474439,38722.626248728666,3636.275005544714,42358.901254273376,0.0,22604.847335456772,38722.626248728666,3636.275005544714,42358.90125427338,0.0,22604.847335456772,38722.626248728666,3636.275005544714,64963.74858973015,0.0,0.0,0.34796094477574957,0.5960651453978776,0.05597390982637288,-0.22294828924437995,0.22294828924437987,0.0,0.0,0.09941187935399137,7.276550267891755,1.619719190351213,0.15502500000000005,0.1550249999999998,0.0764499999999999,0.0,0.0,3504.316458179187,6002.975134209154,277.99322417389305,4965.449996925335,3539.77342069604,6002.975134209154,277.99322417389305,9785.284816562234,14786.191776004423,-5000.906959442189,forecast_scenario_comparison.parquet; mbu26_official_annual.csv,data/current_revenue_outlook/revenue_chart_rows.csv:current_comparison_1:2046Q3; data/current_revenue_outlook/revenue_chart_rows.csv:current_comparison_1:2046Q4; data/current_revenue_outlook/revenue_chart_rows.csv:current_comparison_1:2047Q1; data/current_revenue_outlook/revenue_chart_rows.csv:current_comparison_1:2047Q2; data/current_revenue_outlook/revenue_chart_rows.csv:current_comparison_1:2046Q3; data/current_revenue_outlook/revenue_chart_rows.csv:current_comparison_1:2046Q4; data/current_revenue_outlook/revenue_chart_rows.csv:current_comparison_1:2047Q1; data/current_revenue_outlook/revenue_chart_rows.csv:current_comparison_1:2047Q2; AW16; AW10; AW12; AW14; scenario_inputs/scenario_input_wide.parquet:PED:population (2046Q3; 2046Q4; 2047Q1; 2047Q2),U_t=current PED-derived light petrol activity + current finalist total Light RUC; target components=U_t*MBU26 light-mobility proportions; lambda allocates EV/PHEV migration between PED and Light RUC. PED light-petrol activity uses population_source=scenario_input_population.,available,available,False,EV/PHEV uptake is allocated between PED/light-petrol and total Light RUC to match MBU proportions; it is not a new model.
2047,FY2047,Current finalist High population/comparison,current_comparison_1,comparison,mbu_ratio,0.3592720890326832,0.34732426673669387,0.005399519349126525,0.5390499839767067,,25.0,42130.183547343186,22833.565042386963,64963.74858973015,12918.0199537912,7243.45535058358,34537.073453697,3243.22777483264,57941.77653290441,0.22294828924437995,0.1250126555313697,0.5960651453978776,0.05597390982637288,0.6520390552242504,14483.556610982338,8121.290724474439,38722.626248728666,3636.275005544714,42358.901254273376,14989.653235821752,7615.194099635022,38722.626248728666,3636.275005544714,42358.90125427338,14989.653235821752,7615.194099635022,38722.626248728666,3636.275005544714,64963.74858973015,0.0,0.230738736006244,0.11722220876950559,0.5960651453978776,0.05597390982637288,0.0077904467618640505,-0.007790446761864106,0.0,0.0,0.000121382121498877,7.276550267891755,1.619719190351213,0.15502500000000005,0.1550249999999998,0.0764499999999999,1090.7296526872328,1766.6757499426244,1180.5454652959197,6002.975134209154,277.99322417389305,4965.449996925335,3539.77342069604,6002.975134209154,277.99322417389305,9228.189573621592,14786.191776004423,-5558.0022023828315,forecast_scenario_comparison.parquet; mbu26_official_annual.csv,data/current_revenue_outlook/revenue_chart_rows.csv:current_comparison_1:2046Q3; data/current_revenue_outlook/revenue_chart_rows.csv:current_comparison_1:2046Q4; data/current_revenue_outlook/revenue_chart_rows.csv:current_comparison_1:2047Q1; data/current_revenue_outlook/revenue_chart_rows.csv:current_comparison_1:2047Q2; data/current_revenue_outlook/revenue_chart_rows.csv:current_comparison_1:2046Q3; data/current_revenue_outlook/revenue_chart_rows.csv:current_comparison_1:2046Q4; data/current_revenue_outlook/revenue_chart_rows.csv:current_comparison_1:2047Q1; data/current_revenue_outlook/revenue_chart_rows.csv:current_comparison_1:2047Q2; AW16; AW10; AW12; AW14; scenario_inputs/scenario_input_wide.parquet:PED:population (2046Q3; 2046Q4; 2047Q1; 2047Q2),U_t=current PED-derived light petrol activity + current finalist total Light RUC; target components=U_t*MBU26 light-mobility proportions; lambda allocates EV/PHEV migration between PED and Light RUC. PED light-petrol activity uses population_source=scenario_input_population.,available,available,False,EV/PHEV uptake is allocated between PED/light-petrol and total Light RUC to match MBU proportions; it is not a new model.
2048,FY2048,Current finalist High population/comparison,current_comparison_1,comparison,optimized,0.3571399703970826,0.34851361494222094,0.056678385879145865,0.5184379553903948,,25.0,42597.838895944726,23411.24826429947,66009.08716024419,11705.987140547,6815.94251159561,36975.108256259,3136.52315345323,58633.561061854845,0.19964653226840332,0.11624643613928215,0.6306133822786665,0.05349364931364801,0.6841070315923145,13178.485349745539,7673.321135185635,41626.21371524889,3531.066960064128,45157.28067531301,13568.028104225752,7283.778380705429,41626.21371524889,3531.066960064128,45157.28067531301,13568.028104225752,7283.778380705429,41626.21371524889,3531.066960064128,66009.08716024419,0.0,0.205547882692089,0.11034508571559655,0.6306133822786665,0.05349364931364801,0.005901350423685697,-0.0059013504236856,0.0,0.0,6.965187364626956e-05,7.189391807545562,1.6597352391364104,0.1588549999999999,0.15885500000000016,0.07833500000000007,975.4587009706856,1619.0031803232732,1157.0646146669603,6612.532179735868,276.6061303166237,5082.981559122326,3718.99384302529,6612.532179735868,276.6061303166237,9665.206105042726,15691.11371220011,-6025.907607157384,forecast_scenario_comparison.parquet; mbu26_official_annual.csv,data/current_revenue_outlook/revenue_chart_rows.csv:current_comparison_1:2047Q3; data/current_revenue_outlook/revenue_chart_rows.csv:current_comparison_1:2047Q4; data/current_revenue_outlook/revenue_chart_rows.csv:current_comparison_1:2048Q1; data/current_revenue_outlook/revenue_chart_rows.csv:current_comparison_1:2048Q2; data/current_revenue_outlook/revenue_chart_rows.csv:current_comparison_1:2047Q3; data/current_revenue_outlook/revenue_chart_rows.csv:current_comparison_1:2047Q4; data/current_revenue_outlook/revenue_chart_rows.csv:current_comparison_1:2048Q1; data/current_revenue_outlook/revenue_chart_rows.csv:current_comparison_1:2048Q2; AX16; AX10; AX12; AX14; scenario_inputs/scenario_input_wide.parquet:PED:population (2047Q3; 2047Q4; 2048Q1; 2048Q2),U_t=current PED-derived light petrol activity + current finalist total Light RUC; target components=U_t*MBU26 light-mobility proportions; lambda allocates EV/PHEV migration between PED and Light RUC. PED light-petrol activity uses population_source=scenario_input_population.,available,available,False,EV/PHEV uptake is allocated between PED/light-petrol and total Light RUC to match MBU proportions; it is not a new model.
2048,FY2048,Current finalist High population/comparison,current_comparison_1,comparison,fixed_light_only,0.5184379553903948,0.34851361494222094,0.056678385879145865,0.5184379553903948,lambda_upper_bound,25.0,42597.838895944726,23411.24826429947,66009.08716024419,11705.987140547,6815.94251159561,36975.108256259,3136.52315345323,58633.561061854845,0.19964653226840332,0.11624643613928215,0.6306133822786665,0.05349364931364801,0.6841070315923145,13178.485349745539,7673.321135185635,41626.21371524889,3531.066960064128,45157.28067531301,20851.806484931178,3.637978807091713e-12,41626.21371524889,3531.066960064128,45157.28067531301,20851.806484931178,3.637978807091713e-12,41626.21371524889,3531.066960064128,66009.08716024419,0.0,0.3158929684076855,5.511330278299602e-17,0.6306133822786665,0.05349364931364801,0.11624643613928218,-0.1162464361392821,0.0,0.0,0.027026467830168398,7.189391807545562,1.6597352391364104,0.1588549999999999,0.15885500000000016,0.07833500000000007,1499.1180671528962,2488.1390836797254,5.779111234005537e-13,6612.532179735868,276.6061303166237,5082.981559122326,3718.99384302529,6612.532179735868,276.6061303166237,9377.277393732218,15691.11371220011,-6313.836318467891,forecast_scenario_comparison.parquet; mbu26_official_annual.csv,data/current_revenue_outlook/revenue_chart_rows.csv:current_comparison_1:2047Q3; data/current_revenue_outlook/revenue_chart_rows.csv:current_comparison_1:2047Q4; data/current_revenue_outlook/revenue_chart_rows.csv:current_comparison_1:2048Q1; data/current_revenue_outlook/revenue_chart_rows.csv:current_comparison_1:2048Q2; data/current_revenue_outlook/revenue_chart_rows.csv:current_comparison_1:2047Q3; data/current_revenue_outlook/revenue_chart_rows.csv:current_comparison_1:2047Q4; data/current_revenue_outlook/revenue_chart_rows.csv:current_comparison_1:2048Q1; data/current_revenue_outlook/revenue_chart_rows.csv:current_comparison_1:2048Q2; AX16; AX10; AX12; AX14; scenario_inputs/scenario_input_wide.parquet:PED:population (2047Q3; 2047Q4; 2048Q1; 2048Q2),U_t=current PED-derived light petrol activity + current finalist total Light RUC; target components=U_t*MBU26 light-mobility proportions; lambda allocates EV/PHEV migration between PED and Light RUC. PED light-petrol activity uses population_source=scenario_input_population.,available,available,False,EV/PHEV uptake is allocated between PED/light-petrol and total Light RUC to match MBU proportions; it is not a new model.
2048,FY2048,Current finalist High population/comparison,current_comparison_1,comparison,fixed_ped_only,0.056678385879145865,0.34851361494222094,0.056678385879145865,0.5184379553903948,lambda_lower_bound,25.0,42597.838895944726,23411.24826429947,66009.08716024419,11705.987140547,6815.94251159561,36975.108256259,3136.52315345323,58633.561061854845,0.19964653226840332,0.11624643613928215,0.6306133822786665,0.05349364931364801,0.6841070315923145,13178.485349745539,7673.321135185635,41626.21371524889,3531.066960064128,45157.28067531301,0.0,20851.80648493118,41626.21371524889,3531.066960064128,45157.28067531301,0.0,20851.80648493118,41626.21371524889,3531.066960064128,66009.08716024419,0.0,0.0,0.31589296840768555,0.6306133822786665,0.05349364931364801,-0.19964653226840332,0.1996465322684034,0.0,0.0,0.07971747569359725,7.189391807545562,1.6597352391364104,0.1588549999999999,0.15885500000000016,0.07833500000000007,0.0,0.0,3312.413719163741,6612.532179735868,276.6061303166237,5082.981559122326,3718.99384302529,6612.532179735868,276.6061303166237,10201.552029216233,15691.11371220011,-5489.561682983876,forecast_scenario_comparison.parquet; mbu26_official_annual.csv,data/current_revenue_outlook/revenue_chart_rows.csv:current_comparison_1:2047Q3; data/current_revenue_outlook/revenue_chart_rows.csv:current_comparison_1:2047Q4; data/current_revenue_outlook/revenue_chart_rows.csv:current_comparison_1:2048Q1; data/current_revenue_outlook/revenue_chart_rows.csv:current_comparison_1:2048Q2; data/current_revenue_outlook/revenue_chart_rows.csv:current_comparison_1:2047Q3; data/current_revenue_outlook/revenue_chart_rows.csv:current_comparison_1:2047Q4; data/current_revenue_outlook/revenue_chart_rows.csv:current_comparison_1:2048Q1; data/current_revenue_outlook/revenue_chart_rows.csv:current_comparison_1:2048Q2; AX16; AX10; AX12; AX14; scenario_inputs/scenario_input_wide.parquet:PED:population (2047Q3; 2047Q4; 2048Q1; 2048Q2),U_t=current PED-derived light petrol activity + current finalist total Light RUC; target components=U_t*MBU26 light-mobility proportions; lambda allocates EV/PHEV migration between PED and Light RUC. PED light-petrol activity uses population_source=scenario_input_population.,available,available,False,EV/PHEV uptake is allocated between PED/light-petrol and total Light RUC to match MBU proportions; it is not a new model.
2048,FY2048,Current finalist High population/comparison,current_comparison_1,comparison,mbu_ratio,0.36799311084777525,0.34851361494222094,0.056678385879145865,0.5184379553903948,,25.0,42597.838895944726,23411.24826429947,66009.08716024419,11705.987140547,6815.94251159561,36975.108256259,3136.52315345323,58633.561061854845,0.19964653226840332,0.11624643613928215,0.6306133822786665,0.05349364931364801,0.6841070315923145,13178.485349745539,7673.321135185635,41626.21371524889,3531.066960064128,45157.28067531301,14058.12641376627,6793.680071164908,41626.21371524889,3531.066960064128,45157.28067531301,14058.12641376627,6793.680071164908,41626.21371524889,3531.066960064128,66009.08716024419,0.0,0.21297259238926677,0.10292037601841873,0.6306133822786665,0.05349364931364801,0.013326060120863459,-0.013326060120863417,0.0,0.0,0.00035516775668973375,7.189391807545562,1.6597352391364104,0.1588549999999999,0.15885500000000016,0.07833500000000007,1010.6937886857107,1677.4840970579628,1079.210047704901,6612.532179735868,276.6061303166237,5082.981559122326,3718.99384302529,6612.532179735868,276.6061303166237,9645.832454815356,15691.11371220011,-6045.281257384753,forecast_scenario_comparison.parquet; mbu26_official_annual.csv,data/current_revenue_outlook/revenue_chart_rows.csv:current_comparison_1:2047Q3; data/current_revenue_outlook/revenue_chart_rows.csv:current_comparison_1:2047Q4; data/current_revenue_outlook/revenue_chart_rows.csv:current_comparison_1:2048Q1; data/current_revenue_outlook/revenue_chart_rows.csv:current_comparison_1:2048Q2; data/current_revenue_outlook/revenue_chart_rows.csv:current_comparison_1:2047Q3; data/current_revenue_outlook/revenue_chart_rows.csv:current_comparison_1:2047Q4; data/current_revenue_outlook/revenue_chart_rows.csv:current_comparison_1:2048Q1; data/current_revenue_outlook/revenue_chart_rows.csv:current_comparison_1:2048Q2; AX16; AX10; AX12; AX14; scenario_inputs/scenario_input_wide.parquet:PED:population (2047Q3; 2047Q4; 2048Q1; 2048Q2),U_t=current PED-derived light petrol activity + current finalist total Light RUC; target components=U_t*MBU26 light-mobility proportions; lambda allocates EV/PHEV migration between PED and Light RUC. PED light-petrol activity uses population_source=scenario_input_population.,available,available,False,EV/PHEV uptake is allocated between PED/light-petrol and total Light RUC to match MBU proportions; it is not a new model.
2049,FY2049,Current finalist High population/comparison,current_comparison_1,comparison,optimized,0.3638721772828565,0.3503254124124379,0.09935888929528813,0.5018417431013373,,25.0,43078.49965850379,24003.55602455046,67082.05568305425,10602.9228996206,6401.3158104673,39221.4923959718,3026.86315331079,59252.59425937049,0.1789444501485908,0.10803435512791856,0.6619371334913176,0.05108406123217309,0.7130211947234907,12003.961569041294,7247.166626373891,44404.103647545875,3426.823840093188,47830.92748763907,12651.915897250376,6599.212298164803,44404.103647545875,3426.823840093188,47830.92748763906,12651.915897250376,6599.212298164803,44404.103647545875,3426.823840093188,67082.05568305425,0.0,0.1886035806211348,0.09837522465537449,0.6619371334913176,0.05108406123217309,0.009659130472543992,-0.009659130472544075,0.0,0.0,0.00018659760297125744,7.102242223984312,1.6997375991319723,0.16268499999999955,0.16268499999999994,0.08022499999999995,898.5697129974999,1527.3327266230758,1073.592852726938,7223.881601900998,274.91694257147583,5200.41414095655,3905.0185118539807,7223.881601900998,274.91694257147583,10099.724123822487,16604.231197283003,-6504.507073460516,forecast_scenario_comparison.parquet; mbu26_official_annual.csv,data/current_revenue_outlook/revenue_chart_rows.csv:current_comparison_1:2048Q3; data/current_revenue_outlook/revenue_chart_rows.csv:current_comparison_1:2048Q4; data/current_revenue_outlook/revenue_chart_rows.csv:current_comparison_1:2049Q1; data/current_revenue_outlook/revenue_chart_rows.csv:current_comparison_1:2049Q2; data/current_revenue_outlook/revenue_chart_rows.csv:current_comparison_1:2048Q3; data/current_revenue_outlook/revenue_chart_rows.csv:current_comparison_1:2048Q4; data/current_revenue_outlook/revenue_chart_rows.csv:current_comparison_1:2049Q1; data/current_revenue_outlook/revenue_chart_rows.csv:current_comparison_1:2049Q2; AY16; AY10; AY12; AY14; scenario_inputs/scenario_input_wide.parquet:PED:population (2048Q3; 2048Q4; 2049Q1; 2049Q2),U_t=current PED-derived light petrol activity + current finalist total Light RUC; target components=U_t*MBU26 light-mobility proportions; lambda allocates EV/PHEV migration between PED and Light RUC. PED light-petrol activity uses population_source=scenario_input_population.,available,available,False,EV/PHEV uptake is allocated between PED/light-petrol and total Light RUC to match MBU proportions; it is not a new model.
2049,FY2049,Current finalist High population/comparison,current_comparison_1,comparison,fixed_light_only,0.5018417431013373,0.3503254124124379,0.09935888929528813,0.5018417431013373,lambda_upper_bound,25.0,43078.49965850379,24003.55602455046,67082.05568305425,10602.9228996206,6401.3158104673,39221.4923959718,3026.86315331079,59252.59425937049,0.1789444501485908,0.10803435512791856,0.6619371334913176,0.05108406123217309,0.7130211947234907,12003.961569041294,7247.166626373891,44404.103647545875,3426.823840093188,47830.92748763907,19251.12819541518,0.0,44404.103647545875,3426.823840093188,47830.92748763906,19251.12819541518,0.0,44404.103647545875,3426.823840093188,67082.05568305425,0.0,0.28697880527650926,0.0,0.6619371334913176,0.05108406123217309,0.10803435512791845,-0.10803435512791856,0.0,0.0,0.023342843775810425,7.102242223984312,1.6997375991319723,0.16268499999999955,0.16268499999999994,0.08022499999999995,1367.261755288126,2323.9862133184056,0.0,7223.881601900998,274.91694257147583,5200.41414095655,3905.0185118539807,7223.881601900998,274.91694257147583,9822.78475779088,16604.231197283003,-6781.446439492123,forecast_scenario_comparison.parquet; mbu26_official_annual.csv,data/current_revenue_outlook/revenue_chart_rows.csv:current_comparison_1:2048Q3; data/current_revenue_outlook/revenue_chart_rows.csv:current_comparison_1:2048Q4; data/current_revenue_outlook/revenue_chart_rows.csv:current_comparison_1:2049Q1; data/current_revenue_outlook/revenue_chart_rows.csv:current_comparison_1:2049Q2; data/current_revenue_outlook/revenue_chart_rows.csv:current_comparison_1:2048Q3; data/current_revenue_outlook/revenue_chart_rows.csv:current_comparison_1:2048Q4; data/current_revenue_outlook/revenue_chart_rows.csv:current_comparison_1:2049Q1; data/current_revenue_outlook/revenue_chart_rows.csv:current_comparison_1:2049Q2; AY16; AY10; AY12; AY14; scenario_inputs/scenario_input_wide.parquet:PED:population (2048Q3; 2048Q4; 2049Q1; 2049Q2),U_t=current PED-derived light petrol activity + current finalist total Light RUC; target components=U_t*MBU26 light-mobility proportions; lambda allocates EV/PHEV migration between PED and Light RUC. PED light-petrol activity uses population_source=scenario_input_population.,available,available,False,EV/PHEV uptake is allocated between PED/light-petrol and total Light RUC to match MBU proportions; it is not a new model.
2049,FY2049,Current finalist High population/comparison,current_comparison_1,comparison,fixed_ped_only,0.09935888929528813,0.3503254124124379,0.09935888929528813,0.5018417431013373,lambda_lower_bound,25.0,43078.49965850379,24003.55602455046,67082.05568305425,10602.9228996206,6401.3158104673,39221.4923959718,3026.86315331079,59252.59425937049,0.1789444501485908,0.10803435512791856,0.6619371334913176,0.05108406123217309,0.7130211947234907,12003.961569041294,7247.166626373891,44404.103647545875,3426.823840093188,47830.92748763907,0.0,19251.128195415175,44404.103647545875,3426.823840093188,47830.92748763906,0.0,19251.128195415175,44404.103647545875,3426.823840093188,67082.05568305423,1.4551915228366852e-11,0.0,0.2869788052765092,0.6619371334913176,0.05108406123217309,-0.1789444501485908,0.17894445014859064,0.0,0.0,0.06404223247796295,7.102242223984312,1.6997375991319723,0.16268499999999955,0.16268499999999994,0.08022499999999995,0.0,0.0,3131.869790471109,7223.881601900998,274.91694257147583,5200.41414095655,3905.0185118539807,7223.881601900998,274.91694257147583,10630.668334943583,16604.231197283003,-5973.5628623394205,forecast_scenario_comparison.parquet; mbu26_official_annual.csv,data/current_revenue_outlook/revenue_chart_rows.csv:current_comparison_1:2048Q3; data/current_revenue_outlook/revenue_chart_rows.csv:current_comparison_1:2048Q4; data/current_revenue_outlook/revenue_chart_rows.csv:current_comparison_1:2049Q1; data/current_revenue_outlook/revenue_chart_rows.csv:current_comparison_1:2049Q2; data/current_revenue_outlook/revenue_chart_rows.csv:current_comparison_1:2048Q3; data/current_revenue_outlook/revenue_chart_rows.csv:current_comparison_1:2048Q4; data/current_revenue_outlook/revenue_chart_rows.csv:current_comparison_1:2049Q1; data/current_revenue_outlook/revenue_chart_rows.csv:current_comparison_1:2049Q2; AY16; AY10; AY12; AY14; scenario_inputs/scenario_input_wide.parquet:PED:population (2048Q3; 2048Q4; 2049Q1; 2049Q2),U_t=current PED-derived light petrol activity + current finalist total Light RUC; target components=U_t*MBU26 light-mobility proportions; lambda allocates EV/PHEV migration between PED and Light RUC. PED light-petrol activity uses population_source=scenario_input_population.,available,available,False,EV/PHEV uptake is allocated between PED/light-petrol and total Light RUC to match MBU proportions; it is not a new model.
2049,FY2049,Current finalist High population/comparison,current_comparison_1,comparison,mbu_ratio,0.3764541253275672,0.3503254124124379,0.09935888929528813,0.5018417431013373,,25.0,43078.49965850379,24003.55602455046,67082.05568305425,10602.9228996206,6401.3158104673,39221.4923959718,3026.86315331079,59252.59425937049,0.1789444501485908,0.10803435512791856,0.6619371334913176,0.05108406123217309,0.7130211947234907,12003.961569041294,7247.166626373891,44404.103647545875,3426.823840093188,47830.92748763907,13253.722141830178,5997.406053585,44404.103647545875,3426.823840093188,47830.92748763906,13253.722141830178,5997.406053585,44404.103647545875,3426.823840093188,67082.05568305425,0.0,0.19757477624792336,0.08940402902858594,0.6619371334913176,0.05108406123217309,0.018630326099332545,-0.018630326099332628,0.0,0.0,0.0006941781011349458,7.102242223984312,1.6997375991319723,0.16268499999999955,0.16268499999999994,0.08022499999999995,941.3114502066207,1599.9824644096366,975.688003827473,7223.881601900998,274.91694257147583,5200.41414095655,3905.0185118539807,7223.881601900998,274.91694257147583,10074.469012709584,16604.231197283003,-6529.762184573419,forecast_scenario_comparison.parquet; mbu26_official_annual.csv,data/current_revenue_outlook/revenue_chart_rows.csv:current_comparison_1:2048Q3; data/current_revenue_outlook/revenue_chart_rows.csv:current_comparison_1:2048Q4; data/current_revenue_outlook/revenue_chart_rows.csv:current_comparison_1:2049Q1; data/current_revenue_outlook/revenue_chart_rows.csv:current_comparison_1:2049Q2; data/current_revenue_outlook/revenue_chart_rows.csv:current_comparison_1:2048Q3; data/current_revenue_outlook/revenue_chart_rows.csv:current_comparison_1:2048Q4; data/current_revenue_outlook/revenue_chart_rows.csv:current_comparison_1:2049Q1; data/current_revenue_outlook/revenue_chart_rows.csv:current_comparison_1:2049Q2; AY16; AY10; AY12; AY14; scenario_inputs/scenario_input_wide.parquet:PED:population (2048Q3; 2048Q4; 2049Q1; 2049Q2),U_t=current PED-derived light petrol activity + current finalist total Light RUC; target components=U_t*MBU26 light-mobility proportions; lambda allocates EV/PHEV migration between PED and Light RUC. PED light-petrol activity uses population_source=scenario_input_population.,available,available,False,EV/PHEV uptake is allocated between PED/light-petrol and total Light RUC to match MBU proportions; it is not a new model.
2050,FY2050,Current finalist High population/comparison,current_comparison_1,comparison,optimized,0.37292831846480085,0.35260251288032307,0.13483684496924375,0.48874954733625636,,25.0,43565.07004022763,24610.85881665478,68175.92885688241,9598.85889563765,6001.20388736231,41168.8006989255,2910.04326079893,59678.906742724386,0.16084173486988135,0.10055820749588266,0.6898383858873973,0.04876167174683878,0.7386000576342361,10965.534673706574,6855.649200214916,47030.3727190058,3324.372263955134,50354.74498296093,11989.035430486183,5832.148443435293,47030.3727190058,3324.372263955134,50354.74498296093,11989.035430486183,5832.148443435293,47030.3727190058,3324.372263955134,68175.9288568824,1.4551915228366852e-11,0.17585437604603874,0.08554556631972508,0.6898383858873973,0.04876167174683878,0.015012641176157387,-0.015012641176157582,0.0,0.0,0.0004507587901681183,7.015085168223659,1.7397737172505494,0.16651000000000013,0.16650999999999988,0.08210999999999995,841.0410462971157,1463.2211074766244,971.1110373164114,7831.02736144165,272.96420659335587,5316.969025670281,4097.954101561191,7831.02736144165,272.96420659335587,10538.323712828043,17518.914695266478,-6980.590982438434,forecast_scenario_comparison.parquet; mbu26_official_annual.csv,data/current_revenue_outlook/revenue_chart_rows.csv:current_comparison_1:2049Q3; data/current_revenue_outlook/revenue_chart_rows.csv:current_comparison_1:2049Q4; data/current_revenue_outlook/revenue_chart_rows.csv:current_comparison_1:2050Q1; data/current_revenue_outlook/revenue_chart_rows.csv:current_comparison_1:2050Q2; data/current_revenue_outlook/revenue_chart_rows.csv:current_comparison_1:2049Q3; data/current_revenue_outlook/revenue_chart_rows.csv:current_comparison_1:2049Q4; data/current_revenue_outlook/revenue_chart_rows.csv:current_comparison_1:2050Q1; data/current_revenue_outlook/revenue_chart_rows.csv:current_comparison_1:2050Q2; AZ16; AZ10; AZ12; AZ14; scenario_inputs/scenario_input_wide.parquet:PED:population (2049Q3; 2049Q4; 2050Q1; 2050Q2),U_t=current PED-derived light petrol activity + current finalist total Light RUC; target components=U_t*MBU26 light-mobility proportions; lambda allocates EV/PHEV migration between PED and Light RUC. PED light-petrol activity uses population_source=scenario_input_population.,available,available,False,EV/PHEV uptake is allocated between PED/light-petrol and total Light RUC to match MBU proportions; it is not a new model.
2050,FY2050,Current finalist High population/comparison,current_comparison_1,comparison,fixed_light_only,0.48874954733625636,0.35260251288032307,0.13483684496924375,0.48874954733625636,lambda_upper_bound,25.0,43565.07004022763,24610.85881665478,68175.92885688241,9598.85889563765,6001.20388736231,41168.8006989255,2910.04326079893,59678.906742724386,0.16084173486988135,0.10055820749588266,0.6898383858873973,0.04876167174683878,0.7386000576342361,10965.534673706574,6855.649200214916,47030.3727190058,3324.372263955134,50354.74498296093,17821.18387392148,0.0,47030.3727190058,3324.372263955134,50354.74498296093,17821.18387392148,0.0,47030.3727190058,3324.372263955134,68175.92885688241,0.0,0.26139994236576386,0.0,0.6898383858873973,0.04876167174683878,0.10055820749588251,-0.10055820749588266,0.0,0.0,0.020223906189569953,7.015085168223659,1.7397737172505494,0.16651000000000013,0.16650999999999988,0.08210999999999995,1250.1712267413322,2175.015042347447,0.0,7831.02736144165,272.96420659335587,5316.969025670281,4097.954101561191,7831.02736144165,272.96420659335587,10279.006610382454,17518.914695266478,-7239.908084884024,forecast_scenario_comparison.parquet; mbu26_official_annual.csv,data/current_revenue_outlook/revenue_chart_rows.csv:current_comparison_1:2049Q3; data/current_revenue_outlook/revenue_chart_rows.csv:current_comparison_1:2049Q4; data/current_revenue_outlook/revenue_chart_rows.csv:current_comparison_1:2050Q1; data/current_revenue_outlook/revenue_chart_rows.csv:current_comparison_1:2050Q2; data/current_revenue_outlook/revenue_chart_rows.csv:current_comparison_1:2049Q3; data/current_revenue_outlook/revenue_chart_rows.csv:current_comparison_1:2049Q4; data/current_revenue_outlook/revenue_chart_rows.csv:current_comparison_1:2050Q1; data/current_revenue_outlook/revenue_chart_rows.csv:current_comparison_1:2050Q2; AZ16; AZ10; AZ12; AZ14; scenario_inputs/scenario_input_wide.parquet:PED:population (2049Q3; 2049Q4; 2050Q1; 2050Q2),U_t=current PED-derived light petrol activity + current finalist total Light RUC; target components=U_t*MBU26 light-mobility proportions; lambda allocates EV/PHEV migration between PED and Light RUC. PED light-petrol activity uses population_source=scenario_input_population.,available,available,False,EV/PHEV uptake is allocated between PED/light-petrol and total Light RUC to match MBU proportions; it is not a new model.
2050,FY2050,Current finalist High population/comparison,current_comparison_1,comparison,fixed_ped_only,0.13483684496924375,0.35260251288032307,0.13483684496924375,0.48874954733625636,lambda_lower_bound,25.0,43565.07004022763,24610.85881665478,68175.92885688241,9598.85889563765,6001.20388736231,41168.8006989255,2910.04326079893,59678.906742724386,0.16084173486988135,0.10055820749588266,0.6898383858873973,0.04876167174683878,0.7386000576342361,10965.534673706574,6855.649200214916,47030.3727190058,3324.372263955134,50354.74498296093,0.0,17821.183873921473,47030.3727190058,3324.372263955134,50354.74498296093,0.0,17821.183873921473,47030.3727190058,3324.372263955134,68175.9288568824,1.4551915228366852e-11,0.0,0.26139994236576375,0.6898383858873973,0.04876167174683878,-0.16084173486988135,0.16084173486988107,0.0,0.0,0.05174012735190632,7.015085168223659,1.7397737172505494,0.16651000000000013,0.16650999999999988,0.08210999999999995,0.0,0.0,2967.405326846667,7831.02736144165,272.96420659335587,5316.969025670281,4097.954101561191,7831.02736144165,272.96420659335587,11071.396894881675,17518.914695266478,-6447.517800384803,forecast_scenario_comparison.parquet; mbu26_official_annual.csv,data/current_revenue_outlook/revenue_chart_rows.csv:current_comparison_1:2049Q3; data/current_revenue_outlook/revenue_chart_rows.csv:current_comparison_1:2049Q4; data/current_revenue_outlook/revenue_chart_rows.csv:current_comparison_1:2050Q1; data/current_revenue_outlook/revenue_chart_rows.csv:current_comparison_1:2050Q2; data/current_revenue_outlook/revenue_chart_rows.csv:current_comparison_1:2049Q3; data/current_revenue_outlook/revenue_chart_rows.csv:current_comparison_1:2049Q4; data/current_revenue_outlook/revenue_chart_rows.csv:current_comparison_1:2050Q1; data/current_revenue_outlook/revenue_chart_rows.csv:current_comparison_1:2050Q2; AZ16; AZ10; AZ12; AZ14; scenario_inputs/scenario_input_wide.parquet:PED:population (2049Q3; 2049Q4; 2050Q1; 2050Q2),U_t=current PED-derived light petrol activity + current finalist total Light RUC; target components=U_t*MBU26 light-mobility proportions; lambda allocates EV/PHEV migration between PED and Light RUC. PED light-petrol activity uses population_source=scenario_input_population.,available,available,False,EV/PHEV uptake is allocated between PED/light-petrol and total Light RUC to match MBU proportions; it is not a new model.
2050,FY2050,Current finalist High population/comparison,current_comparison_1,comparison,mbu_ratio,0.3846910086735082,0.35260251288032307,0.13483684496924375,0.48874954733625636,,25.0,43565.07004022763,24610.85881665478,68175.92885688241,9598.85889563765,6001.20388736231,41168.8006989255,2910.04326079893,59678.906742724386,0.16084173486988135,0.10055820749588266,0.6898383858873973,0.04876167174683878,0.7386000576342361,10965.534673706574,6855.649200214916,47030.3727190058,3324.372263955134,50354.74498296093,12581.342696259217,5239.841177662263,47030.3727190058,3324.372263955134,50354.74498296093,12581.342696259217,5239.841177662263,47030.3727190058,3324.372263955134,68175.92885688241,0.0,0.1845422997121237,0.07685764265364017,0.6898383858873973,0.04876167174683878,0.02370056484224234,-0.02370056484224249,0.0,0.0,0.0011234335476826745,7.015085168223659,1.7397737172505494,0.16651000000000013,0.16650999999999988,0.08210999999999995,882.5919054486709,1535.5102001576797,872.4859544925441,7831.02736144165,272.96420659335587,5316.969025670281,4097.954101561191,7831.02736144165,272.96420659335587,10511.987722685231,17518.914695266478,-7006.926972581246,forecast_scenario_comparison.parquet; mbu26_official_annual.csv,data/current_revenue_outlook/revenue_chart_rows.csv:current_comparison_1:2049Q3; data/current_revenue_outlook/revenue_chart_rows.csv:current_comparison_1:2049Q4; data/current_revenue_outlook/revenue_chart_rows.csv:current_comparison_1:2050Q1; data/current_revenue_outlook/revenue_chart_rows.csv:current_comparison_1:2050Q2; data/current_revenue_outlook/revenue_chart_rows.csv:current_comparison_1:2049Q3; data/current_revenue_outlook/revenue_chart_rows.csv:current_comparison_1:2049Q4; data/current_revenue_outlook/revenue_chart_rows.csv:current_comparison_1:2050Q1; data/current_revenue_outlook/revenue_chart_rows.csv:current_comparison_1:2050Q2; AZ16; AZ10; AZ12; AZ14; scenario_inputs/scenario_input_wide.parquet:PED:population (2049Q3; 2049Q4; 2050Q1; 2050Q2),U_t=current PED-derived light petrol activity + current finalist total Light RUC; target components=U_t*MBU26 light-mobility proportions; lambda allocates EV/PHEV migration between PED and Light RUC. PED light-petrol activity uses population_source=scenario_input_population.,available,available,False,EV/PHEV uptake is allocated between PED/light-petrol and total Light RUC to match MBU proportions; it is not a new model.
