series_id,series_label,fan_source,scenario_name,FY,period,central,p10,p25,p75,p90,lower50,upper50,lower80,upper80,unit,method,source_file,model_id,horizon_scope,interpretation,fed_path,fan_segment
ped_vkt_per_capita,PED VKT per capita,Current finalist backtest error,current_basecase,2026,FY2026,6169.513389534369,-0.03672654000327722,-0.03451811916315908,0.0029096585416977794,0.00774403547464304,5956.553391175717,6187.464566866347,5942.92850923288,6217.290320084207,km/person,empirical_current_finalist_annual_backtest_error,data/dashboard_evidence_pack/data/annual_predictions.parquet; data/current_revenue_outlook/revenue_chart_rows.csv,PED__VNEXT_SOLVED_CONVEX_TOP2,annual_backtest_residuals_all_available_origins,PED finalist backtest residuals mapped directly to PED VKT per capita. Empirical bands use actual/predicted annual finalist residual ratios; n=24.,Current planned path,empirical_supported
ped_vkt_per_capita,PED VKT per capita,Current finalist backtest error,current_basecase,2027,FY2027,6141.008454644322,-0.03672654000327722,-0.03451811916315908,0.0029096585416977794,0.00774403547464304,5929.032393024942,6158.876692349017,5915.470461974363,6188.56464196717,km/person,empirical_current_finalist_annual_backtest_error,data/dashboard_evidence_pack/data/annual_predictions.parquet; data/current_revenue_outlook/revenue_chart_rows.csv,PED__VNEXT_SOLVED_CONVEX_TOP2,annual_backtest_residuals_all_available_origins,PED finalist backtest residuals mapped directly to PED VKT per capita. Empirical bands use actual/predicted annual finalist residual ratios; n=24.,Current planned path,empirical_supported
ped_vkt_per_capita,PED VKT per capita,Current finalist backtest error,current_basecase,2028,FY2028,6138.046444659734,-0.03672654000327722,-0.03451811916315908,0.0029096585416977794,0.00774403547464304,5926.172626053964,6155.906063926777,5912.617236367965,6185.579694072186,km/person,empirical_current_finalist_annual_backtest_error,data/dashboard_evidence_pack/data/annual_predictions.parquet; data/current_revenue_outlook/revenue_chart_rows.csv,PED__VNEXT_SOLVED_CONVEX_TOP2,annual_backtest_residuals_all_available_origins,PED finalist backtest residuals mapped directly to PED VKT per capita. Empirical bands use actual/predicted annual finalist residual ratios; n=24.,Current planned path,empirical_supported
ped_vkt_per_capita,PED VKT per capita,Current finalist backtest error,current_basecase,2029,FY2029,6133.5092934732065,-0.03672654000327722,-0.03451811916315908,0.0029096585416977794,0.00774403547464304,5921.792088792755,6151.355711179544,5908.24671904599,6181.007407025915,km/person,empirical_current_finalist_annual_backtest_error,data/dashboard_evidence_pack/data/annual_predictions.parquet; data/current_revenue_outlook/revenue_chart_rows.csv,PED__VNEXT_SOLVED_CONVEX_TOP2,annual_backtest_residuals_all_available_origins,PED finalist backtest residuals mapped directly to PED VKT per capita. Empirical bands use actual/predicted annual finalist residual ratios; n=24.,Current planned path,empirical_supported
ped_vkt_per_capita,PED VKT per capita,Current finalist backtest error,current_basecase,2030,FY2030,6114.208933600386,-0.03672654000327722,-0.03451811916315908,0.0029096585416977794,0.00774403547464304,5903.157941041916,6131.999193849762,5889.655194612117,6161.557584481567,km/person,empirical_current_finalist_annual_backtest_error,data/dashboard_evidence_pack/data/annual_predictions.parquet; data/current_revenue_outlook/revenue_chart_rows.csv,PED__VNEXT_SOLVED_CONVEX_TOP2,annual_backtest_residuals_all_available_origins,PED finalist backtest residuals mapped directly to PED VKT per capita. Empirical bands use actual/predicted annual finalist residual ratios; n=24.,Current planned path,empirical_supported
ped_vkt_per_capita,PED VKT per capita,Scenario spread,current_basecase_vs_current_comparison_1,2026,FY2026,6169.513389534369,,,,,6169.2392325267765,6169.513389534369,6169.2392325267765,6169.513389534369,km/person,scenario_spread_not_probabilistic,forecast_scenario_comparison.parquet,PED__VNEXT_SOLVED_CONVEX_TOP2,future_june_year_base_vs_comparison,Base and comparison current-finalist values define a scenario spread; this is not probabilistic uncertainty.,Current planned path,empirical_supported
ped_vkt_per_capita,PED VKT per capita,Scenario spread,current_basecase_vs_current_comparison_1,2027,FY2027,6141.008454644322,,,,,6138.803634393285,6141.008454644322,6138.803634393285,6141.008454644322,km/person,scenario_spread_not_probabilistic,forecast_scenario_comparison.parquet,PED__VNEXT_SOLVED_CONVEX_TOP2,future_june_year_base_vs_comparison,Base and comparison current-finalist values define a scenario spread; this is not probabilistic uncertainty.,Current planned path,empirical_supported
ped_vkt_per_capita,PED VKT per capita,Scenario spread,current_basecase_vs_current_comparison_1,2028,FY2028,6138.046444659734,,,,,6132.178733998277,6138.046444659734,6132.178733998277,6138.046444659734,km/person,scenario_spread_not_probabilistic,forecast_scenario_comparison.parquet,PED__VNEXT_SOLVED_CONVEX_TOP2,future_june_year_base_vs_comparison,Base and comparison current-finalist values define a scenario spread; this is not probabilistic uncertainty.,Current planned path,empirical_supported
ped_vkt_per_capita,PED VKT per capita,Scenario spread,current_basecase_vs_current_comparison_1,2029,FY2029,6133.5092934732065,,,,,6124.2876876223,6133.5092934732065,6124.2876876223,6133.5092934732065,km/person,scenario_spread_not_probabilistic,forecast_scenario_comparison.parquet,PED__VNEXT_SOLVED_CONVEX_TOP2,future_june_year_base_vs_comparison,Base and comparison current-finalist values define a scenario spread; this is not probabilistic uncertainty.,Current planned path,empirical_supported
ped_vkt_per_capita,PED VKT per capita,Scenario spread,current_basecase_vs_current_comparison_1,2030,FY2030,6114.208933600386,,,,,6103.089432589002,6114.208933600386,6103.089432589002,6114.208933600386,km/person,scenario_spread_not_probabilistic,forecast_scenario_comparison.parquet,PED__VNEXT_SOLVED_CONVEX_TOP2,future_june_year_base_vs_comparison,Base and comparison current-finalist values define a scenario spread; this is not probabilistic uncertainty.,Current planned path,empirical_supported
ped_vkt_per_capita,PED VKT per capita,Scenario spread,current_basecase_vs_current_comparison_1,2031,FY2031,6113.39742210443,,,,,6100.072543068092,6113.39742210443,6100.072543068092,6113.39742210443,km/person,scenario_spread_not_probabilistic,post_model_extrapolation,PED__VNEXT_SOLVED_CONVEX_TOP2,future_june_year_base_vs_comparison,Base and comparison current-finalist values define a scenario spread; this is not probabilistic uncertainty.,Current planned path,long_run_scenario_envelope
ped_vkt_per_capita,PED VKT per capita,Scenario spread,current_basecase_vs_current_comparison_1,2032,FY2032,6105.330649957428,,,,,6088.113156088539,6105.330649957428,6088.113156088539,6105.330649957428,km/person,scenario_spread_not_probabilistic,post_model_extrapolation,PED__VNEXT_SOLVED_CONVEX_TOP2,future_june_year_base_vs_comparison,Base and comparison current-finalist values define a scenario spread; this is not probabilistic uncertainty.,Current planned path,long_run_scenario_envelope
ped_vkt_per_capita,PED VKT per capita,Scenario spread,current_basecase_vs_current_comparison_1,2033,FY2033,6088.836552316208,,,,,6068.175177057288,6088.836552316208,6068.175177057288,6088.836552316208,km/person,scenario_spread_not_probabilistic,post_model_extrapolation,PED__VNEXT_SOLVED_CONVEX_TOP2,future_june_year_base_vs_comparison,Base and comparison current-finalist values define a scenario spread; this is not probabilistic uncertainty.,Current planned path,long_run_scenario_envelope
ped_vkt_per_capita,PED VKT per capita,Scenario spread,current_basecase_vs_current_comparison_1,2034,FY2034,6072.948011927281,,,,,6049.128071765743,6072.948011927281,6049.128071765743,6072.948011927281,km/person,scenario_spread_not_probabilistic,post_model_extrapolation,PED__VNEXT_SOLVED_CONVEX_TOP2,future_june_year_base_vs_comparison,Base and comparison current-finalist values define a scenario spread; this is not probabilistic uncertainty.,Current planned path,long_run_scenario_envelope
ped_vkt_per_capita,PED VKT per capita,Scenario spread,current_basecase_vs_current_comparison_1,2035,FY2035,6055.779111710105,,,,,6029.538356644062,6055.779111710105,6029.538356644062,6055.779111710105,km/person,scenario_spread_not_probabilistic,post_model_extrapolation,PED__VNEXT_SOLVED_CONVEX_TOP2,future_june_year_base_vs_comparison,Base and comparison current-finalist values define a scenario spread; this is not probabilistic uncertainty.,Current planned path,long_run_scenario_envelope
ped_vkt_per_capita,PED VKT per capita,Scenario spread,current_basecase_vs_current_comparison_1,2036,FY2036,6038.17436125261,,,,,6007.763249904924,6038.17436125261,6007.763249904924,6038.17436125261,km/person,scenario_spread_not_probabilistic,post_model_extrapolation,PED__VNEXT_SOLVED_CONVEX_TOP2,future_june_year_base_vs_comparison,Base and comparison current-finalist values define a scenario spread; this is not probabilistic uncertainty.,Current planned path,long_run_scenario_envelope
ped_vkt_per_capita,PED VKT per capita,Scenario spread,current_basecase_vs_current_comparison_1,2037,FY2037,6020.107647034416,,,,,5985.809794523731,6020.107647034416,5985.809794523731,6020.107647034416,km/person,scenario_spread_not_probabilistic,post_model_extrapolation,PED__VNEXT_SOLVED_CONVEX_TOP2,future_june_year_base_vs_comparison,Base and comparison current-finalist values define a scenario spread; this is not probabilistic uncertainty.,Current planned path,long_run_scenario_envelope
ped_vkt_per_capita,PED VKT per capita,Scenario spread,current_basecase_vs_current_comparison_1,2038,FY2038,6002.086926143315,,,,,5963.888777785275,6002.086926143315,5963.888777785275,6002.086926143315,km/person,scenario_spread_not_probabilistic,post_model_extrapolation,PED__VNEXT_SOLVED_CONVEX_TOP2,future_june_year_base_vs_comparison,Base and comparison current-finalist values define a scenario spread; this is not probabilistic uncertainty.,Current planned path,long_run_scenario_envelope
ped_vkt_per_capita,PED VKT per capita,Scenario spread,current_basecase_vs_current_comparison_1,2039,FY2039,5984.160351818519,,,,,5942.109223335306,5984.160351818519,5942.109223335306,5984.160351818519,km/person,scenario_spread_not_probabilistic,post_model_extrapolation,PED__VNEXT_SOLVED_CONVEX_TOP2,future_june_year_base_vs_comparison,Base and comparison current-finalist values define a scenario spread; this is not probabilistic uncertainty.,Current planned path,long_run_scenario_envelope
ped_vkt_per_capita,PED VKT per capita,Scenario spread,current_basecase_vs_current_comparison_1,2040,FY2040,5966.328426179405,,,,,5920.47086420989,5966.328426179405,5920.47086420989,5966.328426179405,km/person,scenario_spread_not_probabilistic,post_model_extrapolation,PED__VNEXT_SOLVED_CONVEX_TOP2,future_june_year_base_vs_comparison,Base and comparison current-finalist values define a scenario spread; this is not probabilistic uncertainty.,Current planned path,long_run_scenario_envelope
ped_vkt_per_capita,PED VKT per capita,Scenario spread,current_basecase_vs_current_comparison_1,2041,FY2041,5948.59206638935,,,,,5894.450599080435,5948.59206638935,5894.450599080435,5948.59206638935,km/person,scenario_spread_not_probabilistic,post_model_extrapolation,PED__VNEXT_SOLVED_CONVEX_TOP2,future_june_year_base_vs_comparison,Base and comparison current-finalist values define a scenario spread; this is not probabilistic uncertainty.,Current planned path,long_run_scenario_envelope
ped_vkt_per_capita,PED VKT per capita,Scenario spread,current_basecase_vs_current_comparison_1,2042,FY2042,5930.9545262788215,,,,,5849.92527450901,5930.9545262788215,5849.92527450901,5930.9545262788215,km/person,scenario_spread_not_probabilistic,post_model_extrapolation,PED__VNEXT_SOLVED_CONVEX_TOP2,future_june_year_base_vs_comparison,Base and comparison current-finalist values define a scenario spread; this is not probabilistic uncertainty.,Current planned path,long_run_scenario_envelope
ped_vkt_per_capita,PED VKT per capita,Scenario spread,current_basecase_vs_current_comparison_1,2043,FY2043,5913.410695618122,,,,,5828.278356441811,5913.410695618122,5828.278356441811,5913.410695618122,km/person,scenario_spread_not_probabilistic,post_model_extrapolation,PED__VNEXT_SOLVED_CONVEX_TOP2,future_june_year_base_vs_comparison,Base and comparison current-finalist values define a scenario spread; this is not probabilistic uncertainty.,Current planned path,long_run_scenario_envelope
ped_vkt_per_capita,PED VKT per capita,Scenario spread,current_basecase_vs_current_comparison_1,2044,FY2044,5895.959663872156,,,,,5818.204020668767,5895.959663872156,5818.204020668767,5895.959663872156,km/person,scenario_spread_not_probabilistic,post_model_extrapolation,PED__VNEXT_SOLVED_CONVEX_TOP2,future_june_year_base_vs_comparison,Base and comparison current-finalist values define a scenario spread; this is not probabilistic uncertainty.,Current planned path,long_run_scenario_envelope
ped_vkt_per_capita,PED VKT per capita,Scenario spread,current_basecase_vs_current_comparison_1,2045,FY2045,5882.29328706435,,,,,5791.247330374383,5882.29328706435,5791.247330374383,5882.29328706435,km/person,scenario_spread_not_probabilistic,post_model_extrapolation,PED__VNEXT_SOLVED_CONVEX_TOP2,future_june_year_base_vs_comparison,Base and comparison current-finalist values define a scenario spread; this is not probabilistic uncertainty.,Current planned path,long_run_scenario_envelope
ped_vkt_per_capita,PED VKT per capita,Scenario spread,current_basecase_vs_current_comparison_1,2046,FY2046,5868.752653606149,,,,,5777.644359149913,5868.752653606149,5777.644359149913,5868.752653606149,km/person,scenario_spread_not_probabilistic,post_model_extrapolation,PED__VNEXT_SOLVED_CONVEX_TOP2,future_june_year_base_vs_comparison,Base and comparison current-finalist values define a scenario spread; this is not probabilistic uncertainty.,Current planned path,long_run_scenario_envelope
ped_vkt_per_capita,PED VKT per capita,Scenario spread,current_basecase_vs_current_comparison_1,2047,FY2047,5850.218309996961,,,,,5758.332773873047,5850.218309996961,5758.332773873047,5850.218309996961,km/person,scenario_spread_not_probabilistic,post_model_extrapolation,PED__VNEXT_SOLVED_CONVEX_TOP2,future_june_year_base_vs_comparison,Base and comparison current-finalist values define a scenario spread; this is not probabilistic uncertainty.,Current planned path,long_run_scenario_envelope
ped_vkt_per_capita,PED VKT per capita,Scenario spread,current_basecase_vs_current_comparison_1,2048,FY2048,5833.133577413679,,,,,5736.206182362954,5833.133577413679,5736.206182362954,5833.133577413679,km/person,scenario_spread_not_probabilistic,post_model_extrapolation,PED__VNEXT_SOLVED_CONVEX_TOP2,future_june_year_base_vs_comparison,Base and comparison current-finalist values define a scenario spread; this is not probabilistic uncertainty.,Current planned path,long_run_scenario_envelope
ped_vkt_per_capita,PED VKT per capita,Scenario spread,current_basecase_vs_current_comparison_1,2049,FY2049,5816.139208289072,,,,,5715.203587590004,5816.139208289072,5715.203587590004,5816.139208289072,km/person,scenario_spread_not_probabilistic,post_model_extrapolation,PED__VNEXT_SOLVED_CONVEX_TOP2,future_june_year_base_vs_comparison,Base and comparison current-finalist values define a scenario spread; this is not probabilistic uncertainty.,Current planned path,long_run_scenario_envelope
ped_vkt_per_capita,PED VKT per capita,Scenario spread,current_basecase_vs_current_comparison_1,2050,FY2050,5799.234723231457,,,,,5694.341415389591,5799.234723231457,5694.341415389591,5799.234723231457,km/person,scenario_spread_not_probabilistic,post_model_extrapolation,PED__VNEXT_SOLVED_CONVEX_TOP2,future_june_year_base_vs_comparison,Base and comparison current-finalist values define a scenario spread; this is not probabilistic uncertainty.,Current planned path,long_run_scenario_envelope
ped_volume,PED volume,Scenario spread,current_basecase_vs_current_comparison_1,2026,FY2026,3060.889071656919,,,,,3060.889071656919,3064.1315559297523,3060.889071656919,3064.1315559297523,million litres,scenario_spread_not_probabilistic,forecast_scenario_comparison.parquet; scenario_inputs/scenario_input_wide.parquet; mbu26_official_annual.csv,PED__VNEXT_SOLVED_CONVEX_TOP2,future_june_year_base_vs_comparison,Base and comparison current-finalist values define a scenario spread; this is not probabilistic uncertainty.,Current planned path,empirical_supported
ped_volume,PED volume,Scenario spread,current_basecase_vs_current_comparison_1,2027,FY2027,2988.1217042310122,,,,,2988.1217042310122,3007.5905901369983,2988.1217042310122,3007.5905901369983,million litres,scenario_spread_not_probabilistic,forecast_scenario_comparison.parquet; scenario_inputs/scenario_input_wide.parquet; mbu26_official_annual.csv,PED__VNEXT_SOLVED_CONVEX_TOP2,future_june_year_base_vs_comparison,Base and comparison current-finalist values define a scenario spread; this is not probabilistic uncertainty.,Current planned path,empirical_supported
ped_volume,PED volume,Scenario spread,current_basecase_vs_current_comparison_1,2028,FY2028,2981.668112816533,,,,,2981.668112816533,3019.956879710486,2981.668112816533,3019.956879710486,million litres,scenario_spread_not_probabilistic,forecast_scenario_comparison.parquet; scenario_inputs/scenario_input_wide.parquet; mbu26_official_annual.csv,PED__VNEXT_SOLVED_CONVEX_TOP2,future_june_year_base_vs_comparison,Base and comparison current-finalist values define a scenario spread; this is not probabilistic uncertainty.,Current planned path,empirical_supported
ped_volume,PED volume,Scenario spread,current_basecase_vs_current_comparison_1,2029,FY2029,2973.980088087325,,,,,2973.980088087325,3031.4181363759153,2973.980088087325,3031.4181363759153,million litres,scenario_spread_not_probabilistic,forecast_scenario_comparison.parquet; scenario_inputs/scenario_input_wide.parquet; mbu26_official_annual.csv,PED__VNEXT_SOLVED_CONVEX_TOP2,future_june_year_base_vs_comparison,Base and comparison current-finalist values define a scenario spread; this is not probabilistic uncertainty.,Current planned path,empirical_supported
ped_volume,PED volume,Scenario spread,current_basecase_vs_current_comparison_1,2030,FY2030,2958.899456253502,,,,,2958.899456253502,3036.036401927321,2958.899456253502,3036.036401927321,million litres,scenario_spread_not_probabilistic,forecast_scenario_comparison.parquet; scenario_inputs/scenario_input_wide.parquet; mbu26_official_annual.csv,PED__VNEXT_SOLVED_CONVEX_TOP2,future_june_year_base_vs_comparison,Base and comparison current-finalist values define a scenario spread; this is not probabilistic uncertainty.,Current planned path,empirical_supported
ped_volume,PED volume,Scenario spread,current_basecase_vs_current_comparison_1,2031,FY2031,2951.6956855068775,,,,,2951.6956855068775,3049.430082136688,2951.6956855068775,3049.430082136688,million litres,scenario_spread_not_probabilistic,post_model_extrapolation,PED__VNEXT_SOLVED_CONVEX_TOP2,future_june_year_base_vs_comparison,Base and comparison current-finalist values define a scenario spread; this is not probabilistic uncertainty.,Current planned path,long_run_scenario_envelope
ped_volume,PED volume,Scenario spread,current_basecase_vs_current_comparison_1,2032,FY2032,2937.407935997684,,,,,2937.407935997684,3058.039628465735,2937.407935997684,3058.039628465735,million litres,scenario_spread_not_probabilistic,post_model_extrapolation,PED__VNEXT_SOLVED_CONVEX_TOP2,future_june_year_base_vs_comparison,Base and comparison current-finalist values define a scenario spread; this is not probabilistic uncertainty.,Current planned path,long_run_scenario_envelope
ped_volume,PED volume,Scenario spread,current_basecase_vs_current_comparison_1,2033,FY2033,2918.5857228422306,,,,,2918.5857228422306,3062.3433810889946,2918.5857228422306,3062.3433810889946,million litres,scenario_spread_not_probabilistic,post_model_extrapolation,PED__VNEXT_SOLVED_CONVEX_TOP2,future_june_year_base_vs_comparison,Base and comparison current-finalist values define a scenario spread; this is not probabilistic uncertainty.,Current planned path,long_run_scenario_envelope
ped_volume,PED volume,Scenario spread,current_basecase_vs_current_comparison_1,2034,FY2034,2899.842597556754,,,,,2899.842597556754,3066.7445470273883,2899.842597556754,3066.7445470273883,million litres,scenario_spread_not_probabilistic,post_model_extrapolation,PED__VNEXT_SOLVED_CONVEX_TOP2,future_june_year_base_vs_comparison,Base and comparison current-finalist values define a scenario spread; this is not probabilistic uncertainty.,Current planned path,long_run_scenario_envelope
ped_volume,PED volume,Scenario spread,current_basecase_vs_current_comparison_1,2035,FY2035,2880.2882737226873,,,,,2880.2882737226873,3070.5211472881992,2880.2882737226873,3070.5211472881992,million litres,scenario_spread_not_probabilistic,post_model_extrapolation,PED__VNEXT_SOLVED_CONVEX_TOP2,future_june_year_base_vs_comparison,Base and comparison current-finalist values define a scenario spread; this is not probabilistic uncertainty.,Current planned path,long_run_scenario_envelope
ped_volume,PED volume,Scenario spread,current_basecase_vs_current_comparison_1,2036,FY2036,2860.324061439724,,,,,2860.324061439724,3072.816901620077,2860.324061439724,3072.816901620077,million litres,scenario_spread_not_probabilistic,post_model_extrapolation,PED__VNEXT_SOLVED_CONVEX_TOP2,future_june_year_base_vs_comparison,Base and comparison current-finalist values define a scenario spread; this is not probabilistic uncertainty.,Current planned path,long_run_scenario_envelope
ped_volume,PED volume,Scenario spread,current_basecase_vs_current_comparison_1,2037,FY2037,2839.940827590954,,,,,2839.940827590954,3074.6413447283,2839.940827590954,3074.6413447283,million litres,scenario_spread_not_probabilistic,post_model_extrapolation,PED__VNEXT_SOLVED_CONVEX_TOP2,future_june_year_base_vs_comparison,Base and comparison current-finalist values define a scenario spread; this is not probabilistic uncertainty.,Current planned path,long_run_scenario_envelope
ped_volume,PED volume,Scenario spread,current_basecase_vs_current_comparison_1,2038,FY2038,2819.379388996482,,,,,2819.379388996482,3076.0936947560217,2819.379388996482,3076.0936947560217,million litres,scenario_spread_not_probabilistic,post_model_extrapolation,PED__VNEXT_SOLVED_CONVEX_TOP2,future_june_year_base_vs_comparison,Base and comparison current-finalist values define a scenario spread; this is not probabilistic uncertainty.,Current planned path,long_run_scenario_envelope
ped_volume,PED volume,Scenario spread,current_basecase_vs_current_comparison_1,2039,FY2039,2798.658544974989,,,,,2798.658544974989,3077.2187884713453,2798.658544974989,3077.2187884713453,million litres,scenario_spread_not_probabilistic,post_model_extrapolation,PED__VNEXT_SOLVED_CONVEX_TOP2,future_june_year_base_vs_comparison,Base and comparison current-finalist values define a scenario spread; this is not probabilistic uncertainty.,Current planned path,long_run_scenario_envelope
ped_volume,PED volume,Scenario spread,current_basecase_vs_current_comparison_1,2040,FY2040,2777.7748889102822,,,,,2777.7748889102822,3078.005988480056,2777.7748889102822,3078.005988480056,million litres,scenario_spread_not_probabilistic,post_model_extrapolation,PED__VNEXT_SOLVED_CONVEX_TOP2,future_june_year_base_vs_comparison,Base and comparison current-finalist values define a scenario spread; this is not probabilistic uncertainty.,Current planned path,long_run_scenario_envelope
ped_volume,PED volume,Scenario spread,current_basecase_vs_current_comparison_1,2041,FY2041,2756.2289863992146,,,,,2756.2289863992146,3076.088886265793,2756.2289863992146,3076.088886265793,million litres,scenario_spread_not_probabilistic,post_model_extrapolation,PED__VNEXT_SOLVED_CONVEX_TOP2,future_june_year_base_vs_comparison,Base and comparison current-finalist values define a scenario spread; this is not probabilistic uncertainty.,Current planned path,long_run_scenario_envelope
ped_volume,PED volume,Scenario spread,current_basecase_vs_current_comparison_1,2042,FY2042,2732.49375145771,,,,,2732.49375145771,3064.0666242205734,2732.49375145771,3064.0666242205734,million litres,scenario_spread_not_probabilistic,post_model_extrapolation,PED__VNEXT_SOLVED_CONVEX_TOP2,future_june_year_base_vs_comparison,Base and comparison current-finalist values define a scenario spread; this is not probabilistic uncertainty.,Current planned path,long_run_scenario_envelope
ped_volume,PED volume,Scenario spread,current_basecase_vs_current_comparison_1,2043,FY2043,2708.4505267164927,,,,,2708.4505267164927,3063.5320761037246,2708.4505267164927,3063.5320761037246,million litres,scenario_spread_not_probabilistic,post_model_extrapolation,PED__VNEXT_SOLVED_CONVEX_TOP2,future_june_year_base_vs_comparison,Base and comparison current-finalist values define a scenario spread; this is not probabilistic uncertainty.,Current planned path,long_run_scenario_envelope
ped_volume,PED volume,Scenario spread,current_basecase_vs_current_comparison_1,2044,FY2044,2684.281333829904,,,,,2684.281333829904,3068.620922646206,2684.281333829904,3068.620922646206,million litres,scenario_spread_not_probabilistic,post_model_extrapolation,PED__VNEXT_SOLVED_CONVEX_TOP2,future_june_year_base_vs_comparison,Base and comparison current-finalist values define a scenario spread; this is not probabilistic uncertainty.,Current planned path,long_run_scenario_envelope
ped_volume,PED volume,Scenario spread,current_basecase_vs_current_comparison_1,2045,FY2045,2661.6605141764753,,,,,2661.6605141764753,3064.3827413813246,2661.6605141764753,3064.3827413813246,million litres,scenario_spread_not_probabilistic,post_model_extrapolation,PED__VNEXT_SOLVED_CONVEX_TOP2,future_june_year_base_vs_comparison,Base and comparison current-finalist values define a scenario spread; this is not probabilistic uncertainty.,Current planned path,long_run_scenario_envelope
ped_volume,PED volume,Scenario spread,current_basecase_vs_current_comparison_1,2046,FY2046,2638.905016123931,,,,,2638.905016123931,3066.7532828631333,2638.905016123931,3066.7532828631333,million litres,scenario_spread_not_probabilistic,post_model_extrapolation,PED__VNEXT_SOLVED_CONVEX_TOP2,future_june_year_base_vs_comparison,Base and comparison current-finalist values define a scenario spread; this is not probabilistic uncertainty.,Current planned path,long_run_scenario_envelope
ped_volume,PED volume,Scenario spread,current_basecase_vs_current_comparison_1,2047,FY2047,2613.732981248043,,,,,2613.732981248043,3065.6239837774892,2613.732981248043,3065.6239837774892,million litres,scenario_spread_not_probabilistic,post_model_extrapolation,PED__VNEXT_SOLVED_CONVEX_TOP2,future_june_year_base_vs_comparison,Base and comparison current-finalist values define a scenario spread; this is not probabilistic uncertainty.,Current planned path,long_run_scenario_envelope
ped_volume,PED volume,Scenario spread,current_basecase_vs_current_comparison_1,2048,FY2048,2589.045975191543,,,,,2589.045975191543,3062.5255397765063,2589.045975191543,3062.5255397765063,million litres,scenario_spread_not_probabilistic,post_model_extrapolation,PED__VNEXT_SOLVED_CONVEX_TOP2,future_june_year_base_vs_comparison,Base and comparison current-finalist values define a scenario spread; this is not probabilistic uncertainty.,Current planned path,long_run_scenario_envelope
ped_volume,PED volume,Scenario spread,current_basecase_vs_current_comparison_1,2049,FY2049,2564.23626472811,,,,,2564.23626472811,3059.5393922051926,2564.23626472811,3059.5393922051926,million litres,scenario_spread_not_probabilistic,post_model_extrapolation,PED__VNEXT_SOLVED_CONVEX_TOP2,future_june_year_base_vs_comparison,Base and comparison current-finalist values define a scenario spread; this is not probabilistic uncertainty.,Current planned path,long_run_scenario_envelope
ped_volume,PED volume,Scenario spread,current_basecase_vs_current_comparison_1,2050,FY2050,2539.2968696832872,,,,,2539.2968696832872,3056.1267669182575,2539.2968696832872,3056.1267669182575,million litres,scenario_spread_not_probabilistic,post_model_extrapolation,PED__VNEXT_SOLVED_CONVEX_TOP2,future_june_year_base_vs_comparison,Base and comparison current-finalist values define a scenario spread; this is not probabilistic uncertainty.,Current planned path,long_run_scenario_envelope
light_ruc_net_km,Light RUC net km,MBU26 archived forecast error,mbu26_official,2026,FY2026,12899.1247322853,-0.1002823173592905,-0.0683794143757712,0.0030248122550805,0.1112110822460995,12017.090137131605,12938.142162855327,11605.570612225192,14333.650353790175,million km,mbu26_archived_forecast_error_bands,data/revenue_model_source_pack/2026_05_19/mot_error_bands.csv; data/current_revenue_outlook/revenue_chart_rows.csv,MBU26 official comparator,june_year_horizon_from_fy2025_actual,Archived MBU26/MOT forecast-error quantiles by matching source series and June-year horizon.,MBU26,empirical_supported
light_ruc_net_km,Light RUC net km,MBU26 archived forecast error,mbu26_official,2027,FY2027,12939.636710647,-0.1189922945744166,-0.0991827955970986,0.0020214904298945,0.2020497627291366,11656.247367674185,12965.794062423885,11399.919647487757,15554.087237834454,million km,mbu26_archived_forecast_error_bands,data/revenue_model_source_pack/2026_05_19/mot_error_bands.csv; data/current_revenue_outlook/revenue_chart_rows.csv,MBU26 official comparator,june_year_horizon_from_fy2025_actual,Archived MBU26/MOT forecast-error quantiles by matching source series and June-year horizon.,MBU26,empirical_supported
light_ruc_net_km,Light RUC net km,MBU26 archived forecast error,mbu26_official,2028,FY2028,13427.7171481819,-0.1513531174165721,-0.1057111864025649,-0.0143522199225097,0.3895325735759011,12008.257237769525,13234.99959861394,11395.390298016608,18658.250366162454,million km,mbu26_archived_forecast_error_bands,data/revenue_model_source_pack/2026_05_19/mot_error_bands.csv; data/current_revenue_outlook/revenue_chart_rows.csv,MBU26 official comparator,june_year_horizon_from_fy2025_actual,Archived MBU26/MOT forecast-error quantiles by matching source series and June-year horizon.,MBU26,empirical_supported
light_ruc_net_km,Light RUC net km,MBU26 archived forecast error,mbu26_official,2029,FY2029,13926.5605658137,-0.1791483835635804,-0.0893191608521221,-0.0148086436077467,0.2868132772872739,12682.651862518966,13720.327093712865,11431.639751847873,17920.88304303444,million km,mbu26_archived_forecast_error_bands,data/revenue_model_source_pack/2026_05_19/mot_error_bands.csv; data/current_revenue_outlook/revenue_chart_rows.csv,MBU26 official comparator,june_year_horizon_from_fy2025_actual,Archived MBU26/MOT forecast-error quantiles by matching source series and June-year horizon.,MBU26,empirical_supported
light_ruc_net_km,Light RUC net km,MBU26 archived forecast error,mbu26_official,2030,FY2030,14402.4384228319,-0.1333284929032107,-0.1100342010690545,-0.0429452567707291,0.2395955411196825,12817.677617529338,13783.922006638768,12482.183013784428,17853.198450193213,million km,mbu26_archived_forecast_error_bands,data/revenue_model_source_pack/2026_05_19/mot_error_bands.csv; data/current_revenue_outlook/revenue_chart_rows.csv,MBU26 official comparator,june_year_horizon_from_fy2025_actual,Archived MBU26/MOT forecast-error quantiles by matching source series and June-year horizon.,MBU26,empirical_supported
light_ruc_net_km,Light RUC net km,Current finalist backtest error,current_basecase,2026,FY2026,12805.016492073193,-0.003850507347875132,-0.001551723463948107,0.010683065396760894,0.04167726848742974,12785.1466475262,12941.813320664613,12755.710681980803,13338.694602399295,million km,empirical_current_finalist_annual_backtest_error,data/dashboard_evidence_pack/data/annual_predictions.parquet; data/current_revenue_outlook/revenue_chart_rows.csv,dynamic_RESID_GBR_n150_d1_lr0.05_w36,annual_backtest_residuals_all_available_origins,Light RUC finalist backtest residuals mapped directly to Light RUC net km. Empirical bands use actual/predicted annual finalist residual ratios; n=10.,Current planned path,empirical_supported
light_ruc_net_km,Light RUC net km,Current finalist backtest error,current_basecase,2027,FY2027,12884.412921103954,-0.003850507347875132,-0.001551723463948107,0.010683065396760894,0.04167726848742974,12864.41987525508,13022.05794693898,12834.801394478185,13421.400057719713,million km,empirical_current_finalist_annual_backtest_error,data/dashboard_evidence_pack/data/annual_predictions.parquet; data/current_revenue_outlook/revenue_chart_rows.csv,dynamic_RESID_GBR_n150_d1_lr0.05_w36,annual_backtest_residuals_all_available_origins,Light RUC finalist backtest residuals mapped directly to Light RUC net km. Empirical bands use actual/predicted annual finalist residual ratios; n=10.,Current planned path,empirical_supported
light_ruc_net_km,Light RUC net km,Current finalist backtest error,current_basecase,2028,FY2028,13372.423680284686,-0.003850507347875132,-0.001551723463948107,0.010683065396760894,0.04167726848742974,13351.673376690132,13515.282156974361,13320.93306464485,13929.749772335575,million km,empirical_current_finalist_annual_backtest_error,data/dashboard_evidence_pack/data/annual_predictions.parquet; data/current_revenue_outlook/revenue_chart_rows.csv,dynamic_RESID_GBR_n150_d1_lr0.05_w36,annual_backtest_residuals_all_available_origins,Light RUC finalist backtest residuals mapped directly to Light RUC net km. Empirical bands use actual/predicted annual finalist residual ratios; n=10.,Current planned path,empirical_supported
light_ruc_net_km,Light RUC net km,Current finalist backtest error,current_basecase,2029,FY2029,13833.483861200533,-0.003850507347875132,-0.001551723463948107,0.010683065396760894,0.04167726848742974,13812.01811970496,13981.267873954775,13780.217929946268,14410.025682200316,million km,empirical_current_finalist_annual_backtest_error,data/dashboard_evidence_pack/data/annual_predictions.parquet; data/current_revenue_outlook/revenue_chart_rows.csv,dynamic_RESID_GBR_n150_d1_lr0.05_w36,annual_backtest_residuals_all_available_origins,Light RUC finalist backtest residuals mapped directly to Light RUC net km. Empirical bands use actual/predicted annual finalist residual ratios; n=10.,Current planned path,empirical_supported
light_ruc_net_km,Light RUC net km,Current finalist backtest error,current_basecase,2030,FY2030,14129.750867690174,-0.003850507347875132,-0.001551723463948107,0.010683065396760894,0.04167726848742974,14107.825401729038,14280.699920249648,14075.344158150489,14718.640288263392,million km,empirical_current_finalist_annual_backtest_error,data/dashboard_evidence_pack/data/annual_predictions.parquet; data/current_revenue_outlook/revenue_chart_rows.csv,dynamic_RESID_GBR_n150_d1_lr0.05_w36,annual_backtest_residuals_all_available_origins,Light RUC finalist backtest residuals mapped directly to Light RUC net km. Empirical bands use actual/predicted annual finalist residual ratios; n=10.,Current planned path,empirical_supported
light_ruc_net_km,Light RUC net km,Scenario spread,current_basecase_vs_current_comparison_1,2026,FY2026,12805.016492073193,,,,,12805.016492073193,12813.447752201508,12805.016492073193,12813.447752201508,million km,scenario_spread_not_probabilistic,forecast_scenario_comparison.parquet; mbu26_official_annual.csv,dynamic_RESID_GBR_n150_d1_lr0.05_w36,future_june_year_base_vs_comparison,Base and comparison current-finalist values define a scenario spread; this is not probabilistic uncertainty.,Current planned path,empirical_supported
light_ruc_net_km,Light RUC net km,Scenario spread,current_basecase_vs_current_comparison_1,2027,FY2027,12884.412921103954,,,,,12884.412921103954,12961.948272829242,12884.412921103954,12961.948272829242,million km,scenario_spread_not_probabilistic,forecast_scenario_comparison.parquet; mbu26_official_annual.csv,dynamic_RESID_GBR_n150_d1_lr0.05_w36,future_june_year_base_vs_comparison,Base and comparison current-finalist values define a scenario spread; this is not probabilistic uncertainty.,Current planned path,empirical_supported
light_ruc_net_km,Light RUC net km,Scenario spread,current_basecase_vs_current_comparison_1,2028,FY2028,13372.423680284686,,,,,13372.423680284686,13524.331815170966,13372.423680284686,13524.331815170966,million km,scenario_spread_not_probabilistic,forecast_scenario_comparison.parquet; mbu26_official_annual.csv,dynamic_RESID_GBR_n150_d1_lr0.05_w36,future_june_year_base_vs_comparison,Base and comparison current-finalist values define a scenario spread; this is not probabilistic uncertainty.,Current planned path,empirical_supported
light_ruc_net_km,Light RUC net km,Scenario spread,current_basecase_vs_current_comparison_1,2029,FY2029,13833.483861200533,,,,,13833.483861200533,14065.10473483769,13833.483861200533,14065.10473483769,million km,scenario_spread_not_probabilistic,forecast_scenario_comparison.parquet; mbu26_official_annual.csv,dynamic_RESID_GBR_n150_d1_lr0.05_w36,future_june_year_base_vs_comparison,Base and comparison current-finalist values define a scenario spread; this is not probabilistic uncertainty.,Current planned path,empirical_supported
light_ruc_net_km,Light RUC net km,Scenario spread,current_basecase_vs_current_comparison_1,2030,FY2030,14129.750867690174,,,,,14129.750867690174,14442.85599877819,14129.750867690174,14442.85599877819,million km,scenario_spread_not_probabilistic,forecast_scenario_comparison.parquet; mbu26_official_annual.csv,dynamic_RESID_GBR_n150_d1_lr0.05_w36,future_june_year_base_vs_comparison,Base and comparison current-finalist values define a scenario spread; this is not probabilistic uncertainty.,Current planned path,empirical_supported
light_ruc_net_km,Light RUC net km,Scenario spread,current_basecase_vs_current_comparison_1,2031,FY2031,13975.746962431933,,,,,13975.746962431933,14285.439477586699,13975.746962431933,14285.439477586699,million km,scenario_spread_not_probabilistic,post_model_extrapolation,dynamic_RESID_GBR_n150_d1_lr0.05_w36,future_june_year_base_vs_comparison,Base and comparison current-finalist values define a scenario spread; this is not probabilistic uncertainty.,Current planned path,long_run_scenario_envelope
light_ruc_net_km,Light RUC net km,Scenario spread,current_basecase_vs_current_comparison_1,2032,FY2032,13775.00062702552,,,,,13775.00062702552,14080.244747565868,13775.00062702552,14080.244747565868,million km,scenario_spread_not_probabilistic,post_model_extrapolation,dynamic_RESID_GBR_n150_d1_lr0.05_w36,future_june_year_base_vs_comparison,Base and comparison current-finalist values define a scenario spread; this is not probabilistic uncertainty.,Current planned path,long_run_scenario_envelope
light_ruc_net_km,Light RUC net km,Scenario spread,current_basecase_vs_current_comparison_1,2033,FY2033,13525.177472846086,,,,,13525.177472846086,13824.885691715514,13525.177472846086,13824.885691715514,million km,scenario_spread_not_probabilistic,post_model_extrapolation,dynamic_RESID_GBR_n150_d1_lr0.05_w36,future_june_year_base_vs_comparison,Base and comparison current-finalist values define a scenario spread; this is not probabilistic uncertainty.,Current planned path,long_run_scenario_envelope
light_ruc_net_km,Light RUC net km,Scenario spread,current_basecase_vs_current_comparison_1,2034,FY2034,13237.583216969853,,,,,13237.583216969853,13530.918553682372,13237.583216969853,13530.918553682372,million km,scenario_spread_not_probabilistic,post_model_extrapolation,dynamic_RESID_GBR_n150_d1_lr0.05_w36,future_june_year_base_vs_comparison,Base and comparison current-finalist values define a scenario spread; this is not probabilistic uncertainty.,Current planned path,long_run_scenario_envelope
light_ruc_net_km,Light RUC net km,Scenario spread,current_basecase_vs_current_comparison_1,2035,FY2035,12912.571195009017,,,,,12912.571195009017,13198.704498742032,12912.571195009017,13198.704498742032,million km,scenario_spread_not_probabilistic,post_model_extrapolation,dynamic_RESID_GBR_n150_d1_lr0.05_w36,future_june_year_base_vs_comparison,Base and comparison current-finalist values define a scenario spread; this is not probabilistic uncertainty.,Current planned path,long_run_scenario_envelope
light_ruc_net_km,Light RUC net km,Scenario spread,current_basecase_vs_current_comparison_1,2036,FY2036,12552.122907498964,,,,,12552.122907498964,12830.26893605862,12552.122907498964,12830.26893605862,million km,scenario_spread_not_probabilistic,post_model_extrapolation,dynamic_RESID_GBR_n150_d1_lr0.05_w36,future_june_year_base_vs_comparison,Base and comparison current-finalist values define a scenario spread; this is not probabilistic uncertainty.,Current planned path,long_run_scenario_envelope
light_ruc_net_km,Light RUC net km,Scenario spread,current_basecase_vs_current_comparison_1,2037,FY2037,12146.54359530915,,,,,12146.54359530915,12415.702277602128,12146.54359530915,12415.702277602128,million km,scenario_spread_not_probabilistic,post_model_extrapolation,dynamic_RESID_GBR_n150_d1_lr0.05_w36,future_june_year_base_vs_comparison,Base and comparison current-finalist values define a scenario spread; this is not probabilistic uncertainty.,Current planned path,long_run_scenario_envelope
light_ruc_net_km,Light RUC net km,Scenario spread,current_basecase_vs_current_comparison_1,2038,FY2038,11684.693617102424,,,,,11684.693617102424,11943.618035583997,11684.693617102424,11943.618035583997,million km,scenario_spread_not_probabilistic,post_model_extrapolation,dynamic_RESID_GBR_n150_d1_lr0.05_w36,future_june_year_base_vs_comparison,Base and comparison current-finalist values define a scenario spread; this is not probabilistic uncertainty.,Current planned path,long_run_scenario_envelope
light_ruc_net_km,Light RUC net km,Scenario spread,current_basecase_vs_current_comparison_1,2039,FY2039,11178.367305618745,,,,,11178.367305618745,11426.071896686875,11178.367305618745,11426.071896686875,million km,scenario_spread_not_probabilistic,post_model_extrapolation,dynamic_RESID_GBR_n150_d1_lr0.05_w36,future_june_year_base_vs_comparison,Base and comparison current-finalist values define a scenario spread; this is not probabilistic uncertainty.,Current planned path,long_run_scenario_envelope
light_ruc_net_km,Light RUC net km,Scenario spread,current_basecase_vs_current_comparison_1,2040,FY2040,10641.233920367154,,,,,10641.233920367154,10877.036021393122,10641.233920367154,10877.036021393122,million km,scenario_spread_not_probabilistic,post_model_extrapolation,dynamic_RESID_GBR_n150_d1_lr0.05_w36,future_june_year_base_vs_comparison,Base and comparison current-finalist values define a scenario spread; this is not probabilistic uncertainty.,Current planned path,long_run_scenario_envelope
light_ruc_net_km,Light RUC net km,Scenario spread,current_basecase_vs_current_comparison_1,2041,FY2041,10111.285751276555,,,,,10111.285751276555,10335.344581489982,10111.285751276555,10335.344581489982,million km,scenario_spread_not_probabilistic,post_model_extrapolation,dynamic_RESID_GBR_n150_d1_lr0.05_w36,future_june_year_base_vs_comparison,Base and comparison current-finalist values define a scenario spread; this is not probabilistic uncertainty.,Current planned path,long_run_scenario_envelope
light_ruc_net_km,Light RUC net km,Scenario spread,current_basecase_vs_current_comparison_1,2042,FY2042,9611.762640128363,,,,,9611.762640128363,9824.752396961654,9611.762640128363,9824.752396961654,million km,scenario_spread_not_probabilistic,post_model_extrapolation,dynamic_RESID_GBR_n150_d1_lr0.05_w36,future_june_year_base_vs_comparison,Base and comparison current-finalist values define a scenario spread; this is not probabilistic uncertainty.,Current planned path,long_run_scenario_envelope
light_ruc_net_km,Light RUC net km,Scenario spread,current_basecase_vs_current_comparison_1,2043,FY2043,9132.405085672706,,,,,9132.405085672706,9334.772623379042,9132.405085672706,9334.772623379042,million km,scenario_spread_not_probabilistic,post_model_extrapolation,dynamic_RESID_GBR_n150_d1_lr0.05_w36,future_june_year_base_vs_comparison,Base and comparison current-finalist values define a scenario spread; this is not probabilistic uncertainty.,Current planned path,long_run_scenario_envelope
light_ruc_net_km,Light RUC net km,Scenario spread,current_basecase_vs_current_comparison_1,2044,FY2044,8671.836942368514,,,,,8671.836942368514,8863.998620804254,8671.836942368514,8863.998620804254,million km,scenario_spread_not_probabilistic,post_model_extrapolation,dynamic_RESID_GBR_n150_d1_lr0.05_w36,future_june_year_base_vs_comparison,Base and comparison current-finalist values define a scenario spread; this is not probabilistic uncertainty.,Current planned path,long_run_scenario_envelope
light_ruc_net_km,Light RUC net km,Scenario spread,current_basecase_vs_current_comparison_1,2045,FY2045,8238.50872385256,,,,,8238.50872385256,8421.068160187002,8238.50872385256,8421.068160187002,million km,scenario_spread_not_probabilistic,post_model_extrapolation,dynamic_RESID_GBR_n150_d1_lr0.05_w36,future_june_year_base_vs_comparison,Base and comparison current-finalist values define a scenario spread; this is not probabilistic uncertainty.,Current planned path,long_run_scenario_envelope
light_ruc_net_km,Light RUC net km,Scenario spread,current_basecase_vs_current_comparison_1,2046,FY2046,7823.61746025536,,,,,7823.61746025536,7996.983204167886,7823.61746025536,7996.983204167886,million km,scenario_spread_not_probabilistic,post_model_extrapolation,dynamic_RESID_GBR_n150_d1_lr0.05_w36,future_june_year_base_vs_comparison,Base and comparison current-finalist values define a scenario spread; this is not probabilistic uncertainty.,Current planned path,long_run_scenario_envelope
light_ruc_net_km,Light RUC net km,Scenario spread,current_basecase_vs_current_comparison_1,2047,FY2047,7423.469400556028,,,,,7423.469400556028,7587.968150856283,7423.469400556028,7587.968150856283,million km,scenario_spread_not_probabilistic,post_model_extrapolation,dynamic_RESID_GBR_n150_d1_lr0.05_w36,future_june_year_base_vs_comparison,Base and comparison current-finalist values define a scenario spread; this is not probabilistic uncertainty.,Current planned path,long_run_scenario_envelope
light_ruc_net_km,Light RUC net km,Scenario spread,current_basecase_vs_current_comparison_1,2048,FY2048,7035.468939563513,,,,,7035.468939563513,7191.3698783143045,7035.468939563513,7191.3698783143045,million km,scenario_spread_not_probabilistic,post_model_extrapolation,dynamic_RESID_GBR_n150_d1_lr0.05_w36,future_june_year_base_vs_comparison,Base and comparison current-finalist values define a scenario spread; this is not probabilistic uncertainty.,Current planned path,long_run_scenario_envelope
light_ruc_net_km,Light RUC net km,Scenario spread,current_basecase_vs_current_comparison_1,2049,FY2049,6654.1728255871385,,,,,6654.1728255871385,6801.624516303209,6654.1728255871385,6801.624516303209,million km,scenario_spread_not_probabilistic,post_model_extrapolation,dynamic_RESID_GBR_n150_d1_lr0.05_w36,future_june_year_base_vs_comparison,Base and comparison current-finalist values define a scenario spread; this is not probabilistic uncertainty.,Current planned path,long_run_scenario_envelope
light_ruc_net_km,Light RUC net km,Scenario spread,current_basecase_vs_current_comparison_1,2050,FY2050,6284.47667973669,,,,,6284.47667973669,6423.736169380488,6284.47667973669,6423.736169380488,million km,scenario_spread_not_probabilistic,post_model_extrapolation,dynamic_RESID_GBR_n150_d1_lr0.05_w36,future_june_year_base_vs_comparison,Base and comparison current-finalist values define a scenario spread; this is not probabilistic uncertainty.,Current planned path,long_run_scenario_envelope
light_bev_ruc_net_km,Light BEV RUC net km,Scenario spread,current_basecase_vs_current_comparison_1,2026,FY2026,1238.551058032925,,,,,1238.551058032925,1239.3665623439847,1238.551058032925,1239.3665623439847,million km,scenario_spread_not_probabilistic,forecast_scenario_comparison.parquet; mbu26_official_annual.csv,PED__VNEXT_SOLVED_CONVEX_TOP2; dynamic_RESID_GBR_n150_d1_lr0.05_w36; HEAVY_RUC__VNEXT_SOLVED_CONVEX_TOP4,future_june_year_base_vs_comparison,Base and comparison current-finalist values define a scenario spread; this is not probabilistic uncertainty.,Current planned path,empirical_supported
light_bev_ruc_net_km,Light BEV RUC net km,Scenario spread,current_basecase_vs_current_comparison_1,2027,FY2027,1539.4354765615176,,,,,1539.4354765615176,1548.6994354135409,1539.4354765615176,1548.6994354135409,million km,scenario_spread_not_probabilistic,forecast_scenario_comparison.parquet; mbu26_official_annual.csv,PED__VNEXT_SOLVED_CONVEX_TOP2; dynamic_RESID_GBR_n150_d1_lr0.05_w36; HEAVY_RUC__VNEXT_SOLVED_CONVEX_TOP4,future_june_year_base_vs_comparison,Base and comparison current-finalist values define a scenario spread; this is not probabilistic uncertainty.,Current planned path,empirical_supported
light_bev_ruc_net_km,Light BEV RUC net km,Scenario spread,current_basecase_vs_current_comparison_1,2028,FY2028,2021.437085826135,,,,,2021.437085826135,2044.4002183770822,2021.437085826135,2044.4002183770822,million km,scenario_spread_not_probabilistic,forecast_scenario_comparison.parquet; mbu26_official_annual.csv,PED__VNEXT_SOLVED_CONVEX_TOP2; dynamic_RESID_GBR_n150_d1_lr0.05_w36; HEAVY_RUC__VNEXT_SOLVED_CONVEX_TOP4,future_june_year_base_vs_comparison,Base and comparison current-finalist values define a scenario spread; this is not probabilistic uncertainty.,Current planned path,empirical_supported
light_bev_ruc_net_km,Light BEV RUC net km,Scenario spread,current_basecase_vs_current_comparison_1,2029,FY2029,2638.996121219678,,,,,2638.996121219678,2683.182140681946,2638.996121219678,2683.182140681946,million km,scenario_spread_not_probabilistic,forecast_scenario_comparison.parquet; mbu26_official_annual.csv,PED__VNEXT_SOLVED_CONVEX_TOP2; dynamic_RESID_GBR_n150_d1_lr0.05_w36; HEAVY_RUC__VNEXT_SOLVED_CONVEX_TOP4,future_june_year_base_vs_comparison,Base and comparison current-finalist values define a scenario spread; this is not probabilistic uncertainty.,Current planned path,empirical_supported
light_bev_ruc_net_km,Light BEV RUC net km,Scenario spread,current_basecase_vs_current_comparison_1,2030,FY2030,3337.1581463926477,,,,,3337.1581463926477,3411.1071741336104,3337.1581463926477,3411.1071741336104,million km,scenario_spread_not_probabilistic,forecast_scenario_comparison.parquet; mbu26_official_annual.csv,PED__VNEXT_SOLVED_CONVEX_TOP2; dynamic_RESID_GBR_n150_d1_lr0.05_w36; HEAVY_RUC__VNEXT_SOLVED_CONVEX_TOP4,future_june_year_base_vs_comparison,Base and comparison current-finalist values define a scenario spread; this is not probabilistic uncertainty.,Current planned path,empirical_supported
light_bev_ruc_net_km,Light BEV RUC net km,Scenario spread,current_basecase_vs_current_comparison_1,2031,FY2031,4016.374058260012,,,,,4016.374058260012,4105.374022787737,4016.374058260012,4105.374022787737,million km,scenario_spread_not_probabilistic,post_model_extrapolation,PED__VNEXT_SOLVED_CONVEX_TOP2; dynamic_RESID_GBR_n150_d1_lr0.05_w36; HEAVY_RUC__VNEXT_SOLVED_CONVEX_TOP4,future_june_year_base_vs_comparison,Base and comparison current-finalist values define a scenario spread; this is not probabilistic uncertainty.,Current planned path,long_run_scenario_envelope
light_bev_ruc_net_km,Light BEV RUC net km,Scenario spread,current_basecase_vs_current_comparison_1,2032,FY2032,4775.173449470449,,,,,4775.173449470449,4880.987863529462,4775.173449470449,4880.987863529462,million km,scenario_spread_not_probabilistic,post_model_extrapolation,PED__VNEXT_SOLVED_CONVEX_TOP2; dynamic_RESID_GBR_n150_d1_lr0.05_w36; HEAVY_RUC__VNEXT_SOLVED_CONVEX_TOP4,future_june_year_base_vs_comparison,Base and comparison current-finalist values define a scenario spread; this is not probabilistic uncertainty.,Current planned path,long_run_scenario_envelope
light_bev_ruc_net_km,Light BEV RUC net km,Scenario spread,current_basecase_vs_current_comparison_1,2033,FY2033,5648.8408958640175,,,,,5648.8408958640175,5774.015153057696,5648.8408958640175,5774.015153057696,million km,scenario_spread_not_probabilistic,post_model_extrapolation,PED__VNEXT_SOLVED_CONVEX_TOP2; dynamic_RESID_GBR_n150_d1_lr0.05_w36; HEAVY_RUC__VNEXT_SOLVED_CONVEX_TOP4,future_june_year_base_vs_comparison,Base and comparison current-finalist values define a scenario spread; this is not probabilistic uncertainty.,Current planned path,long_run_scenario_envelope
light_bev_ruc_net_km,Light BEV RUC net km,Scenario spread,current_basecase_vs_current_comparison_1,2034,FY2034,6700.546142023555,,,,,6700.546142023555,6849.025432126039,6700.546142023555,6849.025432126039,million km,scenario_spread_not_probabilistic,post_model_extrapolation,PED__VNEXT_SOLVED_CONVEX_TOP2; dynamic_RESID_GBR_n150_d1_lr0.05_w36; HEAVY_RUC__VNEXT_SOLVED_CONVEX_TOP4,future_june_year_base_vs_comparison,Base and comparison current-finalist values define a scenario spread; this is not probabilistic uncertainty.,Current planned path,long_run_scenario_envelope
light_bev_ruc_net_km,Light BEV RUC net km,Scenario spread,current_basecase_vs_current_comparison_1,2035,FY2035,7966.403240258576,,,,,7966.403240258576,8142.933014505678,7966.403240258576,8142.933014505678,million km,scenario_spread_not_probabilistic,post_model_extrapolation,PED__VNEXT_SOLVED_CONVEX_TOP2; dynamic_RESID_GBR_n150_d1_lr0.05_w36; HEAVY_RUC__VNEXT_SOLVED_CONVEX_TOP4,future_june_year_base_vs_comparison,Base and comparison current-finalist values define a scenario spread; this is not probabilistic uncertainty.,Current planned path,long_run_scenario_envelope
light_bev_ruc_net_km,Light BEV RUC net km,Scenario spread,current_basecase_vs_current_comparison_1,2036,FY2036,9460.49238066271,,,,,9460.49238066271,9670.130097190178,9460.49238066271,9670.130097190178,million km,scenario_spread_not_probabilistic,post_model_extrapolation,PED__VNEXT_SOLVED_CONVEX_TOP2; dynamic_RESID_GBR_n150_d1_lr0.05_w36; HEAVY_RUC__VNEXT_SOLVED_CONVEX_TOP4,future_june_year_base_vs_comparison,Base and comparison current-finalist values define a scenario spread; this is not probabilistic uncertainty.,Current planned path,long_run_scenario_envelope
light_bev_ruc_net_km,Light BEV RUC net km,Scenario spread,current_basecase_vs_current_comparison_1,2037,FY2037,11212.420722093915,,,,,11212.420722093915,11460.879912413602,11212.420722093915,11460.879912413602,million km,scenario_spread_not_probabilistic,post_model_extrapolation,PED__VNEXT_SOLVED_CONVEX_TOP2; dynamic_RESID_GBR_n150_d1_lr0.05_w36; HEAVY_RUC__VNEXT_SOLVED_CONVEX_TOP4,future_june_year_base_vs_comparison,Base and comparison current-finalist values define a scenario spread; this is not probabilistic uncertainty.,Current planned path,long_run_scenario_envelope
light_bev_ruc_net_km,Light BEV RUC net km,Scenario spread,current_basecase_vs_current_comparison_1,2038,FY2038,13229.119505540864,,,,,13229.119505540864,13522.267292486846,13229.119505540864,13522.267292486846,million km,scenario_spread_not_probabilistic,post_model_extrapolation,PED__VNEXT_SOLVED_CONVEX_TOP2; dynamic_RESID_GBR_n150_d1_lr0.05_w36; HEAVY_RUC__VNEXT_SOLVED_CONVEX_TOP4,future_june_year_base_vs_comparison,Base and comparison current-finalist values define a scenario spread; this is not probabilistic uncertainty.,Current planned path,long_run_scenario_envelope
light_bev_ruc_net_km,Light BEV RUC net km,Scenario spread,current_basecase_vs_current_comparison_1,2039,FY2039,15546.413601962127,,,,,15546.413601962127,15890.910961779102,15546.413601962127,15890.910961779102,million km,scenario_spread_not_probabilistic,post_model_extrapolation,PED__VNEXT_SOLVED_CONVEX_TOP2; dynamic_RESID_GBR_n150_d1_lr0.05_w36; HEAVY_RUC__VNEXT_SOLVED_CONVEX_TOP4,future_june_year_base_vs_comparison,Base and comparison current-finalist values define a scenario spread; this is not probabilistic uncertainty.,Current planned path,long_run_scenario_envelope
light_bev_ruc_net_km,Light BEV RUC net km,Scenario spread,current_basecase_vs_current_comparison_1,2040,FY2040,18159.061349485328,,,,,18159.061349485328,18561.45310695553,18159.061349485328,18561.45310695553,million km,scenario_spread_not_probabilistic,post_model_extrapolation,PED__VNEXT_SOLVED_CONVEX_TOP2; dynamic_RESID_GBR_n150_d1_lr0.05_w36; HEAVY_RUC__VNEXT_SOLVED_CONVEX_TOP4,future_june_year_base_vs_comparison,Base and comparison current-finalist values define a scenario spread; this is not probabilistic uncertainty.,Current planned path,long_run_scenario_envelope
light_bev_ruc_net_km,Light BEV RUC net km,Scenario spread,current_basecase_vs_current_comparison_1,2041,FY2041,20962.884157292618,,,,,20962.884157292618,21427.40661444794,20962.884157292618,21427.40661444794,million km,scenario_spread_not_probabilistic,post_model_extrapolation,PED__VNEXT_SOLVED_CONVEX_TOP2; dynamic_RESID_GBR_n150_d1_lr0.05_w36; HEAVY_RUC__VNEXT_SOLVED_CONVEX_TOP4,future_june_year_base_vs_comparison,Base and comparison current-finalist values define a scenario spread; this is not probabilistic uncertainty.,Current planned path,long_run_scenario_envelope
light_bev_ruc_net_km,Light BEV RUC net km,Scenario spread,current_basecase_vs_current_comparison_1,2042,FY2042,23832.230018701586,,,,,23832.230018701586,24360.335119350486,23832.230018701586,24360.335119350486,million km,scenario_spread_not_probabilistic,post_model_extrapolation,PED__VNEXT_SOLVED_CONVEX_TOP2; dynamic_RESID_GBR_n150_d1_lr0.05_w36; HEAVY_RUC__VNEXT_SOLVED_CONVEX_TOP4,future_june_year_base_vs_comparison,Base and comparison current-finalist values define a scenario spread; this is not probabilistic uncertainty.,Current planned path,long_run_scenario_envelope
light_bev_ruc_net_km,Light BEV RUC net km,Scenario spread,current_basecase_vs_current_comparison_1,2043,FY2043,26639.066223302434,,,,,26639.066223302434,27229.368798345142,26639.066223302434,27229.368798345142,million km,scenario_spread_not_probabilistic,post_model_extrapolation,PED__VNEXT_SOLVED_CONVEX_TOP2; dynamic_RESID_GBR_n150_d1_lr0.05_w36; HEAVY_RUC__VNEXT_SOLVED_CONVEX_TOP4,future_june_year_base_vs_comparison,Base and comparison current-finalist values define a scenario spread; this is not probabilistic uncertainty.,Current planned path,long_run_scenario_envelope
light_bev_ruc_net_km,Light BEV RUC net km,Scenario spread,current_basecase_vs_current_comparison_1,2044,FY2044,29239.484533814353,,,,,29239.484533814353,29887.41051096943,29239.484533814353,29887.41051096943,million km,scenario_spread_not_probabilistic,post_model_extrapolation,PED__VNEXT_SOLVED_CONVEX_TOP2; dynamic_RESID_GBR_n150_d1_lr0.05_w36; HEAVY_RUC__VNEXT_SOLVED_CONVEX_TOP4,future_june_year_base_vs_comparison,Base and comparison current-finalist values define a scenario spread; this is not probabilistic uncertainty.,Current planned path,long_run_scenario_envelope
light_bev_ruc_net_km,Light BEV RUC net km,Scenario spread,current_basecase_vs_current_comparison_1,2045,FY2045,31688.049353853752,,,,,31688.049353853752,32390.23376883515,31688.049353853752,32390.23376883515,million km,scenario_spread_not_probabilistic,post_model_extrapolation,PED__VNEXT_SOLVED_CONVEX_TOP2; dynamic_RESID_GBR_n150_d1_lr0.05_w36; HEAVY_RUC__VNEXT_SOLVED_CONVEX_TOP4,future_june_year_base_vs_comparison,Base and comparison current-finalist values define a scenario spread; this is not probabilistic uncertainty.,Current planned path,long_run_scenario_envelope
light_bev_ruc_net_km,Light BEV RUC net km,Scenario spread,current_basecase_vs_current_comparison_1,2046,FY2046,34132.345577185486,,,,,34132.345577185486,34888.693840955915,34132.345577185486,34888.693840955915,million km,scenario_spread_not_probabilistic,post_model_extrapolation,PED__VNEXT_SOLVED_CONVEX_TOP2; dynamic_RESID_GBR_n150_d1_lr0.05_w36; HEAVY_RUC__VNEXT_SOLVED_CONVEX_TOP4,future_june_year_base_vs_comparison,Base and comparison current-finalist values define a scenario spread; this is not probabilistic uncertainty.,Current planned path,long_run_scenario_envelope
light_bev_ruc_net_km,Light BEV RUC net km,Scenario spread,current_basecase_vs_current_comparison_1,2047,FY2047,36547.57689679175,,,,,36547.57689679175,37357.444951959376,36547.57689679175,37357.444951959376,million km,scenario_spread_not_probabilistic,post_model_extrapolation,PED__VNEXT_SOLVED_CONVEX_TOP2; dynamic_RESID_GBR_n150_d1_lr0.05_w36; HEAVY_RUC__VNEXT_SOLVED_CONVEX_TOP4,future_june_year_base_vs_comparison,Base and comparison current-finalist values define a scenario spread; this is not probabilistic uncertainty.,Current planned path,long_run_scenario_envelope
light_bev_ruc_net_km,Light BEV RUC net km,Scenario spread,current_basecase_vs_current_comparison_1,2048,FY2048,38956.21478118727,,,,,38956.21478118727,39819.45652196331,38956.21478118727,39819.45652196331,million km,scenario_spread_not_probabilistic,post_model_extrapolation,PED__VNEXT_SOLVED_CONVEX_TOP2; dynamic_RESID_GBR_n150_d1_lr0.05_w36; HEAVY_RUC__VNEXT_SOLVED_CONVEX_TOP4,future_june_year_base_vs_comparison,Base and comparison current-finalist values define a scenario spread; this is not probabilistic uncertainty.,Current planned path,long_run_scenario_envelope
light_bev_ruc_net_km,Light BEV RUC net km,Scenario spread,current_basecase_vs_current_comparison_1,2049,FY2049,41169.16671282177,,,,,41169.16671282177,42081.4458790368,41169.16671282177,42081.4458790368,million km,scenario_spread_not_probabilistic,post_model_extrapolation,PED__VNEXT_SOLVED_CONVEX_TOP2; dynamic_RESID_GBR_n150_d1_lr0.05_w36; HEAVY_RUC__VNEXT_SOLVED_CONVEX_TOP4,future_june_year_base_vs_comparison,Base and comparison current-finalist values define a scenario spread; this is not probabilistic uncertainty.,Current planned path,long_run_scenario_envelope
light_bev_ruc_net_km,Light BEV RUC net km,Scenario spread,current_basecase_vs_current_comparison_1,2050,FY2050,43096.35727540888,,,,,43096.35727540888,44051.341600361724,43096.35727540888,44051.341600361724,million km,scenario_spread_not_probabilistic,post_model_extrapolation,PED__VNEXT_SOLVED_CONVEX_TOP2; dynamic_RESID_GBR_n150_d1_lr0.05_w36; HEAVY_RUC__VNEXT_SOLVED_CONVEX_TOP4,future_june_year_base_vs_comparison,Base and comparison current-finalist values define a scenario spread; this is not probabilistic uncertainty.,Current planned path,long_run_scenario_envelope
phev_ruc_net_km,PHEV RUC net km,Scenario spread,current_basecase_vs_current_comparison_1,2026,FY2026,648.6011270216075,,,,,648.6011270216075,649.0281881522841,648.6011270216075,649.0281881522841,million km,scenario_spread_not_probabilistic,forecast_scenario_comparison.parquet; mbu26_official_annual.csv,PED__VNEXT_SOLVED_CONVEX_TOP2; dynamic_RESID_GBR_n150_d1_lr0.05_w36; HEAVY_RUC__VNEXT_SOLVED_CONVEX_TOP4,future_june_year_base_vs_comparison,Base and comparison current-finalist values define a scenario spread; this is not probabilistic uncertainty.,Current planned path,empirical_supported
phev_ruc_net_km,PHEV RUC net km,Scenario spread,current_basecase_vs_current_comparison_1,2027,FY2027,844.0725878349956,,,,,844.0725878349956,849.1520171718391,844.0725878349956,849.1520171718391,million km,scenario_spread_not_probabilistic,forecast_scenario_comparison.parquet; mbu26_official_annual.csv,PED__VNEXT_SOLVED_CONVEX_TOP2; dynamic_RESID_GBR_n150_d1_lr0.05_w36; HEAVY_RUC__VNEXT_SOLVED_CONVEX_TOP4,future_june_year_base_vs_comparison,Base and comparison current-finalist values define a scenario spread; this is not probabilistic uncertainty.,Current planned path,empirical_supported
phev_ruc_net_km,PHEV RUC net km,Scenario spread,current_basecase_vs_current_comparison_1,2028,FY2028,1126.276905928986,,,,,1126.276905928986,1139.0711927565417,1126.276905928986,1139.0711927565417,million km,scenario_spread_not_probabilistic,forecast_scenario_comparison.parquet; mbu26_official_annual.csv,PED__VNEXT_SOLVED_CONVEX_TOP2; dynamic_RESID_GBR_n150_d1_lr0.05_w36; HEAVY_RUC__VNEXT_SOLVED_CONVEX_TOP4,future_june_year_base_vs_comparison,Base and comparison current-finalist values define a scenario spread; this is not probabilistic uncertainty.,Current planned path,empirical_supported
phev_ruc_net_km,PHEV RUC net km,Scenario spread,current_basecase_vs_current_comparison_1,2029,FY2029,1463.9944430780354,,,,,1463.9944430780354,1488.5068273268612,1463.9944430780354,1488.5068273268612,million km,scenario_spread_not_probabilistic,forecast_scenario_comparison.parquet; mbu26_official_annual.csv,PED__VNEXT_SOLVED_CONVEX_TOP2; dynamic_RESID_GBR_n150_d1_lr0.05_w36; HEAVY_RUC__VNEXT_SOLVED_CONVEX_TOP4,future_june_year_base_vs_comparison,Base and comparison current-finalist values define a scenario spread; this is not probabilistic uncertainty.,Current planned path,empirical_supported
phev_ruc_net_km,PHEV RUC net km,Scenario spread,current_basecase_vs_current_comparison_1,2030,FY2030,1824.2490733831303,,,,,1824.2490733831303,1864.6731226538723,1824.2490733831303,1864.6731226538723,million km,scenario_spread_not_probabilistic,forecast_scenario_comparison.parquet; mbu26_official_annual.csv,PED__VNEXT_SOLVED_CONVEX_TOP2; dynamic_RESID_GBR_n150_d1_lr0.05_w36; HEAVY_RUC__VNEXT_SOLVED_CONVEX_TOP4,future_june_year_base_vs_comparison,Base and comparison current-finalist values define a scenario spread; this is not probabilistic uncertainty.,Current planned path,empirical_supported
phev_ruc_net_km,PHEV RUC net km,Scenario spread,current_basecase_vs_current_comparison_1,2031,FY2031,2144.218067842601,,,,,2144.218067842601,2191.7324002253704,2144.218067842601,2191.7324002253704,million km,scenario_spread_not_probabilistic,post_model_extrapolation,PED__VNEXT_SOLVED_CONVEX_TOP2; dynamic_RESID_GBR_n150_d1_lr0.05_w36; HEAVY_RUC__VNEXT_SOLVED_CONVEX_TOP4,future_june_year_base_vs_comparison,Base and comparison current-finalist values define a scenario spread; this is not probabilistic uncertainty.,Current planned path,long_run_scenario_envelope
phev_ruc_net_km,PHEV RUC net km,Scenario spread,current_basecase_vs_current_comparison_1,2032,FY2032,2478.8843820329275,,,,,2478.8843820329275,2533.8146795771854,2478.8843820329275,2533.8146795771854,million km,scenario_spread_not_probabilistic,post_model_extrapolation,PED__VNEXT_SOLVED_CONVEX_TOP2; dynamic_RESID_GBR_n150_d1_lr0.05_w36; HEAVY_RUC__VNEXT_SOLVED_CONVEX_TOP4,future_june_year_base_vs_comparison,Base and comparison current-finalist values define a scenario spread; this is not probabilistic uncertainty.,Current planned path,long_run_scenario_envelope
phev_ruc_net_km,PHEV RUC net km,Scenario spread,current_basecase_vs_current_comparison_1,2033,FY2033,2819.834724976253,,,,,2819.834724976253,2882.320237245908,2819.834724976253,2882.320237245908,million km,scenario_spread_not_probabilistic,post_model_extrapolation,PED__VNEXT_SOLVED_CONVEX_TOP2; dynamic_RESID_GBR_n150_d1_lr0.05_w36; HEAVY_RUC__VNEXT_SOLVED_CONVEX_TOP4,future_june_year_base_vs_comparison,Base and comparison current-finalist values define a scenario spread; this is not probabilistic uncertainty.,Current planned path,long_run_scenario_envelope
phev_ruc_net_km,PHEV RUC net km,Scenario spread,current_basecase_vs_current_comparison_1,2034,FY2034,3156.371640619031,,,,,3156.371640619031,3226.3145692348758,3156.371640619031,3226.3145692348758,million km,scenario_spread_not_probabilistic,post_model_extrapolation,PED__VNEXT_SOLVED_CONVEX_TOP2; dynamic_RESID_GBR_n150_d1_lr0.05_w36; HEAVY_RUC__VNEXT_SOLVED_CONVEX_TOP4,future_june_year_base_vs_comparison,Base and comparison current-finalist values define a scenario spread; this is not probabilistic uncertainty.,Current planned path,long_run_scenario_envelope
phev_ruc_net_km,PHEV RUC net km,Scenario spread,current_basecase_vs_current_comparison_1,2035,FY2035,3471.8704047560514,,,,,3471.8704047560514,3548.804559390545,3471.8704047560514,3548.804559390545,million km,scenario_spread_not_probabilistic,post_model_extrapolation,PED__VNEXT_SOLVED_CONVEX_TOP2; dynamic_RESID_GBR_n150_d1_lr0.05_w36; HEAVY_RUC__VNEXT_SOLVED_CONVEX_TOP4,future_june_year_base_vs_comparison,Base and comparison current-finalist values define a scenario spread; this is not probabilistic uncertainty.,Current planned path,long_run_scenario_envelope
phev_ruc_net_km,PHEV RUC net km,Scenario spread,current_basecase_vs_current_comparison_1,2036,FY2036,3729.520655520703,,,,,3729.520655520703,3812.164154664943,3729.520655520703,3812.164154664943,million km,scenario_spread_not_probabilistic,post_model_extrapolation,PED__VNEXT_SOLVED_CONVEX_TOP2; dynamic_RESID_GBR_n150_d1_lr0.05_w36; HEAVY_RUC__VNEXT_SOLVED_CONVEX_TOP4,future_june_year_base_vs_comparison,Base and comparison current-finalist values define a scenario spread; this is not probabilistic uncertainty.,Current planned path,long_run_scenario_envelope
phev_ruc_net_km,PHEV RUC net km,Scenario spread,current_basecase_vs_current_comparison_1,2037,FY2037,3921.0681928251406,,,,,3921.0681928251406,4007.9562478245325,3921.0681928251406,4007.9562478245325,million km,scenario_spread_not_probabilistic,post_model_extrapolation,PED__VNEXT_SOLVED_CONVEX_TOP2; dynamic_RESID_GBR_n150_d1_lr0.05_w36; HEAVY_RUC__VNEXT_SOLVED_CONVEX_TOP4,future_june_year_base_vs_comparison,Base and comparison current-finalist values define a scenario spread; this is not probabilistic uncertainty.,Current planned path,long_run_scenario_envelope
phev_ruc_net_km,PHEV RUC net km,Scenario spread,current_basecase_vs_current_comparison_1,2038,FY2038,4061.1951029100005,,,,,4061.1951029100005,4151.1882695962095,4061.1951029100005,4151.1882695962095,million km,scenario_spread_not_probabilistic,post_model_extrapolation,PED__VNEXT_SOLVED_CONVEX_TOP2; dynamic_RESID_GBR_n150_d1_lr0.05_w36; HEAVY_RUC__VNEXT_SOLVED_CONVEX_TOP4,future_june_year_base_vs_comparison,Base and comparison current-finalist values define a scenario spread; this is not probabilistic uncertainty.,Current planned path,long_run_scenario_envelope
phev_ruc_net_km,PHEV RUC net km,Scenario spread,current_basecase_vs_current_comparison_1,2039,FY2039,4172.0982884819505,,,,,4172.0982884819505,4264.548990108566,4172.0982884819505,4264.548990108566,million km,scenario_spread_not_probabilistic,post_model_extrapolation,PED__VNEXT_SOLVED_CONVEX_TOP2; dynamic_RESID_GBR_n150_d1_lr0.05_w36; HEAVY_RUC__VNEXT_SOLVED_CONVEX_TOP4,future_june_year_base_vs_comparison,Base and comparison current-finalist values define a scenario spread; this is not probabilistic uncertainty.,Current planned path,long_run_scenario_envelope
phev_ruc_net_km,PHEV RUC net km,Scenario spread,current_basecase_vs_current_comparison_1,2040,FY2040,4215.639650276694,,,,,4215.639650276694,4309.055197208803,4215.639650276694,4309.055197208803,million km,scenario_spread_not_probabilistic,post_model_extrapolation,PED__VNEXT_SOLVED_CONVEX_TOP2; dynamic_RESID_GBR_n150_d1_lr0.05_w36; HEAVY_RUC__VNEXT_SOLVED_CONVEX_TOP4,future_june_year_base_vs_comparison,Base and comparison current-finalist values define a scenario spread; this is not probabilistic uncertainty.,Current planned path,long_run_scenario_envelope
phev_ruc_net_km,PHEV RUC net km,Scenario spread,current_basecase_vs_current_comparison_1,2041,FY2041,4170.422080933922,,,,,4170.422080933922,4262.835639005143,4170.422080933922,4262.835639005143,million km,scenario_spread_not_probabilistic,post_model_extrapolation,PED__VNEXT_SOLVED_CONVEX_TOP2; dynamic_RESID_GBR_n150_d1_lr0.05_w36; HEAVY_RUC__VNEXT_SOLVED_CONVEX_TOP4,future_june_year_base_vs_comparison,Base and comparison current-finalist values define a scenario spread; this is not probabilistic uncertainty.,Current planned path,long_run_scenario_envelope
phev_ruc_net_km,PHEV RUC net km,Scenario spread,current_basecase_vs_current_comparison_1,2042,FY2042,4081.2869337708557,,,,,4081.2869337708557,4171.725320998771,4081.2869337708557,4171.725320998771,million km,scenario_spread_not_probabilistic,post_model_extrapolation,PED__VNEXT_SOLVED_CONVEX_TOP2; dynamic_RESID_GBR_n150_d1_lr0.05_w36; HEAVY_RUC__VNEXT_SOLVED_CONVEX_TOP4,future_june_year_base_vs_comparison,Base and comparison current-finalist values define a scenario spread; this is not probabilistic uncertainty.,Current planned path,long_run_scenario_envelope
phev_ruc_net_km,PHEV RUC net km,Scenario spread,current_basecase_vs_current_comparison_1,2043,FY2043,3972.095244110258,,,,,3972.095244110258,4060.1140219179474,3972.095244110258,4060.1140219179474,million km,scenario_spread_not_probabilistic,post_model_extrapolation,PED__VNEXT_SOLVED_CONVEX_TOP2; dynamic_RESID_GBR_n150_d1_lr0.05_w36; HEAVY_RUC__VNEXT_SOLVED_CONVEX_TOP4,future_june_year_base_vs_comparison,Base and comparison current-finalist values define a scenario spread; this is not probabilistic uncertainty.,Current planned path,long_run_scenario_envelope
phev_ruc_net_km,PHEV RUC net km,Scenario spread,current_basecase_vs_current_comparison_1,2044,FY2044,3851.0778956766544,,,,,3851.0778956766544,3936.4150159590245,3851.0778956766544,3936.4150159590245,million km,scenario_spread_not_probabilistic,post_model_extrapolation,PED__VNEXT_SOLVED_CONVEX_TOP2; dynamic_RESID_GBR_n150_d1_lr0.05_w36; HEAVY_RUC__VNEXT_SOLVED_CONVEX_TOP4,future_june_year_base_vs_comparison,Base and comparison current-finalist values define a scenario spread; this is not probabilistic uncertainty.,Current planned path,long_run_scenario_envelope
phev_ruc_net_km,PHEV RUC net km,Scenario spread,current_basecase_vs_current_comparison_1,2045,FY2045,3722.0952651595435,,,,,3722.0952651595435,3804.574222986376,3722.0952651595435,3804.574222986376,million km,scenario_spread_not_probabilistic,post_model_extrapolation,PED__VNEXT_SOLVED_CONVEX_TOP2; dynamic_RESID_GBR_n150_d1_lr0.05_w36; HEAVY_RUC__VNEXT_SOLVED_CONVEX_TOP4,future_june_year_base_vs_comparison,Base and comparison current-finalist values define a scenario spread; this is not probabilistic uncertainty.,Current planned path,long_run_scenario_envelope
phev_ruc_net_km,PHEV RUC net km,Scenario spread,current_basecase_vs_current_comparison_1,2046,FY2046,3589.234865976725,,,,,3589.234865976725,3668.769732779443,3589.234865976725,3668.769732779443,million km,scenario_spread_not_probabilistic,post_model_extrapolation,PED__VNEXT_SOLVED_CONVEX_TOP2; dynamic_RESID_GBR_n150_d1_lr0.05_w36; HEAVY_RUC__VNEXT_SOLVED_CONVEX_TOP4,future_june_year_base_vs_comparison,Base and comparison current-finalist values define a scenario spread; this is not probabilistic uncertainty.,Current planned path,long_run_scenario_envelope
phev_ruc_net_km,PHEV RUC net km,Scenario spread,current_basecase_vs_current_comparison_1,2047,FY2047,3458.413953080477,,,,,3458.413953080477,3535.049922410409,3458.413953080477,3535.049922410409,million km,scenario_spread_not_probabilistic,post_model_extrapolation,PED__VNEXT_SOLVED_CONVEX_TOP2; dynamic_RESID_GBR_n150_d1_lr0.05_w36; HEAVY_RUC__VNEXT_SOLVED_CONVEX_TOP4,future_june_year_base_vs_comparison,Base and comparison current-finalist values define a scenario spread; this is not probabilistic uncertainty.,Current planned path,long_run_scenario_envelope
phev_ruc_net_km,PHEV RUC net km,Scenario spread,current_basecase_vs_current_comparison_1,2048,FY2048,3335.0283283518806,,,,,3335.0283283518806,3408.930160854718,3335.0283283518806,3408.930160854718,million km,scenario_spread_not_probabilistic,post_model_extrapolation,PED__VNEXT_SOLVED_CONVEX_TOP2; dynamic_RESID_GBR_n150_d1_lr0.05_w36; HEAVY_RUC__VNEXT_SOLVED_CONVEX_TOP4,future_june_year_base_vs_comparison,Base and comparison current-finalist values define a scenario spread; this is not probabilistic uncertainty.,Current planned path,long_run_scenario_envelope
phev_ruc_net_km,PHEV RUC net km,Scenario spread,current_basecase_vs_current_comparison_1,2049,FY2049,3209.506734979682,,,,,3209.506734979682,3280.6270991243587,3209.506734979682,3280.6270991243587,million km,scenario_spread_not_probabilistic,post_model_extrapolation,PED__VNEXT_SOLVED_CONVEX_TOP2; dynamic_RESID_GBR_n150_d1_lr0.05_w36; HEAVY_RUC__VNEXT_SOLVED_CONVEX_TOP4,future_june_year_base_vs_comparison,Base and comparison current-finalist values define a scenario spread; this is not probabilistic uncertainty.,Current planned path,long_run_scenario_envelope
phev_ruc_net_km,PHEV RUC net km,Scenario spread,current_basecase_vs_current_comparison_1,2050,FY2050,3079.8625716979286,,,,,3079.8625716979286,3148.110114296123,3079.8625716979286,3148.110114296123,million km,scenario_spread_not_probabilistic,post_model_extrapolation,PED__VNEXT_SOLVED_CONVEX_TOP2; dynamic_RESID_GBR_n150_d1_lr0.05_w36; HEAVY_RUC__VNEXT_SOLVED_CONVEX_TOP4,future_june_year_base_vs_comparison,Base and comparison current-finalist values define a scenario spread; this is not probabilistic uncertainty.,Current planned path,long_run_scenario_envelope
heavy_ruc_net_km,Heavy RUC net km,MBU26 archived forecast error,mbu26_official,2026,FY2026,4106.65708028096,-0.0388433956507842,-0.0268364580013724,0.0357876948466335,0.0710249638208895,3996.4489500199616,4253.624870709822,3947.1405745095126,4398.3322508327155,million km,mbu26_archived_forecast_error_bands,data/revenue_model_source_pack/2026_05_19/mot_error_bands.csv; data/current_revenue_outlook/revenue_chart_rows.csv,MBU26 official comparator,june_year_horizon_from_fy2025_actual,Archived MBU26/MOT forecast-error quantiles by matching source series and June-year horizon.,MBU26,empirical_supported
heavy_ruc_net_km,Heavy RUC net km,MBU26 archived forecast error,mbu26_official,2027,FY2027,4256.14265648045,-0.0386798589100694,-0.0268747272543615,0.0314103505063701,0.0823415966504276,4141.759983431884,4389.829589125614,4091.515659026658,4606.600238387042,million km,mbu26_archived_forecast_error_bands,data/revenue_model_source_pack/2026_05_19/mot_error_bands.csv; data/current_revenue_outlook/revenue_chart_rows.csv,MBU26 official comparator,june_year_horizon_from_fy2025_actual,Archived MBU26/MOT forecast-error quantiles by matching source series and June-year horizon.,MBU26,empirical_supported
heavy_ruc_net_km,Heavy RUC net km,MBU26 archived forecast error,mbu26_official,2028,FY2028,4323.42005434382,-0.0260256359499253,-0.0089788795160527,0.0527981710371144,0.1162097347360957,4284.600586578581,4551.688725838356,4210.900297950861,4825.843552011832,million km,mbu26_archived_forecast_error_bands,data/revenue_model_source_pack/2026_05_19/mot_error_bands.csv; data/current_revenue_outlook/revenue_chart_rows.csv,MBU26 official comparator,june_year_horizon_from_fy2025_actual,Archived MBU26/MOT forecast-error quantiles by matching source series and June-year horizon.,MBU26,empirical_supported
heavy_ruc_net_km,Heavy RUC net km,MBU26 archived forecast error,mbu26_official,2029,FY2029,4400.67521803142,-0.0184047651542764,-0.0091344742316367,0.0695462950625744,0.0951746304614919,4360.47736365051,4706.725875219192,4319.681824123308,4819.507855688606,million km,mbu26_archived_forecast_error_bands,data/revenue_model_source_pack/2026_05_19/mot_error_bands.csv; data/current_revenue_outlook/revenue_chart_rows.csv,MBU26 official comparator,june_year_horizon_from_fy2025_actual,Archived MBU26/MOT forecast-error quantiles by matching source series and June-year horizon.,MBU26,empirical_supported
heavy_ruc_net_km,Heavy RUC net km,MBU26 archived forecast error,mbu26_official,2030,FY2030,4474.70373343995,-0.0075903356800448,-0.0018078715882478,0.0640960536225419,0.1388495877634571,4466.614043694438,4761.514583883506,4440.739230034392,5096.01450219169,million km,mbu26_archived_forecast_error_bands,data/revenue_model_source_pack/2026_05_19/mot_error_bands.csv; data/current_revenue_outlook/revenue_chart_rows.csv,MBU26 official comparator,june_year_horizon_from_fy2025_actual,Archived MBU26/MOT forecast-error quantiles by matching source series and June-year horizon.,MBU26,empirical_supported
heavy_ruc_net_km,Heavy RUC net km,Current finalist backtest error,current_basecase,2026,FY2026,4064.8582976485013,-0.023919396889915855,-0.01140853304175482,0.014970062624262037,0.02546764623379367,4018.4842274497273,4125.709480923051,3967.6293387257792,4168.380670763514,million km,empirical_current_finalist_annual_backtest_error,data/dashboard_evidence_pack/data/annual_predictions.parquet; data/current_revenue_outlook/revenue_chart_rows.csv,HEAVY_RUC__VNEXT_SOLVED_CONVEX_TOP4,annual_backtest_residuals_all_available_origins,Heavy RUC finalist backtest residuals mapped directly to Heavy RUC net km. Empirical bands use actual/predicted annual finalist residual ratios; n=24.,Current planned path,empirical_supported
heavy_ruc_net_km,Heavy RUC net km,Current finalist backtest error,current_basecase,2027,FY2027,4102.648453941279,-0.023919396889915855,-0.01140853304175482,0.014970062624262037,0.02546764623379367,4055.843253495785,4164.065358222112,4004.5155772716575,4207.133253387876,million km,empirical_current_finalist_annual_backtest_error,data/dashboard_evidence_pack/data/annual_predictions.parquet; data/current_revenue_outlook/revenue_chart_rows.csv,HEAVY_RUC__VNEXT_SOLVED_CONVEX_TOP4,annual_backtest_residuals_all_available_origins,Heavy RUC finalist backtest residuals mapped directly to Heavy RUC net km. Empirical bands use actual/predicted annual finalist residual ratios; n=24.,Current planned path,empirical_supported
heavy_ruc_net_km,Heavy RUC net km,Current finalist backtest error,current_basecase,2028,FY2028,4134.717390885671,-0.023919396889915855,-0.01140853304175482,0.014970062624262037,0.02546764623379367,4087.546330913434,4196.614369160856,4035.8174445854397,4240.018910673462,million km,empirical_current_finalist_annual_backtest_error,data/dashboard_evidence_pack/data/annual_predictions.parquet; data/current_revenue_outlook/revenue_chart_rows.csv,HEAVY_RUC__VNEXT_SOLVED_CONVEX_TOP4,annual_backtest_residuals_all_available_origins,Heavy RUC finalist backtest residuals mapped directly to Heavy RUC net km. Empirical bands use actual/predicted annual finalist residual ratios; n=24.,Current planned path,empirical_supported
heavy_ruc_net_km,Heavy RUC net km,Current finalist backtest error,current_basecase,2029,FY2029,4171.7848863087565,-0.023919396889915855,-0.01140853304175482,0.014970062624262037,0.02546764623379367,4124.19094059021,4234.236767311749,4071.998307873785,4278.030427956755,million km,empirical_current_finalist_annual_backtest_error,data/dashboard_evidence_pack/data/annual_predictions.parquet; data/current_revenue_outlook/revenue_chart_rows.csv,HEAVY_RUC__VNEXT_SOLVED_CONVEX_TOP4,annual_backtest_residuals_all_available_origins,Heavy RUC finalist backtest residuals mapped directly to Heavy RUC net km. Empirical bands use actual/predicted annual finalist residual ratios; n=24.,Current planned path,empirical_supported
heavy_ruc_net_km,Heavy RUC net km,Current finalist backtest error,current_basecase,2030,FY2030,4205.391223564057,-0.023919396889915855,-0.01140853304175482,0.014970062624262037,0.02546764623379367,4157.413878836521,4268.346193540334,4104.80080181026,4312.4926395204875,million km,empirical_current_finalist_annual_backtest_error,data/dashboard_evidence_pack/data/annual_predictions.parquet; data/current_revenue_outlook/revenue_chart_rows.csv,HEAVY_RUC__VNEXT_SOLVED_CONVEX_TOP4,annual_backtest_residuals_all_available_origins,Heavy RUC finalist backtest residuals mapped directly to Heavy RUC net km. Empirical bands use actual/predicted annual finalist residual ratios; n=24.,Current planned path,empirical_supported
heavy_ruc_net_km,Heavy RUC net km,Scenario spread,current_basecase_vs_current_comparison_1,2026,FY2026,4064.8582976485013,,,,,4064.8582976485013,4066.201179575919,4064.8582976485013,4066.201179575919,million km,scenario_spread_not_probabilistic,forecast_scenario_comparison.parquet,HEAVY_RUC__VNEXT_SOLVED_CONVEX_TOP4,future_june_year_base_vs_comparison,Base and comparison current-finalist values define a scenario spread; this is not probabilistic uncertainty.,Current planned path,empirical_supported
heavy_ruc_net_km,Heavy RUC net km,Scenario spread,current_basecase_vs_current_comparison_1,2027,FY2027,4102.648453941279,,,,,4102.648453941279,4110.916527916741,4102.648453941279,4110.916527916741,million km,scenario_spread_not_probabilistic,forecast_scenario_comparison.parquet,HEAVY_RUC__VNEXT_SOLVED_CONVEX_TOP4,future_june_year_base_vs_comparison,Base and comparison current-finalist values define a scenario spread; this is not probabilistic uncertainty.,Current planned path,empirical_supported
heavy_ruc_net_km,Heavy RUC net km,Scenario spread,current_basecase_vs_current_comparison_1,2028,FY2028,4134.717390885671,,,,,4134.717390885671,4142.5615822042155,4134.717390885671,4142.5615822042155,million km,scenario_spread_not_probabilistic,forecast_scenario_comparison.parquet,HEAVY_RUC__VNEXT_SOLVED_CONVEX_TOP4,future_june_year_base_vs_comparison,Base and comparison current-finalist values define a scenario spread; this is not probabilistic uncertainty.,Current planned path,empirical_supported
heavy_ruc_net_km,Heavy RUC net km,Scenario spread,current_basecase_vs_current_comparison_1,2029,FY2029,4171.7848863087565,,,,,4171.7848863087565,4176.882628191386,4171.7848863087565,4176.882628191386,million km,scenario_spread_not_probabilistic,forecast_scenario_comparison.parquet,HEAVY_RUC__VNEXT_SOLVED_CONVEX_TOP4,future_june_year_base_vs_comparison,Base and comparison current-finalist values define a scenario spread; this is not probabilistic uncertainty.,Current planned path,empirical_supported
heavy_ruc_net_km,Heavy RUC net km,Scenario spread,current_basecase_vs_current_comparison_1,2030,FY2030,4205.391223564057,,,,,4205.391223564057,4210.847871284816,4205.391223564057,4210.847871284816,million km,scenario_spread_not_probabilistic,forecast_scenario_comparison.parquet,HEAVY_RUC__VNEXT_SOLVED_CONVEX_TOP4,future_june_year_base_vs_comparison,Base and comparison current-finalist values define a scenario spread; this is not probabilistic uncertainty.,Current planned path,empirical_supported
heavy_ruc_net_km,Heavy RUC net km,Scenario spread,current_basecase_vs_current_comparison_1,2031,FY2031,4243.077952193822,,,,,4243.077952193822,4251.3175338658475,4243.077952193822,4251.3175338658475,million km,scenario_spread_not_probabilistic,post_model_extrapolation,HEAVY_RUC__VNEXT_SOLVED_CONVEX_TOP4,future_june_year_base_vs_comparison,Base and comparison current-finalist values define a scenario spread; this is not probabilistic uncertainty.,Current planned path,long_run_scenario_envelope
heavy_ruc_net_km,Heavy RUC net km,Scenario spread,current_basecase_vs_current_comparison_1,2032,FY2032,4274.356327077081,,,,,4274.356327077081,4286.1840290771315,4274.356327077081,4286.1840290771315,million km,scenario_spread_not_probabilistic,post_model_extrapolation,HEAVY_RUC__VNEXT_SOLVED_CONVEX_TOP4,future_june_year_base_vs_comparison,Base and comparison current-finalist values define a scenario spread; this is not probabilistic uncertainty.,Current planned path,long_run_scenario_envelope
heavy_ruc_net_km,Heavy RUC net km,Scenario spread,current_basecase_vs_current_comparison_1,2033,FY2033,4301.483346364516,,,,,4301.483346364516,4316.994420679974,4301.483346364516,4316.994420679974,million km,scenario_spread_not_probabilistic,post_model_extrapolation,HEAVY_RUC__VNEXT_SOLVED_CONVEX_TOP4,future_june_year_base_vs_comparison,Base and comparison current-finalist values define a scenario spread; this is not probabilistic uncertainty.,Current planned path,long_run_scenario_envelope
heavy_ruc_net_km,Heavy RUC net km,Scenario spread,current_basecase_vs_current_comparison_1,2034,FY2034,4330.449531757859,,,,,4330.449531757859,4347.7874810075955,4330.449531757859,4347.7874810075955,million km,scenario_spread_not_probabilistic,post_model_extrapolation,HEAVY_RUC__VNEXT_SOLVED_CONVEX_TOP4,future_june_year_base_vs_comparison,Base and comparison current-finalist values define a scenario spread; this is not probabilistic uncertainty.,Current planned path,long_run_scenario_envelope
heavy_ruc_net_km,Heavy RUC net km,Scenario spread,current_basecase_vs_current_comparison_1,2035,FY2035,4358.359659743342,,,,,4358.359659743342,4377.46921593617,4358.359659743342,4377.46921593617,million km,scenario_spread_not_probabilistic,post_model_extrapolation,HEAVY_RUC__VNEXT_SOLVED_CONVEX_TOP4,future_june_year_base_vs_comparison,Base and comparison current-finalist values define a scenario spread; this is not probabilistic uncertainty.,Current planned path,long_run_scenario_envelope
heavy_ruc_net_km,Heavy RUC net km,Scenario spread,current_basecase_vs_current_comparison_1,2036,FY2036,4383.287429204114,,,,,4383.287429204114,4404.846171567302,4383.287429204114,4404.846171567302,million km,scenario_spread_not_probabilistic,post_model_extrapolation,HEAVY_RUC__VNEXT_SOLVED_CONVEX_TOP4,future_june_year_base_vs_comparison,Base and comparison current-finalist values define a scenario spread; this is not probabilistic uncertainty.,Current planned path,long_run_scenario_envelope
heavy_ruc_net_km,Heavy RUC net km,Scenario spread,current_basecase_vs_current_comparison_1,2037,FY2037,4406.816970445276,,,,,4406.816970445276,4429.15476033063,4406.816970445276,4429.15476033063,million km,scenario_spread_not_probabilistic,post_model_extrapolation,HEAVY_RUC__VNEXT_SOLVED_CONVEX_TOP4,future_june_year_base_vs_comparison,Base and comparison current-finalist values define a scenario spread; this is not probabilistic uncertainty.,Current planned path,long_run_scenario_envelope
heavy_ruc_net_km,Heavy RUC net km,Scenario spread,current_basecase_vs_current_comparison_1,2038,FY2038,4431.545497042672,,,,,4431.545497042672,4456.090001769831,4431.545497042672,4456.090001769831,million km,scenario_spread_not_probabilistic,post_model_extrapolation,HEAVY_RUC__VNEXT_SOLVED_CONVEX_TOP4,future_june_year_base_vs_comparison,Base and comparison current-finalist values define a scenario spread; this is not probabilistic uncertainty.,Current planned path,long_run_scenario_envelope
heavy_ruc_net_km,Heavy RUC net km,Scenario spread,current_basecase_vs_current_comparison_1,2039,FY2039,4456.807344134446,,,,,4456.807344134446,4483.818222825168,4456.807344134446,4483.818222825168,million km,scenario_spread_not_probabilistic,post_model_extrapolation,HEAVY_RUC__VNEXT_SOLVED_CONVEX_TOP4,future_june_year_base_vs_comparison,Base and comparison current-finalist values define a scenario spread; this is not probabilistic uncertainty.,Current planned path,long_run_scenario_envelope
heavy_ruc_net_km,Heavy RUC net km,Scenario spread,current_basecase_vs_current_comparison_1,2040,FY2040,4482.507180988519,,,,,4482.507180988519,4512.061830816224,4482.507180988519,4512.061830816224,million km,scenario_spread_not_probabilistic,post_model_extrapolation,HEAVY_RUC__VNEXT_SOLVED_CONVEX_TOP4,future_june_year_base_vs_comparison,Base and comparison current-finalist values define a scenario spread; this is not probabilistic uncertainty.,Current planned path,long_run_scenario_envelope
heavy_ruc_net_km,Heavy RUC net km,Scenario spread,current_basecase_vs_current_comparison_1,2041,FY2041,4508.10719717719,,,,,4508.10719717719,4540.272085151839,4508.10719717719,4540.272085151839,million km,scenario_spread_not_probabilistic,post_model_extrapolation,HEAVY_RUC__VNEXT_SOLVED_CONVEX_TOP4,future_june_year_base_vs_comparison,Base and comparison current-finalist values define a scenario spread; this is not probabilistic uncertainty.,Current planned path,long_run_scenario_envelope
heavy_ruc_net_km,Heavy RUC net km,Scenario spread,current_basecase_vs_current_comparison_1,2042,FY2042,4532.805090841068,,,,,4532.805090841068,4567.631427397976,4532.805090841068,4567.631427397976,million km,scenario_spread_not_probabilistic,post_model_extrapolation,HEAVY_RUC__VNEXT_SOLVED_CONVEX_TOP4,future_june_year_base_vs_comparison,Base and comparison current-finalist values define a scenario spread; this is not probabilistic uncertainty.,Current planned path,long_run_scenario_envelope
heavy_ruc_net_km,Heavy RUC net km,Scenario spread,current_basecase_vs_current_comparison_1,2043,FY2043,4558.856019389018,,,,,4558.856019389018,4596.42299892358,4558.856019389018,4596.42299892358,million km,scenario_spread_not_probabilistic,post_model_extrapolation,HEAVY_RUC__VNEXT_SOLVED_CONVEX_TOP4,future_june_year_base_vs_comparison,Base and comparison current-finalist values define a scenario spread; this is not probabilistic uncertainty.,Current planned path,long_run_scenario_envelope
heavy_ruc_net_km,Heavy RUC net km,Scenario spread,current_basecase_vs_current_comparison_1,2044,FY2044,4585.482987228015,,,,,4585.482987228015,4625.868394364349,4585.482987228015,4625.868394364349,million km,scenario_spread_not_probabilistic,post_model_extrapolation,HEAVY_RUC__VNEXT_SOLVED_CONVEX_TOP4,future_june_year_base_vs_comparison,Base and comparison current-finalist values define a scenario spread; this is not probabilistic uncertainty.,Current planned path,long_run_scenario_envelope
heavy_ruc_net_km,Heavy RUC net km,Scenario spread,current_basecase_vs_current_comparison_1,2045,FY2045,4612.571051808469,,,,,4612.571051808469,4655.8544657550065,4612.571051808469,4655.8544657550065,million km,scenario_spread_not_probabilistic,post_model_extrapolation,HEAVY_RUC__VNEXT_SOLVED_CONVEX_TOP4,future_june_year_base_vs_comparison,Base and comparison current-finalist values define a scenario spread; this is not probabilistic uncertainty.,Current planned path,long_run_scenario_envelope
heavy_ruc_net_km,Heavy RUC net km,Scenario spread,current_basecase_vs_current_comparison_1,2046,FY2046,4640.124917236298,,,,,4640.124917236298,4686.388698561367,4640.124917236298,4686.388698561367,million km,scenario_spread_not_probabilistic,post_model_extrapolation,HEAVY_RUC__VNEXT_SOLVED_CONVEX_TOP4,future_june_year_base_vs_comparison,Base and comparison current-finalist values define a scenario spread; this is not probabilistic uncertainty.,Current planned path,long_run_scenario_envelope
heavy_ruc_net_km,Heavy RUC net km,Scenario spread,current_basecase_vs_current_comparison_1,2047,FY2047,4668.153375396992,,,,,4668.153375396992,4717.482803278485,4668.153375396992,4717.482803278485,million km,scenario_spread_not_probabilistic,post_model_extrapolation,HEAVY_RUC__VNEXT_SOLVED_CONVEX_TOP4,future_june_year_base_vs_comparison,Base and comparison current-finalist values define a scenario spread; this is not probabilistic uncertainty.,Current planned path,long_run_scenario_envelope
heavy_ruc_net_km,Heavy RUC net km,Scenario spread,current_basecase_vs_current_comparison_1,2048,FY2048,4696.665573810622,,,,,4696.665573810622,4749.148957314288,4696.665573810622,4749.148957314288,million km,scenario_spread_not_probabilistic,post_model_extrapolation,HEAVY_RUC__VNEXT_SOLVED_CONVEX_TOP4,future_june_year_base_vs_comparison,Base and comparison current-finalist values define a scenario spread; this is not probabilistic uncertainty.,Current planned path,long_run_scenario_envelope
heavy_ruc_net_km,Heavy RUC net km,Scenario spread,current_basecase_vs_current_comparison_1,2049,FY2049,4725.670894176879,,,,,4725.670894176879,4781.399686941462,4725.670894176879,4781.399686941462,million km,scenario_spread_not_probabilistic,post_model_extrapolation,HEAVY_RUC__VNEXT_SOLVED_CONVEX_TOP4,future_june_year_base_vs_comparison,Base and comparison current-finalist values define a scenario spread; this is not probabilistic uncertainty.,Current planned path,long_run_scenario_envelope
heavy_ruc_net_km,Heavy RUC net km,Scenario spread,current_basecase_vs_current_comparison_1,2050,FY2050,4755.178954591507,,,,,4755.178954591507,4814.247874228561,4755.178954591507,4814.247874228561,million km,scenario_spread_not_probabilistic,post_model_extrapolation,HEAVY_RUC__VNEXT_SOLVED_CONVEX_TOP4,future_june_year_base_vs_comparison,Base and comparison current-finalist values define a scenario spread; this is not probabilistic uncertainty.,Current planned path,long_run_scenario_envelope
gross_ped_revenue,PED revenue,MBU26 archived forecast error,mbu26_official,2026,FY2026,2062.7846868373,-0.0707599859212573,-0.0433962868843546,0.025163603050548,0.0975104947729897,1973.267490786655,2114.691781875623,1916.8220714381073,2263.9278422609514,$m nominal ex GST,mbu26_archived_forecast_error_bands,data/revenue_model_source_pack/2026_05_19/mot_error_bands.csv; data/current_revenue_outlook/revenue_chart_rows.csv,MBU26 official comparator,june_year_horizon_from_fy2025_actual,Archived MBU26/MOT forecast-error quantiles by matching source series and June-year horizon.,MBU26,empirical_supported
gross_ped_revenue,PED revenue,MBU26 archived forecast error,mbu26_official,2027,FY2027,2200.87789552971,-0.0463698572987143,-0.0238387938883528,0.0483126975035497,0.1264006157432494,2148.4116210047455,2307.2082435386856,2098.8235015821024,2479.070216700372,$m nominal ex GST,mbu26_archived_forecast_error_bands,data/revenue_model_source_pack/2026_05_19/mot_error_bands.csv; data/current_revenue_outlook/revenue_chart_rows.csv,MBU26 official comparator,june_year_horizon_from_fy2025_actual,Archived MBU26/MOT forecast-error quantiles by matching source series and June-year horizon.,MBU26,empirical_supported
gross_ped_revenue,PED revenue,MBU26 archived forecast error,mbu26_official,2028,FY2028,2456.02635360613,-0.0489331730747283,-0.0300961277451191,0.0888156213932445,0.1273750415025062,2382.109470722621,2674.159860359843,2335.8451909690275,2768.86281232796,$m nominal ex GST,mbu26_archived_forecast_error_bands,data/revenue_model_source_pack/2026_05_19/mot_error_bands.csv; data/current_revenue_outlook/revenue_chart_rows.csv,MBU26 official comparator,june_year_horizon_from_fy2025_actual,Archived MBU26/MOT forecast-error quantiles by matching source series and June-year horizon.,MBU26,empirical_supported
gross_ped_revenue,PED revenue,MBU26 archived forecast error,mbu26_official,2029,FY2029,2596.02295478143,-0.0500529815331713,-0.0247034033618101,0.1045284894655164,0.1351857951634973,2531.8923525929463,2867.3813128625393,2466.0842657660664,2946.96838218625,$m nominal ex GST,mbu26_archived_forecast_error_bands,data/revenue_model_source_pack/2026_05_19/mot_error_bands.csv; data/current_revenue_outlook/revenue_chart_rows.csv,MBU26 official comparator,june_year_horizon_from_fy2025_actual,Archived MBU26/MOT forecast-error quantiles by matching source series and June-year horizon.,MBU26,empirical_supported
gross_ped_revenue,PED revenue,MBU26 archived forecast error,mbu26_official,2030,FY2030,2706.16345401687,-0.0644323183994158,-0.025818515848074,0.1181046876890539,0.1406221164928957,2636.294329991857,3025.774043589064,2531.7990687067927,3086.709886496448,$m nominal ex GST,mbu26_archived_forecast_error_bands,data/revenue_model_source_pack/2026_05_19/mot_error_bands.csv; data/current_revenue_outlook/revenue_chart_rows.csv,MBU26 official comparator,june_year_horizon_from_fy2025_actual,Archived MBU26/MOT forecast-error quantiles by matching source series and June-year horizon.,MBU26,empirical_supported
gross_ped_revenue,PED revenue,Current finalist backtest error,current_basecase,2026,FY2026,2143.356963537042,-0.03672654000327722,-0.03451811916315908,0.0029096585416977794,0.00774403547464304,2069.3723124604835,2149.593400433905,2064.6388782743957,2159.9551958974957,$m nominal ex GST,empirical_current_finalist_annual_backtest_error,data/dashboard_evidence_pack/data/annual_predictions.parquet; data/current_revenue_outlook/revenue_chart_rows.csv,PED__VNEXT_SOLVED_CONVEX_TOP2,annual_backtest_residuals_all_available_origins,"PED model uncertainty applied through the deterministic MBU26 population, intensity and rate bridge; excludes uncertainty in those bridge inputs. Empirical bands use actual/predicted annual finalist residual ratios; n=24.",Current planned path,empirical_supported
gross_ped_revenue,PED revenue,Current finalist backtest error,current_basecase,2027,FY2027,2270.5040576345127,-0.03672654000327722,-0.03451811916315908,0.0029096585416977794,0.00774403547464304,2192.1305280126485,2277.110449159769,2187.1162995341956,2288.086921602155,$m nominal ex GST,empirical_current_finalist_annual_backtest_error,data/dashboard_evidence_pack/data/annual_predictions.parquet; data/current_revenue_outlook/revenue_chart_rows.csv,PED__VNEXT_SOLVED_CONVEX_TOP2,annual_backtest_residuals_all_available_origins,"PED model uncertainty applied through the deterministic MBU26 population, intensity and rate bridge; excludes uncertainty in those bridge inputs. Empirical bands use actual/predicted annual finalist residual ratios; n=24.",Current planned path,empirical_supported
gross_ped_revenue,PED revenue,Current finalist backtest error,current_basecase,2028,FY2028,2534.684498990492,-0.03672654000327722,-0.03451811916315908,0.0029096585416977794,0.00774403547464304,2447.1919574133262,2542.059565393489,2441.594307342631,2554.3131856677023,$m nominal ex GST,empirical_current_finalist_annual_backtest_error,data/dashboard_evidence_pack/data/annual_predictions.parquet; data/current_revenue_outlook/revenue_chart_rows.csv,PED__VNEXT_SOLVED_CONVEX_TOP2,annual_backtest_residuals_all_available_origins,"PED model uncertainty applied through the deterministic MBU26 population, intensity and rate bridge; excludes uncertainty in those bridge inputs. Empirical bands use actual/predicted annual finalist residual ratios; n=24.",Current planned path,empirical_supported
gross_ped_revenue,PED revenue,Current finalist backtest error,current_basecase,2029,FY2029,2676.9113070502763,-0.03672654000327722,-0.03451811916315908,0.0029096585416977794,0.00774403547464304,2584.509363564307,2684.7002049002026,2578.597616846669,2697.6414031745467,$m nominal ex GST,empirical_current_finalist_annual_backtest_error,data/dashboard_evidence_pack/data/annual_predictions.parquet; data/current_revenue_outlook/revenue_chart_rows.csv,PED__VNEXT_SOLVED_CONVEX_TOP2,annual_backtest_residuals_all_available_origins,"PED model uncertainty applied through the deterministic MBU26 population, intensity and rate bridge; excludes uncertainty in those bridge inputs. Empirical bands use actual/predicted annual finalist residual ratios; n=24.",Current planned path,empirical_supported
gross_ped_revenue,PED revenue,Current finalist backtest error,current_basecase,2030,FY2030,2781.659206232161,-0.03672654000327722,-0.03451811916315908,0.0029096585416977794,0.00774403547464304,2685.641562280141,2789.752884701667,2679.498488118991,2803.2004738035903,$m nominal ex GST,empirical_current_finalist_annual_backtest_error,data/dashboard_evidence_pack/data/annual_predictions.parquet; data/current_revenue_outlook/revenue_chart_rows.csv,PED__VNEXT_SOLVED_CONVEX_TOP2,annual_backtest_residuals_all_available_origins,"PED model uncertainty applied through the deterministic MBU26 population, intensity and rate bridge; excludes uncertainty in those bridge inputs. Empirical bands use actual/predicted annual finalist residual ratios; n=24.",Current planned path,empirical_supported
gross_ped_revenue,PED revenue,Scenario spread,current_basecase_vs_current_comparison_1,2026,FY2026,2143.356963537042,,,,,2143.356963537042,2145.6274807242507,2143.356963537042,2145.6274807242507,$m nominal ex GST,scenario_spread_not_probabilistic,forecast_scenario_comparison.parquet; scenario_inputs/scenario_input_wide.parquet; mbu26_official_annual.csv,PED__VNEXT_SOLVED_CONVEX_TOP2,future_june_year_base_vs_comparison,Base and comparison current-finalist values define a scenario spread; this is not probabilistic uncertainty.,Current planned path,empirical_supported
gross_ped_revenue,PED revenue,Scenario spread,current_basecase_vs_current_comparison_1,2027,FY2027,2270.5040576345127,,,,,2270.5040576345127,2285.2973588526575,2270.5040576345127,2285.2973588526575,$m nominal ex GST,scenario_spread_not_probabilistic,forecast_scenario_comparison.parquet; scenario_inputs/scenario_input_wide.parquet; mbu26_official_annual.csv,PED__VNEXT_SOLVED_CONVEX_TOP2,future_june_year_base_vs_comparison,Base and comparison current-finalist values define a scenario spread; this is not probabilistic uncertainty.,Current planned path,empirical_supported
gross_ped_revenue,PED revenue,Scenario spread,current_basecase_vs_current_comparison_1,2028,FY2028,2534.684498990492,,,,,2534.684498990492,2567.2333744050297,2534.684498990492,2567.2333744050297,$m nominal ex GST,scenario_spread_not_probabilistic,forecast_scenario_comparison.parquet; scenario_inputs/scenario_input_wide.parquet; mbu26_official_annual.csv,PED__VNEXT_SOLVED_CONVEX_TOP2,future_june_year_base_vs_comparison,Base and comparison current-finalist values define a scenario spread; this is not probabilistic uncertainty.,Current planned path,empirical_supported
gross_ped_revenue,PED revenue,Scenario spread,current_basecase_vs_current_comparison_1,2029,FY2029,2676.9113070502763,,,,,2676.9113070502763,2728.6119090598595,2676.9113070502763,2728.6119090598595,$m nominal ex GST,scenario_spread_not_probabilistic,forecast_scenario_comparison.parquet; scenario_inputs/scenario_input_wide.parquet; mbu26_official_annual.csv,PED__VNEXT_SOLVED_CONVEX_TOP2,future_june_year_base_vs_comparison,Base and comparison current-finalist values define a scenario spread; this is not probabilistic uncertainty.,Current planned path,empirical_supported
gross_ped_revenue,PED revenue,Scenario spread,current_basecase_vs_current_comparison_1,2030,FY2030,2781.659206232161,,,,,2781.659206232161,2854.1755922217985,2781.659206232161,2854.1755922217985,$m nominal ex GST,scenario_spread_not_probabilistic,forecast_scenario_comparison.parquet; scenario_inputs/scenario_input_wide.parquet; mbu26_official_annual.csv,PED__VNEXT_SOLVED_CONVEX_TOP2,future_june_year_base_vs_comparison,Base and comparison current-finalist values define a scenario spread; this is not probabilistic uncertainty.,Current planned path,empirical_supported
gross_ped_revenue,PED revenue,Scenario spread,current_basecase_vs_current_comparison_1,2031,FY2031,2893.03723058309,,,,,2893.03723058309,2988.82937119804,2893.03723058309,2988.82937119804,$m nominal ex GST,scenario_spread_not_probabilistic,post_model_extrapolation,PED__VNEXT_SOLVED_CONVEX_TOP2,future_june_year_base_vs_comparison,Base and comparison current-finalist values define a scenario spread; this is not probabilistic uncertainty.,Current planned path,long_run_scenario_envelope
gross_ped_revenue,PED revenue,Scenario spread,current_basecase_vs_current_comparison_1,2032,FY2032,2996.5700041901373,,,,,2996.5700041901373,3119.631328691419,2996.5700041901373,3119.631328691419,$m nominal ex GST,scenario_spread_not_probabilistic,post_model_extrapolation,PED__VNEXT_SOLVED_CONVEX_TOP2,future_june_year_base_vs_comparison,Base and comparison current-finalist values define a scenario spread; this is not probabilistic uncertainty.,Current planned path,long_run_scenario_envelope
gross_ped_revenue,PED revenue,Scenario spread,current_basecase_vs_current_comparison_1,2033,FY2033,3094.1297748759457,,,,,3094.1297748759457,3246.5340189132203,3094.1297748759457,3246.5340189132203,$m nominal ex GST,scenario_spread_not_probabilistic,post_model_extrapolation,PED__VNEXT_SOLVED_CONVEX_TOP2,future_june_year_base_vs_comparison,Base and comparison current-finalist values define a scenario spread; this is not probabilistic uncertainty.,Current planned path,long_run_scenario_envelope
gross_ped_revenue,PED revenue,Scenario spread,current_basecase_vs_current_comparison_1,2034,FY2034,3190.2385274897733,,,,,3190.2385274897733,3373.8543657987175,3190.2385274897733,3373.8543657987175,$m nominal ex GST,scenario_spread_not_probabilistic,post_model_extrapolation,PED__VNEXT_SOLVED_CONVEX_TOP2,future_june_year_base_vs_comparison,Base and comparison current-finalist values define a scenario spread; this is not probabilistic uncertainty.,Current planned path,long_run_scenario_envelope
gross_ped_revenue,PED revenue,Scenario spread,current_basecase_vs_current_comparison_1,2035,FY2035,3283.8033971487216,,,,,3283.8033971487216,3500.687020278708,3283.8033971487216,3500.687020278708,$m nominal ex GST,scenario_spread_not_probabilistic,post_model_extrapolation,PED__VNEXT_SOLVED_CONVEX_TOP2,future_june_year_base_vs_comparison,Base and comparison current-finalist values define a scenario spread; this is not probabilistic uncertainty.,Current planned path,long_run_scenario_envelope
gross_ped_revenue,PED revenue,Scenario spread,current_basecase_vs_current_comparison_1,2036,FY2036,3375.3975841589454,,,,,3375.3975841589454,3626.1551221124646,3375.3975841589454,3626.1551221124646,$m nominal ex GST,scenario_spread_not_probabilistic,post_model_extrapolation,PED__VNEXT_SOLVED_CONVEX_TOP2,future_june_year_base_vs_comparison,Base and comparison current-finalist values define a scenario spread; this is not probabilistic uncertainty.,Current planned path,long_run_scenario_envelope
gross_ped_revenue,PED revenue,Scenario spread,current_basecase_vs_current_comparison_1,2037,FY2037,3464.8370588087314,,,,,3464.8370588087314,3751.1807183661963,3464.8370588087314,3751.1807183661963,$m nominal ex GST,scenario_spread_not_probabilistic,post_model_extrapolation,PED__VNEXT_SOLVED_CONVEX_TOP2,future_june_year_base_vs_comparison,Base and comparison current-finalist values define a scenario spread; this is not probabilistic uncertainty.,Current planned path,long_run_scenario_envelope
gross_ped_revenue,PED revenue,Scenario spread,current_basecase_vs_current_comparison_1,2038,FY2038,3552.449138484159,,,,,3552.449138484159,3875.911996264586,3552.449138484159,3875.911996264586,$m nominal ex GST,scenario_spread_not_probabilistic,post_model_extrapolation,PED__VNEXT_SOLVED_CONVEX_TOP2,future_june_year_base_vs_comparison,Base and comparison current-finalist values define a scenario spread; this is not probabilistic uncertainty.,Current planned path,long_run_scenario_envelope
gross_ped_revenue,PED revenue,Scenario spread,current_basecase_vs_current_comparison_1,2039,FY2039,3638.1829732853935,,,,,3638.1829732853935,4000.304010430971,3638.1829732853935,4000.304010430971,$m nominal ex GST,scenario_spread_not_probabilistic,post_model_extrapolation,PED__VNEXT_SOLVED_CONVEX_TOP2,future_june_year_base_vs_comparison,Base and comparison current-finalist values define a scenario spread; this is not probabilistic uncertainty.,Current planned path,long_run_scenario_envelope
gross_ped_revenue,PED revenue,Scenario spread,current_basecase_vs_current_comparison_1,2040,FY2040,3721.9762425144936,,,,,3721.9762425144936,4124.259748036814,3721.9762425144936,4124.259748036814,$m nominal ex GST,scenario_spread_not_probabilistic,post_model_extrapolation,PED__VNEXT_SOLVED_CONVEX_TOP2,future_june_year_base_vs_comparison,Base and comparison current-finalist values define a scenario spread; this is not probabilistic uncertainty.,Current planned path,long_run_scenario_envelope
gross_ped_revenue,PED revenue,Scenario spread,current_basecase_vs_current_comparison_1,2041,FY2041,3803.1904344025356,,,,,3803.1904344025356,4244.5500302577275,3803.1904344025356,4244.5500302577275,$m nominal ex GST,scenario_spread_not_probabilistic,post_model_extrapolation,PED__VNEXT_SOLVED_CONVEX_TOP2,future_june_year_base_vs_comparison,Base and comparison current-finalist values define a scenario spread; this is not probabilistic uncertainty.,Current planned path,long_run_scenario_envelope
gross_ped_revenue,PED revenue,Scenario spread,current_basecase_vs_current_comparison_1,2042,FY2042,3879.615393353849,,,,,3879.615393353849,4350.385077823618,3879.615393353849,4350.385077823618,$m nominal ex GST,scenario_spread_not_probabilistic,post_model_extrapolation,PED__VNEXT_SOLVED_CONVEX_TOP2,future_june_year_base_vs_comparison,Base and comparison current-finalist values define a scenario spread; this is not probabilistic uncertainty.,Current planned path,long_run_scenario_envelope
gross_ped_revenue,PED revenue,Scenario spread,current_basecase_vs_current_comparison_1,2043,FY2043,3953.863775923757,,,,,3953.863775923757,4472.2206968910705,3953.863775923757,4472.2206968910705,$m nominal ex GST,scenario_spread_not_probabilistic,post_model_extrapolation,PED__VNEXT_SOLVED_CONVEX_TOP2,future_june_year_base_vs_comparison,Base and comparison current-finalist values define a scenario spread; this is not probabilistic uncertainty.,Current planned path,long_run_scenario_envelope
gross_ped_revenue,PED revenue,Scenario spread,current_basecase_vs_current_comparison_1,2044,FY2044,4025.928120614736,,,,,4025.928120614736,4602.366789311714,4025.928120614736,4602.366789311714,$m nominal ex GST,scenario_spread_not_probabilistic,post_model_extrapolation,PED__VNEXT_SOLVED_CONVEX_TOP2,future_june_year_base_vs_comparison,Base and comparison current-finalist values define a scenario spread; this is not probabilistic uncertainty.,Current planned path,long_run_scenario_envelope
gross_ped_revenue,PED revenue,Scenario spread,current_basecase_vs_current_comparison_1,2045,FY2045,4098.385030211978,,,,,4098.385030211978,4718.490689261684,4098.385030211978,4718.490689261684,$m nominal ex GST,scenario_spread_not_probabilistic,post_model_extrapolation,PED__VNEXT_SOLVED_CONVEX_TOP2,future_june_year_base_vs_comparison,Base and comparison current-finalist values define a scenario spread; this is not probabilistic uncertainty.,Current planned path,long_run_scenario_envelope
gross_ped_revenue,PED revenue,Scenario spread,current_basecase_vs_current_comparison_1,2046,FY2046,4168.79709814272,,,,,4168.79709814272,4844.688273433136,4168.79709814272,4844.688273433136,$m nominal ex GST,scenario_spread_not_probabilistic,post_model_extrapolation,PED__VNEXT_SOLVED_CONVEX_TOP2,future_june_year_base_vs_comparison,Base and comparison current-finalist values define a scenario spread; this is not probabilistic uncertainty.,Current planned path,long_run_scenario_envelope
gross_ped_revenue,PED revenue,Scenario spread,current_basecase_vs_current_comparison_1,2047,FY2047,4233.513468181342,,,,,4233.513468181342,4965.449996925335,4233.513468181342,4965.449996925335,$m nominal ex GST,scenario_spread_not_probabilistic,post_model_extrapolation,PED__VNEXT_SOLVED_CONVEX_TOP2,future_june_year_base_vs_comparison,Base and comparison current-finalist values define a scenario spread; this is not probabilistic uncertainty.,Current planned path,long_run_scenario_envelope
gross_ped_revenue,PED revenue,Scenario spread,current_basecase_vs_current_comparison_1,2048,FY2048,4297.130840769697,,,,,4297.130840769697,5082.981559122324,4297.130840769697,5082.981559122324,$m nominal ex GST,scenario_spread_not_probabilistic,post_model_extrapolation,PED__VNEXT_SOLVED_CONVEX_TOP2,future_june_year_base_vs_comparison,Base and comparison current-finalist values define a scenario spread; this is not probabilistic uncertainty.,Current planned path,long_run_scenario_envelope
gross_ped_revenue,PED revenue,Scenario spread,current_basecase_vs_current_comparison_1,2049,FY2049,4358.528792216094,,,,,4358.528792216094,5200.414140956548,4358.528792216094,5200.414140956548,$m nominal ex GST,scenario_spread_not_probabilistic,post_model_extrapolation,PED__VNEXT_SOLVED_CONVEX_TOP2,future_june_year_base_vs_comparison,Base and comparison current-finalist values define a scenario spread; this is not probabilistic uncertainty.,Current planned path,long_run_scenario_envelope
gross_ped_revenue,PED revenue,Scenario spread,current_basecase_vs_current_comparison_1,2050,FY2050,4417.801954171577,,,,,4417.801954171577,5316.969025670281,4417.801954171577,5316.969025670281,$m nominal ex GST,scenario_spread_not_probabilistic,post_model_extrapolation,PED__VNEXT_SOLVED_CONVEX_TOP2,future_june_year_base_vs_comparison,Base and comparison current-finalist values define a scenario spread; this is not probabilistic uncertainty.,Current planned path,long_run_scenario_envelope
light_ruc_net_revenue,Light RUC revenue,MBU26 archived forecast error,mbu26_official,2026,FY2026,873.815974346887,-0.1172756383282221,-0.0690180432747309,0.0098690859920841,0.0350203157184738,813.5069056152623,882.439739338973,771.3386481739584,904.4172856483608,$m nominal ex GST,mbu26_archived_forecast_error_bands,data/revenue_model_source_pack/2026_05_19/mot_error_bands.csv; data/current_revenue_outlook/revenue_chart_rows.csv,MBU26 official comparator,june_year_horizon_from_fy2025_actual,Archived MBU26/MOT forecast-error quantiles by matching source series and June-year horizon.,MBU26,empirical_supported
light_ruc_net_revenue,Light RUC revenue,MBU26 archived forecast error,mbu26_official,2027,FY2027,943.716988712666,-0.1269569167994848,-0.1043693895380504,0.0350949014929015,0.0937238093530163,845.2218227040378,976.8366434687146,823.9055894944116,1032.1657398459745,$m nominal ex GST,mbu26_archived_forecast_error_bands,data/revenue_model_source_pack/2026_05_19/mot_error_bands.csv; data/current_revenue_outlook/revenue_chart_rows.csv,MBU26 official comparator,june_year_horizon_from_fy2025_actual,Archived MBU26/MOT forecast-error quantiles by matching source series and June-year horizon.,MBU26,empirical_supported
light_ruc_net_revenue,Light RUC revenue,MBU26 archived forecast error,mbu26_official,2028,FY2028,1091.83652480716,-0.1513967319025209,-0.1281207428280652,0.0252839881253534,0.2492528886993022,951.9496182020534,1119.4425065352114,926.5360431795503,1363.979932602752,$m nominal ex GST,mbu26_archived_forecast_error_bands,data/revenue_model_source_pack/2026_05_19/mot_error_bands.csv; data/current_revenue_outlook/revenue_chart_rows.csv,MBU26 official comparator,june_year_horizon_from_fy2025_actual,Archived MBU26/MOT forecast-error quantiles by matching source series and June-year horizon.,MBU26,empirical_supported
light_ruc_net_revenue,Light RUC revenue,MBU26 archived forecast error,mbu26_official,2029,FY2029,1199.40927936719,-0.1875141181915634,-0.1639509683493522,0.0949374020853429,0.2151573613256001,1002.7649665677405,1313.2780803873643,974.5031059958729,1457.4710150652743,$m nominal ex GST,mbu26_archived_forecast_error_bands,data/revenue_model_source_pack/2026_05_19/mot_error_bands.csv; data/current_revenue_outlook/revenue_chart_rows.csv,MBU26 official comparator,june_year_horizon_from_fy2025_actual,Archived MBU26/MOT forecast-error quantiles by matching source series and June-year horizon.,MBU26,empirical_supported
light_ruc_net_revenue,Light RUC revenue,MBU26 archived forecast error,mbu26_official,2030,FY2030,1295.55904536384,-0.2096807605523309,-0.1913580165453678,0.0957803969984376,0.1632846265563479,1047.6434361256054,1419.6482050637053,1023.9052393914982,1507.103920267773,$m nominal ex GST,mbu26_archived_forecast_error_bands,data/revenue_model_source_pack/2026_05_19/mot_error_bands.csv; data/current_revenue_outlook/revenue_chart_rows.csv,MBU26 official comparator,june_year_horizon_from_fy2025_actual,Archived MBU26/MOT forecast-error quantiles by matching source series and June-year horizon.,MBU26,empirical_supported
light_ruc_net_revenue,Light RUC revenue,Current finalist backtest error,current_basecase,2026,FY2026,867.440868646173,-0.003850507347875132,-0.001551723463948107,0.010683065396760894,0.04167726848742974,866.0948402967072,876.7077961737432,864.1007812076037,903.5934346257089,$m nominal ex GST,empirical_current_finalist_annual_backtest_error,data/dashboard_evidence_pack/data/annual_predictions.parquet; data/current_revenue_outlook/revenue_chart_rows.csv,dynamic_RESID_GBR_n150_d1_lr0.05_w36,annual_backtest_residuals_all_available_origins,Light RUC model uncertainty applied through the deterministic MBU26 effective-rate bridge; excludes rate uncertainty. Empirical bands use actual/predicted annual finalist residual ratios; n=10.,Current planned path,empirical_supported
light_ruc_net_revenue,Light RUC revenue,Current finalist backtest error,current_basecase,2027,FY2027,939.6893927655569,-0.003850507347875132,-0.001551723463948107,0.010683065396760894,0.04167726848742974,938.2312546859794,949.7281560011139,936.0711118539928,978.853079882637,$m nominal ex GST,empirical_current_finalist_annual_backtest_error,data/dashboard_evidence_pack/data/annual_predictions.parquet; data/current_revenue_outlook/revenue_chart_rows.csv,dynamic_RESID_GBR_n150_d1_lr0.05_w36,annual_backtest_residuals_all_available_origins,Light RUC model uncertainty applied through the deterministic MBU26 effective-rate bridge; excludes rate uncertainty. Empirical bands use actual/predicted annual finalist residual ratios; n=10.,Current planned path,empirical_supported
light_ruc_net_revenue,Light RUC revenue,Current finalist backtest error,current_basecase,2028,FY2028,1087.3404941589715,-0.003850507347875132,-0.001551723463948107,0.010683065396760894,0.04167726848742974,1085.653242400884,1098.9566237666181,1083.15368159657,1132.6578758712897,$m nominal ex GST,empirical_current_finalist_annual_backtest_error,data/dashboard_evidence_pack/data/annual_predictions.parquet; data/current_revenue_outlook/revenue_chart_rows.csv,dynamic_RESID_GBR_n150_d1_lr0.05_w36,annual_backtest_residuals_all_available_origins,Light RUC model uncertainty applied through the deterministic MBU26 effective-rate bridge; excludes rate uncertainty. Empirical bands use actual/predicted annual finalist residual ratios; n=10.,Current planned path,empirical_supported
light_ruc_net_revenue,Light RUC revenue,Current finalist backtest error,current_basecase,2029,FY2029,1191.3931534415976,-0.003850507347875132,-0.001551723463948107,0.010683065396760894,0.04167726848742974,1189.5444407306152,1204.1208844130674,1186.8056853500625,1241.0471657716687,$m nominal ex GST,empirical_current_finalist_annual_backtest_error,data/dashboard_evidence_pack/data/annual_predictions.parquet; data/current_revenue_outlook/revenue_chart_rows.csv,dynamic_RESID_GBR_n150_d1_lr0.05_w36,annual_backtest_residuals_all_available_origins,Light RUC model uncertainty applied through the deterministic MBU26 effective-rate bridge; excludes rate uncertainty. Empirical bands use actual/predicted annual finalist residual ratios; n=10.,Current planned path,empirical_supported
light_ruc_net_revenue,Light RUC revenue,Current finalist backtest error,current_basecase,2030,FY2030,1271.029669278332,-0.003850507347875132,-0.001551723463948107,0.010683065396760894,0.04167726848742974,1269.0573827171386,1284.6081623564558,1266.1355601974085,1324.0027140603343,$m nominal ex GST,empirical_current_finalist_annual_backtest_error,data/dashboard_evidence_pack/data/annual_predictions.parquet; data/current_revenue_outlook/revenue_chart_rows.csv,dynamic_RESID_GBR_n150_d1_lr0.05_w36,annual_backtest_residuals_all_available_origins,Light RUC model uncertainty applied through the deterministic MBU26 effective-rate bridge; excludes rate uncertainty. Empirical bands use actual/predicted annual finalist residual ratios; n=10.,Current planned path,empirical_supported
light_ruc_net_revenue,Light RUC revenue,Scenario spread,current_basecase_vs_current_comparison_1,2026,FY2026,867.440868646173,,,,,867.440868646173,868.012021335747,867.440868646173,868.012021335747,$m nominal ex GST,scenario_spread_not_probabilistic,forecast_scenario_comparison.parquet; mbu26_official_annual.csv,dynamic_RESID_GBR_n150_d1_lr0.05_w36,future_june_year_base_vs_comparison,Base and comparison current-finalist values define a scenario spread; this is not probabilistic uncertainty.,Current planned path,empirical_supported
light_ruc_net_revenue,Light RUC revenue,Scenario spread,current_basecase_vs_current_comparison_1,2027,FY2027,939.6893927655569,,,,,939.6893927655569,945.344221435419,939.6893927655569,945.344221435419,$m nominal ex GST,scenario_spread_not_probabilistic,forecast_scenario_comparison.parquet; mbu26_official_annual.csv,dynamic_RESID_GBR_n150_d1_lr0.05_w36,future_june_year_base_vs_comparison,Base and comparison current-finalist values define a scenario spread; this is not probabilistic uncertainty.,Current planned path,empirical_supported
light_ruc_net_revenue,Light RUC revenue,Scenario spread,current_basecase_vs_current_comparison_1,2028,FY2028,1087.3404941589715,,,,,1087.3404941589715,1099.6924709137568,1087.3404941589715,1099.6924709137568,$m nominal ex GST,scenario_spread_not_probabilistic,forecast_scenario_comparison.parquet; mbu26_official_annual.csv,dynamic_RESID_GBR_n150_d1_lr0.05_w36,future_june_year_base_vs_comparison,Base and comparison current-finalist values define a scenario spread; this is not probabilistic uncertainty.,Current planned path,empirical_supported
light_ruc_net_revenue,Light RUC revenue,Scenario spread,current_basecase_vs_current_comparison_1,2029,FY2029,1191.3931534415976,,,,,1191.3931534415976,1211.3412392466093,1191.3931534415976,1211.3412392466093,$m nominal ex GST,scenario_spread_not_probabilistic,forecast_scenario_comparison.parquet; mbu26_official_annual.csv,dynamic_RESID_GBR_n150_d1_lr0.05_w36,future_june_year_base_vs_comparison,Base and comparison current-finalist values define a scenario spread; this is not probabilistic uncertainty.,Current planned path,empirical_supported
light_ruc_net_revenue,Light RUC revenue,Scenario spread,current_basecase_vs_current_comparison_1,2030,FY2030,1271.029669278332,,,,,1271.029669278332,1299.194773882275,1271.029669278332,1299.194773882275,$m nominal ex GST,scenario_spread_not_probabilistic,forecast_scenario_comparison.parquet; mbu26_official_annual.csv,dynamic_RESID_GBR_n150_d1_lr0.05_w36,future_june_year_base_vs_comparison,Base and comparison current-finalist values define a scenario spread; this is not probabilistic uncertainty.,Current planned path,empirical_supported
light_ruc_net_revenue,Light RUC revenue,Scenario spread,current_basecase_vs_current_comparison_1,2031,FY2031,1310.785307606493,,,,,1310.785307606493,1339.8313686028584,1310.785307606493,1339.8313686028584,$m nominal ex GST,scenario_spread_not_probabilistic,post_model_extrapolation,dynamic_RESID_GBR_n150_d1_lr0.05_w36,future_june_year_base_vs_comparison,Base and comparison current-finalist values define a scenario spread; this is not probabilistic uncertainty.,Current planned path,long_run_scenario_envelope
light_ruc_net_revenue,Light RUC revenue,Scenario spread,current_basecase_vs_current_comparison_1,2032,FY2032,1344.646686207094,,,,,1344.646686207094,1374.44309103364,1344.646686207094,1374.44309103364,$m nominal ex GST,scenario_spread_not_probabilistic,post_model_extrapolation,dynamic_RESID_GBR_n150_d1_lr0.05_w36,future_june_year_base_vs_comparison,Base and comparison current-finalist values define a scenario spread; this is not probabilistic uncertainty.,Current planned path,long_run_scenario_envelope
light_ruc_net_revenue,Light RUC revenue,Scenario spread,current_basecase_vs_current_comparison_1,2033,FY2033,1372.0616287328692,,,,,1372.0616287328692,1402.4655289960783,1372.0616287328692,1402.4655289960783,$m nominal ex GST,scenario_spread_not_probabilistic,post_model_extrapolation,dynamic_RESID_GBR_n150_d1_lr0.05_w36,future_june_year_base_vs_comparison,Base and comparison current-finalist values define a scenario spread; this is not probabilistic uncertainty.,Current planned path,long_run_scenario_envelope
light_ruc_net_revenue,Light RUC revenue,Scenario spread,current_basecase_vs_current_comparison_1,2034,FY2034,1393.5865731665017,,,,,1393.5865731665017,1424.4674507389122,1393.5865731665017,1424.4674507389122,$m nominal ex GST,scenario_spread_not_probabilistic,post_model_extrapolation,dynamic_RESID_GBR_n150_d1_lr0.05_w36,future_june_year_base_vs_comparison,Base and comparison current-finalist values define a scenario spread; this is not probabilistic uncertainty.,Current planned path,long_run_scenario_envelope
light_ruc_net_revenue,Light RUC revenue,Scenario spread,current_basecase_vs_current_comparison_1,2035,FY2035,1408.7615173754805,,,,,1408.7615173754805,1439.9786608127522,1408.7615173754805,1439.9786608127522,$m nominal ex GST,scenario_spread_not_probabilistic,post_model_extrapolation,dynamic_RESID_GBR_n150_d1_lr0.05_w36,future_june_year_base_vs_comparison,Base and comparison current-finalist values define a scenario spread; this is not probabilistic uncertainty.,Current planned path,long_run_scenario_envelope
light_ruc_net_revenue,Light RUC revenue,Scenario spread,current_basecase_vs_current_comparison_1,2036,FY2036,1417.4484793293148,,,,,1417.4484793293148,1448.8581196044136,1417.4484793293148,1448.8581196044136,$m nominal ex GST,scenario_spread_not_probabilistic,post_model_extrapolation,dynamic_RESID_GBR_n150_d1_lr0.05_w36,future_june_year_base_vs_comparison,Base and comparison current-finalist values define a scenario spread; this is not probabilistic uncertainty.,Current planned path,long_run_scenario_envelope
light_ruc_net_revenue,Light RUC revenue,Scenario spread,current_basecase_vs_current_comparison_1,2037,FY2037,1418.1696974703268,,,,,1418.1696974703268,1449.5953194214437,1418.1696974703268,1449.5953194214437,$m nominal ex GST,scenario_spread_not_probabilistic,post_model_extrapolation,dynamic_RESID_GBR_n150_d1_lr0.05_w36,future_june_year_base_vs_comparison,Base and comparison current-finalist values define a scenario spread; this is not probabilistic uncertainty.,Current planned path,long_run_scenario_envelope
light_ruc_net_revenue,Light RUC revenue,Scenario spread,current_basecase_vs_current_comparison_1,2038,FY2038,1408.9987798182963,,,,,1408.9987798182963,1440.2211808208967,1408.9987798182963,1440.2211808208967,$m nominal ex GST,scenario_spread_not_probabilistic,post_model_extrapolation,dynamic_RESID_GBR_n150_d1_lr0.05_w36,future_june_year_base_vs_comparison,Base and comparison current-finalist values define a scenario spread; this is not probabilistic uncertainty.,Current planned path,long_run_scenario_envelope
light_ruc_net_revenue,Light RUC revenue,Scenario spread,current_basecase_vs_current_comparison_1,2039,FY2039,1390.7006764920272,,,,,1390.7006764920272,1421.5176046668132,1390.7006764920272,1421.5176046668132,$m nominal ex GST,scenario_spread_not_probabilistic,post_model_extrapolation,dynamic_RESID_GBR_n150_d1_lr0.05_w36,future_june_year_base_vs_comparison,Base and comparison current-finalist values define a scenario spread; this is not probabilistic uncertainty.,Current planned path,long_run_scenario_envelope
light_ruc_net_revenue,Light RUC revenue,Scenario spread,current_basecase_vs_current_comparison_1,2040,FY2040,1364.5786317782824,,,,,1364.5786317782824,1394.8167142033474,1364.5786317782824,1394.8167142033474,$m nominal ex GST,scenario_spread_not_probabilistic,post_model_extrapolation,dynamic_RESID_GBR_n150_d1_lr0.05_w36,future_june_year_base_vs_comparison,Base and comparison current-finalist values define a scenario spread; this is not probabilistic uncertainty.,Current planned path,long_run_scenario_envelope
light_ruc_net_revenue,Light RUC revenue,Scenario spread,current_basecase_vs_current_comparison_1,2041,FY2041,1335.3469527423383,,,,,1335.3469527423383,1364.9372821544746,1335.3469527423383,1364.9372821544746,$m nominal ex GST,scenario_spread_not_probabilistic,post_model_extrapolation,dynamic_RESID_GBR_n150_d1_lr0.05_w36,future_june_year_base_vs_comparison,Base and comparison current-finalist values define a scenario spread; this is not probabilistic uncertainty.,Current planned path,long_run_scenario_envelope
light_ruc_net_revenue,Light RUC revenue,Scenario spread,current_basecase_vs_current_comparison_1,2042,FY2042,1306.1424251670428,,,,,1306.1424251670428,1335.0856032231188,1306.1424251670428,1335.0856032231188,$m nominal ex GST,scenario_spread_not_probabilistic,post_model_extrapolation,dynamic_RESID_GBR_n150_d1_lr0.05_w36,future_june_year_base_vs_comparison,Base and comparison current-finalist values define a scenario spread; this is not probabilistic uncertainty.,Current planned path,long_run_scenario_envelope
light_ruc_net_revenue,Light RUC revenue,Scenario spread,current_basecase_vs_current_comparison_1,2043,FY2043,1275.9339765447628,,,,,1275.9339765447628,1304.2077570754034,1275.9339765447628,1304.2077570754034,$m nominal ex GST,scenario_spread_not_probabilistic,post_model_extrapolation,dynamic_RESID_GBR_n150_d1_lr0.05_w36,future_june_year_base_vs_comparison,Base and comparison current-finalist values define a scenario spread; this is not probabilistic uncertainty.,Current planned path,long_run_scenario_envelope
light_ruc_net_revenue,Light RUC revenue,Scenario spread,current_basecase_vs_current_comparison_1,2044,FY2044,1244.7988338922848,,,,,1244.7988338922848,1272.382682023343,1244.7988338922848,1272.382682023343,$m nominal ex GST,scenario_spread_not_probabilistic,post_model_extrapolation,dynamic_RESID_GBR_n150_d1_lr0.05_w36,future_june_year_base_vs_comparison,Base and comparison current-finalist values define a scenario spread; this is not probabilistic uncertainty.,Current planned path,long_run_scenario_envelope
light_ruc_net_revenue,Light RUC revenue,Scenario spread,current_basecase_vs_current_comparison_1,2045,FY2045,1214.1502231777738,,,,,1214.1502231777738,1241.0549201075623,1214.1502231777738,1241.0549201075623,$m nominal ex GST,scenario_spread_not_probabilistic,post_model_extrapolation,dynamic_RESID_GBR_n150_d1_lr0.05_w36,future_june_year_base_vs_comparison,Base and comparison current-finalist values define a scenario spread; this is not probabilistic uncertainty.,Current planned path,long_run_scenario_envelope
light_ruc_net_revenue,Light RUC revenue,Scenario spread,current_basecase_vs_current_comparison_1,2046,FY2046,1182.9309599906092,,,,,1182.9309599906092,1209.143860470183,1182.9309599906092,1209.143860470183,$m nominal ex GST,scenario_spread_not_probabilistic,post_model_extrapolation,dynamic_RESID_GBR_n150_d1_lr0.05_w36,future_june_year_base_vs_comparison,Base and comparison current-finalist values define a scenario spread; this is not probabilistic uncertainty.,Current planned path,long_run_scenario_envelope
light_ruc_net_revenue,Light RUC revenue,Scenario spread,current_basecase_vs_current_comparison_1,2047,FY2047,1150.8233438211985,,,,,1150.8233438211985,1176.3247625864956,1150.8233438211985,1176.3247625864956,$m nominal ex GST,scenario_spread_not_probabilistic,post_model_extrapolation,dynamic_RESID_GBR_n150_d1_lr0.05_w36,future_june_year_base_vs_comparison,Base and comparison current-finalist values define a scenario spread; this is not probabilistic uncertainty.,Current planned path,long_run_scenario_envelope
light_ruc_net_revenue,Light RUC revenue,Scenario spread,current_basecase_vs_current_comparison_1,2048,FY2048,1117.6194183943612,,,,,1117.6194183943612,1142.3850620196183,1117.6194183943612,1142.3850620196183,$m nominal ex GST,scenario_spread_not_probabilistic,post_model_extrapolation,dynamic_RESID_GBR_n150_d1_lr0.05_w36,future_june_year_base_vs_comparison,Base and comparison current-finalist values define a scenario spread; this is not probabilistic uncertainty.,Current planned path,long_run_scenario_envelope
light_ruc_net_revenue,Light RUC revenue,Scenario spread,current_basecase_vs_current_comparison_1,2049,FY2049,1082.5341061306406,,,,,1082.5341061306406,1106.5222844347845,1082.5341061306406,1106.5222844347845,$m nominal ex GST,scenario_spread_not_probabilistic,post_model_extrapolation,dynamic_RESID_GBR_n150_d1_lr0.05_w36,future_june_year_base_vs_comparison,Base and comparison current-finalist values define a scenario spread; this is not probabilistic uncertainty.,Current planned path,long_run_scenario_envelope
light_ruc_net_revenue,Light RUC revenue,Scenario spread,current_basecase_vs_current_comparison_1,2050,FY2050,1046.4282119429572,,,,,1046.4282119429572,1069.6163095635459,1046.4282119429572,1069.6163095635459,$m nominal ex GST,scenario_spread_not_probabilistic,post_model_extrapolation,dynamic_RESID_GBR_n150_d1_lr0.05_w36,future_june_year_base_vs_comparison,Base and comparison current-finalist values define a scenario spread; this is not probabilistic uncertainty.,Current planned path,long_run_scenario_envelope
light_bev_ruc_net_revenue,Light BEV RUC net revenue,Scenario spread,current_basecase_vs_current_comparison_1,2026,FY2026,83.42985462699842,,,,,83.42985462699842,83.48478769227508,83.42985462699842,83.48478769227508,$m nominal ex GST,scenario_spread_not_probabilistic,forecast_scenario_comparison.parquet; mbu26_official_annual.csv,PED__VNEXT_SOLVED_CONVEX_TOP2; dynamic_RESID_GBR_n150_d1_lr0.05_w36; HEAVY_RUC__VNEXT_SOLVED_CONVEX_TOP4,future_june_year_base_vs_comparison,Base and comparison current-finalist values define a scenario spread; this is not probabilistic uncertainty.,Current planned path,empirical_supported
light_bev_ruc_net_revenue,Light BEV RUC net revenue,Scenario spread,current_basecase_vs_current_comparison_1,2027,FY2027,112.24552225578641,,,,,112.24552225578641,112.9209892794671,112.24552225578641,112.9209892794671,$m nominal ex GST,scenario_spread_not_probabilistic,forecast_scenario_comparison.parquet; mbu26_official_annual.csv,PED__VNEXT_SOLVED_CONVEX_TOP2; dynamic_RESID_GBR_n150_d1_lr0.05_w36; HEAVY_RUC__VNEXT_SOLVED_CONVEX_TOP4,future_june_year_base_vs_comparison,Base and comparison current-finalist values define a scenario spread; this is not probabilistic uncertainty.,Current planned path,empirical_supported
light_bev_ruc_net_revenue,Light BEV RUC net revenue,Scenario spread,current_basecase_vs_current_comparison_1,2028,FY2028,164.44390693195604,,,,,164.44390693195604,166.3119577649756,164.44390693195604,166.3119577649756,$m nominal ex GST,scenario_spread_not_probabilistic,forecast_scenario_comparison.parquet; mbu26_official_annual.csv,PED__VNEXT_SOLVED_CONVEX_TOP2; dynamic_RESID_GBR_n150_d1_lr0.05_w36; HEAVY_RUC__VNEXT_SOLVED_CONVEX_TOP4,future_june_year_base_vs_comparison,Base and comparison current-finalist values define a scenario spread; this is not probabilistic uncertainty.,Current planned path,empirical_supported
light_bev_ruc_net_revenue,Light BEV RUC net revenue,Scenario spread,current_basecase_vs_current_comparison_1,2029,FY2029,227.30993090125614,,,,,227.30993090125614,231.11589368763856,227.30993090125614,231.11589368763856,$m nominal ex GST,scenario_spread_not_probabilistic,forecast_scenario_comparison.parquet; mbu26_official_annual.csv,PED__VNEXT_SOLVED_CONVEX_TOP2; dynamic_RESID_GBR_n150_d1_lr0.05_w36; HEAVY_RUC__VNEXT_SOLVED_CONVEX_TOP4,future_june_year_base_vs_comparison,Base and comparison current-finalist values define a scenario spread; this is not probabilistic uncertainty.,Current planned path,empirical_supported
light_bev_ruc_net_revenue,Light BEV RUC net revenue,Scenario spread,current_basecase_vs_current_comparison_1,2030,FY2030,300.2274326402148,,,,,300.2274326402148,306.8802569209305,300.2274326402148,306.8802569209305,$m nominal ex GST,scenario_spread_not_probabilistic,forecast_scenario_comparison.parquet; mbu26_official_annual.csv,PED__VNEXT_SOLVED_CONVEX_TOP2; dynamic_RESID_GBR_n150_d1_lr0.05_w36; HEAVY_RUC__VNEXT_SOLVED_CONVEX_TOP4,future_june_year_base_vs_comparison,Base and comparison current-finalist values define a scenario spread; this is not probabilistic uncertainty.,Current planned path,empirical_supported
light_bev_ruc_net_revenue,Light BEV RUC net revenue,Scenario spread,current_basecase_vs_current_comparison_1,2031,FY2031,376.69572292420656,,,,,376.69572292420656,385.0430295972619,376.69572292420656,385.0430295972619,$m nominal ex GST,scenario_spread_not_probabilistic,post_model_extrapolation,PED__VNEXT_SOLVED_CONVEX_TOP2; dynamic_RESID_GBR_n150_d1_lr0.05_w36; HEAVY_RUC__VNEXT_SOLVED_CONVEX_TOP4,future_june_year_base_vs_comparison,Base and comparison current-finalist values define a scenario spread; this is not probabilistic uncertainty.,Current planned path,long_run_scenario_envelope
light_bev_ruc_net_revenue,Light BEV RUC net revenue,Scenario spread,current_basecase_vs_current_comparison_1,2032,FY2032,466.12855627005763,,,,,466.12855627005763,476.45763029842817,466.12855627005763,476.45763029842817,$m nominal ex GST,scenario_spread_not_probabilistic,post_model_extrapolation,PED__VNEXT_SOLVED_CONVEX_TOP2; dynamic_RESID_GBR_n150_d1_lr0.05_w36; HEAVY_RUC__VNEXT_SOLVED_CONVEX_TOP4,future_june_year_base_vs_comparison,Base and comparison current-finalist values define a scenario spread; this is not probabilistic uncertainty.,Current planned path,long_run_scenario_envelope
light_bev_ruc_net_revenue,Light BEV RUC net revenue,Scenario spread,current_basecase_vs_current_comparison_1,2033,FY2033,573.0466646809255,,,,,573.0466646809255,585.7449672019382,573.0466646809255,585.7449672019382,$m nominal ex GST,scenario_spread_not_probabilistic,post_model_extrapolation,PED__VNEXT_SOLVED_CONVEX_TOP2; dynamic_RESID_GBR_n150_d1_lr0.05_w36; HEAVY_RUC__VNEXT_SOLVED_CONVEX_TOP4,future_june_year_base_vs_comparison,Base and comparison current-finalist values define a scenario spread; this is not probabilistic uncertainty.,Current planned path,long_run_scenario_envelope
light_bev_ruc_net_revenue,Light BEV RUC net revenue,Scenario spread,current_basecase_vs_current_comparison_1,2034,FY2034,705.3999951015292,,,,,705.3999951015292,721.0311523670681,705.3999951015292,721.0311523670681,$m nominal ex GST,scenario_spread_not_probabilistic,post_model_extrapolation,PED__VNEXT_SOLVED_CONVEX_TOP2; dynamic_RESID_GBR_n150_d1_lr0.05_w36; HEAVY_RUC__VNEXT_SOLVED_CONVEX_TOP4,future_june_year_base_vs_comparison,Base and comparison current-finalist values define a scenario spread; this is not probabilistic uncertainty.,Current planned path,long_run_scenario_envelope
light_bev_ruc_net_revenue,Light BEV RUC net revenue,Scenario spread,current_basecase_vs_current_comparison_1,2035,FY2035,869.134593512211,,,,,869.134593512211,888.3939918825698,869.134593512211,888.3939918825698,$m nominal ex GST,scenario_spread_not_probabilistic,post_model_extrapolation,PED__VNEXT_SOLVED_CONVEX_TOP2; dynamic_RESID_GBR_n150_d1_lr0.05_w36; HEAVY_RUC__VNEXT_SOLVED_CONVEX_TOP4,future_june_year_base_vs_comparison,Base and comparison current-finalist values define a scenario spread; this is not probabilistic uncertainty.,Current planned path,long_run_scenario_envelope
light_bev_ruc_net_revenue,Light BEV RUC net revenue,Scenario spread,current_basecase_vs_current_comparison_1,2036,FY2036,1068.3261020863365,,,,,1068.3261020863365,1091.9994412252008,1068.3261020863365,1091.9994412252008,$m nominal ex GST,scenario_spread_not_probabilistic,post_model_extrapolation,PED__VNEXT_SOLVED_CONVEX_TOP2; dynamic_RESID_GBR_n150_d1_lr0.05_w36; HEAVY_RUC__VNEXT_SOLVED_CONVEX_TOP4,future_june_year_base_vs_comparison,Base and comparison current-finalist values define a scenario spread; this is not probabilistic uncertainty.,Current planned path,long_run_scenario_envelope
light_bev_ruc_net_revenue,Light BEV RUC net revenue,Scenario spread,current_basecase_vs_current_comparison_1,2037,FY2037,1309.1061814080724,,,,,1309.1061814080724,1338.1150341738473,1309.1061814080724,1338.1150341738473,$m nominal ex GST,scenario_spread_not_probabilistic,post_model_extrapolation,PED__VNEXT_SOLVED_CONVEX_TOP2; dynamic_RESID_GBR_n150_d1_lr0.05_w36; HEAVY_RUC__VNEXT_SOLVED_CONVEX_TOP4,future_june_year_base_vs_comparison,Base and comparison current-finalist values define a scenario spread; this is not probabilistic uncertainty.,Current planned path,long_run_scenario_envelope
light_bev_ruc_net_revenue,Light BEV RUC net revenue,Scenario spread,current_basecase_vs_current_comparison_1,2038,FY2038,1595.2333755756454,,,,,1595.2333755756454,1630.5826014645265,1595.2333755756454,1630.5826014645265,$m nominal ex GST,scenario_spread_not_probabilistic,post_model_extrapolation,PED__VNEXT_SOLVED_CONVEX_TOP2; dynamic_RESID_GBR_n150_d1_lr0.05_w36; HEAVY_RUC__VNEXT_SOLVED_CONVEX_TOP4,future_june_year_base_vs_comparison,Base and comparison current-finalist values define a scenario spread; this is not probabilistic uncertainty.,Current planned path,long_run_scenario_envelope
light_bev_ruc_net_revenue,Light BEV RUC net revenue,Scenario spread,current_basecase_vs_current_comparison_1,2039,FY2039,1934.1293162201023,,,,,1934.1293162201023,1976.988232754932,1934.1293162201023,1976.988232754932,$m nominal ex GST,scenario_spread_not_probabilistic,post_model_extrapolation,PED__VNEXT_SOLVED_CONVEX_TOP2; dynamic_RESID_GBR_n150_d1_lr0.05_w36; HEAVY_RUC__VNEXT_SOLVED_CONVEX_TOP4,future_june_year_base_vs_comparison,Base and comparison current-finalist values define a scenario spread; this is not probabilistic uncertainty.,Current planned path,long_run_scenario_envelope
light_bev_ruc_net_revenue,Light BEV RUC net revenue,Scenario spread,current_basecase_vs_current_comparison_1,2040,FY2040,2328.62723215125,,,,,2328.62723215125,2380.227939170442,2328.62723215125,2380.227939170442,$m nominal ex GST,scenario_spread_not_probabilistic,post_model_extrapolation,PED__VNEXT_SOLVED_CONVEX_TOP2; dynamic_RESID_GBR_n150_d1_lr0.05_w36; HEAVY_RUC__VNEXT_SOLVED_CONVEX_TOP4,future_june_year_base_vs_comparison,Base and comparison current-finalist values define a scenario spread; this is not probabilistic uncertainty.,Current planned path,long_run_scenario_envelope
light_bev_ruc_net_revenue,Light BEV RUC net revenue,Scenario spread,current_basecase_vs_current_comparison_1,2041,FY2041,2768.46329623285,,,,,2768.46329623285,2829.8104545370675,2768.46329623285,2829.8104545370675,$m nominal ex GST,scenario_spread_not_probabilistic,post_model_extrapolation,PED__VNEXT_SOLVED_CONVEX_TOP2; dynamic_RESID_GBR_n150_d1_lr0.05_w36; HEAVY_RUC__VNEXT_SOLVED_CONVEX_TOP4,future_june_year_base_vs_comparison,Base and comparison current-finalist values define a scenario spread; this is not probabilistic uncertainty.,Current planned path,long_run_scenario_envelope
light_bev_ruc_net_revenue,Light BEV RUC net revenue,Scenario spread,current_basecase_vs_current_comparison_1,2042,FY2042,3238.561737241358,,,,,3238.561737241358,3310.325939368537,3238.561737241358,3310.325939368537,$m nominal ex GST,scenario_spread_not_probabilistic,post_model_extrapolation,PED__VNEXT_SOLVED_CONVEX_TOP2; dynamic_RESID_GBR_n150_d1_lr0.05_w36; HEAVY_RUC__VNEXT_SOLVED_CONVEX_TOP4,future_june_year_base_vs_comparison,Base and comparison current-finalist values define a scenario spread; this is not probabilistic uncertainty.,Current planned path,long_run_scenario_envelope
light_bev_ruc_net_revenue,Light BEV RUC net revenue,Scenario spread,current_basecase_vs_current_comparison_1,2043,FY2043,3721.8771373887002,,,,,3721.8771373887002,3804.3512616607923,3721.8771373887002,3804.3512616607923,$m nominal ex GST,scenario_spread_not_probabilistic,post_model_extrapolation,PED__VNEXT_SOLVED_CONVEX_TOP2; dynamic_RESID_GBR_n150_d1_lr0.05_w36; HEAVY_RUC__VNEXT_SOLVED_CONVEX_TOP4,future_june_year_base_vs_comparison,Base and comparison current-finalist values define a scenario spread; this is not probabilistic uncertainty.,Current planned path,long_run_scenario_envelope
light_bev_ruc_net_revenue,Light BEV RUC net revenue,Scenario spread,current_basecase_vs_current_comparison_1,2044,FY2044,4197.181807406389,,,,,4197.181807406389,4290.188341797115,4197.181807406389,4290.188341797115,$m nominal ex GST,scenario_spread_not_probabilistic,post_model_extrapolation,PED__VNEXT_SOLVED_CONVEX_TOP2; dynamic_RESID_GBR_n150_d1_lr0.05_w36; HEAVY_RUC__VNEXT_SOLVED_CONVEX_TOP4,future_june_year_base_vs_comparison,Base and comparison current-finalist values define a scenario spread; this is not probabilistic uncertainty.,Current planned path,long_run_scenario_envelope
light_bev_ruc_net_revenue,Light BEV RUC net revenue,Scenario spread,current_basecase_vs_current_comparison_1,2045,FY2045,4670.026273524186,,,,,4670.026273524186,4773.510701682068,4670.026273524186,4773.510701682068,$m nominal ex GST,scenario_spread_not_probabilistic,post_model_extrapolation,PED__VNEXT_SOLVED_CONVEX_TOP2; dynamic_RESID_GBR_n150_d1_lr0.05_w36; HEAVY_RUC__VNEXT_SOLVED_CONVEX_TOP4,future_june_year_base_vs_comparison,Base and comparison current-finalist values define a scenario spread; this is not probabilistic uncertainty.,Current planned path,long_run_scenario_envelope
light_bev_ruc_net_revenue,Light BEV RUC net revenue,Scenario spread,current_basecase_vs_current_comparison_1,2046,FY2046,5160.8106512704435,,,,,5160.8106512704435,5275.170508752532,5160.8106512704435,5275.170508752532,$m nominal ex GST,scenario_spread_not_probabilistic,post_model_extrapolation,PED__VNEXT_SOLVED_CONVEX_TOP2; dynamic_RESID_GBR_n150_d1_lr0.05_w36; HEAVY_RUC__VNEXT_SOLVED_CONVEX_TOP4,future_june_year_base_vs_comparison,Base and comparison current-finalist values define a scenario spread; this is not probabilistic uncertainty.,Current planned path,long_run_scenario_envelope
light_bev_ruc_net_revenue,Light BEV RUC net revenue,Scenario spread,current_basecase_vs_current_comparison_1,2047,FY2047,5665.788108425133,,,,,5665.788108425133,5791.337903677495,5665.788108425133,5791.337903677495,$m nominal ex GST,scenario_spread_not_probabilistic,post_model_extrapolation,PED__VNEXT_SOLVED_CONVEX_TOP2; dynamic_RESID_GBR_n150_d1_lr0.05_w36; HEAVY_RUC__VNEXT_SOLVED_CONVEX_TOP4,future_june_year_base_vs_comparison,Base and comparison current-finalist values define a scenario spread; this is not probabilistic uncertainty.,Current planned path,long_run_scenario_envelope
light_bev_ruc_net_revenue,Light BEV RUC net revenue,Scenario spread,current_basecase_vs_current_comparison_1,2048,FY2048,6188.38949906551,,,,,6188.38949906551,6325.519765796488,6188.38949906551,6325.519765796488,$m nominal ex GST,scenario_spread_not_probabilistic,post_model_extrapolation,PED__VNEXT_SOLVED_CONVEX_TOP2; dynamic_RESID_GBR_n150_d1_lr0.05_w36; HEAVY_RUC__VNEXT_SOLVED_CONVEX_TOP4,future_june_year_base_vs_comparison,Base and comparison current-finalist values define a scenario spread; this is not probabilistic uncertainty.,Current planned path,long_run_scenario_envelope
light_bev_ruc_net_revenue,Light BEV RUC net revenue,Scenario spread,current_basecase_vs_current_comparison_1,2049,FY2049,6697.6058866754065,,,,,6697.6058866754065,6846.0200228311,6697.6058866754065,6846.0200228311,$m nominal ex GST,scenario_spread_not_probabilistic,post_model_extrapolation,PED__VNEXT_SOLVED_CONVEX_TOP2; dynamic_RESID_GBR_n150_d1_lr0.05_w36; HEAVY_RUC__VNEXT_SOLVED_CONVEX_TOP4,future_june_year_base_vs_comparison,Base and comparison current-finalist values define a scenario spread; this is not probabilistic uncertainty.,Current planned path,long_run_scenario_envelope
light_bev_ruc_net_revenue,Light BEV RUC net revenue,Scenario spread,current_basecase_vs_current_comparison_1,2050,FY2050,7175.974449928328,,,,,7175.974449928328,7334.988889876226,7175.974449928328,7334.988889876226,$m nominal ex GST,scenario_spread_not_probabilistic,post_model_extrapolation,PED__VNEXT_SOLVED_CONVEX_TOP2; dynamic_RESID_GBR_n150_d1_lr0.05_w36; HEAVY_RUC__VNEXT_SOLVED_CONVEX_TOP4,future_june_year_base_vs_comparison,Base and comparison current-finalist values define a scenario spread; this is not probabilistic uncertainty.,Current planned path,long_run_scenario_envelope
phev_ruc_net_revenue,PHEV RUC net revenue,Scenario spread,current_basecase_vs_current_comparison_1,2026,FY2026,22.364680858017962,,,,,22.364680858017962,22.379406527611394,22.364680858017962,22.379406527611394,$m nominal ex GST,scenario_spread_not_probabilistic,forecast_scenario_comparison.parquet; mbu26_official_annual.csv,PED__VNEXT_SOLVED_CONVEX_TOP2; dynamic_RESID_GBR_n150_d1_lr0.05_w36; HEAVY_RUC__VNEXT_SOLVED_CONVEX_TOP4,future_june_year_base_vs_comparison,Base and comparison current-finalist values define a scenario spread; this is not probabilistic uncertainty.,Current planned path,empirical_supported
phev_ruc_net_revenue,PHEV RUC net revenue,Scenario spread,current_basecase_vs_current_comparison_1,2027,FY2027,30.889150690580337,,,,,30.889150690580337,31.075034298778483,30.889150690580337,31.075034298778483,$m nominal ex GST,scenario_spread_not_probabilistic,forecast_scenario_comparison.parquet; mbu26_official_annual.csv,PED__VNEXT_SOLVED_CONVEX_TOP2; dynamic_RESID_GBR_n150_d1_lr0.05_w36; HEAVY_RUC__VNEXT_SOLVED_CONVEX_TOP4,future_june_year_base_vs_comparison,Base and comparison current-finalist values define a scenario spread; this is not probabilistic uncertainty.,Current planned path,empirical_supported
phev_ruc_net_revenue,PHEV RUC net revenue,Scenario spread,current_basecase_vs_current_comparison_1,2028,FY2028,45.180598081341415,,,,,45.180598081341415,45.69384089742881,45.180598081341415,45.69384089742881,$m nominal ex GST,scenario_spread_not_probabilistic,forecast_scenario_comparison.parquet; mbu26_official_annual.csv,PED__VNEXT_SOLVED_CONVEX_TOP2; dynamic_RESID_GBR_n150_d1_lr0.05_w36; HEAVY_RUC__VNEXT_SOLVED_CONVEX_TOP4,future_june_year_base_vs_comparison,Base and comparison current-finalist values define a scenario spread; this is not probabilistic uncertainty.,Current planned path,empirical_supported
phev_ruc_net_revenue,PHEV RUC net revenue,Scenario spread,current_basecase_vs_current_comparison_1,2029,FY2029,62.18316396973948,,,,,62.18316396973948,63.224327490708355,62.18316396973948,63.224327490708355,$m nominal ex GST,scenario_spread_not_probabilistic,forecast_scenario_comparison.parquet; mbu26_official_annual.csv,PED__VNEXT_SOLVED_CONVEX_TOP2; dynamic_RESID_GBR_n150_d1_lr0.05_w36; HEAVY_RUC__VNEXT_SOLVED_CONVEX_TOP4,future_june_year_base_vs_comparison,Base and comparison current-finalist values define a scenario spread; this is not probabilistic uncertainty.,Current planned path,empirical_supported
phev_ruc_net_revenue,PHEV RUC net revenue,Scenario spread,current_basecase_vs_current_comparison_1,2030,FY2030,80.93281014064232,,,,,80.93281014064232,82.72622308653878,80.93281014064232,82.72622308653878,$m nominal ex GST,scenario_spread_not_probabilistic,forecast_scenario_comparison.parquet; mbu26_official_annual.csv,PED__VNEXT_SOLVED_CONVEX_TOP2; dynamic_RESID_GBR_n150_d1_lr0.05_w36; HEAVY_RUC__VNEXT_SOLVED_CONVEX_TOP4,future_june_year_base_vs_comparison,Base and comparison current-finalist values define a scenario spread; this is not probabilistic uncertainty.,Current planned path,empirical_supported
phev_ruc_net_revenue,PHEV RUC net revenue,Scenario spread,current_basecase_vs_current_comparison_1,2031,FY2031,99.18080672805972,,,,,99.18080672805972,101.37858217242471,99.18080672805972,101.37858217242471,$m nominal ex GST,scenario_spread_not_probabilistic,post_model_extrapolation,PED__VNEXT_SOLVED_CONVEX_TOP2; dynamic_RESID_GBR_n150_d1_lr0.05_w36; HEAVY_RUC__VNEXT_SOLVED_CONVEX_TOP4,future_june_year_base_vs_comparison,Base and comparison current-finalist values define a scenario spread; this is not probabilistic uncertainty.,Current planned path,long_run_scenario_envelope
phev_ruc_net_revenue,PHEV RUC net revenue,Scenario spread,current_basecase_vs_current_comparison_1,2032,FY2032,119.3334941510648,,,,,119.3334941510648,121.97783867484536,119.3334941510648,121.97783867484536,$m nominal ex GST,scenario_spread_not_probabilistic,post_model_extrapolation,PED__VNEXT_SOLVED_CONVEX_TOP2; dynamic_RESID_GBR_n150_d1_lr0.05_w36; HEAVY_RUC__VNEXT_SOLVED_CONVEX_TOP4,future_june_year_base_vs_comparison,Base and comparison current-finalist values define a scenario spread; this is not probabilistic uncertainty.,Current planned path,long_run_scenario_envelope
phev_ruc_net_revenue,PHEV RUC net revenue,Scenario spread,current_basecase_vs_current_comparison_1,2033,FY2033,141.06223211693694,,,,,141.06223211693694,144.18806986822645,141.06223211693694,144.18806986822645,$m nominal ex GST,scenario_spread_not_probabilistic,post_model_extrapolation,PED__VNEXT_SOLVED_CONVEX_TOP2; dynamic_RESID_GBR_n150_d1_lr0.05_w36; HEAVY_RUC__VNEXT_SOLVED_CONVEX_TOP4,future_june_year_base_vs_comparison,Base and comparison current-finalist values define a scenario spread; this is not probabilistic uncertainty.,Current planned path,long_run_scenario_envelope
phev_ruc_net_revenue,PHEV RUC net revenue,Scenario spread,current_basecase_vs_current_comparison_1,2034,FY2034,163.86303372273707,,,,,163.86303372273707,167.49412086182866,163.86303372273707,167.49412086182866,$m nominal ex GST,scenario_spread_not_probabilistic,post_model_extrapolation,PED__VNEXT_SOLVED_CONVEX_TOP2; dynamic_RESID_GBR_n150_d1_lr0.05_w36; HEAVY_RUC__VNEXT_SOLVED_CONVEX_TOP4,future_june_year_base_vs_comparison,Base and comparison current-finalist values define a scenario spread; this is not probabilistic uncertainty.,Current planned path,long_run_scenario_envelope
phev_ruc_net_revenue,PHEV RUC net revenue,Scenario spread,current_basecase_vs_current_comparison_1,2035,FY2035,186.7866277758748,,,,,186.7866277758748,190.92568529521054,186.7866277758748,190.92568529521054,$m nominal ex GST,scenario_spread_not_probabilistic,post_model_extrapolation,PED__VNEXT_SOLVED_CONVEX_TOP2; dynamic_RESID_GBR_n150_d1_lr0.05_w36; HEAVY_RUC__VNEXT_SOLVED_CONVEX_TOP4,future_june_year_base_vs_comparison,Base and comparison current-finalist values define a scenario spread; this is not probabilistic uncertainty.,Current planned path,long_run_scenario_envelope
phev_ruc_net_revenue,PHEV RUC net revenue,Scenario spread,current_basecase_vs_current_comparison_1,2036,FY2036,207.6783577026698,,,,,207.6783577026698,212.28036095251682,207.6783577026698,212.28036095251682,$m nominal ex GST,scenario_spread_not_probabilistic,post_model_extrapolation,PED__VNEXT_SOLVED_CONVEX_TOP2; dynamic_RESID_GBR_n150_d1_lr0.05_w36; HEAVY_RUC__VNEXT_SOLVED_CONVEX_TOP4,future_june_year_base_vs_comparison,Base and comparison current-finalist values define a scenario spread; this is not probabilistic uncertainty.,Current planned path,long_run_scenario_envelope
phev_ruc_net_revenue,PHEV RUC net revenue,Scenario spread,current_basecase_vs_current_comparison_1,2037,FY2037,225.75550120190786,,,,,225.75550120190786,230.75808096849786,225.75550120190786,230.75808096849786,$m nominal ex GST,scenario_spread_not_probabilistic,post_model_extrapolation,PED__VNEXT_SOLVED_CONVEX_TOP2; dynamic_RESID_GBR_n150_d1_lr0.05_w36; HEAVY_RUC__VNEXT_SOLVED_CONVEX_TOP4,future_june_year_base_vs_comparison,Base and comparison current-finalist values define a scenario spread; this is not probabilistic uncertainty.,Current planned path,long_run_scenario_envelope
phev_ruc_net_revenue,PHEV RUC net revenue,Scenario spread,current_basecase_vs_current_comparison_1,2038,FY2038,241.49896679454267,,,,,241.49896679454267,246.85041045153807,241.49896679454267,246.85041045153807,$m nominal ex GST,scenario_spread_not_probabilistic,post_model_extrapolation,PED__VNEXT_SOLVED_CONVEX_TOP2; dynamic_RESID_GBR_n150_d1_lr0.05_w36; HEAVY_RUC__VNEXT_SOLVED_CONVEX_TOP4,future_june_year_base_vs_comparison,Base and comparison current-finalist values define a scenario spread; this is not probabilistic uncertainty.,Current planned path,long_run_scenario_envelope
phev_ruc_net_revenue,PHEV RUC net revenue,Scenario spread,current_basecase_vs_current_comparison_1,2039,FY2039,255.95822999836793,,,,,255.95822999836793,261.6300805431608,255.95822999836793,261.6300805431608,$m nominal ex GST,scenario_spread_not_probabilistic,post_model_extrapolation,PED__VNEXT_SOLVED_CONVEX_TOP2; dynamic_RESID_GBR_n150_d1_lr0.05_w36; HEAVY_RUC__VNEXT_SOLVED_CONVEX_TOP4,future_june_year_base_vs_comparison,Base and comparison current-finalist values define a scenario spread; this is not probabilistic uncertainty.,Current planned path,long_run_scenario_envelope
phev_ruc_net_revenue,PHEV RUC net revenue,Scenario spread,current_basecase_vs_current_comparison_1,2040,FY2040,266.57597328524673,,,,,266.57597328524673,272.4831053954987,266.57597328524673,272.4831053954987,$m nominal ex GST,scenario_spread_not_probabilistic,post_model_extrapolation,PED__VNEXT_SOLVED_CONVEX_TOP2; dynamic_RESID_GBR_n150_d1_lr0.05_w36; HEAVY_RUC__VNEXT_SOLVED_CONVEX_TOP4,future_june_year_base_vs_comparison,Base and comparison current-finalist values define a scenario spread; this is not probabilistic uncertainty.,Current planned path,long_run_scenario_envelope
phev_ruc_net_revenue,PHEV RUC net revenue,Scenario spread,current_basecase_vs_current_comparison_1,2041,FY2041,271.59873802082154,,,,,271.59873802082154,277.6171709902098,271.59873802082154,277.6171709902098,$m nominal ex GST,scenario_spread_not_probabilistic,post_model_extrapolation,PED__VNEXT_SOLVED_CONVEX_TOP2; dynamic_RESID_GBR_n150_d1_lr0.05_w36; HEAVY_RUC__VNEXT_SOLVED_CONVEX_TOP4,future_june_year_base_vs_comparison,Base and comparison current-finalist values define a scenario spread; this is not probabilistic uncertainty.,Current planned path,long_run_scenario_envelope
phev_ruc_net_revenue,PHEV RUC net revenue,Scenario spread,current_basecase_vs_current_comparison_1,2042,FY2042,273.5074438666538,,,,,273.5074438666538,279.5681723867325,273.5074438666538,279.5681723867325,$m nominal ex GST,scenario_spread_not_probabilistic,post_model_extrapolation,PED__VNEXT_SOLVED_CONVEX_TOP2; dynamic_RESID_GBR_n150_d1_lr0.05_w36; HEAVY_RUC__VNEXT_SOLVED_CONVEX_TOP4,future_june_year_base_vs_comparison,Base and comparison current-finalist values define a scenario spread; this is not probabilistic uncertainty.,Current planned path,long_run_scenario_envelope
phev_ruc_net_revenue,PHEV RUC net revenue,Scenario spread,current_basecase_vs_current_comparison_1,2043,FY2043,273.6773623191971,,,,,273.6773623191971,279.7418561101469,273.6773623191971,279.7418561101469,$m nominal ex GST,scenario_spread_not_probabilistic,post_model_extrapolation,PED__VNEXT_SOLVED_CONVEX_TOP2; dynamic_RESID_GBR_n150_d1_lr0.05_w36; HEAVY_RUC__VNEXT_SOLVED_CONVEX_TOP4,future_june_year_base_vs_comparison,Base and comparison current-finalist values define a scenario spread; this is not probabilistic uncertainty.,Current planned path,long_run_scenario_envelope
phev_ruc_net_revenue,PHEV RUC net revenue,Scenario spread,current_basecase_vs_current_comparison_1,2044,FY2044,272.59854884547184,,,,,272.59854884547184,278.6391369046594,272.59854884547184,278.6391369046594,$m nominal ex GST,scenario_spread_not_probabilistic,post_model_extrapolation,PED__VNEXT_SOLVED_CONVEX_TOP2; dynamic_RESID_GBR_n150_d1_lr0.05_w36; HEAVY_RUC__VNEXT_SOLVED_CONVEX_TOP4,future_june_year_base_vs_comparison,Base and comparison current-finalist values define a scenario spread; this is not probabilistic uncertainty.,Current planned path,long_run_scenario_envelope
phev_ruc_net_revenue,PHEV RUC net revenue,Scenario spread,current_basecase_vs_current_comparison_1,2045,FY2045,270.50327339547,,,,,270.50327339547,276.497431655535,270.50327339547,276.497431655535,$m nominal ex GST,scenario_spread_not_probabilistic,post_model_extrapolation,PED__VNEXT_SOLVED_CONVEX_TOP2; dynamic_RESID_GBR_n150_d1_lr0.05_w36; HEAVY_RUC__VNEXT_SOLVED_CONVEX_TOP4,future_june_year_base_vs_comparison,Base and comparison current-finalist values define a scenario spread; this is not probabilistic uncertainty.,Current planned path,long_run_scenario_envelope
phev_ruc_net_revenue,PHEV RUC net revenue,Scenario spread,current_basecase_vs_current_comparison_1,2046,FY2046,267.63129778155457,,,,,267.63129778155457,273.56181512469925,267.63129778155457,273.56181512469925,$m nominal ex GST,scenario_spread_not_probabilistic,post_model_extrapolation,PED__VNEXT_SOLVED_CONVEX_TOP2; dynamic_RESID_GBR_n150_d1_lr0.05_w36; HEAVY_RUC__VNEXT_SOLVED_CONVEX_TOP4,future_june_year_base_vs_comparison,Base and comparison current-finalist values define a scenario spread; this is not probabilistic uncertainty.,Current planned path,long_run_scenario_envelope
phev_ruc_net_revenue,PHEV RUC net revenue,Scenario spread,current_basecase_vs_current_comparison_1,2047,FY2047,264.39574671300215,,,,,264.39574671300215,270.25456656827544,264.39574671300215,270.25456656827544,$m nominal ex GST,scenario_spread_not_probabilistic,post_model_extrapolation,PED__VNEXT_SOLVED_CONVEX_TOP2; dynamic_RESID_GBR_n150_d1_lr0.05_w36; HEAVY_RUC__VNEXT_SOLVED_CONVEX_TOP4,future_june_year_base_vs_comparison,Base and comparison current-finalist values define a scenario spread; this is not probabilistic uncertainty.,Current planned path,long_run_scenario_envelope
phev_ruc_net_revenue,PHEV RUC net revenue,Scenario spread,current_basecase_vs_current_comparison_1,2048,FY2048,261.2494441014448,,,,,261.2494441014448,267.03854415055457,261.2494441014448,267.03854415055457,$m nominal ex GST,scenario_spread_not_probabilistic,post_model_extrapolation,PED__VNEXT_SOLVED_CONVEX_TOP2; dynamic_RESID_GBR_n150_d1_lr0.05_w36; HEAVY_RUC__VNEXT_SOLVED_CONVEX_TOP4,future_june_year_base_vs_comparison,Base and comparison current-finalist values define a scenario spread; this is not probabilistic uncertainty.,Current planned path,long_run_scenario_envelope
phev_ruc_net_revenue,PHEV RUC net revenue,Scenario spread,current_basecase_vs_current_comparison_1,2049,FY2049,257.48267781374483,,,,,257.48267781374483,263.18830902725153,257.48267781374483,263.18830902725153,$m nominal ex GST,scenario_spread_not_probabilistic,post_model_extrapolation,PED__VNEXT_SOLVED_CONVEX_TOP2; dynamic_RESID_GBR_n150_d1_lr0.05_w36; HEAVY_RUC__VNEXT_SOLVED_CONVEX_TOP4,future_june_year_base_vs_comparison,Base and comparison current-finalist values define a scenario spread; this is not probabilistic uncertainty.,Current planned path,long_run_scenario_envelope
phev_ruc_net_revenue,PHEV RUC net revenue,Scenario spread,current_basecase_vs_current_comparison_1,2050,FY2050,252.88751576211675,,,,,252.88751576211675,258.4913214848545,252.88751576211675,258.4913214848545,$m nominal ex GST,scenario_spread_not_probabilistic,post_model_extrapolation,PED__VNEXT_SOLVED_CONVEX_TOP2; dynamic_RESID_GBR_n150_d1_lr0.05_w36; HEAVY_RUC__VNEXT_SOLVED_CONVEX_TOP4,future_june_year_base_vs_comparison,Base and comparison current-finalist values define a scenario spread; this is not probabilistic uncertainty.,Current planned path,long_run_scenario_envelope
heavy_ruc_net_revenue,Heavy RUC revenue,MBU26 archived forecast error,mbu26_official,2026,FY2026,1146.5048086003,-0.0552093199940111,-0.0352347239070901,0.033246137104985,0.0734440920109914,1106.1080282111172,1184.6216646585503,1083.2070577476136,1230.7088132541844,$m nominal ex GST,mbu26_archived_forecast_error_bands,data/revenue_model_source_pack/2026_05_19/mot_error_bands.csv; data/current_revenue_outlook/revenue_chart_rows.csv,MBU26 official comparator,june_year_horizon_from_fy2025_actual,Archived MBU26/MOT forecast-error quantiles by matching source series and June-year horizon.,MBU26,empirical_supported
heavy_ruc_net_revenue,Heavy RUC revenue,MBU26 archived forecast error,mbu26_official,2027,FY2027,1278.2182592137,-0.0547255371136872,-0.0319792467334977,0.0473806733951963,0.0878696547859807,1237.3418021230432,1338.7811010812807,1208.2670784297081,1390.5348563919451,$m nominal ex GST,mbu26_archived_forecast_error_bands,data/revenue_model_source_pack/2026_05_19/mot_error_bands.csv; data/current_revenue_outlook/revenue_chart_rows.csv,MBU26 official comparator,june_year_horizon_from_fy2025_actual,Archived MBU26/MOT forecast-error quantiles by matching source series and June-year horizon.,MBU26,empirical_supported
heavy_ruc_net_revenue,Heavy RUC revenue,MBU26 archived forecast error,mbu26_official,2028,FY2028,1443.31242551064,-0.040161054176439,-0.017573627247714,0.0588718267772687,0.0866859721790363,1417.948190942722,1528.282864610782,1385.3474769961795,1568.4273662741127,$m nominal ex GST,mbu26_archived_forecast_error_bands,data/revenue_model_source_pack/2026_05_19/mot_error_bands.csv; data/current_revenue_outlook/revenue_chart_rows.csv,MBU26 official comparator,june_year_horizon_from_fy2025_actual,Archived MBU26/MOT forecast-error quantiles by matching source series and June-year horizon.,MBU26,empirical_supported
heavy_ruc_net_revenue,Heavy RUC revenue,MBU26 archived forecast error,mbu26_official,2029,FY2029,1555.66965009176,-0.1149251047771316,-0.0135514493259096,0.0943981191027973,0.1148624130008932,1534.5880716606862,1702.521939005729,1376.884152556361,1734.357619933555,$m nominal ex GST,mbu26_archived_forecast_error_bands,data/revenue_model_source_pack/2026_05_19/mot_error_bands.csv; data/current_revenue_outlook/revenue_chart_rows.csv,MBU26 official comparator,june_year_horizon_from_fy2025_actual,Archived MBU26/MOT forecast-error quantiles by matching source series and June-year horizon.,MBU26,empirical_supported
heavy_ruc_net_revenue,Heavy RUC revenue,MBU26 archived forecast error,mbu26_official,2030,FY2030,1652.12295550638,-0.0948371347996251,-0.0570084085893613,0.0741569940708286,0.1101523798019257,1557.9380550190092,1774.6394277221466,1495.4403480694666,1834.108230780799,$m nominal ex GST,mbu26_archived_forecast_error_bands,data/revenue_model_source_pack/2026_05_19/mot_error_bands.csv; data/current_revenue_outlook/revenue_chart_rows.csv,MBU26 official comparator,june_year_horizon_from_fy2025_actual,Archived MBU26/MOT forecast-error quantiles by matching source series and June-year horizon.,MBU26,empirical_supported
heavy_ruc_net_revenue,Heavy RUC revenue,Current finalist backtest error,current_basecase,2026,FY2026,1134.8353401385034,-0.023919396889915855,-0.01140853304175482,0.014970062624262037,0.02546764623379367,1121.8885336635822,1151.8238962486025,1107.6907632330278,1163.7369251147577,$m nominal ex GST,empirical_current_finalist_annual_backtest_error,data/dashboard_evidence_pack/data/annual_predictions.parquet; data/current_revenue_outlook/revenue_chart_rows.csv,HEAVY_RUC__VNEXT_SOLVED_CONVEX_TOP4,annual_backtest_residuals_all_available_origins,Heavy RUC model uncertainty applied through the deterministic MBU26 effective-rate bridge; excludes rate uncertainty. Empirical bands use actual/predicted annual finalist residual ratios; n=24.,Current planned path,empirical_supported
heavy_ruc_net_revenue,Heavy RUC revenue,Current finalist backtest error,current_basecase,2027,FY2027,1232.1203935629142,-0.023919396889915855,-0.01140853304175482,0.014970062624262037,0.02546764623379367,1218.0637073415317,1250.5653130151816,1202.6488168531234,1263.499599863617,$m nominal ex GST,empirical_current_finalist_annual_backtest_error,data/dashboard_evidence_pack/data/annual_predictions.parquet; data/current_revenue_outlook/revenue_chart_rows.csv,HEAVY_RUC__VNEXT_SOLVED_CONVEX_TOP4,annual_backtest_residuals_all_available_origins,Heavy RUC model uncertainty applied through the deterministic MBU26 effective-rate bridge; excludes rate uncertainty. Empirical bands use actual/predicted annual finalist residual ratios; n=24.,Current planned path,empirical_supported
heavy_ruc_net_revenue,Heavy RUC revenue,Current finalist backtest error,current_basecase,2028,FY2028,1380.3167194555558,-0.023919396889915855,-0.01140853304175482,0.014970062624262037,0.02546764623379367,1364.5693305535606,1400.9801471871215,1347.3003760091117,1415.4701373572407,$m nominal ex GST,empirical_current_finalist_annual_backtest_error,data/dashboard_evidence_pack/data/annual_predictions.parquet; data/current_revenue_outlook/revenue_chart_rows.csv,HEAVY_RUC__VNEXT_SOLVED_CONVEX_TOP4,annual_backtest_residuals_all_available_origins,Heavy RUC model uncertainty applied through the deterministic MBU26 effective-rate bridge; excludes rate uncertainty. Empirical bands use actual/predicted annual finalist residual ratios; n=24.,Current planned path,empirical_supported
heavy_ruc_net_revenue,Heavy RUC revenue,Current finalist backtest error,current_basecase,2029,FY2029,1474.755307492383,-0.023919396889915855,-0.01140853304175482,0.014970062624262037,0.02546764623379367,1457.930512838353,1496.832486801007,1439.4800499769628,1512.3138539450088,$m nominal ex GST,empirical_current_finalist_annual_backtest_error,data/dashboard_evidence_pack/data/annual_predictions.parquet; data/current_revenue_outlook/revenue_chart_rows.csv,HEAVY_RUC__VNEXT_SOLVED_CONVEX_TOP4,annual_backtest_residuals_all_available_origins,Heavy RUC model uncertainty applied through the deterministic MBU26 effective-rate bridge; excludes rate uncertainty. Empirical bands use actual/predicted annual finalist residual ratios; n=24.,Current planned path,empirical_supported
heavy_ruc_net_revenue,Heavy RUC revenue,Current finalist backtest error,current_basecase,2030,FY2030,1552.689025066263,-0.023919396889915855,-0.01140853304175482,0.014970062624262037,0.02546764623379367,1534.9751210202244,1575.9328770075094,1515.5496400290865,1592.2323598677447,$m nominal ex GST,empirical_current_finalist_annual_backtest_error,data/dashboard_evidence_pack/data/annual_predictions.parquet; data/current_revenue_outlook/revenue_chart_rows.csv,HEAVY_RUC__VNEXT_SOLVED_CONVEX_TOP4,annual_backtest_residuals_all_available_origins,Heavy RUC model uncertainty applied through the deterministic MBU26 effective-rate bridge; excludes rate uncertainty. Empirical bands use actual/predicted annual finalist residual ratios; n=24.,Current planned path,empirical_supported
heavy_ruc_net_revenue,Heavy RUC revenue,Scenario spread,current_basecase_vs_current_comparison_1,2026,FY2026,1134.8353401385034,,,,,1134.8353401385034,1135.2102486241813,1134.8353401385034,1135.2102486241813,$m nominal ex GST,scenario_spread_not_probabilistic,forecast_scenario_comparison.parquet; mbu26_official_annual.csv,HEAVY_RUC__VNEXT_SOLVED_CONVEX_TOP4,future_june_year_base_vs_comparison,Base and comparison current-finalist values define a scenario spread; this is not probabilistic uncertainty.,Current planned path,empirical_supported
heavy_ruc_net_revenue,Heavy RUC revenue,Scenario spread,current_basecase_vs_current_comparison_1,2027,FY2027,1232.1203935629142,,,,,1232.1203935629142,1234.6034877580475,1232.1203935629142,1234.6034877580475,$m nominal ex GST,scenario_spread_not_probabilistic,forecast_scenario_comparison.parquet; mbu26_official_annual.csv,HEAVY_RUC__VNEXT_SOLVED_CONVEX_TOP4,future_june_year_base_vs_comparison,Base and comparison current-finalist values define a scenario spread; this is not probabilistic uncertainty.,Current planned path,empirical_supported
heavy_ruc_net_revenue,Heavy RUC revenue,Scenario spread,current_basecase_vs_current_comparison_1,2028,FY2028,1380.3167194555558,,,,,1380.3167194555558,1382.9353913994867,1380.3167194555558,1382.9353913994867,$m nominal ex GST,scenario_spread_not_probabilistic,forecast_scenario_comparison.parquet; mbu26_official_annual.csv,HEAVY_RUC__VNEXT_SOLVED_CONVEX_TOP4,future_june_year_base_vs_comparison,Base and comparison current-finalist values define a scenario spread; this is not probabilistic uncertainty.,Current planned path,empirical_supported
heavy_ruc_net_revenue,Heavy RUC revenue,Scenario spread,current_basecase_vs_current_comparison_1,2029,FY2029,1474.755307492383,,,,,1474.755307492383,1476.5573951125543,1474.755307492383,1476.5573951125543,$m nominal ex GST,scenario_spread_not_probabilistic,forecast_scenario_comparison.parquet; mbu26_official_annual.csv,HEAVY_RUC__VNEXT_SOLVED_CONVEX_TOP4,future_june_year_base_vs_comparison,Base and comparison current-finalist values define a scenario spread; this is not probabilistic uncertainty.,Current planned path,empirical_supported
heavy_ruc_net_revenue,Heavy RUC revenue,Scenario spread,current_basecase_vs_current_comparison_1,2030,FY2030,1552.689025066263,,,,,1552.689025066263,1554.703695421354,1552.689025066263,1554.703695421354,$m nominal ex GST,scenario_spread_not_probabilistic,forecast_scenario_comparison.parquet; mbu26_official_annual.csv,HEAVY_RUC__VNEXT_SOLVED_CONVEX_TOP4,future_june_year_base_vs_comparison,Base and comparison current-finalist values define a scenario spread; this is not probabilistic uncertainty.,Current planned path,empirical_supported
heavy_ruc_net_revenue,Heavy RUC revenue,Scenario spread,current_basecase_vs_current_comparison_1,2031,FY2031,1633.4365038662936,,,,,1633.4365038662936,1636.6084544246648,1633.4365038662936,1636.6084544246648,$m nominal ex GST,scenario_spread_not_probabilistic,post_model_extrapolation,HEAVY_RUC__VNEXT_SOLVED_CONVEX_TOP4,future_june_year_base_vs_comparison,Base and comparison current-finalist values define a scenario spread; this is not probabilistic uncertainty.,Current planned path,long_run_scenario_envelope
heavy_ruc_net_revenue,Heavy RUC revenue,Scenario spread,current_basecase_vs_current_comparison_1,2032,FY2032,1712.6277213516064,,,,,1712.6277213516064,1717.3667858504766,1712.6277213516064,1717.3667858504766,$m nominal ex GST,scenario_spread_not_probabilistic,post_model_extrapolation,HEAVY_RUC__VNEXT_SOLVED_CONVEX_TOP4,future_june_year_base_vs_comparison,Base and comparison current-finalist values define a scenario spread; this is not probabilistic uncertainty.,Current planned path,long_run_scenario_envelope
heavy_ruc_net_revenue,Heavy RUC revenue,Scenario spread,current_basecase_vs_current_comparison_1,2033,FY2033,1791.0516357592537,,,,,1791.0516357592537,1797.5101368827238,1791.0516357592537,1797.5101368827238,$m nominal ex GST,scenario_spread_not_probabilistic,post_model_extrapolation,HEAVY_RUC__VNEXT_SOLVED_CONVEX_TOP4,future_june_year_base_vs_comparison,Base and comparison current-finalist values define a scenario spread; this is not probabilistic uncertainty.,Current planned path,long_run_scenario_envelope
heavy_ruc_net_revenue,Heavy RUC revenue,Scenario spread,current_basecase_vs_current_comparison_1,2034,FY2034,1871.122285929591,,,,,1871.122285929591,1878.6137537311633,1871.122285929591,1878.6137537311633,$m nominal ex GST,scenario_spread_not_probabilistic,post_model_extrapolation,HEAVY_RUC__VNEXT_SOLVED_CONVEX_TOP4,future_june_year_base_vs_comparison,Base and comparison current-finalist values define a scenario spread; this is not probabilistic uncertainty.,Current planned path,long_run_scenario_envelope
heavy_ruc_net_revenue,Heavy RUC revenue,Scenario spread,current_basecase_vs_current_comparison_1,2035,FY2035,1951.6516638347694,,,,,1951.6516638347694,1960.2088275501371,1951.6516638347694,1960.2088275501371,$m nominal ex GST,scenario_spread_not_probabilistic,post_model_extrapolation,HEAVY_RUC__VNEXT_SOLVED_CONVEX_TOP4,future_june_year_base_vs_comparison,Base and comparison current-finalist values define a scenario spread; this is not probabilistic uncertainty.,Current planned path,long_run_scenario_envelope
heavy_ruc_net_revenue,Heavy RUC revenue,Scenario spread,current_basecase_vs_current_comparison_1,2036,FY2036,2031.6756398732557,,,,,2031.6756398732557,2041.668224752305,2031.6756398732557,2041.668224752305,$m nominal ex GST,scenario_spread_not_probabilistic,post_model_extrapolation,HEAVY_RUC__VNEXT_SOLVED_CONVEX_TOP4,future_june_year_base_vs_comparison,Base and comparison current-finalist values define a scenario spread; this is not probabilistic uncertainty.,Current planned path,long_run_scenario_envelope
heavy_ruc_net_revenue,Heavy RUC revenue,Scenario spread,current_basecase_vs_current_comparison_1,2037,FY2037,2111.8127944919324,,,,,2111.8127944919324,2122.5173984718426,2111.8127944919324,2122.5173984718426,$m nominal ex GST,scenario_spread_not_probabilistic,post_model_extrapolation,HEAVY_RUC__VNEXT_SOLVED_CONVEX_TOP4,future_june_year_base_vs_comparison,Base and comparison current-finalist values define a scenario spread; this is not probabilistic uncertainty.,Current planned path,long_run_scenario_envelope
heavy_ruc_net_revenue,Heavy RUC revenue,Scenario spread,current_basecase_vs_current_comparison_1,2038,FY2038,2193.282655123844,,,,,2193.282655123844,2205.4303441259335,2193.282655123844,2205.4303441259335,$m nominal ex GST,scenario_spread_not_probabilistic,post_model_extrapolation,HEAVY_RUC__VNEXT_SOLVED_CONVEX_TOP4,future_june_year_base_vs_comparison,Base and comparison current-finalist values define a scenario spread; this is not probabilistic uncertainty.,Current planned path,long_run_scenario_envelope
heavy_ruc_net_revenue,Heavy RUC revenue,Scenario spread,current_basecase_vs_current_comparison_1,2039,FY2039,2275.8018181720904,,,,,2275.8018181720904,2289.5945182123273,2275.8018181720904,2289.5945182123273,$m nominal ex GST,scenario_spread_not_probabilistic,post_model_extrapolation,HEAVY_RUC__VNEXT_SOLVED_CONVEX_TOP4,future_june_year_base_vs_comparison,Base and comparison current-finalist values define a scenario spread; this is not probabilistic uncertainty.,Current planned path,long_run_scenario_envelope
heavy_ruc_net_revenue,Heavy RUC revenue,Scenario spread,current_basecase_vs_current_comparison_1,2040,FY2040,2359.345242177408,,,,,2359.345242177408,2374.901184340971,2359.345242177408,2374.901184340971,$m nominal ex GST,scenario_spread_not_probabilistic,post_model_extrapolation,HEAVY_RUC__VNEXT_SOLVED_CONVEX_TOP4,future_june_year_base_vs_comparison,Base and comparison current-finalist values define a scenario spread; this is not probabilistic uncertainty.,Current planned path,long_run_scenario_envelope
heavy_ruc_net_revenue,Heavy RUC revenue,Scenario spread,current_basecase_vs_current_comparison_1,2041,FY2041,2443.6420467658795,,,,,2443.6420467658795,2461.077185116978,2443.6420467658795,2461.077185116978,$m nominal ex GST,scenario_spread_not_probabilistic,post_model_extrapolation,HEAVY_RUC__VNEXT_SOLVED_CONVEX_TOP4,future_june_year_base_vs_comparison,Base and comparison current-finalist values define a scenario spread; this is not probabilistic uncertainty.,Current planned path,long_run_scenario_envelope
heavy_ruc_net_revenue,Heavy RUC revenue,Scenario spread,current_basecase_vs_current_comparison_1,2042,FY2042,2528.217367467518,,,,,2528.217367467518,2547.6421049454993,2528.217367467518,2547.6421049454993,$m nominal ex GST,scenario_spread_not_probabilistic,post_model_extrapolation,HEAVY_RUC__VNEXT_SOLVED_CONVEX_TOP4,future_june_year_base_vs_comparison,Base and comparison current-finalist values define a scenario spread; this is not probabilistic uncertainty.,Current planned path,long_run_scenario_envelope
heavy_ruc_net_revenue,Heavy RUC revenue,Scenario spread,current_basecase_vs_current_comparison_1,2043,FY2043,2614.3443671589225,,,,,2614.3443671589225,2635.8877150777103,2614.3443671589225,2635.8877150777103,$m nominal ex GST,scenario_spread_not_probabilistic,post_model_extrapolation,HEAVY_RUC__VNEXT_SOLVED_CONVEX_TOP4,future_june_year_base_vs_comparison,Base and comparison current-finalist values define a scenario spread; this is not probabilistic uncertainty.,Current planned path,long_run_scenario_envelope
heavy_ruc_net_revenue,Heavy RUC revenue,Scenario spread,current_basecase_vs_current_comparison_1,2044,FY2044,2701.651939000062,,,,,2701.651939000062,2725.4460112496117,2701.651939000062,2725.4460112496117,$m nominal ex GST,scenario_spread_not_probabilistic,post_model_extrapolation,HEAVY_RUC__VNEXT_SOLVED_CONVEX_TOP4,future_june_year_base_vs_comparison,Base and comparison current-finalist values define a scenario spread; this is not probabilistic uncertainty.,Current planned path,long_run_scenario_envelope
heavy_ruc_net_revenue,Heavy RUC revenue,Scenario spread,current_basecase_vs_current_comparison_1,2045,FY2045,2790.0750406731695,,,,,2790.0750406731695,2816.256528518221,2790.0750406731695,2816.256528518221,$m nominal ex GST,scenario_spread_not_probabilistic,post_model_extrapolation,HEAVY_RUC__VNEXT_SOLVED_CONVEX_TOP4,future_june_year_base_vs_comparison,Base and comparison current-finalist values define a scenario spread; this is not probabilistic uncertainty.,Current planned path,long_run_scenario_envelope
heavy_ruc_net_revenue,Heavy RUC revenue,Scenario spread,current_basecase_vs_current_comparison_1,2046,FY2046,2879.638323012255,,,,,2879.638323012255,2908.3493943836866,2879.638323012255,2908.3493943836866,$m nominal ex GST,scenario_spread_not_probabilistic,post_model_extrapolation,HEAVY_RUC__VNEXT_SOLVED_CONVEX_TOP4,future_june_year_base_vs_comparison,Base and comparison current-finalist values define a scenario spread; this is not probabilistic uncertainty.,Current planned path,long_run_scenario_envelope
heavy_ruc_net_revenue,Heavy RUC revenue,Scenario spread,current_basecase_vs_current_comparison_1,2047,FY2047,2970.3693335319845,,,,,2970.3693335319845,3001.7578951401183,2970.3693335319845,3001.7578951401183,$m nominal ex GST,scenario_spread_not_probabilistic,post_model_extrapolation,HEAVY_RUC__VNEXT_SOLVED_CONVEX_TOP4,future_june_year_base_vs_comparison,Base and comparison current-finalist values define a scenario spread; this is not probabilistic uncertainty.,Current planned path,long_run_scenario_envelope
heavy_ruc_net_revenue,Heavy RUC revenue,Scenario spread,current_basecase_vs_current_comparison_1,2048,FY2048,3062.2964041081386,,,,,3062.2964041081386,3096.5163574032813,3062.2964041081386,3096.5163574032813,$m nominal ex GST,scenario_spread_not_probabilistic,post_model_extrapolation,HEAVY_RUC__VNEXT_SOLVED_CONVEX_TOP4,future_june_year_base_vs_comparison,Base and comparison current-finalist values define a scenario spread; this is not probabilistic uncertainty.,Current planned path,long_run_scenario_envelope
heavy_ruc_net_revenue,Heavy RUC revenue,Scenario spread,current_basecase_vs_current_comparison_1,2049,FY2049,3155.4485978142657,,,,,3155.4485978142657,3192.660105962997,3155.4485978142657,3192.660105962997,$m nominal ex GST,scenario_spread_not_probabilistic,post_model_extrapolation,HEAVY_RUC__VNEXT_SOLVED_CONVEX_TOP4,future_june_year_base_vs_comparison,Base and comparison current-finalist values define a scenario spread; this is not probabilistic uncertainty.,Current planned path,long_run_scenario_envelope
heavy_ruc_net_revenue,Heavy RUC revenue,Scenario spread,current_basecase_vs_current_comparison_1,2050,FY2050,3249.855728831248,,,,,3249.855728831248,3290.2254959233983,3249.855728831248,3290.2254959233983,$m nominal ex GST,scenario_spread_not_probabilistic,post_model_extrapolation,HEAVY_RUC__VNEXT_SOLVED_CONVEX_TOP4,future_june_year_base_vs_comparison,Base and comparison current-finalist values define a scenario spread; this is not probabilistic uncertainty.,Current planned path,long_run_scenario_envelope
gross_fed_revenue,Gross FED revenue,Scenario spread,current_basecase_vs_current_comparison_1,2026,FY2026,2185.4021261772323,,,,,2185.4021261772323,2187.6726433644412,2185.4021261772323,2187.6726433644412,$m nominal ex GST,scenario_spread_not_probabilistic,current_hybrid_formula,PED__VNEXT_SOLVED_CONVEX_TOP2,future_june_year_base_vs_comparison,Base and comparison current-finalist values define a scenario spread; this is not probabilistic uncertainty.,Current planned path,empirical_supported
gross_fed_revenue,Gross FED revenue,Scenario spread,current_basecase_vs_current_comparison_1,2027,FY2027,2313.136747454854,,,,,2313.136747454854,2327.9300486729985,2313.136747454854,2327.9300486729985,$m nominal ex GST,scenario_spread_not_probabilistic,current_hybrid_formula,PED__VNEXT_SOLVED_CONVEX_TOP2,future_june_year_base_vs_comparison,Base and comparison current-finalist values define a scenario spread; this is not probabilistic uncertainty.,Current planned path,empirical_supported
gross_fed_revenue,Gross FED revenue,Scenario spread,current_basecase_vs_current_comparison_1,2028,FY2028,2577.5378758526795,,,,,2577.5378758526795,2610.086751267217,2577.5378758526795,2610.086751267217,$m nominal ex GST,scenario_spread_not_probabilistic,current_hybrid_formula,PED__VNEXT_SOLVED_CONVEX_TOP2,future_june_year_base_vs_comparison,Base and comparison current-finalist values define a scenario spread; this is not probabilistic uncertainty.,Current planned path,empirical_supported
gross_fed_revenue,Gross FED revenue,Scenario spread,current_basecase_vs_current_comparison_1,2029,FY2029,2719.967853706387,,,,,2719.967853706387,2771.66845571597,2719.967853706387,2771.66845571597,$m nominal ex GST,scenario_spread_not_probabilistic,current_hybrid_formula,PED__VNEXT_SOLVED_CONVEX_TOP2,future_june_year_base_vs_comparison,Base and comparison current-finalist values define a scenario spread; this is not probabilistic uncertainty.,Current planned path,empirical_supported
gross_fed_revenue,Gross FED revenue,Scenario spread,current_basecase_vs_current_comparison_1,2030,FY2030,2824.9039840792548,,,,,2824.9039840792548,2897.420370068892,2824.9039840792548,2897.420370068892,$m nominal ex GST,scenario_spread_not_probabilistic,current_hybrid_formula,PED__VNEXT_SOLVED_CONVEX_TOP2,future_june_year_base_vs_comparison,Base and comparison current-finalist values define a scenario spread; this is not probabilistic uncertainty.,Current planned path,empirical_supported
gross_fed_revenue,Gross FED revenue,Scenario spread,current_basecase_vs_current_comparison_1,2031,FY2031,2936.45734890837,,,,,2936.45734890837,3032.24948952332,2936.45734890837,3032.24948952332,$m nominal ex GST,scenario_spread_not_probabilistic,post_model_extrapolation,PED__VNEXT_SOLVED_CONVEX_TOP2,future_june_year_base_vs_comparison,Base and comparison current-finalist values define a scenario spread; this is not probabilistic uncertainty.,Current planned path,long_run_scenario_envelope
gross_fed_revenue,Gross FED revenue,Scenario spread,current_basecase_vs_current_comparison_1,2032,FY2032,3040.154225812992,,,,,3040.154225812992,3163.215550314274,3040.154225812992,3163.215550314274,$m nominal ex GST,scenario_spread_not_probabilistic,post_model_extrapolation,PED__VNEXT_SOLVED_CONVEX_TOP2,future_june_year_base_vs_comparison,Base and comparison current-finalist values define a scenario spread; this is not probabilistic uncertainty.,Current planned path,long_run_scenario_envelope
gross_fed_revenue,Gross FED revenue,Scenario spread,current_basecase_vs_current_comparison_1,2033,FY2033,3137.868216992599,,,,,3137.868216992599,3290.2724610298737,3137.868216992599,3290.2724610298737,$m nominal ex GST,scenario_spread_not_probabilistic,post_model_extrapolation,PED__VNEXT_SOLVED_CONVEX_TOP2,future_june_year_base_vs_comparison,Base and comparison current-finalist values define a scenario spread; this is not probabilistic uncertainty.,Current planned path,long_run_scenario_envelope
gross_fed_revenue,Gross FED revenue,Scenario spread,current_basecase_vs_current_comparison_1,2034,FY2034,3234.122430612836,,,,,3234.122430612836,3417.73826892178,3234.122430612836,3417.73826892178,$m nominal ex GST,scenario_spread_not_probabilistic,post_model_extrapolation,PED__VNEXT_SOLVED_CONVEX_TOP2,future_june_year_base_vs_comparison,Base and comparison current-finalist values define a scenario spread; this is not probabilistic uncertainty.,Current planned path,long_run_scenario_envelope
gross_fed_revenue,Gross FED revenue,Scenario spread,current_basecase_vs_current_comparison_1,2035,FY2035,3327.824943801254,,,,,3327.824943801254,3544.7085669312405,3327.824943801254,3544.7085669312405,$m nominal ex GST,scenario_spread_not_probabilistic,post_model_extrapolation,PED__VNEXT_SOLVED_CONVEX_TOP2,future_june_year_base_vs_comparison,Base and comparison current-finalist values define a scenario spread; this is not probabilistic uncertainty.,Current planned path,long_run_scenario_envelope
gross_fed_revenue,Gross FED revenue,Scenario spread,current_basecase_vs_current_comparison_1,2036,FY2036,3419.5497546096844,,,,,3419.5497546096844,3670.3072925632036,3419.5497546096844,3670.3072925632036,$m nominal ex GST,scenario_spread_not_probabilistic,post_model_extrapolation,PED__VNEXT_SOLVED_CONVEX_TOP2,future_june_year_base_vs_comparison,Base and comparison current-finalist values define a scenario spread; this is not probabilistic uncertainty.,Current planned path,long_run_scenario_envelope
gross_fed_revenue,Gross FED revenue,Scenario spread,current_basecase_vs_current_comparison_1,2037,FY2037,3509.11351484525,,,,,3509.11351484525,3795.457174402715,3509.11351484525,3795.457174402715,$m nominal ex GST,scenario_spread_not_probabilistic,post_model_extrapolation,PED__VNEXT_SOLVED_CONVEX_TOP2,future_june_year_base_vs_comparison,Base and comparison current-finalist values define a scenario spread; this is not probabilistic uncertainty.,Current planned path,long_run_scenario_envelope
gross_fed_revenue,Gross FED revenue,Scenario spread,current_basecase_vs_current_comparison_1,2038,FY2038,3596.8441287258474,,,,,3596.8441287258474,3920.3069865062744,3596.8441287258474,3920.3069865062744,$m nominal ex GST,scenario_spread_not_probabilistic,post_model_extrapolation,PED__VNEXT_SOLVED_CONVEX_TOP2,future_june_year_base_vs_comparison,Base and comparison current-finalist values define a scenario spread; this is not probabilistic uncertainty.,Current planned path,long_run_scenario_envelope
gross_fed_revenue,Gross FED revenue,Scenario spread,current_basecase_vs_current_comparison_1,2039,FY2039,3682.691255265853,,,,,3682.691255265853,4044.812292411431,3682.691255265853,4044.812292411431,$m nominal ex GST,scenario_spread_not_probabilistic,post_model_extrapolation,PED__VNEXT_SOLVED_CONVEX_TOP2,future_june_year_base_vs_comparison,Base and comparison current-finalist values define a scenario spread; this is not probabilistic uncertainty.,Current planned path,long_run_scenario_envelope
gross_fed_revenue,Gross FED revenue,Scenario spread,current_basecase_vs_current_comparison_1,2040,FY2040,3766.593017977311,,,,,3766.593017977311,4168.876523499631,3766.593017977311,4168.876523499631,$m nominal ex GST,scenario_spread_not_probabilistic,post_model_extrapolation,PED__VNEXT_SOLVED_CONVEX_TOP2,future_june_year_base_vs_comparison,Base and comparison current-finalist values define a scenario spread; this is not probabilistic uncertainty.,Current planned path,long_run_scenario_envelope
gross_fed_revenue,Gross FED revenue,Scenario spread,current_basecase_vs_current_comparison_1,2041,FY2041,3847.911295122705,,,,,3847.911295122705,4289.270890977897,3847.911295122705,4289.270890977897,$m nominal ex GST,scenario_spread_not_probabilistic,post_model_extrapolation,PED__VNEXT_SOLVED_CONVEX_TOP2,future_june_year_base_vs_comparison,Base and comparison current-finalist values define a scenario spread; this is not probabilistic uncertainty.,Current planned path,long_run_scenario_envelope
gross_fed_revenue,Gross FED revenue,Scenario spread,current_basecase_vs_current_comparison_1,2042,FY2042,3924.43627542768,,,,,3924.43627542768,4395.205959897449,3924.43627542768,4395.205959897449,$m nominal ex GST,scenario_spread_not_probabilistic,post_model_extrapolation,PED__VNEXT_SOLVED_CONVEX_TOP2,future_june_year_base_vs_comparison,Base and comparison current-finalist values define a scenario spread; this is not probabilistic uncertainty.,Current planned path,long_run_scenario_envelope
gross_fed_revenue,Gross FED revenue,Scenario spread,current_basecase_vs_current_comparison_1,2043,FY2043,3998.7809209345214,,,,,3998.7809209345214,4517.137841901835,3998.7809209345214,4517.137841901835,$m nominal ex GST,scenario_spread_not_probabilistic,post_model_extrapolation,PED__VNEXT_SOLVED_CONVEX_TOP2,future_june_year_base_vs_comparison,Base and comparison current-finalist values define a scenario spread; this is not probabilistic uncertainty.,Current planned path,long_run_scenario_envelope
gross_fed_revenue,Gross FED revenue,Scenario spread,current_basecase_vs_current_comparison_1,2044,FY2044,4070.938042427832,,,,,4070.938042427832,4647.376711124809,4070.938042427832,4647.376711124809,$m nominal ex GST,scenario_spread_not_probabilistic,post_model_extrapolation,PED__VNEXT_SOLVED_CONVEX_TOP2,future_june_year_base_vs_comparison,Base and comparison current-finalist values define a scenario spread; this is not probabilistic uncertainty.,Current planned path,long_run_scenario_envelope
gross_fed_revenue,Gross FED revenue,Scenario spread,current_basecase_vs_current_comparison_1,2045,FY2045,4143.484486415006,,,,,4143.484486415006,4763.590145464712,4143.484486415006,4763.590145464712,$m nominal ex GST,scenario_spread_not_probabilistic,post_model_extrapolation,PED__VNEXT_SOLVED_CONVEX_TOP2,future_june_year_base_vs_comparison,Base and comparison current-finalist values define a scenario spread; this is not probabilistic uncertainty.,Current planned path,long_run_scenario_envelope
gross_fed_revenue,Gross FED revenue,Scenario spread,current_basecase_vs_current_comparison_1,2046,FY2046,4213.983065345571,,,,,4213.983065345571,4889.874240635987,4213.983065345571,4889.874240635987,$m nominal ex GST,scenario_spread_not_probabilistic,post_model_extrapolation,PED__VNEXT_SOLVED_CONVEX_TOP2,future_june_year_base_vs_comparison,Base and comparison current-finalist values define a scenario spread; this is not probabilistic uncertainty.,Current planned path,long_run_scenario_envelope
gross_fed_revenue,Gross FED revenue,Scenario spread,current_basecase_vs_current_comparison_1,2047,FY2047,4278.78312054538,,,,,4278.78312054538,5010.719649289373,4278.78312054538,5010.719649289373,$m nominal ex GST,scenario_spread_not_probabilistic,post_model_extrapolation,PED__VNEXT_SOLVED_CONVEX_TOP2,future_june_year_base_vs_comparison,Base and comparison current-finalist values define a scenario spread; this is not probabilistic uncertainty.,Current planned path,long_run_scenario_envelope
gross_fed_revenue,Gross FED revenue,Scenario spread,current_basecase_vs_current_comparison_1,2048,FY2048,4342.481531254959,,,,,4342.481531254959,5128.332249607586,4342.481531254959,5128.332249607586,$m nominal ex GST,scenario_spread_not_probabilistic,post_model_extrapolation,PED__VNEXT_SOLVED_CONVEX_TOP2,future_june_year_base_vs_comparison,Base and comparison current-finalist values define a scenario spread; this is not probabilistic uncertainty.,Current planned path,long_run_scenario_envelope
gross_fed_revenue,Gross FED revenue,Scenario spread,current_basecase_vs_current_comparison_1,2049,FY2049,4403.958036129558,,,,,4403.958036129558,5245.843384870012,4403.958036129558,5245.843384870012,$m nominal ex GST,scenario_spread_not_probabilistic,post_model_extrapolation,PED__VNEXT_SOLVED_CONVEX_TOP2,future_june_year_base_vs_comparison,Base and comparison current-finalist values define a scenario spread; this is not probabilistic uncertainty.,Current planned path,long_run_scenario_envelope
gross_fed_revenue,Gross FED revenue,Scenario spread,current_basecase_vs_current_comparison_1,2050,FY2050,4463.3074146739955,,,,,4463.3074146739955,5362.4744861726995,4463.3074146739955,5362.4744861726995,$m nominal ex GST,scenario_spread_not_probabilistic,post_model_extrapolation,PED__VNEXT_SOLVED_CONVEX_TOP2,future_june_year_base_vs_comparison,Base and comparison current-finalist values define a scenario spread; this is not probabilistic uncertainty.,Current planned path,long_run_scenario_envelope
net_fed_revenue,Net FED revenue,Scenario spread,current_basecase_vs_current_comparison_1,2026,FY2026,2112.1346014816318,,,,,2112.1346014816318,2114.4051186688407,2112.1346014816318,2114.4051186688407,$m nominal ex GST,scenario_spread_not_probabilistic,current_hybrid_formula,PED__VNEXT_SOLVED_CONVEX_TOP2,future_june_year_base_vs_comparison,Base and comparison current-finalist values define a scenario spread; this is not probabilistic uncertainty.,Current planned path,empirical_supported
net_fed_revenue,Net FED revenue,Scenario spread,current_basecase_vs_current_comparison_1,2027,FY2027,2231.0317855508974,,,,,2231.0317855508974,2245.825086769042,2231.0317855508974,2245.825086769042,$m nominal ex GST,scenario_spread_not_probabilistic,current_hybrid_formula,PED__VNEXT_SOLVED_CONVEX_TOP2,future_june_year_base_vs_comparison,Base and comparison current-finalist values define a scenario spread; this is not probabilistic uncertainty.,Current planned path,empirical_supported
net_fed_revenue,Net FED revenue,Scenario spread,current_basecase_vs_current_comparison_1,2028,FY2028,2485.426160851226,,,,,2485.426160851226,2517.9750362657637,2485.426160851226,2517.9750362657637,$m nominal ex GST,scenario_spread_not_probabilistic,current_hybrid_formula,PED__VNEXT_SOLVED_CONVEX_TOP2,future_june_year_base_vs_comparison,Base and comparison current-finalist values define a scenario spread; this is not probabilistic uncertainty.,Current planned path,empirical_supported
net_fed_revenue,Net FED revenue,Scenario spread,current_basecase_vs_current_comparison_1,2029,FY2029,2622.137336911685,,,,,2622.137336911685,2673.8379389212682,2622.137336911685,2673.8379389212682,$m nominal ex GST,scenario_spread_not_probabilistic,current_hybrid_formula,PED__VNEXT_SOLVED_CONVEX_TOP2,future_june_year_base_vs_comparison,Base and comparison current-finalist values define a scenario spread; this is not probabilistic uncertainty.,Current planned path,empirical_supported
net_fed_revenue,Net FED revenue,Scenario spread,current_basecase_vs_current_comparison_1,2030,FY2030,2722.490991688741,,,,,2722.490991688741,2795.0073776783784,2722.490991688741,2795.0073776783784,$m nominal ex GST,scenario_spread_not_probabilistic,current_hybrid_formula,PED__VNEXT_SOLVED_CONVEX_TOP2,future_june_year_base_vs_comparison,Base and comparison current-finalist values define a scenario spread; this is not probabilistic uncertainty.,Current planned path,empirical_supported
net_fed_revenue,Net FED revenue,Scenario spread,current_basecase_vs_current_comparison_1,2031,FY2031,2831.095224614477,,,,,2831.095224614477,2926.887365229427,2831.095224614477,2926.887365229427,$m nominal ex GST,scenario_spread_not_probabilistic,post_model_extrapolation,PED__VNEXT_SOLVED_CONVEX_TOP2,future_june_year_base_vs_comparison,Base and comparison current-finalist values define a scenario spread; this is not probabilistic uncertainty.,Current planned path,long_run_scenario_envelope
net_fed_revenue,Net FED revenue,Scenario spread,current_basecase_vs_current_comparison_1,2032,FY2032,2932.341676548163,,,,,2932.341676548163,3055.403001049445,2932.341676548163,3055.403001049445,$m nominal ex GST,scenario_spread_not_probabilistic,post_model_extrapolation,PED__VNEXT_SOLVED_CONVEX_TOP2,future_june_year_base_vs_comparison,Base and comparison current-finalist values define a scenario spread; this is not probabilistic uncertainty.,Current planned path,long_run_scenario_envelope
net_fed_revenue,Net FED revenue,Scenario spread,current_basecase_vs_current_comparison_1,2033,FY2033,3028.318584004281,,,,,3028.318584004281,3180.7228280415557,3028.318584004281,3180.7228280415557,$m nominal ex GST,scenario_spread_not_probabilistic,post_model_extrapolation,PED__VNEXT_SOLVED_CONVEX_TOP2,future_june_year_base_vs_comparison,Base and comparison current-finalist values define a scenario spread; this is not probabilistic uncertainty.,Current planned path,long_run_scenario_envelope
net_fed_revenue,Net FED revenue,Scenario spread,current_basecase_vs_current_comparison_1,2034,FY2034,3123.317484751173,,,,,3123.317484751173,3306.9333230601173,3123.317484751173,3306.9333230601173,$m nominal ex GST,scenario_spread_not_probabilistic,post_model_extrapolation,PED__VNEXT_SOLVED_CONVEX_TOP2,future_june_year_base_vs_comparison,Base and comparison current-finalist values define a scenario spread; this is not probabilistic uncertainty.,Current planned path,long_run_scenario_envelope
net_fed_revenue,Net FED revenue,Scenario spread,current_basecase_vs_current_comparison_1,2035,FY2035,3216.449321172158,,,,,3216.449321172158,3433.3329443021444,3216.449321172158,3433.3329443021444,$m nominal ex GST,scenario_spread_not_probabilistic,post_model_extrapolation,PED__VNEXT_SOLVED_CONVEX_TOP2,future_june_year_base_vs_comparison,Base and comparison current-finalist values define a scenario spread; this is not probabilistic uncertainty.,Current planned path,long_run_scenario_envelope
net_fed_revenue,Net FED revenue,Scenario spread,current_basecase_vs_current_comparison_1,2036,FY2036,3308.4437314625256,,,,,3308.4437314625256,3559.201269416045,3308.4437314625256,3559.201269416045,$m nominal ex GST,scenario_spread_not_probabilistic,post_model_extrapolation,PED__VNEXT_SOLVED_CONVEX_TOP2,future_june_year_base_vs_comparison,Base and comparison current-finalist values define a scenario spread; this is not probabilistic uncertainty.,Current planned path,long_run_scenario_envelope
net_fed_revenue,Net FED revenue,Scenario spread,current_basecase_vs_current_comparison_1,2037,FY2037,3399.140036885076,,,,,3399.140036885076,3685.483696442541,3399.140036885076,3685.483696442541,$m nominal ex GST,scenario_spread_not_probabilistic,post_model_extrapolation,PED__VNEXT_SOLVED_CONVEX_TOP2,future_june_year_base_vs_comparison,Base and comparison current-finalist values define a scenario spread; this is not probabilistic uncertainty.,Current planned path,long_run_scenario_envelope
net_fed_revenue,Net FED revenue,Scenario spread,current_basecase_vs_current_comparison_1,2038,FY2038,3488.9986855059647,,,,,3488.9986855059647,3812.4615432863916,3488.9986855059647,3812.4615432863916,$m nominal ex GST,scenario_spread_not_probabilistic,post_model_extrapolation,PED__VNEXT_SOLVED_CONVEX_TOP2,future_june_year_base_vs_comparison,Base and comparison current-finalist values define a scenario spread; this is not probabilistic uncertainty.,Current planned path,long_run_scenario_envelope
net_fed_revenue,Net FED revenue,Scenario spread,current_basecase_vs_current_comparison_1,2039,FY2039,3577.916471184701,,,,,3577.916471184701,3940.037508330279,3577.916471184701,3940.037508330279,$m nominal ex GST,scenario_spread_not_probabilistic,post_model_extrapolation,PED__VNEXT_SOLVED_CONVEX_TOP2,future_june_year_base_vs_comparison,Base and comparison current-finalist values define a scenario spread; this is not probabilistic uncertainty.,Current planned path,long_run_scenario_envelope
net_fed_revenue,Net FED revenue,Scenario spread,current_basecase_vs_current_comparison_1,2040,FY2040,3665.712346141496,,,,,3665.712346141496,4067.9958516638158,3665.712346141496,4067.9958516638158,$m nominal ex GST,scenario_spread_not_probabilistic,post_model_extrapolation,PED__VNEXT_SOLVED_CONVEX_TOP2,future_june_year_base_vs_comparison,Base and comparison current-finalist values define a scenario spread; this is not probabilistic uncertainty.,Current planned path,long_run_scenario_envelope
net_fed_revenue,Net FED revenue,Scenario spread,current_basecase_vs_current_comparison_1,2041,FY2041,3751.639685023587,,,,,3751.639685023587,4192.999280878778,3751.639685023587,4192.999280878778,$m nominal ex GST,scenario_spread_not_probabilistic,post_model_extrapolation,PED__VNEXT_SOLVED_CONVEX_TOP2,future_june_year_base_vs_comparison,Base and comparison current-finalist values define a scenario spread; this is not probabilistic uncertainty.,Current planned path,long_run_scenario_envelope
net_fed_revenue,Net FED revenue,Scenario spread,current_basecase_vs_current_comparison_1,2042,FY2042,3833.945444908462,,,,,3833.945444908462,4304.715129378231,3833.945444908462,4304.715129378231,$m nominal ex GST,scenario_spread_not_probabilistic,post_model_extrapolation,PED__VNEXT_SOLVED_CONVEX_TOP2,future_june_year_base_vs_comparison,Base and comparison current-finalist values define a scenario spread; this is not probabilistic uncertainty.,Current planned path,long_run_scenario_envelope
net_fed_revenue,Net FED revenue,Scenario spread,current_basecase_vs_current_comparison_1,2043,FY2043,3914.4900344273415,,,,,3914.4900344273415,4432.846955394654,3914.4900344273415,4432.846955394654,$m nominal ex GST,scenario_spread_not_probabilistic,post_model_extrapolation,PED__VNEXT_SOLVED_CONVEX_TOP2,future_june_year_base_vs_comparison,Base and comparison current-finalist values define a scenario spread; this is not probabilistic uncertainty.,Current planned path,long_run_scenario_envelope
net_fed_revenue,Net FED revenue,Scenario spread,current_basecase_vs_current_comparison_1,2044,FY2044,3992.789758510042,,,,,3992.789758510042,4569.228427207018,3992.789758510042,4569.228427207018,$m nominal ex GST,scenario_spread_not_probabilistic,post_model_extrapolation,PED__VNEXT_SOLVED_CONVEX_TOP2,future_june_year_base_vs_comparison,Base and comparison current-finalist values define a scenario spread; this is not probabilistic uncertainty.,Current planned path,long_run_scenario_envelope
net_fed_revenue,Net FED revenue,Scenario spread,current_basecase_vs_current_comparison_1,2045,FY2045,4071.2506137437385,,,,,4071.2506137437385,4691.356272793444,4071.2506137437385,4691.356272793444,$m nominal ex GST,scenario_spread_not_probabilistic,post_model_extrapolation,PED__VNEXT_SOLVED_CONVEX_TOP2,future_june_year_base_vs_comparison,Base and comparison current-finalist values define a scenario spread; this is not probabilistic uncertainty.,Current planned path,long_run_scenario_envelope
net_fed_revenue,Net FED revenue,Scenario spread,current_basecase_vs_current_comparison_1,2046,FY2046,4147.325607403562,,,,,4147.325607403562,4823.216782693978,4147.325607403562,4823.216782693978,$m nominal ex GST,scenario_spread_not_probabilistic,post_model_extrapolation,PED__VNEXT_SOLVED_CONVEX_TOP2,future_june_year_base_vs_comparison,Base and comparison current-finalist values define a scenario spread; this is not probabilistic uncertainty.,Current planned path,long_run_scenario_envelope
net_fed_revenue,Net FED revenue,Scenario spread,current_basecase_vs_current_comparison_1,2047,FY2047,4217.357105750935,,,,,4217.357105750935,4949.293634494928,4217.357105750935,4949.293634494928,$m nominal ex GST,scenario_spread_not_probabilistic,post_model_extrapolation,PED__VNEXT_SOLVED_CONVEX_TOP2,future_june_year_base_vs_comparison,Base and comparison current-finalist values define a scenario spread; this is not probabilistic uncertainty.,Current planned path,long_run_scenario_envelope
net_fed_revenue,Net FED revenue,Scenario spread,current_basecase_vs_current_comparison_1,2048,FY2048,4285.866984356631,,,,,4285.866984356631,5071.717702709258,4285.866984356631,5071.717702709258,$m nominal ex GST,scenario_spread_not_probabilistic,post_model_extrapolation,PED__VNEXT_SOLVED_CONVEX_TOP2,future_june_year_base_vs_comparison,Base and comparison current-finalist values define a scenario spread; this is not probabilistic uncertainty.,Current planned path,long_run_scenario_envelope
net_fed_revenue,Net FED revenue,Scenario spread,current_basecase_vs_current_comparison_1,2049,FY2049,4351.828784401792,,,,,4351.828784401792,5193.714133142246,4351.828784401792,5193.714133142246,$m nominal ex GST,scenario_spread_not_probabilistic,post_model_extrapolation,PED__VNEXT_SOLVED_CONVEX_TOP2,future_june_year_base_vs_comparison,Base and comparison current-finalist values define a scenario spread; this is not probabilistic uncertainty.,Current planned path,long_run_scenario_envelope
net_fed_revenue,Net FED revenue,Scenario spread,current_basecase_vs_current_comparison_1,2050,FY2050,4415.35392020479,,,,,4415.35392020479,5314.520991703494,4415.35392020479,5314.520991703494,$m nominal ex GST,scenario_spread_not_probabilistic,post_model_extrapolation,PED__VNEXT_SOLVED_CONVEX_TOP2,future_june_year_base_vs_comparison,Base and comparison current-finalist values define a scenario spread; this is not probabilistic uncertainty.,Current planned path,long_run_scenario_envelope
total_ruc_net_revenue,Total RUC all classes,Scenario spread,current_basecase_vs_current_comparison_1,2026,FY2026,2073.4998730636125,,,,,2073.4998730636125,2074.515592973735,2073.4998730636125,2074.515592973735,$m nominal ex GST,scenario_spread_not_probabilistic,current_hybrid_formula,PED__VNEXT_SOLVED_CONVEX_TOP2; dynamic_RESID_GBR_n150_d1_lr0.05_w36; HEAVY_RUC__VNEXT_SOLVED_CONVEX_TOP4,future_june_year_base_vs_comparison,Base and comparison current-finalist values define a scenario spread; this is not probabilistic uncertainty.,Current planned path,empirical_supported
total_ruc_net_revenue,Total RUC all classes,Scenario spread,current_basecase_vs_current_comparison_1,2027,FY2027,2279.2065835079384,,,,,2279.2065835079384,2288.2058570048125,2279.2065835079384,2288.2058570048125,$m nominal ex GST,scenario_spread_not_probabilistic,current_hybrid_formula,PED__VNEXT_SOLVED_CONVEX_TOP2; dynamic_RESID_GBR_n150_d1_lr0.05_w36; HEAVY_RUC__VNEXT_SOLVED_CONVEX_TOP4,future_june_year_base_vs_comparison,Base and comparison current-finalist values define a scenario spread; this is not probabilistic uncertainty.,Current planned path,empirical_supported
total_ruc_net_revenue,Total RUC all classes,Scenario spread,current_basecase_vs_current_comparison_1,2028,FY2028,2659.6949380932087,,,,,2659.6949380932087,2677.0468804410316,2659.6949380932087,2677.0468804410316,$m nominal ex GST,scenario_spread_not_probabilistic,current_hybrid_formula,PED__VNEXT_SOLVED_CONVEX_TOP2; dynamic_RESID_GBR_n150_d1_lr0.05_w36; HEAVY_RUC__VNEXT_SOLVED_CONVEX_TOP4,future_june_year_base_vs_comparison,Base and comparison current-finalist values define a scenario spread; this is not probabilistic uncertainty.,Current planned path,empirical_supported
total_ruc_net_revenue,Total RUC all classes,Scenario spread,current_basecase_vs_current_comparison_1,2029,FY2029,2941.6335786661207,,,,,2941.6335786661207,2968.2308783986555,2941.6335786661207,2968.2308783986555,$m nominal ex GST,scenario_spread_not_probabilistic,current_hybrid_formula,PED__VNEXT_SOLVED_CONVEX_TOP2; dynamic_RESID_GBR_n150_d1_lr0.05_w36; HEAVY_RUC__VNEXT_SOLVED_CONVEX_TOP4,future_june_year_base_vs_comparison,Base and comparison current-finalist values define a scenario spread; this is not probabilistic uncertainty.,Current planned path,empirical_supported
total_ruc_net_revenue,Total RUC all classes,Scenario spread,current_basecase_vs_current_comparison_1,2030,FY2030,3195.2526967426033,,,,,3195.2526967426033,3233.87870892825,3195.2526967426033,3233.87870892825,$m nominal ex GST,scenario_spread_not_probabilistic,current_hybrid_formula,PED__VNEXT_SOLVED_CONVEX_TOP2; dynamic_RESID_GBR_n150_d1_lr0.05_w36; HEAVY_RUC__VNEXT_SOLVED_CONVEX_TOP4,future_june_year_base_vs_comparison,Base and comparison current-finalist values define a scenario spread; this is not probabilistic uncertainty.,Current planned path,empirical_supported
total_ruc_net_revenue,Total RUC all classes,Scenario spread,current_basecase_vs_current_comparison_1,2031,FY2031,3419.3844003439503,,,,,3419.3844003439503,3462.147494016107,3419.3844003439503,3462.147494016107,$m nominal ex GST,scenario_spread_not_probabilistic,post_model_extrapolation,PED__VNEXT_SOLVED_CONVEX_TOP2; dynamic_RESID_GBR_n150_d1_lr0.05_w36; HEAVY_RUC__VNEXT_SOLVED_CONVEX_TOP4,future_june_year_base_vs_comparison,Base and comparison current-finalist values define a scenario spread; this is not probabilistic uncertainty.,Current planned path,long_run_scenario_envelope
total_ruc_net_revenue,Total RUC all classes,Scenario spread,current_basecase_vs_current_comparison_1,2032,FY2032,3650.8018657366783,,,,,3650.8018657366783,3698.310753614245,3650.8018657366783,3698.310753614245,$m nominal ex GST,scenario_spread_not_probabilistic,post_model_extrapolation,PED__VNEXT_SOLVED_CONVEX_TOP2; dynamic_RESID_GBR_n150_d1_lr0.05_w36; HEAVY_RUC__VNEXT_SOLVED_CONVEX_TOP4,future_june_year_base_vs_comparison,Base and comparison current-finalist values define a scenario spread; this is not probabilistic uncertainty.,Current planned path,long_run_scenario_envelope
total_ruc_net_revenue,Total RUC all classes,Scenario spread,current_basecase_vs_current_comparison_1,2033,FY2033,3895.9872678024476,,,,,3895.9872678024476,3948.6738094614298,3895.9872678024476,3948.6738094614298,$m nominal ex GST,scenario_spread_not_probabilistic,post_model_extrapolation,PED__VNEXT_SOLVED_CONVEX_TOP2; dynamic_RESID_GBR_n150_d1_lr0.05_w36; HEAVY_RUC__VNEXT_SOLVED_CONVEX_TOP4,future_june_year_base_vs_comparison,Base and comparison current-finalist values define a scenario spread; this is not probabilistic uncertainty.,Current planned path,long_run_scenario_envelope
total_ruc_net_revenue,Total RUC all classes,Scenario spread,current_basecase_vs_current_comparison_1,2034,FY2034,4164.748550578652,,,,,4164.748550578652,4222.383140357265,4164.748550578652,4222.383140357265,$m nominal ex GST,scenario_spread_not_probabilistic,post_model_extrapolation,PED__VNEXT_SOLVED_CONVEX_TOP2; dynamic_RESID_GBR_n150_d1_lr0.05_w36; HEAVY_RUC__VNEXT_SOLVED_CONVEX_TOP4,future_june_year_base_vs_comparison,Base and comparison current-finalist values define a scenario spread; this is not probabilistic uncertainty.,Current planned path,long_run_scenario_envelope
total_ruc_net_revenue,Total RUC all classes,Scenario spread,current_basecase_vs_current_comparison_1,2035,FY2035,4460.272520146569,,,,,4460.272520146569,4523.445283188903,4460.272520146569,4523.445283188903,$m nominal ex GST,scenario_spread_not_probabilistic,post_model_extrapolation,PED__VNEXT_SOLVED_CONVEX_TOP2; dynamic_RESID_GBR_n150_d1_lr0.05_w36; HEAVY_RUC__VNEXT_SOLVED_CONVEX_TOP4,future_june_year_base_vs_comparison,Base and comparison current-finalist values define a scenario spread; this is not probabilistic uncertainty.,Current planned path,long_run_scenario_envelope
total_ruc_net_revenue,Total RUC all classes,Scenario spread,current_basecase_vs_current_comparison_1,2036,FY2036,4784.267928581673,,,,,4784.267928581673,4853.945496124532,4784.267928581673,4853.945496124532,$m nominal ex GST,scenario_spread_not_probabilistic,post_model_extrapolation,PED__VNEXT_SOLVED_CONVEX_TOP2; dynamic_RESID_GBR_n150_d1_lr0.05_w36; HEAVY_RUC__VNEXT_SOLVED_CONVEX_TOP4,future_june_year_base_vs_comparison,Base and comparison current-finalist values define a scenario spread; this is not probabilistic uncertainty.,Current planned path,long_run_scenario_envelope
total_ruc_net_revenue,Total RUC all classes,Scenario spread,current_basecase_vs_current_comparison_1,2037,FY2037,5141.015393052026,,,,,5141.015393052026,5217.157051515419,5141.015393052026,5217.157051515419,$m nominal ex GST,scenario_spread_not_probabilistic,post_model_extrapolation,PED__VNEXT_SOLVED_CONVEX_TOP2; dynamic_RESID_GBR_n150_d1_lr0.05_w36; HEAVY_RUC__VNEXT_SOLVED_CONVEX_TOP4,future_june_year_base_vs_comparison,Base and comparison current-finalist values define a scenario spread; this is not probabilistic uncertainty.,Current planned path,long_run_scenario_envelope
total_ruc_net_revenue,Total RUC all classes,Scenario spread,current_basecase_vs_current_comparison_1,2038,FY2038,5534.178773944051,,,,,5534.178773944051,5618.249533494616,5534.178773944051,5618.249533494616,$m nominal ex GST,scenario_spread_not_probabilistic,post_model_extrapolation,PED__VNEXT_SOLVED_CONVEX_TOP2; dynamic_RESID_GBR_n150_d1_lr0.05_w36; HEAVY_RUC__VNEXT_SOLVED_CONVEX_TOP4,future_june_year_base_vs_comparison,Base and comparison current-finalist values define a scenario spread; this is not probabilistic uncertainty.,Current planned path,long_run_scenario_envelope
total_ruc_net_revenue,Total RUC all classes,Scenario spread,current_basecase_vs_current_comparison_1,2039,FY2039,5972.625013630662,,,,,5972.625013630662,6065.765408925307,5972.625013630662,6065.765408925307,$m nominal ex GST,scenario_spread_not_probabilistic,post_model_extrapolation,PED__VNEXT_SOLVED_CONVEX_TOP2; dynamic_RESID_GBR_n150_d1_lr0.05_w36; HEAVY_RUC__VNEXT_SOLVED_CONVEX_TOP4,future_june_year_base_vs_comparison,Base and comparison current-finalist values define a scenario spread; this is not probabilistic uncertainty.,Current planned path,long_run_scenario_envelope
total_ruc_net_revenue,Total RUC all classes,Scenario spread,current_basecase_vs_current_comparison_1,2040,FY2040,6457.70426367954,,,,,6457.70426367954,6561.006127397612,6457.70426367954,6561.006127397612,$m nominal ex GST,scenario_spread_not_probabilistic,post_model_extrapolation,PED__VNEXT_SOLVED_CONVEX_TOP2; dynamic_RESID_GBR_n150_d1_lr0.05_w36; HEAVY_RUC__VNEXT_SOLVED_CONVEX_TOP4,future_june_year_base_vs_comparison,Base and comparison current-finalist values define a scenario spread; this is not probabilistic uncertainty.,Current planned path,long_run_scenario_envelope
total_ruc_net_revenue,Total RUC all classes,Scenario spread,current_basecase_vs_current_comparison_1,2041,FY2041,6982.128036149723,,,,,6982.128036149723,7096.519095186563,6982.128036149723,7096.519095186563,$m nominal ex GST,scenario_spread_not_probabilistic,post_model_extrapolation,PED__VNEXT_SOLVED_CONVEX_TOP2; dynamic_RESID_GBR_n150_d1_lr0.05_w36; HEAVY_RUC__VNEXT_SOLVED_CONVEX_TOP4,future_june_year_base_vs_comparison,Base and comparison current-finalist values define a scenario spread; this is not probabilistic uncertainty.,Current planned path,long_run_scenario_envelope
total_ruc_net_revenue,Total RUC all classes,Scenario spread,current_basecase_vs_current_comparison_1,2042,FY2042,7542.704860656269,,,,,7542.704860656269,7668.897706837585,7542.704860656269,7668.897706837585,$m nominal ex GST,scenario_spread_not_probabilistic,post_model_extrapolation,PED__VNEXT_SOLVED_CONVEX_TOP2; dynamic_RESID_GBR_n150_d1_lr0.05_w36; HEAVY_RUC__VNEXT_SOLVED_CONVEX_TOP4,future_june_year_base_vs_comparison,Base and comparison current-finalist values define a scenario spread; this is not probabilistic uncertainty.,Current planned path,long_run_scenario_envelope
total_ruc_net_revenue,Total RUC all classes,Scenario spread,current_basecase_vs_current_comparison_1,2043,FY2043,8120.037396420734,,,,,8120.037396420734,8258.393142933204,8120.037396420734,8258.393142933204,$m nominal ex GST,scenario_spread_not_probabilistic,post_model_extrapolation,PED__VNEXT_SOLVED_CONVEX_TOP2; dynamic_RESID_GBR_n150_d1_lr0.05_w36; HEAVY_RUC__VNEXT_SOLVED_CONVEX_TOP4,future_june_year_base_vs_comparison,Base and comparison current-finalist values define a scenario spread; this is not probabilistic uncertainty.,Current planned path,long_run_scenario_envelope
total_ruc_net_revenue,Total RUC all classes,Scenario spread,current_basecase_vs_current_comparison_1,2044,FY2044,8694.371735797502,,,,,8694.371735797502,8844.796778628022,8694.371735797502,8844.796778628022,$m nominal ex GST,scenario_spread_not_probabilistic,post_model_extrapolation,PED__VNEXT_SOLVED_CONVEX_TOP2; dynamic_RESID_GBR_n150_d1_lr0.05_w36; HEAVY_RUC__VNEXT_SOLVED_CONVEX_TOP4,future_june_year_base_vs_comparison,Base and comparison current-finalist values define a scenario spread; this is not probabilistic uncertainty.,Current planned path,long_run_scenario_envelope
total_ruc_net_revenue,Total RUC all classes,Scenario spread,current_basecase_vs_current_comparison_1,2045,FY2045,9272.968417389187,,,,,9272.968417389187,9435.533188581972,9272.968417389187,9435.533188581972,$m nominal ex GST,scenario_spread_not_probabilistic,post_model_extrapolation,PED__VNEXT_SOLVED_CONVEX_TOP2; dynamic_RESID_GBR_n150_d1_lr0.05_w36; HEAVY_RUC__VNEXT_SOLVED_CONVEX_TOP4,future_june_year_base_vs_comparison,Base and comparison current-finalist values define a scenario spread; this is not probabilistic uncertainty.,Current planned path,long_run_scenario_envelope
total_ruc_net_revenue,Total RUC all classes,Scenario spread,current_basecase_vs_current_comparison_1,2046,FY2046,9875.596413198304,,,,,9875.596413198304,10050.810759874543,9875.596413198304,10050.810759874543,$m nominal ex GST,scenario_spread_not_probabilistic,post_model_extrapolation,PED__VNEXT_SOLVED_CONVEX_TOP2; dynamic_RESID_GBR_n150_d1_lr0.05_w36; HEAVY_RUC__VNEXT_SOLVED_CONVEX_TOP4,future_june_year_base_vs_comparison,Base and comparison current-finalist values define a scenario spread; this is not probabilistic uncertainty.,Current planned path,long_run_scenario_envelope
total_ruc_net_revenue,Total RUC all classes,Scenario spread,current_basecase_vs_current_comparison_1,2047,FY2047,10498.880530627617,,,,,10498.880530627617,10687.179126108684,10498.880530627617,10687.179126108684,$m nominal ex GST,scenario_spread_not_probabilistic,post_model_extrapolation,PED__VNEXT_SOLVED_CONVEX_TOP2; dynamic_RESID_GBR_n150_d1_lr0.05_w36; HEAVY_RUC__VNEXT_SOLVED_CONVEX_TOP4,future_june_year_base_vs_comparison,Base and comparison current-finalist values define a scenario spread; this is not probabilistic uncertainty.,Current planned path,long_run_scenario_envelope
total_ruc_net_revenue,Total RUC all classes,Scenario spread,current_basecase_vs_current_comparison_1,2048,FY2048,11146.593847159402,,,,,11146.593847159402,11348.498810859892,11146.593847159402,11348.498810859892,$m nominal ex GST,scenario_spread_not_probabilistic,post_model_extrapolation,PED__VNEXT_SOLVED_CONVEX_TOP2; dynamic_RESID_GBR_n150_d1_lr0.05_w36; HEAVY_RUC__VNEXT_SOLVED_CONVEX_TOP4,future_june_year_base_vs_comparison,Base and comparison current-finalist values define a scenario spread; this is not probabilistic uncertainty.,Current planned path,long_run_scenario_envelope
total_ruc_net_revenue,Total RUC all classes,Scenario spread,current_basecase_vs_current_comparison_1,2049,FY2049,11786.593203185686,,,,,11786.593203185686,12001.912657007762,11786.593203185686,12001.912657007762,$m nominal ex GST,scenario_spread_not_probabilistic,post_model_extrapolation,PED__VNEXT_SOLVED_CONVEX_TOP2; dynamic_RESID_GBR_n150_d1_lr0.05_w36; HEAVY_RUC__VNEXT_SOLVED_CONVEX_TOP4,future_june_year_base_vs_comparison,Base and comparison current-finalist values define a scenario spread; this is not probabilistic uncertainty.,Current planned path,long_run_scenario_envelope
total_ruc_net_revenue,Total RUC all classes,Scenario spread,current_basecase_vs_current_comparison_1,2050,FY2050,12401.095993024595,,,,,12401.095993024595,12629.27210340797,12401.095993024595,12629.27210340797,$m nominal ex GST,scenario_spread_not_probabilistic,post_model_extrapolation,PED__VNEXT_SOLVED_CONVEX_TOP2; dynamic_RESID_GBR_n150_d1_lr0.05_w36; HEAVY_RUC__VNEXT_SOLVED_CONVEX_TOP4,future_june_year_base_vs_comparison,Base and comparison current-finalist values define a scenario spread; this is not probabilistic uncertainty.,Current planned path,long_run_scenario_envelope
net_mvr_revenue,Net MVR revenue,Scenario spread,current_basecase_vs_current_comparison_1,2026,FY2026,425.1291935285919,,,,,425.1291935285919,425.1291935285919,425.1291935285919,425.1291935285919,$m nominal ex GST,scenario_spread_not_probabilistic,mbu26_official_annual.csv,,future_june_year_base_vs_comparison,Base and comparison current-finalist values define a scenario spread; this is not probabilistic uncertainty.,Current planned path,empirical_supported
net_mvr_revenue,Net MVR revenue,Scenario spread,current_basecase_vs_current_comparison_1,2027,FY2027,496.1497521504495,,,,,496.1497521504495,496.1497521504495,496.1497521504495,496.1497521504495,$m nominal ex GST,scenario_spread_not_probabilistic,mbu26_official_annual.csv,,future_june_year_base_vs_comparison,Base and comparison current-finalist values define a scenario spread; this is not probabilistic uncertainty.,Current planned path,empirical_supported
net_mvr_revenue,Net MVR revenue,Scenario spread,current_basecase_vs_current_comparison_1,2028,FY2028,490.25051027658566,,,,,490.25051027658566,490.25051027658566,490.25051027658566,490.25051027658566,$m nominal ex GST,scenario_spread_not_probabilistic,mbu26_official_annual.csv,,future_june_year_base_vs_comparison,Base and comparison current-finalist values define a scenario spread; this is not probabilistic uncertainty.,Current planned path,empirical_supported
net_mvr_revenue,Net MVR revenue,Scenario spread,current_basecase_vs_current_comparison_1,2029,FY2029,484.84310999369575,,,,,484.84310999369575,484.84310999369575,484.84310999369575,484.84310999369575,$m nominal ex GST,scenario_spread_not_probabilistic,mbu26_official_annual.csv,,future_june_year_base_vs_comparison,Base and comparison current-finalist values define a scenario spread; this is not probabilistic uncertainty.,Current planned path,empirical_supported
net_mvr_revenue,Net MVR revenue,Scenario spread,current_basecase_vs_current_comparison_1,2030,FY2030,479.8837182888595,,,,,479.8837182888595,479.8837182888595,479.8837182888595,479.8837182888595,$m nominal ex GST,scenario_spread_not_probabilistic,mbu26_official_annual.csv,,future_june_year_base_vs_comparison,Base and comparison current-finalist values define a scenario spread; this is not probabilistic uncertainty.,Current planned path,empirical_supported
net_mvr_revenue,Net MVR revenue,Scenario spread,current_basecase_vs_current_comparison_1,2031,FY2031,475.3303381823711,,,,,475.3303381823711,475.3303381823711,475.3303381823711,475.3303381823711,$m nominal ex GST,scenario_spread_not_probabilistic,post_model_extrapolation,,future_june_year_base_vs_comparison,Base and comparison current-finalist values define a scenario spread; this is not probabilistic uncertainty.,Current planned path,long_run_scenario_envelope
net_mvr_revenue,Net MVR revenue,Scenario spread,current_basecase_vs_current_comparison_1,2032,FY2032,471.1439933001107,,,,,471.1439933001107,471.1439933001107,471.1439933001107,471.1439933001107,$m nominal ex GST,scenario_spread_not_probabilistic,post_model_extrapolation,,future_june_year_base_vs_comparison,Base and comparison current-finalist values define a scenario spread; this is not probabilistic uncertainty.,Current planned path,long_run_scenario_envelope
net_mvr_revenue,Net MVR revenue,Scenario spread,current_basecase_vs_current_comparison_1,2033,FY2033,467.289031338095,,,,,467.289031338095,467.289031338095,467.289031338095,467.289031338095,$m nominal ex GST,scenario_spread_not_probabilistic,post_model_extrapolation,,future_june_year_base_vs_comparison,Base and comparison current-finalist values define a scenario spread; this is not probabilistic uncertainty.,Current planned path,long_run_scenario_envelope
net_mvr_revenue,Net MVR revenue,Scenario spread,current_basecase_vs_current_comparison_1,2034,FY2034,463.73311806128567,,,,,463.73311806128567,463.73311806128567,463.73311806128567,463.73311806128567,$m nominal ex GST,scenario_spread_not_probabilistic,post_model_extrapolation,,future_june_year_base_vs_comparison,Base and comparison current-finalist values define a scenario spread; this is not probabilistic uncertainty.,Current planned path,long_run_scenario_envelope
net_mvr_revenue,Net MVR revenue,Scenario spread,current_basecase_vs_current_comparison_1,2035,FY2035,460.4470773903571,,,,,460.4470773903571,460.4470773903571,460.4470773903571,460.4470773903571,$m nominal ex GST,scenario_spread_not_probabilistic,post_model_extrapolation,,future_june_year_base_vs_comparison,Base and comparison current-finalist values define a scenario spread; this is not probabilistic uncertainty.,Current planned path,long_run_scenario_envelope
net_mvr_revenue,Net MVR revenue,Scenario spread,current_basecase_vs_current_comparison_1,2036,FY2036,457.4046614102953,,,,,457.4046614102953,457.4046614102953,457.4046614102953,457.4046614102953,$m nominal ex GST,scenario_spread_not_probabilistic,post_model_extrapolation,,future_june_year_base_vs_comparison,Base and comparison current-finalist values define a scenario spread; this is not probabilistic uncertainty.,Current planned path,long_run_scenario_envelope
net_mvr_revenue,Net MVR revenue,Scenario spread,current_basecase_vs_current_comparison_1,2037,FY2037,454.58229627546916,,,,,454.58229627546916,454.58229627546916,454.58229627546916,454.58229627546916,$m nominal ex GST,scenario_spread_not_probabilistic,post_model_extrapolation,,future_june_year_base_vs_comparison,Base and comparison current-finalist values define a scenario spread; this is not probabilistic uncertainty.,Current planned path,long_run_scenario_envelope
net_mvr_revenue,Net MVR revenue,Scenario spread,current_basecase_vs_current_comparison_1,2038,FY2038,451.95882835361306,,,,,451.95882835361306,451.95882835361306,451.95882835361306,451.95882835361306,$m nominal ex GST,scenario_spread_not_probabilistic,post_model_extrapolation,,future_june_year_base_vs_comparison,Base and comparison current-finalist values define a scenario spread; this is not probabilistic uncertainty.,Current planned path,long_run_scenario_envelope
net_mvr_revenue,Net MVR revenue,Scenario spread,current_basecase_vs_current_comparison_1,2039,FY2039,449.51528277587994,,,,,449.51528277587994,449.51528277587994,449.51528277587994,449.51528277587994,$m nominal ex GST,scenario_spread_not_probabilistic,post_model_extrapolation,,future_june_year_base_vs_comparison,Base and comparison current-finalist values define a scenario spread; this is not probabilistic uncertainty.,Current planned path,long_run_scenario_envelope
net_mvr_revenue,Net MVR revenue,Scenario spread,current_basecase_vs_current_comparison_1,2040,FY2040,447.23463984016297,,,,,447.23463984016297,447.23463984016297,447.23463984016297,447.23463984016297,$m nominal ex GST,scenario_spread_not_probabilistic,post_model_extrapolation,,future_june_year_base_vs_comparison,Base and comparison current-finalist values define a scenario spread; this is not probabilistic uncertainty.,Current planned path,long_run_scenario_envelope
net_mvr_revenue,Net MVR revenue,Scenario spread,current_basecase_vs_current_comparison_1,2041,FY2041,445.10163109253966,,,,,445.10163109253966,445.10163109253966,445.10163109253966,445.10163109253966,$m nominal ex GST,scenario_spread_not_probabilistic,post_model_extrapolation,,future_june_year_base_vs_comparison,Base and comparison current-finalist values define a scenario spread; this is not probabilistic uncertainty.,Current planned path,long_run_scenario_envelope
net_mvr_revenue,Net MVR revenue,Scenario spread,current_basecase_vs_current_comparison_1,2042,FY2042,443.1025550242281,,,,,443.1025550242281,443.1025550242281,443.1025550242281,443.1025550242281,$m nominal ex GST,scenario_spread_not_probabilistic,post_model_extrapolation,,future_june_year_base_vs_comparison,Base and comparison current-finalist values define a scenario spread; this is not probabilistic uncertainty.,Current planned path,long_run_scenario_envelope
net_mvr_revenue,Net MVR revenue,Scenario spread,current_basecase_vs_current_comparison_1,2043,FY2043,441.22511139198986,,,,,441.22511139198986,441.22511139198986,441.22511139198986,441.22511139198986,$m nominal ex GST,scenario_spread_not_probabilistic,post_model_extrapolation,,future_june_year_base_vs_comparison,Base and comparison current-finalist values define a scenario spread; this is not probabilistic uncertainty.,Current planned path,long_run_scenario_envelope
net_mvr_revenue,Net MVR revenue,Scenario spread,current_basecase_vs_current_comparison_1,2044,FY2044,439.4582527608978,,,,,439.4582527608978,439.4582527608978,439.4582527608978,439.4582527608978,$m nominal ex GST,scenario_spread_not_probabilistic,post_model_extrapolation,,future_june_year_base_vs_comparison,Base and comparison current-finalist values define a scenario spread; this is not probabilistic uncertainty.,Current planned path,long_run_scenario_envelope
net_mvr_revenue,Net MVR revenue,Scenario spread,current_basecase_vs_current_comparison_1,2045,FY2045,437.7920517365987,,,,,437.7920517365987,437.7920517365987,437.7920517365987,437.7920517365987,$m nominal ex GST,scenario_spread_not_probabilistic,post_model_extrapolation,,future_june_year_base_vs_comparison,Base and comparison current-finalist values define a scenario spread; this is not probabilistic uncertainty.,Current planned path,long_run_scenario_envelope
net_mvr_revenue,Net MVR revenue,Scenario spread,current_basecase_vs_current_comparison_1,2046,FY2046,436.21758236479513,,,,,436.21758236479513,436.21758236479513,436.21758236479513,436.21758236479513,$m nominal ex GST,scenario_spread_not_probabilistic,post_model_extrapolation,,future_june_year_base_vs_comparison,Base and comparison current-finalist values define a scenario spread; this is not probabilistic uncertainty.,Current planned path,long_run_scenario_envelope
net_mvr_revenue,Net MVR revenue,Scenario spread,current_basecase_vs_current_comparison_1,2047,FY2047,434.7268142558745,,,,,434.7268142558745,434.7268142558745,434.7268142558745,434.7268142558745,$m nominal ex GST,scenario_spread_not_probabilistic,post_model_extrapolation,,future_june_year_base_vs_comparison,Base and comparison current-finalist values define a scenario spread; this is not probabilistic uncertainty.,Current planned path,long_run_scenario_envelope
net_mvr_revenue,Net MVR revenue,Scenario spread,current_basecase_vs_current_comparison_1,2048,FY2048,433.3125181025614,,,,,433.3125181025614,433.3125181025614,433.3125181025614,433.3125181025614,$m nominal ex GST,scenario_spread_not_probabilistic,post_model_extrapolation,,future_june_year_base_vs_comparison,Base and comparison current-finalist values define a scenario spread; this is not probabilistic uncertainty.,Current planned path,long_run_scenario_envelope
net_mvr_revenue,Net MVR revenue,Scenario spread,current_basecase_vs_current_comparison_1,2049,FY2049,431.96818137790393,,,,,431.96818137790393,431.96818137790393,431.96818137790393,431.96818137790393,$m nominal ex GST,scenario_spread_not_probabilistic,post_model_extrapolation,,future_june_year_base_vs_comparison,Base and comparison current-finalist values define a scenario spread; this is not probabilistic uncertainty.,Current planned path,long_run_scenario_envelope
net_mvr_revenue,Net MVR revenue,Scenario spread,current_basecase_vs_current_comparison_1,2050,FY2050,430.68793311893774,,,,,430.68793311893774,430.68793311893774,430.68793311893774,430.68793311893774,$m nominal ex GST,scenario_spread_not_probabilistic,post_model_extrapolation,,future_june_year_base_vs_comparison,Base and comparison current-finalist values define a scenario spread; this is not probabilistic uncertainty.,Current planned path,long_run_scenario_envelope
total_fed_ruc_net_revenue,Total RUC+PED revenue,MBU26 archived forecast error,mbu26_official,2026,FY2026,4120.61600894202,-0.0583605554048899,-0.0267512004769979,0.0462322792964893,0.0724848191219311,4010.3845839980854,4311.121479141013,3880.1345700498828,4419.298115021116,$m nominal ex GST,mbu26_archived_forecast_error_bands,data/revenue_model_source_pack/2026_05_19/mot_error_bands.csv; data/current_revenue_outlook/revenue_chart_rows.csv,MBU26 official comparator,june_year_horizon_from_fy2025_actual,Archived MBU26/MOT forecast-error quantiles by matching source series and June-year horizon.,MBU26,empirical_supported
total_fed_ruc_net_revenue,Total RUC+PED revenue,MBU26 archived forecast error,mbu26_official,2027,FY2027,4494.5723108443,-0.0458225053180747,-0.0285800386073323,0.0464792533662917,0.087005204841294,4366.117260676923,4703.476676053151,4288.619747228166,4885.623495423316,$m nominal ex GST,mbu26_archived_forecast_error_bands,data/revenue_model_source_pack/2026_05_19/mot_error_bands.csv; data/current_revenue_outlook/revenue_chart_rows.csv,MBU26 official comparator,june_year_horizon_from_fy2025_actual,Archived MBU26/MOT forecast-error quantiles by matching source series and June-year horizon.,MBU26,empirical_supported
total_fed_ruc_net_revenue,Total RUC+PED revenue,MBU26 archived forecast error,mbu26_official,2028,FY2028,5131.325919888461,-0.0429658190123758,-0.0299960708581425,0.0735571297679638,0.1264029593769646,4977.406303999263,5508.771526459413,4910.85429912102,5779.940701690088,$m nominal ex GST,mbu26_archived_forecast_error_bands,data/revenue_model_source_pack/2026_05_19/mot_error_bands.csv; data/current_revenue_outlook/revenue_chart_rows.csv,MBU26 official comparator,june_year_horizon_from_fy2025_actual,Archived MBU26/MOT forecast-error quantiles by matching source series and June-year horizon.,MBU26,empirical_supported
total_fed_ruc_net_revenue,Total RUC+PED revenue,MBU26 archived forecast error,mbu26_official,2029,FY2029,5557.426791662339,-0.0659639670950288,-0.0487278326949058,0.1043760372147055,0.1423438460142895,5286.62542874403,6137.488977286889,5190.836873644093,6348.492295130411,$m nominal ex GST,mbu26_archived_forecast_error_bands,data/revenue_model_source_pack/2026_05_19/mot_error_bands.csv; data/current_revenue_outlook/revenue_chart_rows.csv,MBU26 official comparator,june_year_horizon_from_fy2025_actual,Archived MBU26/MOT forecast-error quantiles by matching source series and June-year horizon.,MBU26,empirical_supported
total_fed_ruc_net_revenue,Total RUC+PED revenue,MBU26 archived forecast error,mbu26_official,2030,FY2030,5936.92777366741,-0.0689900827864055,-0.0522282791263978,0.1015665913956003,0.1388168839012565,5626.852252751045,6539.921291000679,5527.338635065185,6761.073587154744,$m nominal ex GST,mbu26_archived_forecast_error_bands,data/revenue_model_source_pack/2026_05_19/mot_error_bands.csv; data/current_revenue_outlook/revenue_chart_rows.csv,MBU26 official comparator,june_year_horizon_from_fy2025_actual,Archived MBU26/MOT forecast-error quantiles by matching source series and June-year horizon.,MBU26,empirical_supported
total_fed_ruc_net_revenue,Total RUC+PED revenue,Scenario spread,current_basecase_vs_current_comparison_1,2026,FY2026,4185.634474545244,,,,,4185.634474545244,4188.920711642575,4185.634474545244,4188.920711642575,$m nominal ex GST,scenario_spread_not_probabilistic,current_hybrid_formula,PED__VNEXT_SOLVED_CONVEX_TOP2; dynamic_RESID_GBR_n150_d1_lr0.05_w36; HEAVY_RUC__VNEXT_SOLVED_CONVEX_TOP4,future_june_year_base_vs_comparison,Base and comparison current-finalist values define a scenario spread; this is not probabilistic uncertainty.,Current planned path,empirical_supported
total_fed_ruc_net_revenue,Total RUC+PED revenue,Scenario spread,current_basecase_vs_current_comparison_1,2027,FY2027,4510.238369058836,,,,,4510.238369058836,4534.030943773854,4510.238369058836,4534.030943773854,$m nominal ex GST,scenario_spread_not_probabilistic,current_hybrid_formula,PED__VNEXT_SOLVED_CONVEX_TOP2; dynamic_RESID_GBR_n150_d1_lr0.05_w36; HEAVY_RUC__VNEXT_SOLVED_CONVEX_TOP4,future_june_year_base_vs_comparison,Base and comparison current-finalist values define a scenario spread; this is not probabilistic uncertainty.,Current planned path,empirical_supported
total_fed_ruc_net_revenue,Total RUC+PED revenue,Scenario spread,current_basecase_vs_current_comparison_1,2028,FY2028,5145.121098944435,,,,,5145.121098944435,5195.021916706795,5145.121098944435,5195.021916706795,$m nominal ex GST,scenario_spread_not_probabilistic,current_hybrid_formula,PED__VNEXT_SOLVED_CONVEX_TOP2; dynamic_RESID_GBR_n150_d1_lr0.05_w36; HEAVY_RUC__VNEXT_SOLVED_CONVEX_TOP4,future_june_year_base_vs_comparison,Base and comparison current-finalist values define a scenario spread; this is not probabilistic uncertainty.,Current planned path,empirical_supported
total_fed_ruc_net_revenue,Total RUC+PED revenue,Scenario spread,current_basecase_vs_current_comparison_1,2029,FY2029,5563.770915577806,,,,,5563.770915577806,5642.068817319923,5563.770915577806,5642.068817319923,$m nominal ex GST,scenario_spread_not_probabilistic,current_hybrid_formula,PED__VNEXT_SOLVED_CONVEX_TOP2; dynamic_RESID_GBR_n150_d1_lr0.05_w36; HEAVY_RUC__VNEXT_SOLVED_CONVEX_TOP4,future_june_year_base_vs_comparison,Base and comparison current-finalist values define a scenario spread; this is not probabilistic uncertainty.,Current planned path,empirical_supported
total_fed_ruc_net_revenue,Total RUC+PED revenue,Scenario spread,current_basecase_vs_current_comparison_1,2030,FY2030,5917.743688431345,,,,,5917.743688431345,6028.886086606628,5917.743688431345,6028.886086606628,$m nominal ex GST,scenario_spread_not_probabilistic,current_hybrid_formula,PED__VNEXT_SOLVED_CONVEX_TOP2; dynamic_RESID_GBR_n150_d1_lr0.05_w36; HEAVY_RUC__VNEXT_SOLVED_CONVEX_TOP4,future_june_year_base_vs_comparison,Base and comparison current-finalist values define a scenario spread; this is not probabilistic uncertainty.,Current planned path,empirical_supported
total_fed_ruc_net_revenue,Total RUC+PED revenue,Scenario spread,current_basecase_vs_current_comparison_1,2031,FY2031,6250.479624958427,,,,,6250.479624958427,6389.034859245534,6250.479624958427,6389.034859245534,$m nominal ex GST,scenario_spread_not_probabilistic,post_model_extrapolation,PED__VNEXT_SOLVED_CONVEX_TOP2; dynamic_RESID_GBR_n150_d1_lr0.05_w36; HEAVY_RUC__VNEXT_SOLVED_CONVEX_TOP4,future_june_year_base_vs_comparison,Base and comparison current-finalist values define a scenario spread; this is not probabilistic uncertainty.,Current planned path,long_run_scenario_envelope
total_fed_ruc_net_revenue,Total RUC+PED revenue,Scenario spread,current_basecase_vs_current_comparison_1,2032,FY2032,6583.143542284841,,,,,6583.143542284841,6753.7137546636895,6583.143542284841,6753.7137546636895,$m nominal ex GST,scenario_spread_not_probabilistic,post_model_extrapolation,PED__VNEXT_SOLVED_CONVEX_TOP2; dynamic_RESID_GBR_n150_d1_lr0.05_w36; HEAVY_RUC__VNEXT_SOLVED_CONVEX_TOP4,future_june_year_base_vs_comparison,Base and comparison current-finalist values define a scenario spread; this is not probabilistic uncertainty.,Current planned path,long_run_scenario_envelope
total_fed_ruc_net_revenue,Total RUC+PED revenue,Scenario spread,current_basecase_vs_current_comparison_1,2033,FY2033,6924.305851806728,,,,,6924.305851806728,7129.396637502985,6924.305851806728,7129.396637502985,$m nominal ex GST,scenario_spread_not_probabilistic,post_model_extrapolation,PED__VNEXT_SOLVED_CONVEX_TOP2; dynamic_RESID_GBR_n150_d1_lr0.05_w36; HEAVY_RUC__VNEXT_SOLVED_CONVEX_TOP4,future_june_year_base_vs_comparison,Base and comparison current-finalist values define a scenario spread; this is not probabilistic uncertainty.,Current planned path,long_run_scenario_envelope
total_fed_ruc_net_revenue,Total RUC+PED revenue,Scenario spread,current_basecase_vs_current_comparison_1,2034,FY2034,7288.066035329824,,,,,7288.066035329824,7529.316463417383,7288.066035329824,7529.316463417383,$m nominal ex GST,scenario_spread_not_probabilistic,post_model_extrapolation,PED__VNEXT_SOLVED_CONVEX_TOP2; dynamic_RESID_GBR_n150_d1_lr0.05_w36; HEAVY_RUC__VNEXT_SOLVED_CONVEX_TOP4,future_june_year_base_vs_comparison,Base and comparison current-finalist values define a scenario spread; this is not probabilistic uncertainty.,Current planned path,long_run_scenario_envelope
total_fed_ruc_net_revenue,Total RUC+PED revenue,Scenario spread,current_basecase_vs_current_comparison_1,2035,FY2035,7676.7218413187275,,,,,7676.7218413187275,7956.778227491048,7676.7218413187275,7956.778227491048,$m nominal ex GST,scenario_spread_not_probabilistic,post_model_extrapolation,PED__VNEXT_SOLVED_CONVEX_TOP2; dynamic_RESID_GBR_n150_d1_lr0.05_w36; HEAVY_RUC__VNEXT_SOLVED_CONVEX_TOP4,future_june_year_base_vs_comparison,Base and comparison current-finalist values define a scenario spread; this is not probabilistic uncertainty.,Current planned path,long_run_scenario_envelope
total_fed_ruc_net_revenue,Total RUC+PED revenue,Scenario spread,current_basecase_vs_current_comparison_1,2036,FY2036,8092.711660044199,,,,,8092.711660044199,8413.146765540576,8092.711660044199,8413.146765540576,$m nominal ex GST,scenario_spread_not_probabilistic,post_model_extrapolation,PED__VNEXT_SOLVED_CONVEX_TOP2; dynamic_RESID_GBR_n150_d1_lr0.05_w36; HEAVY_RUC__VNEXT_SOLVED_CONVEX_TOP4,future_june_year_base_vs_comparison,Base and comparison current-finalist values define a scenario spread; this is not probabilistic uncertainty.,Current planned path,long_run_scenario_envelope
total_fed_ruc_net_revenue,Total RUC+PED revenue,Scenario spread,current_basecase_vs_current_comparison_1,2037,FY2037,8540.155429937102,,,,,8540.155429937102,8902.64074795796,8540.155429937102,8902.64074795796,$m nominal ex GST,scenario_spread_not_probabilistic,post_model_extrapolation,PED__VNEXT_SOLVED_CONVEX_TOP2; dynamic_RESID_GBR_n150_d1_lr0.05_w36; HEAVY_RUC__VNEXT_SOLVED_CONVEX_TOP4,future_june_year_base_vs_comparison,Base and comparison current-finalist values define a scenario spread; this is not probabilistic uncertainty.,Current planned path,long_run_scenario_envelope
total_fed_ruc_net_revenue,Total RUC+PED revenue,Scenario spread,current_basecase_vs_current_comparison_1,2038,FY2038,9023.177459450015,,,,,9023.177459450015,9430.711076781008,9023.177459450015,9430.711076781008,$m nominal ex GST,scenario_spread_not_probabilistic,post_model_extrapolation,PED__VNEXT_SOLVED_CONVEX_TOP2; dynamic_RESID_GBR_n150_d1_lr0.05_w36; HEAVY_RUC__VNEXT_SOLVED_CONVEX_TOP4,future_june_year_base_vs_comparison,Base and comparison current-finalist values define a scenario spread; this is not probabilistic uncertainty.,Current planned path,long_run_scenario_envelope
total_fed_ruc_net_revenue,Total RUC+PED revenue,Scenario spread,current_basecase_vs_current_comparison_1,2039,FY2039,9550.541484815363,,,,,9550.541484815363,10005.802917255587,9550.541484815363,10005.802917255587,$m nominal ex GST,scenario_spread_not_probabilistic,post_model_extrapolation,PED__VNEXT_SOLVED_CONVEX_TOP2; dynamic_RESID_GBR_n150_d1_lr0.05_w36; HEAVY_RUC__VNEXT_SOLVED_CONVEX_TOP4,future_june_year_base_vs_comparison,Base and comparison current-finalist values define a scenario spread; this is not probabilistic uncertainty.,Current planned path,long_run_scenario_envelope
total_fed_ruc_net_revenue,Total RUC+PED revenue,Scenario spread,current_basecase_vs_current_comparison_1,2040,FY2040,10123.416609821037,,,,,10123.416609821037,10629.001979061428,10123.416609821037,10629.001979061428,$m nominal ex GST,scenario_spread_not_probabilistic,post_model_extrapolation,PED__VNEXT_SOLVED_CONVEX_TOP2; dynamic_RESID_GBR_n150_d1_lr0.05_w36; HEAVY_RUC__VNEXT_SOLVED_CONVEX_TOP4,future_june_year_base_vs_comparison,Base and comparison current-finalist values define a scenario spread; this is not probabilistic uncertainty.,Current planned path,long_run_scenario_envelope
total_fed_ruc_net_revenue,Total RUC+PED revenue,Scenario spread,current_basecase_vs_current_comparison_1,2041,FY2041,10733.76772117331,,,,,10733.76772117331,11289.518376065342,10733.76772117331,11289.518376065342,$m nominal ex GST,scenario_spread_not_probabilistic,post_model_extrapolation,PED__VNEXT_SOLVED_CONVEX_TOP2; dynamic_RESID_GBR_n150_d1_lr0.05_w36; HEAVY_RUC__VNEXT_SOLVED_CONVEX_TOP4,future_june_year_base_vs_comparison,Base and comparison current-finalist values define a scenario spread; this is not probabilistic uncertainty.,Current planned path,long_run_scenario_envelope
total_fed_ruc_net_revenue,Total RUC+PED revenue,Scenario spread,current_basecase_vs_current_comparison_1,2042,FY2042,11376.650305564732,,,,,11376.650305564732,11973.612836215816,11376.650305564732,11973.612836215816,$m nominal ex GST,scenario_spread_not_probabilistic,post_model_extrapolation,PED__VNEXT_SOLVED_CONVEX_TOP2; dynamic_RESID_GBR_n150_d1_lr0.05_w36; HEAVY_RUC__VNEXT_SOLVED_CONVEX_TOP4,future_june_year_base_vs_comparison,Base and comparison current-finalist values define a scenario spread; this is not probabilistic uncertainty.,Current planned path,long_run_scenario_envelope
total_fed_ruc_net_revenue,Total RUC+PED revenue,Scenario spread,current_basecase_vs_current_comparison_1,2043,FY2043,12034.527430848075,,,,,12034.527430848075,12691.240098327859,12034.527430848075,12691.240098327859,$m nominal ex GST,scenario_spread_not_probabilistic,post_model_extrapolation,PED__VNEXT_SOLVED_CONVEX_TOP2; dynamic_RESID_GBR_n150_d1_lr0.05_w36; HEAVY_RUC__VNEXT_SOLVED_CONVEX_TOP4,future_june_year_base_vs_comparison,Base and comparison current-finalist values define a scenario spread; this is not probabilistic uncertainty.,Current planned path,long_run_scenario_envelope
total_fed_ruc_net_revenue,Total RUC+PED revenue,Scenario spread,current_basecase_vs_current_comparison_1,2044,FY2044,12687.161494307544,,,,,12687.161494307544,13414.025205835042,12687.161494307544,13414.025205835042,$m nominal ex GST,scenario_spread_not_probabilistic,post_model_extrapolation,PED__VNEXT_SOLVED_CONVEX_TOP2; dynamic_RESID_GBR_n150_d1_lr0.05_w36; HEAVY_RUC__VNEXT_SOLVED_CONVEX_TOP4,future_june_year_base_vs_comparison,Base and comparison current-finalist values define a scenario spread; this is not probabilistic uncertainty.,Current planned path,long_run_scenario_envelope
total_fed_ruc_net_revenue,Total RUC+PED revenue,Scenario spread,current_basecase_vs_current_comparison_1,2045,FY2045,13344.219031132925,,,,,13344.219031132925,14126.889461375416,13344.219031132925,14126.889461375416,$m nominal ex GST,scenario_spread_not_probabilistic,post_model_extrapolation,PED__VNEXT_SOLVED_CONVEX_TOP2; dynamic_RESID_GBR_n150_d1_lr0.05_w36; HEAVY_RUC__VNEXT_SOLVED_CONVEX_TOP4,future_june_year_base_vs_comparison,Base and comparison current-finalist values define a scenario spread; this is not probabilistic uncertainty.,Current planned path,long_run_scenario_envelope
total_fed_ruc_net_revenue,Total RUC+PED revenue,Scenario spread,current_basecase_vs_current_comparison_1,2046,FY2046,14022.922020601865,,,,,14022.922020601865,14874.027542568521,14022.922020601865,14874.027542568521,$m nominal ex GST,scenario_spread_not_probabilistic,post_model_extrapolation,PED__VNEXT_SOLVED_CONVEX_TOP2; dynamic_RESID_GBR_n150_d1_lr0.05_w36; HEAVY_RUC__VNEXT_SOLVED_CONVEX_TOP4,future_june_year_base_vs_comparison,Base and comparison current-finalist values define a scenario spread; this is not probabilistic uncertainty.,Current planned path,long_run_scenario_envelope
total_fed_ruc_net_revenue,Total RUC+PED revenue,Scenario spread,current_basecase_vs_current_comparison_1,2047,FY2047,14716.237636378552,,,,,14716.237636378552,15636.47276060361,14716.237636378552,15636.47276060361,$m nominal ex GST,scenario_spread_not_probabilistic,post_model_extrapolation,PED__VNEXT_SOLVED_CONVEX_TOP2; dynamic_RESID_GBR_n150_d1_lr0.05_w36; HEAVY_RUC__VNEXT_SOLVED_CONVEX_TOP4,future_june_year_base_vs_comparison,Base and comparison current-finalist values define a scenario spread; this is not probabilistic uncertainty.,Current planned path,long_run_scenario_envelope
total_fed_ruc_net_revenue,Total RUC+PED revenue,Scenario spread,current_basecase_vs_current_comparison_1,2048,FY2048,15432.460831516033,,,,,15432.460831516033,16420.21651356915,15432.460831516033,16420.21651356915,$m nominal ex GST,scenario_spread_not_probabilistic,post_model_extrapolation,PED__VNEXT_SOLVED_CONVEX_TOP2; dynamic_RESID_GBR_n150_d1_lr0.05_w36; HEAVY_RUC__VNEXT_SOLVED_CONVEX_TOP4,future_june_year_base_vs_comparison,Base and comparison current-finalist values define a scenario spread; this is not probabilistic uncertainty.,Current planned path,long_run_scenario_envelope
total_fed_ruc_net_revenue,Total RUC+PED revenue,Scenario spread,current_basecase_vs_current_comparison_1,2049,FY2049,16138.421987587479,,,,,16138.421987587479,17195.62679015001,16138.421987587479,17195.62679015001,$m nominal ex GST,scenario_spread_not_probabilistic,post_model_extrapolation,PED__VNEXT_SOLVED_CONVEX_TOP2; dynamic_RESID_GBR_n150_d1_lr0.05_w36; HEAVY_RUC__VNEXT_SOLVED_CONVEX_TOP4,future_june_year_base_vs_comparison,Base and comparison current-finalist values define a scenario spread; this is not probabilistic uncertainty.,Current planned path,long_run_scenario_envelope
total_fed_ruc_net_revenue,Total RUC+PED revenue,Scenario spread,current_basecase_vs_current_comparison_1,2050,FY2050,16816.449913229386,,,,,16816.449913229386,17943.79309511146,16816.449913229386,17943.79309511146,$m nominal ex GST,scenario_spread_not_probabilistic,post_model_extrapolation,PED__VNEXT_SOLVED_CONVEX_TOP2; dynamic_RESID_GBR_n150_d1_lr0.05_w36; HEAVY_RUC__VNEXT_SOLVED_CONVEX_TOP4,future_june_year_base_vs_comparison,Base and comparison current-finalist values define a scenario spread; this is not probabilistic uncertainty.,Current planned path,long_run_scenario_envelope
total_nltf_net_revenue,Total NLTF revenue,Scenario spread,current_basecase_vs_current_comparison_1,2026,FY2026,4628.169745560249,,,,,4628.169745560249,4631.45598265758,4628.169745560249,4631.45598265758,$m nominal ex GST,scenario_spread_not_probabilistic,current_hybrid_formula,PED__VNEXT_SOLVED_CONVEX_TOP2; dynamic_RESID_GBR_n150_d1_lr0.05_w36; HEAVY_RUC__VNEXT_SOLVED_CONVEX_TOP4,future_june_year_base_vs_comparison,Base and comparison current-finalist values define a scenario spread; this is not probabilistic uncertainty.,Current planned path,empirical_supported
total_nltf_net_revenue,Total NLTF revenue,Scenario spread,current_basecase_vs_current_comparison_1,2027,FY2027,5023.94602090211,,,,,5023.94602090211,5047.738595617128,5023.94602090211,5047.738595617128,$m nominal ex GST,scenario_spread_not_probabilistic,current_hybrid_formula,PED__VNEXT_SOLVED_CONVEX_TOP2; dynamic_RESID_GBR_n150_d1_lr0.05_w36; HEAVY_RUC__VNEXT_SOLVED_CONVEX_TOP4,future_june_year_base_vs_comparison,Base and comparison current-finalist values define a scenario spread; this is not probabilistic uncertainty.,Current planned path,empirical_supported
total_nltf_net_revenue,Total NLTF revenue,Scenario spread,current_basecase_vs_current_comparison_1,2028,FY2028,5652.929508913845,,,,,5652.929508913845,5702.830326676206,5652.929508913845,5702.830326676206,$m nominal ex GST,scenario_spread_not_probabilistic,current_hybrid_formula,PED__VNEXT_SOLVED_CONVEX_TOP2; dynamic_RESID_GBR_n150_d1_lr0.05_w36; HEAVY_RUC__VNEXT_SOLVED_CONVEX_TOP4,future_june_year_base_vs_comparison,Base and comparison current-finalist values define a scenario spread; this is not probabilistic uncertainty.,Current planned path,empirical_supported
total_nltf_net_revenue,Total NLTF revenue,Scenario spread,current_basecase_vs_current_comparison_1,2029,FY2029,6066.171925264326,,,,,6066.171925264326,6144.469827006445,6066.171925264326,6144.469827006445,$m nominal ex GST,scenario_spread_not_probabilistic,current_hybrid_formula,PED__VNEXT_SOLVED_CONVEX_TOP2; dynamic_RESID_GBR_n150_d1_lr0.05_w36; HEAVY_RUC__VNEXT_SOLVED_CONVEX_TOP4,future_june_year_base_vs_comparison,Base and comparison current-finalist values define a scenario spread; this is not probabilistic uncertainty.,Current planned path,empirical_supported
total_nltf_net_revenue,Total NLTF revenue,Scenario spread,current_basecase_vs_current_comparison_1,2030,FY2030,6415.185306413028,,,,,6415.185306413028,6526.327704588313,6415.185306413028,6526.327704588313,$m nominal ex GST,scenario_spread_not_probabilistic,current_hybrid_formula,PED__VNEXT_SOLVED_CONVEX_TOP2; dynamic_RESID_GBR_n150_d1_lr0.05_w36; HEAVY_RUC__VNEXT_SOLVED_CONVEX_TOP4,future_june_year_base_vs_comparison,Base and comparison current-finalist values define a scenario spread; this is not probabilistic uncertainty.,Current planned path,empirical_supported
total_nltf_net_revenue,Total NLTF revenue,Scenario spread,current_basecase_vs_current_comparison_1,2031,FY2031,6743.367862833624,,,,,6743.367862833624,6881.92309712073,6743.367862833624,6881.92309712073,$m nominal ex GST,scenario_spread_not_probabilistic,post_model_extrapolation,PED__VNEXT_SOLVED_CONVEX_TOP2; dynamic_RESID_GBR_n150_d1_lr0.05_w36; HEAVY_RUC__VNEXT_SOLVED_CONVEX_TOP4,future_june_year_base_vs_comparison,Base and comparison current-finalist values define a scenario spread; this is not probabilistic uncertainty.,Current planned path,long_run_scenario_envelope
total_nltf_net_revenue,Total NLTF revenue,Scenario spread,current_basecase_vs_current_comparison_1,2032,FY2032,7071.845435277777,,,,,7071.845435277777,7242.415647656626,7071.845435277777,7242.415647656626,$m nominal ex GST,scenario_spread_not_probabilistic,post_model_extrapolation,PED__VNEXT_SOLVED_CONVEX_TOP2; dynamic_RESID_GBR_n150_d1_lr0.05_w36; HEAVY_RUC__VNEXT_SOLVED_CONVEX_TOP4,future_june_year_base_vs_comparison,Base and comparison current-finalist values define a scenario spread; this is not probabilistic uncertainty.,Current planned path,long_run_scenario_envelope
total_nltf_net_revenue,Total NLTF revenue,Scenario spread,current_basecase_vs_current_comparison_1,2033,FY2033,7409.152782837649,,,,,7409.152782837649,7614.243568533906,7409.152782837649,7614.243568533906,$m nominal ex GST,scenario_spread_not_probabilistic,post_model_extrapolation,PED__VNEXT_SOLVED_CONVEX_TOP2; dynamic_RESID_GBR_n150_d1_lr0.05_w36; HEAVY_RUC__VNEXT_SOLVED_CONVEX_TOP4,future_june_year_base_vs_comparison,Base and comparison current-finalist values define a scenario spread; this is not probabilistic uncertainty.,Current planned path,long_run_scenario_envelope
total_nltf_net_revenue,Total NLTF revenue,Scenario spread,current_basecase_vs_current_comparison_1,2034,FY2034,7769.357053083935,,,,,7769.357053083935,8010.607481171492,7769.357053083935,8010.607481171492,$m nominal ex GST,scenario_spread_not_probabilistic,post_model_extrapolation,PED__VNEXT_SOLVED_CONVEX_TOP2; dynamic_RESID_GBR_n150_d1_lr0.05_w36; HEAVY_RUC__VNEXT_SOLVED_CONVEX_TOP4,future_june_year_base_vs_comparison,Base and comparison current-finalist values define a scenario spread; this is not probabilistic uncertainty.,Current planned path,long_run_scenario_envelope
total_nltf_net_revenue,Total NLTF revenue,Scenario spread,current_basecase_vs_current_comparison_1,2035,FY2035,8154.726818401909,,,,,8154.726818401909,8434.783204574229,8154.726818401909,8434.783204574229,$m nominal ex GST,scenario_spread_not_probabilistic,post_model_extrapolation,PED__VNEXT_SOLVED_CONVEX_TOP2; dynamic_RESID_GBR_n150_d1_lr0.05_w36; HEAVY_RUC__VNEXT_SOLVED_CONVEX_TOP4,future_june_year_base_vs_comparison,Base and comparison current-finalist values define a scenario spread; this is not probabilistic uncertainty.,Current planned path,long_run_scenario_envelope
total_nltf_net_revenue,Total NLTF revenue,Scenario spread,current_basecase_vs_current_comparison_1,2036,FY2036,8567.67422114732,,,,,8567.67422114732,8888.109326643696,8567.67422114732,8888.109326643696,$m nominal ex GST,scenario_spread_not_probabilistic,post_model_extrapolation,PED__VNEXT_SOLVED_CONVEX_TOP2; dynamic_RESID_GBR_n150_d1_lr0.05_w36; HEAVY_RUC__VNEXT_SOLVED_CONVEX_TOP4,future_june_year_base_vs_comparison,Base and comparison current-finalist values define a scenario spread; this is not probabilistic uncertainty.,Current planned path,long_run_scenario_envelope
total_nltf_net_revenue,Total NLTF revenue,Scenario spread,current_basecase_vs_current_comparison_1,2037,FY2037,9012.295625905397,,,,,9012.295625905397,9374.780943926255,9012.295625905397,9374.780943926255,$m nominal ex GST,scenario_spread_not_probabilistic,post_model_extrapolation,PED__VNEXT_SOLVED_CONVEX_TOP2; dynamic_RESID_GBR_n150_d1_lr0.05_w36; HEAVY_RUC__VNEXT_SOLVED_CONVEX_TOP4,future_june_year_base_vs_comparison,Base and comparison current-finalist values define a scenario spread; this is not probabilistic uncertainty.,Current planned path,long_run_scenario_envelope
total_nltf_net_revenue,Total NLTF revenue,Scenario spread,current_basecase_vs_current_comparison_1,2038,FY2038,9492.694187496454,,,,,9492.694187496454,9900.227804827446,9492.694187496454,9900.227804827446,$m nominal ex GST,scenario_spread_not_probabilistic,post_model_extrapolation,PED__VNEXT_SOLVED_CONVEX_TOP2; dynamic_RESID_GBR_n150_d1_lr0.05_w36; HEAVY_RUC__VNEXT_SOLVED_CONVEX_TOP4,future_june_year_base_vs_comparison,Base and comparison current-finalist values define a scenario spread; this is not probabilistic uncertainty.,Current planned path,long_run_scenario_envelope
total_nltf_net_revenue,Total NLTF revenue,Scenario spread,current_basecase_vs_current_comparison_1,2039,FY2039,10017.614667284068,,,,,10017.614667284068,10472.876099724292,10017.614667284068,10472.876099724292,$m nominal ex GST,scenario_spread_not_probabilistic,post_model_extrapolation,PED__VNEXT_SOLVED_CONVEX_TOP2; dynamic_RESID_GBR_n150_d1_lr0.05_w36; HEAVY_RUC__VNEXT_SOLVED_CONVEX_TOP4,future_june_year_base_vs_comparison,Base and comparison current-finalist values define a scenario spread; this is not probabilistic uncertainty.,Current planned path,long_run_scenario_envelope
total_nltf_net_revenue,Total NLTF revenue,Scenario spread,current_basecase_vs_current_comparison_1,2040,FY2040,10588.209149354025,,,,,10588.209149354025,11093.794518594415,10588.209149354025,11093.794518594415,$m nominal ex GST,scenario_spread_not_probabilistic,post_model_extrapolation,PED__VNEXT_SOLVED_CONVEX_TOP2; dynamic_RESID_GBR_n150_d1_lr0.05_w36; HEAVY_RUC__VNEXT_SOLVED_CONVEX_TOP4,future_june_year_base_vs_comparison,Base and comparison current-finalist values define a scenario spread; this is not probabilistic uncertainty.,Current planned path,long_run_scenario_envelope
total_nltf_net_revenue,Total NLTF revenue,Scenario spread,current_basecase_vs_current_comparison_1,2041,FY2041,11196.427251958676,,,,,11196.427251958676,11752.177906850708,11196.427251958676,11752.177906850708,$m nominal ex GST,scenario_spread_not_probabilistic,post_model_extrapolation,PED__VNEXT_SOLVED_CONVEX_TOP2; dynamic_RESID_GBR_n150_d1_lr0.05_w36; HEAVY_RUC__VNEXT_SOLVED_CONVEX_TOP4,future_june_year_base_vs_comparison,Base and comparison current-finalist values define a scenario spread; this is not probabilistic uncertainty.,Current planned path,long_run_scenario_envelope
total_nltf_net_revenue,Total NLTF revenue,Scenario spread,current_basecase_vs_current_comparison_1,2042,FY2042,11837.310760281784,,,,,11837.310760281784,12434.27329093287,11837.310760281784,12434.27329093287,$m nominal ex GST,scenario_spread_not_probabilistic,post_model_extrapolation,PED__VNEXT_SOLVED_CONVEX_TOP2; dynamic_RESID_GBR_n150_d1_lr0.05_w36; HEAVY_RUC__VNEXT_SOLVED_CONVEX_TOP4,future_june_year_base_vs_comparison,Base and comparison current-finalist values define a scenario spread; this is not probabilistic uncertainty.,Current planned path,long_run_scenario_envelope
total_nltf_net_revenue,Total NLTF revenue,Scenario spread,current_basecase_vs_current_comparison_1,2043,FY2043,12493.31044193289,,,,,12493.31044193289,13150.023109412674,12493.31044193289,13150.023109412674,$m nominal ex GST,scenario_spread_not_probabilistic,post_model_extrapolation,PED__VNEXT_SOLVED_CONVEX_TOP2; dynamic_RESID_GBR_n150_d1_lr0.05_w36; HEAVY_RUC__VNEXT_SOLVED_CONVEX_TOP4,future_june_year_base_vs_comparison,Base and comparison current-finalist values define a scenario spread; this is not probabilistic uncertainty.,Current planned path,long_run_scenario_envelope
total_nltf_net_revenue,Total NLTF revenue,Scenario spread,current_basecase_vs_current_comparison_1,2044,FY2044,13144.177646761265,,,,,13144.177646761265,13871.041358288763,13144.177646761265,13871.041358288763,$m nominal ex GST,scenario_spread_not_probabilistic,post_model_extrapolation,PED__VNEXT_SOLVED_CONVEX_TOP2; dynamic_RESID_GBR_n150_d1_lr0.05_w36; HEAVY_RUC__VNEXT_SOLVED_CONVEX_TOP4,future_june_year_base_vs_comparison,Base and comparison current-finalist values define a scenario spread; this is not probabilistic uncertainty.,Current planned path,long_run_scenario_envelope
total_nltf_net_revenue,Total NLTF revenue,Scenario spread,current_basecase_vs_current_comparison_1,2045,FY2045,13799.56898256235,,,,,13799.56898256235,14582.239412804842,13799.56898256235,14582.239412804842,$m nominal ex GST,scenario_spread_not_probabilistic,post_model_extrapolation,PED__VNEXT_SOLVED_CONVEX_TOP2; dynamic_RESID_GBR_n150_d1_lr0.05_w36; HEAVY_RUC__VNEXT_SOLVED_CONVEX_TOP4,future_june_year_base_vs_comparison,Base and comparison current-finalist values define a scenario spread; this is not probabilistic uncertainty.,Current planned path,long_run_scenario_envelope
total_nltf_net_revenue,Total NLTF revenue,Scenario spread,current_basecase_vs_current_comparison_1,2046,FY2046,14476.697502659485,,,,,14476.697502659485,15327.80302462614,14476.697502659485,15327.80302462614,$m nominal ex GST,scenario_spread_not_probabilistic,post_model_extrapolation,PED__VNEXT_SOLVED_CONVEX_TOP2; dynamic_RESID_GBR_n150_d1_lr0.05_w36; HEAVY_RUC__VNEXT_SOLVED_CONVEX_TOP4,future_june_year_base_vs_comparison,Base and comparison current-finalist values define a scenario spread; this is not probabilistic uncertainty.,Current planned path,long_run_scenario_envelope
total_nltf_net_revenue,Total NLTF revenue,Scenario spread,current_basecase_vs_current_comparison_1,2047,FY2047,15168.522350327254,,,,,15168.522350327254,16088.757474552312,15168.522350327254,16088.757474552312,$m nominal ex GST,scenario_spread_not_probabilistic,post_model_extrapolation,PED__VNEXT_SOLVED_CONVEX_TOP2; dynamic_RESID_GBR_n150_d1_lr0.05_w36; HEAVY_RUC__VNEXT_SOLVED_CONVEX_TOP4,future_june_year_base_vs_comparison,Base and comparison current-finalist values define a scenario spread; this is not probabilistic uncertainty.,Current planned path,long_run_scenario_envelope
total_nltf_net_revenue,Total NLTF revenue,Scenario spread,current_basecase_vs_current_comparison_1,2048,FY2048,15883.331249311417,,,,,15883.331249311417,16871.086931364534,15883.331249311417,16871.086931364534,$m nominal ex GST,scenario_spread_not_probabilistic,post_model_extrapolation,PED__VNEXT_SOLVED_CONVEX_TOP2; dynamic_RESID_GBR_n150_d1_lr0.05_w36; HEAVY_RUC__VNEXT_SOLVED_CONVEX_TOP4,future_june_year_base_vs_comparison,Base and comparison current-finalist values define a scenario spread; this is not probabilistic uncertainty.,Current planned path,long_run_scenario_envelope
total_nltf_net_revenue,Total NLTF revenue,Scenario spread,current_basecase_vs_current_comparison_1,2049,FY2049,16587.948068658206,,,,,16587.948068658206,17645.152871220736,16587.948068658206,17645.152871220736,$m nominal ex GST,scenario_spread_not_probabilistic,post_model_extrapolation,PED__VNEXT_SOLVED_CONVEX_TOP2; dynamic_RESID_GBR_n150_d1_lr0.05_w36; HEAVY_RUC__VNEXT_SOLVED_CONVEX_TOP4,future_june_year_base_vs_comparison,Base and comparison current-finalist values define a scenario spread; this is not probabilistic uncertainty.,Current planned path,long_run_scenario_envelope
total_nltf_net_revenue,Total NLTF revenue,Scenario spread,current_basecase_vs_current_comparison_1,2050,FY2050,17264.695746041147,,,,,17264.695746041147,18392.038927923226,17264.695746041147,18392.038927923226,$m nominal ex GST,scenario_spread_not_probabilistic,post_model_extrapolation,PED__VNEXT_SOLVED_CONVEX_TOP2; dynamic_RESID_GBR_n150_d1_lr0.05_w36; HEAVY_RUC__VNEXT_SOLVED_CONVEX_TOP4,future_june_year_base_vs_comparison,Base and comparison current-finalist values define a scenario spread; this is not probabilistic uncertainty.,Current planned path,long_run_scenario_envelope
