{
  "cold_load_sec": 1.552736299985554,
  "warm_load_samples_sec": [
    0.9690470999921672,
    0.9968165000027511
  ],
  "warm_load_sec": 0.9690470999921672,
  "tab_switch_sec": {
    "Diagnostics": 0.3219161999877542,
    "Scenario Comparison": 0.27272890001768246,
    "Schiff Benchmark": 0.22548260001349263,
    "Overview": 0.18872239999473095
  },
  "max_tab_switch_sec": 0.3219161999877542,
  "page_render_sec": {
    "Overview": 0.18872239999473095,
    "Diagnostics": 0.3219161999877542,
    "Scenario Comparison": 0.27272890001768246,
    "Schiff Benchmark": 0.22548260001349263
  },
  "primary_filter_select_sec": 0.15824200000497513,
  "primary_filter_reset_sec": 0.13949120001052506,
  "candidate_hover_sec": 0.09327399998437613
}